"project","file_id","sample_barcode","patient_id","sample_type","gene_name","ensembl_id","unstranded","TPM","FPKM","FPKM_UQ","extraction_status"
"TCGA-BRCA","ead53b27-6ad9-4b96-b5d4-0d4f06fb2d13","TCGA-A8-A09E-01A-11R-A00Z-07","TCGA-A8-A09E","Primary Tumor","JAK3","ENSG00000105639",189,1.906,0.5524,0.5317,"OK"
"TCGA-BRCA","ead53b27-6ad9-4b96-b5d4-0d4f06fb2d13","TCGA-A8-A09E-01A-11R-A00Z-07","TCGA-A8-A09E","Primary Tumor","EPHB2","ENSG00000133216",313,1.7183,0.498,0.4793,"OK"
"TCGA-BRCA","0e1999e0-9c02-4804-88b6-60b46d100739","TCGA-A7-A0DC-01A-11R-A00Z-07","TCGA-A7-A0DC","Primary Tumor","JAK3","ENSG00000105639",189,0.6321,0.5579,0.5919,"OK"
"TCGA-BRCA","0e1999e0-9c02-4804-88b6-60b46d100739","TCGA-A7-A0DC-01A-11R-A00Z-07","TCGA-A7-A0DC","Primary Tumor","EPHB2","ENSG00000133216",734,1.3362,1.1793,1.2513,"OK"
"TCGA-BRCA","9e056a2a-a643-478a-b96c-85d5221f487a","TCGA-A7-A0DC-11A-41R-A089-07","TCGA-A7-A0DC","Solid Tissue Normal","JAK3","ENSG00000105639",322,3.4048,0.9996,1.0441,"OK"
"TCGA-BRCA","9e056a2a-a643-478a-b96c-85d5221f487a","TCGA-A7-A0DC-11A-41R-A089-07","TCGA-A7-A0DC","Solid Tissue Normal","EPHB2","ENSG00000133216",476,2.7398,0.8044,0.8402,"OK"
"TCGA-BRCA","3e8cff80-ed17-479c-8327-ca8e71ee7482","TCGA-A7-A0DC-01B-04R-A22O-07","TCGA-A7-A0DC","Primary Tumor","JAK3","ENSG00000105639",290,5.607,2.3841,2.223,"OK"
"TCGA-BRCA","3e8cff80-ed17-479c-8327-ca8e71ee7482","TCGA-A7-A0DC-01B-04R-A22O-07","TCGA-A7-A0DC","Primary Tumor","EPHB2","ENSG00000133216",391,4.1151,1.7498,1.6315,"OK"
"TCGA-BRCA","385ddd6f-c126-4c4f-acde-1ef2d74d3639","TCGA-A8-A08F-01A-11R-A00Z-07","TCGA-A8-A08F","Primary Tumor","JAK3","ENSG00000105639",726,8.2945,2.2826,2.1824,"OK"
"TCGA-BRCA","385ddd6f-c126-4c4f-acde-1ef2d74d3639","TCGA-A8-A08F-01A-11R-A00Z-07","TCGA-A8-A08F","Primary Tumor","EPHB2","ENSG00000133216",1011,6.2875,1.7302,1.6543,"OK"
"TCGA-BRCA","91060c43-f1e3-49ea-a3c9-96def417716b","TCGA-A8-A091-01A-11R-A00Z-07","TCGA-A8-A091","Primary Tumor","JAK3","ENSG00000105639",770,4.9498,1.2948,1.3087,"OK"
"TCGA-BRCA","91060c43-f1e3-49ea-a3c9-96def417716b","TCGA-A8-A091-01A-11R-A00Z-07","TCGA-A8-A091","Primary Tumor","EPHB2","ENSG00000133216",754,2.6384,0.6902,0.6976,"OK"
"TCGA-BRCA","84cff855-d17a-4c09-b432-53893ae69c1e","TCGA-GI-A2C8-11A-22R-A16F-07","TCGA-GI-A2C8","Solid Tissue Normal","JAK3","ENSG00000105639",31,0.1582,0.0582,0.115,"OK"
"TCGA-BRCA","84cff855-d17a-4c09-b432-53893ae69c1e","TCGA-GI-A2C8-11A-22R-A16F-07","TCGA-GI-A2C8","Solid Tissue Normal","EPHB2","ENSG00000133216",151,0.4195,0.1543,0.3048,"OK"
"TCGA-BRCA","d796de5e-4512-4b3a-93d4-2a006e79084f","TCGA-E2-A1L7-11A-33R-A144-07","TCGA-E2-A1L7","Solid Tissue Normal","JAK3","ENSG00000105639",1230,13.7804,3.7626,3.5201,"OK"
"TCGA-BRCA","d796de5e-4512-4b3a-93d4-2a006e79084f","TCGA-E2-A1L7-11A-33R-A144-07","TCGA-E2-A1L7","Solid Tissue Normal","EPHB2","ENSG00000133216",477,2.909,0.7943,0.7431,"OK"
"TCGA-BRCA","e12f17ae-dc1f-4e91-93bd-b827ad276dde","TCGA-AO-A0JI-01A-21R-A056-07","TCGA-AO-A0JI","Primary Tumor","JAK3","ENSG00000105639",261,2.7694,0.7489,0.7339,"OK"
"TCGA-BRCA","e12f17ae-dc1f-4e91-93bd-b827ad276dde","TCGA-AO-A0JI-01A-21R-A056-07","TCGA-AO-A0JI","Primary Tumor","EPHB2","ENSG00000133216",1117,6.4517,1.7447,1.7098,"OK"
"TCGA-BRCA","7ba3b335-cd4c-4b44-a4da-44fa1109a6f0","TCGA-A2-A0D4-01A-11R-A00Z-07","TCGA-A2-A0D4","Primary Tumor","JAK3","ENSG00000105639",270,1.6452,0.5087,0.5091,"OK"
"TCGA-BRCA","7ba3b335-cd4c-4b44-a4da-44fa1109a6f0","TCGA-A2-A0D4-01A-11R-A00Z-07","TCGA-A2-A0D4","Primary Tumor","EPHB2","ENSG00000133216",434,1.4395,0.4451,0.4454,"OK"
"TCGA-BRCA","db5aadbb-3042-4c20-8235-ccd19634d9d3","TCGA-AC-A62V-01A-11R-A31O-07","TCGA-AC-A62V","Primary Tumor","JAK3","ENSG00000105639",220,1.9841,0.6274,0.7103,"OK"
"TCGA-BRCA","db5aadbb-3042-4c20-8235-ccd19634d9d3","TCGA-AC-A62V-01A-11R-A31O-07","TCGA-AC-A62V","Primary Tumor","EPHB2","ENSG00000133216",2444,11.9982,3.7941,4.2954,"OK"
"TCGA-BRCA","176e739b-87e2-49b7-80e1-c27a6a632576","TCGA-D8-A1XB-01A-11R-A14D-07","TCGA-D8-A1XB","Primary Tumor","JAK3","ENSG00000105639",258,3.6182,0.8644,0.8362,"OK"
"TCGA-BRCA","176e739b-87e2-49b7-80e1-c27a6a632576","TCGA-D8-A1XB-01A-11R-A14D-07","TCGA-D8-A1XB","Primary Tumor","EPHB2","ENSG00000133216",410,3.1299,0.7477,0.7233,"OK"
"TCGA-BRCA","2c74854f-4afe-48c3-9c81-d64634c14677","TCGA-OL-A6VQ-01A-12R-A41B-07","TCGA-OL-A6VQ","Primary Tumor","JAK3","ENSG00000105639",230,6.8695,1.7842,1.7157,"OK"
"TCGA-BRCA","2c74854f-4afe-48c3-9c81-d64634c14677","TCGA-OL-A6VQ-01A-12R-A41B-07","TCGA-OL-A6VQ","Primary Tumor","EPHB2","ENSG00000133216",204,3.3166,0.8615,0.8284,"OK"
"TCGA-BRCA","cd47d9e9-8072-4681-93ac-6c1420f6624c","TCGA-B6-A0WV-01A-11R-A109-07","TCGA-B6-A0WV","Primary Tumor","JAK3","ENSG00000105639",78,1.1343,0.281,0.2495,"OK"
"TCGA-BRCA","cd47d9e9-8072-4681-93ac-6c1420f6624c","TCGA-B6-A0WV-01A-11R-A109-07","TCGA-B6-A0WV","Primary Tumor","EPHB2","ENSG00000133216",395,3.1268,0.7745,0.6877,"OK"
"TCGA-BRCA","2291d3f5-8269-4f31-adad-4b873c7ac770","TCGA-LL-A442-01A-11R-A24H-07","TCGA-LL-A442","Primary Tumor","JAK3","ENSG00000105639",146,1.1263,0.2864,0.2823,"OK"
"TCGA-BRCA","2291d3f5-8269-4f31-adad-4b873c7ac770","TCGA-LL-A442-01A-11R-A24H-07","TCGA-LL-A442","Primary Tumor","EPHB2","ENSG00000133216",582,2.444,0.6215,0.6126,"OK"
"TCGA-BRCA","51aab02d-11b1-4ef3-a8f3-8146b6c24aad","TCGA-E9-A22G-01A-11R-A157-07","TCGA-E9-A22G","Primary Tumor","JAK3","ENSG00000105639",450,3.0152,0.9732,0.9897,"OK"
"TCGA-BRCA","51aab02d-11b1-4ef3-a8f3-8146b6c24aad","TCGA-E9-A22G-01A-11R-A157-07","TCGA-E9-A22G","Primary Tumor","EPHB2","ENSG00000133216",1103,4.023,1.2985,1.3206,"OK"
"TCGA-BRCA","25294e7a-1f15-411c-a2fd-93097e387db2","TCGA-PE-A5DC-01A-12R-A27Q-07","TCGA-PE-A5DC","Primary Tumor","JAK3","ENSG00000105639",1041,9.6206,3.2065,3.2548,"OK"
"TCGA-BRCA","25294e7a-1f15-411c-a2fd-93097e387db2","TCGA-PE-A5DC-01A-12R-A27Q-07","TCGA-PE-A5DC","Primary Tumor","EPHB2","ENSG00000133216",496,2.4952,0.8316,0.8442,"OK"
"TCGA-BRCA","28aa7b6c-d5ec-4aa1-9c39-70d571efe6fb","TCGA-A2-A0EP-01A-52R-A22U-07","TCGA-A2-A0EP","Primary Tumor","JAK3","ENSG00000105639",6390,46.7144,14.6028,15.5105,"OK"
"TCGA-BRCA","28aa7b6c-d5ec-4aa1-9c39-70d571efe6fb","TCGA-A2-A0EP-01A-52R-A22U-07","TCGA-A2-A0EP","Primary Tumor","EPHB2","ENSG00000133216",1848,7.354,2.2989,2.4417,"OK"
"TCGA-BRCA","d2007230-83cb-4f12-bec5-e42afc4a58cd","TCGA-AN-A0AK-01A-21R-A00Z-07","TCGA-AN-A0AK","Primary Tumor","JAK3","ENSG00000105639",252,3.0387,0.8348,0.7742,"OK"
"TCGA-BRCA","d2007230-83cb-4f12-bec5-e42afc4a58cd","TCGA-AN-A0AK-01A-21R-A00Z-07","TCGA-AN-A0AK","Primary Tumor","EPHB2","ENSG00000133216",248,1.6278,0.4472,0.4147,"OK"
"TCGA-BRCA","7afb1455-c2b6-4ae2-95ec-682ae7df34a2","TCGA-BH-A28Q-01A-11R-A16F-07","TCGA-BH-A28Q","Primary Tumor","JAK3","ENSG00000105639",642,4.9635,1.2083,1.1346,"OK"
"TCGA-BRCA","7afb1455-c2b6-4ae2-95ec-682ae7df34a2","TCGA-BH-A28Q-01A-11R-A16F-07","TCGA-BH-A28Q","Primary Tumor","EPHB2","ENSG00000133216",416,1.7507,0.4262,0.4002,"OK"
"TCGA-BRCA","69f5df3f-273f-4e02-934b-af9c9ec52067","TCGA-A2-A259-01A-11R-A16F-07","TCGA-A2-A259","Primary Tumor","JAK3","ENSG00000105639",1889,16.5006,4.326,4.1009,"OK"
"TCGA-BRCA","69f5df3f-273f-4e02-934b-af9c9ec52067","TCGA-A2-A259-01A-11R-A16F-07","TCGA-A2-A259","Primary Tumor","EPHB2","ENSG00000133216",592,2.8149,0.738,0.6996,"OK"
"TCGA-BRCA","05aa6d12-6d48-4ecb-8211-036e647ef72e","TCGA-AC-A2FF-01A-11R-A17B-07","TCGA-AC-A2FF","Primary Tumor","JAK3","ENSG00000105639",1158,8.8798,2.6381,2.6536,"OK"
"TCGA-BRCA","05aa6d12-6d48-4ecb-8211-036e647ef72e","TCGA-AC-A2FF-01A-11R-A17B-07","TCGA-AC-A2FF","Primary Tumor","EPHB2","ENSG00000133216",834,3.4812,1.0342,1.0403,"OK"
"TCGA-BRCA","6c3f2469-50ea-48a7-bb17-043e74e54535","TCGA-AC-A2FG-01A-11R-A17B-07","TCGA-AC-A2FG","Primary Tumor","JAK3","ENSG00000105639",502,3.5931,0.9943,0.9277,"OK"
"TCGA-BRCA","6c3f2469-50ea-48a7-bb17-043e74e54535","TCGA-AC-A2FG-01A-11R-A17B-07","TCGA-AC-A2FG","Primary Tumor","EPHB2","ENSG00000133216",392,1.5273,0.4226,0.3943,"OK"
"TCGA-BRCA","88a16056-cc45-4fee-99e0-f7fc7e1971df","TCGA-BH-A0B0-01A-21R-A115-07","TCGA-BH-A0B0","Primary Tumor","JAK3","ENSG00000105639",718,6.9514,1.9766,2.1617,"OK"
"TCGA-BRCA","88a16056-cc45-4fee-99e0-f7fc7e1971df","TCGA-BH-A0B0-01A-21R-A115-07","TCGA-BH-A0B0","Primary Tumor","EPHB2","ENSG00000133216",536,2.8248,0.8032,0.8784,"OK"
"TCGA-BRCA","16ffdede-3d07-431a-a4ed-318c7a66c096","TCGA-AO-A0JD-01A-11R-A056-07","TCGA-AO-A0JD","Primary Tumor","JAK3","ENSG00000105639",358,3.5844,0.9908,1.0053,"OK"
"TCGA-BRCA","16ffdede-3d07-431a-a4ed-318c7a66c096","TCGA-AO-A0JD-01A-11R-A056-07","TCGA-AO-A0JD","Primary Tumor","EPHB2","ENSG00000133216",302,1.6459,0.455,0.4616,"OK"
"TCGA-BRCA","e173c170-b7c6-4aa9-9f34-33cd02702d75","TCGA-AO-A128-01A-11R-A10J-07","TCGA-AO-A128","Primary Tumor","JAK3","ENSG00000105639",7197,55.2068,14.857,14.3048,"OK"
"TCGA-BRCA","e173c170-b7c6-4aa9-9f34-33cd02702d75","TCGA-AO-A128-01A-11R-A10J-07","TCGA-AO-A128","Primary Tumor","EPHB2","ENSG00000133216",4757,19.8631,5.3455,5.1468,"OK"
"TCGA-BRCA","195c9f03-31c3-465a-ac58-3949246b173b","TCGA-BH-A1FE-01A-11R-A13Q-07","TCGA-BH-A1FE","Primary Tumor","JAK3","ENSG00000105639",2512,19.0944,4.9214,4.7875,"OK"
"TCGA-BRCA","195c9f03-31c3-465a-ac58-3949246b173b","TCGA-BH-A1FE-01A-11R-A13Q-07","TCGA-BH-A1FE","Primary Tumor","EPHB2","ENSG00000133216",1023,4.2329,1.091,1.0613,"OK"
"TCGA-BRCA","9a6563cf-557b-4f26-b6a2-6c6f1eb03654","TCGA-BH-A0BM-01A-11R-A056-07","TCGA-BH-A0BM","Primary Tumor","JAK3","ENSG00000105639",240,2.6943,1.0082,1.0896,"OK"
"TCGA-BRCA","9a6563cf-557b-4f26-b6a2-6c6f1eb03654","TCGA-BH-A0BM-01A-11R-A056-07","TCGA-BH-A0BM","Primary Tumor","EPHB2","ENSG00000133216",178,1.0878,0.4071,0.4399,"OK"
"TCGA-BRCA","c5e46ae9-c4c1-4afd-a772-392ede15808d","TCGA-AN-A0FZ-01A-11R-A034-07","TCGA-AN-A0FZ","Primary Tumor","JAK3","ENSG00000105639",810,4.8566,1.4355,1.4545,"OK"
"TCGA-BRCA","c5e46ae9-c4c1-4afd-a772-392ede15808d","TCGA-AN-A0FZ-01A-11R-A034-07","TCGA-AN-A0FZ","Primary Tumor","EPHB2","ENSG00000133216",696,2.2716,0.6714,0.6803,"OK"
"TCGA-BRCA","4f54add3-c33d-4bc9-9e1f-c75f52d15f1e","TCGA-BH-A1FE-11B-14R-A13Q-07","TCGA-BH-A1FE","Solid Tissue Normal","JAK3","ENSG00000105639",706,6.3109,1.7533,1.6819,"OK"
"TCGA-BRCA","4f54add3-c33d-4bc9-9e1f-c75f52d15f1e","TCGA-BH-A1FE-11B-14R-A13Q-07","TCGA-BH-A1FE","Solid Tissue Normal","EPHB2","ENSG00000133216",150,0.7299,0.2028,0.1945,"OK"
"TCGA-BRCA","fc0e74d2-ab94-48b1-8e31-808bde7a3fe6","TCGA-A8-A07F-01A-11R-A00Z-07","TCGA-A8-A07F","Primary Tumor","JAK3","ENSG00000105639",508,4.7755,1.1203,0.9887,"OK"
"TCGA-BRCA","fc0e74d2-ab94-48b1-8e31-808bde7a3fe6","TCGA-A8-A07F-01A-11R-A00Z-07","TCGA-A8-A07F","Primary Tumor","EPHB2","ENSG00000133216",535,2.7377,0.6422,0.5668,"OK"
"TCGA-BRCA","31e1dbf5-8c97-4e4d-a488-d6737ab304c2","TCGA-A2-A0EO-01A-11R-A034-07","TCGA-A2-A0EO","Primary Tumor","JAK3","ENSG00000105639",651,4.9974,1.5563,1.6772,"OK"
"TCGA-BRCA","31e1dbf5-8c97-4e4d-a488-d6737ab304c2","TCGA-A2-A0EO-01A-11R-A034-07","TCGA-A2-A0EO","Primary Tumor","EPHB2","ENSG00000133216",507,2.1186,0.6598,0.711,"OK"
"TCGA-BRCA","222b562a-3ef7-4e69-a60d-54aac5104102","TCGA-A1-A0SP-01A-11R-A084-07","TCGA-A1-A0SP","Primary Tumor","JAK3","ENSG00000105639",548,4.7897,1.4408,1.4702,"OK"
"TCGA-BRCA","222b562a-3ef7-4e69-a60d-54aac5104102","TCGA-A1-A0SP-01A-11R-A084-07","TCGA-A1-A0SP","Primary Tumor","EPHB2","ENSG00000133216",417,1.984,0.5968,0.609,"OK"
"TCGA-BRCA","0d11c50a-8648-48ea-a107-e138a1d3e086","TCGA-BH-A1F8-11B-21R-A13Q-07","TCGA-BH-A1F8","Solid Tissue Normal","JAK3","ENSG00000105639",405,5.7288,1.7004,1.6697,"OK"
"TCGA-BRCA","0d11c50a-8648-48ea-a107-e138a1d3e086","TCGA-BH-A1F8-11B-21R-A13Q-07","TCGA-BH-A1F8","Solid Tissue Normal","EPHB2","ENSG00000133216",221,1.7017,0.5051,0.4959,"OK"
"TCGA-BRCA","0c068d5a-ccad-47a5-bfe0-0dc5f136d6aa","TCGA-A2-A3XT-01A-11R-A22U-07","TCGA-A2-A3XT","Primary Tumor","JAK3","ENSG00000105639",1730,12.1017,3.8881,3.9233,"OK"
"TCGA-BRCA","0c068d5a-ccad-47a5-bfe0-0dc5f136d6aa","TCGA-A2-A3XT-01A-11R-A22U-07","TCGA-A2-A3XT","Primary Tumor","EPHB2","ENSG00000133216",788,3.0005,0.964,0.9728,"OK"
"TCGA-BRCA","d5358d17-4c49-46fa-8a96-4af9ab298ab4","TCGA-BH-A5J0-01A-11R-A27Q-07","TCGA-BH-A5J0","Primary Tumor","JAK3","ENSG00000105639",819,7.6881,2.5964,2.8291,"OK"
"TCGA-BRCA","d5358d17-4c49-46fa-8a96-4af9ab298ab4","TCGA-BH-A5J0-01A-11R-A27Q-07","TCGA-BH-A5J0","Primary Tumor","EPHB2","ENSG00000133216",923,4.7164,1.5928,1.7355,"OK"
"TCGA-BRCA","20e90b8d-aa05-4918-8e54-1b969488148f","TCGA-A8-A08I-01A-11R-A00Z-07","TCGA-A8-A08I","Primary Tumor","JAK3","ENSG00000105639",3319,18.6661,5.2602,5.0675,"OK"
"TCGA-BRCA","20e90b8d-aa05-4918-8e54-1b969488148f","TCGA-A8-A08I-01A-11R-A00Z-07","TCGA-A8-A08I","Primary Tumor","EPHB2","ENSG00000133216",1482,4.537,1.2785,1.2317,"OK"
"TCGA-BRCA","3c70b5af-2238-4fbe-991b-dc68975cc7f1","TCGA-A7-A26F-01A-21R-A169-07","TCGA-A7-A26F","Primary Tumor","JAK3","ENSG00000105639",1589,4.1118,3.8351,4.1789,"OK"
"TCGA-BRCA","3c70b5af-2238-4fbe-991b-dc68975cc7f1","TCGA-A7-A26F-01A-21R-A169-07","TCGA-A7-A26F","Primary Tumor","EPHB2","ENSG00000133216",1980,2.789,2.6013,2.8345,"OK"
"TCGA-BRCA","be65c37e-7aa8-466d-a1fe-102e8e25e2e9","TCGA-AR-A255-01A-11R-A169-07","TCGA-AR-A255","Primary Tumor","JAK3","ENSG00000105639",864,8.3678,2.0065,1.9383,"OK"
"TCGA-BRCA","be65c37e-7aa8-466d-a1fe-102e8e25e2e9","TCGA-AR-A255-01A-11R-A169-07","TCGA-AR-A255","Primary Tumor","EPHB2","ENSG00000133216",1108,5.8413,1.4007,1.3531,"OK"
"TCGA-BRCA","051a1102-a815-4b39-b903-80d8b4a2348f","TCGA-AO-A0J8-01A-21R-A034-07","TCGA-AO-A0J8","Primary Tumor","JAK3","ENSG00000105639",648,4.4912,1.199,1.1891,"OK"
"TCGA-BRCA","051a1102-a815-4b39-b903-80d8b4a2348f","TCGA-AO-A0J8-01A-21R-A034-07","TCGA-AO-A0J8","Primary Tumor","EPHB2","ENSG00000133216",835,3.1503,0.841,0.8341,"OK"
"TCGA-BRCA","5711aa8f-5cd6-41d0-b469-40f049556693","TCGA-C8-A278-01A-11R-A169-07","TCGA-C8-A278","Primary Tumor","JAK3","ENSG00000105639",1451,8.0145,3.3433,3.4424,"OK"
"TCGA-BRCA","5711aa8f-5cd6-41d0-b469-40f049556693","TCGA-C8-A278-01A-11R-A169-07","TCGA-C8-A278","Primary Tumor","EPHB2","ENSG00000133216",725,2.1798,0.9093,0.9363,"OK"
"TCGA-BRCA","be10214b-9a03-4556-b28b-5775028c782b","TCGA-AC-A3W7-01A-11R-A22K-07","TCGA-AC-A3W7","Primary Tumor","JAK3","ENSG00000105639",700,6.0371,1.5817,1.5167,"OK"
"TCGA-BRCA","be10214b-9a03-4556-b28b-5775028c782b","TCGA-AC-A3W7-01A-11R-A22K-07","TCGA-AC-A3W7","Primary Tumor","EPHB2","ENSG00000133216",668,3.136,0.8217,0.7879,"OK"
"TCGA-BRCA","70ea9273-29f3-425a-ba66-5b75db62c9b7","TCGA-B6-A0IE-01A-11R-A034-07","TCGA-B6-A0IE","Primary Tumor","JAK3","ENSG00000105639",267,1.4953,0.6126,0.6858,"OK"
"TCGA-BRCA","70ea9273-29f3-425a-ba66-5b75db62c9b7","TCGA-B6-A0IE-01A-11R-A034-07","TCGA-B6-A0IE","Primary Tumor","EPHB2","ENSG00000133216",151,0.4603,0.1886,0.2111,"OK"
"TCGA-BRCA","06fc39a9-8059-4ac7-9b2b-64f6c7d3b8a1","TCGA-UL-AAZ6-01A-11R-A41B-07","TCGA-UL-AAZ6","Primary Tumor","JAK3","ENSG00000105639",317,2.2706,0.8245,0.9495,"OK"
"TCGA-BRCA","06fc39a9-8059-4ac7-9b2b-64f6c7d3b8a1","TCGA-UL-AAZ6-01A-11R-A41B-07","TCGA-UL-AAZ6","Primary Tumor","EPHB2","ENSG00000133216",706,2.7527,0.9996,1.1511,"OK"
"TCGA-BRCA","4c8d0d1a-dbd3-4124-8458-dfb61f61f11c","TCGA-A2-A0CL-01A-11R-A115-07","TCGA-A2-A0CL","Primary Tumor","JAK3","ENSG00000105639",5052,48.5465,14.6192,13.2635,"OK"
"TCGA-BRCA","4c8d0d1a-dbd3-4124-8458-dfb61f61f11c","TCGA-A2-A0CL-01A-11R-A115-07","TCGA-A2-A0CL","Primary Tumor","EPHB2","ENSG00000133216",2836,14.8345,4.4672,4.053,"OK"
"TCGA-BRCA","b26b27b0-5209-483c-a359-9a5d3ae920e9","TCGA-BH-A6R8-01A-21R-A33J-07","TCGA-BH-A6R8","Primary Tumor","JAK3","ENSG00000105639",375,3.4693,0.9877,0.9558,"OK"
"TCGA-BRCA","b26b27b0-5209-483c-a359-9a5d3ae920e9","TCGA-BH-A6R8-01A-21R-A33J-07","TCGA-BH-A6R8","Primary Tumor","EPHB2","ENSG00000133216",851,4.2856,1.2201,1.1807,"OK"
"TCGA-BRCA","73ac99d6-d01b-45d9-8df2-205610109911","TCGA-AC-A23E-01A-11R-A157-07","TCGA-AC-A23E","Primary Tumor","JAK3","ENSG00000105639",560,4.6046,1.1079,1.2289,"OK"
"TCGA-BRCA","73ac99d6-d01b-45d9-8df2-205610109911","TCGA-AC-A23E-01A-11R-A157-07","TCGA-AC-A23E","Primary Tumor","EPHB2","ENSG00000133216",1135,5.0802,1.2224,1.3558,"OK"
"TCGA-BRCA","2e6baa15-85d7-43b0-8a89-a0dc169ae16a","TCGA-AC-A3HN-01A-11R-A213-07","TCGA-AC-A3HN","Primary Tumor","JAK3","ENSG00000105639",1424,10.6076,2.8298,2.7252,"OK"
"TCGA-BRCA","2e6baa15-85d7-43b0-8a89-a0dc169ae16a","TCGA-AC-A3HN-01A-11R-A213-07","TCGA-AC-A3HN","Primary Tumor","EPHB2","ENSG00000133216",1060,4.2982,1.1466,1.1042,"OK"
"TCGA-BRCA","7b9b6f5f-bd99-421a-a22c-d3fbe110ee73","TCGA-E2-A108-01A-13R-A10J-07","TCGA-E2-A108","Primary Tumor","JAK3","ENSG00000105639",3064,32.2537,9.7011,9.5183,"OK"
"TCGA-BRCA","7b9b6f5f-bd99-421a-a22c-d3fbe110ee73","TCGA-E2-A108-01A-13R-A10J-07","TCGA-E2-A108","Primary Tumor","EPHB2","ENSG00000133216",1241,7.1111,2.1388,2.0985,"OK"
"TCGA-BRCA","7b4d770a-2b8c-4ca5-bf51-c4745c5de39a","TCGA-3C-AALK-01A-11R-A41B-07","TCGA-3C-AALK","Primary Tumor","JAK3","ENSG00000105639",651,6.2209,1.8698,1.9863,"OK"
"TCGA-BRCA","7b4d770a-2b8c-4ca5-bf51-c4745c5de39a","TCGA-3C-AALK-01A-11R-A41B-07","TCGA-3C-AALK","Primary Tumor","EPHB2","ENSG00000133216",507,2.6373,0.7927,0.8421,"OK"
"TCGA-BRCA","934935ae-037b-451d-a696-0679b07bd401","TCGA-BH-A0DP-11A-12R-A089-07","TCGA-BH-A0DP","Solid Tissue Normal","JAK3","ENSG00000105639",532,4.9287,1.3405,1.2805,"OK"
"TCGA-BRCA","934935ae-037b-451d-a696-0679b07bd401","TCGA-BH-A0DP-11A-12R-A089-07","TCGA-BH-A0DP","Solid Tissue Normal","EPHB2","ENSG00000133216",246,1.2406,0.3374,0.3223,"OK"
"TCGA-BRCA","537ec810-35bc-47d8-8242-72ef91cd63e0","TCGA-AO-A0J9-01A-11R-A034-07","TCGA-AO-A0J9","Primary Tumor","JAK3","ENSG00000105639",1197,5.496,2.6037,3.5769,"OK"
"TCGA-BRCA","537ec810-35bc-47d8-8242-72ef91cd63e0","TCGA-AO-A0J9-01A-11R-A034-07","TCGA-AO-A0J9","Primary Tumor","EPHB2","ENSG00000133216",657,1.6421,0.7779,1.0687,"OK"
"TCGA-BRCA","cd417f4e-c065-4e73-a7c7-955b2fe71add","TCGA-A7-A26G-01A-21R-A169-07","TCGA-A7-A26G","Primary Tumor","JAK3","ENSG00000105639",2223,13.8773,3.9061,4.2482,"OK"
"TCGA-BRCA","cd417f4e-c065-4e73-a7c7-955b2fe71add","TCGA-A7-A26G-01A-21R-A169-07","TCGA-A7-A26G","Primary Tumor","EPHB2","ENSG00000133216",13253,45.0352,12.6764,13.7865,"OK"
"TCGA-BRCA","783b4e4f-d65d-4025-a7ce-99a7e86255e9","TCGA-E2-A1IJ-01A-11R-A144-07","TCGA-E2-A1IJ","Primary Tumor","JAK3","ENSG00000105639",806,12.2935,3.5274,3.6924,"OK"
"TCGA-BRCA","783b4e4f-d65d-4025-a7ce-99a7e86255e9","TCGA-E2-A1IJ-01A-11R-A144-07","TCGA-E2-A1IJ","Primary Tumor","EPHB2","ENSG00000133216",600,4.9816,1.4294,1.4962,"OK"
"TCGA-BRCA","280141da-fd54-4901-bc15-5d106c56fb23","TCGA-BH-A0B4-01A-11R-A00Z-07","TCGA-BH-A0B4","Primary Tumor","JAK3","ENSG00000105639",356,4.3546,1.6061,1.7037,"OK"
"TCGA-BRCA","280141da-fd54-4901-bc15-5d106c56fb23","TCGA-BH-A0B4-01A-11R-A00Z-07","TCGA-BH-A0B4","Primary Tumor","EPHB2","ENSG00000133216",670,4.4612,1.6454,1.7454,"OK"
"TCGA-BRCA","81801e72-d293-42e0-8871-5468e33b6d89","TCGA-BH-A0B6-01A-11R-A19W-07","TCGA-BH-A0B6","Primary Tumor","JAK3","ENSG00000105639",1885,16.6001,5.3025,5.6312,"OK"
"TCGA-BRCA","81801e72-d293-42e0-8871-5468e33b6d89","TCGA-BH-A0B6-01A-11R-A19W-07","TCGA-BH-A0B6","Primary Tumor","EPHB2","ENSG00000133216",1514,7.2577,2.3183,2.462,"OK"
"TCGA-BRCA","b01d7dfd-b577-48b8-8bf2-3c74bb617601","TCGA-BH-A0B5-11A-23R-A12P-07","TCGA-BH-A0B5","Solid Tissue Normal","JAK3","ENSG00000105639",179,1.1744,0.43,0.5708,"OK"
"TCGA-BRCA","b01d7dfd-b577-48b8-8bf2-3c74bb617601","TCGA-BH-A0B5-11A-23R-A12P-07","TCGA-BH-A0B5","Solid Tissue Normal","EPHB2","ENSG00000133216",821,2.9321,1.0735,1.425,"OK"
"TCGA-BRCA","d757b1cc-31a6-495a-ae82-c63b031ece49","TCGA-BH-A1F6-11B-94R-A13Q-07","TCGA-BH-A1F6","Solid Tissue Normal","JAK3","ENSG00000105639",612,3.8561,1.1856,1.2551,"OK"
"TCGA-BRCA","d757b1cc-31a6-495a-ae82-c63b031ece49","TCGA-BH-A1F6-11B-94R-A13Q-07","TCGA-BH-A1F6","Solid Tissue Normal","EPHB2","ENSG00000133216",579,1.9858,0.6106,0.6463,"OK"
"TCGA-BRCA","b0e906d2-e2ae-49fa-8d7a-8a00f1d6d0a1","TCGA-A8-A07R-01A-21R-A034-07","TCGA-A8-A07R","Primary Tumor","JAK3","ENSG00000105639",602,4.4116,1.2725,1.3271,"OK"
"TCGA-BRCA","b0e906d2-e2ae-49fa-8d7a-8a00f1d6d0a1","TCGA-A8-A07R-01A-21R-A034-07","TCGA-A8-A07R","Primary Tumor","EPHB2","ENSG00000133216",645,2.5729,0.7422,0.774,"OK"
"TCGA-BRCA","ddd1c3de-8266-4f56-a982-bcc20b868e90","TCGA-E9-A54Y-01A-11R-A466-07","TCGA-E9-A54Y","Primary Tumor","JAK3","ENSG00000105639",218,1.7661,0.8046,1.0093,"OK"
"TCGA-BRCA","ddd1c3de-8266-4f56-a982-bcc20b868e90","TCGA-E9-A54Y-01A-11R-A466-07","TCGA-E9-A54Y","Primary Tumor","EPHB2","ENSG00000133216",151,0.6659,0.3034,0.3806,"OK"
"TCGA-BRCA","82004d79-07d3-4a01-b266-4d36353ba561","TCGA-E2-A1L6-01A-11R-A13Q-07","TCGA-E2-A1L6","Primary Tumor","JAK3","ENSG00000105639",803,7.3575,1.8916,1.7663,"OK"
"TCGA-BRCA","82004d79-07d3-4a01-b266-4d36353ba561","TCGA-E2-A1L6-01A-11R-A13Q-07","TCGA-E2-A1L6","Primary Tumor","EPHB2","ENSG00000133216",459,2.2893,0.5886,0.5496,"OK"
"TCGA-BRCA","1cf56202-05e5-41ad-9f27-3519bee045f4","TCGA-EW-A1J5-01A-11R-A13Q-07","TCGA-EW-A1J5","Primary Tumor","JAK3","ENSG00000105639",2087,15.158,4.0312,3.71,"OK"
"TCGA-BRCA","1cf56202-05e5-41ad-9f27-3519bee045f4","TCGA-EW-A1J5-01A-11R-A13Q-07","TCGA-EW-A1J5","Primary Tumor","EPHB2","ENSG00000133216",1049,4.1473,1.103,1.0151,"OK"
"TCGA-BRCA","ca6e4602-bcd4-4299-bd31-37f585658b8a","TCGA-EW-A6S9-01A-22R-A33J-07","TCGA-EW-A6S9","Primary Tumor","JAK3","ENSG00000105639",296,2.9916,0.7909,0.8111,"OK"
"TCGA-BRCA","ca6e4602-bcd4-4299-bd31-37f585658b8a","TCGA-EW-A6S9-01A-22R-A33J-07","TCGA-EW-A6S9","Primary Tumor","EPHB2","ENSG00000133216",1292,7.108,1.8791,1.9271,"OK"
"TCGA-BRCA","ec9fb459-42b7-47eb-8c3a-48f492a7b2dc","TCGA-AC-A6IV-01A-12R-A33J-07","TCGA-AC-A6IV","Primary Tumor","JAK3","ENSG00000105639",2046,17.8683,5.2579,5.2102,"OK"
"TCGA-BRCA","ec9fb459-42b7-47eb-8c3a-48f492a7b2dc","TCGA-AC-A6IV-01A-12R-A33J-07","TCGA-AC-A6IV","Primary Tumor","EPHB2","ENSG00000133216",1369,6.5081,1.915,1.8977,"OK"
"TCGA-BRCA","63454d5d-a654-4be0-b812-dd5c98d07ea1","TCGA-E2-A1LB-01A-11R-A144-07","TCGA-E2-A1LB","Primary Tumor","JAK3","ENSG00000105639",150,1.5131,0.4534,0.4907,"OK"
"TCGA-BRCA","63454d5d-a654-4be0-b812-dd5c98d07ea1","TCGA-E2-A1LB-01A-11R-A144-07","TCGA-E2-A1LB","Primary Tumor","EPHB2","ENSG00000133216",241,1.3233,0.3965,0.4291,"OK"
"TCGA-BRCA","c64a0adb-56a8-4966-9dd9-1acd789c1bb3","TCGA-A8-A07J-01A-11R-A00Z-07","TCGA-A8-A07J","Primary Tumor","JAK3","ENSG00000105639",230,2.992,0.7991,0.765,"OK"
"TCGA-BRCA","c64a0adb-56a8-4966-9dd9-1acd789c1bb3","TCGA-A8-A07J-01A-11R-A00Z-07","TCGA-A8-A07J","Primary Tumor","EPHB2","ENSG00000133216",1004,7.1095,1.8987,1.8178,"OK"
"TCGA-BRCA","83f2e26b-fefd-4027-ac5e-fa204ec9f084","TCGA-EW-A6SB-01A-12R-A32P-07","TCGA-EW-A6SB","Primary Tumor","JAK3","ENSG00000105639",1281,8.9457,5.8313,6.1182,"OK"
"TCGA-BRCA","83f2e26b-fefd-4027-ac5e-fa204ec9f084","TCGA-EW-A6SB-01A-12R-A32P-07","TCGA-EW-A6SB","Primary Tumor","EPHB2","ENSG00000133216",139,0.5284,0.3444,0.3614,"OK"
"TCGA-BRCA","be4d1c31-e925-4eb0-aa96-974b6f6bcc07","TCGA-A8-A06X-01A-21R-A00Z-07","TCGA-A8-A06X","Primary Tumor","JAK3","ENSG00000105639",402,5.1293,1.5382,1.4755,"OK"
"TCGA-BRCA","be4d1c31-e925-4eb0-aa96-974b6f6bcc07","TCGA-A8-A06X-01A-21R-A00Z-07","TCGA-A8-A06X","Primary Tumor","EPHB2","ENSG00000133216",571,3.9659,1.1893,1.1408,"OK"
"TCGA-BRCA","6d488c27-ae90-41d4-8ddb-01a8eb731f0e","TCGA-A2-A0YI-01A-31R-A10J-07","TCGA-A2-A0YI","Primary Tumor","JAK3","ENSG00000105639",1261,9.5706,2.7087,2.7013,"OK"
"TCGA-BRCA","6d488c27-ae90-41d4-8ddb-01a8eb731f0e","TCGA-A2-A0YI-01A-31R-A10J-07","TCGA-A2-A0YI","Primary Tumor","EPHB2","ENSG00000133216",1402,5.7922,1.6393,1.6348,"OK"
"TCGA-BRCA","c782b873-2727-4fe4-9c9a-741964290349","TCGA-C8-A26X-01A-31R-A16F-07","TCGA-C8-A26X","Primary Tumor","JAK3","ENSG00000105639",1455,7.912,4.3707,4.9462,"OK"
"TCGA-BRCA","c782b873-2727-4fe4-9c9a-741964290349","TCGA-C8-A26X-01A-31R-A16F-07","TCGA-C8-A26X","Primary Tumor","EPHB2","ENSG00000133216",617,1.8263,1.0089,1.1417,"OK"
"TCGA-BRCA","3448aa6c-0de2-4d47-9bac-19507aee7492","TCGA-BH-A0BV-11A-31R-A089-07","TCGA-BH-A0BV","Solid Tissue Normal","JAK3","ENSG00000105639",666,5.78,1.482,1.4119,"OK"
"TCGA-BRCA","3448aa6c-0de2-4d47-9bac-19507aee7492","TCGA-BH-A0BV-11A-31R-A089-07","TCGA-BH-A0BV","Solid Tissue Normal","EPHB2","ENSG00000133216",302,1.4267,0.3658,0.3485,"OK"
"TCGA-BRCA","befa225f-9fe9-412f-a503-449874cf52d8","TCGA-C8-A12T-01A-11R-A115-07","TCGA-C8-A12T","Primary Tumor","JAK3","ENSG00000105639",312,3.4335,0.8891,1.0167,"OK"
"TCGA-BRCA","befa225f-9fe9-412f-a503-449874cf52d8","TCGA-C8-A12T-01A-11R-A115-07","TCGA-C8-A12T","Primary Tumor","EPHB2","ENSG00000133216",881,5.2775,1.3667,1.5628,"OK"
"TCGA-BRCA","26415014-f0fe-4b7c-b9dc-2a6f85d47a5e","TCGA-D8-A1XA-01A-11R-A14D-07","TCGA-D8-A1XA","Primary Tumor","JAK3","ENSG00000105639",290,3.6136,0.8697,0.8509,"OK"
"TCGA-BRCA","26415014-f0fe-4b7c-b9dc-2a6f85d47a5e","TCGA-D8-A1XA-01A-11R-A14D-07","TCGA-D8-A1XA","Primary Tumor","EPHB2","ENSG00000133216",492,3.3372,0.8032,0.7858,"OK"
"TCGA-BRCA","664d7ba8-9b87-4f17-b98d-8e07dea3c488","TCGA-E2-A1IF-01A-11R-A144-07","TCGA-E2-A1IF","Primary Tumor","JAK3","ENSG00000105639",725,6.2707,2.0988,2.2112,"OK"
"TCGA-BRCA","664d7ba8-9b87-4f17-b98d-8e07dea3c488","TCGA-E2-A1IF-01A-11R-A144-07","TCGA-E2-A1IF","Primary Tumor","EPHB2","ENSG00000133216",477,2.2458,0.7517,0.7919,"OK"
"TCGA-BRCA","2abc5233-1389-4efb-ba21-de05251ab25a","TCGA-AR-A24S-01A-11R-A169-07","TCGA-AR-A24S","Primary Tumor","JAK3","ENSG00000105639",1103,8.441,2.2982,2.359,"OK"
"TCGA-BRCA","2abc5233-1389-4efb-ba21-de05251ab25a","TCGA-AR-A24S-01A-11R-A169-07","TCGA-AR-A24S","Primary Tumor","EPHB2","ENSG00000133216",2045,8.5189,2.3195,2.3808,"OK"
"TCGA-BRCA","02a11397-2a9b-4dba-8c6a-6b9f0aa24372","TCGA-B6-A408-01A-12R-A24H-07","TCGA-B6-A408","Primary Tumor","JAK3","ENSG00000105639",1365,10.2584,3.6175,3.4352,"OK"
"TCGA-BRCA","02a11397-2a9b-4dba-8c6a-6b9f0aa24372","TCGA-B6-A408-01A-12R-A24H-07","TCGA-B6-A408","Primary Tumor","EPHB2","ENSG00000133216",1081,4.4223,1.5595,1.4809,"OK"
"TCGA-BRCA","1a4e1855-911d-4eb4-bc77-547bc3b8e063","TCGA-PL-A8LY-01A-11R-A41B-07","TCGA-PL-A8LY","Primary Tumor","JAK3","ENSG00000105639",796,9.9437,3.1606,3.2798,"OK"
"TCGA-BRCA","1a4e1855-911d-4eb4-bc77-547bc3b8e063","TCGA-PL-A8LY-01A-11R-A41B-07","TCGA-PL-A8LY","Primary Tumor","EPHB2","ENSG00000133216",195,1.326,0.4215,0.4374,"OK"
"TCGA-BRCA","04e03ae1-b2f3-446d-862d-172fea6320de","TCGA-A7-A0CE-01A-11R-A00Z-07","TCGA-A7-A0CE","Primary Tumor","JAK3","ENSG00000105639",528,4.4021,1.2898,1.3118,"OK"
"TCGA-BRCA","04e03ae1-b2f3-446d-862d-172fea6320de","TCGA-A7-A0CE-01A-11R-A00Z-07","TCGA-A7-A0CE","Primary Tumor","EPHB2","ENSG00000133216",417,1.8925,0.5545,0.5639,"OK"
"TCGA-BRCA","f43b97fd-8953-4a5e-bafb-eb572145abe3","TCGA-AC-A6IX-01A-12R-A32P-07","TCGA-AC-A6IX","Primary Tumor","JAK3","ENSG00000105639",574,5.7312,1.6196,1.5304,"OK"
"TCGA-BRCA","f43b97fd-8953-4a5e-bafb-eb572145abe3","TCGA-AC-A6IX-01A-12R-A32P-07","TCGA-AC-A6IX","Primary Tumor","EPHB2","ENSG00000133216",1158,6.2939,1.7786,1.6807,"OK"
"TCGA-BRCA","452e9e11-5545-4e7a-abfb-2486e70206bd","TCGA-AR-A24W-01A-11R-A169-07","TCGA-AR-A24W","Primary Tumor","JAK3","ENSG00000105639",353,3.494,0.9395,0.9249,"OK"
"TCGA-BRCA","452e9e11-5545-4e7a-abfb-2486e70206bd","TCGA-AR-A24W-01A-11R-A169-07","TCGA-AR-A24W","Primary Tumor","EPHB2","ENSG00000133216",289,1.5571,0.4187,0.4122,"OK"
"TCGA-BRCA","040d00da-2bc9-49d4-bf6c-b4515b6a2bbf","TCGA-BH-A18V-11A-52R-A12D-07","TCGA-BH-A18V","Solid Tissue Normal","JAK3","ENSG00000105639",527,5.1777,1.7627,1.9,"OK"
"TCGA-BRCA","040d00da-2bc9-49d4-bf6c-b4515b6a2bbf","TCGA-BH-A18V-11A-52R-A12D-07","TCGA-BH-A18V","Solid Tissue Normal","EPHB2","ENSG00000133216",220,1.1766,0.4006,0.4317,"OK"
"TCGA-BRCA","15d7e135-acb7-46ef-a8b1-f424e40a9e4d","TCGA-AN-A0FS-01A-11R-A034-07","TCGA-AN-A0FS","Primary Tumor","JAK3","ENSG00000105639",203,1.45,0.3807,0.3705,"OK"
"TCGA-BRCA","15d7e135-acb7-46ef-a8b1-f424e40a9e4d","TCGA-AN-A0FS-01A-11R-A034-07","TCGA-AN-A0FS","Primary Tumor","EPHB2","ENSG00000133216",524,2.0374,0.5349,0.5206,"OK"
"TCGA-BRCA","5a827399-307b-412b-a2ce-f6c81d2750a6","TCGA-AR-A0TY-01A-12R-A115-07","TCGA-AR-A0TY","Primary Tumor","JAK3","ENSG00000105639",1020,7.871,2.2725,2.3827,"OK"
"TCGA-BRCA","5a827399-307b-412b-a2ce-f6c81d2750a6","TCGA-AR-A0TY-01A-12R-A115-07","TCGA-AR-A0TY","Primary Tumor","EPHB2","ENSG00000133216",285,1.1971,0.3456,0.3624,"OK"
"TCGA-BRCA","cd2dcf58-da3a-4070-b42f-07d0102a342e","TCGA-EW-A1PG-01A-11R-A144-07","TCGA-EW-A1PG","Primary Tumor","JAK3","ENSG00000105639",792,11.4292,3.1365,3.0932,"OK"
"TCGA-BRCA","cd2dcf58-da3a-4070-b42f-07d0102a342e","TCGA-EW-A1PG-01A-11R-A144-07","TCGA-EW-A1PG","Primary Tumor","EPHB2","ENSG00000133216",389,3.0557,0.8386,0.827,"OK"
"TCGA-BRCA","0b4cae8e-1a2c-4ba9-b126-5abf35f73b36","TCGA-A7-A3J0-01A-11R-A213-07","TCGA-A7-A3J0","Primary Tumor","JAK3","ENSG00000105639",1077,7.3272,2.0232,2.0593,"OK"
"TCGA-BRCA","0b4cae8e-1a2c-4ba9-b126-5abf35f73b36","TCGA-A7-A3J0-01A-11R-A213-07","TCGA-A7-A3J0","Primary Tumor","EPHB2","ENSG00000133216",332,1.2295,0.3395,0.3456,"OK"
"TCGA-BRCA","57a43ef5-102a-4cd9-833d-00a2daf4e56a","TCGA-E2-A1BD-01A-11R-A12P-07","TCGA-E2-A1BD","Primary Tumor","JAK3","ENSG00000105639",331,1.9933,0.6148,0.6276,"OK"
"TCGA-BRCA","57a43ef5-102a-4cd9-833d-00a2daf4e56a","TCGA-E2-A1BD-01A-11R-A12P-07","TCGA-E2-A1BD","Primary Tumor","EPHB2","ENSG00000133216",461,1.5112,0.4661,0.4758,"OK"
"TCGA-BRCA","fecd341d-a370-4092-be40-e07fc44500e5","TCGA-OL-A5D8-01A-11R-A27Q-07","TCGA-OL-A5D8","Primary Tumor","JAK3","ENSG00000105639",435,4.9599,1.3745,1.3132,"OK"
"TCGA-BRCA","fecd341d-a370-4092-be40-e07fc44500e5","TCGA-OL-A5D8-01A-11R-A27Q-07","TCGA-OL-A5D8","Primary Tumor","EPHB2","ENSG00000133216",392,2.433,0.6742,0.6442,"OK"
"TCGA-BRCA","c7aeba7e-b78e-4586-a4dd-8a04cc440737","TCGA-BH-A18Q-01A-12R-A12D-07","TCGA-BH-A18Q","Primary Tumor","JAK3","ENSG00000105639",671,8.0747,2.12,2.0005,"OK"
"TCGA-BRCA","c7aeba7e-b78e-4586-a4dd-8a04cc440737","TCGA-BH-A18Q-01A-12R-A12D-07","TCGA-BH-A18Q","Primary Tumor","EPHB2","ENSG00000133216",350,2.2927,0.6019,0.568,"OK"
"TCGA-BRCA","336f0e3e-878e-4ee8-b2aa-cc536f3432f3","TCGA-BH-A18Q-11A-34R-A12D-07","TCGA-BH-A18Q","Solid Tissue Normal","JAK3","ENSG00000105639",895,8.045,2.1601,1.9772,"OK"
"TCGA-BRCA","336f0e3e-878e-4ee8-b2aa-cc536f3432f3","TCGA-BH-A18Q-11A-34R-A12D-07","TCGA-BH-A18Q","Solid Tissue Normal","EPHB2","ENSG00000133216",217,1.0618,0.2851,0.261,"OK"
"TCGA-BRCA","03891509-3109-450d-8564-77b024a6128e","TCGA-E2-A10E-01A-21R-A10J-07","TCGA-E2-A10E","Primary Tumor","JAK3","ENSG00000105639",436,3.7489,0.9872,0.9611,"OK"
"TCGA-BRCA","03891509-3109-450d-8564-77b024a6128e","TCGA-E2-A10E-01A-21R-A10J-07","TCGA-E2-A10E","Primary Tumor","EPHB2","ENSG00000133216",674,3.1547,0.8307,0.8088,"OK"
"TCGA-BRCA","30ff778c-844b-4140-9025-7ab1938f10a9","TCGA-A8-A08H-01A-21R-A00Z-07","TCGA-A8-A08H","Primary Tumor","JAK3","ENSG00000105639",1703,19.6931,5.3254,5.5625,"OK"
"TCGA-BRCA","30ff778c-844b-4140-9025-7ab1938f10a9","TCGA-A8-A08H-01A-21R-A00Z-07","TCGA-A8-A08H","Primary Tumor","EPHB2","ENSG00000133216",1620,10.1974,2.7576,2.8804,"OK"
"TCGA-BRCA","c9230a1c-9844-43ef-a2c3-95ea6061000b","TCGA-BH-A0DD-11A-23R-A12P-07","TCGA-BH-A0DD","Solid Tissue Normal","JAK3","ENSG00000105639",329,2.7493,0.8642,1.0409,"OK"
"TCGA-BRCA","c9230a1c-9844-43ef-a2c3-95ea6061000b","TCGA-BH-A0DD-11A-23R-A12P-07","TCGA-BH-A0DD","Solid Tissue Normal","EPHB2","ENSG00000133216",728,3.3115,1.0409,1.2538,"OK"
"TCGA-BRCA","0d669e80-cb31-4afb-bd3f-07d69f10eb3f","TCGA-C8-A1HG-01A-11R-A137-07","TCGA-C8-A1HG","Primary Tumor","JAK3","ENSG00000105639",663,9.6811,3.6595,3.6065,"OK"
"TCGA-BRCA","0d669e80-cb31-4afb-bd3f-07d69f10eb3f","TCGA-C8-A1HG-01A-11R-A137-07","TCGA-C8-A1HG","Primary Tumor","EPHB2","ENSG00000133216",463,3.6801,1.3911,1.371,"OK"
"TCGA-BRCA","20110ed9-8b45-4a62-bd13-e0281915a06b","TCGA-D8-A1JS-01A-11R-A13Q-07","TCGA-D8-A1JS","Primary Tumor","JAK3","ENSG00000105639",51,0.4006,0.1236,0.1258,"OK"
"TCGA-BRCA","20110ed9-8b45-4a62-bd13-e0281915a06b","TCGA-D8-A1JS-01A-11R-A13Q-07","TCGA-D8-A1JS","Primary Tumor","EPHB2","ENSG00000133216",112,0.4789,0.1477,0.1504,"OK"
"TCGA-BRCA","b5f2a171-35a3-4b7f-9221-199c589f3147","TCGA-E2-A15G-01A-11R-A12D-07","TCGA-E2-A15G","Primary Tumor","JAK3","ENSG00000105639",145,1.9297,0.4869,0.4289,"OK"
"TCGA-BRCA","b5f2a171-35a3-4b7f-9221-199c589f3147","TCGA-E2-A15G-01A-11R-A12D-07","TCGA-E2-A15G","Primary Tumor","EPHB2","ENSG00000133216",214,1.5503,0.3911,0.3445,"OK"
"TCGA-BRCA","3a0c96d3-4cea-44a3-99e5-71622279700f","TCGA-BH-A0HW-01A-11R-A034-07","TCGA-BH-A0HW","Primary Tumor","JAK3","ENSG00000105639",101,0.8024,0.2195,0.2199,"OK"
"TCGA-BRCA","3a0c96d3-4cea-44a3-99e5-71622279700f","TCGA-BH-A0HW-01A-11R-A034-07","TCGA-BH-A0HW","Primary Tumor","EPHB2","ENSG00000133216",577,2.4954,0.6827,0.684,"OK"
"TCGA-BRCA","d721071e-6c0e-46df-9158-1fe37a64f1ed","TCGA-A2-A25E-01A-11R-A169-07","TCGA-A2-A25E","Primary Tumor","JAK3","ENSG00000105639",396,3.3661,0.9494,0.879,"OK"
"TCGA-BRCA","d721071e-6c0e-46df-9158-1fe37a64f1ed","TCGA-A2-A25E-01A-11R-A169-07","TCGA-A2-A25E","Primary Tumor","EPHB2","ENSG00000133216",726,3.3593,0.9475,0.8772,"OK"
"TCGA-BRCA","c4241ab5-95b7-4870-aaed-55541756c42f","TCGA-A8-A08C-01A-11R-A00Z-07","TCGA-A8-A08C","Primary Tumor","JAK3","ENSG00000105639",817,8.1955,2.082,1.9638,"OK"
"TCGA-BRCA","c4241ab5-95b7-4870-aaed-55541756c42f","TCGA-A8-A08C-01A-11R-A00Z-07","TCGA-A8-A08C","Primary Tumor","EPHB2","ENSG00000133216",273,1.4907,0.3787,0.3572,"OK"
"TCGA-BRCA","fd4bd1de-fc4a-42bc-aca5-5ac16ec14118","TCGA-A2-A25C-01A-11R-A169-07","TCGA-A2-A25C","Primary Tumor","JAK3","ENSG00000105639",922,6.0509,1.5215,1.4313,"OK"
"TCGA-BRCA","fd4bd1de-fc4a-42bc-aca5-5ac16ec14118","TCGA-A2-A25C-01A-11R-A169-07","TCGA-A2-A25C","Primary Tumor","EPHB2","ENSG00000133216",835,2.9829,0.7501,0.7056,"OK"
"TCGA-BRCA","a7091211-3bf5-4d3b-8625-57281bc0cd56","TCGA-UU-A93S-01A-21R-A41B-07","TCGA-UU-A93S","Primary Tumor","JAK3","ENSG00000105639",668,8.4335,3.2751,3.6962,"OK"
"TCGA-BRCA","a7091211-3bf5-4d3b-8625-57281bc0cd56","TCGA-UU-A93S-01A-21R-A41B-07","TCGA-UU-A93S","Primary Tumor","EPHB2","ENSG00000133216",188,1.292,0.5017,0.5663,"OK"
"TCGA-BRCA","7000e222-556a-4548-9542-9337ba70f79c","TCGA-BH-A0C3-11A-23R-A12P-07","TCGA-BH-A0C3","Solid Tissue Normal","JAK3","ENSG00000105639",745,7.0826,2.2013,2.1394,"OK"
"TCGA-BRCA","7000e222-556a-4548-9542-9337ba70f79c","TCGA-BH-A0C3-11A-23R-A12P-07","TCGA-BH-A0C3","Solid Tissue Normal","EPHB2","ENSG00000133216",140,0.7245,0.2252,0.2188,"OK"
"TCGA-BRCA","7789d241-991c-4cc9-a557-69d5c439b930","TCGA-BH-A0WA-01A-11R-A109-07","TCGA-BH-A0WA","Primary Tumor","JAK3","ENSG00000105639",762,7.8528,1.9316,1.85,"OK"
"TCGA-BRCA","7789d241-991c-4cc9-a557-69d5c439b930","TCGA-BH-A0WA-01A-11R-A109-07","TCGA-BH-A0WA","Primary Tumor","EPHB2","ENSG00000133216",1117,6.266,1.5413,1.4762,"OK"
"TCGA-BRCA","bb1ee078-38d1-4e5d-af50-50754fce7112","TCGA-BH-A6R9-01A-21R-A32P-07","TCGA-BH-A6R9","Primary Tumor","JAK3","ENSG00000105639",2301,22.1563,5.72,6.9195,"OK"
"TCGA-BRCA","bb1ee078-38d1-4e5d-af50-50754fce7112","TCGA-BH-A6R9-01A-21R-A32P-07","TCGA-BH-A6R9","Primary Tumor","EPHB2","ENSG00000133216",3037,15.9183,4.1096,4.9714,"OK"
"TCGA-BRCA","7140b89b-50b6-42ed-a69d-1cbc7901d530","TCGA-GM-A2DN-01A-11R-A180-07","TCGA-GM-A2DN","Primary Tumor","JAK3","ENSG00000105639",1542,12.0656,4.4959,4.3087,"OK"
"TCGA-BRCA","7140b89b-50b6-42ed-a69d-1cbc7901d530","TCGA-GM-A2DN-01A-11R-A180-07","TCGA-GM-A2DN","Primary Tumor","EPHB2","ENSG00000133216",698,2.973,1.1078,1.0617,"OK"
"TCGA-BRCA","d3badb09-df1e-488e-ade9-97f1925b5649","TCGA-C8-A12L-01A-11R-A115-07","TCGA-C8-A12L","Primary Tumor","JAK3","ENSG00000105639",450,4.4584,1.3169,1.3054,"OK"
"TCGA-BRCA","d3badb09-df1e-488e-ade9-97f1925b5649","TCGA-C8-A12L-01A-11R-A115-07","TCGA-C8-A12L","Primary Tumor","EPHB2","ENSG00000133216",1350,7.2807,2.1505,2.1317,"OK"
"TCGA-BRCA","f69ca0e5-201f-4066-81a5-c5b9c8a5012c","TCGA-AR-A1AN-01A-11R-A12P-07","TCGA-AR-A1AN","Primary Tumor","JAK3","ENSG00000105639",624,5.311,1.4913,1.5894,"OK"
"TCGA-BRCA","f69ca0e5-201f-4066-81a5-c5b9c8a5012c","TCGA-AR-A1AN-01A-11R-A12P-07","TCGA-AR-A1AN","Primary Tumor","EPHB2","ENSG00000133216",545,2.525,0.709,0.7557,"OK"
"TCGA-BRCA","0e89f9f0-419f-46e7-981d-781a1302e4be","TCGA-BH-A18S-11A-43R-A12D-07","TCGA-BH-A18S","Solid Tissue Normal","JAK3","ENSG00000105639",564,6.7153,2.0141,1.9301,"OK"
"TCGA-BRCA","0e89f9f0-419f-46e7-981d-781a1302e4be","TCGA-BH-A18S-11A-43R-A12D-07","TCGA-BH-A18S","Solid Tissue Normal","EPHB2","ENSG00000133216",403,2.612,0.7834,0.7507,"OK"
"TCGA-BRCA","cee1efda-644b-4cee-aad2-d7f5ca93cdec","TCGA-A8-A08O-01A-21R-A056-07","TCGA-A8-A08O","Primary Tumor","JAK3","ENSG00000105639",245,3.3399,0.8074,0.7373,"OK"
"TCGA-BRCA","cee1efda-644b-4cee-aad2-d7f5ca93cdec","TCGA-A8-A08O-01A-21R-A056-07","TCGA-A8-A08O","Primary Tumor","EPHB2","ENSG00000133216",258,1.9145,0.4628,0.4227,"OK"
"TCGA-BRCA","ea5c9d47-1803-4bd5-88da-352e172bc45d","TCGA-AQ-A54N-01A-11R-A266-07","TCGA-AQ-A54N","Primary Tumor","JAK3","ENSG00000105639",242,3.1801,1.187,1.2545,"OK"
"TCGA-BRCA","ea5c9d47-1803-4bd5-88da-352e172bc45d","TCGA-AQ-A54N-01A-11R-A266-07","TCGA-AQ-A54N","Primary Tumor","EPHB2","ENSG00000133216",2371,16.9604,6.3305,6.6903,"OK"
"TCGA-BRCA","819746a4-f2c1-4fc2-8dbe-b9c34892d510","TCGA-A8-A09W-01A-11R-A00Z-07","TCGA-A8-A09W","Primary Tumor","JAK3","ENSG00000105639",238,2.4219,0.7261,0.7406,"OK"
"TCGA-BRCA","819746a4-f2c1-4fc2-8dbe-b9c34892d510","TCGA-A8-A09W-01A-11R-A00Z-07","TCGA-A8-A09W","Primary Tumor","EPHB2","ENSG00000133216",823,4.5589,1.3668,1.3941,"OK"
"TCGA-BRCA","017d71aa-0999-4d8e-9cb4-88b9013e61eb","TCGA-AR-A0TU-01A-31R-A109-07","TCGA-AR-A0TU","Primary Tumor","JAK3","ENSG00000105639",938,8.057,2.3482,2.1747,"OK"
"TCGA-BRCA","017d71aa-0999-4d8e-9cb4-88b9013e61eb","TCGA-AR-A0TU-01A-31R-A109-07","TCGA-AR-A0TU","Primary Tumor","EPHB2","ENSG00000133216",231,1.0801,0.3148,0.2915,"OK"
"TCGA-BRCA","5113a198-1bfe-4d4e-8e17-4c8e3359061a","TCGA-E2-A1LA-01A-11R-A144-07","TCGA-E2-A1LA","Primary Tumor","JAK3","ENSG00000105639",962,7.6448,3.035,3.127,"OK"
"TCGA-BRCA","5113a198-1bfe-4d4e-8e17-4c8e3359061a","TCGA-E2-A1LA-01A-11R-A144-07","TCGA-E2-A1LA","Primary Tumor","EPHB2","ENSG00000133216",567,2.4527,0.9737,1.0032,"OK"
"TCGA-BRCA","0a511373-8fd3-433a-a5e1-877530d6a239","TCGA-A7-A13E-01A-11R-A12P-07","TCGA-A7-A13E","Primary Tumor","JAK3","ENSG00000105639",288,3.1927,0.9224,0.864,"OK"
"TCGA-BRCA","0a511373-8fd3-433a-a5e1-877530d6a239","TCGA-A7-A13E-01A-11R-A12P-07","TCGA-A7-A13E","Primary Tumor","EPHB2","ENSG00000133216",977,5.8957,1.7033,1.5956,"OK"
"TCGA-BRCA","3e3125cd-a554-4a76-a9e2-b9187e0db6ab","TCGA-EW-A1OZ-01A-11R-A144-07","TCGA-EW-A1OZ","Primary Tumor","JAK3","ENSG00000105639",391,2.8823,0.8878,0.9983,"OK"
"TCGA-BRCA","3e3125cd-a554-4a76-a9e2-b9187e0db6ab","TCGA-EW-A1OZ-01A-11R-A144-07","TCGA-EW-A1OZ","Primary Tumor","EPHB2","ENSG00000133216",755,3.0296,0.9331,1.0493,"OK"
"TCGA-BRCA","be6f8b24-e668-41c6-89f7-f4cdc8533cae","TCGA-BH-A0DZ-01A-11R-A00Z-07","TCGA-BH-A0DZ","Primary Tumor","JAK3","ENSG00000105639",225,4.4449,1.301,1.3818,"OK"
"TCGA-BRCA","be6f8b24-e668-41c6-89f7-f4cdc8533cae","TCGA-BH-A0DZ-01A-11R-A00Z-07","TCGA-BH-A0DZ","Primary Tumor","EPHB2","ENSG00000133216",279,3.0002,0.8781,0.9327,"OK"
"TCGA-BRCA","7be570ba-7f69-431e-88c2-614e92bc88ae","TCGA-AR-A24X-01A-11R-A169-07","TCGA-AR-A24X","Primary Tumor","JAK3","ENSG00000105639",367,5.7604,1.4095,1.3106,"OK"
"TCGA-BRCA","7be570ba-7f69-431e-88c2-614e92bc88ae","TCGA-AR-A24X-01A-11R-A169-07","TCGA-AR-A24X","Primary Tumor","EPHB2","ENSG00000133216",203,1.7344,0.4244,0.3946,"OK"
"TCGA-BRCA","e6ea1343-0da3-43f3-9845-4845db02edb8","TCGA-S3-AA14-01A-11R-A41B-07","TCGA-S3-AA14","Primary Tumor","JAK3","ENSG00000105639",326,4.359,1.2482,1.3397,"OK"
"TCGA-BRCA","e6ea1343-0da3-43f3-9845-4845db02edb8","TCGA-S3-AA14-01A-11R-A41B-07","TCGA-S3-AA14","Primary Tumor","EPHB2","ENSG00000133216",302,2.1981,0.6294,0.6756,"OK"
"TCGA-BRCA","d6882616-b77d-4d4c-90dc-7318c57876e1","TCGA-AO-A12F-01A-11R-A115-07","TCGA-AO-A12F","Primary Tumor","JAK3","ENSG00000105639",556,4.1621,1.3259,1.3484,"OK"
"TCGA-BRCA","d6882616-b77d-4d4c-90dc-7318c57876e1","TCGA-AO-A12F-01A-11R-A115-07","TCGA-AO-A12F","Primary Tumor","EPHB2","ENSG00000133216",305,1.2428,0.3959,0.4026,"OK"
"TCGA-BRCA","44c12577-af9f-4f8c-8b18-24269d6604cb","TCGA-S3-AA0Z-01A-11R-A41B-07","TCGA-S3-AA0Z","Primary Tumor","JAK3","ENSG00000105639",1589,15.3206,4.104,3.9315,"OK"
"TCGA-BRCA","44c12577-af9f-4f8c-8b18-24269d6604cb","TCGA-S3-AA0Z-01A-11R-A41B-07","TCGA-S3-AA0Z","Primary Tumor","EPHB2","ENSG00000133216",319,1.6742,0.4485,0.4296,"OK"
"TCGA-BRCA","a7d3a4c0-36ee-43ff-bdcc-37db4b11df76","TCGA-E2-A10F-01A-11R-A10J-07","TCGA-E2-A10F","Primary Tumor","JAK3","ENSG00000105639",516,5.4035,1.3771,1.3352,"OK"
"TCGA-BRCA","a7d3a4c0-36ee-43ff-bdcc-37db4b11df76","TCGA-E2-A10F-01A-11R-A10J-07","TCGA-E2-A10F","Primary Tumor","EPHB2","ENSG00000133216",1048,5.9739,1.5224,1.4761,"OK"
"TCGA-BRCA","79d67844-5389-40ee-a1fd-5b19ecf81b73","TCGA-A7-A2KD-01A-31R-A21T-07","TCGA-A7-A2KD","Primary Tumor","JAK3","ENSG00000105639",1291,10.4095,2.6369,2.4989,"OK"
"TCGA-BRCA","79d67844-5389-40ee-a1fd-5b19ecf81b73","TCGA-A7-A2KD-01A-31R-A21T-07","TCGA-A7-A2KD","Primary Tumor","EPHB2","ENSG00000133216",1315,5.7717,1.4621,1.3855,"OK"
"TCGA-BRCA","9b2a1467-775c-48cf-9a3c-e259ccd344e4","TCGA-E9-A3X8-01A-31R-A22U-07","TCGA-E9-A3X8","Primary Tumor","JAK3","ENSG00000105639",1473,11.2457,4.3774,5.539,"OK"
"TCGA-BRCA","9b2a1467-775c-48cf-9a3c-e259ccd344e4","TCGA-E9-A3X8-01A-31R-A22U-07","TCGA-E9-A3X8","Primary Tumor","EPHB2","ENSG00000133216",705,2.9298,1.1405,1.4431,"OK"
"TCGA-BRCA","a8fa9282-6695-477a-8202-73882cdfa8f7","TCGA-D8-A73U-01A-11R-A33J-07","TCGA-D8-A73U","Primary Tumor","JAK3","ENSG00000105639",2701,24.1345,8.9698,9.1931,"OK"
"TCGA-BRCA","a8fa9282-6695-477a-8202-73882cdfa8f7","TCGA-D8-A73U-01A-11R-A33J-07","TCGA-D8-A73U","Primary Tumor","EPHB2","ENSG00000133216",1055,5.1314,1.9071,1.9546,"OK"
"TCGA-BRCA","f36e613e-af30-4b1c-aaf3-89540e05ddb1","TCGA-B6-A0IG-01A-11R-A034-07","TCGA-B6-A0IG","Primary Tumor","JAK3","ENSG00000105639",478,3.2491,1.023,1.1016,"OK"
"TCGA-BRCA","f36e613e-af30-4b1c-aaf3-89540e05ddb1","TCGA-B6-A0IG-01A-11R-A034-07","TCGA-B6-A0IG","Primary Tumor","EPHB2","ENSG00000133216",296,1.0952,0.3448,0.3713,"OK"
"TCGA-BRCA","3f44f7ab-7299-4b8e-b2b9-16ed5291e727","TCGA-OL-A66I-01A-21R-A29R-07","TCGA-OL-A66I","Primary Tumor","JAK3","ENSG00000105639",2613,27.0456,8.1671,8.0556,"OK"
"TCGA-BRCA","3f44f7ab-7299-4b8e-b2b9-16ed5291e727","TCGA-OL-A66I-01A-21R-A29R-07","TCGA-OL-A66I","Primary Tumor","EPHB2","ENSG00000133216",1278,7.2005,2.1744,2.1447,"OK"
"TCGA-BRCA","9d487523-ce75-4146-98d9-aed08dc2f632","TCGA-EW-A6SC-01A-12R-A32P-07","TCGA-EW-A6SC","Primary Tumor","JAK3","ENSG00000105639",406,4.4797,1.2554,1.2349,"OK"
"TCGA-BRCA","9d487523-ce75-4146-98d9-aed08dc2f632","TCGA-EW-A6SC-01A-12R-A32P-07","TCGA-EW-A6SC","Primary Tumor","EPHB2","ENSG00000133216",528,3.1712,0.8887,0.8742,"OK"
"TCGA-BRCA","e3569a42-412b-405d-a1ca-5c89b1ea36d0","TCGA-AN-A0XS-01A-22R-A109-07","TCGA-AN-A0XS","Primary Tumor","JAK3","ENSG00000105639",1235,9.9523,3.1414,2.9713,"OK"
"TCGA-BRCA","e3569a42-412b-405d-a1ca-5c89b1ea36d0","TCGA-AN-A0XS-01A-22R-A109-07","TCGA-AN-A0XS","Primary Tumor","EPHB2","ENSG00000133216",780,3.4216,1.08,1.0215,"OK"
"TCGA-BRCA","478a40b1-0f88-401d-92b6-4b58b2c56798","TCGA-LD-A74U-01A-13R-A33J-07","TCGA-LD-A74U","Primary Tumor","JAK3","ENSG00000105639",800,8.3628,2.3304,2.3521,"OK"
"TCGA-BRCA","478a40b1-0f88-401d-92b6-4b58b2c56798","TCGA-LD-A74U-01A-13R-A33J-07","TCGA-LD-A74U","Primary Tumor","EPHB2","ENSG00000133216",1167,6.6406,1.8505,1.8677,"OK"
"TCGA-BRCA","5e05ff45-9f44-484d-889f-529e2bfe2a48","TCGA-E9-A22B-01A-11R-A157-07","TCGA-E9-A22B","Primary Tumor","JAK3","ENSG00000105639",473,2.8935,0.9231,1.1009,"OK"
"TCGA-BRCA","5e05ff45-9f44-484d-889f-529e2bfe2a48","TCGA-E9-A22B-01A-11R-A157-07","TCGA-E9-A22B","Primary Tumor","EPHB2","ENSG00000133216",1079,3.593,1.1462,1.3671,"OK"
"TCGA-BRCA","0a7421d4-5722-427a-9643-da1074e5c25c","TCGA-BH-A1EV-01A-11R-A137-07","TCGA-BH-A1EV","Primary Tumor","JAK3","ENSG00000105639",322,3.1652,0.8461,0.9068,"OK"
"TCGA-BRCA","0a7421d4-5722-427a-9643-da1074e5c25c","TCGA-BH-A1EV-01A-11R-A137-07","TCGA-BH-A1EV","Primary Tumor","EPHB2","ENSG00000133216",334,1.7872,0.4777,0.512,"OK"
"TCGA-BRCA","248ac510-a5af-4608-9cdc-5c8673633b82","TCGA-BH-A1FC-11A-32R-A13Q-07","TCGA-BH-A1FC","Solid Tissue Normal","JAK3","ENSG00000105639",590,8.6133,2.617,2.4882,"OK"
"TCGA-BRCA","248ac510-a5af-4608-9cdc-5c8673633b82","TCGA-BH-A1FC-11A-32R-A13Q-07","TCGA-BH-A1FC","Solid Tissue Normal","EPHB2","ENSG00000133216",160,1.2715,0.3863,0.3673,"OK"
"TCGA-BRCA","e0b65eec-7c30-4607-9cae-c8e8463c80c5","TCGA-LL-A5YO-01A-21R-A28M-07","TCGA-LL-A5YO","Primary Tumor","JAK3","ENSG00000105639",2763,28.2191,11.5314,11.5764,"OK"
"TCGA-BRCA","e0b65eec-7c30-4607-9cae-c8e8463c80c5","TCGA-LL-A5YO-01A-21R-A28M-07","TCGA-LL-A5YO","Primary Tumor","EPHB2","ENSG00000133216",645,3.5859,1.4653,1.471,"OK"
"TCGA-BRCA","c1ac2f8b-9ff2-47b9-a685-6cf10a7a925f","TCGA-BH-A0E1-01A-11R-A056-07","TCGA-BH-A0E1","Primary Tumor","JAK3","ENSG00000105639",211,2.2064,0.6129,0.6202,"OK"
"TCGA-BRCA","c1ac2f8b-9ff2-47b9-a685-6cf10a7a925f","TCGA-BH-A0E1-01A-11R-A056-07","TCGA-BH-A0E1","Primary Tumor","EPHB2","ENSG00000133216",214,1.2181,0.3384,0.3424,"OK"
"TCGA-BRCA","dafb2454-1ea7-4cb6-8b3b-2b5b6f19aa89","TCGA-BH-A0E1-11A-13R-A089-07","TCGA-BH-A0E1","Solid Tissue Normal","JAK3","ENSG00000105639",287,3.3809,0.9865,1.0185,"OK"
"TCGA-BRCA","dafb2454-1ea7-4cb6-8b3b-2b5b6f19aa89","TCGA-BH-A0E1-11A-13R-A089-07","TCGA-BH-A0E1","Solid Tissue Normal","EPHB2","ENSG00000133216",67,0.4296,0.1254,0.1294,"OK"
"TCGA-BRCA","ef181439-d071-40e0-a185-f29343085f8c","TCGA-AR-A1AQ-01A-11R-A12P-07","TCGA-AR-A1AQ","Primary Tumor","JAK3","ENSG00000105639",1233,10.4933,4.7897,4.5812,"OK"
"TCGA-BRCA","ef181439-d071-40e0-a185-f29343085f8c","TCGA-AR-A1AQ-01A-11R-A12P-07","TCGA-AR-A1AQ","Primary Tumor","EPHB2","ENSG00000133216",513,2.3765,1.0848,1.0375,"OK"
"TCGA-BRCA","b4835808-46fa-4b6c-a933-92acc9908319","TCGA-A7-A6VW-01A-21R-A33J-07","TCGA-A7-A6VW","Primary Tumor","JAK3","ENSG00000105639",389,3.6385,1.1884,1.3282,"OK"
"TCGA-BRCA","b4835808-46fa-4b6c-a933-92acc9908319","TCGA-A7-A6VW-01A-21R-A33J-07","TCGA-A7-A6VW","Primary Tumor","EPHB2","ENSG00000133216",2164,11.0181,3.5988,4.0222,"OK"
"TCGA-BRCA","e0cb738d-854a-4033-b370-79fa28d7cef8","TCGA-XX-A899-01A-11R-A36F-07","TCGA-XX-A899","Primary Tumor","JAK3","ENSG00000105639",2435,26.5409,7.2279,6.9692,"OK"
"TCGA-BRCA","e0cb738d-854a-4033-b370-79fa28d7cef8","TCGA-XX-A899-01A-11R-A36F-07","TCGA-XX-A899","Primary Tumor","EPHB2","ENSG00000133216",757,4.4914,1.2232,1.1794,"OK"
"TCGA-BRCA","a9b2ff1a-3b37-4388-a1e6-826e2edea49b","TCGA-AC-A3TN-01A-11R-A22K-07","TCGA-AC-A3TN","Primary Tumor","JAK3","ENSG00000105639",261,2.1565,0.7069,0.7208,"OK"
"TCGA-BRCA","a9b2ff1a-3b37-4388-a1e6-826e2edea49b","TCGA-AC-A3TN-01A-11R-A22K-07","TCGA-AC-A3TN","Primary Tumor","EPHB2","ENSG00000133216",505,2.2713,0.7446,0.7592,"OK"
"TCGA-BRCA","f90e51cb-b862-4a76-acb0-cc882bfb4ee6","TCGA-EW-A1PF-01A-11R-A144-07","TCGA-EW-A1PF","Primary Tumor","JAK3","ENSG00000105639",910,8.6149,2.2649,2.3634,"OK"
"TCGA-BRCA","f90e51cb-b862-4a76-acb0-cc882bfb4ee6","TCGA-EW-A1PF-01A-11R-A144-07","TCGA-EW-A1PF","Primary Tumor","EPHB2","ENSG00000133216",634,3.2672,0.859,0.8963,"OK"
"TCGA-BRCA","d141392c-757b-44f5-b531-0bcc136d8b17","TCGA-AN-A04D-01A-21R-A034-07","TCGA-AN-A04D","Primary Tumor","JAK3","ENSG00000105639",314,2.0338,0.6636,0.6669,"OK"
"TCGA-BRCA","d141392c-757b-44f5-b531-0bcc136d8b17","TCGA-AN-A04D-01A-21R-A034-07","TCGA-AN-A04D","Primary Tumor","EPHB2","ENSG00000133216",990,3.4905,1.1389,1.1445,"OK"
"TCGA-BRCA","9cf6e387-2b87-4f53-bb5a-d545a78f21cd","TCGA-BH-A0BA-01A-11R-A056-07","TCGA-BH-A0BA","Primary Tumor","JAK3","ENSG00000105639",719,6.5462,1.9766,1.7818,"OK"
"TCGA-BRCA","9cf6e387-2b87-4f53-bb5a-d545a78f21cd","TCGA-BH-A0BA-01A-11R-A056-07","TCGA-BH-A0BA","Primary Tumor","EPHB2","ENSG00000133216",239,1.1845,0.3577,0.3224,"OK"
"TCGA-BRCA","1c3a771f-43db-4b45-93f8-f8e6d2ab6847","TCGA-B6-A0RI-01A-11R-A056-07","TCGA-B6-A0RI","Primary Tumor","JAK3","ENSG00000105639",321,2.9367,0.745,0.7514,"OK"
"TCGA-BRCA","1c3a771f-43db-4b45-93f8-f8e6d2ab6847","TCGA-B6-A0RI-01A-11R-A056-07","TCGA-B6-A0RI","Primary Tumor","EPHB2","ENSG00000133216",815,4.0586,1.0296,1.0385,"OK"
"TCGA-BRCA","f7b5d569-1a46-4f23-bfca-a46daacda793","TCGA-AR-A24N-01A-11R-A169-07","TCGA-AR-A24N","Primary Tumor","JAK3","ENSG00000105639",313,2.4456,0.653,0.6532,"OK"
"TCGA-BRCA","f7b5d569-1a46-4f23-bfca-a46daacda793","TCGA-AR-A24N-01A-11R-A169-07","TCGA-AR-A24N","Primary Tumor","EPHB2","ENSG00000133216",544,2.3138,0.6178,0.618,"OK"
"TCGA-BRCA","ab3475d0-e057-4512-8c01-a5383359a1ad","TCGA-BH-A0H5-11A-62R-A115-07","TCGA-BH-A0H5","Solid Tissue Normal","JAK3","ENSG00000105639",531,5.9512,1.6446,1.5631,"OK"
"TCGA-BRCA","ab3475d0-e057-4512-8c01-a5383359a1ad","TCGA-BH-A0H5-11A-62R-A115-07","TCGA-BH-A0H5","Solid Tissue Normal","EPHB2","ENSG00000133216",152,0.9273,0.2563,0.2436,"OK"
"TCGA-BRCA","11631339-f447-4b28-97a8-3c7c6ccbc843","TCGA-E2-A3DX-01A-21R-A213-07","TCGA-E2-A3DX","Primary Tumor","JAK3","ENSG00000105639",1823,15.0181,4.2108,4.2566,"OK"
"TCGA-BRCA","11631339-f447-4b28-97a8-3c7c6ccbc843","TCGA-E2-A3DX-01A-21R-A213-07","TCGA-E2-A3DX","Primary Tumor","EPHB2","ENSG00000133216",1249,5.601,1.5704,1.5875,"OK"
"TCGA-BRCA","99ce2ebd-7a50-4808-ba75-8626ad6d7cfd","TCGA-AC-A3W6-01A-12R-A22K-07","TCGA-AC-A3W6","Primary Tumor","JAK3","ENSG00000105639",1657,17.2316,4.8755,5.0905,"OK"
"TCGA-BRCA","99ce2ebd-7a50-4808-ba75-8626ad6d7cfd","TCGA-AC-A3W6-01A-12R-A22K-07","TCGA-AC-A3W6","Primary Tumor","EPHB2","ENSG00000133216",758,4.2909,1.2141,1.2676,"OK"
"TCGA-BRCA","898920ea-31b3-4244-a413-4b957e93594f","TCGA-A7-A425-01A-11R-A24H-07","TCGA-A7-A425","Primary Tumor","JAK3","ENSG00000105639",847,7.909,2.3606,2.2521,"OK"
"TCGA-BRCA","898920ea-31b3-4244-a413-4b957e93594f","TCGA-A7-A425-01A-11R-A24H-07","TCGA-A7-A425","Primary Tumor","EPHB2","ENSG00000133216",611,3.1057,0.9269,0.8843,"OK"
"TCGA-BRCA","35f78d43-917b-4a7b-b992-d004056a370f","TCGA-E2-A15C-01A-31R-A12D-07","TCGA-E2-A15C","Primary Tumor","JAK3","ENSG00000105639",708,7.4822,2.1063,1.9719,"OK"
"TCGA-BRCA","35f78d43-917b-4a7b-b992-d004056a370f","TCGA-E2-A15C-01A-31R-A12D-07","TCGA-E2-A15C","Primary Tumor","EPHB2","ENSG00000133216",626,3.6012,1.0138,0.9491,"OK"
"TCGA-BRCA","8e60d7c9-0fee-415f-b7bd-072f1bcd0fac","TCGA-LD-A7W6-01A-81R-A352-07","TCGA-LD-A7W6","Primary Tumor","JAK3","ENSG00000105639",470,5.1533,1.4514,1.2691,"OK"
"TCGA-BRCA","8e60d7c9-0fee-415f-b7bd-072f1bcd0fac","TCGA-LD-A7W6-01A-81R-A352-07","TCGA-LD-A7W6","Primary Tumor","EPHB2","ENSG00000133216",383,2.2859,0.6438,0.563,"OK"
"TCGA-BRCA","89fa8a0c-e046-4fbf-97c5-4ed5cc4e5e4c","TCGA-A7-A5ZV-01A-11R-A28M-07","TCGA-A7-A5ZV","Primary Tumor","JAK3","ENSG00000105639",166,2.4151,0.7241,0.788,"OK"
"TCGA-BRCA","89fa8a0c-e046-4fbf-97c5-4ed5cc4e5e4c","TCGA-A7-A5ZV-01A-11R-A28M-07","TCGA-A7-A5ZV","Primary Tumor","EPHB2","ENSG00000133216",603,4.7755,1.4317,1.5581,"OK"
"TCGA-BRCA","d5664879-53a0-490a-a3cb-47c551b6bf34","TCGA-BH-A1FN-11A-34R-A13Q-07","TCGA-BH-A1FN","Solid Tissue Normal","JAK3","ENSG00000105639",1666,10.8521,3.45,3.4116,"OK"
"TCGA-BRCA","d5664879-53a0-490a-a3cb-47c551b6bf34","TCGA-BH-A1FN-11A-34R-A13Q-07","TCGA-BH-A1FN","Solid Tissue Normal","EPHB2","ENSG00000133216",783,2.7763,0.8826,0.8728,"OK"
"TCGA-BRCA","e99a371e-14fa-46f7-89c1-ad36bcd82994","TCGA-E2-A1LH-01A-11R-A14D-07","TCGA-E2-A1LH","Primary Tumor","JAK3","ENSG00000105639",1353,12.0538,6.5113,7.6456,"OK"
"TCGA-BRCA","e99a371e-14fa-46f7-89c1-ad36bcd82994","TCGA-E2-A1LH-01A-11R-A14D-07","TCGA-E2-A1LH","Primary Tumor","EPHB2","ENSG00000133216",217,1.0523,0.5685,0.6675,"OK"
"TCGA-BRCA","798e4669-4ca3-4af1-b713-be2b1f30e4dc","TCGA-GM-A3NW-01A-21R-A22K-07","TCGA-GM-A3NW","Primary Tumor","JAK3","ENSG00000105639",439,3.8978,1.2147,1.1859,"OK"
"TCGA-BRCA","798e4669-4ca3-4af1-b713-be2b1f30e4dc","TCGA-GM-A3NW-01A-21R-A22K-07","TCGA-GM-A3NW","Primary Tumor","EPHB2","ENSG00000133216",512,2.4745,0.7712,0.7529,"OK"
"TCGA-BRCA","5b4ec1fd-516d-4c32-a233-0699e591df1a","TCGA-D8-A1J9-01A-11R-A13Q-07","TCGA-D8-A1J9","Primary Tumor","JAK3","ENSG00000105639",356,2.4965,0.617,0.6596,"OK"
"TCGA-BRCA","5b4ec1fd-516d-4c32-a233-0699e591df1a","TCGA-D8-A1J9-01A-11R-A13Q-07","TCGA-D8-A1J9","Primary Tumor","EPHB2","ENSG00000133216",1084,4.138,1.0227,1.0933,"OK"
"TCGA-BRCA","d80334e2-0ee0-432a-aa78-3d6ca1f017e5","TCGA-C8-A8HR-01A-11R-A36F-07","TCGA-C8-A8HR","Primary Tumor","JAK3","ENSG00000105639",1397,15.1068,4.6083,4.5049,"OK"
"TCGA-BRCA","d80334e2-0ee0-432a-aa78-3d6ca1f017e5","TCGA-C8-A8HR-01A-11R-A36F-07","TCGA-C8-A8HR","Primary Tumor","EPHB2","ENSG00000133216",715,4.2088,1.2839,1.2551,"OK"
"TCGA-BRCA","7300d49e-2e8c-42e0-873a-1674a19b71e6","TCGA-D8-A1JF-01A-11R-A13Q-07","TCGA-D8-A1JF","Primary Tumor","JAK3","ENSG00000105639",1009,6.0322,1.9956,2.137,"OK"
"TCGA-BRCA","7300d49e-2e8c-42e0-873a-1674a19b71e6","TCGA-D8-A1JF-01A-11R-A13Q-07","TCGA-D8-A1JF","Primary Tumor","EPHB2","ENSG00000133216",1174,3.8206,1.2639,1.3535,"OK"
"TCGA-BRCA","808f4ac6-9bc9-402f-be36-b7ec8658c150","TCGA-E9-A1R7-11A-42R-A14M-07","TCGA-E9-A1R7","Solid Tissue Normal","JAK3","ENSG00000105639",306,2.4622,0.7604,0.8624,"OK"
"TCGA-BRCA","808f4ac6-9bc9-402f-be36-b7ec8658c150","TCGA-E9-A1R7-11A-42R-A14M-07","TCGA-E9-A1R7","Solid Tissue Normal","EPHB2","ENSG00000133216",566,2.479,0.7656,0.8683,"OK"
"TCGA-BRCA","a9f49b86-3801-420d-915c-0e09a15c6e59","TCGA-BH-A0BJ-11A-23R-A089-07","TCGA-BH-A0BJ","Solid Tissue Normal","JAK3","ENSG00000105639",408,4.7807,1.2244,1.1578,"OK"
"TCGA-BRCA","a9f49b86-3801-420d-915c-0e09a15c6e59","TCGA-BH-A0BJ-11A-23R-A089-07","TCGA-BH-A0BJ","Solid Tissue Normal","EPHB2","ENSG00000133216",271,1.7285,0.4427,0.4186,"OK"
"TCGA-BRCA","8d558ae5-f3a1-49fa-aa44-5abc6244b57a","TCGA-E2-A1B4-01A-11R-A12P-07","TCGA-E2-A1B4","Primary Tumor","JAK3","ENSG00000105639",334,2.2079,0.6811,0.6516,"OK"
"TCGA-BRCA","8d558ae5-f3a1-49fa-aa44-5abc6244b57a","TCGA-E2-A1B4-01A-11R-A12P-07","TCGA-E2-A1B4","Primary Tumor","EPHB2","ENSG00000133216",446,1.6049,0.4951,0.4736,"OK"
"TCGA-BRCA","490df7f9-4b05-449d-bf47-d7de49aa50c0","TCGA-EW-A423-01A-11R-A24H-07","TCGA-EW-A423","Primary Tumor","JAK3","ENSG00000105639",464,3.023,1.0885,1.14,"OK"
"TCGA-BRCA","490df7f9-4b05-449d-bf47-d7de49aa50c0","TCGA-EW-A423-01A-11R-A24H-07","TCGA-EW-A423","Primary Tumor","EPHB2","ENSG00000133216",576,2.0427,0.7356,0.7703,"OK"
"TCGA-BRCA","d880fcce-ad8a-4402-911c-11129d2225df","TCGA-D8-A27T-01A-11R-A16F-07","TCGA-D8-A27T","Primary Tumor","JAK3","ENSG00000105639",644,5.7446,1.4968,1.5332,"OK"
"TCGA-BRCA","d880fcce-ad8a-4402-911c-11129d2225df","TCGA-D8-A27T-01A-11R-A16F-07","TCGA-D8-A27T","Primary Tumor","EPHB2","ENSG00000133216",853,4.1419,1.0792,1.1054,"OK"
"TCGA-BRCA","55214dd2-b3e8-444c-9d02-3db6008b1920","TCGA-BH-A208-01A-11R-A157-07","TCGA-BH-A208","Primary Tumor","JAK3","ENSG00000105639",700,5.7336,1.663,2.1931,"OK"
"TCGA-BRCA","55214dd2-b3e8-444c-9d02-3db6008b1920","TCGA-BH-A208-01A-11R-A157-07","TCGA-BH-A208","Primary Tumor","EPHB2","ENSG00000133216",1278,5.6981,1.6528,2.1795,"OK"
"TCGA-BRCA","a542178a-a338-40d4-be52-b9a71af89b58","TCGA-AO-A03T-01A-21R-A034-07","TCGA-AO-A03T","Primary Tumor","JAK3","ENSG00000105639",640,3.3049,1.7292,2.4217,"OK"
"TCGA-BRCA","a542178a-a338-40d4-be52-b9a71af89b58","TCGA-AO-A03T-01A-21R-A034-07","TCGA-AO-A03T","Primary Tumor","EPHB2","ENSG00000133216",580,1.6304,0.853,1.1946,"OK"
"TCGA-BRCA","8849e5bf-ff35-4cbf-972c-01fb92201a73","TCGA-BH-A208-11A-51R-A157-07","TCGA-BH-A208","Solid Tissue Normal","JAK3","ENSG00000105639",447,3.4642,1.0197,1.0042,"OK"
"TCGA-BRCA","8849e5bf-ff35-4cbf-972c-01fb92201a73","TCGA-BH-A208-11A-51R-A157-07","TCGA-BH-A208","Solid Tissue Normal","EPHB2","ENSG00000133216",202,0.8522,0.2508,0.247,"OK"
"TCGA-BRCA","363736c4-cc2d-4920-a10b-bd0de899cdb1","TCGA-BH-A0E9-01B-11R-A115-07","TCGA-BH-A0E9","Primary Tumor","JAK3","ENSG00000105639",1032,10.2869,2.8011,2.5587,"OK"
"TCGA-BRCA","363736c4-cc2d-4920-a10b-bd0de899cdb1","TCGA-BH-A0E9-01B-11R-A115-07","TCGA-BH-A0E9","Primary Tumor","EPHB2","ENSG00000133216",441,2.3929,0.6516,0.5952,"OK"
"TCGA-BRCA","7e0c78b6-4020-47b6-a8bf-46cf290c5c85","TCGA-BH-A2L8-01A-11R-A18M-07","TCGA-BH-A2L8","Primary Tumor","JAK3","ENSG00000105639",2098,19.9397,5.6838,5.5783,"OK"
"TCGA-BRCA","7e0c78b6-4020-47b6-a8bf-46cf290c5c85","TCGA-BH-A2L8-01A-11R-A18M-07","TCGA-BH-A2L8","Primary Tumor","EPHB2","ENSG00000133216",763,3.9474,1.1252,1.1043,"OK"
"TCGA-BRCA","f6392b6f-24d9-4768-8269-c7c647f8ff8c","TCGA-A2-A0YH-01A-11R-A109-07","TCGA-A2-A0YH","Primary Tumor","JAK3","ENSG00000105639",1031,8.7326,2.7069,2.6246,"OK"
"TCGA-BRCA","f6392b6f-24d9-4768-8269-c7c647f8ff8c","TCGA-A2-A0YH-01A-11R-A109-07","TCGA-A2-A0YH","Primary Tumor","EPHB2","ENSG00000133216",2447,11.2822,3.4972,3.3909,"OK"
"TCGA-BRCA","2ff175d2-100f-4ce8-8d1e-b3b95b41ae56","TCGA-AN-A0FT-01A-11R-A034-07","TCGA-AN-A0FT","Primary Tumor","JAK3","ENSG00000105639",484,2.7496,1.223,1.4886,"OK"
"TCGA-BRCA","2ff175d2-100f-4ce8-8d1e-b3b95b41ae56","TCGA-AN-A0FT-01A-11R-A034-07","TCGA-AN-A0FT","Primary Tumor","EPHB2","ENSG00000133216",759,2.3471,1.044,1.2707,"OK"
"TCGA-BRCA","bc39baa2-786e-4d9a-874e-a7f4febc3be2","TCGA-AO-A03V-01A-11R-A115-07","TCGA-AO-A03V","Primary Tumor","JAK3","ENSG00000105639",952,10.3684,2.7557,2.6118,"OK"
"TCGA-BRCA","bc39baa2-786e-4d9a-874e-a7f4febc3be2","TCGA-AO-A03V-01A-11R-A115-07","TCGA-AO-A03V","Primary Tumor","EPHB2","ENSG00000133216",491,2.9109,0.7737,0.7333,"OK"
"TCGA-BRCA","59858555-bc6a-4286-8280-0f8341123cac","TCGA-AR-A1AH-01A-11R-A12D-07","TCGA-AR-A1AH","Primary Tumor","JAK3","ENSG00000105639",307,2.6808,0.7954,0.7619,"OK"
"TCGA-BRCA","59858555-bc6a-4286-8280-0f8341123cac","TCGA-AR-A1AH-01A-11R-A12D-07","TCGA-AR-A1AH","Primary Tumor","EPHB2","ENSG00000133216",1005,4.777,1.4174,1.3577,"OK"
"TCGA-BRCA","f45af277-1f94-4cdd-97d4-8ccdbd7ff18e","TCGA-AC-A23H-11A-12R-A157-07","TCGA-AC-A23H","Solid Tissue Normal","JAK3","ENSG00000105639",347,2.3506,0.7735,0.8657,"OK"
"TCGA-BRCA","f45af277-1f94-4cdd-97d4-8ccdbd7ff18e","TCGA-AC-A23H-11A-12R-A157-07","TCGA-AC-A23H","Solid Tissue Normal","EPHB2","ENSG00000133216",745,2.7471,0.904,1.0117,"OK"
"TCGA-BRCA","b9549737-232d-446f-812f-e7e015bfb462","TCGA-EW-A1J3-01A-11R-A13Q-07","TCGA-EW-A1J3","Primary Tumor","JAK3","ENSG00000105639",378,2.5837,0.8257,0.887,"OK"
"TCGA-BRCA","b9549737-232d-446f-812f-e7e015bfb462","TCGA-EW-A1J3-01A-11R-A13Q-07","TCGA-EW-A1J3","Primary Tumor","EPHB2","ENSG00000133216",285,1.0604,0.3389,0.3641,"OK"
"TCGA-BRCA","d5120825-ab1f-446c-af1e-3be57846a15b","TCGA-AN-A0AS-01A-11R-A00Z-07","TCGA-AN-A0AS","Primary Tumor","JAK3","ENSG00000105639",301,3.2047,0.875,0.9776,"OK"
"TCGA-BRCA","d5120825-ab1f-446c-af1e-3be57846a15b","TCGA-AN-A0AS-01A-11R-A00Z-07","TCGA-AN-A0AS","Primary Tumor","EPHB2","ENSG00000133216",689,3.9931,1.0903,1.2181,"OK"
"TCGA-BRCA","9054231e-9b1f-4ee4-b22c-1e9dbfdcfc03","TCGA-B6-A0X7-01A-11R-A10J-07","TCGA-B6-A0X7","Primary Tumor","JAK3","ENSG00000105639",362,3.0141,0.8937,0.8792,"OK"
"TCGA-BRCA","9054231e-9b1f-4ee4-b22c-1e9dbfdcfc03","TCGA-B6-A0X7-01A-11R-A10J-07","TCGA-B6-A0X7","Primary Tumor","EPHB2","ENSG00000133216",1007,4.5641,1.3533,1.3314,"OK"
"TCGA-BRCA","51886a03-7aee-4b58-806f-906a29bfad0c","TCGA-D8-A141-01A-11R-A115-07","TCGA-D8-A141","Primary Tumor","JAK3","ENSG00000105639",2570,23.6336,6.0408,6.2613,"OK"
"TCGA-BRCA","51886a03-7aee-4b58-806f-906a29bfad0c","TCGA-D8-A141-01A-11R-A115-07","TCGA-D8-A141","Primary Tumor","EPHB2","ENSG00000133216",837,4.1898,1.0709,1.11,"OK"
"TCGA-BRCA","392edd04-fdec-4eb7-ba2e-cef02519c219","TCGA-E9-A1RC-11A-33R-A157-07","TCGA-E9-A1RC","Solid Tissue Normal","JAK3","ENSG00000105639",241,1.4013,0.4799,0.6115,"OK"
"TCGA-BRCA","392edd04-fdec-4eb7-ba2e-cef02519c219","TCGA-E9-A1RC-11A-33R-A157-07","TCGA-E9-A1RC","Solid Tissue Normal","EPHB2","ENSG00000133216",728,2.3041,0.7891,1.0055,"OK"
"TCGA-BRCA","8c600781-5238-4b46-80bc-aa2710c1ed3f","TCGA-E9-A1RC-01A-11R-A157-07","TCGA-E9-A1RC","Primary Tumor","JAK3","ENSG00000105639",119,0.895,0.2148,0.2127,"OK"
"TCGA-BRCA","8c600781-5238-4b46-80bc-aa2710c1ed3f","TCGA-E9-A1RC-01A-11R-A157-07","TCGA-E9-A1RC","Primary Tumor","EPHB2","ENSG00000133216",385,1.5763,0.3783,0.3745,"OK"
"TCGA-BRCA","f55dbdb1-0301-4000-a854-717aed117a63","TCGA-A2-A4RY-01A-31R-A266-07","TCGA-A2-A4RY","Primary Tumor","JAK3","ENSG00000105639",1407,20.6611,5.5443,4.9241,"OK"
"TCGA-BRCA","f55dbdb1-0301-4000-a854-717aed117a63","TCGA-A2-A4RY-01A-31R-A266-07","TCGA-A2-A4RY","Primary Tumor","EPHB2","ENSG00000133216",336,2.6858,0.7207,0.6401,"OK"
"TCGA-BRCA","3fafe34a-38e2-4645-af4e-0d77fd5464c1","TCGA-OL-A5S0-01A-11R-A28M-07","TCGA-OL-A5S0","Primary Tumor","JAK3","ENSG00000105639",1038,12.3192,3.8868,4.0158,"OK"
"TCGA-BRCA","3fafe34a-38e2-4645-af4e-0d77fd5464c1","TCGA-OL-A5S0-01A-11R-A28M-07","TCGA-OL-A5S0","Primary Tumor","EPHB2","ENSG00000133216",852,5.5042,1.7366,1.7943,"OK"
"TCGA-BRCA","65264188-23f8-4214-a45a-574f47471bb3","TCGA-AC-A8OR-01A-21R-A41B-07","TCGA-AC-A8OR","Primary Tumor","JAK3","ENSG00000105639",274,4.0074,1.1105,1.0127,"OK"
"TCGA-BRCA","65264188-23f8-4214-a45a-574f47471bb3","TCGA-AC-A8OR-01A-21R-A41B-07","TCGA-AC-A8OR","Primary Tumor","EPHB2","ENSG00000133216",232,1.847,0.5119,0.4667,"OK"
"TCGA-BRCA","87b59374-da2d-41ba-bbde-43a9022eac2c","TCGA-A2-A0CK-01A-11R-A22K-07","TCGA-A2-A0CK","Primary Tumor","JAK3","ENSG00000105639",548,4.954,1.6089,1.5966,"OK"
"TCGA-BRCA","87b59374-da2d-41ba-bbde-43a9022eac2c","TCGA-A2-A0CK-01A-11R-A22K-07","TCGA-A2-A0CK","Primary Tumor","EPHB2","ENSG00000133216",413,2.0323,0.66,0.655,"OK"
"TCGA-BRCA","68814d4d-9db8-471f-b4b3-5c2fecb10773","TCGA-E2-A56Z-01A-12R-A29R-07","TCGA-E2-A56Z","Primary Tumor","JAK3","ENSG00000105639",350,3.2142,1.1368,1.1064,"OK"
"TCGA-BRCA","68814d4d-9db8-471f-b4b3-5c2fecb10773","TCGA-E2-A56Z-01A-12R-A29R-07","TCGA-E2-A56Z","Primary Tumor","EPHB2","ENSG00000133216",302,1.5097,0.5339,0.5197,"OK"
"TCGA-BRCA","4b96ee43-874c-4fa6-b5ce-08caf37ef2e1","TCGA-A7-A13E-01A-11R-A277-07","TCGA-A7-A13E","Primary Tumor","JAK3","ENSG00000105639",329,3.9677,1.3132,1.2056,"OK"
"TCGA-BRCA","4b96ee43-874c-4fa6-b5ce-08caf37ef2e1","TCGA-A7-A13E-01A-11R-A277-07","TCGA-A7-A13E","Primary Tumor","EPHB2","ENSG00000133216",910,5.9739,1.9772,1.8151,"OK"
"TCGA-BRCA","d914654b-ec4f-4be5-a525-2997a4b39279","TCGA-B6-A0RV-01A-11R-A084-07","TCGA-B6-A0RV","Primary Tumor","JAK3","ENSG00000105639",561,6.5162,1.7797,1.6656,"OK"
"TCGA-BRCA","d914654b-ec4f-4be5-a525-2997a4b39279","TCGA-B6-A0RV-01A-11R-A084-07","TCGA-B6-A0RV","Primary Tumor","EPHB2","ENSG00000133216",396,2.5038,0.6838,0.64,"OK"
"TCGA-BRCA","4e98f490-cbdf-4864-8cc3-b5f9d3c95146","TCGA-E9-A1R6-01A-11R-A14D-07","TCGA-E9-A1R6","Primary Tumor","JAK3","ENSG00000105639",179,1.9132,0.5025,0.479,"OK"
"TCGA-BRCA","4e98f490-cbdf-4864-8cc3-b5f9d3c95146","TCGA-E9-A1R6-01A-11R-A14D-07","TCGA-E9-A1R6","Primary Tumor","EPHB2","ENSG00000133216",486,2.8276,0.7426,0.7079,"OK"
"TCGA-BRCA","7d0189e8-9726-439a-b5e4-b650bc33794b","TCGA-BH-A0C7-01B-11R-A115-07","TCGA-BH-A0C7","Primary Tumor","JAK3","ENSG00000105639",513,4.0692,1.0092,0.9395,"OK"
"TCGA-BRCA","7d0189e8-9726-439a-b5e4-b650bc33794b","TCGA-BH-A0C7-01B-11R-A115-07","TCGA-BH-A0C7","Primary Tumor","EPHB2","ENSG00000133216",721,3.1131,0.7721,0.7187,"OK"
"TCGA-BRCA","478c9754-5a19-477b-8b9d-0825f95f88ff","TCGA-E2-A570-01A-11R-A29R-07","TCGA-E2-A570","Primary Tumor","JAK3","ENSG00000105639",778,9.2979,2.7937,2.7528,"OK"
"TCGA-BRCA","478c9754-5a19-477b-8b9d-0825f95f88ff","TCGA-E2-A570-01A-11R-A29R-07","TCGA-E2-A570","Primary Tumor","EPHB2","ENSG00000133216",298,1.9386,0.5825,0.574,"OK"
"TCGA-BRCA","27513ce4-3807-481f-abcb-c59774a90519","TCGA-BH-A0AY-01A-21R-A00Z-07","TCGA-BH-A0AY","Primary Tumor","JAK3","ENSG00000105639",826,6.5817,2.395,2.5722,"OK"
"TCGA-BRCA","27513ce4-3807-481f-abcb-c59774a90519","TCGA-BH-A0AY-01A-21R-A00Z-07","TCGA-BH-A0AY","Primary Tumor","EPHB2","ENSG00000133216",1241,5.3827,1.9587,2.1036,"OK"
"TCGA-BRCA","5755f322-5df5-4b88-9c79-640167775c12","TCGA-E2-A1LS-01A-12R-A157-07","TCGA-E2-A1LS","Primary Tumor","JAK3","ENSG00000105639",170,0.709,0.3842,0.5999,"OK"
"TCGA-BRCA","5755f322-5df5-4b88-9c79-640167775c12","TCGA-E2-A1LS-01A-12R-A157-07","TCGA-E2-A1LS","Primary Tumor","EPHB2","ENSG00000133216",72,0.1635,0.0886,0.1383,"OK"
"TCGA-BRCA","2a2d5de1-44d7-4c83-91d6-fc1b3c136143","TCGA-A8-A09N-01A-11R-A00Z-07","TCGA-A8-A09N","Primary Tumor","JAK3","ENSG00000105639",289,3.8082,0.9754,0.9406,"OK"
"TCGA-BRCA","2a2d5de1-44d7-4c83-91d6-fc1b3c136143","TCGA-A8-A09N-01A-11R-A00Z-07","TCGA-A8-A09N","Primary Tumor","EPHB2","ENSG00000133216",449,3.2206,0.8249,0.7955,"OK"
"TCGA-BRCA","78b9cc4c-a99b-4814-9538-3cf9515af75b","TCGA-A8-A09D-01A-11R-A00Z-07","TCGA-A8-A09D","Primary Tumor","JAK3","ENSG00000105639",497,4.5074,1.3556,1.432,"OK"
"TCGA-BRCA","78b9cc4c-a99b-4814-9538-3cf9515af75b","TCGA-A8-A09D-01A-11R-A00Z-07","TCGA-A8-A09D","Primary Tumor","EPHB2","ENSG00000133216",681,3.362,1.0111,1.0681,"OK"
"TCGA-BRCA","0a74ea3f-dadc-4c9f-96ea-62a77c1e602c","TCGA-C8-A135-01A-11R-A115-07","TCGA-C8-A135","Primary Tumor","JAK3","ENSG00000105639",544,5.2105,1.6547,1.8518,"OK"
"TCGA-BRCA","0a74ea3f-dadc-4c9f-96ea-62a77c1e602c","TCGA-C8-A135-01A-11R-A115-07","TCGA-C8-A135","Primary Tumor","EPHB2","ENSG00000133216",466,2.4296,0.7716,0.8635,"OK"
"TCGA-BRCA","d5d23d6a-c141-442f-ac4f-714e46b8d9ef","TCGA-A2-A0T5-01A-21R-A084-07","TCGA-A2-A0T5","Primary Tumor","JAK3","ENSG00000105639",666,6.0951,1.7298,1.8082,"OK"
"TCGA-BRCA","d5d23d6a-c141-442f-ac4f-714e46b8d9ef","TCGA-A2-A0T5-01A-21R-A084-07","TCGA-A2-A0T5","Primary Tumor","EPHB2","ENSG00000133216",618,3.0787,0.8737,0.9133,"OK"
"TCGA-BRCA","19264a73-b106-4b24-be01-0a9a137c6de9","TCGA-D8-A1J8-01A-11R-A13Q-07","TCGA-D8-A1J8","Primary Tumor","JAK3","ENSG00000105639",1702,13.7456,3.514,3.2862,"OK"
"TCGA-BRCA","19264a73-b106-4b24-be01-0a9a137c6de9","TCGA-D8-A1J8-01A-11R-A13Q-07","TCGA-D8-A1J8","Primary Tumor","EPHB2","ENSG00000133216",563,2.4751,0.6327,0.5917,"OK"
"TCGA-BRCA","e20d0db7-984a-4bcf-9f1e-54ec63d55a2f","TCGA-C8-A133-01A-32R-A12D-07","TCGA-C8-A133","Primary Tumor","JAK3","ENSG00000105639",39,0.406,0.1194,0.1281,"OK"
"TCGA-BRCA","e20d0db7-984a-4bcf-9f1e-54ec63d55a2f","TCGA-C8-A133-01A-32R-A12D-07","TCGA-C8-A133","Primary Tumor","EPHB2","ENSG00000133216",210,1.1901,0.3498,0.3755,"OK"
"TCGA-BRCA","9b13d7e4-d265-4c0b-8aa3-5b4af70ff87d","TCGA-EW-A1IY-01A-11R-A13Q-07","TCGA-EW-A1IY","Primary Tumor","JAK3","ENSG00000105639",1718,13.1903,3.4429,3.3599,"OK"
"TCGA-BRCA","9b13d7e4-d265-4c0b-8aa3-5b4af70ff87d","TCGA-EW-A1IY-01A-11R-A13Q-07","TCGA-EW-A1IY","Primary Tumor","EPHB2","ENSG00000133216",559,2.3362,0.6098,0.5951,"OK"
"TCGA-BRCA","09f9ebad-e7cd-4c20-9eab-8fd2066d9051","TCGA-BH-A1FC-01A-11R-A13Q-07","TCGA-BH-A1FC","Primary Tumor","JAK3","ENSG00000105639",1481,8.0924,3.4958,3.2361,"OK"
"TCGA-BRCA","09f9ebad-e7cd-4c20-9eab-8fd2066d9051","TCGA-BH-A1FC-01A-11R-A13Q-07","TCGA-BH-A1FC","Primary Tumor","EPHB2","ENSG00000133216",663,1.972,0.8519,0.7886,"OK"
"TCGA-BRCA","fc203d80-6254-402c-8c8b-a5500bfa909e","TCGA-AR-A0TV-01A-21R-A084-07","TCGA-AR-A0TV","Primary Tumor","JAK3","ENSG00000105639",908,7.8129,2.4265,2.3898,"OK"
"TCGA-BRCA","fc203d80-6254-402c-8c8b-a5500bfa909e","TCGA-AR-A0TV-01A-21R-A084-07","TCGA-AR-A0TV","Primary Tumor","EPHB2","ENSG00000133216",511,2.3934,0.7433,0.7321,"OK"
"TCGA-BRCA","63adf5e2-d5cb-4937-a0ee-f2914e130b25","TCGA-E9-A1N9-11A-71R-A14D-07","TCGA-E9-A1N9","Solid Tissue Normal","JAK3","ENSG00000105639",426,3.7535,1.1398,1.118,"OK"
"TCGA-BRCA","63adf5e2-d5cb-4937-a0ee-f2914e130b25","TCGA-E9-A1N9-11A-71R-A14D-07","TCGA-E9-A1N9","Solid Tissue Normal","EPHB2","ENSG00000133216",151,0.7242,0.2199,0.2157,"OK"
"TCGA-BRCA","1277b2ec-0374-403f-8bba-cb57aeeb0d01","TCGA-D8-A4Z1-01A-21R-A266-07","TCGA-D8-A4Z1","Primary Tumor","JAK3","ENSG00000105639",598,9.5667,2.5402,2.216,"OK"
"TCGA-BRCA","1277b2ec-0374-403f-8bba-cb57aeeb0d01","TCGA-D8-A4Z1-01A-21R-A266-07","TCGA-D8-A4Z1","Primary Tumor","EPHB2","ENSG00000133216",339,2.9521,0.7839,0.6838,"OK"
"TCGA-BRCA","707414cc-7f34-41c6-8803-6641521a4069","TCGA-AO-A1KR-01A-12R-A144-07","TCGA-AO-A1KR","Primary Tumor","JAK3","ENSG00000105639",477,4.5073,1.9037,2.3707,"OK"
"TCGA-BRCA","707414cc-7f34-41c6-8803-6641521a4069","TCGA-AO-A1KR-01A-12R-A144-07","TCGA-AO-A1KR","Primary Tumor","EPHB2","ENSG00000133216",140,0.7201,0.3042,0.3788,"OK"
"TCGA-BRCA","ada5cdcf-f9e0-4209-aa92-ac3b921bbdf4","TCGA-E2-A14X-01A-11R-A115-07","TCGA-E2-A14X","Primary Tumor","JAK3","ENSG00000105639",2107,9.5822,3.688,3.8028,"OK"
"TCGA-BRCA","ada5cdcf-f9e0-4209-aa92-ac3b921bbdf4","TCGA-E2-A14X-01A-11R-A115-07","TCGA-E2-A14X","Primary Tumor","EPHB2","ENSG00000133216",692,1.7131,0.6593,0.6799,"OK"
"TCGA-BRCA","6185d5c4-f757-4baa-bd82-fd4050c57312","TCGA-OL-A5RU-01A-11R-A28M-07","TCGA-OL-A5RU","Primary Tumor","JAK3","ENSG00000105639",1509,15.6334,5.1698,4.7503,"OK"
"TCGA-BRCA","6185d5c4-f757-4baa-bd82-fd4050c57312","TCGA-OL-A5RU-01A-11R-A28M-07","TCGA-OL-A5RU","Primary Tumor","EPHB2","ENSG00000133216",492,2.7746,0.9175,0.8431,"OK"
"TCGA-BRCA","ac16e2b7-9566-4330-8e13-4b31b92410e4","TCGA-PL-A8LX-01A-11R-A41B-07","TCGA-PL-A8LX","Primary Tumor","JAK3","ENSG00000105639",337,3.3487,1.0566,1.1543,"OK"
"TCGA-BRCA","ac16e2b7-9566-4330-8e13-4b31b92410e4","TCGA-PL-A8LX-01A-11R-A41B-07","TCGA-PL-A8LX","Primary Tumor","EPHB2","ENSG00000133216",297,1.6065,0.5069,0.5537,"OK"
"TCGA-BRCA","d9126541-4eb3-48fc-88ed-2e0ecea0d9d4","TCGA-E9-A1N5-01A-11R-A14D-07","TCGA-E9-A1N5","Primary Tumor","JAK3","ENSG00000105639",623,8.9277,2.3463,2.1993,"OK"
"TCGA-BRCA","d9126541-4eb3-48fc-88ed-2e0ecea0d9d4","TCGA-E9-A1N5-01A-11R-A14D-07","TCGA-E9-A1N5","Primary Tumor","EPHB2","ENSG00000133216",626,4.8831,1.2833,1.2029,"OK"
"TCGA-BRCA","da93e1a9-6863-4c98-b1fd-52d22ecbca45","TCGA-S3-AA17-01A-11R-A41B-07","TCGA-S3-AA17","Primary Tumor","JAK3","ENSG00000105639",2773,22.9787,8.9827,8.8678,"OK"
"TCGA-BRCA","da93e1a9-6863-4c98-b1fd-52d22ecbca45","TCGA-S3-AA17-01A-11R-A41B-07","TCGA-S3-AA17","Primary Tumor","EPHB2","ENSG00000133216",791,3.568,1.3948,1.3769,"OK"
"TCGA-BRCA","c94fb480-7f46-4c24-bcb1-26f66a57c45a","TCGA-A2-A0YE-01A-11R-A109-07","TCGA-A2-A0YE","Primary Tumor","JAK3","ENSG00000105639",1350,12.3856,3.2715,3.2319,"OK"
"TCGA-BRCA","c94fb480-7f46-4c24-bcb1-26f66a57c45a","TCGA-A2-A0YE-01A-11R-A109-07","TCGA-A2-A0YE","Primary Tumor","EPHB2","ENSG00000133216",8040,40.1526,10.6059,10.4773,"OK"
"TCGA-BRCA","d93c4b85-2617-43d9-8017-ed3a82dc4117","TCGA-AC-A3EH-01A-22R-A22K-07","TCGA-AC-A3EH","Primary Tumor","JAK3","ENSG00000105639",324,2.754,0.8218,0.833,"OK"
"TCGA-BRCA","d93c4b85-2617-43d9-8017-ed3a82dc4117","TCGA-AC-A3EH-01A-22R-A22K-07","TCGA-AC-A3EH","Primary Tumor","EPHB2","ENSG00000133216",934,4.3215,1.2895,1.3071,"OK"
"TCGA-BRCA","80c3e656-26e4-4b45-acce-fac1a0c09d28","TCGA-B6-A40B-01A-11R-A239-07","TCGA-B6-A40B","Primary Tumor","JAK3","ENSG00000105639",454,3.4276,1.0322,1.0883,"OK"
"TCGA-BRCA","80c3e656-26e4-4b45-acce-fac1a0c09d28","TCGA-B6-A40B-01A-11R-A239-07","TCGA-B6-A40B","Primary Tumor","EPHB2","ENSG00000133216",526,2.1617,0.651,0.6864,"OK"
"TCGA-BRCA","abefed1d-9f40-4a97-9435-4d9df47f7ebd","TCGA-D8-A147-01A-11R-A115-07","TCGA-D8-A147","Primary Tumor","JAK3","ENSG00000105639",1516,15.899,3.9008,3.5446,"OK"
"TCGA-BRCA","abefed1d-9f40-4a97-9435-4d9df47f7ebd","TCGA-D8-A147-01A-11R-A115-07","TCGA-D8-A147","Primary Tumor","EPHB2","ENSG00000133216",1286,7.3415,1.8012,1.6367,"OK"
"TCGA-BRCA","90e074a0-ca6d-4031-aa26-f79e5c662ba7","TCGA-BH-A0HO-01A-11R-A034-07","TCGA-BH-A0HO","Primary Tumor","JAK3","ENSG00000105639",437,3.2707,0.8399,0.9111,"OK"
"TCGA-BRCA","90e074a0-ca6d-4031-aa26-f79e5c662ba7","TCGA-BH-A0HO-01A-11R-A034-07","TCGA-BH-A0HO","Primary Tumor","EPHB2","ENSG00000133216",1294,5.2719,1.3538,1.4686,"OK"
"TCGA-BRCA","89dfc6f3-9f78-4e03-a2e7-e9010c7814a2","TCGA-AN-A049-01A-21R-A00Z-07","TCGA-AN-A049","Primary Tumor","JAK3","ENSG00000105639",530,5.9841,1.6434,1.6755,"OK"
"TCGA-BRCA","89dfc6f3-9f78-4e03-a2e7-e9010c7814a2","TCGA-AN-A049-01A-21R-A00Z-07","TCGA-AN-A049","Primary Tumor","EPHB2","ENSG00000133216",571,3.5094,0.9638,0.9826,"OK"
"TCGA-BRCA","9b980569-4da2-43ee-a06a-18ee09baf41d","TCGA-A2-A0CP-01A-11R-A034-07","TCGA-A2-A0CP","Primary Tumor","JAK3","ENSG00000105639",386,4.9778,1.6601,1.8964,"OK"
"TCGA-BRCA","9b980569-4da2-43ee-a06a-18ee09baf41d","TCGA-A2-A0CP-01A-11R-A034-07","TCGA-A2-A0CP","Primary Tumor","EPHB2","ENSG00000133216",332,2.3306,0.7772,0.8879,"OK"
"TCGA-BRCA","2c3000b7-4db9-4f00-a82a-ca6802806631","TCGA-C8-A1HM-01A-12R-A137-07","TCGA-C8-A1HM","Primary Tumor","JAK3","ENSG00000105639",1661,20.3462,6.0747,5.8462,"OK"
"TCGA-BRCA","2c3000b7-4db9-4f00-a82a-ca6802806631","TCGA-C8-A1HM-01A-12R-A137-07","TCGA-C8-A1HM","Primary Tumor","EPHB2","ENSG00000133216",406,2.7071,0.8083,0.7779,"OK"
"TCGA-BRCA","de6f1503-33d7-4f86-b835-bdffba7ea4e3","TCGA-BH-A0BC-01A-22R-A084-07","TCGA-BH-A0BC","Primary Tumor","JAK3","ENSG00000105639",818,6.2089,1.8234,1.8525,"OK"
"TCGA-BRCA","de6f1503-33d7-4f86-b835-bdffba7ea4e3","TCGA-BH-A0BC-01A-22R-A084-07","TCGA-BH-A0BC","Primary Tumor","EPHB2","ENSG00000133216",1301,5.3754,1.5786,1.6038,"OK"
"TCGA-BRCA","cf089a52-2196-422d-affa-a5f434edd134","TCGA-A8-A08L-01A-11R-A00Z-07","TCGA-A8-A08L","Primary Tumor","JAK3","ENSG00000105639",1198,9.4883,2.7927,2.6968,"OK"
"TCGA-BRCA","cf089a52-2196-422d-affa-a5f434edd134","TCGA-A8-A08L-01A-11R-A00Z-07","TCGA-A8-A08L","Primary Tumor","EPHB2","ENSG00000133216",727,3.1343,0.9225,0.8908,"OK"
"TCGA-BRCA","a03952ab-2ac1-43a5-a438-1f022bcd0b16","TCGA-E2-A14Q-01A-11R-A12D-07","TCGA-E2-A14Q","Primary Tumor","JAK3","ENSG00000105639",555,4.8418,1.4079,1.3378,"OK"
"TCGA-BRCA","a03952ab-2ac1-43a5-a438-1f022bcd0b16","TCGA-E2-A14Q-01A-11R-A12D-07","TCGA-E2-A14Q","Primary Tumor","EPHB2","ENSG00000133216",253,1.2014,0.3494,0.332,"OK"
"TCGA-BRCA","03d18286-1038-4c0c-9c05-d1269e280250","TCGA-BH-A0H5-01A-21R-A115-07","TCGA-BH-A0H5","Primary Tumor","JAK3","ENSG00000105639",4928,41.187,14.4025,13.6475,"OK"
"TCGA-BRCA","03d18286-1038-4c0c-9c05-d1269e280250","TCGA-BH-A0H5-01A-21R-A115-07","TCGA-BH-A0H5","Primary Tumor","EPHB2","ENSG00000133216",611,2.7797,0.972,0.9211,"OK"
"TCGA-BRCA","386ce911-e1c2-4d68-b0a3-aac157e1a555","TCGA-PE-A5DE-01A-11R-A27Q-07","TCGA-PE-A5DE","Primary Tumor","JAK3","ENSG00000105639",2758,30.2887,9.735,9.0238,"OK"
"TCGA-BRCA","386ce911-e1c2-4d68-b0a3-aac157e1a555","TCGA-PE-A5DE-01A-11R-A27Q-07","TCGA-PE-A5DE","Primary Tumor","EPHB2","ENSG00000133216",600,3.5868,1.1528,1.0686,"OK"
"TCGA-BRCA","d53192c4-2356-4b6c-b98f-19eded7b7e29","TCGA-LQ-A4E4-01A-11R-A266-07","TCGA-LQ-A4E4","Primary Tumor","JAK3","ENSG00000105639",350,4.2778,1.3404,1.2493,"OK"
"TCGA-BRCA","d53192c4-2356-4b6c-b98f-19eded7b7e29","TCGA-LQ-A4E4-01A-11R-A266-07","TCGA-LQ-A4E4","Primary Tumor","EPHB2","ENSG00000133216",230,1.5302,0.4795,0.4469,"OK"
"TCGA-BRCA","ab06e3b7-52ef-45e4-8fc6-dbb4f63b110e","TCGA-BH-A1FN-01A-11R-A13Q-07","TCGA-BH-A1FN","Primary Tumor","JAK3","ENSG00000105639",264,3.5772,0.9279,0.9082,"OK"
"TCGA-BRCA","ab06e3b7-52ef-45e4-8fc6-dbb4f63b110e","TCGA-BH-A1FN-01A-11R-A13Q-07","TCGA-BH-A1FN","Primary Tumor","EPHB2","ENSG00000133216",1265,9.3306,2.4202,2.3688,"OK"
"TCGA-BRCA","18b0bd2d-505f-4ecb-9bea-b52e6a74cebd","TCGA-E2-A1LH-11A-22R-A14D-07","TCGA-E2-A1LH","Solid Tissue Normal","JAK3","ENSG00000105639",565,7.5972,2.1236,1.9499,"OK"
"TCGA-BRCA","18b0bd2d-505f-4ecb-9bea-b52e6a74cebd","TCGA-E2-A1LH-11A-22R-A14D-07","TCGA-E2-A1LH","Solid Tissue Normal","EPHB2","ENSG00000133216",135,0.9881,0.2762,0.2536,"OK"
"TCGA-BRCA","4ef3b472-5fce-4e6a-a835-659cc3fee694","TCGA-BH-A0BO-01A-23R-A12D-07","TCGA-BH-A0BO","Primary Tumor","JAK3","ENSG00000105639",1338,12.6328,3.2247,3.1123,"OK"
"TCGA-BRCA","4ef3b472-5fce-4e6a-a835-659cc3fee694","TCGA-BH-A0BO-01A-23R-A12D-07","TCGA-BH-A0BO","Primary Tumor","EPHB2","ENSG00000133216",720,3.7004,0.9446,0.9117,"OK"
"TCGA-BRCA","4660cd29-08ac-452c-9bb8-10e9d9e906ab","TCGA-BH-A0BJ-01A-11R-A056-07","TCGA-BH-A0BJ","Primary Tumor","JAK3","ENSG00000105639",497,4.9846,1.3496,1.3169,"OK"
"TCGA-BRCA","4660cd29-08ac-452c-9bb8-10e9d9e906ab","TCGA-BH-A0BJ-01A-11R-A056-07","TCGA-BH-A0BJ","Primary Tumor","EPHB2","ENSG00000133216",531,2.899,0.7849,0.7659,"OK"
"TCGA-BRCA","09f1c0ee-ee22-435f-88c9-d9f5c936c45c","TCGA-A8-A09X-01A-11R-A00Z-07","TCGA-A8-A09X","Primary Tumor","JAK3","ENSG00000105639",1229,10.581,3.4812,3.6321,"OK"
"TCGA-BRCA","09f1c0ee-ee22-435f-88c9-d9f5c936c45c","TCGA-A8-A09X-01A-11R-A00Z-07","TCGA-A8-A09X","Primary Tumor","EPHB2","ENSG00000133216",852,3.9929,1.3137,1.3706,"OK"
"TCGA-BRCA","97dbbbc5-cd1a-4bb8-99c5-600870ccd35d","TCGA-GM-A2DC-01A-11R-A18M-07","TCGA-GM-A2DC","Primary Tumor","JAK3","ENSG00000105639",149,1.76,0.5998,0.6011,"OK"
"TCGA-BRCA","97dbbbc5-cd1a-4bb8-99c5-600870ccd35d","TCGA-GM-A2DC-01A-11R-A18M-07","TCGA-GM-A2DC","Primary Tumor","EPHB2","ENSG00000133216",1084,6.9701,2.3753,2.3805,"OK"
"TCGA-BRCA","aa2ab118-b3cc-4452-a29c-104f80f16f8d","TCGA-E2-A153-01A-12R-A12D-07","TCGA-E2-A153","Primary Tumor","JAK3","ENSG00000105639",321,4.3121,1.1583,1.2951,"OK"
"TCGA-BRCA","aa2ab118-b3cc-4452-a29c-104f80f16f8d","TCGA-E2-A153-01A-12R-A12D-07","TCGA-E2-A153","Primary Tumor","EPHB2","ENSG00000133216",507,3.7073,0.9958,1.1135,"OK"
"TCGA-BRCA","4f89dad8-a12e-47d2-a7d9-c1b90f1bd61b","TCGA-D8-A1JN-01A-11R-A13Q-07","TCGA-D8-A1JN","Primary Tumor","JAK3","ENSG00000105639",208,2.6534,0.7902,0.7853,"OK"
"TCGA-BRCA","4f89dad8-a12e-47d2-a7d9-c1b90f1bd61b","TCGA-D8-A1JN-01A-11R-A13Q-07","TCGA-D8-A1JN","Primary Tumor","EPHB2","ENSG00000133216",129,0.8958,0.2668,0.2651,"OK"
"TCGA-BRCA","383b947b-6824-4c75-b4f3-ccfa933d3d33","TCGA-A2-A4S0-01A-21R-A266-07","TCGA-A2-A4S0","Primary Tumor","JAK3","ENSG00000105639",156,2.3314,0.6281,0.5995,"OK"
"TCGA-BRCA","383b947b-6824-4c75-b4f3-ccfa933d3d33","TCGA-A2-A4S0-01A-21R-A266-07","TCGA-A2-A4S0","Primary Tumor","EPHB2","ENSG00000133216",169,1.3748,0.3704,0.3536,"OK"
"TCGA-BRCA","f03677e2-11ab-40b2-8499-591357c2c9d6","TCGA-BH-A0AV-01A-31R-A115-07","TCGA-BH-A0AV","Primary Tumor","JAK3","ENSG00000105639",859,7.6718,1.9024,2.0958,"OK"
"TCGA-BRCA","f03677e2-11ab-40b2-8499-591357c2c9d6","TCGA-BH-A0AV-01A-31R-A115-07","TCGA-BH-A0AV","Primary Tumor","EPHB2","ENSG00000133216",675,3.2816,0.8137,0.8965,"OK"
"TCGA-BRCA","6ac73ea5-48e8-40d8-8383-fa28991813fd","TCGA-A2-A0YJ-01A-11R-A109-07","TCGA-A2-A0YJ","Primary Tumor","JAK3","ENSG00000105639",316,3.5894,0.9423,0.9312,"OK"
"TCGA-BRCA","6ac73ea5-48e8-40d8-8383-fa28991813fd","TCGA-A2-A0YJ-01A-11R-A109-07","TCGA-A2-A0YJ","Primary Tumor","EPHB2","ENSG00000133216",152,0.9398,0.2467,0.2438,"OK"
"TCGA-BRCA","1a8d6cfd-095d-4461-875a-56d27816a0f5","TCGA-E2-A10A-01A-21R-A115-07","TCGA-E2-A10A","Primary Tumor","JAK3","ENSG00000105639",355,3.7138,0.8904,0.8037,"OK"
"TCGA-BRCA","1a8d6cfd-095d-4461-875a-56d27816a0f5","TCGA-E2-A10A-01A-21R-A115-07","TCGA-E2-A10A","Primary Tumor","EPHB2","ENSG00000133216",559,3.1833,0.7632,0.6889,"OK"
"TCGA-BRCA","1ce0d66a-176d-4d8a-b1c4-64d847e299be","TCGA-BH-A1FM-11B-23R-A13Q-07","TCGA-BH-A1FM","Solid Tissue Normal","JAK3","ENSG00000105639",719,5.3979,1.5796,1.5363,"OK"
"TCGA-BRCA","1ce0d66a-176d-4d8a-b1c4-64d847e299be","TCGA-BH-A1FM-11B-23R-A13Q-07","TCGA-BH-A1FM","Solid Tissue Normal","EPHB2","ENSG00000133216",332,1.3568,0.397,0.3861,"OK"
"TCGA-BRCA","f73d3dce-d75f-4f76-b49c-99348ee641cc","TCGA-OL-A5RX-01A-11R-A28M-07","TCGA-OL-A5RX","Primary Tumor","JAK3","ENSG00000105639",717,8.6318,2.4214,2.1782,"OK"
"TCGA-BRCA","f73d3dce-d75f-4f76-b49c-99348ee641cc","TCGA-OL-A5RX-01A-11R-A28M-07","TCGA-OL-A5RX","Primary Tumor","EPHB2","ENSG00000133216",191,1.2517,0.3511,0.3159,"OK"
"TCGA-BRCA","ccb87d7a-2729-4017-bc17-10e5a67bd5cc","TCGA-E2-A15M-11A-22R-A12D-07","TCGA-E2-A15M","Solid Tissue Normal","JAK3","ENSG00000105639",439,4.7207,1.3939,1.453,"OK"
"TCGA-BRCA","ccb87d7a-2729-4017-bc17-10e5a67bd5cc","TCGA-E2-A15M-11A-22R-A12D-07","TCGA-E2-A15M","Solid Tissue Normal","EPHB2","ENSG00000133216",315,1.8438,0.5444,0.5675,"OK"
"TCGA-BRCA","c4a9a1df-4397-409e-85ec-30e0789377c2","TCGA-BH-A42V-01A-11R-A24H-07","TCGA-BH-A42V","Primary Tumor","JAK3","ENSG00000105639",1352,10.26,3.0181,2.8948,"OK"
"TCGA-BRCA","c4a9a1df-4397-409e-85ec-30e0789377c2","TCGA-BH-A42V-01A-11R-A24H-07","TCGA-BH-A42V","Primary Tumor","EPHB2","ENSG00000133216",490,2.0241,0.5954,0.5711,"OK"
"TCGA-BRCA","06952c59-978d-4ef4-b716-c55dd6747699","TCGA-A7-A13E-01B-06R-A277-07","TCGA-A7-A13E","Primary Tumor","JAK3","ENSG00000105639",618,10.4931,4.127,4.3296,"OK"
"TCGA-BRCA","06952c59-978d-4ef4-b716-c55dd6747699","TCGA-A7-A13E-01B-06R-A277-07","TCGA-A7-A13E","Primary Tumor","EPHB2","ENSG00000133216",206,1.904,0.7488,0.7856,"OK"
"TCGA-BRCA","0a06329d-82cd-41a9-822e-43cfd49e63a2","TCGA-A8-A082-01A-11R-A00Z-07","TCGA-A8-A082","Primary Tumor","JAK3","ENSG00000105639",156,1.6771,0.4545,0.4468,"OK"
"TCGA-BRCA","0a06329d-82cd-41a9-822e-43cfd49e63a2","TCGA-A8-A082-01A-11R-A00Z-07","TCGA-A8-A082","Primary Tumor","EPHB2","ENSG00000133216",652,3.8156,1.0341,1.0166,"OK"
"TCGA-BRCA","c95a37a1-d3cd-421c-bc5f-0f8dc448f64c","TCGA-A2-A04P-01A-31R-A034-07","TCGA-A2-A04P","Primary Tumor","JAK3","ENSG00000105639",901,5.1623,2.6024,3.4401,"OK"
"TCGA-BRCA","c95a37a1-d3cd-421c-bc5f-0f8dc448f64c","TCGA-A2-A04P-01A-31R-A034-07","TCGA-A2-A04P","Primary Tumor","EPHB2","ENSG00000133216",544,1.6966,0.8553,1.1306,"OK"
"TCGA-BRCA","90116c25-271c-4be2-b20f-295448e6e421","TCGA-BH-A0DH-11A-31R-A089-07","TCGA-BH-A0DH","Solid Tissue Normal","JAK3","ENSG00000105639",504,3.7633,1.3397,1.539,"OK"
"TCGA-BRCA","90116c25-271c-4be2-b20f-295448e6e421","TCGA-BH-A0DH-11A-31R-A089-07","TCGA-BH-A0DH","Solid Tissue Normal","EPHB2","ENSG00000133216",294,1.195,0.4254,0.4887,"OK"
"TCGA-BRCA","9c99e8d0-a96d-4252-8ea8-e15bfae278c3","TCGA-D8-A1JT-01A-31R-A13Q-07","TCGA-D8-A1JT","Primary Tumor","JAK3","ENSG00000105639",275,2.0522,0.586,0.58,"OK"
"TCGA-BRCA","9c99e8d0-a96d-4252-8ea8-e15bfae278c3","TCGA-D8-A1JT-01A-31R-A13Q-07","TCGA-D8-A1JT","Primary Tumor","EPHB2","ENSG00000133216",311,1.2634,0.3608,0.3571,"OK"
"TCGA-BRCA","c25c7ca5-8d03-4bba-b42b-c8b1042c0d48","TCGA-OK-A5Q2-01A-11R-A27Q-07","TCGA-OK-A5Q2","Primary Tumor","JAK3","ENSG00000105639",1770,18.731,5.3849,4.8948,"OK"
"TCGA-BRCA","c25c7ca5-8d03-4bba-b42b-c8b1042c0d48","TCGA-OK-A5Q2-01A-11R-A27Q-07","TCGA-OK-A5Q2","Primary Tumor","EPHB2","ENSG00000133216",691,3.9805,1.1443,1.0402,"OK"
"TCGA-BRCA","3c2914f4-200f-4bec-93f0-b0fdb6460378","TCGA-PL-A8LZ-01A-31R-A36F-07","TCGA-PL-A8LZ","Primary Tumor","JAK3","ENSG00000105639",2261,26.0383,7.6902,7.2425,"OK"
"TCGA-BRCA","3c2914f4-200f-4bec-93f0-b0fdb6460378","TCGA-PL-A8LZ-01A-31R-A36F-07","TCGA-PL-A8LZ","Primary Tumor","EPHB2","ENSG00000133216",1414,8.8641,2.6179,2.4655,"OK"
"TCGA-BRCA","97387357-c741-43a6-9b3a-55c925f9a516","TCGA-D8-A1XJ-01A-11R-A14M-07","TCGA-D8-A1XJ","Primary Tumor","JAK3","ENSG00000105639",290,2.2516,0.5947,0.6605,"OK"
"TCGA-BRCA","97387357-c741-43a6-9b3a-55c925f9a516","TCGA-D8-A1XJ-01A-11R-A14M-07","TCGA-D8-A1XJ","Primary Tumor","EPHB2","ENSG00000133216",795,3.3599,0.8874,0.9856,"OK"
"TCGA-BRCA","9e5ecae5-faf0-41a2-a795-d1b4db79486a","TCGA-E2-A1LS-11A-32R-A157-07","TCGA-E2-A1LS","Solid Tissue Normal","JAK3","ENSG00000105639",230,1.1522,0.4696,0.6169,"OK"
"TCGA-BRCA","9e5ecae5-faf0-41a2-a795-d1b4db79486a","TCGA-E2-A1LS-11A-32R-A157-07","TCGA-E2-A1LS","Solid Tissue Normal","EPHB2","ENSG00000133216",1633,4.453,1.8149,2.3841,"OK"
"TCGA-BRCA","c8c7b9cc-7015-4405-a7f5-f60587de285a","TCGA-D8-A142-01A-11R-A115-07","TCGA-D8-A142","Primary Tumor","JAK3","ENSG00000105639",1390,8.0707,2.5744,2.7185,"OK"
"TCGA-BRCA","c8c7b9cc-7015-4405-a7f5-f60587de285a","TCGA-D8-A142-01A-11R-A115-07","TCGA-D8-A142","Primary Tumor","EPHB2","ENSG00000133216",1093,3.4545,1.1019,1.1636,"OK"
"TCGA-BRCA","447e3faf-a5f2-4739-b2aa-c907f33b634a","TCGA-E9-A1RB-11A-33R-A157-07","TCGA-E9-A1RB","Solid Tissue Normal","JAK3","ENSG00000105639",691,4.367,1.3932,1.5373,"OK"
"TCGA-BRCA","447e3faf-a5f2-4739-b2aa-c907f33b634a","TCGA-E9-A1RB-11A-33R-A157-07","TCGA-E9-A1RB","Solid Tissue Normal","EPHB2","ENSG00000133216",498,1.7132,0.5466,0.6031,"OK"
"TCGA-BRCA","4c941474-f3e0-4735-bad0-cff8894fb08d","TCGA-D8-A1XM-01A-21R-A14M-07","TCGA-D8-A1XM","Primary Tumor","JAK3","ENSG00000105639",864,6.9724,1.7064,1.6125,"OK"
"TCGA-BRCA","4c941474-f3e0-4735-bad0-cff8894fb08d","TCGA-D8-A1XM-01A-21R-A14M-07","TCGA-D8-A1XM","Primary Tumor","EPHB2","ENSG00000133216",1611,7.0768,1.7319,1.6366,"OK"
"TCGA-BRCA","9c0043c4-b65a-42ca-9f02-fe1cef04beaf","TCGA-B6-A0RS-01A-11R-A084-07","TCGA-B6-A0RS","Primary Tumor","JAK3","ENSG00000105639",930,6.0514,2.0414,2.1731,"OK"
"TCGA-BRCA","9c0043c4-b65a-42ca-9f02-fe1cef04beaf","TCGA-B6-A0RS-01A-11R-A084-07","TCGA-B6-A0RS","Primary Tumor","EPHB2","ENSG00000133216",981,3.4747,1.1722,1.2478,"OK"
"TCGA-BRCA","739fe30a-4fae-4f4d-a360-3ab300a4848a","TCGA-BH-A0DV-11A-22R-A12P-07","TCGA-BH-A0DV","Solid Tissue Normal","JAK3","ENSG00000105639",461,4.257,1.1276,1.0637,"OK"
"TCGA-BRCA","739fe30a-4fae-4f4d-a360-3ab300a4848a","TCGA-BH-A0DV-11A-22R-A12P-07","TCGA-BH-A0DV","Solid Tissue Normal","EPHB2","ENSG00000133216",153,0.7691,0.2037,0.1922,"OK"
"TCGA-BRCA","f6565f25-4317-4615-a437-af79da929ecd","TCGA-B6-A3ZX-01A-11R-A239-07","TCGA-B6-A3ZX","Primary Tumor","JAK3","ENSG00000105639",7633,57.7216,19.704,18.2676,"OK"
"TCGA-BRCA","f6565f25-4317-4615-a437-af79da929ecd","TCGA-B6-A3ZX-01A-11R-A239-07","TCGA-B6-A3ZX","Primary Tumor","EPHB2","ENSG00000133216",2232,9.1878,3.1364,2.9077,"OK"
"TCGA-BRCA","7aff89e2-86cb-43d8-96cd-341c02ebdd49","TCGA-C8-A3M7-01A-12R-A21T-07","TCGA-C8-A3M7","Primary Tumor","JAK3","ENSG00000105639",912,6.9871,2.3266,2.1638,"OK"
"TCGA-BRCA","7aff89e2-86cb-43d8-96cd-341c02ebdd49","TCGA-C8-A3M7-01A-12R-A21T-07","TCGA-C8-A3M7","Primary Tumor","EPHB2","ENSG00000133216",497,2.0727,0.6902,0.6419,"OK"
"TCGA-BRCA","5405b59e-44cc-4745-b838-ca279210cbed","TCGA-AR-A1AK-01A-21R-A12P-07","TCGA-AR-A1AK","Primary Tumor","JAK3","ENSG00000105639",1289,14.8788,4.0337,3.6433,"OK"
"TCGA-BRCA","5405b59e-44cc-4745-b838-ca279210cbed","TCGA-AR-A1AK-01A-21R-A12P-07","TCGA-AR-A1AK","Primary Tumor","EPHB2","ENSG00000133216",997,6.2644,1.6983,1.5339,"OK"
"TCGA-BRCA","c9920595-31f2-4977-b6bd-c0fa3ffcf461","TCGA-E9-A1RB-01A-11R-A157-07","TCGA-E9-A1RB","Primary Tumor","JAK3","ENSG00000105639",587,3.7632,1.0842,1.1068,"OK"
"TCGA-BRCA","c9920595-31f2-4977-b6bd-c0fa3ffcf461","TCGA-E9-A1RB-01A-11R-A157-07","TCGA-E9-A1RB","Primary Tumor","EPHB2","ENSG00000133216",666,2.3242,0.6696,0.6835,"OK"
"TCGA-BRCA","7f1cbb4f-aecf-42be-91cc-fb35d03447df","TCGA-AO-A0JE-01A-11R-A056-07","TCGA-AO-A0JE","Primary Tumor","JAK3","ENSG00000105639",1030,9.0141,2.7982,3.1402,"OK"
"TCGA-BRCA","7f1cbb4f-aecf-42be-91cc-fb35d03447df","TCGA-AO-A0JE-01A-11R-A056-07","TCGA-AO-A0JE","Primary Tumor","EPHB2","ENSG00000133216",1034,4.9258,1.5291,1.716,"OK"
"TCGA-BRCA","bbd09e9b-84ba-458f-a595-b03069b843dd","TCGA-A2-A0T0-01A-22R-A084-07","TCGA-A2-A0T0","Primary Tumor","JAK3","ENSG00000105639",722,5.5289,1.6854,1.7751,"OK"
"TCGA-BRCA","bbd09e9b-84ba-458f-a595-b03069b843dd","TCGA-A2-A0T0-01A-22R-A084-07","TCGA-A2-A0T0","Primary Tumor","EPHB2","ENSG00000133216",277,1.1547,0.352,0.3707,"OK"
"TCGA-BRCA","575ef8e2-dfbc-48b3-9836-089b94498e09","TCGA-A8-A09G-01A-21R-A00Z-07","TCGA-A8-A09G","Primary Tumor","JAK3","ENSG00000105639",1601,11.4156,3.4156,3.4796,"OK"
"TCGA-BRCA","575ef8e2-dfbc-48b3-9836-089b94498e09","TCGA-A8-A09G-01A-21R-A00Z-07","TCGA-A8-A09G","Primary Tumor","EPHB2","ENSG00000133216",677,2.6277,0.7862,0.8009,"OK"
"TCGA-BRCA","1d7789a1-1ff1-4865-a9c9-dfb40e57aff5","TCGA-A2-A0CT-01A-31R-A056-07","TCGA-A2-A0CT","Primary Tumor","JAK3","ENSG00000105639",118,1.2797,0.3806,0.3642,"OK"
"TCGA-BRCA","1d7789a1-1ff1-4865-a9c9-dfb40e57aff5","TCGA-A2-A0CT-01A-31R-A056-07","TCGA-A2-A0CT","Primary Tumor","EPHB2","ENSG00000133216",327,1.9304,0.5742,0.5494,"OK"
"TCGA-BRCA","56e43b33-6dc7-496b-bdee-75e5fed5d502","TCGA-A8-A09M-01A-11R-A00Z-07","TCGA-A8-A09M","Primary Tumor","JAK3","ENSG00000105639",773,5.8935,2.0551,2.0064,"OK"
"TCGA-BRCA","56e43b33-6dc7-496b-bdee-75e5fed5d502","TCGA-A8-A09M-01A-11R-A00Z-07","TCGA-A8-A09M","Primary Tumor","EPHB2","ENSG00000133216",1091,4.5279,1.5789,1.5415,"OK"
"TCGA-BRCA","58764dda-7c61-4705-a834-4d654c60ef2b","TCGA-AR-A1AY-01A-21R-A12P-07","TCGA-AR-A1AY","Primary Tumor","JAK3","ENSG00000105639",403,4.4993,1.1125,1.0396,"OK"
"TCGA-BRCA","58764dda-7c61-4705-a834-4d654c60ef2b","TCGA-AR-A1AY-01A-21R-A12P-07","TCGA-AR-A1AY","Primary Tumor","EPHB2","ENSG00000133216",308,1.8718,0.4628,0.4325,"OK"
"TCGA-BRCA","196aed5b-6812-47c5-ad7b-4dd1743ed0b5","TCGA-BH-A0BR-01A-21R-A115-07","TCGA-BH-A0BR","Primary Tumor","JAK3","ENSG00000105639",1004,11.5956,2.9777,3.1519,"OK"
"TCGA-BRCA","196aed5b-6812-47c5-ad7b-4dd1743ed0b5","TCGA-BH-A0BR-01A-21R-A115-07","TCGA-BH-A0BR","Primary Tumor","EPHB2","ENSG00000133216",587,3.6904,0.9477,1.0031,"OK"
"TCGA-BRCA","fbdb3ca1-c7c8-437e-a315-25e3bc623236","TCGA-AO-A1KP-01A-11R-A13Q-07","TCGA-AO-A1KP","Primary Tumor","JAK3","ENSG00000105639",161,1.1635,0.3798,0.3809,"OK"
"TCGA-BRCA","fbdb3ca1-c7c8-437e-a315-25e3bc623236","TCGA-AO-A1KP-01A-11R-A13Q-07","TCGA-AO-A1KP","Primary Tumor","EPHB2","ENSG00000133216",329,1.2942,0.4225,0.4237,"OK"
"TCGA-BRCA","e748021e-b8ec-4b17-8b59-ce9d0a3d42e1","TCGA-A2-A0SW-01A-11R-A084-07","TCGA-A2-A0SW","Primary Tumor","JAK3","ENSG00000105639",1370,8.5034,4.4381,4.5412,"OK"
"TCGA-BRCA","e748021e-b8ec-4b17-8b59-ce9d0a3d42e1","TCGA-A2-A0SW-01A-11R-A084-07","TCGA-A2-A0SW","Primary Tumor","EPHB2","ENSG00000133216",557,1.8819,0.9822,1.005,"OK"
"TCGA-BRCA","12b68e56-a83f-4b65-bb66-59e8522acbc9","TCGA-A8-A09Z-01A-11R-A00Z-07","TCGA-A8-A09Z","Primary Tumor","JAK3","ENSG00000105639",623,6.0348,1.6618,1.6808,"OK"
"TCGA-BRCA","12b68e56-a83f-4b65-bb66-59e8522acbc9","TCGA-A8-A09Z-01A-11R-A00Z-07","TCGA-A8-A09Z","Primary Tumor","EPHB2","ENSG00000133216",429,2.2621,0.6229,0.63,"OK"
"TCGA-BRCA","7774e389-c3c5-4abf-846c-4e8eead7e521","TCGA-AR-A1AI-01A-11R-A12P-07","TCGA-AR-A1AI","Primary Tumor","JAK3","ENSG00000105639",1868,14.3645,4.9313,4.6375,"OK"
"TCGA-BRCA","7774e389-c3c5-4abf-846c-4e8eead7e521","TCGA-AR-A1AI-01A-11R-A12P-07","TCGA-AR-A1AI","Primary Tumor","EPHB2","ENSG00000133216",2365,9.8996,3.3985,3.196,"OK"
"TCGA-BRCA","e8149278-3269-4dbe-9500-7045fd56cd2f","TCGA-B6-A2IU-01A-32R-A18M-07","TCGA-B6-A2IU","Primary Tumor","JAK3","ENSG00000105639",84,1.5777,0.4751,0.4429,"OK"
"TCGA-BRCA","e8149278-3269-4dbe-9500-7045fd56cd2f","TCGA-B6-A2IU-01A-32R-A18M-07","TCGA-B6-A2IU","Primary Tumor","EPHB2","ENSG00000133216",123,1.2575,0.3787,0.353,"OK"
"TCGA-BRCA","fd121fe6-7529-4a92-a324-2186622180b3","TCGA-A2-A1FZ-01A-51R-A14D-07","TCGA-A2-A1FZ","Primary Tumor","JAK3","ENSG00000105639",393,5.0044,1.2425,1.151,"OK"
"TCGA-BRCA","fd121fe6-7529-4a92-a324-2186622180b3","TCGA-A2-A1FZ-01A-51R-A14D-07","TCGA-A2-A1FZ","Primary Tumor","EPHB2","ENSG00000133216",762,5.2818,1.3114,1.2148,"OK"
"TCGA-BRCA","1af79ae6-8b40-40ae-8f68-195d8367ac38","TCGA-OL-A66P-01A-11R-A31O-07","TCGA-OL-A66P","Primary Tumor","JAK3","ENSG00000105639",1487,10.0429,6.4614,8.1927,"OK"
"TCGA-BRCA","1af79ae6-8b40-40ae-8f68-195d8367ac38","TCGA-OL-A66P-01A-11R-A31O-07","TCGA-OL-A66P","Primary Tumor","EPHB2","ENSG00000133216",467,1.7169,1.1046,1.4006,"OK"
"TCGA-BRCA","75a7e5eb-1db8-4858-9a9f-78abea32ccd4","TCGA-E9-A3HO-01A-11R-A213-07","TCGA-E9-A3HO","Primary Tumor","JAK3","ENSG00000105639",840,5.2058,2.4231,2.6011,"OK"
"TCGA-BRCA","75a7e5eb-1db8-4858-9a9f-78abea32ccd4","TCGA-E9-A3HO-01A-11R-A213-07","TCGA-E9-A3HO","Primary Tumor","EPHB2","ENSG00000133216",189,0.6376,0.2968,0.3186,"OK"
"TCGA-BRCA","158cc60a-89b0-40f0-8536-8c0f0e31429b","TCGA-BH-A0DS-01A-11R-A056-07","TCGA-BH-A0DS","Primary Tumor","JAK3","ENSG00000105639",339,3.188,1.1159,1.1864,"OK"
"TCGA-BRCA","158cc60a-89b0-40f0-8536-8c0f0e31429b","TCGA-BH-A0DS-01A-11R-A056-07","TCGA-BH-A0DS","Primary Tumor","EPHB2","ENSG00000133216",420,2.15,0.7526,0.8001,"OK"
"TCGA-BRCA","243fe98b-3355-4b09-8094-b9e06a2b8329","TCGA-E9-A245-01A-22R-A16F-07","TCGA-E9-A245","Primary Tumor","JAK3","ENSG00000105639",118,1.8003,0.5051,0.6039,"OK"
"TCGA-BRCA","243fe98b-3355-4b09-8094-b9e06a2b8329","TCGA-E9-A245-01A-22R-A16F-07","TCGA-E9-A245","Primary Tumor","EPHB2","ENSG00000133216",175,1.4534,0.4077,0.4875,"OK"
"TCGA-BRCA","c7646bc5-436b-4ad5-b5ae-894b2e843cda","TCGA-AO-A0JJ-01A-11R-A056-07","TCGA-AO-A0JJ","Primary Tumor","JAK3","ENSG00000105639",1024,8.9848,2.7947,2.6804,"OK"
"TCGA-BRCA","c7646bc5-436b-4ad5-b5ae-894b2e843cda","TCGA-AO-A0JJ-01A-11R-A056-07","TCGA-AO-A0JJ","Primary Tumor","EPHB2","ENSG00000133216",699,3.3386,1.0385,0.996,"OK"
"TCGA-BRCA","95775d9a-4f7f-47c9-806b-acea8e01d40e","TCGA-BH-A0HP-01A-12R-A084-07","TCGA-BH-A0HP","Primary Tumor","JAK3","ENSG00000105639",550,4.2239,1.2757,1.3033,"OK"
"TCGA-BRCA","95775d9a-4f7f-47c9-806b-acea8e01d40e","TCGA-BH-A0HP-01A-12R-A084-07","TCGA-BH-A0HP","Primary Tumor","EPHB2","ENSG00000133216",758,3.1688,0.9571,0.9778,"OK"
"TCGA-BRCA","7d904415-9887-4738-99ae-66dcd60084ac","TCGA-A2-A0D3-01A-11R-A115-07","TCGA-A2-A0D3","Primary Tumor","JAK3","ENSG00000105639",606,5.6831,1.5009,1.4151,"OK"
"TCGA-BRCA","7d904415-9887-4738-99ae-66dcd60084ac","TCGA-A2-A0D3-01A-11R-A115-07","TCGA-A2-A0D3","Primary Tumor","EPHB2","ENSG00000133216",357,1.8224,0.4813,0.4538,"OK"
"TCGA-BRCA","ac7c3a38-5d88-488e-86f7-1c72a26fe5ef","TCGA-BH-A18F-01A-11R-A12D-07","TCGA-BH-A18F","Primary Tumor","JAK3","ENSG00000105639",825,9.5842,2.5858,2.3736,"OK"
"TCGA-BRCA","ac7c3a38-5d88-488e-86f7-1c72a26fe5ef","TCGA-BH-A18F-01A-11R-A12D-07","TCGA-BH-A18F","Primary Tumor","EPHB2","ENSG00000133216",866,5.4764,1.4775,1.3562,"OK"
"TCGA-BRCA","7860a938-e43a-4c3a-83b4-6578cea95df8","TCGA-E2-A150-01A-11R-A12D-07","TCGA-E2-A150","Primary Tumor","JAK3","ENSG00000105639",823,8.6431,2.3923,2.4276,"OK"
"TCGA-BRCA","7860a938-e43a-4c3a-83b4-6578cea95df8","TCGA-E2-A150-01A-11R-A12D-07","TCGA-E2-A150","Primary Tumor","EPHB2","ENSG00000133216",1827,10.4443,2.8909,2.9335,"OK"
"TCGA-BRCA","b4d6811f-cb5c-4ad9-8f13-5d58f0b6afd4","TCGA-A8-A0A6-01A-12R-A056-07","TCGA-A8-A0A6","Primary Tumor","JAK3","ENSG00000105639",772,9.4953,3.0099,2.9136,"OK"
"TCGA-BRCA","b4d6811f-cb5c-4ad9-8f13-5d58f0b6afd4","TCGA-A8-A0A6-01A-12R-A056-07","TCGA-A8-A0A6","Primary Tumor","EPHB2","ENSG00000133216",269,1.801,0.5709,0.5526,"OK"
"TCGA-BRCA","ccd3b6f5-b425-47fb-b48e-0e24a4d6a4b2","TCGA-B6-A0I2-01A-11R-A034-07","TCGA-B6-A0I2","Primary Tumor","JAK3","ENSG00000105639",1695,12.4359,4.9978,5.6562,"OK"
"TCGA-BRCA","ccd3b6f5-b425-47fb-b48e-0e24a4d6a4b2","TCGA-B6-A0I2-01A-11R-A034-07","TCGA-B6-A0I2","Primary Tumor","EPHB2","ENSG00000133216",320,1.278,0.5136,0.5813,"OK"
"TCGA-BRCA","a58e2ae3-a236-4209-8292-70465216cb85","TCGA-AO-A12D-01A-11R-A115-07","TCGA-AO-A12D","Primary Tumor","JAK3","ENSG00000105639",1421,13.0806,4.4145,4.9041,"OK"
"TCGA-BRCA","a58e2ae3-a236-4209-8292-70465216cb85","TCGA-AO-A12D-01A-11R-A115-07","TCGA-AO-A12D","Primary Tumor","EPHB2","ENSG00000133216",471,2.3601,0.7965,0.8848,"OK"
"TCGA-BRCA","7baccc3d-54ba-4a3f-8ec0-b54ccd92df45","TCGA-E9-A1RA-01A-11R-A14D-07","TCGA-E9-A1RA","Primary Tumor","JAK3","ENSG00000105639",618,7.5114,2.1366,2.0926,"OK"
"TCGA-BRCA","7baccc3d-54ba-4a3f-8ec0-b54ccd92df45","TCGA-E9-A1RA-01A-11R-A14D-07","TCGA-E9-A1RA","Primary Tumor","EPHB2","ENSG00000133216",329,2.1767,0.6192,0.6064,"OK"
"TCGA-BRCA","2dc5eb24-fb84-455a-ae05-3b58ad2fc284","TCGA-B6-A0X4-01A-11R-A109-07","TCGA-B6-A0X4","Primary Tumor","JAK3","ENSG00000105639",58,0.8341,0.229,0.2377,"OK"
"TCGA-BRCA","2dc5eb24-fb84-455a-ae05-3b58ad2fc284","TCGA-B6-A0X4-01A-11R-A109-07","TCGA-B6-A0X4","Primary Tumor","EPHB2","ENSG00000133216",99,0.775,0.2128,0.2209,"OK"
"TCGA-BRCA","3bc9d1c0-b57f-44b5-8624-b3ee99aeafe4","TCGA-AO-A03R-01A-21R-A034-07","TCGA-AO-A03R","Primary Tumor","JAK3","ENSG00000105639",976,8.684,3.9761,4.789,"OK"
"TCGA-BRCA","3bc9d1c0-b57f-44b5-8624-b3ee99aeafe4","TCGA-AO-A03R-01A-21R-A034-07","TCGA-AO-A03R","Primary Tumor","EPHB2","ENSG00000133216",2601,12.5975,5.768,6.9471,"OK"
"TCGA-BRCA","4dc3285f-fd32-4a3e-ad59-28597ab5323a","TCGA-C8-A132-01A-31R-A115-07","TCGA-C8-A132","Primary Tumor","JAK3","ENSG00000105639",1901,19.3924,5.2368,5.3301,"OK"
"TCGA-BRCA","4dc3285f-fd32-4a3e-ad59-28597ab5323a","TCGA-C8-A132-01A-31R-A115-07","TCGA-C8-A132","Primary Tumor","EPHB2","ENSG00000133216",951,5.2808,1.426,1.4515,"OK"
"TCGA-BRCA","d7e1d1f4-3189-401d-91dc-048ab13ce5df","TCGA-EW-A1J6-01A-11R-A13Q-07","TCGA-EW-A1J6","Primary Tumor","JAK3","ENSG00000105639",973,4.0565,2.4943,3.2504,"OK"
"TCGA-BRCA","d7e1d1f4-3189-401d-91dc-048ab13ce5df","TCGA-EW-A1J6-01A-11R-A13Q-07","TCGA-EW-A1J6","Primary Tumor","EPHB2","ENSG00000133216",462,1.0485,0.6447,0.8401,"OK"
"TCGA-BRCA","39b28d5e-fc51-4dfc-bcbe-0285c3bad830","TCGA-BH-A0DG-01A-21R-A12P-07","TCGA-BH-A0DG","Primary Tumor","JAK3","ENSG00000105639",917,9.189,2.6981,2.7996,"OK"
"TCGA-BRCA","39b28d5e-fc51-4dfc-bcbe-0285c3bad830","TCGA-BH-A0DG-01A-21R-A12P-07","TCGA-BH-A0DG","Primary Tumor","EPHB2","ENSG00000133216",621,3.3874,0.9946,1.032,"OK"
"TCGA-BRCA","1479c033-ebe7-423d-8460-bbe84fd5ffb6","TCGA-BH-A0DG-11A-43R-A12P-07","TCGA-BH-A0DG","Solid Tissue Normal","JAK3","ENSG00000105639",456,4.2649,1.1174,1.0521,"OK"
"TCGA-BRCA","1479c033-ebe7-423d-8460-bbe84fd5ffb6","TCGA-BH-A0DG-11A-43R-A12P-07","TCGA-BH-A0DG","Solid Tissue Normal","EPHB2","ENSG00000133216",285,1.451,0.3802,0.358,"OK"
"TCGA-BRCA","5978f5bd-575c-4b95-9265-654af1127685","TCGA-BH-A0HU-01A-11R-A034-07","TCGA-BH-A0HU","Primary Tumor","JAK3","ENSG00000105639",286,2.2127,0.7149,0.7011,"OK"
"TCGA-BRCA","5978f5bd-575c-4b95-9265-654af1127685","TCGA-BH-A0HU-01A-11R-A034-07","TCGA-BH-A0HU","Primary Tumor","EPHB2","ENSG00000133216",215,0.9054,0.2925,0.2869,"OK"
"TCGA-BRCA","c55e6460-fea1-468e-951e-bf45bbddd7a6","TCGA-A7-A0CJ-01A-21R-A00Z-07","TCGA-A7-A0CJ","Primary Tumor","JAK3","ENSG00000105639",295,2.854,0.868,0.8062,"OK"
"TCGA-BRCA","c55e6460-fea1-468e-951e-bf45bbddd7a6","TCGA-A7-A0CJ-01A-21R-A00Z-07","TCGA-A7-A0CJ","Primary Tumor","EPHB2","ENSG00000133216",265,1.3956,0.4244,0.3942,"OK"
"TCGA-BRCA","c1778b3c-5649-4e26-b937-fd00ffd58387","TCGA-A8-A097-01A-11R-A034-07","TCGA-A8-A097","Primary Tumor","JAK3","ENSG00000105639",803,5.1609,1.482,1.5466,"OK"
"TCGA-BRCA","c1778b3c-5649-4e26-b937-fd00ffd58387","TCGA-A8-A097-01A-11R-A034-07","TCGA-A8-A097","Primary Tumor","EPHB2","ENSG00000133216",1089,3.8099,1.094,1.1417,"OK"
"TCGA-BRCA","427a04c9-9b48-49de-8a47-2adc4e1dd32a","TCGA-D8-A27H-01A-11R-A16F-07","TCGA-D8-A27H","Primary Tumor","JAK3","ENSG00000105639",672,6.0521,1.4989,1.6073,"OK"
"TCGA-BRCA","427a04c9-9b48-49de-8a47-2adc4e1dd32a","TCGA-D8-A27H-01A-11R-A16F-07","TCGA-D8-A27H","Primary Tumor","EPHB2","ENSG00000133216",1667,8.1724,2.024,2.1703,"OK"
"TCGA-BRCA","b9a1e2f1-e5c4-4855-9720-4c168474dd26","TCGA-BH-A0DL-11A-13R-A115-07","TCGA-BH-A0DL","Solid Tissue Normal","JAK3","ENSG00000105639",1484,11.9942,3.3385,3.2073,"OK"
"TCGA-BRCA","b9a1e2f1-e5c4-4855-9720-4c168474dd26","TCGA-BH-A0DL-11A-13R-A115-07","TCGA-BH-A0DL","Solid Tissue Normal","EPHB2","ENSG00000133216",477,2.0986,0.5841,0.5612,"OK"
"TCGA-BRCA","87b7171a-7340-4e1e-849b-c52351f23ab0","TCGA-A7-A4SE-01A-11R-A266-07","TCGA-A7-A4SE","Primary Tumor","JAK3","ENSG00000105639",565,9.9442,2.472,2.4442,"OK"
"TCGA-BRCA","87b7171a-7340-4e1e-849b-c52351f23ab0","TCGA-A7-A4SE-01A-11R-A266-07","TCGA-A7-A4SE","Primary Tumor","EPHB2","ENSG00000133216",677,6.4861,1.6123,1.5942,"OK"
"TCGA-BRCA","a04fdd52-6d4c-4dc6-b63d-fa67ecfe4744","TCGA-E2-A153-11A-31R-A12D-07","TCGA-E2-A153","Solid Tissue Normal","JAK3","ENSG00000105639",921,10.8317,3.0778,2.9328,"OK"
"TCGA-BRCA","a04fdd52-6d4c-4dc6-b63d-fa67ecfe4744","TCGA-E2-A153-11A-31R-A12D-07","TCGA-E2-A153","Solid Tissue Normal","EPHB2","ENSG00000133216",208,1.3316,0.3784,0.3605,"OK"
"TCGA-BRCA","0c3ddae2-366f-4b21-ab46-a2cfe1963e42","TCGA-A2-A1G6-01A-11R-A13Q-07","TCGA-A2-A1G6","Primary Tumor","JAK3","ENSG00000105639",837,8.1365,2.2223,2.0133,"OK"
"TCGA-BRCA","0c3ddae2-366f-4b21-ab46-a2cfe1963e42","TCGA-A2-A1G6-01A-11R-A13Q-07","TCGA-A2-A1G6","Primary Tumor","EPHB2","ENSG00000133216",268,1.4181,0.3873,0.3509,"OK"
"TCGA-BRCA","de98339e-9b13-4def-b3d9-234fdc784cec","TCGA-AC-A23H-01A-11R-A157-07","TCGA-AC-A23H","Primary Tumor","JAK3","ENSG00000105639",299,2.4787,0.6299,0.635,"OK"
"TCGA-BRCA","de98339e-9b13-4def-b3d9-234fdc784cec","TCGA-AC-A23H-01A-11R-A157-07","TCGA-AC-A23H","Primary Tumor","EPHB2","ENSG00000133216",1100,4.9638,1.2615,1.2716,"OK"
"TCGA-BRCA","17ff23ff-17b3-4ed1-b10c-2d922c045807","TCGA-BH-A1EX-01A-11R-A13Q-07","TCGA-BH-A1EX","Primary Tumor","JAK3","ENSG00000105639",922,5.6265,1.6082,1.5675,"OK"
"TCGA-BRCA","17ff23ff-17b3-4ed1-b10c-2d922c045807","TCGA-BH-A1EX-01A-11R-A13Q-07","TCGA-BH-A1EX","Primary Tumor","EPHB2","ENSG00000133216",957,3.179,0.9087,0.8856,"OK"
"TCGA-BRCA","a39993c2-0b95-4df1-b501-b1a746633449","TCGA-GM-A2DM-01A-11R-A180-07","TCGA-GM-A2DM","Primary Tumor","JAK3","ENSG00000105639",313,3.4203,0.864,0.8892,"OK"
"TCGA-BRCA","a39993c2-0b95-4df1-b501-b1a746633449","TCGA-GM-A2DM-01A-11R-A180-07","TCGA-GM-A2DM","Primary Tumor","EPHB2","ENSG00000133216",346,2.0581,0.5199,0.5351,"OK"
"TCGA-BRCA","0427af63-b665-4c57-874b-65222c200bfe","TCGA-AQ-A04L-01B-21R-A10J-07","TCGA-AQ-A04L","Primary Tumor","JAK3","ENSG00000105639",318,2.5127,0.8216,0.9492,"OK"
"TCGA-BRCA","0427af63-b665-4c57-874b-65222c200bfe","TCGA-AQ-A04L-01B-21R-A10J-07","TCGA-AQ-A04L","Primary Tumor","EPHB2","ENSG00000133216",269,1.157,0.3783,0.4371,"OK"
"TCGA-BRCA","c96ef17c-52c1-43d9-a7e5-730fd8f3641f","TCGA-A2-A0CY-01A-12R-A034-07","TCGA-A2-A0CY","Primary Tumor","JAK3","ENSG00000105639",1052,8.4693,3.384,4.7342,"OK"
"TCGA-BRCA","c96ef17c-52c1-43d9-a7e5-730fd8f3641f","TCGA-A2-A0CY-01A-12R-A034-07","TCGA-A2-A0CY","Primary Tumor","EPHB2","ENSG00000133216",144,0.6311,0.2521,0.3528,"OK"
"TCGA-BRCA","c84958db-e7a3-4cd5-9b5e-a5435a86021d","TCGA-BH-A1EO-01A-11R-A137-07","TCGA-BH-A1EO","Primary Tumor","JAK3","ENSG00000105639",351,6.1545,1.4359,1.4478,"OK"
"TCGA-BRCA","c84958db-e7a3-4cd5-9b5e-a5435a86021d","TCGA-BH-A1EO-01A-11R-A137-07","TCGA-BH-A1EO","Primary Tumor","EPHB2","ENSG00000133216",1286,12.2745,2.8637,2.8875,"OK"
"TCGA-BRCA","fd371070-c312-4eca-b3da-d41b1c8a86a7","TCGA-D8-A13Z-01A-11R-A115-07","TCGA-D8-A13Z","Primary Tumor","JAK3","ENSG00000105639",1383,10.6978,2.8372,2.7592,"OK"
"TCGA-BRCA","fd371070-c312-4eca-b3da-d41b1c8a86a7","TCGA-D8-A13Z-01A-11R-A115-07","TCGA-D8-A13Z","Primary Tumor","EPHB2","ENSG00000133216",1560,6.5685,1.742,1.6942,"OK"
"TCGA-BRCA","4ad2cbb3-5bca-462b-af1f-8a292c317722","TCGA-GM-A2DH-01A-11R-A180-07","TCGA-GM-A2DH","Primary Tumor","JAK3","ENSG00000105639",2481,20.663,5.2716,4.6102,"OK"
"TCGA-BRCA","4ad2cbb3-5bca-462b-af1f-8a292c317722","TCGA-GM-A2DH-01A-11R-A180-07","TCGA-GM-A2DH","Primary Tumor","EPHB2","ENSG00000133216",2872,13.0204,3.3218,2.905,"OK"
"TCGA-BRCA","dbbacb2c-b675-4a35-a6ff-157865f24945","TCGA-BH-A18S-01A-11R-A12D-07","TCGA-BH-A18S","Primary Tumor","JAK3","ENSG00000105639",159,1.3246,0.4037,0.3801,"OK"
"TCGA-BRCA","dbbacb2c-b675-4a35-a6ff-157865f24945","TCGA-BH-A18S-01A-11R-A12D-07","TCGA-BH-A18S","Primary Tumor","EPHB2","ENSG00000133216",251,1.1383,0.3469,0.3266,"OK"
"TCGA-BRCA","0710056c-2f04-4182-90ca-45492dd6444c","TCGA-B6-A0I9-01A-11R-A034-07","TCGA-B6-A0I9","Primary Tumor","JAK3","ENSG00000105639",595,4.7237,1.3461,1.3803,"OK"
"TCGA-BRCA","0710056c-2f04-4182-90ca-45492dd6444c","TCGA-B6-A0I9-01A-11R-A034-07","TCGA-B6-A0I9","Primary Tumor","EPHB2","ENSG00000133216",377,1.6292,0.4643,0.4761,"OK"
"TCGA-BRCA","1852f5d0-ce76-4f0d-87a7-0383f338c96b","TCGA-B6-A0I1-01A-11R-A21T-07","TCGA-B6-A0I1","Primary Tumor","JAK3","ENSG00000105639",234,1.576,0.5244,0.581,"OK"
"TCGA-BRCA","1852f5d0-ce76-4f0d-87a7-0383f338c96b","TCGA-B6-A0I1-01A-11R-A21T-07","TCGA-B6-A0I1","Primary Tumor","EPHB2","ENSG00000133216",2263,8.2963,2.7604,3.0587,"OK"
"TCGA-BRCA","4f464ced-080f-41f1-9a00-955db0d5fda6","TCGA-BH-A0B9-01A-11R-A056-07","TCGA-BH-A0B9","Primary Tumor","JAK3","ENSG00000105639",3885,21.9145,6.2439,6.549,"OK"
"TCGA-BRCA","4f464ced-080f-41f1-9a00-955db0d5fda6","TCGA-BH-A0B9-01A-11R-A056-07","TCGA-BH-A0B9","Primary Tumor","EPHB2","ENSG00000133216",974,2.9907,0.8521,0.8937,"OK"
"TCGA-BRCA","8c6fa126-82a0-4290-a657-8466959585c4","TCGA-A2-A1FV-01A-11R-A13Q-07","TCGA-A2-A1FV","Primary Tumor","JAK3","ENSG00000105639",196,1.2893,0.4036,0.4112,"OK"
"TCGA-BRCA","8c6fa126-82a0-4290-a657-8466959585c4","TCGA-A2-A1FV-01A-11R-A13Q-07","TCGA-A2-A1FV","Primary Tumor","EPHB2","ENSG00000133216",692,2.4779,0.7757,0.7903,"OK"
"TCGA-BRCA","10d1a1f0-c89b-4b1e-93fa-7c6fd7f5bb8f","TCGA-AN-A0XL-01A-11R-A10J-07","TCGA-AN-A0XL","Primary Tumor","JAK3","ENSG00000105639",297,3.0329,0.8229,0.7701,"OK"
"TCGA-BRCA","10d1a1f0-c89b-4b1e-93fa-7c6fd7f5bb8f","TCGA-AN-A0XL-01A-11R-A10J-07","TCGA-AN-A0XL","Primary Tumor","EPHB2","ENSG00000133216",583,3.2408,0.8793,0.8229,"OK"
"TCGA-BRCA","b70b68a1-28c4-4ed3-a04c-b622e583f10b","TCGA-BH-A0DZ-11A-22R-A089-07","TCGA-BH-A0DZ","Solid Tissue Normal","JAK3","ENSG00000105639",464,4.9961,1.4986,1.5357,"OK"
"TCGA-BRCA","b70b68a1-28c4-4ed3-a04c-b622e583f10b","TCGA-BH-A0DZ-11A-22R-A089-07","TCGA-BH-A0DZ","Solid Tissue Normal","EPHB2","ENSG00000133216",353,2.069,0.6206,0.636,"OK"
"TCGA-BRCA","9928c491-426a-4507-8ddd-999d6b892e29","TCGA-A7-A3J1-01A-11R-A213-07","TCGA-A7-A3J1","Primary Tumor","JAK3","ENSG00000105639",2061,15.6462,4.274,3.8457,"OK"
"TCGA-BRCA","9928c491-426a-4507-8ddd-999d6b892e29","TCGA-A7-A3J1-01A-11R-A213-07","TCGA-A7-A3J1","Primary Tumor","EPHB2","ENSG00000133216",1842,7.6119,2.0793,1.871,"OK"
"TCGA-BRCA","3ecfecef-4180-4b7a-8d9a-5532b47ef500","TCGA-D8-A145-01A-11R-A115-07","TCGA-D8-A145","Primary Tumor","JAK3","ENSG00000105639",682,7.116,2.1501,1.925,"OK"
"TCGA-BRCA","3ecfecef-4180-4b7a-8d9a-5532b47ef500","TCGA-D8-A145-01A-11R-A115-07","TCGA-D8-A145","Primary Tumor","EPHB2","ENSG00000133216",601,3.4135,1.0314,0.9234,"OK"
"TCGA-BRCA","1320db11-22a5-417f-8ec7-65c0bf4681a2","TCGA-BH-A0AY-11A-23R-A089-07","TCGA-BH-A0AY","Solid Tissue Normal","JAK3","ENSG00000105639",391,4.0099,1.2268,1.1915,"OK"
"TCGA-BRCA","1320db11-22a5-417f-8ec7-65c0bf4681a2","TCGA-BH-A0AY-11A-23R-A089-07","TCGA-BH-A0AY","Solid Tissue Normal","EPHB2","ENSG00000133216",288,1.6077,0.4919,0.4777,"OK"
"TCGA-BRCA","e21262db-a694-4461-b1b0-e52c0891113a","TCGA-A2-A0CS-01A-11R-A115-07","TCGA-A2-A0CS","Primary Tumor","JAK3","ENSG00000105639",158,1.8405,0.5249,0.549,"OK"
"TCGA-BRCA","e21262db-a694-4461-b1b0-e52c0891113a","TCGA-A2-A0CS-01A-11R-A115-07","TCGA-A2-A0CS","Primary Tumor","EPHB2","ENSG00000133216",468,2.9676,0.8463,0.8851,"OK"
"TCGA-BRCA","fc0a2d23-31a3-4aab-bdd9-0abb51880043","TCGA-AN-A0AJ-01A-11R-A00Z-07","TCGA-AN-A0AJ","Primary Tumor","JAK3","ENSG00000105639",1284,10.0318,2.7273,2.7875,"OK"
"TCGA-BRCA","fc0a2d23-31a3-4aab-bdd9-0abb51880043","TCGA-AN-A0AJ-01A-11R-A00Z-07","TCGA-AN-A0AJ","Primary Tumor","EPHB2","ENSG00000133216",534,2.271,0.6174,0.6311,"OK"
"TCGA-BRCA","287a036d-5b2d-4faf-93a0-cf0be006fa6b","TCGA-BH-A0DV-01A-21R-A12P-07","TCGA-BH-A0DV","Primary Tumor","JAK3","ENSG00000105639",838,6.2791,1.6695,1.8239,"OK"
"TCGA-BRCA","287a036d-5b2d-4faf-93a0-cf0be006fa6b","TCGA-BH-A0DV-01A-21R-A12P-07","TCGA-BH-A0DV","Primary Tumor","EPHB2","ENSG00000133216",1536,6.265,1.6658,1.8198,"OK"
"TCGA-BRCA","a6f9b537-d843-4181-9ba8-712c44986581","TCGA-D8-A1Y1-01A-21R-A14M-07","TCGA-D8-A1Y1","Primary Tumor","JAK3","ENSG00000105639",437,3.0901,0.8281,0.8467,"OK"
"TCGA-BRCA","a6f9b537-d843-4181-9ba8-712c44986581","TCGA-D8-A1Y1-01A-21R-A14M-07","TCGA-D8-A1Y1","Primary Tumor","EPHB2","ENSG00000133216",909,3.4989,0.9376,0.9587,"OK"
"TCGA-BRCA","d67b8114-b70f-4e69-bae5-4f2f982c4b1b","TCGA-LD-A66U-01A-11R-A31O-07","TCGA-LD-A66U","Primary Tumor","JAK3","ENSG00000105639",1448,12.0643,3.7511,4.0307,"OK"
"TCGA-BRCA","d67b8114-b70f-4e69-bae5-4f2f982c4b1b","TCGA-LD-A66U-01A-11R-A31O-07","TCGA-LD-A66U","Primary Tumor","EPHB2","ENSG00000133216",570,2.5851,0.8038,0.8637,"OK"
"TCGA-BRCA","150cf3db-44a8-4553-a648-66913d68adde","TCGA-AC-A3QQ-01B-06R-A22O-07","TCGA-AC-A3QQ","Primary Tumor","JAK3","ENSG00000105639",397,4.5468,2.8795,3.5238,"OK"
"TCGA-BRCA","150cf3db-44a8-4553-a648-66913d68adde","TCGA-AC-A3QQ-01B-06R-A22O-07","TCGA-AC-A3QQ","Primary Tumor","EPHB2","ENSG00000133216",217,1.3529,0.8567,1.0485,"OK"
"TCGA-BRCA","f88ba6a1-27bf-43fa-a2c7-05db1eb9e8ea","TCGA-AR-A1AO-01A-11R-A12P-07","TCGA-AR-A1AO","Primary Tumor","JAK3","ENSG00000105639",2750,20.6976,6.1735,6.3168,"OK"
"TCGA-BRCA","f88ba6a1-27bf-43fa-a2c7-05db1eb9e8ea","TCGA-AR-A1AO-01A-11R-A12P-07","TCGA-AR-A1AO","Primary Tumor","EPHB2","ENSG00000133216",1806,7.3991,2.2069,2.2582,"OK"
"TCGA-BRCA","7d496f9f-8a04-496a-ad25-68b1b72f864a","TCGA-D8-A1XK-01A-21R-A14M-07","TCGA-D8-A1XK","Primary Tumor","JAK3","ENSG00000105639",812,6.639,1.7128,1.6453,"OK"
"TCGA-BRCA","7d496f9f-8a04-496a-ad25-68b1b72f864a","TCGA-D8-A1XK-01A-21R-A14M-07","TCGA-D8-A1XK","Primary Tumor","EPHB2","ENSG00000133216",629,2.7994,0.7222,0.6938,"OK"
"TCGA-BRCA","da8c5f1e-a4e3-46bd-adb3-ce758e654983","TCGA-AQ-A54O-01A-11R-A266-07","TCGA-AQ-A54O","Primary Tumor","JAK3","ENSG00000105639",239,2.3906,0.9871,1.0129,"OK"
"TCGA-BRCA","da8c5f1e-a4e3-46bd-adb3-ce758e654983","TCGA-AQ-A54O-01A-11R-A266-07","TCGA-AQ-A54O","Primary Tumor","EPHB2","ENSG00000133216",384,2.0908,0.8633,0.8859,"OK"
"TCGA-BRCA","f24d6e88-634e-4d86-b993-76a40f1190d0","TCGA-BH-A0AU-11A-11R-A12P-07","TCGA-BH-A0AU","Solid Tissue Normal","JAK3","ENSG00000105639",645,7.2898,2.0038,1.8309,"OK"
"TCGA-BRCA","f24d6e88-634e-4d86-b993-76a40f1190d0","TCGA-BH-A0AU-11A-11R-A12P-07","TCGA-BH-A0AU","Solid Tissue Normal","EPHB2","ENSG00000133216",139,0.8552,0.2351,0.2148,"OK"
"TCGA-BRCA","467cc312-373e-4655-a07e-533ccb133b22","TCGA-E9-A1RD-01A-11R-A157-07","TCGA-E9-A1RD","Primary Tumor","JAK3","ENSG00000105639",304,2.1498,0.5757,0.5603,"OK"
"TCGA-BRCA","467cc312-373e-4655-a07e-533ccb133b22","TCGA-E9-A1RD-01A-11R-A157-07","TCGA-E9-A1RD","Primary Tumor","EPHB2","ENSG00000133216",699,2.6907,0.7206,0.7013,"OK"
"TCGA-BRCA","4376b78e-bfec-4142-8407-b967883d7b6b","TCGA-E9-A1RD-11A-33R-A157-07","TCGA-E9-A1RD","Solid Tissue Normal","JAK3","ENSG00000105639",543,3.4006,1.0566,1.2015,"OK"
"TCGA-BRCA","4376b78e-bfec-4142-8407-b967883d7b6b","TCGA-E9-A1RD-11A-33R-A157-07","TCGA-E9-A1RD","Solid Tissue Normal","EPHB2","ENSG00000133216",475,1.6193,0.5031,0.5721,"OK"
"TCGA-BRCA","b3eb0ef4-66e8-48df-9acc-fd252dc2ac61","TCGA-E2-A573-01A-11R-A29R-07","TCGA-E2-A573","Primary Tumor","JAK3","ENSG00000105639",1570,13.8899,4.9788,4.8693,"OK"
"TCGA-BRCA","b3eb0ef4-66e8-48df-9acc-fd252dc2ac61","TCGA-E2-A573-01A-11R-A29R-07","TCGA-E2-A573","Primary Tumor","EPHB2","ENSG00000133216",2342,11.2787,4.0429,3.9539,"OK"
"TCGA-BRCA","d14d5953-f379-4adb-9a1b-028f91b1a9e6","TCGA-A2-A4S3-01A-21R-A266-07","TCGA-A2-A4S3","Primary Tumor","JAK3","ENSG00000105639",1119,15.5202,4.6411,4.4583,"OK"
"TCGA-BRCA","d14d5953-f379-4adb-9a1b-028f91b1a9e6","TCGA-A2-A4S3-01A-21R-A266-07","TCGA-A2-A4S3","Primary Tumor","EPHB2","ENSG00000133216",540,4.0769,1.2191,1.1711,"OK"
"TCGA-BRCA","e4e099ea-7207-48b8-a578-d5e6d83054b0","TCGA-A8-A0A7-01A-11R-A00Z-07","TCGA-A8-A0A7","Primary Tumor","JAK3","ENSG00000105639",2920,19.0715,7.8257,8.2141,"OK"
"TCGA-BRCA","e4e099ea-7207-48b8-a578-d5e6d83054b0","TCGA-A8-A0A7-01A-11R-A00Z-07","TCGA-A8-A0A7","Primary Tumor","EPHB2","ENSG00000133216",1840,6.5417,2.6843,2.8175,"OK"
"TCGA-BRCA","5b318f75-dda6-4410-bfc0-2fd52030cae7","TCGA-E2-A14O-01A-31R-A115-07","TCGA-E2-A14O","Primary Tumor","JAK3","ENSG00000105639",239,1.8355,0.6283,0.7128,"OK"
"TCGA-BRCA","5b318f75-dda6-4410-bfc0-2fd52030cae7","TCGA-E2-A14O-01A-31R-A115-07","TCGA-E2-A14O","Primary Tumor","EPHB2","ENSG00000133216",291,1.2165,0.4165,0.4724,"OK"
"TCGA-BRCA","3208ca18-f70a-415e-8d10-5e9cb8a24b52","TCGA-AC-A6IW-01A-12R-A33J-07","TCGA-AC-A6IW","Primary Tumor","JAK3","ENSG00000105639",2096,14.7451,4.6767,4.993,"OK"
"TCGA-BRCA","3208ca18-f70a-415e-8d10-5e9cb8a24b52","TCGA-AC-A6IW-01A-12R-A33J-07","TCGA-AC-A6IW","Primary Tumor","EPHB2","ENSG00000133216",2267,8.6812,2.7534,2.9396,"OK"
"TCGA-BRCA","3974a62d-d399-42f3-b550-336e793b0cfe","TCGA-A2-A3XZ-01A-42R-A239-07","TCGA-A2-A3XZ","Primary Tumor","JAK3","ENSG00000105639",3485,28.0973,8.8871,8.6889,"OK"
"TCGA-BRCA","3974a62d-d399-42f3-b550-336e793b0cfe","TCGA-A2-A3XZ-01A-42R-A239-07","TCGA-A2-A3XZ","Primary Tumor","EPHB2","ENSG00000133216",1457,6.3943,2.0225,1.9774,"OK"
"TCGA-BRCA","247f1d7d-fc33-4f35-aca7-60aa1c9631ad","TCGA-E9-A1N5-11A-41R-A14D-07","TCGA-E9-A1N5","Solid Tissue Normal","JAK3","ENSG00000105639",349,7.0201,1.7961,1.6752,"OK"
"TCGA-BRCA","247f1d7d-fc33-4f35-aca7-60aa1c9631ad","TCGA-E9-A1N5-11A-41R-A14D-07","TCGA-E9-A1N5","Solid Tissue Normal","EPHB2","ENSG00000133216",274,3.0002,0.7676,0.7159,"OK"
"TCGA-BRCA","c7019746-2fcf-4b4b-b7e5-025413e1014f","TCGA-A2-A0EU-01A-22R-A056-07","TCGA-A2-A0EU","Primary Tumor","JAK3","ENSG00000105639",250,2.9345,0.7574,0.7163,"OK"
"TCGA-BRCA","c7019746-2fcf-4b4b-b7e5-025413e1014f","TCGA-A2-A0EU-01A-22R-A056-07","TCGA-A2-A0EU","Primary Tumor","EPHB2","ENSG00000133216",240,1.5335,0.3958,0.3743,"OK"
"TCGA-BRCA","dcac8f3c-d282-4ac9-9194-b1461966c795","TCGA-EW-A1P0-01A-11R-A144-07","TCGA-EW-A1P0","Primary Tumor","JAK3","ENSG00000105639",284,3.7181,0.9758,0.9128,"OK"
"TCGA-BRCA","dcac8f3c-d282-4ac9-9194-b1461966c795","TCGA-EW-A1P0-01A-11R-A144-07","TCGA-EW-A1P0","Primary Tumor","EPHB2","ENSG00000133216",438,3.1214,0.8192,0.7663,"OK"
"TCGA-BRCA","477f941f-1fb8-438f-802e-2e7fe6552fab","TCGA-E9-A295-01A-11R-A16F-07","TCGA-E9-A295","Primary Tumor","JAK3","ENSG00000105639",259,2.902,0.8963,0.9164,"OK"
"TCGA-BRCA","477f941f-1fb8-438f-802e-2e7fe6552fab","TCGA-E9-A295-01A-11R-A16F-07","TCGA-E9-A295","Primary Tumor","EPHB2","ENSG00000133216",644,3.9278,1.2132,1.2404,"OK"
"TCGA-BRCA","a572e59c-096f-4054-bbb4-90f2e2461d99","TCGA-S3-AA15-01A-11R-A41B-07","TCGA-S3-AA15","Primary Tumor","JAK3","ENSG00000105639",2785,19.8144,12.6989,12.4388,"OK"
"TCGA-BRCA","a572e59c-096f-4054-bbb4-90f2e2461d99","TCGA-S3-AA15-01A-11R-A41B-07","TCGA-S3-AA15","Primary Tumor","EPHB2","ENSG00000133216",496,1.9209,1.2311,1.2059,"OK"
"TCGA-BRCA","800ca72f-4bd7-46d7-904b-bcda2fa3500c","TCGA-C8-A26W-01A-11R-A16F-07","TCGA-C8-A26W","Primary Tumor","JAK3","ENSG00000105639",1079,7.5449,2.2475,2.1354,"OK"
"TCGA-BRCA","800ca72f-4bd7-46d7-904b-bcda2fa3500c","TCGA-C8-A26W-01A-11R-A16F-07","TCGA-C8-A26W","Primary Tumor","EPHB2","ENSG00000133216",1678,6.387,1.9026,1.8077,"OK"
"TCGA-BRCA","a930c017-565f-49ad-893a-37cc394c269d","TCGA-BH-A1FR-11B-42R-A13Q-07","TCGA-BH-A1FR","Solid Tissue Normal","JAK3","ENSG00000105639",680,8.3284,2.5111,2.4204,"OK"
"TCGA-BRCA","a930c017-565f-49ad-893a-37cc394c269d","TCGA-BH-A1FR-11B-42R-A13Q-07","TCGA-BH-A1FR","Solid Tissue Normal","EPHB2","ENSG00000133216",454,3.0268,0.9126,0.8797,"OK"
"TCGA-BRCA","16786247-5ff5-47e0-83e2-fee15779e522","TCGA-A8-A079-01A-21R-A00Z-07","TCGA-A8-A079","Primary Tumor","JAK3","ENSG00000105639",331,2.4077,0.7718,0.8268,"OK"
"TCGA-BRCA","16786247-5ff5-47e0-83e2-fee15779e522","TCGA-A8-A079-01A-21R-A00Z-07","TCGA-A8-A079","Primary Tumor","EPHB2","ENSG00000133216",1228,4.8623,1.5587,1.6697,"OK"
"TCGA-BRCA","641c4e5d-4880-4f5e-9d1e-702cab91a6b4","TCGA-B6-A40C-01A-11R-A239-07","TCGA-B6-A40C","Primary Tumor","JAK3","ENSG00000105639",888,5.3632,1.8376,1.7879,"OK"
"TCGA-BRCA","641c4e5d-4880-4f5e-9d1e-702cab91a6b4","TCGA-B6-A40C-01A-11R-A239-07","TCGA-B6-A40C","Primary Tumor","EPHB2","ENSG00000133216",855,2.8109,0.9631,0.9371,"OK"
"TCGA-BRCA","2ea0b718-c634-4692-9cf0-4f118adfafbd","TCGA-E9-A2JS-01A-11R-A180-07","TCGA-E9-A2JS","Primary Tumor","JAK3","ENSG00000105639",315,2.4468,0.7695,0.7738,"OK"
"TCGA-BRCA","2ea0b718-c634-4692-9cf0-4f118adfafbd","TCGA-E9-A2JS-01A-11R-A180-07","TCGA-E9-A2JS","Primary Tumor","EPHB2","ENSG00000133216",1400,5.9195,1.8618,1.872,"OK"
"TCGA-BRCA","f11c5295-697a-46f7-91fe-b760dc9f1029","TCGA-BH-A0BC-11A-22R-A089-07","TCGA-BH-A0BC","Solid Tissue Normal","JAK3","ENSG00000105639",429,4.3878,1.3344,1.3667,"OK"
"TCGA-BRCA","f11c5295-697a-46f7-91fe-b760dc9f1029","TCGA-BH-A0BC-11A-22R-A089-07","TCGA-BH-A0BC","Solid Tissue Normal","EPHB2","ENSG00000133216",325,1.8094,0.5503,0.5636,"OK"
"TCGA-BRCA","5aba8f7f-c815-45e9-bee0-4dda9bfac07f","TCGA-A2-A0CW-01A-21R-A115-07","TCGA-A2-A0CW","Primary Tumor","JAK3","ENSG00000105639",625,4.8941,1.3957,1.3143,"OK"
"TCGA-BRCA","5aba8f7f-c815-45e9-bee0-4dda9bfac07f","TCGA-A2-A0CW-01A-21R-A115-07","TCGA-A2-A0CW","Primary Tumor","EPHB2","ENSG00000133216",425,1.8116,0.5166,0.4865,"OK"
"TCGA-BRCA","577dde85-20c6-44c0-bf77-bda22a7f58c0","TCGA-A8-A09R-01A-11R-A00Z-07","TCGA-A8-A09R","Primary Tumor","JAK3","ENSG00000105639",788,6.893,1.6532,1.6317,"OK"
"TCGA-BRCA","577dde85-20c6-44c0-bf77-bda22a7f58c0","TCGA-A8-A09R-01A-11R-A00Z-07","TCGA-A8-A09R","Primary Tumor","EPHB2","ENSG00000133216",1969,9.3757,2.2487,2.2194,"OK"
"TCGA-BRCA","a4589532-53e0-4025-b8d3-e11e79e1fc9c","TCGA-AN-A0FV-01A-11R-A00Z-07","TCGA-AN-A0FV","Primary Tumor","JAK3","ENSG00000105639",502,4.4961,1.2827,1.4151,"OK"
"TCGA-BRCA","a4589532-53e0-4025-b8d3-e11e79e1fc9c","TCGA-AN-A0FV-01A-11R-A00Z-07","TCGA-AN-A0FV","Primary Tumor","EPHB2","ENSG00000133216",579,2.8229,0.8053,0.8885,"OK"
"TCGA-BRCA","6d17023b-03fd-4e66-9c7e-72395f09e87f","TCGA-AC-A3YJ-01A-11R-A22U-07","TCGA-AC-A3YJ","Primary Tumor","JAK3","ENSG00000105639",188,2.1918,0.6732,0.6889,"OK"
"TCGA-BRCA","6d17023b-03fd-4e66-9c7e-72395f09e87f","TCGA-AC-A3YJ-01A-11R-A22U-07","TCGA-AC-A3YJ","Primary Tumor","EPHB2","ENSG00000133216",366,2.3227,0.7134,0.73,"OK"
"TCGA-BRCA","39e5a93f-7474-44f8-974a-7ce44f909002","TCGA-C8-A26Z-01A-11R-A16F-07","TCGA-C8-A26Z","Primary Tumor","JAK3","ENSG00000105639",313,2.5351,0.6786,0.671,"OK"
"TCGA-BRCA","39e5a93f-7474-44f8-974a-7ce44f909002","TCGA-C8-A26Z-01A-11R-A16F-07","TCGA-C8-A26Z","Primary Tumor","EPHB2","ENSG00000133216",359,1.5828,0.4237,0.4189,"OK"
"TCGA-BRCA","7e035247-3586-443f-a94c-0addbaf3b17f","TCGA-AR-A24R-01A-11R-A169-07","TCGA-AR-A24R","Primary Tumor","JAK3","ENSG00000105639",743,5.9549,1.5739,1.4882,"OK"
"TCGA-BRCA","7e035247-3586-443f-a94c-0addbaf3b17f","TCGA-AR-A24R-01A-11R-A169-07","TCGA-AR-A24R","Primary Tumor","EPHB2","ENSG00000133216",984,4.2929,1.1346,1.0729,"OK"
"TCGA-BRCA","515f8866-8744-44d8-9e4b-0e734d0c201b","TCGA-LL-A7T0-01A-31R-A352-07","TCGA-LL-A7T0","Primary Tumor","JAK3","ENSG00000105639",635,7.2751,2.2561,2.2582,"OK"
"TCGA-BRCA","515f8866-8744-44d8-9e4b-0e734d0c201b","TCGA-LL-A7T0-01A-31R-A352-07","TCGA-LL-A7T0","Primary Tumor","EPHB2","ENSG00000133216",414,2.5819,0.8007,0.8014,"OK"
"TCGA-BRCA","86d6bd3f-d1a8-4b12-bd4f-009cd707ad8b","TCGA-E9-A1R7-01A-11R-A14M-07","TCGA-E9-A1R7","Primary Tumor","JAK3","ENSG00000105639",142,1.2159,0.3481,0.3505,"OK"
"TCGA-BRCA","86d6bd3f-d1a8-4b12-bd4f-009cd707ad8b","TCGA-E9-A1R7-01A-11R-A14M-07","TCGA-E9-A1R7","Primary Tumor","EPHB2","ENSG00000133216",140,0.6525,0.1868,0.1881,"OK"
"TCGA-BRCA","ea7281b8-a53c-453a-93e9-69549c5f0fe8","TCGA-GM-A3NY-01A-11R-A21T-07","TCGA-GM-A3NY","Primary Tumor","JAK3","ENSG00000105639",569,3.359,1.3373,1.4395,"OK"
"TCGA-BRCA","ea7281b8-a53c-453a-93e9-69549c5f0fe8","TCGA-GM-A3NY-01A-11R-A21T-07","TCGA-GM-A3NY","Primary Tumor","EPHB2","ENSG00000133216",357,1.1472,0.4567,0.4916,"OK"
"TCGA-BRCA","5039a492-4dc7-4191-9edd-187cb181da2d","TCGA-D8-A1JB-01A-11R-A13Q-07","TCGA-D8-A1JB","Primary Tumor","JAK3","ENSG00000105639",1569,18.6205,5.5366,5.0659,"OK"
"TCGA-BRCA","5039a492-4dc7-4191-9edd-187cb181da2d","TCGA-D8-A1JB-01A-11R-A13Q-07","TCGA-D8-A1JB","Primary Tumor","EPHB2","ENSG00000133216",562,3.6306,1.0795,0.9877,"OK"
"TCGA-BRCA","461fda5d-d6e6-4354-b035-c302cc43b03f","TCGA-E9-A226-01A-21R-A157-07","TCGA-E9-A226","Primary Tumor","JAK3","ENSG00000105639",280,2.9957,0.7017,0.639,"OK"
"TCGA-BRCA","461fda5d-d6e6-4354-b035-c302cc43b03f","TCGA-E9-A226-01A-21R-A157-07","TCGA-E9-A226","Primary Tumor","EPHB2","ENSG00000133216",453,2.6383,0.6179,0.5627,"OK"
"TCGA-BRCA","683e004b-7992-4250-a94b-c355c45725d2","TCGA-BH-A0DL-01A-11R-A115-07","TCGA-BH-A0DL","Primary Tumor","JAK3","ENSG00000105639",1710,10.3169,3.6698,3.7586,"OK"
"TCGA-BRCA","683e004b-7992-4250-a94b-c355c45725d2","TCGA-BH-A0DL-01A-11R-A115-07","TCGA-BH-A0DL","Primary Tumor","EPHB2","ENSG00000133216",7697,25.2782,8.9917,9.2093,"OK"
"TCGA-BRCA","934aa789-6d42-4b2d-8a74-7d482d79ed8b","TCGA-A7-A5ZX-01A-12R-A29R-07","TCGA-A7-A5ZX","Primary Tumor","JAK3","ENSG00000105639",779,8.8535,2.441,2.2821,"OK"
"TCGA-BRCA","934aa789-6d42-4b2d-8a74-7d482d79ed8b","TCGA-A7-A5ZX-01A-12R-A29R-07","TCGA-A7-A5ZX","Primary Tumor","EPHB2","ENSG00000133216",574,3.5511,0.9791,0.9153,"OK"
"TCGA-BRCA","269215ae-9040-4ac6-9d3d-017c0cbb2811","TCGA-A2-A1G1-01A-21R-A13Q-07","TCGA-A2-A1G1","Primary Tumor","JAK3","ENSG00000105639",1385,9.6536,2.5795,2.7701,"OK"
"TCGA-BRCA","269215ae-9040-4ac6-9d3d-017c0cbb2811","TCGA-A2-A1G1-01A-21R-A13Q-07","TCGA-A2-A1G1","Primary Tumor","EPHB2","ENSG00000133216",1373,5.2093,1.392,1.4948,"OK"
"TCGA-BRCA","5064b439-81da-4ef3-b2de-bbca8d3a07e7","TCGA-JL-A3YX-01A-11R-A22U-07","TCGA-JL-A3YX","Primary Tumor","JAK3","ENSG00000105639",344,2.6077,0.7848,0.8,"OK"
"TCGA-BRCA","5064b439-81da-4ef3-b2de-bbca8d3a07e7","TCGA-JL-A3YX-01A-11R-A22U-07","TCGA-JL-A3YX","Primary Tumor","EPHB2","ENSG00000133216",455,1.8775,0.565,0.576,"OK"
"TCGA-BRCA","ec2687cf-9496-4232-9a96-41b935d6ffb3","TCGA-OL-A66H-01A-11R-A29R-07","TCGA-OL-A66H","Primary Tumor","JAK3","ENSG00000105639",688,7.3493,2.1825,2.1381,"OK"
"TCGA-BRCA","ec2687cf-9496-4232-9a96-41b935d6ffb3","TCGA-OL-A66H-01A-11R-A29R-07","TCGA-OL-A66H","Primary Tumor","EPHB2","ENSG00000133216",1134,6.5939,1.9582,1.9184,"OK"
"TCGA-BRCA","19318058-604e-4c3b-a037-eab07708ff82","TCGA-D8-A3Z5-01A-41R-A24H-07","TCGA-D8-A3Z5","Primary Tumor","JAK3","ENSG00000105639",490,4.1161,1.326,1.2184,"OK"
"TCGA-BRCA","19318058-604e-4c3b-a037-eab07708ff82","TCGA-D8-A3Z5-01A-41R-A24H-07","TCGA-D8-A3Z5","Primary Tumor","EPHB2","ENSG00000133216",230,1.0517,0.3388,0.3113,"OK"
"TCGA-BRCA","0fc096b2-7fb5-4dc6-ae94-aa7dae6f885f","TCGA-OL-A5RZ-01A-11R-A28M-07","TCGA-OL-A5RZ","Primary Tumor","JAK3","ENSG00000105639",150,1.8348,0.5331,0.5869,"OK"
"TCGA-BRCA","0fc096b2-7fb5-4dc6-ae94-aa7dae6f885f","TCGA-OL-A5RZ-01A-11R-A28M-07","TCGA-OL-A5RZ","Primary Tumor","EPHB2","ENSG00000133216",564,3.7554,1.0911,1.2012,"OK"
"TCGA-BRCA","27aab1a6-96af-4dc1-b9ce-4690ead0d355","TCGA-A8-A075-01A-11R-A084-07","TCGA-A8-A075","Primary Tumor","JAK3","ENSG00000105639",1064,8.6895,2.8528,2.8174,"OK"
"TCGA-BRCA","27aab1a6-96af-4dc1-b9ce-4690ead0d355","TCGA-A8-A075-01A-11R-A084-07","TCGA-A8-A075","Primary Tumor","EPHB2","ENSG00000133216",474,2.1072,0.6918,0.6832,"OK"
"TCGA-BRCA","c4ceaaf8-4803-45d7-9937-42d25db60148","TCGA-B6-A402-01A-11R-A239-07","TCGA-B6-A402","Primary Tumor","JAK3","ENSG00000105639",409,3.2594,1.1178,1.1562,"OK"
"TCGA-BRCA","c4ceaaf8-4803-45d7-9937-42d25db60148","TCGA-B6-A402-01A-11R-A239-07","TCGA-B6-A402","Primary Tumor","EPHB2","ENSG00000133216",132,0.5726,0.1964,0.2031,"OK"
"TCGA-BRCA","a3e73f16-dc65-4c2e-9846-052b8fae144c","TCGA-BH-A1FM-01A-11R-A13Q-07","TCGA-BH-A1FM","Primary Tumor","JAK3","ENSG00000105639",465,3.4398,1.061,1.1996,"OK"
"TCGA-BRCA","a3e73f16-dc65-4c2e-9846-052b8fae144c","TCGA-BH-A1FM-01A-11R-A13Q-07","TCGA-BH-A1FM","Primary Tumor","EPHB2","ENSG00000133216",134,0.5396,0.1664,0.1882,"OK"
"TCGA-BRCA","cbfb8ffe-ae83-4a16-aaa6-f21ea893cb8d","TCGA-BH-A1EO-11A-31R-A137-07","TCGA-BH-A1EO","Solid Tissue Normal","JAK3","ENSG00000105639",969,4.4805,1.4657,1.6895,"OK"
"TCGA-BRCA","cbfb8ffe-ae83-4a16-aaa6-f21ea893cb8d","TCGA-BH-A1EO-11A-31R-A137-07","TCGA-BH-A1EO","Solid Tissue Normal","EPHB2","ENSG00000133216",1488,3.7452,1.2252,1.4122,"OK"
"TCGA-BRCA","5461f36b-c2a2-4a6a-8b17-444c143655fc","TCGA-BH-A0C3-01A-21R-A12P-07","TCGA-BH-A0C3","Primary Tumor","JAK3","ENSG00000105639",918,9.8247,2.7929,2.8021,"OK"
"TCGA-BRCA","5461f36b-c2a2-4a6a-8b17-444c143655fc","TCGA-BH-A0C3-01A-21R-A12P-07","TCGA-BH-A0C3","Primary Tumor","EPHB2","ENSG00000133216",688,4.0081,1.1394,1.1431,"OK"
"TCGA-BRCA","309dcac2-7efa-467c-9dc7-222c130b0fec","TCGA-E2-A15M-01A-11R-A12D-07","TCGA-E2-A15M","Primary Tumor","JAK3","ENSG00000105639",2872,15.7687,4.3284,4.1609,"OK"
"TCGA-BRCA","309dcac2-7efa-467c-9dc7-222c130b0fec","TCGA-E2-A15M-01A-11R-A12D-07","TCGA-E2-A15M","Primary Tumor","EPHB2","ENSG00000133216",2158,6.4496,1.7704,1.7019,"OK"
"TCGA-BRCA","6487c7e6-38ad-417c-8009-6c899fe74a64","TCGA-E2-A9RU-01A-11R-A41B-07","TCGA-E2-A9RU","Primary Tumor","JAK3","ENSG00000105639",199,2.5928,0.8489,1.0201,"OK"
"TCGA-BRCA","6487c7e6-38ad-417c-8009-6c899fe74a64","TCGA-E2-A9RU-01A-11R-A41B-07","TCGA-E2-A9RU","Primary Tumor","EPHB2","ENSG00000133216",406,2.8795,0.9428,1.1329,"OK"
"TCGA-BRCA","a835cfe4-9359-4178-9c9a-44ecb4173e47","TCGA-EW-A1IW-01A-11R-A13Q-07","TCGA-EW-A1IW","Primary Tumor","JAK3","ENSG00000105639",942,7.5734,1.9459,1.8703,"OK"
"TCGA-BRCA","a835cfe4-9359-4178-9c9a-44ecb4173e47","TCGA-EW-A1IW-01A-11R-A13Q-07","TCGA-EW-A1IW","Primary Tumor","EPHB2","ENSG00000133216",1341,5.8687,1.5079,1.4493,"OK"
"TCGA-BRCA","e4f80aa3-eace-4ab4-afff-69d952ed5442","TCGA-A2-A0EN-01A-13R-A084-07","TCGA-A2-A0EN","Primary Tumor","JAK3","ENSG00000105639",2172,14.2433,4.7649,5.2387,"OK"
"TCGA-BRCA","e4f80aa3-eace-4ab4-afff-69d952ed5442","TCGA-A2-A0EN-01A-13R-A084-07","TCGA-A2-A0EN","Primary Tumor","EPHB2","ENSG00000133216",851,3.0378,1.0162,1.1173,"OK"
"TCGA-BRCA","ea01e210-0d45-4c23-8644-904771672188","TCGA-E2-A1L9-01A-11R-A13Q-07","TCGA-E2-A1L9","Primary Tumor","JAK3","ENSG00000105639",771,5.4899,1.4908,1.5049,"OK"
"TCGA-BRCA","ea01e210-0d45-4c23-8644-904771672188","TCGA-E2-A1L9-01A-11R-A13Q-07","TCGA-E2-A1L9","Primary Tumor","EPHB2","ENSG00000133216",957,3.7093,1.0073,1.0168,"OK"
"TCGA-BRCA","6129ca9a-5466-4cf5-be19-a4e3134659cb","TCGA-E9-A229-01A-31R-A157-07","TCGA-E9-A229","Primary Tumor","JAK3","ENSG00000105639",645,5.2091,1.2811,1.2535,"OK"
"TCGA-BRCA","6129ca9a-5466-4cf5-be19-a4e3134659cb","TCGA-E9-A229-01A-31R-A157-07","TCGA-E9-A229","Primary Tumor","EPHB2","ENSG00000133216",1877,8.2517,2.0294,1.9856,"OK"
"TCGA-BRCA","6084a2ac-a342-4378-b4ba-a2d7e6af9124","TCGA-D8-A1Y0-01A-11R-A14M-07","TCGA-D8-A1Y0","Primary Tumor","JAK3","ENSG00000105639",1706,11.8802,3.0931,2.9483,"OK"
"TCGA-BRCA","6084a2ac-a342-4378-b4ba-a2d7e6af9124","TCGA-D8-A1Y0-01A-11R-A14M-07","TCGA-D8-A1Y0","Primary Tumor","EPHB2","ENSG00000133216",2090,7.9225,2.0627,1.9661,"OK"
"TCGA-BRCA","7ae79f8e-a8fa-4030-b46a-458db80a36c1","TCGA-E2-A14T-01A-11R-A115-07","TCGA-E2-A14T","Primary Tumor","JAK3","ENSG00000105639",640,4.0756,1.1978,1.2779,"OK"
"TCGA-BRCA","7ae79f8e-a8fa-4030-b46a-458db80a36c1","TCGA-E2-A14T-01A-11R-A115-07","TCGA-E2-A14T","Primary Tumor","EPHB2","ENSG00000133216",573,1.9862,0.5837,0.6228,"OK"
"TCGA-BRCA","c28e4bbf-6ddc-42fd-9268-826edc17aee5","TCGA-E2-A1B6-01A-31R-A12P-07","TCGA-E2-A1B6","Primary Tumor","JAK3","ENSG00000105639",11182,49.912,18.8312,18.7911,"OK"
"TCGA-BRCA","c28e4bbf-6ddc-42fd-9268-826edc17aee5","TCGA-E2-A1B6-01A-31R-A12P-07","TCGA-E2-A1B6","Primary Tumor","EPHB2","ENSG00000133216",769,1.8685,0.705,0.7034,"OK"
"TCGA-BRCA","1dacccf9-58ae-490f-9f3f-31c82f93b3b8","TCGA-AN-A0FW-01A-11R-A034-07","TCGA-AN-A0FW","Primary Tumor","JAK3","ENSG00000105639",337,2.4386,0.7121,0.7681,"OK"
"TCGA-BRCA","1dacccf9-58ae-490f-9f3f-31c82f93b3b8","TCGA-AN-A0FW-01A-11R-A034-07","TCGA-AN-A0FW","Primary Tumor","EPHB2","ENSG00000133216",426,1.678,0.49,0.5286,"OK"
"TCGA-BRCA","cdd283b5-8dea-4736-859c-f1a2bbda57c2","TCGA-D8-A1X7-01A-11R-A14M-07","TCGA-D8-A1X7","Primary Tumor","JAK3","ENSG00000105639",589,5.0171,1.2402,1.1743,"OK"
"TCGA-BRCA","cdd283b5-8dea-4736-859c-f1a2bbda57c2","TCGA-D8-A1X7-01A-11R-A14M-07","TCGA-D8-A1X7","Primary Tumor","EPHB2","ENSG00000133216",375,1.7388,0.4298,0.407,"OK"
"TCGA-BRCA","cbbbb1af-8bf4-4bb6-9258-33bf416190e7","TCGA-AO-A0J7-01A-11R-A034-07","TCGA-AO-A0J7","Primary Tumor","JAK3","ENSG00000105639",109,0.9944,0.2857,0.2878,"OK"
"TCGA-BRCA","cbbbb1af-8bf4-4bb6-9258-33bf416190e7","TCGA-AO-A0J7-01A-11R-A034-07","TCGA-AO-A0J7","Primary Tumor","EPHB2","ENSG00000133216",204,1.0131,0.291,0.2932,"OK"
"TCGA-BRCA","5728b421-9832-417b-8963-b7b17decc58e","TCGA-AR-A1AP-01A-11R-A12P-07","TCGA-AR-A1AP","Primary Tumor","JAK3","ENSG00000105639",477,6.1556,1.6054,1.563,"OK"
"TCGA-BRCA","5728b421-9832-417b-8963-b7b17decc58e","TCGA-AR-A1AP-01A-11R-A12P-07","TCGA-AR-A1AP","Primary Tumor","EPHB2","ENSG00000133216",753,5.2896,1.3795,1.3431,"OK"
"TCGA-BRCA","3728cb73-4a8a-4392-8140-f027ad876cf2","TCGA-D8-A1X9-01A-12R-A157-07","TCGA-D8-A1X9","Primary Tumor","JAK3","ENSG00000105639",527,3.7074,0.9755,0.9688,"OK"
"TCGA-BRCA","3728cb73-4a8a-4392-8140-f027ad876cf2","TCGA-D8-A1X9-01A-12R-A157-07","TCGA-D8-A1X9","Primary Tumor","EPHB2","ENSG00000133216",1205,4.6145,1.2142,1.2059,"OK"
"TCGA-BRCA","ec7b77d4-41a2-4892-be79-23cb24f986d3","TCGA-D8-A1XQ-01A-11R-A14M-07","TCGA-D8-A1XQ","Primary Tumor","JAK3","ENSG00000105639",1669,11.7715,3.7412,3.4995,"OK"
"TCGA-BRCA","ec7b77d4-41a2-4892-be79-23cb24f986d3","TCGA-D8-A1XQ-01A-11R-A14M-07","TCGA-D8-A1XQ","Primary Tumor","EPHB2","ENSG00000133216",1856,7.1257,2.2647,2.1183,"OK"
"TCGA-BRCA","e94299a9-67bc-4c30-963c-1476fbb7d5ff","TCGA-AN-A0G0-01A-11R-A034-07","TCGA-AN-A0G0","Primary Tumor","JAK3","ENSG00000105639",561,4.4581,1.1927,1.182,"OK"
"TCGA-BRCA","e94299a9-67bc-4c30-963c-1476fbb7d5ff","TCGA-AN-A0G0-01A-11R-A034-07","TCGA-AN-A0G0","Primary Tumor","EPHB2","ENSG00000133216",467,2.0201,0.5405,0.5356,"OK"
"TCGA-BRCA","1dd898ab-3b85-4932-b889-0eb0a494f2b6","TCGA-A2-A0CU-01A-12R-A034-07","TCGA-A2-A0CU","Primary Tumor","JAK3","ENSG00000105639",524,4.3993,1.3338,1.4117,"OK"
"TCGA-BRCA","1dd898ab-3b85-4932-b889-0eb0a494f2b6","TCGA-A2-A0CU-01A-12R-A034-07","TCGA-A2-A0CU","Primary Tumor","EPHB2","ENSG00000133216",715,3.2677,0.9907,1.0486,"OK"
"TCGA-BRCA","121a48ed-798d-4102-bb8f-e736570e18d6","TCGA-A8-A0A1-01A-11R-A00Z-07","TCGA-A8-A0A1","Primary Tumor","JAK3","ENSG00000105639",615,9.1882,2.3886,2.2113,"OK"
"TCGA-BRCA","121a48ed-798d-4102-bb8f-e736570e18d6","TCGA-A8-A0A1-01A-11R-A00Z-07","TCGA-A8-A0A1","Primary Tumor","EPHB2","ENSG00000133216",516,4.1964,1.0909,1.0099,"OK"
"TCGA-BRCA","f6cb208f-cc43-4245-8392-dc5ada57bb9b","TCGA-A8-A08R-01A-11R-A034-07","TCGA-A8-A08R","Primary Tumor","JAK3","ENSG00000105639",1386,10.1745,3.102,3.0521,"OK"
"TCGA-BRCA","f6cb208f-cc43-4245-8392-dc5ada57bb9b","TCGA-A8-A08R-01A-11R-A034-07","TCGA-A8-A08R","Primary Tumor","EPHB2","ENSG00000133216",1905,7.6124,2.3208,2.2835,"OK"
"TCGA-BRCA","6f3bd40b-98b5-431b-a0b3-c7767b479d7d","TCGA-EW-A1OX-01A-11R-A144-07","TCGA-EW-A1OX","Primary Tumor","JAK3","ENSG00000105639",50,0.6247,0.1602,0.1539,"OK"
"TCGA-BRCA","6f3bd40b-98b5-431b-a0b3-c7767b479d7d","TCGA-EW-A1OX-01A-11R-A144-07","TCGA-EW-A1OX","Primary Tumor","EPHB2","ENSG00000133216",73,0.4965,0.1273,0.1223,"OK"
"TCGA-BRCA","74b16304-eb3f-4311-9b2e-dbf5eac89b44","TCGA-E9-A228-01A-31R-A157-07","TCGA-E9-A228","Primary Tumor","JAK3","ENSG00000105639",724,5.4488,1.4914,1.5109,"OK"
"TCGA-BRCA","74b16304-eb3f-4311-9b2e-dbf5eac89b44","TCGA-E9-A228-01A-31R-A157-07","TCGA-E9-A228","Primary Tumor","EPHB2","ENSG00000133216",879,3.601,0.9856,0.9985,"OK"
"TCGA-BRCA","958813f4-8036-42f7-856d-7a69c4175adc","TCGA-E9-A1RH-11A-34R-A169-07","TCGA-E9-A1RH","Solid Tissue Normal","JAK3","ENSG00000105639",240,1.5242,0.5725,0.7257,"OK"
"TCGA-BRCA","958813f4-8036-42f7-856d-7a69c4175adc","TCGA-E9-A1RH-11A-34R-A169-07","TCGA-E9-A1RH","Solid Tissue Normal","EPHB2","ENSG00000133216",750,2.5928,0.9738,1.2344,"OK"
"TCGA-BRCA","0c279a15-1250-4923-bcde-96cc3fd32d42","TCGA-A8-A094-01A-11R-A00Z-07","TCGA-A8-A094","Primary Tumor","JAK3","ENSG00000105639",546,7.8867,2.5702,2.5188,"OK"
"TCGA-BRCA","0c279a15-1250-4923-bcde-96cc3fd32d42","TCGA-A8-A094-01A-11R-A00Z-07","TCGA-A8-A094","Primary Tumor","EPHB2","ENSG00000133216",285,2.2409,0.7303,0.7157,"OK"
"TCGA-BRCA","bdee019c-38ae-4686-84fe-2454ba4c70dc","TCGA-AR-A254-01A-21R-A169-07","TCGA-AR-A254","Primary Tumor","JAK3","ENSG00000105639",1238,8.5591,2.3812,2.5156,"OK"
"TCGA-BRCA","bdee019c-38ae-4686-84fe-2454ba4c70dc","TCGA-AR-A254-01A-21R-A169-07","TCGA-AR-A254","Primary Tumor","EPHB2","ENSG00000133216",1054,3.9666,1.1035,1.1658,"OK"
"TCGA-BRCA","26702590-872f-4e36-a631-ee6cb3f61ec4","TCGA-D8-A27L-01A-11R-A16F-07","TCGA-D8-A27L","Primary Tumor","JAK3","ENSG00000105639",1371,10.9163,2.7227,2.5439,"OK"
"TCGA-BRCA","26702590-872f-4e36-a631-ee6cb3f61ec4","TCGA-D8-A27L-01A-11R-A16F-07","TCGA-D8-A27L","Primary Tumor","EPHB2","ENSG00000133216",1227,5.3181,1.3264,1.2393,"OK"
"TCGA-BRCA","4c57cb4f-b4dc-4cfa-9af5-1447422c5b95","TCGA-E9-A1N9-01A-11R-A14D-07","TCGA-E9-A1N9","Primary Tumor","JAK3","ENSG00000105639",444,5.2968,1.4798,1.4334,"OK"
"TCGA-BRCA","4c57cb4f-b4dc-4cfa-9af5-1447422c5b95","TCGA-E9-A1N9-01A-11R-A14D-07","TCGA-E9-A1N9","Primary Tumor","EPHB2","ENSG00000133216",483,3.1365,0.8763,0.8488,"OK"
"TCGA-BRCA","2a73a18d-eca4-475b-9c37-283feb92915f","TCGA-A8-A08A-01A-11R-A32Y-07","TCGA-A8-A08A","Primary Tumor","JAK3","ENSG00000105639",373,3.3937,0.9953,0.9948,"OK"
"TCGA-BRCA","2a73a18d-eca4-475b-9c37-283feb92915f","TCGA-A8-A08A-01A-11R-A32Y-07","TCGA-A8-A08A","Primary Tumor","EPHB2","ENSG00000133216",517,2.5606,0.7509,0.7506,"OK"
"TCGA-BRCA","76d94448-4fd0-4476-af15-3c845d70851d","TCGA-E9-A249-01A-11R-A169-07","TCGA-E9-A249","Primary Tumor","JAK3","ENSG00000105639",324,2.2508,0.6435,0.6191,"OK"
"TCGA-BRCA","76d94448-4fd0-4476-af15-3c845d70851d","TCGA-E9-A249-01A-11R-A169-07","TCGA-E9-A249","Primary Tumor","EPHB2","ENSG00000133216",419,1.5845,0.453,0.4358,"OK"
"TCGA-BRCA","77cdf045-d52d-4cc1-b2f1-e2b0d106af0f","TCGA-AQ-A1H3-01A-31R-A13Q-07","TCGA-AQ-A1H3","Primary Tumor","JAK3","ENSG00000105639",860,7.2015,1.8149,1.7172,"OK"
"TCGA-BRCA","77cdf045-d52d-4cc1-b2f1-e2b0d106af0f","TCGA-AQ-A1H3-01A-31R-A13Q-07","TCGA-AQ-A1H3","Primary Tumor","EPHB2","ENSG00000133216",494,2.2518,0.5675,0.5369,"OK"
"TCGA-BRCA","165fe176-2dea-489f-92d6-34b0c6848312","TCGA-BH-A0BA-11A-22R-A19E-07","TCGA-BH-A0BA","Solid Tissue Normal","JAK3","ENSG00000105639",605,6.994,2.121,1.9994,"OK"
"TCGA-BRCA","165fe176-2dea-489f-92d6-34b0c6848312","TCGA-BH-A0BA-11A-22R-A19E-07","TCGA-BH-A0BA","Solid Tissue Normal","EPHB2","ENSG00000133216",297,1.869,0.5668,0.5343,"OK"
"TCGA-BRCA","3e0cc1e4-0882-4e9b-9373-34bcbce097d7","TCGA-AO-A125-01A-11R-A10J-07","TCGA-AO-A125","Primary Tumor","JAK3","ENSG00000105639",61,0.4811,0.1707,0.1654,"OK"
"TCGA-BRCA","3e0cc1e4-0882-4e9b-9373-34bcbce097d7","TCGA-AO-A125-01A-11R-A10J-07","TCGA-AO-A125","Primary Tumor","EPHB2","ENSG00000133216",79,0.3392,0.1203,0.1166,"OK"
"TCGA-BRCA","56081713-6249-4a3f-8498-277e688d1ec9","TCGA-BH-A1FR-01A-11R-A13Q-07","TCGA-BH-A1FR","Primary Tumor","JAK3","ENSG00000105639",427,5.7331,1.5951,1.5192,"OK"
"TCGA-BRCA","56081713-6249-4a3f-8498-277e688d1ec9","TCGA-BH-A1FR-01A-11R-A13Q-07","TCGA-BH-A1FR","Primary Tumor","EPHB2","ENSG00000133216",333,2.4338,0.6771,0.6449,"OK"
"TCGA-BRCA","893122aa-117b-49a4-a81c-1229dde4d78a","TCGA-BH-A42U-01A-12R-A24H-07","TCGA-BH-A42U","Primary Tumor","JAK3","ENSG00000105639",1748,12.3044,4.0785,4.4091,"OK"
"TCGA-BRCA","893122aa-117b-49a4-a81c-1229dde4d78a","TCGA-BH-A42U-01A-12R-A24H-07","TCGA-BH-A42U","Primary Tumor","EPHB2","ENSG00000133216",737,2.824,0.936,1.0119,"OK"
"TCGA-BRCA","892928f7-8239-4d15-812b-046f9192d7de","TCGA-C8-A12O-01A-11R-A115-07","TCGA-C8-A12O","Primary Tumor","JAK3","ENSG00000105639",612,5.6856,1.4707,1.5357,"OK"
"TCGA-BRCA","892928f7-8239-4d15-812b-046f9192d7de","TCGA-C8-A12O-01A-11R-A115-07","TCGA-C8-A12O","Primary Tumor","EPHB2","ENSG00000133216",1298,6.5641,1.6979,1.7729,"OK"
"TCGA-BRCA","270356b5-f258-49b3-a850-16ea88ec6c76","TCGA-A7-A13H-01A-11R-A22K-07","TCGA-A7-A13H","Primary Tumor","JAK3","ENSG00000105639",1425,12.4123,3.6357,3.3501,"OK"
"TCGA-BRCA","270356b5-f258-49b3-a850-16ea88ec6c76","TCGA-A7-A13H-01A-11R-A22K-07","TCGA-A7-A13H","Primary Tumor","EPHB2","ENSG00000133216",638,3.025,0.8861,0.8165,"OK"
"TCGA-BRCA","5e863e9f-1449-4a38-ac00-cfd7c21ba6e2","TCGA-AC-A3W5-01A-11R-A22K-07","TCGA-AC-A3W5","Primary Tumor","JAK3","ENSG00000105639",1325,12.1343,3.6872,3.9211,"OK"
"TCGA-BRCA","5e863e9f-1449-4a38-ac00-cfd7c21ba6e2","TCGA-AC-A3W5-01A-11R-A22K-07","TCGA-AC-A3W5","Primary Tumor","EPHB2","ENSG00000133216",883,4.4018,1.3376,1.4224,"OK"
"TCGA-BRCA","24c5fcbb-019c-4636-813b-0b9d4d1d9501","TCGA-A2-A0EM-01A-11R-A034-07","TCGA-A2-A0EM","Primary Tumor","JAK3","ENSG00000105639",261,2.4434,0.6758,0.6657,"OK"
"TCGA-BRCA","24c5fcbb-019c-4636-813b-0b9d4d1d9501","TCGA-A2-A0EM-01A-11R-A034-07","TCGA-A2-A0EM","Primary Tumor","EPHB2","ENSG00000133216",420,2.1403,0.5919,0.5832,"OK"
"TCGA-BRCA","4b8ef410-8612-4c64-839f-47770deba446","TCGA-A7-A4SD-01A-11R-A266-07","TCGA-A7-A4SD","Primary Tumor","JAK3","ENSG00000105639",973,11.2568,3.6754,3.5468,"OK"
"TCGA-BRCA","4b8ef410-8612-4c64-839f-47770deba446","TCGA-A7-A4SD-01A-11R-A266-07","TCGA-A7-A4SD","Primary Tumor","EPHB2","ENSG00000133216",2182,13.7414,4.4866,4.3297,"OK"
"TCGA-BRCA","7cf427fc-2c7c-434b-84c5-9ea118da110f","TCGA-BH-A1ET-01A-11R-A137-07","TCGA-BH-A1ET","Primary Tumor","JAK3","ENSG00000105639",670,4.0172,1.0856,1.0354,"OK"
"TCGA-BRCA","7cf427fc-2c7c-434b-84c5-9ea118da110f","TCGA-BH-A1ET-01A-11R-A137-07","TCGA-BH-A1ET","Primary Tumor","EPHB2","ENSG00000133216",485,1.583,0.4278,0.408,"OK"
"TCGA-BRCA","9d535d7d-0fff-4134-be8f-daa6d687a48c","TCGA-OL-A5DA-01A-11R-A27Q-07","TCGA-OL-A5DA","Primary Tumor","JAK3","ENSG00000105639",556,6.4928,1.8006,1.6759,"OK"
"TCGA-BRCA","9d535d7d-0fff-4134-be8f-daa6d687a48c","TCGA-OL-A5DA-01A-11R-A27Q-07","TCGA-OL-A5DA","Primary Tumor","EPHB2","ENSG00000133216",256,1.6273,0.4513,0.42,"OK"
"TCGA-BRCA","82d46633-2eea-4b43-81b6-addab4f069b4","TCGA-AN-A0FK-01A-11R-A034-07","TCGA-AN-A0FK","Primary Tumor","JAK3","ENSG00000105639",194,1.7793,0.5159,0.5266,"OK"
"TCGA-BRCA","82d46633-2eea-4b43-81b6-addab4f069b4","TCGA-AN-A0FK-01A-11R-A034-07","TCGA-AN-A0FK","Primary Tumor","EPHB2","ENSG00000133216",337,1.6825,0.4878,0.4979,"OK"
"TCGA-BRCA","3841a099-bf19-4891-9b12-5db1d699e922","TCGA-AO-A126-01A-11R-A10J-07","TCGA-AO-A126","Primary Tumor","JAK3","ENSG00000105639",480,3.7621,1.2342,1.3908,"OK"
"TCGA-BRCA","3841a099-bf19-4891-9b12-5db1d699e922","TCGA-AO-A126-01A-11R-A10J-07","TCGA-AO-A126","Primary Tumor","EPHB2","ENSG00000133216",568,2.4233,0.795,0.8959,"OK"
"TCGA-BRCA","519039a7-141e-4367-a6eb-e9307136daf3","TCGA-BH-A0HB-01A-11R-A056-07","TCGA-BH-A0HB","Primary Tumor","JAK3","ENSG00000105639",513,4.6417,1.6696,1.8307,"OK"
"TCGA-BRCA","519039a7-141e-4367-a6eb-e9307136daf3","TCGA-BH-A0HB-01A-11R-A056-07","TCGA-BH-A0HB","Primary Tumor","EPHB2","ENSG00000133216",452,2.2262,0.8008,0.878,"OK"
"TCGA-BRCA","fcb1b40a-85c0-498c-881e-7161edcf39e6","TCGA-BH-A0DD-01A-31R-A12P-07","TCGA-BH-A0DD","Primary Tumor","JAK3","ENSG00000105639",468,5.2681,1.2748,1.1782,"OK"
"TCGA-BRCA","fcb1b40a-85c0-498c-881e-7161edcf39e6","TCGA-BH-A0DD-01A-31R-A12P-07","TCGA-BH-A0DD","Primary Tumor","EPHB2","ENSG00000133216",911,5.5822,1.3508,1.2484,"OK"
"TCGA-BRCA","235a9719-23a6-48b5-bbb1-248dbec23a35","TCGA-B6-A1KN-01A-11R-A13Q-07","TCGA-B6-A1KN","Primary Tumor","JAK3","ENSG00000105639",1001,8.0334,2.0796,2.016,"OK"
"TCGA-BRCA","235a9719-23a6-48b5-bbb1-248dbec23a35","TCGA-B6-A1KN-01A-11R-A13Q-07","TCGA-B6-A1KN","Primary Tumor","EPHB2","ENSG00000133216",675,2.9488,0.7634,0.74,"OK"
"TCGA-BRCA","b2fdef29-2c03-4aaf-bac8-2e1e5d07333b","TCGA-A7-A26H-01A-11R-A169-07","TCGA-A7-A26H","Primary Tumor","JAK3","ENSG00000105639",728,4.7965,1.2796,1.3238,"OK"
"TCGA-BRCA","b2fdef29-2c03-4aaf-bac8-2e1e5d07333b","TCGA-A7-A26H-01A-11R-A169-07","TCGA-A7-A26H","Primary Tumor","EPHB2","ENSG00000133216",1105,3.963,1.0572,1.0937,"OK"
"TCGA-BRCA","4bfe1281-919d-47ee-afc7-2b373b113674","TCGA-E2-A1IK-01A-11R-A144-07","TCGA-E2-A1IK","Primary Tumor","JAK3","ENSG00000105639",364,4.4266,1.4694,1.4863,"OK"
"TCGA-BRCA","4bfe1281-919d-47ee-afc7-2b373b113674","TCGA-E2-A1IK-01A-11R-A144-07","TCGA-E2-A1IK","Primary Tumor","EPHB2","ENSG00000133216",310,2.0521,0.6812,0.689,"OK"
"TCGA-BRCA","e8d97ce6-190e-4189-a148-5a8d9f4215c3","TCGA-C8-A26Y-01A-11R-A16F-07","TCGA-C8-A26Y","Primary Tumor","JAK3","ENSG00000105639",812,5.25,1.7617,1.7709,"OK"
"TCGA-BRCA","e8d97ce6-190e-4189-a148-5a8d9f4215c3","TCGA-C8-A26Y-01A-11R-A16F-07","TCGA-C8-A26Y","Primary Tumor","EPHB2","ENSG00000133216",514,1.809,0.607,0.6102,"OK"
"TCGA-BRCA","fad07753-c9c6-4eba-8f43-09740bff6d69","TCGA-D8-A1JI-01A-11R-A13Q-07","TCGA-D8-A1JI","Primary Tumor","JAK3","ENSG00000105639",107,1.2486,0.3339,0.3018,"OK"
"TCGA-BRCA","fad07753-c9c6-4eba-8f43-09740bff6d69","TCGA-D8-A1JI-01A-11R-A13Q-07","TCGA-D8-A1JI","Primary Tumor","EPHB2","ENSG00000133216",884,5.6154,1.5015,1.3571,"OK"
"TCGA-BRCA","0ca579b1-763e-4f6a-a071-c6514aaa2f11","TCGA-BH-A0GY-01A-11R-A056-07","TCGA-BH-A0GY","Primary Tumor","JAK3","ENSG00000105639",452,5.0862,1.4902,1.5083,"OK"
"TCGA-BRCA","0ca579b1-763e-4f6a-a071-c6514aaa2f11","TCGA-BH-A0GY-01A-11R-A056-07","TCGA-BH-A0GY","Primary Tumor","EPHB2","ENSG00000133216",1759,10.7744,3.1568,3.1951,"OK"
"TCGA-BRCA","e38111a3-54f9-4229-8803-fc74e0c12c55","TCGA-A1-A0SM-01A-11R-A084-07","TCGA-A1-A0SM","Primary Tumor","JAK3","ENSG00000105639",332,2.6776,0.6978,0.7713,"OK"
"TCGA-BRCA","e38111a3-54f9-4229-8803-fc74e0c12c55","TCGA-A1-A0SM-01A-11R-A084-07","TCGA-A1-A0SM","Primary Tumor","EPHB2","ENSG00000133216",830,3.6438,0.9496,1.0497,"OK"
"TCGA-BRCA","0682b5b9-8529-4152-b6f9-1a13180eedee","TCGA-D8-A3Z6-01A-11R-A239-07","TCGA-D8-A3Z6","Primary Tumor","JAK3","ENSG00000105639",508,4.1119,1.2461,1.2257,"OK"
"TCGA-BRCA","0682b5b9-8529-4152-b6f9-1a13180eedee","TCGA-D8-A3Z6-01A-11R-A239-07","TCGA-D8-A3Z6","Primary Tumor","EPHB2","ENSG00000133216",830,3.657,1.1083,1.0901,"OK"
"TCGA-BRCA","3173d46f-7344-41e4-bd4c-027fe5b5ec06","TCGA-BH-A0DE-01A-11R-A115-07","TCGA-BH-A0DE","Primary Tumor","JAK3","ENSG00000105639",1104,9.3648,3.1201,3.082,"OK"
"TCGA-BRCA","3173d46f-7344-41e4-bd4c-027fe5b5ec06","TCGA-BH-A0DE-01A-11R-A115-07","TCGA-BH-A0DE","Primary Tumor","EPHB2","ENSG00000133216",875,4.0403,1.3461,1.3297,"OK"
"TCGA-BRCA","8256e097-4476-4906-a5c5-c9da288a363a","TCGA-B6-A0RP-01A-21R-A084-07","TCGA-B6-A0RP","Primary Tumor","JAK3","ENSG00000105639",426,3.5545,0.9185,0.8862,"OK"
"TCGA-BRCA","8256e097-4476-4906-a5c5-c9da288a363a","TCGA-B6-A0RP-01A-21R-A084-07","TCGA-B6-A0RP","Primary Tumor","EPHB2","ENSG00000133216",635,2.8841,0.7453,0.719,"OK"
"TCGA-BRCA","0a7dc8b9-4196-41d3-ada1-a50cb36bfd2b","TCGA-WT-AB44-01A-11R-A41B-07","TCGA-WT-AB44","Primary Tumor","JAK3","ENSG00000105639",361,3.8225,1.8357,2.196,"OK"
"TCGA-BRCA","0a7dc8b9-4196-41d3-ada1-a50cb36bfd2b","TCGA-WT-AB44-01A-11R-A41B-07","TCGA-WT-AB44","Primary Tumor","EPHB2","ENSG00000133216",302,1.7407,0.8359,1,"OK"
"TCGA-BRCA","e58f3dde-82f6-4a5d-9909-8f5659a26915","TCGA-BH-A8G0-01A-11R-A352-07","TCGA-BH-A8G0","Primary Tumor","JAK3","ENSG00000105639",1210,15.1637,4.26,4.2108,"OK"
"TCGA-BRCA","e58f3dde-82f6-4a5d-9909-8f5659a26915","TCGA-BH-A8G0-01A-11R-A352-07","TCGA-BH-A8G0","Primary Tumor","EPHB2","ENSG00000133216",689,4.7002,1.3204,1.3052,"OK"
"TCGA-BRCA","6bd03014-d3b8-4cac-929b-af970321ae1f","TCGA-A2-A0T7-01A-21R-A084-07","TCGA-A2-A0T7","Primary Tumor","JAK3","ENSG00000105639",952,8.5029,2.0701,1.991,"OK"
"TCGA-BRCA","6bd03014-d3b8-4cac-929b-af970321ae1f","TCGA-A2-A0T7-01A-21R-A084-07","TCGA-A2-A0T7","Primary Tumor","EPHB2","ENSG00000133216",1630,7.9248,1.9294,1.8556,"OK"
"TCGA-BRCA","bdf5a2b7-f9cb-4668-9687-1db0541bdfe4","TCGA-BH-A8FY-01A-11R-A36F-07","TCGA-BH-A8FY","Primary Tumor","JAK3","ENSG00000105639",128,1.5098,0.5119,0.5302,"OK"
"TCGA-BRCA","bdf5a2b7-f9cb-4668-9687-1db0541bdfe4","TCGA-BH-A8FY-01A-11R-A36F-07","TCGA-BH-A8FY","Primary Tumor","EPHB2","ENSG00000133216",132,0.8475,0.2873,0.2977,"OK"
"TCGA-BRCA","82255740-abaa-47b3-9def-89b0673d1cfb","TCGA-AR-A0TQ-01A-11R-A084-07","TCGA-AR-A0TQ","Primary Tumor","JAK3","ENSG00000105639",1658,11.8103,3.2531,3.267,"OK"
"TCGA-BRCA","82255740-abaa-47b3-9def-89b0673d1cfb","TCGA-AR-A0TQ-01A-11R-A084-07","TCGA-AR-A0TQ","Primary Tumor","EPHB2","ENSG00000133216",1092,4.2342,1.1663,1.1713,"OK"
"TCGA-BRCA","50260fba-c435-480a-9bb8-f2839ba499a4","TCGA-A7-A13E-11A-61R-A12P-07","TCGA-A7-A13E","Solid Tissue Normal","JAK3","ENSG00000105639",564,5.7235,1.7827,1.981,"OK"
"TCGA-BRCA","50260fba-c435-480a-9bb8-f2839ba499a4","TCGA-A7-A13E-11A-61R-A12P-07","TCGA-A7-A13E","Solid Tissue Normal","EPHB2","ENSG00000133216",604,3.3365,1.0392,1.1548,"OK"
"TCGA-BRCA","cd9fd232-1d69-4ef0-911d-28130243994f","TCGA-AO-A0JM-01A-21R-A056-07","TCGA-AO-A0JM","Primary Tumor","JAK3","ENSG00000105639",230,3.2276,0.9153,0.9382,"OK"
"TCGA-BRCA","cd9fd232-1d69-4ef0-911d-28130243994f","TCGA-AO-A0JM-01A-21R-A056-07","TCGA-AO-A0JM","Primary Tumor","EPHB2","ENSG00000133216",562,4.293,1.2174,1.2479,"OK"
"TCGA-BRCA","4e261db3-6727-49bc-8a2e-77a7a30b4fa7","TCGA-AC-A3QP-01A-11R-A22U-07","TCGA-AC-A3QP","Primary Tumor","JAK3","ENSG00000105639",710,5.5323,1.919,2.0188,"OK"
"TCGA-BRCA","4e261db3-6727-49bc-8a2e-77a7a30b4fa7","TCGA-AC-A3QP-01A-11R-A22U-07","TCGA-AC-A3QP","Primary Tumor","EPHB2","ENSG00000133216",1223,5.1873,1.7994,1.8929,"OK"
"TCGA-BRCA","31180222-da6e-4106-9b49-09be93d68138","TCGA-C8-A273-01A-11R-A16F-07","TCGA-C8-A273","Primary Tumor","JAK3","ENSG00000105639",249,1.8987,0.5296,0.5381,"OK"
"TCGA-BRCA","31180222-da6e-4106-9b49-09be93d68138","TCGA-C8-A273-01A-11R-A16F-07","TCGA-C8-A273","Primary Tumor","EPHB2","ENSG00000133216",710,2.947,0.822,0.8353,"OK"
"TCGA-BRCA","a39defa6-87ec-4855-ab78-44f6b46152e1","TCGA-D8-A1XF-01A-11R-A14D-07","TCGA-D8-A1XF","Primary Tumor","JAK3","ENSG00000105639",232,2.0679,0.6212,0.5846,"OK"
"TCGA-BRCA","a39defa6-87ec-4855-ab78-44f6b46152e1","TCGA-D8-A1XF-01A-11R-A14D-07","TCGA-D8-A1XF","Primary Tumor","EPHB2","ENSG00000133216",242,1.1742,0.3527,0.3319,"OK"
"TCGA-BRCA","c2c7669c-0eea-48a8-add8-bd5ea3f9808f","TCGA-A8-A07P-01A-11R-A00Z-07","TCGA-A8-A07P","Primary Tumor","JAK3","ENSG00000105639",216,1.8467,0.522,0.5473,"OK"
"TCGA-BRCA","c2c7669c-0eea-48a8-add8-bd5ea3f9808f","TCGA-A8-A07P-01A-11R-A00Z-07","TCGA-A8-A07P","Primary Tumor","EPHB2","ENSG00000133216",616,2.8668,0.8103,0.8497,"OK"
"TCGA-BRCA","e94ef671-995d-452b-bcbe-993e5b437a68","TCGA-AO-A0JG-01A-31R-A084-07","TCGA-AO-A0JG","Primary Tumor","JAK3","ENSG00000105639",1428,12.4185,3.3011,3.164,"OK"
"TCGA-BRCA","e94ef671-995d-452b-bcbe-993e5b437a68","TCGA-AO-A0JG-01A-31R-A084-07","TCGA-AO-A0JG","Primary Tumor","EPHB2","ENSG00000133216",479,2.2675,0.6027,0.5777,"OK"
"TCGA-BRCA","416defdf-a4f7-4305-97ff-d3b3ebce672f","TCGA-AR-A251-01A-12R-A169-07","TCGA-AR-A251","Primary Tumor","JAK3","ENSG00000105639",1403,7.6126,2.0472,1.8769,"OK"
"TCGA-BRCA","416defdf-a4f7-4305-97ff-d3b3ebce672f","TCGA-AR-A251-01A-12R-A169-07","TCGA-AR-A251","Primary Tumor","EPHB2","ENSG00000133216",5652,16.6935,4.4893,4.1159,"OK"
"TCGA-BRCA","bf26a3fb-39a8-4eff-b801-a7dd915e73f5","TCGA-AO-A12G-01A-11R-A10J-07","TCGA-AO-A12G","Primary Tumor","JAK3","ENSG00000105639",372,2.2578,0.9292,1.1016,"OK"
"TCGA-BRCA","bf26a3fb-39a8-4eff-b801-a7dd915e73f5","TCGA-AO-A12G-01A-11R-A10J-07","TCGA-AO-A12G","Primary Tumor","EPHB2","ENSG00000133216",402,1.3281,0.5466,0.648,"OK"
"TCGA-BRCA","f35ae5c7-6e88-410d-b86f-c5bdae11a5f4","TCGA-C8-A275-01A-21R-A16F-07","TCGA-C8-A275","Primary Tumor","JAK3","ENSG00000105639",1594,10.9884,3.3716,3.3653,"OK"
"TCGA-BRCA","f35ae5c7-6e88-410d-b86f-c5bdae11a5f4","TCGA-C8-A275-01A-21R-A16F-07","TCGA-C8-A275","Primary Tumor","EPHB2","ENSG00000133216",1515,5.685,1.7443,1.7411,"OK"
"TCGA-BRCA","73aeda8d-ef07-4d3d-a0fc-643943dd046a","TCGA-BH-A0DH-01A-11R-A084-07","TCGA-BH-A0DH","Primary Tumor","JAK3","ENSG00000105639",281,2.2461,0.7965,0.7856,"OK"
"TCGA-BRCA","73aeda8d-ef07-4d3d-a0fc-643943dd046a","TCGA-BH-A0DH-01A-11R-A084-07","TCGA-BH-A0DH","Primary Tumor","EPHB2","ENSG00000133216",582,2.5323,0.898,0.8857,"OK"
"TCGA-BRCA","36a42825-dbc2-4dff-828c-e5008207d254","TCGA-BH-A0HI-01A-11R-A084-07","TCGA-BH-A0HI","Primary Tumor","JAK3","ENSG00000105639",290,2.7806,0.7676,0.7593,"OK"
"TCGA-BRCA","36a42825-dbc2-4dff-828c-e5008207d254","TCGA-BH-A0HI-01A-11R-A084-07","TCGA-BH-A0HI","Primary Tumor","EPHB2","ENSG00000133216",466,2.4322,0.6714,0.6642,"OK"
"TCGA-BRCA","0094f9d0-45ec-4aad-bca0-71c60bdd7113","TCGA-E9-A1R3-01A-31R-A14M-07","TCGA-E9-A1R3","Primary Tumor","JAK3","ENSG00000105639",745,5.225,1.3211,1.3247,"OK"
"TCGA-BRCA","0094f9d0-45ec-4aad-bca0-71c60bdd7113","TCGA-E9-A1R3-01A-31R-A14M-07","TCGA-E9-A1R3","Primary Tumor","EPHB2","ENSG00000133216",911,3.4779,0.8794,0.8818,"OK"
"TCGA-BRCA","e2b3728b-9827-4a13-b52c-caabd58f902e","TCGA-B6-A401-01A-11R-A239-07","TCGA-B6-A401","Primary Tumor","JAK3","ENSG00000105639",1495,11.528,3.6858,3.7295,"OK"
"TCGA-BRCA","e2b3728b-9827-4a13-b52c-caabd58f902e","TCGA-B6-A401-01A-11R-A239-07","TCGA-B6-A401","Primary Tumor","EPHB2","ENSG00000133216",1041,4.3695,1.3971,1.4136,"OK"
"TCGA-BRCA","82fea6e8-7c6a-4575-bfcd-c164094538e6","TCGA-E9-A22D-01A-11R-A157-07","TCGA-E9-A22D","Primary Tumor","JAK3","ENSG00000105639",3799,21.6364,7.1111,7.1419,"OK"
"TCGA-BRCA","82fea6e8-7c6a-4575-bfcd-c164094538e6","TCGA-E9-A22D-01A-11R-A157-07","TCGA-E9-A22D","Primary Tumor","EPHB2","ENSG00000133216",1300,4.0302,1.3246,1.3303,"OK"
"TCGA-BRCA","d1237195-a00b-4c52-86b3-4627c42eb14c","TCGA-A8-A07O-01A-11R-A00Z-07","TCGA-A8-A07O","Primary Tumor","JAK3","ENSG00000105639",1312,9.4646,2.6888,2.7068,"OK"
"TCGA-BRCA","d1237195-a00b-4c52-86b3-4627c42eb14c","TCGA-A8-A07O-01A-11R-A00Z-07","TCGA-A8-A07O","Primary Tumor","EPHB2","ENSG00000133216",678,2.6624,0.7564,0.7614,"OK"
"TCGA-BRCA","dad6be14-a519-478d-9f53-122417453a0e","TCGA-MS-A51U-01A-31R-A266-07","TCGA-MS-A51U","Primary Tumor","JAK3","ENSG00000105639",555,7.7021,2.1359,2.0631,"OK"
"TCGA-BRCA","dad6be14-a519-478d-9f53-122417453a0e","TCGA-MS-A51U-01A-31R-A266-07","TCGA-MS-A51U","Primary Tumor","EPHB2","ENSG00000133216",381,2.8782,0.7981,0.7709,"OK"
"TCGA-BRCA","21836f98-cc95-46d3-8f40-6c9625f940ba","TCGA-LL-A6FQ-01A-11R-A31O-07","TCGA-LL-A6FQ","Primary Tumor","JAK3","ENSG00000105639",133,1.1905,0.3898,0.4751,"OK"
"TCGA-BRCA","21836f98-cc95-46d3-8f40-6c9625f940ba","TCGA-LL-A6FQ-01A-11R-A31O-07","TCGA-LL-A6FQ","Primary Tumor","EPHB2","ENSG00000133216",484,2.3583,0.7721,0.941,"OK"
"TCGA-BRCA","1d8697f1-4e89-4987-b26b-a29d791f19ca","TCGA-LL-A8F5-01A-11R-A36F-07","TCGA-LL-A8F5","Primary Tumor","JAK3","ENSG00000105639",1180,8.1032,4.126,4.7178,"OK"
"TCGA-BRCA","1d8697f1-4e89-4987-b26b-a29d791f19ca","TCGA-LL-A8F5-01A-11R-A36F-07","TCGA-LL-A8F5","Primary Tumor","EPHB2","ENSG00000133216",509,1.9027,0.9688,1.1078,"OK"
"TCGA-BRCA","3253f315-5ea3-44fc-899f-f9e8f5b6fa96","TCGA-LL-A50Y-01A-11R-A266-07","TCGA-LL-A50Y","Primary Tumor","JAK3","ENSG00000105639",327,4.3218,1.3642,1.2718,"OK"
"TCGA-BRCA","3253f315-5ea3-44fc-899f-f9e8f5b6fa96","TCGA-LL-A50Y-01A-11R-A266-07","TCGA-LL-A50Y","Primary Tumor","EPHB2","ENSG00000133216",340,2.4461,0.7721,0.7198,"OK"
"TCGA-BRCA","55f42211-4119-40a3-b5e4-329e913ef910","TCGA-A2-A0YK-01A-22R-A109-07","TCGA-A2-A0YK","Primary Tumor","JAK3","ENSG00000105639",3116,28.8571,8.48,7.8213,"OK"
"TCGA-BRCA","55f42211-4119-40a3-b5e4-329e913ef910","TCGA-A2-A0YK-01A-22R-A109-07","TCGA-A2-A0YK","Primary Tumor","EPHB2","ENSG00000133216",849,4.2799,1.2577,1.16,"OK"
"TCGA-BRCA","de397789-9ff5-4cb0-be88-957477820714","TCGA-OL-A66J-01A-11R-A29R-07","TCGA-OL-A66J","Primary Tumor","JAK3","ENSG00000105639",601,6.7029,2.0243,1.971,"OK"
"TCGA-BRCA","de397789-9ff5-4cb0-be88-957477820714","TCGA-OL-A66J-01A-11R-A29R-07","TCGA-OL-A66J","Primary Tumor","EPHB2","ENSG00000133216",407,2.4709,0.7462,0.7266,"OK"
"TCGA-BRCA","c7db3ef0-0440-4fcf-a18b-c70b3f88e327","TCGA-A8-A092-01A-11R-A00Z-07","TCGA-A8-A092","Primary Tumor","JAK3","ENSG00000105639",357,2.8106,0.7735,0.7548,"OK"
"TCGA-BRCA","c7db3ef0-0440-4fcf-a18b-c70b3f88e327","TCGA-A8-A092-01A-11R-A00Z-07","TCGA-A8-A092","Primary Tumor","EPHB2","ENSG00000133216",1408,6.034,1.6606,1.6206,"OK"
"TCGA-BRCA","18340589-696e-4f56-80c2-dc7d7428c471","TCGA-HN-A2OB-01A-21R-A27Q-07","TCGA-HN-A2OB","Primary Tumor","JAK3","ENSG00000105639",520,6.1936,1.684,1.6856,"OK"
"TCGA-BRCA","18340589-696e-4f56-80c2-dc7d7428c471","TCGA-HN-A2OB-01A-21R-A27Q-07","TCGA-HN-A2OB","Primary Tumor","EPHB2","ENSG00000133216",660,4.2792,1.1635,1.1646,"OK"
"TCGA-BRCA","46933fec-1800-4da5-814c-30cce4ae2fb5","TCGA-AC-A5XU-01A-11R-A28M-07","TCGA-AC-A5XU","Primary Tumor","JAK3","ENSG00000105639",401,3.9876,1.2157,1.1807,"OK"
"TCGA-BRCA","46933fec-1800-4da5-814c-30cce4ae2fb5","TCGA-AC-A5XU-01A-11R-A28M-07","TCGA-AC-A5XU","Primary Tumor","EPHB2","ENSG00000133216",568,3.0746,0.9374,0.9103,"OK"
"TCGA-BRCA","f7e414a0-c2ca-40c7-a7a0-282d80247fa0","TCGA-AR-A2LH-01A-31R-A18M-07","TCGA-AR-A2LH","Primary Tumor","JAK3","ENSG00000105639",1847,24.1771,7.5402,7.1376,"OK"
"TCGA-BRCA","f7e414a0-c2ca-40c7-a7a0-282d80247fa0","TCGA-AR-A2LH-01A-31R-A18M-07","TCGA-AR-A2LH","Primary Tumor","EPHB2","ENSG00000133216",592,4.2182,1.3156,1.2453,"OK"
"TCGA-BRCA","4a2ad226-ed26-4f81-af7d-9d8b6db7cdd4","TCGA-OL-A6VO-01A-12R-A33J-07","TCGA-OL-A6VO","Primary Tumor","JAK3","ENSG00000105639",593,5.6458,1.6009,1.442,"OK"
"TCGA-BRCA","4a2ad226-ed26-4f81-af7d-9d8b6db7cdd4","TCGA-OL-A6VO-01A-12R-A33J-07","TCGA-OL-A6VO","Primary Tumor","EPHB2","ENSG00000133216",383,1.9849,0.5628,0.507,"OK"
"TCGA-BRCA","8c884351-1c8b-47ff-8bef-1a4f25f645fb","TCGA-BH-A0AU-01A-11R-A12P-07","TCGA-BH-A0AU","Primary Tumor","JAK3","ENSG00000105639",616,7.3959,1.9227,1.9602,"OK"
"TCGA-BRCA","8c884351-1c8b-47ff-8bef-1a4f25f645fb","TCGA-BH-A0AU-01A-11R-A12P-07","TCGA-BH-A0AU","Primary Tumor","EPHB2","ENSG00000133216",514,3.3593,0.8733,0.8903,"OK"
"TCGA-BRCA","5d720a05-3673-45be-9163-08e0fc332f80","TCGA-AO-A0J3-01A-11R-A034-07","TCGA-AO-A0J3","Primary Tumor","JAK3","ENSG00000105639",184,1.0474,0.3501,0.3423,"OK"
"TCGA-BRCA","5d720a05-3673-45be-9163-08e0fc332f80","TCGA-AO-A0J3-01A-11R-A034-07","TCGA-AO-A0J3","Primary Tumor","EPHB2","ENSG00000133216",595,1.8436,0.6163,0.6026,"OK"
"TCGA-BRCA","2377e521-919f-4f6f-b426-ddc993775597","TCGA-AR-A1AU-01A-11R-A12P-07","TCGA-AR-A1AU","Primary Tumor","JAK3","ENSG00000105639",449,4.4305,1.1928,1.2118,"OK"
"TCGA-BRCA","2377e521-919f-4f6f-b426-ddc993775597","TCGA-AR-A1AU-01A-11R-A12P-07","TCGA-AR-A1AU","Primary Tumor","EPHB2","ENSG00000133216",538,2.8898,0.778,0.7904,"OK"
"TCGA-BRCA","131d96e3-0799-4956-a752-dc244a05c493","TCGA-GM-A4E0-01A-12R-A266-07","TCGA-GM-A4E0","Primary Tumor","JAK3","ENSG00000105639",666,8.3232,3.2781,3.527,"OK"
"TCGA-BRCA","131d96e3-0799-4956-a752-dc244a05c493","TCGA-GM-A4E0-01A-12R-A266-07","TCGA-GM-A4E0","Primary Tumor","EPHB2","ENSG00000133216",388,2.6395,1.0396,1.1185,"OK"
"TCGA-BRCA","0d140db1-dc0d-431d-b389-846d05bbb827","TCGA-E9-A1RH-01A-21R-A169-07","TCGA-E9-A1RH","Primary Tumor","JAK3","ENSG00000105639",1201,9.0851,2.5361,2.7895,"OK"
"TCGA-BRCA","0d140db1-dc0d-431d-b389-846d05bbb827","TCGA-E9-A1RH-01A-21R-A169-07","TCGA-E9-A1RH","Primary Tumor","EPHB2","ENSG00000133216",2704,11.1344,3.1082,3.4187,"OK"
"TCGA-BRCA","8ebe0bf6-11fa-418d-918c-5c73f0e7e9ac","TCGA-BH-A1EV-11A-24R-A137-07","TCGA-BH-A1EV","Solid Tissue Normal","JAK3","ENSG00000105639",838,5.1686,1.4605,1.4428,"OK"
"TCGA-BRCA","8ebe0bf6-11fa-418d-918c-5c73f0e7e9ac","TCGA-BH-A1EV-11A-24R-A137-07","TCGA-BH-A1EV","Solid Tissue Normal","EPHB2","ENSG00000133216",618,2.0749,0.5863,0.5792,"OK"
"TCGA-BRCA","e18e1661-70dd-4b36-ae6c-c0265fbe01bb","TCGA-C8-A12N-01A-11R-A115-07","TCGA-C8-A12N","Primary Tumor","JAK3","ENSG00000105639",263,2.6669,0.7312,0.7502,"OK"
"TCGA-BRCA","e18e1661-70dd-4b36-ae6c-c0265fbe01bb","TCGA-C8-A12N-01A-11R-A115-07","TCGA-C8-A12N","Primary Tumor","EPHB2","ENSG00000133216",603,3.3285,0.9126,0.9363,"OK"
"TCGA-BRCA","318c3a49-64bc-4704-8739-d4cf31cef51f","TCGA-C8-A12U-01A-11R-A115-07","TCGA-C8-A12U","Primary Tumor","JAK3","ENSG00000105639",832,8.2637,2.7065,2.6976,"OK"
"TCGA-BRCA","318c3a49-64bc-4704-8739-d4cf31cef51f","TCGA-C8-A12U-01A-11R-A115-07","TCGA-C8-A12U","Primary Tumor","EPHB2","ENSG00000133216",170,0.9191,0.301,0.3,"OK"
"TCGA-BRCA","eb914a22-6e3f-4296-89d4-a960902fba2b","TCGA-AQ-A04J-01A-02R-A034-07","TCGA-AQ-A04J","Primary Tumor","JAK3","ENSG00000105639",2940,18.3673,6.4191,6.7593,"OK"
"TCGA-BRCA","eb914a22-6e3f-4296-89d4-a960902fba2b","TCGA-AQ-A04J-01A-02R-A034-07","TCGA-AQ-A04J","Primary Tumor","EPHB2","ENSG00000133216",1612,5.482,1.9159,2.0174,"OK"
"TCGA-BRCA","908283cf-b948-4474-906e-bd07195d0805","TCGA-AR-A2LQ-01A-22R-A18M-07","TCGA-AR-A2LQ","Primary Tumor","JAK3","ENSG00000105639",801,9.3406,2.4422,2.6962,"OK"
"TCGA-BRCA","908283cf-b948-4474-906e-bd07195d0805","TCGA-AR-A2LQ-01A-22R-A18M-07","TCGA-AR-A2LQ","Primary Tumor","EPHB2","ENSG00000133216",2291,14.5425,3.8023,4.1978,"OK"
"TCGA-BRCA","2e7a0005-4efb-4121-91d9-c2ca2cb5201d","TCGA-E2-A10B-01A-11R-A10J-07","TCGA-E2-A10B","Primary Tumor","JAK3","ENSG00000105639",536,4.4286,1.1489,1.0834,"OK"
"TCGA-BRCA","2e7a0005-4efb-4121-91d9-c2ca2cb5201d","TCGA-E2-A10B-01A-11R-A10J-07","TCGA-E2-A10B","Primary Tumor","EPHB2","ENSG00000133216",1168,5.2531,1.3628,1.2851,"OK"
"TCGA-BRCA","51948358-b1bb-46d7-a25c-8d3fe81557f0","TCGA-C8-A12Z-01A-11R-A115-07","TCGA-C8-A12Z","Primary Tumor","JAK3","ENSG00000105639",171,1.9787,0.5345,0.5935,"OK"
"TCGA-BRCA","51948358-b1bb-46d7-a25c-8d3fe81557f0","TCGA-C8-A12Z-01A-11R-A115-07","TCGA-C8-A12Z","Primary Tumor","EPHB2","ENSG00000133216",260,1.6377,0.4424,0.4912,"OK"
"TCGA-BRCA","115d8b96-f3ac-4e6f-a975-60b71b32531a","TCGA-E2-A2P6-01A-11R-A19W-07","TCGA-E2-A2P6","Primary Tumor","JAK3","ENSG00000105639",417,2.7928,0.9679,0.9897,"OK"
"TCGA-BRCA","115d8b96-f3ac-4e6f-a975-60b71b32531a","TCGA-E2-A2P6-01A-11R-A19W-07","TCGA-E2-A2P6","Primary Tumor","EPHB2","ENSG00000133216",288,1.05,0.3639,0.3721,"OK"
"TCGA-BRCA","1deadf31-dc7d-4361-8041-ab0a27edebb3","TCGA-BH-A0HY-01A-11R-A056-07","TCGA-BH-A0HY","Primary Tumor","JAK3","ENSG00000105639",258,2.2084,0.6381,0.6995,"OK"
"TCGA-BRCA","1deadf31-dc7d-4361-8041-ab0a27edebb3","TCGA-BH-A0HY-01A-11R-A056-07","TCGA-BH-A0HY","Primary Tumor","EPHB2","ENSG00000133216",570,2.6558,0.7674,0.8412,"OK"
"TCGA-BRCA","6d0f2c52-47f8-4032-8468-38dcc578ed6a","TCGA-S3-A6ZF-01A-32R-A32P-07","TCGA-S3-A6ZF","Primary Tumor","JAK3","ENSG00000105639",787,7.2883,2.0137,1.9031,"OK"
"TCGA-BRCA","6d0f2c52-47f8-4032-8468-38dcc578ed6a","TCGA-S3-A6ZF-01A-32R-A32P-07","TCGA-S3-A6ZF","Primary Tumor","EPHB2","ENSG00000133216",1270,6.4022,1.7689,1.6717,"OK"
"TCGA-BRCA","ffeede9a-d9a9-4836-8c56-39f12a5fde0e","TCGA-A8-A086-01A-11R-A00Z-07","TCGA-A8-A086","Primary Tumor","JAK3","ENSG00000105639",215,1.7334,0.4563,0.4798,"OK"
"TCGA-BRCA","ffeede9a-d9a9-4836-8c56-39f12a5fde0e","TCGA-A8-A086-01A-11R-A00Z-07","TCGA-A8-A086","Primary Tumor","EPHB2","ENSG00000133216",629,2.7605,0.7267,0.7641,"OK"
"TCGA-BRCA","80563e43-422f-458b-a543-6b1dad9171e5","TCGA-AN-A041-01A-11R-A034-07","TCGA-AN-A041","Primary Tumor","JAK3","ENSG00000105639",466,3.7956,1.0032,1.1208,"OK"
"TCGA-BRCA","80563e43-422f-458b-a543-6b1dad9171e5","TCGA-AN-A041-01A-11R-A034-07","TCGA-AN-A041","Primary Tumor","EPHB2","ENSG00000133216",468,2.075,0.5484,0.6127,"OK"
"TCGA-BRCA","d2a12641-a25f-4aab-99a4-433cf664ae73","TCGA-A2-A0D0-01A-11R-A00Z-07","TCGA-A2-A0D0","Primary Tumor","JAK3","ENSG00000105639",813,7.647,2.2968,2.4905,"OK"
"TCGA-BRCA","d2a12641-a25f-4aab-99a4-433cf664ae73","TCGA-A2-A0D0-01A-11R-A00Z-07","TCGA-A2-A0D0","Primary Tumor","EPHB2","ENSG00000133216",1672,8.5608,2.5712,2.788,"OK"
"TCGA-BRCA","895b7107-2c08-4106-b119-6fbb597392da","TCGA-AQ-A04H-01B-11R-A10J-07","TCGA-AQ-A04H","Primary Tumor","JAK3","ENSG00000105639",511,4.1974,1.1195,1.1044,"OK"
"TCGA-BRCA","895b7107-2c08-4106-b119-6fbb597392da","TCGA-AQ-A04H-01B-11R-A10J-07","TCGA-AQ-A04H","Primary Tumor","EPHB2","ENSG00000133216",361,1.6141,0.4305,0.4247,"OK"
"TCGA-BRCA","4ef93d93-a6c6-4137-944c-6092e4ff7ae9","TCGA-A1-A0SF-01A-11R-A144-07","TCGA-A1-A0SF","Primary Tumor","JAK3","ENSG00000105639",652,6.4697,2.0296,2.0444,"OK"
"TCGA-BRCA","4ef93d93-a6c6-4137-944c-6092e4ff7ae9","TCGA-A1-A0SF-01A-11R-A144-07","TCGA-A1-A0SF","Primary Tumor","EPHB2","ENSG00000133216",322,1.7393,0.5456,0.5496,"OK"
"TCGA-BRCA","dcf2138e-b0f7-4b2e-b535-d463819f1b24","TCGA-A2-A4S1-01A-21R-A266-07","TCGA-A2-A4S1","Primary Tumor","JAK3","ENSG00000105639",399,6.8216,1.7434,2.5083,"OK"
"TCGA-BRCA","dcf2138e-b0f7-4b2e-b535-d463819f1b24","TCGA-A2-A4S1-01A-21R-A266-07","TCGA-A2-A4S1","Primary Tumor","EPHB2","ENSG00000133216",1356,12.6195,3.2252,4.6402,"OK"
"TCGA-BRCA","0ed77a2e-a2c9-4557-8ba3-2c8bade9b792","TCGA-A2-A04U-01A-11R-A115-07","TCGA-A2-A04U","Primary Tumor","JAK3","ENSG00000105639",165,1.849,0.6028,0.6509,"OK"
"TCGA-BRCA","0ed77a2e-a2c9-4557-8ba3-2c8bade9b792","TCGA-A2-A04U-01A-11R-A115-07","TCGA-A2-A04U","Primary Tumor","EPHB2","ENSG00000133216",101,0.6161,0.2009,0.2169,"OK"
"TCGA-BRCA","8b885bee-44ab-40ce-bc3e-18ef36fa35ae","TCGA-EW-A1PA-01A-11R-A144-07","TCGA-EW-A1PA","Primary Tumor","JAK3","ENSG00000105639",1130,12.0988,3.9222,3.736,"OK"
"TCGA-BRCA","8b885bee-44ab-40ce-bc3e-18ef36fa35ae","TCGA-EW-A1PA-01A-11R-A144-07","TCGA-EW-A1PA","Primary Tumor","EPHB2","ENSG00000133216",198,1.154,0.3741,0.3563,"OK"
"TCGA-BRCA","8603da6b-3bb9-4fff-b409-c5af2afd53b3","TCGA-A8-A08T-01A-21R-A00Z-07","TCGA-A8-A08T","Primary Tumor","JAK3","ENSG00000105639",546,4.6877,1.3396,1.287,"OK"
"TCGA-BRCA","8603da6b-3bb9-4fff-b409-c5af2afd53b3","TCGA-A8-A08T-01A-21R-A00Z-07","TCGA-A8-A08T","Primary Tumor","EPHB2","ENSG00000133216",335,1.5656,0.4474,0.4298,"OK"
"TCGA-BRCA","38854c85-fc09-4a51-93a7-257762517583","TCGA-BH-A1ET-11B-23R-A137-07","TCGA-BH-A1ET","Solid Tissue Normal","JAK3","ENSG00000105639",892,6.4007,1.7057,1.5879,"OK"
"TCGA-BRCA","38854c85-fc09-4a51-93a7-257762517583","TCGA-BH-A1ET-11B-23R-A137-07","TCGA-BH-A1ET","Solid Tissue Normal","EPHB2","ENSG00000133216",262,1.0234,0.2727,0.2539,"OK"
"TCGA-BRCA","84e36620-ae1e-4221-84c9-3a6f1d11606d","TCGA-E2-A154-01A-11R-A115-07","TCGA-E2-A154","Primary Tumor","JAK3","ENSG00000105639",123,1.7282,0.4617,0.4279,"OK"
"TCGA-BRCA","84e36620-ae1e-4221-84c9-3a6f1d11606d","TCGA-E2-A154-01A-11R-A115-07","TCGA-E2-A154","Primary Tumor","EPHB2","ENSG00000133216",381,2.914,0.7784,0.7216,"OK"
"TCGA-BRCA","295d363f-0366-4102-a35c-86e4a4fe7d84","TCGA-E9-A227-01A-11R-A157-07","TCGA-E9-A227","Primary Tumor","JAK3","ENSG00000105639",1342,9.1159,2.9369,3.078,"OK"
"TCGA-BRCA","295d363f-0366-4102-a35c-86e4a4fe7d84","TCGA-E9-A227-01A-11R-A157-07","TCGA-E9-A227","Primary Tumor","EPHB2","ENSG00000133216",540,1.9967,0.6433,0.6742,"OK"
"TCGA-BRCA","a1a6d1dd-a1c6-4c5c-b54d-42de80680bc3","TCGA-5L-AAT0-01A-12R-A41B-07","TCGA-5L-AAT0","Primary Tumor","JAK3","ENSG00000105639",599,8.9101,2.6482,2.6059,"OK"
"TCGA-BRCA","a1a6d1dd-a1c6-4c5c-b54d-42de80680bc3","TCGA-5L-AAT0-01A-12R-A41B-07","TCGA-5L-AAT0","Primary Tumor","EPHB2","ENSG00000133216",449,3.6356,1.0806,1.0633,"OK"
"TCGA-BRCA","456bc30b-59f8-4427-b798-5b113ca635a0","TCGA-BH-A18J-11A-31R-A12D-07","TCGA-BH-A18J","Solid Tissue Normal","JAK3","ENSG00000105639",437,5.1683,1.4948,1.4112,"OK"
"TCGA-BRCA","456bc30b-59f8-4427-b798-5b113ca635a0","TCGA-BH-A18J-11A-31R-A12D-07","TCGA-BH-A18J","Solid Tissue Normal","EPHB2","ENSG00000133216",106,0.6824,0.1974,0.1863,"OK"
"TCGA-BRCA","561bb38a-f9b8-4a0a-b03b-fbe70859869a","TCGA-BH-A18J-01A-11R-A12D-07","TCGA-BH-A18J","Primary Tumor","JAK3","ENSG00000105639",356,3.094,0.8857,0.9135,"OK"
"TCGA-BRCA","561bb38a-f9b8-4a0a-b03b-fbe70859869a","TCGA-BH-A18J-01A-11R-A12D-07","TCGA-BH-A18J","Primary Tumor","EPHB2","ENSG00000133216",852,4.0307,1.1538,1.1901,"OK"
"TCGA-BRCA","0f1bec43-6235-4390-a148-e7038126c0c8","TCGA-BH-A0E2-01A-11R-A056-07","TCGA-BH-A0E2","Primary Tumor","JAK3","ENSG00000105639",442,4.7842,1.2567,1.2651,"OK"
"TCGA-BRCA","0f1bec43-6235-4390-a148-e7038126c0c8","TCGA-BH-A0E2-01A-11R-A056-07","TCGA-BH-A0E2","Primary Tumor","EPHB2","ENSG00000133216",430,2.5336,0.6655,0.6699,"OK"
"TCGA-BRCA","7af23ba7-e5bf-41b9-b91f-5709321dadb7","TCGA-AR-A24U-01A-11R-A169-07","TCGA-AR-A24U","Primary Tumor","JAK3","ENSG00000105639",2051,14.4359,4.9059,4.9461,"OK"
"TCGA-BRCA","7af23ba7-e5bf-41b9-b91f-5709321dadb7","TCGA-AR-A24U-01A-11R-A169-07","TCGA-AR-A24U","Primary Tumor","EPHB2","ENSG00000133216",641,2.4559,0.8346,0.8415,"OK"
"TCGA-BRCA","fae4edd8-db77-4937-94c4-3b16d39fb8c9","TCGA-GM-A2D9-01A-11R-A18M-07","TCGA-GM-A2D9","Primary Tumor","JAK3","ENSG00000105639",230,3.2968,1.1456,1.2085,"OK"
"TCGA-BRCA","fae4edd8-db77-4937-94c4-3b16d39fb8c9","TCGA-GM-A2D9-01A-11R-A18M-07","TCGA-GM-A2D9","Primary Tumor","EPHB2","ENSG00000133216",185,1.4435,0.5016,0.5291,"OK"
"TCGA-BRCA","f377c267-d5eb-4542-bd0d-e87f957f3154","TCGA-D8-A1JE-01A-11R-A13Q-07","TCGA-D8-A1JE","Primary Tumor","JAK3","ENSG00000105639",385,3.0797,0.7573,0.7892,"OK"
"TCGA-BRCA","f377c267-d5eb-4542-bd0d-e87f957f3154","TCGA-D8-A1JE-01A-11R-A13Q-07","TCGA-D8-A1JE","Primary Tumor","EPHB2","ENSG00000133216",604,2.63,0.6468,0.6739,"OK"
"TCGA-BRCA","79f97f73-b650-49cf-8654-53038a6c0de7","TCGA-AO-A03L-01A-41R-A056-07","TCGA-AO-A03L","Primary Tumor","JAK3","ENSG00000105639",660,6.18,1.6454,1.6187,"OK"
"TCGA-BRCA","79f97f73-b650-49cf-8654-53038a6c0de7","TCGA-AO-A03L-01A-41R-A056-07","TCGA-AO-A03L","Primary Tumor","EPHB2","ENSG00000133216",956,4.8728,1.2973,1.2763,"OK"
"TCGA-BRCA","cf0ca663-a857-4aea-ab72-b0d4373b2456","TCGA-BH-A0DQ-11A-12R-A089-07","TCGA-BH-A0DQ","Solid Tissue Normal","JAK3","ENSG00000105639",601,4.7644,1.2661,1.1963,"OK"
"TCGA-BRCA","cf0ca663-a857-4aea-ab72-b0d4373b2456","TCGA-BH-A0DQ-11A-12R-A089-07","TCGA-BH-A0DQ","Solid Tissue Normal","EPHB2","ENSG00000133216",592,2.5546,0.6789,0.6415,"OK"
"TCGA-BRCA","c642f518-6ba5-4c90-9f0c-0bad0ed80199","TCGA-BH-A0DQ-01A-11R-A084-07","TCGA-BH-A0DQ","Primary Tumor","JAK3","ENSG00000105639",320,3.0896,0.9222,0.9574,"OK"
"TCGA-BRCA","c642f518-6ba5-4c90-9f0c-0bad0ed80199","TCGA-BH-A0DQ-01A-11R-A084-07","TCGA-BH-A0DQ","Primary Tumor","EPHB2","ENSG00000133216",602,3.1639,0.9444,0.9805,"OK"
"TCGA-BRCA","f9fe6c47-0955-432f-b402-a6dc2665e04d","TCGA-C8-A1HJ-01A-11R-A13Q-07","TCGA-C8-A1HJ","Primary Tumor","JAK3","ENSG00000105639",801,4.4578,1.7407,2.031,"OK"
"TCGA-BRCA","f9fe6c47-0955-432f-b402-a6dc2665e04d","TCGA-C8-A1HJ-01A-11R-A13Q-07","TCGA-C8-A1HJ","Primary Tumor","EPHB2","ENSG00000133216",390,1.1815,0.4614,0.5383,"OK"
"TCGA-BRCA","54dcd665-8138-4cab-8622-224d7066d466","TCGA-C8-A1HL-01A-11R-A137-07","TCGA-C8-A1HL","Primary Tumor","JAK3","ENSG00000105639",366,3.9445,1.34,1.3866,"OK"
"TCGA-BRCA","54dcd665-8138-4cab-8622-224d7066d466","TCGA-C8-A1HL-01A-11R-A137-07","TCGA-C8-A1HL","Primary Tumor","EPHB2","ENSG00000133216",189,1.1088,0.3767,0.3898,"OK"
"TCGA-BRCA","466bf078-4844-457e-8f59-7b0ca28024d8","TCGA-BH-A5IZ-01A-11R-A27Q-07","TCGA-BH-A5IZ","Primary Tumor","JAK3","ENSG00000105639",358,3.8162,1.1307,1.1117,"OK"
"TCGA-BRCA","466bf078-4844-457e-8f59-7b0ca28024d8","TCGA-BH-A5IZ-01A-11R-A27Q-07","TCGA-BH-A5IZ","Primary Tumor","EPHB2","ENSG00000133216",1276,7.4041,2.1938,2.1568,"OK"
"TCGA-BRCA","22dad91c-889d-4d40-b9b8-c9facd752dc9","TCGA-A2-A3XU-01A-12R-A22U-07","TCGA-A2-A3XU","Primary Tumor","JAK3","ENSG00000105639",181,1.3307,0.4544,0.5561,"OK"
"TCGA-BRCA","22dad91c-889d-4d40-b9b8-c9facd752dc9","TCGA-A2-A3XU-01A-12R-A22U-07","TCGA-A2-A3XU","Primary Tumor","EPHB2","ENSG00000133216",292,1.1686,0.3991,0.4884,"OK"
"TCGA-BRCA","c6882939-729e-4360-b850-9f7a84df2d7e","TCGA-E9-A54X-01A-11R-A266-07","TCGA-E9-A54X","Primary Tumor","JAK3","ENSG00000105639",18,0.2416,0.0714,0.0665,"OK"
"TCGA-BRCA","c6882939-729e-4360-b850-9f7a84df2d7e","TCGA-E9-A54X-01A-11R-A266-07","TCGA-E9-A54X","Primary Tumor","EPHB2","ENSG00000133216",62,0.4531,0.1338,0.1246,"OK"
"TCGA-BRCA","40ad8a2a-abd2-4701-b984-4afa4c27c260","TCGA-AN-A0XT-01A-11R-A109-07","TCGA-AN-A0XT","Primary Tumor","JAK3","ENSG00000105639",268,2.9668,0.8681,0.8187,"OK"
"TCGA-BRCA","40ad8a2a-abd2-4701-b984-4afa4c27c260","TCGA-AN-A0XT-01A-11R-A109-07","TCGA-AN-A0XT","Primary Tumor","EPHB2","ENSG00000133216",154,0.928,0.2715,0.2561,"OK"
"TCGA-BRCA","28c03f8f-7f7a-4a53-a840-db0f4052ed26","TCGA-LL-A73Z-01A-11R-A32P-07","TCGA-LL-A73Z","Primary Tumor","JAK3","ENSG00000105639",1079,9.893,3.6379,3.7155,"OK"
"TCGA-BRCA","28c03f8f-7f7a-4a53-a840-db0f4052ed26","TCGA-LL-A73Z-01A-11R-A32P-07","TCGA-LL-A73Z","Primary Tumor","EPHB2","ENSG00000133216",521,2.6003,0.9562,0.9766,"OK"
"TCGA-BRCA","9cac5296-0f61-46a2-bcbf-9bd3212fb7dd","TCGA-D8-A1JM-01A-11R-A13Q-07","TCGA-D8-A1JM","Primary Tumor","JAK3","ENSG00000105639",748,5.9475,1.5913,1.6832,"OK"
"TCGA-BRCA","9cac5296-0f61-46a2-bcbf-9bd3212fb7dd","TCGA-D8-A1JM-01A-11R-A13Q-07","TCGA-D8-A1JM","Primary Tumor","EPHB2","ENSG00000133216",101,0.4371,0.117,0.1237,"OK"
"TCGA-BRCA","f52fccc4-745f-4e5d-bff8-8d2009b6588d","TCGA-AN-A0AL-01A-11R-A00Z-07","TCGA-AN-A0AL","Primary Tumor","JAK3","ENSG00000105639",1232,10.5361,3.533,3.6733,"OK"
"TCGA-BRCA","f52fccc4-745f-4e5d-bff8-8d2009b6588d","TCGA-AN-A0AL-01A-11R-A00Z-07","TCGA-AN-A0AL","Primary Tumor","EPHB2","ENSG00000133216",2467,11.4845,3.851,4.004,"OK"
"TCGA-BRCA","2a09e101-9e01-45ec-9b02-d806f4cd7469","TCGA-AO-A0JB-01A-11R-A32Y-07","TCGA-AO-A0JB","Primary Tumor","JAK3","ENSG00000105639",331,2.4475,1.6857,3.3727,"OK"
"TCGA-BRCA","2a09e101-9e01-45ec-9b02-d806f4cd7469","TCGA-AO-A0JB-01A-11R-A32Y-07","TCGA-AO-A0JB","Primary Tumor","EPHB2","ENSG00000133216",129,0.5192,0.3576,0.7155,"OK"
"TCGA-BRCA","20e1a6f6-c34f-4744-9b2a-392ea074ebe2","TCGA-AC-A2B8-01A-11R-A17B-07","TCGA-AC-A2B8","Primary Tumor","JAK3","ENSG00000105639",1054,7.7147,1.9594,1.8577,"OK"
"TCGA-BRCA","20e1a6f6-c34f-4744-9b2a-392ea074ebe2","TCGA-AC-A2B8-01A-11R-A17B-07","TCGA-AC-A2B8","Primary Tumor","EPHB2","ENSG00000133216",1176,4.6855,1.19,1.1283,"OK"
"TCGA-BRCA","b96a8979-77c1-41b5-a247-0342262d30f7","TCGA-B6-A0I8-01A-11R-A034-07","TCGA-B6-A0I8","Primary Tumor","JAK3","ENSG00000105639",118,0.9077,0.2652,0.2663,"OK"
"TCGA-BRCA","b96a8979-77c1-41b5-a247-0342262d30f7","TCGA-B6-A0I8-01A-11R-A034-07","TCGA-B6-A0I8","Primary Tumor","EPHB2","ENSG00000133216",1083,4.5349,1.325,1.3304,"OK"
"TCGA-BRCA","59bb8b6d-9827-4d5c-8714-cbc8ec3b8be5","TCGA-GM-A2DB-01A-31R-A18M-07","TCGA-GM-A2DB","Primary Tumor","JAK3","ENSG00000105639",914,8.9597,4.2068,5.1498,"OK"
"TCGA-BRCA","59bb8b6d-9827-4d5c-8714-cbc8ec3b8be5","TCGA-GM-A2DB-01A-31R-A18M-07","TCGA-GM-A2DB","Primary Tumor","EPHB2","ENSG00000133216",459,2.4493,1.15,1.4078,"OK"
"TCGA-BRCA","4c75e72b-db9f-425b-9f14-946ee801071e","TCGA-A2-A0YC-01A-11R-A109-07","TCGA-A2-A0YC","Primary Tumor","JAK3","ENSG00000105639",538,4.2136,1.1523,1.1127,"OK"
"TCGA-BRCA","4c75e72b-db9f-425b-9f14-946ee801071e","TCGA-A2-A0YC-01A-11R-A109-07","TCGA-A2-A0YC","Primary Tumor","EPHB2","ENSG00000133216",676,2.882,0.7881,0.7611,"OK"
"TCGA-BRCA","5fbe4a11-de4d-418e-9bc3-75b768d4a665","TCGA-AN-A0XU-01A-11R-A109-07","TCGA-AN-A0XU","Primary Tumor","JAK3","ENSG00000105639",1364,12.3625,3.5067,3.4002,"OK"
"TCGA-BRCA","5fbe4a11-de4d-418e-9bc3-75b768d4a665","TCGA-AN-A0XU-01A-11R-A109-07","TCGA-AN-A0XU","Primary Tumor","EPHB2","ENSG00000133216",1056,5.2099,1.4778,1.4329,"OK"
"TCGA-BRCA","8ebe5f43-053c-4bfc-aefd-b9c22897b4ce","TCGA-JL-A3YW-01A-12R-A239-07","TCGA-JL-A3YW","Primary Tumor","JAK3","ENSG00000105639",1624,11.4619,3.7186,4.351,"OK"
"TCGA-BRCA","8ebe5f43-053c-4bfc-aefd-b9c22897b4ce","TCGA-JL-A3YW-01A-12R-A239-07","TCGA-JL-A3YW","Primary Tumor","EPHB2","ENSG00000133216",2639,10.1388,3.2893,3.8487,"OK"
"TCGA-BRCA","86b7ddd7-1c59-4937-99ec-b30fa9b4f0bd","TCGA-BH-A204-11A-53R-A157-07","TCGA-BH-A204","Solid Tissue Normal","JAK3","ENSG00000105639",219,1.2453,0.4716,0.6018,"OK"
"TCGA-BRCA","86b7ddd7-1c59-4937-99ec-b30fa9b4f0bd","TCGA-BH-A204-11A-53R-A157-07","TCGA-BH-A204","Solid Tissue Normal","EPHB2","ENSG00000133216",895,2.7704,1.0492,1.3387,"OK"
"TCGA-BRCA","1f224847-d745-4dc5-9338-4044413e8ec4","TCGA-BH-A204-01A-11R-A157-07","TCGA-BH-A204","Primary Tumor","JAK3","ENSG00000105639",288,1.6965,0.4567,0.4626,"OK"
"TCGA-BRCA","1f224847-d745-4dc5-9338-4044413e8ec4","TCGA-BH-A204-01A-11R-A157-07","TCGA-BH-A204","Primary Tumor","EPHB2","ENSG00000133216",1405,4.5052,1.2127,1.2284,"OK"
"TCGA-BRCA","4dd3d7e2-8a60-41e8-8812-a06f413afe2b","TCGA-AN-A0AT-01A-11R-A034-07","TCGA-AN-A0AT","Primary Tumor","JAK3","ENSG00000105639",1182,8.094,2.4463,2.5084,"OK"
"TCGA-BRCA","4dd3d7e2-8a60-41e8-8812-a06f413afe2b","TCGA-AN-A0AT-01A-11R-A034-07","TCGA-AN-A0AT","Primary Tumor","EPHB2","ENSG00000133216",308,1.1481,0.347,0.3558,"OK"
"TCGA-BRCA","d898d021-e82b-42e6-b82e-28c187136674","TCGA-A2-A0T3-01A-21R-A115-07","TCGA-A2-A0T3","Primary Tumor","JAK3","ENSG00000105639",334,3.0524,0.8094,0.7645,"OK"
"TCGA-BRCA","d898d021-e82b-42e6-b82e-28c187136674","TCGA-A2-A0T3-01A-21R-A115-07","TCGA-A2-A0T3","Primary Tumor","EPHB2","ENSG00000133216",325,1.6168,0.4287,0.405,"OK"
"TCGA-BRCA","584eef35-12c2-4aac-be09-175a9f9c5dfc","TCGA-AC-A62Y-01A-11R-A29R-07","TCGA-AC-A62Y","Primary Tumor","JAK3","ENSG00000105639",324,3.1688,0.9847,0.9758,"OK"
"TCGA-BRCA","584eef35-12c2-4aac-be09-175a9f9c5dfc","TCGA-AC-A62Y-01A-11R-A29R-07","TCGA-AC-A62Y","Primary Tumor","EPHB2","ENSG00000133216",846,4.504,1.3996,1.387,"OK"
"TCGA-BRCA","7806768a-e8c6-48b0-a241-c036c230e78b","TCGA-AO-A03U-01B-21R-A10J-07","TCGA-AO-A03U","Primary Tumor","JAK3","ENSG00000105639",707,4.7373,1.3529,1.5725,"OK"
"TCGA-BRCA","7806768a-e8c6-48b0-a241-c036c230e78b","TCGA-AO-A03U-01B-21R-A10J-07","TCGA-AO-A03U","Primary Tumor","EPHB2","ENSG00000133216",4345,15.848,4.5261,5.2605,"OK"
"TCGA-BRCA","891873c8-bb26-4215-9281-a79be2651f11","TCGA-BH-A1EY-01A-11R-A13Q-07","TCGA-BH-A1EY","Primary Tumor","JAK3","ENSG00000105639",750,9.8061,2.6405,2.6586,"OK"
"TCGA-BRCA","891873c8-bb26-4215-9281-a79be2651f11","TCGA-BH-A1EY-01A-11R-A13Q-07","TCGA-BH-A1EY","Primary Tumor","EPHB2","ENSG00000133216",610,4.3415,1.169,1.177,"OK"
"TCGA-BRCA","7c89d4dc-cccb-4833-9731-be8affb76c89","TCGA-BH-A0W4-01A-11R-A109-07","TCGA-BH-A0W4","Primary Tumor","JAK3","ENSG00000105639",557,5.5111,1.3409,1.2825,"OK"
"TCGA-BRCA","7c89d4dc-cccb-4833-9731-be8affb76c89","TCGA-BH-A0W4-01A-11R-A109-07","TCGA-BH-A0W4","Primary Tumor","EPHB2","ENSG00000133216",529,2.8491,0.6932,0.663,"OK"
"TCGA-BRCA","3844ac53-a01f-41f1-a3f3-d9decf12d024","TCGA-AR-A5QN-01A-12R-A28M-07","TCGA-AR-A5QN","Primary Tumor","JAK3","ENSG00000105639",448,3.9669,1.0805,1.0083,"OK"
"TCGA-BRCA","3844ac53-a01f-41f1-a3f3-d9decf12d024","TCGA-AR-A5QN-01A-12R-A28M-07","TCGA-AR-A5QN","Primary Tumor","EPHB2","ENSG00000133216",793,3.8222,1.0411,0.9715,"OK"
"TCGA-BRCA","41e79241-b5a4-4541-848b-e20e693e8ee3","TCGA-E2-A1IU-01A-11R-A14D-07","TCGA-E2-A1IU","Primary Tumor","JAK3","ENSG00000105639",428,5.1435,1.4137,1.2596,"OK"
"TCGA-BRCA","41e79241-b5a4-4541-848b-e20e693e8ee3","TCGA-E2-A1IU-01A-11R-A14D-07","TCGA-E2-A1IU","Primary Tumor","EPHB2","ENSG00000133216",366,2.3943,0.6581,0.5863,"OK"
"TCGA-BRCA","94468afc-faea-4091-af0f-d2df8aec37da","TCGA-A2-A04W-01A-31R-A115-07","TCGA-A2-A04W","Primary Tumor","JAK3","ENSG00000105639",510,4.885,1.7048,2.0726,"OK"
"TCGA-BRCA","94468afc-faea-4091-af0f-d2df8aec37da","TCGA-A2-A04W-01A-31R-A115-07","TCGA-A2-A04W","Primary Tumor","EPHB2","ENSG00000133216",333,1.7362,0.6059,0.7367,"OK"
"TCGA-BRCA","5030e484-7981-462f-b78d-9fdf1a8531c5","TCGA-A2-A0YD-01A-11R-A109-07","TCGA-A2-A0YD","Primary Tumor","JAK3","ENSG00000105639",821,8.1758,1.9738,1.912,"OK"
"TCGA-BRCA","5030e484-7981-462f-b78d-9fdf1a8531c5","TCGA-A2-A0YD-01A-11R-A109-07","TCGA-A2-A0YD","Primary Tumor","EPHB2","ENSG00000133216",1082,5.8653,1.416,1.3717,"OK"
"TCGA-BRCA","3071e512-94ea-4820-9573-668235188e34","TCGA-BH-A0B7-11A-34R-A115-07","TCGA-BH-A0B7","Solid Tissue Normal","JAK3","ENSG00000105639",509,6.213,1.6445,1.4874,"OK"
"TCGA-BRCA","3071e512-94ea-4820-9573-668235188e34","TCGA-BH-A0B7-11A-34R-A115-07","TCGA-BH-A0B7","Solid Tissue Normal","EPHB2","ENSG00000133216",135,0.897,0.2374,0.2147,"OK"
"TCGA-BRCA","9c87ef50-5854-4f69-820b-9e0b4d46c982","TCGA-A7-A13F-01A-11R-A12P-07","TCGA-A7-A13F","Primary Tumor","JAK3","ENSG00000105639",213,2.1764,0.604,0.6233,"OK"
"TCGA-BRCA","9c87ef50-5854-4f69-820b-9e0b4d46c982","TCGA-A7-A13F-01A-11R-A12P-07","TCGA-A7-A13F","Primary Tumor","EPHB2","ENSG00000133216",596,3.315,0.9199,0.9493,"OK"
"TCGA-BRCA","25c20f52-1031-4cd1-a9ed-4b2049b01a3e","TCGA-BH-A0HK-01A-11R-A056-07","TCGA-BH-A0HK","Primary Tumor","JAK3","ENSG00000105639",245,2.0643,0.8068,0.9441,"OK"
"TCGA-BRCA","25c20f52-1031-4cd1-a9ed-4b2049b01a3e","TCGA-BH-A0HK-01A-11R-A056-07","TCGA-BH-A0HK","Primary Tumor","EPHB2","ENSG00000133216",490,2.2474,0.8783,1.0278,"OK"
"TCGA-BRCA","75182885-7501-49b1-bb0d-8a88da1080a3","TCGA-BH-A0HK-11A-11R-A089-07","TCGA-BH-A0HK","Solid Tissue Normal","JAK3","ENSG00000105639",317,2.9433,0.8329,0.8509,"OK"
"TCGA-BRCA","75182885-7501-49b1-bb0d-8a88da1080a3","TCGA-BH-A0HK-11A-11R-A089-07","TCGA-BH-A0HK","Solid Tissue Normal","EPHB2","ENSG00000133216",371,1.8751,0.5306,0.5421,"OK"
"TCGA-BRCA","e6cbdcab-7fd1-43a6-be43-68b6a0fb4fe9","TCGA-A2-A25D-01A-12R-A16F-07","TCGA-A2-A25D","Primary Tumor","JAK3","ENSG00000105639",1709,11.5125,4.1456,4.7037,"OK"
"TCGA-BRCA","e6cbdcab-7fd1-43a6-be43-68b6a0fb4fe9","TCGA-A2-A25D-01A-12R-A16F-07","TCGA-A2-A25D","Primary Tumor","EPHB2","ENSG00000133216",877,3.2159,1.158,1.3139,"OK"
"TCGA-BRCA","9415696a-44d9-477f-aba3-0a30ded48778","TCGA-BH-A201-01A-11R-A14M-07","TCGA-BH-A201","Primary Tumor","JAK3","ENSG00000105639",697,5.7408,1.5523,1.5545,"OK"
"TCGA-BRCA","9415696a-44d9-477f-aba3-0a30ded48778","TCGA-BH-A201-01A-11R-A14M-07","TCGA-BH-A201","Primary Tumor","EPHB2","ENSG00000133216",675,3.0263,0.8183,0.8195,"OK"
"TCGA-BRCA","8644d07c-979f-4ec6-928a-afe9229fb9f1","TCGA-A8-A085-01A-11R-A00Z-07","TCGA-A8-A085","Primary Tumor","JAK3","ENSG00000105639",288,1.6543,0.4628,0.485,"OK"
"TCGA-BRCA","8644d07c-979f-4ec6-928a-afe9229fb9f1","TCGA-A8-A085-01A-11R-A00Z-07","TCGA-A8-A085","Primary Tumor","EPHB2","ENSG00000133216",254,0.7942,0.2222,0.2328,"OK"
"TCGA-BRCA","61f32a8d-4649-4ea8-8374-00ab281464bf","TCGA-AR-A5QP-01A-11R-A28M-07","TCGA-AR-A5QP","Primary Tumor","JAK3","ENSG00000105639",350,3.8726,1.1189,1.0464,"OK"
"TCGA-BRCA","61f32a8d-4649-4ea8-8374-00ab281464bf","TCGA-AR-A5QP-01A-11R-A28M-07","TCGA-AR-A5QP","Primary Tumor","EPHB2","ENSG00000133216",383,2.3068,0.6665,0.6233,"OK"
"TCGA-BRCA","f8e5691a-e24d-4dba-873e-9ffa3ca12bb6","TCGA-BH-A0W3-01A-11R-A109-07","TCGA-BH-A0W3","Primary Tumor","JAK3","ENSG00000105639",139,2.1051,0.5204,0.444,"OK"
"TCGA-BRCA","f8e5691a-e24d-4dba-873e-9ffa3ca12bb6","TCGA-BH-A0W3-01A-11R-A109-07","TCGA-BH-A0W3","Primary Tumor","EPHB2","ENSG00000133216",340,2.8029,0.6928,0.5912,"OK"
"TCGA-BRCA","d01e4cd5-3c52-4655-8b7c-ef6070d58090","TCGA-AR-A24V-01A-21R-A169-07","TCGA-AR-A24V","Primary Tumor","JAK3","ENSG00000105639",475,3.9538,0.9805,1.0601,"OK"
"TCGA-BRCA","d01e4cd5-3c52-4655-8b7c-ef6070d58090","TCGA-AR-A24V-01A-21R-A169-07","TCGA-AR-A24V","Primary Tumor","EPHB2","ENSG00000133216",1305,5.913,1.4664,1.5855,"OK"
"TCGA-BRCA","b3d19aa0-af01-4998-b234-81f313b7a6f0","TCGA-E9-A1NE-01A-21R-A14M-07","TCGA-E9-A1NE","Primary Tumor","JAK3","ENSG00000105639",3729,26.992,7.4652,7.0317,"OK"
"TCGA-BRCA","b3d19aa0-af01-4998-b234-81f313b7a6f0","TCGA-E9-A1NE-01A-21R-A14M-07","TCGA-E9-A1NE","Primary Tumor","EPHB2","ENSG00000133216",1351,5.3232,1.4722,1.3867,"OK"
"TCGA-BRCA","e52108ad-c4ab-4ab4-8636-caaeaae7ea62","TCGA-AC-A8OQ-01A-11R-A41B-07","TCGA-AC-A8OQ","Primary Tumor","JAK3","ENSG00000105639",2055,17.3764,8.0244,8.0177,"OK"
"TCGA-BRCA","e52108ad-c4ab-4ab4-8636-caaeaae7ea62","TCGA-AC-A8OQ-01A-11R-A41B-07","TCGA-AC-A8OQ","Primary Tumor","EPHB2","ENSG00000133216",511,2.352,1.0862,1.0853,"OK"
"TCGA-BRCA","ec67e25e-9cc6-45a7-a7c0-8dc778ae14c1","TCGA-AC-A23C-01A-12R-A169-07","TCGA-AC-A23C","Primary Tumor","JAK3","ENSG00000105639",1020,7.4154,2.137,2.1201,"OK"
"TCGA-BRCA","ec67e25e-9cc6-45a7-a7c0-8dc778ae14c1","TCGA-AC-A23C-01A-12R-A169-07","TCGA-AC-A23C","Primary Tumor","EPHB2","ENSG00000133216",822,3.253,0.9375,0.93,"OK"
"TCGA-BRCA","09a491b5-1bfb-47d9-963f-69f6c7e6c1e5","TCGA-C8-A12P-01A-11R-A115-07","TCGA-C8-A12P","Primary Tumor","JAK3","ENSG00000105639",496,4.5081,1.3533,1.4395,"OK"
"TCGA-BRCA","09a491b5-1bfb-47d9-963f-69f6c7e6c1e5","TCGA-C8-A12P-01A-11R-A115-07","TCGA-C8-A12P","Primary Tumor","EPHB2","ENSG00000133216",729,3.6067,1.0827,1.1517,"OK"
"TCGA-BRCA","4b445a8f-b60b-44c3-b501-de93010172f7","TCGA-E9-A1N8-01A-11R-A144-07","TCGA-E9-A1N8","Primary Tumor","JAK3","ENSG00000105639",304,4.371,1.0724,1.0431,"OK"
"TCGA-BRCA","4b445a8f-b60b-44c3-b501-de93010172f7","TCGA-E9-A1N8-01A-11R-A144-07","TCGA-E9-A1N8","Primary Tumor","EPHB2","ENSG00000133216",200,1.5654,0.384,0.3736,"OK"
"TCGA-BRCA","debafec8-b9f4-45f3-aa4c-8e48e58e6a49","TCGA-AN-A0XV-01A-11R-A109-07","TCGA-AN-A0XV","Primary Tumor","JAK3","ENSG00000105639",733,6.1495,1.8785,1.8315,"OK"
"TCGA-BRCA","debafec8-b9f4-45f3-aa4c-8e48e58e6a49","TCGA-AN-A0XV-01A-11R-A109-07","TCGA-AN-A0XV","Primary Tumor","EPHB2","ENSG00000133216",308,1.4066,0.4297,0.4189,"OK"
"TCGA-BRCA","57044315-cc7f-4677-90fa-2e959740bd9c","TCGA-EW-A1OV-01A-11R-A144-07","TCGA-EW-A1OV","Primary Tumor","JAK3","ENSG00000105639",3296,32.9999,12.5846,12.4259,"OK"
"TCGA-BRCA","57044315-cc7f-4677-90fa-2e959740bd9c","TCGA-EW-A1OV-01A-11R-A144-07","TCGA-EW-A1OV","Primary Tumor","EPHB2","ENSG00000133216",1146,6.2457,2.3818,2.3518,"OK"
"TCGA-BRCA","8f1fa5b0-7b8b-41ae-9ba4-9bce8776e5a8","TCGA-A2-A1FX-01A-11R-A13Q-07","TCGA-A2-A1FX","Primary Tumor","JAK3","ENSG00000105639",784,6.6609,1.6595,1.4626,"OK"
"TCGA-BRCA","8f1fa5b0-7b8b-41ae-9ba4-9bce8776e5a8","TCGA-A2-A1FX-01A-11R-A13Q-07","TCGA-A2-A1FX","Primary Tumor","EPHB2","ENSG00000133216",1032,4.7728,1.1891,1.048,"OK"
"TCGA-BRCA","f7619693-b880-408e-8be5-f266f61a403e","TCGA-AR-A2LO-01A-31R-A18M-07","TCGA-AR-A2LO","Primary Tumor","JAK3","ENSG00000105639",1207,17.611,4.9041,4.4171,"OK"
"TCGA-BRCA","f7619693-b880-408e-8be5-f266f61a403e","TCGA-AR-A2LO-01A-31R-A18M-07","TCGA-AR-A2LO","Primary Tumor","EPHB2","ENSG00000133216",602,4.7813,1.3314,1.1992,"OK"
"TCGA-BRCA","1d0878a6-5c7c-40b9-8eab-64981d783b71","TCGA-D8-A27V-01A-12R-A17B-07","TCGA-D8-A27V","Primary Tumor","JAK3","ENSG00000105639",580,3.4574,0.8934,0.849,"OK"
"TCGA-BRCA","1d0878a6-5c7c-40b9-8eab-64981d783b71","TCGA-D8-A27V-01A-12R-A17B-07","TCGA-D8-A27V","Primary Tumor","EPHB2","ENSG00000133216",723,2.346,0.6062,0.5761,"OK"
"TCGA-BRCA","b3b9ae66-e8d1-4a32-a2a9-46931b753527","TCGA-D8-A27M-01A-11R-A16F-07","TCGA-D8-A27M","Primary Tumor","JAK3","ENSG00000105639",2859,22.5908,6.2316,6.0818,"OK"
"TCGA-BRCA","b3b9ae66-e8d1-4a32-a2a9-46931b753527","TCGA-D8-A27M-01A-11R-A16F-07","TCGA-D8-A27M","Primary Tumor","EPHB2","ENSG00000133216",1113,4.7872,1.3205,1.2888,"OK"
"TCGA-BRCA","5dee4a6f-9cf4-4360-a37b-e7b94aa70dac","TCGA-A2-A0YF-01A-21R-A109-07","TCGA-A2-A0YF","Primary Tumor","JAK3","ENSG00000105639",479,3.6303,0.9892,0.9232,"OK"
"TCGA-BRCA","5dee4a6f-9cf4-4360-a37b-e7b94aa70dac","TCGA-A2-A0YF-01A-21R-A109-07","TCGA-A2-A0YF","Primary Tumor","EPHB2","ENSG00000133216",480,1.9802,0.5396,0.5036,"OK"
"TCGA-BRCA","4af55932-ab7a-41e5-aa7f-fb16ab18c629","TCGA-BH-A0H6-01A-21R-A056-07","TCGA-BH-A0H6","Primary Tumor","JAK3","ENSG00000105639",183,2.0231,0.5535,0.5363,"OK"
"TCGA-BRCA","4af55932-ab7a-41e5-aa7f-fb16ab18c629","TCGA-BH-A0H6-01A-21R-A056-07","TCGA-BH-A0H6","Primary Tumor","EPHB2","ENSG00000133216",295,1.7752,0.4857,0.4706,"OK"
"TCGA-BRCA","e4744b03-e390-43f2-a14b-86bddceaf9ae","TCGA-OL-A66L-01A-12R-A31O-07","TCGA-OL-A66L","Primary Tumor","JAK3","ENSG00000105639",810,7.6998,2.559,2.9499,"OK"
"TCGA-BRCA","e4744b03-e390-43f2-a14b-86bddceaf9ae","TCGA-OL-A66L-01A-12R-A31O-07","TCGA-OL-A66L","Primary Tumor","EPHB2","ENSG00000133216",683,3.5342,1.1746,1.354,"OK"
"TCGA-BRCA","67eceef4-f870-47a0-82d8-b39aa3282bd3","TCGA-D8-A1JU-01A-11R-A13Q-07","TCGA-D8-A1JU","Primary Tumor","JAK3","ENSG00000105639",548,5.0443,1.2368,1.2298,"OK"
"TCGA-BRCA","67eceef4-f870-47a0-82d8-b39aa3282bd3","TCGA-D8-A1JU-01A-11R-A13Q-07","TCGA-D8-A1JU","Primary Tumor","EPHB2","ENSG00000133216",1099,5.5067,1.3502,1.3426,"OK"
"TCGA-BRCA","ecf9996e-0cba-4394-9f5a-51fceab1ac56","TCGA-A8-A0AD-01A-11R-A056-07","TCGA-A8-A0AD","Primary Tumor","JAK3","ENSG00000105639",144,1.694,0.4673,0.4546,"OK"
"TCGA-BRCA","ecf9996e-0cba-4394-9f5a-51fceab1ac56","TCGA-A8-A0AD-01A-11R-A056-07","TCGA-A8-A0AD","Primary Tumor","EPHB2","ENSG00000133216",564,3.6116,0.9963,0.9691,"OK"
"TCGA-BRCA","9568dc22-f91c-44dd-95ec-370466ee64c3","TCGA-EW-A2FR-01A-11R-A21T-07","TCGA-EW-A2FR","Primary Tumor","JAK3","ENSG00000105639",893,6.9451,1.7187,1.9761,"OK"
"TCGA-BRCA","9568dc22-f91c-44dd-95ec-370466ee64c3","TCGA-EW-A2FR-01A-11R-A21T-07","TCGA-EW-A2FR","Primary Tumor","EPHB2","ENSG00000133216",945,4.0007,0.9901,1.1383,"OK"
"TCGA-BRCA","e5f6e803-fc44-4f0f-9f6e-562b4e7d77ca","TCGA-PE-A5DD-01A-12R-A27Q-07","TCGA-PE-A5DD","Primary Tumor","JAK3","ENSG00000105639",840,9.6069,3.0823,3.0419,"OK"
"TCGA-BRCA","e5f6e803-fc44-4f0f-9f6e-562b4e7d77ca","TCGA-PE-A5DD-01A-12R-A27Q-07","TCGA-PE-A5DD","Primary Tumor","EPHB2","ENSG00000133216",327,2.0357,0.6532,0.6446,"OK"
"TCGA-BRCA","2e60bad2-2dd2-4dc3-aa45-dfc36ef4884b","TCGA-E2-A105-01A-11R-A10J-07","TCGA-E2-A105","Primary Tumor","JAK3","ENSG00000105639",511,4.2162,1.2393,1.1681,"OK"
"TCGA-BRCA","2e60bad2-2dd2-4dc3-aa45-dfc36ef4884b","TCGA-E2-A105-01A-11R-A10J-07","TCGA-E2-A105","Primary Tumor","EPHB2","ENSG00000133216",2828,12.7013,3.7335,3.519,"OK"
"TCGA-BRCA","7d5e390d-86f3-4988-9606-aeedabd31b52","TCGA-A2-A0T4-01A-31R-A084-07","TCGA-A2-A0T4","Primary Tumor","JAK3","ENSG00000105639",454,5.6552,1.6115,1.6377,"OK"
"TCGA-BRCA","7d5e390d-86f3-4988-9606-aeedabd31b52","TCGA-A2-A0T4-01A-31R-A084-07","TCGA-A2-A0T4","Primary Tumor","EPHB2","ENSG00000133216",602,4.0819,1.1632,1.1821,"OK"
"TCGA-BRCA","404cea41-efa9-44c0-84a1-5dd603d7a2a4","TCGA-Z7-A8R6-01A-11R-A41B-07","TCGA-Z7-A8R6","Primary Tumor","JAK3","ENSG00000105639",394,3.769,1.0917,1.0341,"OK"
"TCGA-BRCA","404cea41-efa9-44c0-84a1-5dd603d7a2a4","TCGA-Z7-A8R6-01A-11R-A41B-07","TCGA-Z7-A8R6","Primary Tumor","EPHB2","ENSG00000133216",416,2.1662,0.6274,0.5943,"OK"
"TCGA-BRCA","c4afcca9-94e4-4ecd-98d1-0aab86de8685","TCGA-A2-A0YL-01A-21R-A109-07","TCGA-A2-A0YL","Primary Tumor","JAK3","ENSG00000105639",956,9.2914,2.3659,2.2144,"OK"
"TCGA-BRCA","c4afcca9-94e4-4ecd-98d1-0aab86de8685","TCGA-A2-A0YL-01A-21R-A109-07","TCGA-A2-A0YL","Primary Tumor","EPHB2","ENSG00000133216",372,1.9681,0.5011,0.469,"OK"
"TCGA-BRCA","7c196890-04a5-496b-ae10-43b95be57d58","TCGA-D8-A73X-01A-11R-A32P-07","TCGA-D8-A73X","Primary Tumor","JAK3","ENSG00000105639",273,2.6535,0.7382,0.6927,"OK"
"TCGA-BRCA","7c196890-04a5-496b-ae10-43b95be57d58","TCGA-D8-A73X-01A-11R-A32P-07","TCGA-D8-A73X","Primary Tumor","EPHB2","ENSG00000133216",590,3.1216,0.8685,0.8149,"OK"
"TCGA-BRCA","50c7c034-fccb-4eb1-b8db-e0a5d9e50172","TCGA-A7-A13D-01A-13R-A12P-07","TCGA-A7-A13D","Primary Tumor","JAK3","ENSG00000105639",365,2.6731,0.9423,1.0601,"OK"
"TCGA-BRCA","50c7c034-fccb-4eb1-b8db-e0a5d9e50172","TCGA-A7-A13D-01A-13R-A12P-07","TCGA-A7-A13D","Primary Tumor","EPHB2","ENSG00000133216",3023,12.0513,4.2483,4.7794,"OK"
"TCGA-BRCA","870fb4d4-8366-4bfa-b4c1-04d55eded427","TCGA-AO-A0JA-01A-11R-A056-07","TCGA-AO-A0JA","Primary Tumor","JAK3","ENSG00000105639",427,4.1736,1.096,1.0795,"OK"
"TCGA-BRCA","870fb4d4-8366-4bfa-b4c1-04d55eded427","TCGA-AO-A0JA-01A-11R-A056-07","TCGA-AO-A0JA","Primary Tumor","EPHB2","ENSG00000133216",806,4.2883,1.1261,1.1092,"OK"
"TCGA-BRCA","41a87746-ec8e-47e3-986c-d1a119e7c96b","TCGA-C8-A26V-01A-11R-A16F-07","TCGA-C8-A26V","Primary Tumor","JAK3","ENSG00000105639",441,2.7289,0.7392,0.7134,"OK"
"TCGA-BRCA","41a87746-ec8e-47e3-986c-d1a119e7c96b","TCGA-C8-A26V-01A-11R-A16F-07","TCGA-C8-A26V","Primary Tumor","EPHB2","ENSG00000133216",589,1.984,0.5374,0.5187,"OK"
"TCGA-BRCA","52151eca-7819-496e-bf31-4875b68d429d","TCGA-AC-A2FM-11B-32R-A19W-07","TCGA-AC-A2FM","Solid Tissue Normal","JAK3","ENSG00000105639",694,6.1032,1.9688,2.0829,"OK"
"TCGA-BRCA","52151eca-7819-496e-bf31-4875b68d429d","TCGA-AC-A2FM-11B-32R-A19W-07","TCGA-AC-A2FM","Solid Tissue Normal","EPHB2","ENSG00000133216",249,1.192,0.3845,0.4068,"OK"
"TCGA-BRCA","5422b305-6411-4a01-b371-dc74c9e351e4","TCGA-C8-A27A-01A-11R-A169-07","TCGA-C8-A27A","Primary Tumor","JAK3","ENSG00000105639",375,2.6763,0.7364,0.6726,"OK"
"TCGA-BRCA","5422b305-6411-4a01-b371-dc74c9e351e4","TCGA-C8-A27A-01A-11R-A169-07","TCGA-C8-A27A","Primary Tumor","EPHB2","ENSG00000133216",2940,11.4214,3.1425,2.8704,"OK"
"TCGA-BRCA","28b84c2b-6524-46ee-9d1e-24e7d6379af4","TCGA-EW-A1PE-01A-11R-A144-07","TCGA-EW-A1PE","Primary Tumor","JAK3","ENSG00000105639",1013,8.5285,2.328,2.2668,"OK"
"TCGA-BRCA","28b84c2b-6524-46ee-9d1e-24e7d6379af4","TCGA-EW-A1PE-01A-11R-A144-07","TCGA-EW-A1PE","Primary Tumor","EPHB2","ENSG00000133216",1365,6.2556,1.7076,1.6627,"OK"
"TCGA-BRCA","4af2ea24-60fe-4fc1-858b-68ed98855082","TCGA-LL-A5YM-01A-11R-A28M-07","TCGA-LL-A5YM","Primary Tumor","JAK3","ENSG00000105639",355,3.0994,1.1847,1.4188,"OK"
"TCGA-BRCA","4af2ea24-60fe-4fc1-858b-68ed98855082","TCGA-LL-A5YM-01A-11R-A28M-07","TCGA-LL-A5YM","Primary Tumor","EPHB2","ENSG00000133216",270,1.2832,0.4905,0.5874,"OK"
"TCGA-BRCA","8ca36e25-aabc-4bd9-9ced-a8d432ca0260","TCGA-LL-A73Y-01A-11R-A33J-07","TCGA-LL-A73Y","Primary Tumor","JAK3","ENSG00000105639",1560,14.7204,3.9438,3.9543,"OK"
"TCGA-BRCA","8ca36e25-aabc-4bd9-9ced-a8d432ca0260","TCGA-LL-A73Y-01A-11R-A33J-07","TCGA-LL-A73Y","Primary Tumor","EPHB2","ENSG00000133216",584,2.9997,0.8037,0.8058,"OK"
"TCGA-BRCA","8b000fae-e6de-4038-8486-45316cae622d","TCGA-E9-A1ND-11A-43R-A144-07","TCGA-E9-A1ND","Solid Tissue Normal","JAK3","ENSG00000105639",576,5.4039,1.8017,2.0455,"OK"
"TCGA-BRCA","8b000fae-e6de-4038-8486-45316cae622d","TCGA-E9-A1ND-11A-43R-A144-07","TCGA-E9-A1ND","Solid Tissue Normal","EPHB2","ENSG00000133216",794,4.0549,1.3519,1.5349,"OK"
"TCGA-BRCA","7e915086-4926-4670-9f43-e35e2d04d6c5","TCGA-AC-A3OD-01A-11R-A21T-07","TCGA-AC-A3OD","Primary Tumor","JAK3","ENSG00000105639",823,2.1889,2.971,2.9581,"OK"
"TCGA-BRCA","7e915086-4926-4670-9f43-e35e2d04d6c5","TCGA-AC-A3OD-01A-11R-A21T-07","TCGA-AC-A3OD","Primary Tumor","EPHB2","ENSG00000133216",759,1.0989,1.4915,1.485,"OK"
"TCGA-BRCA","8fb0660c-fb39-47f0-8450-1f7abff3b656","TCGA-A2-A0CM-01A-31R-A034-07","TCGA-A2-A0CM","Primary Tumor","JAK3","ENSG00000105639",1194,14.0072,4.1916,3.9869,"OK"
"TCGA-BRCA","8fb0660c-fb39-47f0-8450-1f7abff3b656","TCGA-A2-A0CM-01A-31R-A034-07","TCGA-A2-A0CM","Primary Tumor","EPHB2","ENSG00000133216",855,5.4599,1.6339,1.5541,"OK"
"TCGA-BRCA","0b798fe4-1c51-4c36-afc8-5bee39fd6077","TCGA-E9-A1R0-01A-22R-A16F-07","TCGA-E9-A1R0","Primary Tumor","JAK3","ENSG00000105639",656,4.8525,1.4035,1.3691,"OK"
"TCGA-BRCA","0b798fe4-1c51-4c36-afc8-5bee39fd6077","TCGA-E9-A1R0-01A-22R-A16F-07","TCGA-E9-A1R0","Primary Tumor","EPHB2","ENSG00000133216",386,1.5542,0.4495,0.4385,"OK"
"TCGA-BRCA","a8898537-0afa-4655-b123-78c11b90c53a","TCGA-A7-A0DB-01A-11R-A00Z-07","TCGA-A7-A0DB","Primary Tumor","JAK3","ENSG00000105639",296,2.3522,0.7519,0.8131,"OK"
"TCGA-BRCA","a8898537-0afa-4655-b123-78c11b90c53a","TCGA-A7-A0DB-01A-11R-A00Z-07","TCGA-A7-A0DB","Primary Tumor","EPHB2","ENSG00000133216",513,2.2191,0.7094,0.7671,"OK"
"TCGA-BRCA","7235fd65-e9cb-45f1-ac78-cad80823325e","TCGA-AR-A1AR-01A-31R-A137-07","TCGA-AR-A1AR","Primary Tumor","JAK3","ENSG00000105639",4439,30.6996,8.2195,7.878,"OK"
"TCGA-BRCA","7235fd65-e9cb-45f1-ac78-cad80823325e","TCGA-AR-A1AR-01A-31R-A137-07","TCGA-AR-A1AR","Primary Tumor","EPHB2","ENSG00000133216",1618,6.0911,1.6308,1.5631,"OK"
"TCGA-BRCA","04a7cce8-c3b3-4994-9dac-c0e53099f37d","TCGA-AR-A0TR-01A-11R-A084-07","TCGA-AR-A0TR","Primary Tumor","JAK3","ENSG00000105639",450,4.1605,0.9814,0.8884,"OK"
"TCGA-BRCA","04a7cce8-c3b3-4994-9dac-c0e53099f37d","TCGA-AR-A0TR-01A-11R-A084-07","TCGA-AR-A0TR","Primary Tumor","EPHB2","ENSG00000133216",221,1.1122,0.2624,0.2375,"OK"
"TCGA-BRCA","0022cd20-f64f-4773-b9ff-a3de0b71b259","TCGA-AN-A0FN-01A-11R-A034-07","TCGA-AN-A0FN","Primary Tumor","JAK3","ENSG00000105639",2087,16.2297,4.5624,5.0738,"OK"
"TCGA-BRCA","0022cd20-f64f-4773-b9ff-a3de0b71b259","TCGA-AN-A0FN-01A-11R-A034-07","TCGA-AN-A0FN","Primary Tumor","EPHB2","ENSG00000133216",1222,5.1729,1.4542,1.6172,"OK"
"TCGA-BRCA","6b62d6dd-bb6f-4f39-9041-992c47b875f3","TCGA-B6-A0RH-01A-21R-A115-07","TCGA-B6-A0RH","Primary Tumor","JAK3","ENSG00000105639",310,2.0648,0.6718,0.7912,"OK"
"TCGA-BRCA","6b62d6dd-bb6f-4f39-9041-992c47b875f3","TCGA-B6-A0RH-01A-21R-A115-07","TCGA-B6-A0RH","Primary Tumor","EPHB2","ENSG00000133216",612,2.2189,0.7219,0.8502,"OK"
"TCGA-BRCA","b0fc63c9-c4aa-4206-8636-47245f510cff","TCGA-BH-A0AW-01A-11R-A056-07","TCGA-BH-A0AW","Primary Tumor","JAK3","ENSG00000105639",1097,11.2347,4.1525,4.6416,"OK"
"TCGA-BRCA","b0fc63c9-c4aa-4206-8636-47245f510cff","TCGA-BH-A0AW-01A-11R-A056-07","TCGA-BH-A0AW","Primary Tumor","EPHB2","ENSG00000133216",625,3.4842,1.2878,1.4395,"OK"
"TCGA-BRCA","00b13ccf-ad7c-4613-8366-7c583a399691","TCGA-BH-A18M-01A-11R-A12D-07","TCGA-BH-A18M","Primary Tumor","JAK3","ENSG00000105639",527,5.7351,1.428,1.4017,"OK"
"TCGA-BRCA","00b13ccf-ad7c-4613-8366-7c583a399691","TCGA-BH-A18M-01A-11R-A12D-07","TCGA-BH-A18M","Primary Tumor","EPHB2","ENSG00000133216",925,5.4796,1.3644,1.3393,"OK"
"TCGA-BRCA","5fbbee45-08b5-4cd0-83c6-c18bc4e89d99","TCGA-BH-A0C1-01B-11R-A12D-07","TCGA-BH-A0C1","Primary Tumor","JAK3","ENSG00000105639",857,8.7101,2.122,2.041,"OK"
"TCGA-BRCA","5fbbee45-08b5-4cd0-83c6-c18bc4e89d99","TCGA-BH-A0C1-01B-11R-A12D-07","TCGA-BH-A0C1","Primary Tumor","EPHB2","ENSG00000133216",935,5.1728,1.2602,1.2121,"OK"
"TCGA-BRCA","b9eb33d4-1017-42cf-b72c-f917de5425e7","TCGA-E9-A1RF-11A-32R-A157-07","TCGA-E9-A1RF","Solid Tissue Normal","JAK3","ENSG00000105639",234,1.6586,0.5604,0.6746,"OK"
"TCGA-BRCA","b9eb33d4-1017-42cf-b72c-f917de5425e7","TCGA-E9-A1RF-11A-32R-A157-07","TCGA-E9-A1RF","Solid Tissue Normal","EPHB2","ENSG00000133216",678,2.6159,0.8839,1.064,"OK"
"TCGA-BRCA","cde8361d-ade2-4103-b092-3ee9cbf85ea1","TCGA-C8-A3M8-01A-11R-A213-07","TCGA-C8-A3M8","Primary Tumor","JAK3","ENSG00000105639",538,3.2278,1.0125,1.0442,"OK"
"TCGA-BRCA","cde8361d-ade2-4103-b092-3ee9cbf85ea1","TCGA-C8-A3M8-01A-11R-A213-07","TCGA-C8-A3M8","Primary Tumor","EPHB2","ENSG00000133216",372,1.2149,0.3811,0.393,"OK"
"TCGA-BRCA","41a97024-43f7-41b8-8755-94cd29105a5f","TCGA-OL-A5D7-01A-11R-A27Q-07","TCGA-OL-A5D7","Primary Tumor","JAK3","ENSG00000105639",1602,17.5429,5.8248,5.8543,"OK"
"TCGA-BRCA","41a97024-43f7-41b8-8755-94cd29105a5f","TCGA-OL-A5D7-01A-11R-A27Q-07","TCGA-OL-A5D7","Primary Tumor","EPHB2","ENSG00000133216",428,2.5513,0.8471,0.8514,"OK"
"TCGA-BRCA","b93b04d3-7526-4d65-bc15-0148e75ac225","TCGA-D8-A27P-01A-11R-A16F-07","TCGA-D8-A27P","Primary Tumor","JAK3","ENSG00000105639",315,3.695,0.9318,0.864,"OK"
"TCGA-BRCA","b93b04d3-7526-4d65-bc15-0148e75ac225","TCGA-D8-A27P-01A-11R-A16F-07","TCGA-D8-A27P","Primary Tumor","EPHB2","ENSG00000133216",339,2.1646,0.5458,0.5061,"OK"
"TCGA-BRCA","7b188e2a-4a56-49f9-b527-cd61a646f6c7","TCGA-BH-A0EE-01A-11R-A034-07","TCGA-BH-A0EE","Primary Tumor","JAK3","ENSG00000105639",618,3.8657,1.3671,1.5432,"OK"
"TCGA-BRCA","7b188e2a-4a56-49f9-b527-cd61a646f6c7","TCGA-BH-A0EE-01A-11R-A034-07","TCGA-BH-A0EE","Primary Tumor","EPHB2","ENSG00000133216",530,1.8046,0.6382,0.7204,"OK"
"TCGA-BRCA","5fcd0660-3e77-4a56-af19-01045301708c","TCGA-B6-A0RQ-01A-11R-A115-07","TCGA-B6-A0RQ","Primary Tumor","JAK3","ENSG00000105639",508,4.1868,1.1931,1.1218,"OK"
"TCGA-BRCA","5fcd0660-3e77-4a56-af19-01045301708c","TCGA-B6-A0RQ-01A-11R-A115-07","TCGA-B6-A0RQ","Primary Tumor","EPHB2","ENSG00000133216",350,1.5702,0.4474,0.4207,"OK"
"TCGA-BRCA","9f06e9cd-8184-4b66-a2e0-96da9a7159e8","TCGA-A7-A6VY-01A-12R-A33J-07","TCGA-A7-A6VY","Primary Tumor","JAK3","ENSG00000105639",1211,8.6281,3.0887,3.1126,"OK"
"TCGA-BRCA","9f06e9cd-8184-4b66-a2e0-96da9a7159e8","TCGA-A7-A6VY-01A-12R-A33J-07","TCGA-A7-A6VY","Primary Tumor","EPHB2","ENSG00000133216",2085,8.0863,2.8947,2.9171,"OK"
"TCGA-BRCA","104e3cb5-c6df-422b-a55f-6b19408594d4","TCGA-E2-A1L7-01A-11R-A144-07","TCGA-E2-A1L7","Primary Tumor","JAK3","ENSG00000105639",1256,16.0734,4.5835,4.3659,"OK"
"TCGA-BRCA","104e3cb5-c6df-422b-a55f-6b19408594d4","TCGA-E2-A1L7-01A-11R-A144-07","TCGA-E2-A1L7","Primary Tumor","EPHB2","ENSG00000133216",737,5.134,1.464,1.3945,"OK"
"TCGA-BRCA","e855de31-6adc-423f-9295-3064f2449f35","TCGA-GM-A2DO-01A-11R-A18M-07","TCGA-GM-A2DO","Primary Tumor","JAK3","ENSG00000105639",3011,56.1594,22.1957,21.3269,"OK"
"TCGA-BRCA","e855de31-6adc-423f-9295-3064f2449f35","TCGA-GM-A2DO-01A-11R-A18M-07","TCGA-GM-A2DO","Primary Tumor","EPHB2","ENSG00000133216",417,4.2337,1.6733,1.6078,"OK"
"TCGA-BRCA","e267a6fb-3d15-4658-b464-25438bd41330","TCGA-BH-A28O-01A-11R-A22K-07","TCGA-BH-A28O","Primary Tumor","JAK3","ENSG00000105639",911,8.6932,2.5018,2.4164,"OK"
"TCGA-BRCA","e267a6fb-3d15-4658-b464-25438bd41330","TCGA-BH-A28O-01A-11R-A22K-07","TCGA-BH-A28O","Primary Tumor","EPHB2","ENSG00000133216",433,2.2492,0.6473,0.6252,"OK"
"TCGA-BRCA","885098b3-2e01-4039-ad15-f3dda5c29dc6","TCGA-C8-A274-01A-11R-A16F-07","TCGA-C8-A274","Primary Tumor","JAK3","ENSG00000105639",339,2.2888,0.6911,0.6643,"OK"
"TCGA-BRCA","885098b3-2e01-4039-ad15-f3dda5c29dc6","TCGA-C8-A274-01A-11R-A16F-07","TCGA-C8-A274","Primary Tumor","EPHB2","ENSG00000133216",1585,5.8251,1.759,1.6908,"OK"
"TCGA-BRCA","5c57b96c-909e-468e-bef6-f0375a788fcb","TCGA-AR-A2LL-01A-11R-A180-07","TCGA-AR-A2LL","Primary Tumor","JAK3","ENSG00000105639",325,3.0019,0.8735,0.834,"OK"
"TCGA-BRCA","5c57b96c-909e-468e-bef6-f0375a788fcb","TCGA-AR-A2LL-01A-11R-A180-07","TCGA-AR-A2LL","Primary Tumor","EPHB2","ENSG00000133216",616,3.0971,0.9012,0.8604,"OK"
"TCGA-BRCA","76267112-851f-4f5b-af40-f3c90af1b2ce","TCGA-AN-A0XW-01A-11R-A109-07","TCGA-AN-A0XW","Primary Tumor","JAK3","ENSG00000105639",1377,13.5673,3.7343,3.8539,"OK"
"TCGA-BRCA","76267112-851f-4f5b-af40-f3c90af1b2ce","TCGA-AN-A0XW-01A-11R-A109-07","TCGA-AN-A0XW","Primary Tumor","EPHB2","ENSG00000133216",660,3.5398,0.9743,1.0055,"OK"
"TCGA-BRCA","84225715-14a6-423c-a6d6-15558e151f56","TCGA-3C-AAAU-01A-11R-A41B-07","TCGA-3C-AAAU","Primary Tumor","JAK3","ENSG00000105639",313,3.0772,0.8322,0.7951,"OK"
"TCGA-BRCA","84225715-14a6-423c-a6d6-15558e151f56","TCGA-3C-AAAU-01A-11R-A41B-07","TCGA-3C-AAAU","Primary Tumor","EPHB2","ENSG00000133216",297,1.5894,0.4298,0.4107,"OK"
"TCGA-BRCA","98dc2008-d132-4a88-b428-45b0f715b296","TCGA-LL-A9Q3-01A-11R-A41B-07","TCGA-LL-A9Q3","Primary Tumor","JAK3","ENSG00000105639",367,3.9383,1.3013,1.4341,"OK"
"TCGA-BRCA","98dc2008-d132-4a88-b428-45b0f715b296","TCGA-LL-A9Q3-01A-11R-A41B-07","TCGA-LL-A9Q3","Primary Tumor","EPHB2","ENSG00000133216",452,2.6403,0.8724,0.9614,"OK"
"TCGA-BRCA","192d2e5c-31a1-45aa-8bb5-b33e4f873077","TCGA-A8-A06P-01A-11R-A00Z-07","TCGA-A8-A06P","Primary Tumor","JAK3","ENSG00000105639",517,4.1821,1.1987,1.2446,"OK"
"TCGA-BRCA","192d2e5c-31a1-45aa-8bb5-b33e4f873077","TCGA-A8-A06P-01A-11R-A00Z-07","TCGA-A8-A06P","Primary Tumor","EPHB2","ENSG00000133216",992,4.3681,1.252,1.3,"OK"
"TCGA-BRCA","3aad7b0b-9f82-41d0-b3e5-5614afcac6a8","TCGA-BH-A0HA-11A-31R-A12P-07","TCGA-BH-A0HA","Solid Tissue Normal","JAK3","ENSG00000105639",486,5.4586,1.4458,1.3624,"OK"
"TCGA-BRCA","3aad7b0b-9f82-41d0-b3e5-5614afcac6a8","TCGA-BH-A0HA-11A-31R-A12P-07","TCGA-BH-A0HA","Solid Tissue Normal","EPHB2","ENSG00000133216",152,0.9293,0.2461,0.2319,"OK"
"TCGA-BRCA","fa48dda4-5b65-44fa-b0c3-b02d53d928c5","TCGA-AQ-A7U7-01A-22R-A352-07","TCGA-AQ-A7U7","Primary Tumor","JAK3","ENSG00000105639",3994,42.0647,12.0072,11.219,"OK"
"TCGA-BRCA","fa48dda4-5b65-44fa-b0c3-b02d53d928c5","TCGA-AQ-A7U7-01A-22R-A352-07","TCGA-AQ-A7U7","Primary Tumor","EPHB2","ENSG00000133216",1818,10.4226,2.9751,2.7798,"OK"
"TCGA-BRCA","425a82ae-e0bf-48ae-946f-58ccc2571bfd","TCGA-E2-A1IO-01A-11R-A144-07","TCGA-E2-A1IO","Primary Tumor","JAK3","ENSG00000105639",1213,12.9106,3.2331,3.1623,"OK"
"TCGA-BRCA","425a82ae-e0bf-48ae-946f-58ccc2571bfd","TCGA-E2-A1IO-01A-11R-A144-07","TCGA-E2-A1IO","Primary Tumor","EPHB2","ENSG00000133216",832,4.8204,1.2071,1.1807,"OK"
"TCGA-BRCA","fed0a382-2eee-4acc-af00-53a9fdcd2a61","TCGA-D8-A1XL-01A-11R-A14M-07","TCGA-D8-A1XL","Primary Tumor","JAK3","ENSG00000105639",1210,9.1614,2.8614,2.8108,"OK"
"TCGA-BRCA","fed0a382-2eee-4acc-af00-53a9fdcd2a61","TCGA-D8-A1XL-01A-11R-A14M-07","TCGA-D8-A1XL","Primary Tumor","EPHB2","ENSG00000133216",1279,5.2713,1.6464,1.6173,"OK"
"TCGA-BRCA","9c00a43c-1da0-4e3b-b7e2-54a48d29ecae","TCGA-A1-A0SN-01A-11R-A144-07","TCGA-A1-A0SN","Primary Tumor","JAK3","ENSG00000105639",751,6.9055,1.7217,1.7818,"OK"
"TCGA-BRCA","9c00a43c-1da0-4e3b-b7e2-54a48d29ecae","TCGA-A1-A0SN-01A-11R-A144-07","TCGA-A1-A0SN","Primary Tumor","EPHB2","ENSG00000133216",1874,9.3799,2.3386,2.4203,"OK"
"TCGA-BRCA","89e67cfd-7728-4a0e-bfa5-4c55ae957ef8","TCGA-AR-A2LE-01A-11R-A180-07","TCGA-AR-A2LE","Primary Tumor","JAK3","ENSG00000105639",342,3.2329,1.0455,1.1717,"OK"
"TCGA-BRCA","89e67cfd-7728-4a0e-bfa5-4c55ae957ef8","TCGA-AR-A2LE-01A-11R-A180-07","TCGA-AR-A2LE","Primary Tumor","EPHB2","ENSG00000133216",230,1.1835,0.3828,0.4289,"OK"
"TCGA-BRCA","45702d4f-2d23-4e37-88ad-565e44a18fa2","TCGA-B6-A0RM-01A-11R-A084-07","TCGA-B6-A0RM","Primary Tumor","JAK3","ENSG00000105639",157,1.4492,0.4127,0.3985,"OK"
"TCGA-BRCA","45702d4f-2d23-4e37-88ad-565e44a18fa2","TCGA-B6-A0RM-01A-11R-A084-07","TCGA-B6-A0RM","Primary Tumor","EPHB2","ENSG00000133216",321,1.6129,0.4593,0.4435,"OK"
"TCGA-BRCA","046fe29e-7c99-4093-8565-f2f205a00796","TCGA-BH-A0BM-11A-12R-A089-07","TCGA-BH-A0BM","Solid Tissue Normal","JAK3","ENSG00000105639",493,4.7551,1.462,1.4837,"OK"
"TCGA-BRCA","046fe29e-7c99-4093-8565-f2f205a00796","TCGA-BH-A0BM-11A-12R-A089-07","TCGA-BH-A0BM","Solid Tissue Normal","EPHB2","ENSG00000133216",127,0.6668,0.205,0.2081,"OK"
"TCGA-BRCA","010e405c-b91d-4046-898e-105d5830d9a9","TCGA-E2-A15T-01A-11R-A115-07","TCGA-E2-A15T","Primary Tumor","JAK3","ENSG00000105639",295,2.7212,0.7124,0.6692,"OK"
"TCGA-BRCA","010e405c-b91d-4046-898e-105d5830d9a9","TCGA-E2-A15T-01A-11R-A115-07","TCGA-E2-A15T","Primary Tumor","EPHB2","ENSG00000133216",164,0.8235,0.2156,0.2025,"OK"
"TCGA-BRCA","842b0c9e-a03d-4074-b0fe-be8d0e056c7d","TCGA-GM-A2DF-01A-11R-A180-07","TCGA-GM-A2DF","Primary Tumor","JAK3","ENSG00000105639",1412,8.1279,4.57,5.1526,"OK"
"TCGA-BRCA","842b0c9e-a03d-4074-b0fe-be8d0e056c7d","TCGA-GM-A2DF-01A-11R-A180-07","TCGA-GM-A2DF","Primary Tumor","EPHB2","ENSG00000133216",1087,3.406,1.9151,2.1592,"OK"
"TCGA-BRCA","2e9902c2-e171-465e-ae13-45c413f7515f","TCGA-A1-A0SH-01A-11R-A084-07","TCGA-A1-A0SH","Primary Tumor","JAK3","ENSG00000105639",350,3.169,0.7596,0.932,"OK"
"TCGA-BRCA","2e9902c2-e171-465e-ae13-45c413f7515f","TCGA-A1-A0SH-01A-11R-A084-07","TCGA-A1-A0SH","Primary Tumor","EPHB2","ENSG00000133216",1198,5.9045,1.4154,1.7365,"OK"
"TCGA-BRCA","3d075fc4-5a01-47ce-bef0-a77acf71061d","TCGA-BH-A0BZ-01A-31R-A12P-07","TCGA-BH-A0BZ","Primary Tumor","JAK3","ENSG00000105639",1895,15.0172,4.1955,4.199,"OK"
"TCGA-BRCA","3d075fc4-5a01-47ce-bef0-a77acf71061d","TCGA-BH-A0BZ-01A-31R-A12P-07","TCGA-BH-A0BZ","Primary Tumor","EPHB2","ENSG00000133216",1411,6.0867,1.7005,1.7019,"OK"
"TCGA-BRCA","573241d2-e298-426a-84a0-2c3889bae923","TCGA-BH-A0BZ-11A-61R-A12P-07","TCGA-BH-A0BZ","Solid Tissue Normal","JAK3","ENSG00000105639",591,4.7808,1.4774,1.5483,"OK"
"TCGA-BRCA","573241d2-e298-426a-84a0-2c3889bae923","TCGA-BH-A0BZ-11A-61R-A12P-07","TCGA-BH-A0BZ","Solid Tissue Normal","EPHB2","ENSG00000133216",340,1.4971,0.4627,0.4849,"OK"
"TCGA-BRCA","7efb7266-28ee-41d3-912a-b0f67135216f","TCGA-E2-A14V-01A-11R-A12D-07","TCGA-E2-A14V","Primary Tumor","JAK3","ENSG00000105639",390,3.4058,0.9288,0.9328,"OK"
"TCGA-BRCA","7efb7266-28ee-41d3-912a-b0f67135216f","TCGA-E2-A14V-01A-11R-A12D-07","TCGA-E2-A14V","Primary Tumor","EPHB2","ENSG00000133216",598,2.8427,0.7753,0.7786,"OK"
"TCGA-BRCA","c00ad8a9-ed1d-4289-aa62-3e64cb574205","TCGA-AN-A0FF-01A-11R-A034-07","TCGA-AN-A0FF","Primary Tumor","JAK3","ENSG00000105639",469,4.7443,1.3178,1.2522,"OK"
"TCGA-BRCA","c00ad8a9-ed1d-4289-aa62-3e64cb574205","TCGA-AN-A0FF-01A-11R-A034-07","TCGA-AN-A0FF","Primary Tumor","EPHB2","ENSG00000133216",1069,5.8865,1.635,1.5536,"OK"
"TCGA-BRCA","6b9180f4-bdd0-4118-bff7-0523cad45567","TCGA-D8-A1XD-01A-11R-A14D-07","TCGA-D8-A1XD","Primary Tumor","JAK3","ENSG00000105639",195,2.5966,0.6346,0.6077,"OK"
"TCGA-BRCA","6b9180f4-bdd0-4118-bff7-0523cad45567","TCGA-D8-A1XD-01A-11R-A14D-07","TCGA-D8-A1XD","Primary Tumor","EPHB2","ENSG00000133216",422,3.0588,0.7476,0.7159,"OK"
"TCGA-BRCA","a8a6308d-04e4-47e9-adb6-c895b605ad69","TCGA-E9-A1QZ-01A-21R-A169-07","TCGA-E9-A1QZ","Primary Tumor","JAK3","ENSG00000105639",1871,14.4141,4.2416,4.0607,"OK"
"TCGA-BRCA","a8a6308d-04e4-47e9-adb6-c895b605ad69","TCGA-E9-A1QZ-01A-21R-A169-07","TCGA-E9-A1QZ","Primary Tumor","EPHB2","ENSG00000133216",637,2.6713,0.7861,0.7526,"OK"
"TCGA-BRCA","128bf144-f452-48af-941d-f6069e3bb0bb","TCGA-AR-A1AS-01A-11R-A12P-07","TCGA-AR-A1AS","Primary Tumor","JAK3","ENSG00000105639",154,1.9943,0.5298,0.5074,"OK"
"TCGA-BRCA","128bf144-f452-48af-941d-f6069e3bb0bb","TCGA-AR-A1AS-01A-11R-A12P-07","TCGA-AR-A1AS","Primary Tumor","EPHB2","ENSG00000133216",349,2.4602,0.6535,0.626,"OK"
"TCGA-BRCA","588a95c5-286a-417f-aa76-b4d8b5c055ef","TCGA-D8-A27W-01A-11R-A16F-07","TCGA-D8-A27W","Primary Tumor","JAK3","ENSG00000105639",745,4.4124,1.319,1.3284,"OK"
"TCGA-BRCA","588a95c5-286a-417f-aa76-b4d8b5c055ef","TCGA-D8-A27W-01A-11R-A16F-07","TCGA-D8-A27W","Primary Tumor","EPHB2","ENSG00000133216",1681,5.4195,1.6201,1.6315,"OK"
"TCGA-BRCA","9b47ed32-440b-4e50-93f9-5aeb56f03397","TCGA-AR-A24K-01A-11R-A169-07","TCGA-AR-A24K","Primary Tumor","JAK3","ENSG00000105639",323,2.684,0.6717,0.6743,"OK"
"TCGA-BRCA","9b47ed32-440b-4e50-93f9-5aeb56f03397","TCGA-AR-A24K-01A-11R-A169-07","TCGA-AR-A24K","Primary Tumor","EPHB2","ENSG00000133216",204,0.9228,0.2309,0.2318,"OK"
"TCGA-BRCA","406cb497-badd-4bbe-be62-e1dac7b49180","TCGA-LD-A9QF-01A-32R-A41B-07","TCGA-LD-A9QF","Primary Tumor","JAK3","ENSG00000105639",2586,25.1127,8.4469,9.4278,"OK"
"TCGA-BRCA","406cb497-badd-4bbe-be62-e1dac7b49180","TCGA-LD-A9QF-01A-32R-A41B-07","TCGA-LD-A9QF","Primary Tumor","EPHB2","ENSG00000133216",758,4.0069,1.3478,1.5043,"OK"
"TCGA-BRCA","519b92e0-0dbc-471c-988f-48ce9dc95be3","TCGA-A8-A08S-01A-11R-A034-07","TCGA-A8-A08S","Primary Tumor","JAK3","ENSG00000105639",303,2.4711,0.6767,0.6977,"OK"
"TCGA-BRCA","519b92e0-0dbc-471c-988f-48ce9dc95be3","TCGA-A8-A08S-01A-11R-A034-07","TCGA-A8-A08S","Primary Tumor","EPHB2","ENSG00000133216",1402,6.224,1.7043,1.7572,"OK"
"TCGA-BRCA","2aa3a845-cce2-4fe2-92f7-1fece9e619d5","TCGA-BH-A209-01A-11R-A157-07","TCGA-BH-A209","Primary Tumor","JAK3","ENSG00000105639",3260,20.1149,7.0689,6.9224,"OK"
"TCGA-BRCA","2aa3a845-cce2-4fe2-92f7-1fece9e619d5","TCGA-BH-A209-01A-11R-A157-07","TCGA-BH-A209","Primary Tumor","EPHB2","ENSG00000133216",950,3.1908,1.1213,1.0981,"OK"
"TCGA-BRCA","a8ab2eb8-9da3-494f-b740-dc3f4185acb2","TCGA-A8-A09C-01A-11R-A00Z-07","TCGA-A8-A09C","Primary Tumor","JAK3","ENSG00000105639",356,2.7574,0.8817,0.8861,"OK"
"TCGA-BRCA","a8ab2eb8-9da3-494f-b740-dc3f4185acb2","TCGA-A8-A09C-01A-11R-A00Z-07","TCGA-A8-A09C","Primary Tumor","EPHB2","ENSG00000133216",284,1.1974,0.3829,0.3848,"OK"
"TCGA-BRCA","b9d564b4-4561-44b2-b020-baf106f23baa","TCGA-AO-A1KS-01A-11R-A13Q-07","TCGA-AO-A1KS","Primary Tumor","JAK3","ENSG00000105639",524,4.714,1.2009,1.1584,"OK"
"TCGA-BRCA","b9d564b4-4561-44b2-b020-baf106f23baa","TCGA-AO-A1KS-01A-11R-A13Q-07","TCGA-AO-A1KS","Primary Tumor","EPHB2","ENSG00000133216",924,4.5248,1.1527,1.112,"OK"
"TCGA-BRCA","76367cee-b571-49e5-8121-9e69f906c230","TCGA-A1-A0SG-01A-11R-A144-07","TCGA-A1-A0SG","Primary Tumor","JAK3","ENSG00000105639",544,5.3073,1.4486,1.439,"OK"
"TCGA-BRCA","76367cee-b571-49e5-8121-9e69f906c230","TCGA-A1-A0SG-01A-11R-A144-07","TCGA-A1-A0SG","Primary Tumor","EPHB2","ENSG00000133216",559,2.9687,0.8103,0.8049,"OK"
"TCGA-BRCA","92431faf-af89-4f25-be07-61ac770b9633","TCGA-E9-A1R5-01A-11R-A14M-07","TCGA-E9-A1R5","Primary Tumor","JAK3","ENSG00000105639",182,1.5099,0.4111,0.4153,"OK"
"TCGA-BRCA","92431faf-af89-4f25-be07-61ac770b9633","TCGA-E9-A1R5-01A-11R-A14M-07","TCGA-E9-A1R5","Primary Tumor","EPHB2","ENSG00000133216",364,1.6438,0.4476,0.4521,"OK"
"TCGA-BRCA","b5994562-8eab-43a5-9846-cd3916a9260f","TCGA-AO-A12H-01A-11R-A115-07","TCGA-AO-A12H","Primary Tumor","JAK3","ENSG00000105639",141,1.0203,0.3082,0.3338,"OK"
"TCGA-BRCA","b5994562-8eab-43a5-9846-cd3916a9260f","TCGA-AO-A12H-01A-11R-A115-07","TCGA-AO-A12H","Primary Tumor","EPHB2","ENSG00000133216",620,2.4422,0.7377,0.799,"OK"
"TCGA-BRCA","96e54b36-0b71-4ad0-9b21-72668708fc62","TCGA-E9-A1N6-11A-32R-A144-07","TCGA-E9-A1N6","Solid Tissue Normal","JAK3","ENSG00000105639",744,8.8237,2.4953,2.4214,"OK"
"TCGA-BRCA","96e54b36-0b71-4ad0-9b21-72668708fc62","TCGA-E9-A1N6-11A-32R-A144-07","TCGA-E9-A1N6","Solid Tissue Normal","EPHB2","ENSG00000133216",250,1.6139,0.4564,0.4429,"OK"
"TCGA-BRCA","56209bc1-f94b-4aa4-a9dd-757003f36fd2","TCGA-B6-A0WY-01A-11R-A109-07","TCGA-B6-A0WY","Primary Tumor","JAK3","ENSG00000105639",1061,9.6649,2.6374,2.5039,"OK"
"TCGA-BRCA","56209bc1-f94b-4aa4-a9dd-757003f36fd2","TCGA-B6-A0WY-01A-11R-A109-07","TCGA-B6-A0WY","Primary Tumor","EPHB2","ENSG00000133216",1145,5.6775,1.5493,1.4709,"OK"
"TCGA-BRCA","2a898b49-54b6-4cb6-8af4-fb69d0818562","TCGA-E2-A15I-11A-32R-A137-07","TCGA-E2-A15I","Solid Tissue Normal","JAK3","ENSG00000105639",162,1.3102,0.5026,0.619,"OK"
"TCGA-BRCA","2a898b49-54b6-4cb6-8af4-fb69d0818562","TCGA-E2-A15I-11A-32R-A137-07","TCGA-E2-A15I","Solid Tissue Normal","EPHB2","ENSG00000133216",195,0.8585,0.3293,0.4056,"OK"
"TCGA-BRCA","a3039f53-9e11-4b53-b65e-ea5e14914ef0","TCGA-A2-A0SY-01A-31R-A084-07","TCGA-A2-A0SY","Primary Tumor","JAK3","ENSG00000105639",787,6.6172,1.8797,2.0168,"OK"
"TCGA-BRCA","a3039f53-9e11-4b53-b65e-ea5e14914ef0","TCGA-A2-A0SY-01A-31R-A084-07","TCGA-A2-A0SY","Primary Tumor","EPHB2","ENSG00000133216",839,3.84,1.0908,1.1703,"OK"
"TCGA-BRCA","2ce2b916-b768-424c-a57b-96ab4a77276e","TCGA-A2-A0CV-01A-31R-A115-07","TCGA-A2-A0CV","Primary Tumor","JAK3","ENSG00000105639",787,5.6441,1.6544,1.6482,"OK"
"TCGA-BRCA","2ce2b916-b768-424c-a57b-96ab4a77276e","TCGA-A2-A0CV-01A-31R-A115-07","TCGA-A2-A0CV","Primary Tumor","EPHB2","ENSG00000133216",857,3.3456,0.9806,0.977,"OK"
"TCGA-BRCA","b2f5c7b1-96c1-4928-83e9-4f67ace3158e","TCGA-A2-A04Q-01A-21R-A034-07","TCGA-A2-A04Q","Primary Tumor","JAK3","ENSG00000105639",3901,24.5027,10.5285,11.028,"OK"
"TCGA-BRCA","b2f5c7b1-96c1-4928-83e9-4f67ace3158e","TCGA-A2-A04Q-01A-21R-A034-07","TCGA-A2-A04Q","Primary Tumor","EPHB2","ENSG00000133216",3922,13.4097,5.762,6.0353,"OK"
"TCGA-BRCA","152c8e57-1f2f-464c-ad13-de0f4d81dbff","TCGA-AO-A12C-01A-11R-A10J-07","TCGA-AO-A12C","Primary Tumor","JAK3","ENSG00000105639",277,2.8374,0.7682,0.8425,"OK"
"TCGA-BRCA","152c8e57-1f2f-464c-ad13-de0f4d81dbff","TCGA-AO-A12C-01A-11R-A10J-07","TCGA-AO-A12C","Primary Tumor","EPHB2","ENSG00000133216",373,2.0798,0.5631,0.6176,"OK"
"TCGA-BRCA","df176b72-7266-4eeb-a3ed-8f09199c1963","TCGA-A8-A08G-01A-11R-A00Z-07","TCGA-A8-A08G","Primary Tumor","JAK3","ENSG00000105639",473,3.7432,0.9731,1.0143,"OK"
"TCGA-BRCA","df176b72-7266-4eeb-a3ed-8f09199c1963","TCGA-A8-A08G-01A-11R-A00Z-07","TCGA-A8-A08G","Primary Tumor","EPHB2","ENSG00000133216",1024,4.4112,1.1468,1.1953,"OK"
"TCGA-BRCA","1873c44d-4dcb-41d3-8c3c-dec38f7ac3d1","TCGA-OL-A97C-01A-32R-A41B-07","TCGA-OL-A97C","Primary Tumor","JAK3","ENSG00000105639",1042,19.6281,4.8557,5.1555,"OK"
"TCGA-BRCA","1873c44d-4dcb-41d3-8c3c-dec38f7ac3d1","TCGA-OL-A97C-01A-32R-A41B-07","TCGA-OL-A97C","Primary Tumor","EPHB2","ENSG00000133216",529,5.4242,1.3419,1.4247,"OK"
"TCGA-BRCA","0caa1750-ec80-484f-9097-1e90fbfa41c2","TCGA-E2-A1B0-01A-11R-A12P-07","TCGA-E2-A1B0","Primary Tumor","JAK3","ENSG00000105639",1631,7.9443,2.1586,2.2155,"OK"
"TCGA-BRCA","0caa1750-ec80-484f-9097-1e90fbfa41c2","TCGA-E2-A1B0-01A-11R-A12P-07","TCGA-E2-A1B0","Primary Tumor","EPHB2","ENSG00000133216",1969,5.2206,1.4185,1.4559,"OK"
"TCGA-BRCA","542856ab-164d-4edd-833a-925da96d1eeb","TCGA-BH-A18N-11A-43R-A12D-07","TCGA-BH-A18N","Solid Tissue Normal","JAK3","ENSG00000105639",858,7.3963,2.1107,2.0097,"OK"
"TCGA-BRCA","542856ab-164d-4edd-833a-925da96d1eeb","TCGA-BH-A18N-11A-43R-A12D-07","TCGA-BH-A18N","Solid Tissue Normal","EPHB2","ENSG00000133216",323,1.5157,0.4325,0.4118,"OK"
"TCGA-BRCA","92fc6274-1d0f-4e1c-a124-9e5135753d99","TCGA-A2-A0ER-01A-21R-A034-07","TCGA-A2-A0ER","Primary Tumor","JAK3","ENSG00000105639",349,2.7619,0.6986,0.7599,"OK"
"TCGA-BRCA","92fc6274-1d0f-4e1c-a124-9e5135753d99","TCGA-A2-A0ER-01A-21R-A034-07","TCGA-A2-A0ER","Primary Tumor","EPHB2","ENSG00000133216",404,1.7404,0.4402,0.4788,"OK"
"TCGA-BRCA","4cafa8be-69f1-4c1a-87fb-c71df6de6a74","TCGA-AO-A12A-01A-21R-A115-07","TCGA-AO-A12A","Primary Tumor","JAK3","ENSG00000105639",800,8.1804,2.1177,1.9715,"OK"
"TCGA-BRCA","4cafa8be-69f1-4c1a-87fb-c71df6de6a74","TCGA-AO-A12A-01A-21R-A115-07","TCGA-AO-A12A","Primary Tumor","EPHB2","ENSG00000133216",422,2.3489,0.6081,0.5661,"OK"
"TCGA-BRCA","e37e5793-921d-4930-8f22-ddcd5f881fe6","TCGA-A7-A0CG-01A-12R-A056-07","TCGA-A7-A0CG","Primary Tumor","JAK3","ENSG00000105639",911,8.6309,2.5061,2.5683,"OK"
"TCGA-BRCA","e37e5793-921d-4930-8f22-ddcd5f881fe6","TCGA-A7-A0CG-01A-12R-A056-07","TCGA-A7-A0CG","Primary Tumor","EPHB2","ENSG00000133216",919,4.7394,1.3762,1.4103,"OK"
"TCGA-BRCA","bc23716d-70e8-486e-b512-8c45654d5d83","TCGA-BH-A0E6-01A-11R-A034-07","TCGA-BH-A0E6","Primary Tumor","JAK3","ENSG00000105639",1136,7.9185,3.4361,4.0241,"OK"
"TCGA-BRCA","bc23716d-70e8-486e-b512-8c45654d5d83","TCGA-BH-A0E6-01A-11R-A034-07","TCGA-BH-A0E6","Primary Tumor","EPHB2","ENSG00000133216",233,0.8841,0.3836,0.4493,"OK"
"TCGA-BRCA","b6bbcd01-c1a3-42b8-afe7-c17b987903b0","TCGA-E9-A24A-01A-11R-A169-07","TCGA-E9-A24A","Primary Tumor","JAK3","ENSG00000105639",596,5.021,1.3329,1.2706,"OK"
"TCGA-BRCA","b6bbcd01-c1a3-42b8-afe7-c17b987903b0","TCGA-E9-A24A-01A-11R-A169-07","TCGA-E9-A24A","Primary Tumor","EPHB2","ENSG00000133216",924,4.2373,1.1249,1.0723,"OK"
"TCGA-BRCA","0ba26ef1-7b7d-48c8-a593-75504769791c","TCGA-LL-A441-01A-11R-A24H-07","TCGA-LL-A441","Primary Tumor","JAK3","ENSG00000105639",6983,55.729,16.986,15.4489,"OK"
"TCGA-BRCA","0ba26ef1-7b7d-48c8-a593-75504769791c","TCGA-LL-A441-01A-11R-A24H-07","TCGA-LL-A441","Primary Tumor","EPHB2","ENSG00000133216",945,4.1053,1.2513,1.138,"OK"
"TCGA-BRCA","f8b403a1-37cf-4acb-b5d7-b3437fafa7f8","TCGA-BH-A1EW-01A-11R-A137-07","TCGA-BH-A1EW","Primary Tumor","JAK3","ENSG00000105639",1236,13.7331,3.4723,3.2014,"OK"
"TCGA-BRCA","f8b403a1-37cf-4acb-b5d7-b3437fafa7f8","TCGA-BH-A1EW-01A-11R-A137-07","TCGA-BH-A1EW","Primary Tumor","EPHB2","ENSG00000133216",408,2.4677,0.6239,0.5752,"OK"
"TCGA-BRCA","307261f2-f88f-4658-b6d1-98ef946148e2","TCGA-4H-AAAK-01A-12R-A41B-07","TCGA-4H-AAAK","Primary Tumor","JAK3","ENSG00000105639",406,4.9815,1.2816,1.2744,"OK"
"TCGA-BRCA","307261f2-f88f-4658-b6d1-98ef946148e2","TCGA-4H-AAAK-01A-12R-A41B-07","TCGA-4H-AAAK","Primary Tumor","EPHB2","ENSG00000133216",637,4.2545,1.0946,1.0885,"OK"
"TCGA-BRCA","7dace9fc-28bd-44fb-9e97-6319eb30bb05","TCGA-D8-A1XS-01A-11R-A14M-07","TCGA-D8-A1XS","Primary Tumor","JAK3","ENSG00000105639",478,4.067,1.0113,0.9864,"OK"
"TCGA-BRCA","7dace9fc-28bd-44fb-9e97-6319eb30bb05","TCGA-D8-A1XS-01A-11R-A14M-07","TCGA-D8-A1XS","Primary Tumor","EPHB2","ENSG00000133216",471,2.1814,0.5424,0.5291,"OK"
"TCGA-BRCA","7acdca8d-6231-4077-b7ac-eec857c43092","TCGA-AR-A2LR-01A-12R-A18M-07","TCGA-AR-A2LR","Primary Tumor","JAK3","ENSG00000105639",747,10.5432,2.6124,2.5597,"OK"
"TCGA-BRCA","7acdca8d-6231-4077-b7ac-eec857c43092","TCGA-AR-A2LR-01A-12R-A18M-07","TCGA-AR-A2LR","Primary Tumor","EPHB2","ENSG00000133216",2828,21.7271,5.3836,5.275,"OK"
"TCGA-BRCA","db921dd3-3d39-4b42-b2ff-dbe0f6c9f093","TCGA-GI-A2C8-01A-11R-A16F-07","TCGA-GI-A2C8","Primary Tumor","JAK3","ENSG00000105639",627,4.3754,1.3689,1.491,"OK"
"TCGA-BRCA","db921dd3-3d39-4b42-b2ff-dbe0f6c9f093","TCGA-GI-A2C8-01A-11R-A16F-07","TCGA-GI-A2C8","Primary Tumor","EPHB2","ENSG00000133216",1918,7.2858,2.2795,2.4827,"OK"
"TCGA-BRCA","c6ec90b5-d323-4a55-b48a-c3acf38557ba","TCGA-B6-A1KC-01B-11R-A157-07","TCGA-B6-A1KC","Primary Tumor","JAK3","ENSG00000105639",628,3.6875,1.2844,1.4404,"OK"
"TCGA-BRCA","c6ec90b5-d323-4a55-b48a-c3acf38557ba","TCGA-B6-A1KC-01B-11R-A157-07","TCGA-B6-A1KC","Primary Tumor","EPHB2","ENSG00000133216",1086,3.4712,1.209,1.3559,"OK"
"TCGA-BRCA","9dcf3c95-cc67-4a83-a2c8-12cbce82b9c4","TCGA-A8-A09K-01A-11R-A00Z-07","TCGA-A8-A09K","Primary Tumor","JAK3","ENSG00000105639",748,7.5744,2.3705,2.2005,"OK"
"TCGA-BRCA","9dcf3c95-cc67-4a83-a2c8-12cbce82b9c4","TCGA-A8-A09K-01A-11R-A00Z-07","TCGA-A8-A09K","Primary Tumor","EPHB2","ENSG00000133216",2179,12.011,3.7589,3.4893,"OK"
"TCGA-BRCA","ff570f9a-a252-496d-a452-344063851a7b","TCGA-AC-A2QH-01A-11R-A18M-07","TCGA-AC-A2QH","Primary Tumor","JAK3","ENSG00000105639",502,1.4337,1.2254,1.3884,"OK"
"TCGA-BRCA","ff570f9a-a252-496d-a452-344063851a7b","TCGA-AC-A2QH-01A-11R-A18M-07","TCGA-AC-A2QH","Primary Tumor","EPHB2","ENSG00000133216",4265,6.6303,5.6672,6.4208,"OK"
"TCGA-BRCA","59ce4079-0da6-4339-8861-ad376b150f75","TCGA-A8-A09I-01A-22R-A034-07","TCGA-A8-A09I","Primary Tumor","JAK3","ENSG00000105639",964,4.9159,1.3898,1.3982,"OK"
"TCGA-BRCA","59ce4079-0da6-4339-8861-ad376b150f75","TCGA-A8-A09I-01A-22R-A034-07","TCGA-A8-A09I","Primary Tumor","EPHB2","ENSG00000133216",1665,4.6219,1.3066,1.3146,"OK"
"TCGA-BRCA","61647238-a8c4-4156-af15-c32947983cfd","TCGA-A8-A07I-01A-11R-A00Z-07","TCGA-A8-A07I","Primary Tumor","JAK3","ENSG00000105639",440,5.2688,1.4038,1.3899,"OK"
"TCGA-BRCA","61647238-a8c4-4156-af15-c32947983cfd","TCGA-A8-A07I-01A-11R-A00Z-07","TCGA-A8-A07I","Primary Tumor","EPHB2","ENSG00000133216",674,4.3933,1.1705,1.159,"OK"
"TCGA-BRCA","b54476c3-f6f1-4474-b447-72023ba97687","TCGA-AO-A0J5-01A-11R-A034-07","TCGA-AO-A0J5","Primary Tumor","JAK3","ENSG00000105639",372,2.7278,0.6799,0.7515,"OK"
"TCGA-BRCA","b54476c3-f6f1-4474-b447-72023ba97687","TCGA-AO-A0J5-01A-11R-A034-07","TCGA-AO-A0J5","Primary Tumor","EPHB2","ENSG00000133216",1674,6.6818,1.6654,1.8409,"OK"
"TCGA-BRCA","98ca3aa5-f509-4e55-a184-12e44c8c8464","TCGA-C8-A1HO-01A-11R-A13Q-07","TCGA-C8-A1HO","Primary Tumor","JAK3","ENSG00000105639",258,2.0632,0.5865,0.5714,"OK"
"TCGA-BRCA","98ca3aa5-f509-4e55-a184-12e44c8c8464","TCGA-C8-A1HO-01A-11R-A13Q-07","TCGA-C8-A1HO","Primary Tumor","EPHB2","ENSG00000133216",481,2.0938,0.5952,0.5798,"OK"
"TCGA-BRCA","f2842246-b121-48f0-a8c5-474a8fb47036","TCGA-B6-A0IK-01A-12R-A056-07","TCGA-B6-A0IK","Primary Tumor","JAK3","ENSG00000105639",380,5.5954,1.6242,1.6275,"OK"
"TCGA-BRCA","f2842246-b121-48f0-a8c5-474a8fb47036","TCGA-B6-A0IK-01A-12R-A056-07","TCGA-B6-A0IK","Primary Tumor","EPHB2","ENSG00000133216",203,1.6271,0.4723,0.4733,"OK"
"TCGA-BRCA","097a38f3-a6c5-4267-8648-cd04e2bd9984","TCGA-E9-A247-01A-11R-A169-07","TCGA-E9-A247","Primary Tumor","JAK3","ENSG00000105639",481,3.3579,1.0505,1.0151,"OK"
"TCGA-BRCA","097a38f3-a6c5-4267-8648-cd04e2bd9984","TCGA-E9-A247-01A-11R-A169-07","TCGA-E9-A247","Primary Tumor","EPHB2","ENSG00000133216",544,2.0672,0.6467,0.6249,"OK"
"TCGA-BRCA","5c33730b-be75-452a-ad2f-02eb726d4eae","TCGA-EW-A2FW-01A-11R-A17B-07","TCGA-EW-A2FW","Primary Tumor","JAK3","ENSG00000105639",284,2.8434,0.7868,0.7663,"OK"
"TCGA-BRCA","5c33730b-be75-452a-ad2f-02eb726d4eae","TCGA-EW-A2FW-01A-11R-A17B-07","TCGA-EW-A2FW","Primary Tumor","EPHB2","ENSG00000133216",267,1.4551,0.4027,0.3922,"OK"
"TCGA-BRCA","ddeb1445-08ae-441c-9f2a-4647df1b4ed6","TCGA-D8-A1XU-01A-11R-A14M-07","TCGA-D8-A1XU","Primary Tumor","JAK3","ENSG00000105639",345,2.1257,0.5897,0.7014,"OK"
"TCGA-BRCA","ddeb1445-08ae-441c-9f2a-4647df1b4ed6","TCGA-D8-A1XU-01A-11R-A14M-07","TCGA-D8-A1XU","Primary Tumor","EPHB2","ENSG00000133216",850,2.8509,0.7908,0.9407,"OK"
"TCGA-BRCA","4a5803a6-942a-4992-8b9d-29e1091b10f6","TCGA-EW-A6SD-01A-12R-A33J-07","TCGA-EW-A6SD","Primary Tumor","JAK3","ENSG00000105639",775,6.578,2.2362,2.2904,"OK"
"TCGA-BRCA","4a5803a6-942a-4992-8b9d-29e1091b10f6","TCGA-EW-A6SD-01A-12R-A33J-07","TCGA-EW-A6SD","Primary Tumor","EPHB2","ENSG00000133216",1958,9.0465,3.0754,3.1499,"OK"
"TCGA-BRCA","3d0b3b80-92ae-44dc-89fc-2ead925b81a2","TCGA-AC-A8OP-01A-11R-A36F-07","TCGA-AC-A8OP","Primary Tumor","JAK3","ENSG00000105639",598,7.829,2.2518,2.2123,"OK"
"TCGA-BRCA","3d0b3b80-92ae-44dc-89fc-2ead925b81a2","TCGA-AC-A8OP-01A-11R-A36F-07","TCGA-AC-A8OP","Primary Tumor","EPHB2","ENSG00000133216",1001,7.1336,2.0518,2.0158,"OK"
"TCGA-BRCA","a1516cec-76ec-4a05-97a0-a56ef8490e60","TCGA-A8-A06Q-01A-11R-A034-07","TCGA-A8-A06Q","Primary Tumor","JAK3","ENSG00000105639",351,1.818,0.6182,0.6657,"OK"
"TCGA-BRCA","a1516cec-76ec-4a05-97a0-a56ef8490e60","TCGA-A8-A06Q-01A-11R-A034-07","TCGA-A8-A06Q","Primary Tumor","EPHB2","ENSG00000133216",260,0.733,0.2493,0.2684,"OK"
"TCGA-BRCA","6ce774a5-2636-4a01-ab6e-737f89a4bd4f","TCGA-D8-A1JP-01A-11R-A13Q-07","TCGA-D8-A1JP","Primary Tumor","JAK3","ENSG00000105639",428,5.2538,1.5084,1.4992,"OK"
"TCGA-BRCA","6ce774a5-2636-4a01-ab6e-737f89a4bd4f","TCGA-D8-A1JP-01A-11R-A13Q-07","TCGA-D8-A1JP","Primary Tumor","EPHB2","ENSG00000133216",515,3.4412,0.988,0.982,"OK"
"TCGA-BRCA","9a1c9a5a-7b3f-463b-bc9c-e06107b2aeb7","TCGA-AN-A0FD-01A-11R-A034-07","TCGA-AN-A0FD","Primary Tumor","JAK3","ENSG00000105639",387,3.9151,1.194,1.3446,"OK"
"TCGA-BRCA","9a1c9a5a-7b3f-463b-bc9c-e06107b2aeb7","TCGA-AN-A0FD-01A-11R-A034-07","TCGA-AN-A0FD","Primary Tumor","EPHB2","ENSG00000133216",290,1.597,0.487,0.5485,"OK"
"TCGA-BRCA","fed5e108-cb1a-45b8-88e8-c5ea6a6bd61a","TCGA-AR-A252-01A-11R-A169-07","TCGA-AR-A252","Primary Tumor","JAK3","ENSG00000105639",3250,21.995,7.1254,6.87,"OK"
"TCGA-BRCA","fed5e108-cb1a-45b8-88e8-c5ea6a6bd61a","TCGA-AR-A252-01A-11R-A169-07","TCGA-AR-A252","Primary Tumor","EPHB2","ENSG00000133216",842,3.1019,1.0049,0.9689,"OK"
"TCGA-BRCA","d393af6b-de4b-4ca6-bc06-a29068dfe086","TCGA-B6-A0X5-01A-21R-A109-07","TCGA-B6-A0X5","Primary Tumor","JAK3","ENSG00000105639",83,0.9768,0.3031,0.2631,"OK"
"TCGA-BRCA","d393af6b-de4b-4ca6-bc06-a29068dfe086","TCGA-B6-A0X5-01A-21R-A109-07","TCGA-B6-A0X5","Primary Tumor","EPHB2","ENSG00000133216",107,0.6855,0.2127,0.1847,"OK"
"TCGA-BRCA","e45b755d-1df6-446a-aa05-59ae1960b442","TCGA-A8-A09T-01A-11R-A00Z-07","TCGA-A8-A09T","Primary Tumor","JAK3","ENSG00000105639",50,1.1829,0.3164,0.2815,"OK"
"TCGA-BRCA","e45b755d-1df6-446a-aa05-59ae1960b442","TCGA-A8-A09T-01A-11R-A00Z-07","TCGA-A8-A09T","Primary Tumor","EPHB2","ENSG00000133216",189,2.4339,0.651,0.5792,"OK"
"TCGA-BRCA","ad1ea8c5-ca8b-49e9-a650-6012d71daf24","TCGA-AR-A0TS-01A-11R-A115-07","TCGA-AR-A0TS","Primary Tumor","JAK3","ENSG00000105639",3646,34.3092,9.2152,8.6579,"OK"
"TCGA-BRCA","ad1ea8c5-ca8b-49e9-a650-6012d71daf24","TCGA-AR-A0TS-01A-11R-A115-07","TCGA-AR-A0TS","Primary Tumor","EPHB2","ENSG00000133216",1267,6.49,1.7432,1.6377,"OK"
"TCGA-BRCA","263123b0-ec68-47cd-96dd-4f0795503d89","TCGA-B6-A0IP-01A-11R-A034-07","TCGA-B6-A0IP","Primary Tumor","JAK3","ENSG00000105639",765,5.61,1.6197,1.5463,"OK"
"TCGA-BRCA","263123b0-ec68-47cd-96dd-4f0795503d89","TCGA-B6-A0IP-01A-11R-A034-07","TCGA-B6-A0IP","Primary Tumor","EPHB2","ENSG00000133216",433,1.7285,0.499,0.4764,"OK"
"TCGA-BRCA","ccc7b8e5-7ea4-4efc-81c1-ef6c15acd241","TCGA-AO-A03O-01A-11R-A00Z-07","TCGA-AO-A03O","Primary Tumor","JAK3","ENSG00000105639",525,6.853,1.7749,1.6871,"OK"
"TCGA-BRCA","ccc7b8e5-7ea4-4efc-81c1-ef6c15acd241","TCGA-AO-A03O-01A-11R-A00Z-07","TCGA-AO-A03O","Primary Tumor","EPHB2","ENSG00000133216",561,3.9862,1.0324,0.9814,"OK"
"TCGA-BRCA","ccaa907b-71d5-467e-ace4-f2ea16109202","TCGA-AC-A2FF-11A-13R-A17B-07","TCGA-AC-A2FF","Solid Tissue Normal","JAK3","ENSG00000105639",1390,9.6401,2.818,2.7594,"OK"
"TCGA-BRCA","ccaa907b-71d5-467e-ace4-f2ea16109202","TCGA-AC-A2FF-11A-13R-A17B-07","TCGA-AC-A2FF","Solid Tissue Normal","EPHB2","ENSG00000133216",955,3.6053,1.0539,1.032,"OK"
"TCGA-BRCA","f9432d83-a322-4f5b-9c45-7dad736005a4","TCGA-E9-A22A-01A-11R-A157-07","TCGA-E9-A22A","Primary Tumor","JAK3","ENSG00000105639",1113,6.6041,2.0586,2.3867,"OK"
"TCGA-BRCA","f9432d83-a322-4f5b-9c45-7dad736005a4","TCGA-E9-A22A-01A-11R-A157-07","TCGA-E9-A22A","Primary Tumor","EPHB2","ENSG00000133216",1238,3.9986,1.2464,1.4451,"OK"
"TCGA-BRCA","111b2865-e7dc-45c9-b206-20b5713714bc","TCGA-A8-A08B-01A-11R-A00Z-07","TCGA-A8-A08B","Primary Tumor","JAK3","ENSG00000105639",382,8.1522,2.4591,2.3283,"OK"
"TCGA-BRCA","111b2865-e7dc-45c9-b206-20b5713714bc","TCGA-A8-A08B-01A-11R-A00Z-07","TCGA-A8-A08B","Primary Tumor","EPHB2","ENSG00000133216",207,2.4047,0.7254,0.6868,"OK"
"TCGA-BRCA","9314aa86-3d8d-4709-a6e1-0aa22b21d6b5","TCGA-E9-A6HE-01A-11R-A31O-07","TCGA-E9-A6HE","Primary Tumor","JAK3","ENSG00000105639",261,2.2008,0.6987,0.7731,"OK"
"TCGA-BRCA","9314aa86-3d8d-4709-a6e1-0aa22b21d6b5","TCGA-E9-A6HE-01A-11R-A31O-07","TCGA-E9-A6HE","Primary Tumor","EPHB2","ENSG00000133216",732,3.3599,1.0668,1.1803,"OK"
"TCGA-BRCA","22fdb34e-9f50-4382-9800-e6e35773c538","TCGA-A2-A25B-01A-11R-A169-07","TCGA-A2-A25B","Primary Tumor","JAK3","ENSG00000105639",478,4.2889,1.179,1.1628,"OK"
"TCGA-BRCA","22fdb34e-9f50-4382-9800-e6e35773c538","TCGA-A2-A25B-01A-11R-A169-07","TCGA-A2-A25B","Primary Tumor","EPHB2","ENSG00000133216",538,2.6277,0.7223,0.7124,"OK"
"TCGA-BRCA","eff9c23b-fc85-403c-8e88-86b4def8ced1","TCGA-AC-A4ZE-01A-11R-A41B-07","TCGA-AC-A4ZE","Primary Tumor","JAK3","ENSG00000105639",368,3.4233,0.9777,0.8957,"OK"
"TCGA-BRCA","eff9c23b-fc85-403c-8e88-86b4def8ced1","TCGA-AC-A4ZE-01A-11R-A41B-07","TCGA-AC-A4ZE","Primary Tumor","EPHB2","ENSG00000133216",336,1.7014,0.4859,0.4452,"OK"
"TCGA-BRCA","a25f8ce5-b3f3-4d2d-b862-b703650066fb","TCGA-A2-A0CR-01A-11R-A22K-07","TCGA-A2-A0CR","Primary Tumor","JAK3","ENSG00000105639",5409,41.5971,16.0869,18.1953,"OK"
"TCGA-BRCA","a25f8ce5-b3f3-4d2d-b862-b703650066fb","TCGA-A2-A0CR-01A-11R-A22K-07","TCGA-A2-A0CR","Primary Tumor","EPHB2","ENSG00000133216",1183,4.9523,1.9152,2.1662,"OK"
"TCGA-BRCA","4f4862e1-abfc-4577-bdb2-a96759ef2b53","TCGA-D8-A1JG-01B-11R-A13Q-07","TCGA-D8-A1JG","Primary Tumor","JAK3","ENSG00000105639",1818,9.9737,3.4545,3.4372,"OK"
"TCGA-BRCA","4f4862e1-abfc-4577-bdb2-a96759ef2b53","TCGA-D8-A1JG-01B-11R-A13Q-07","TCGA-D8-A1JG","Primary Tumor","EPHB2","ENSG00000133216",1171,3.497,1.2112,1.2052,"OK"
"TCGA-BRCA","c003fb3b-179c-49b0-8d9a-656c4dc39901","TCGA-E2-A15L-01A-11R-A12D-07","TCGA-E2-A15L","Primary Tumor","JAK3","ENSG00000105639",170,1.6609,0.3976,0.3868,"OK"
"TCGA-BRCA","c003fb3b-179c-49b0-8d9a-656c4dc39901","TCGA-E2-A15L-01A-11R-A12D-07","TCGA-E2-A15L","Primary Tumor","EPHB2","ENSG00000133216",266,1.4147,0.3386,0.3295,"OK"
"TCGA-BRCA","1aa289bb-8ac9-4e9e-be61-3164afbe06a2","TCGA-A7-A6VV-01A-22R-A33J-07","TCGA-A7-A6VV","Primary Tumor","JAK3","ENSG00000105639",835,8.4862,2.1787,2.2655,"OK"
"TCGA-BRCA","1aa289bb-8ac9-4e9e-be61-3164afbe06a2","TCGA-A7-A6VV-01A-22R-A33J-07","TCGA-A7-A6VV","Primary Tumor","EPHB2","ENSG00000133216",1707,9.4435,2.4245,2.521,"OK"
"TCGA-BRCA","e86f9f1b-4e5c-4743-8158-14ec2e83b6f1","TCGA-B6-A0IA-01A-11R-A034-07","TCGA-B6-A0IA","Primary Tumor","JAK3","ENSG00000105639",93,0.6214,0.2228,0.2673,"OK"
"TCGA-BRCA","e86f9f1b-4e5c-4743-8158-14ec2e83b6f1","TCGA-B6-A0IA-01A-11R-A034-07","TCGA-B6-A0IA","Primary Tumor","EPHB2","ENSG00000133216",234,0.851,0.3051,0.3662,"OK"
"TCGA-BRCA","a2cb26d9-70e7-47ca-b019-a5fa136b42f7","TCGA-AN-A0FL-01A-11R-A034-07","TCGA-AN-A0FL","Primary Tumor","JAK3","ENSG00000105639",355,2.635,1.0679,1.2163,"OK"
"TCGA-BRCA","a2cb26d9-70e7-47ca-b019-a5fa136b42f7","TCGA-AN-A0FL-01A-11R-A034-07","TCGA-AN-A0FL","Primary Tumor","EPHB2","ENSG00000133216",115,0.4647,0.1883,0.2145,"OK"
"TCGA-BRCA","73edea85-f978-4c99-b9c3-fda3ffc6a065","TCGA-C8-A12Y-01A-11R-A12D-07","TCGA-C8-A12Y","Primary Tumor","JAK3","ENSG00000105639",728,4.7789,1.5056,1.4946,"OK"
"TCGA-BRCA","73edea85-f978-4c99-b9c3-fda3ffc6a065","TCGA-C8-A12Y-01A-11R-A12D-07","TCGA-C8-A12Y","Primary Tumor","EPHB2","ENSG00000133216",501,1.7902,0.564,0.5599,"OK"
"TCGA-BRCA","d5586fdb-d796-4176-84e3-11a72124b41f","TCGA-D8-A1Y2-01A-11R-A157-07","TCGA-D8-A1Y2","Primary Tumor","JAK3","ENSG00000105639",1718,12.4204,3.8948,4.1489,"OK"
"TCGA-BRCA","d5586fdb-d796-4176-84e3-11a72124b41f","TCGA-D8-A1Y2-01A-11R-A157-07","TCGA-D8-A1Y2","Primary Tumor","EPHB2","ENSG00000133216",1819,7.1584,2.2447,2.3912,"OK"
"TCGA-BRCA","4c60d168-b545-46a8-8c37-81972a537a83","TCGA-C8-A1HN-01A-11R-A137-07","TCGA-C8-A1HN","Primary Tumor","JAK3","ENSG00000105639",262,1.9152,0.5328,0.5003,"OK"
"TCGA-BRCA","4c60d168-b545-46a8-8c37-81972a537a83","TCGA-C8-A1HN-01A-11R-A137-07","TCGA-C8-A1HN","Primary Tumor","EPHB2","ENSG00000133216",983,3.9114,1.0882,1.0217,"OK"
"TCGA-BRCA","0e62a6d0-87a7-4efc-922f-753328694458","TCGA-E2-A1B1-01A-21R-A12P-07","TCGA-E2-A1B1","Primary Tumor","JAK3","ENSG00000105639",2341,13.3619,3.3897,3.3612,"OK"
"TCGA-BRCA","0e62a6d0-87a7-4efc-922f-753328694458","TCGA-E2-A1B1-01A-21R-A12P-07","TCGA-E2-A1B1","Primary Tumor","EPHB2","ENSG00000133216",1621,5.0364,1.2777,1.2669,"OK"
"TCGA-BRCA","5db109b6-dbfe-4ec8-8697-bb7fff5beb4b","TCGA-A8-A08J-01A-11R-A00Z-07","TCGA-A8-A08J","Primary Tumor","JAK3","ENSG00000105639",496,3.7901,1.136,1.1932,"OK"
"TCGA-BRCA","5db109b6-dbfe-4ec8-8697-bb7fff5beb4b","TCGA-A8-A08J-01A-11R-A00Z-07","TCGA-A8-A08J","Primary Tumor","EPHB2","ENSG00000133216",819,3.4066,1.0211,1.0724,"OK"
"TCGA-BRCA","50721c97-1a23-405b-b7b3-2955e4c62e5a","TCGA-E9-A1NF-11A-73R-A14D-07","TCGA-E9-A1NF","Solid Tissue Normal","JAK3","ENSG00000105639",340,3.7844,1.0024,1.0856,"OK"
"TCGA-BRCA","50721c97-1a23-405b-b7b3-2955e4c62e5a","TCGA-E9-A1NF-11A-73R-A14D-07","TCGA-E9-A1NF","Solid Tissue Normal","EPHB2","ENSG00000133216",855,5.1803,1.3721,1.486,"OK"
"TCGA-BRCA","7dcadaff-5d95-4ba6-9ce7-50bb2e5f17aa","TCGA-C8-A138-01A-11R-A115-07","TCGA-C8-A138","Primary Tumor","JAK3","ENSG00000105639",1096,8.8908,3.5918,3.9971,"OK"
"TCGA-BRCA","7dcadaff-5d95-4ba6-9ce7-50bb2e5f17aa","TCGA-C8-A138-01A-11R-A115-07","TCGA-C8-A138","Primary Tumor","EPHB2","ENSG00000133216",521,2.3006,0.9294,1.0343,"OK"
"TCGA-BRCA","b5fc7f21-688b-4764-b0ce-c450ad902e06","TCGA-GM-A5PV-01A-11R-A28M-07","TCGA-GM-A5PV","Primary Tumor","JAK3","ENSG00000105639",321,3.1032,0.9921,0.9566,"OK"
"TCGA-BRCA","b5fc7f21-688b-4764-b0ce-c450ad902e06","TCGA-GM-A5PV-01A-11R-A28M-07","TCGA-GM-A5PV","Primary Tumor","EPHB2","ENSG00000133216",138,0.7262,0.2322,0.2239,"OK"
"TCGA-BRCA","0a688b9b-06ea-4b83-bfce-9cee0d866a0c","TCGA-C8-A12M-01A-11R-A115-07","TCGA-C8-A12M","Primary Tumor","JAK3","ENSG00000105639",393,5.5481,1.4881,1.473,"OK"
"TCGA-BRCA","0a688b9b-06ea-4b83-bfce-9cee0d866a0c","TCGA-C8-A12M-01A-11R-A115-07","TCGA-C8-A12M","Primary Tumor","EPHB2","ENSG00000133216",370,2.8433,0.7627,0.7549,"OK"
"TCGA-BRCA","f2a4b38d-bfc0-4363-9a58-b5fa2af26ff3","TCGA-B6-A0WX-01A-11R-A109-07","TCGA-B6-A0WX","Primary Tumor","JAK3","ENSG00000105639",974,8.4394,2.5856,2.7142,"OK"
"TCGA-BRCA","f2a4b38d-bfc0-4363-9a58-b5fa2af26ff3","TCGA-B6-A0WX-01A-11R-A109-07","TCGA-B6-A0WX","Primary Tumor","EPHB2","ENSG00000133216",1369,6.457,1.9782,2.0766,"OK"
"TCGA-BRCA","9218f3a6-1ae1-4898-8be4-2335a204aae7","TCGA-BH-A0W7-01A-11R-A115-07","TCGA-BH-A0W7","Primary Tumor","JAK3","ENSG00000105639",1212,11.8849,3.6137,3.6397,"OK"
"TCGA-BRCA","9218f3a6-1ae1-4898-8be4-2335a204aae7","TCGA-BH-A0W7-01A-11R-A115-07","TCGA-BH-A0W7","Primary Tumor","EPHB2","ENSG00000133216",1334,7.1207,2.1651,2.1807,"OK"
"TCGA-BRCA","a436c52a-e63f-4d61-bc60-eb497c196489","TCGA-BH-A0HN-01A-11R-A10U-07","TCGA-BH-A0HN","Primary Tumor","JAK3","ENSG00000105639",88,0.9097,0.3212,0.3259,"OK"
"TCGA-BRCA","a436c52a-e63f-4d61-bc60-eb497c196489","TCGA-BH-A0HN-01A-11R-A10U-07","TCGA-BH-A0HN","Primary Tumor","EPHB2","ENSG00000133216",391,2.2002,0.7768,0.7881,"OK"
"TCGA-BRCA","c3f4adee-86da-42fa-b37a-d48d66f89e09","TCGA-A2-A0EQ-01A-11R-A034-07","TCGA-A2-A0EQ","Primary Tumor","JAK3","ENSG00000105639",2921,21.9513,8.4346,8.7177,"OK"
"TCGA-BRCA","c3f4adee-86da-42fa-b37a-d48d66f89e09","TCGA-A2-A0EQ-01A-11R-A034-07","TCGA-A2-A0EQ","Primary Tumor","EPHB2","ENSG00000133216",1012,4.1398,1.5907,1.6441,"OK"
"TCGA-BRCA","c95841fa-ea90-4a12-99aa-5c342af9e0e8","TCGA-BH-A209-11A-42R-A157-07","TCGA-BH-A209","Solid Tissue Normal","JAK3","ENSG00000105639",1159,8.6384,2.5416,2.5151,"OK"
"TCGA-BRCA","c95841fa-ea90-4a12-99aa-5c342af9e0e8","TCGA-BH-A209-11A-42R-A157-07","TCGA-BH-A209","Solid Tissue Normal","EPHB2","ENSG00000133216",666,2.7021,0.795,0.7867,"OK"
"TCGA-BRCA","bb761704-bced-4fd6-9a90-187595b1d005","TCGA-AC-A2FK-01A-12R-A180-07","TCGA-AC-A2FK","Primary Tumor","JAK3","ENSG00000105639",731,9.4069,2.4549,2.2184,"OK"
"TCGA-BRCA","bb761704-bced-4fd6-9a90-187595b1d005","TCGA-AC-A2FK-01A-12R-A180-07","TCGA-AC-A2FK","Primary Tumor","EPHB2","ENSG00000133216",210,1.471,0.3839,0.3469,"OK"
"TCGA-BRCA","aa4bc249-100e-4cf6-8356-1dc96b7dbea9","TCGA-BH-A0B5-01A-11R-A12P-07","TCGA-BH-A0B5","Primary Tumor","JAK3","ENSG00000105639",642,6.7828,1.6889,1.518,"OK"
"TCGA-BRCA","aa4bc249-100e-4cf6-8356-1dc96b7dbea9","TCGA-BH-A0B5-01A-11R-A12P-07","TCGA-BH-A0B5","Primary Tumor","EPHB2","ENSG00000133216",1131,6.5044,1.6196,1.4557,"OK"
"TCGA-BRCA","a17d51b5-c397-4591-a227-dc0425948420","TCGA-GM-A2DK-01A-21R-A180-07","TCGA-GM-A2DK","Primary Tumor","JAK3","ENSG00000105639",761,5.9563,2.3211,2.587,"OK"
"TCGA-BRCA","a17d51b5-c397-4591-a227-dc0425948420","TCGA-GM-A2DK-01A-21R-A180-07","TCGA-GM-A2DK","Primary Tumor","EPHB2","ENSG00000133216",357,1.521,0.5927,0.6606,"OK"
"TCGA-BRCA","ae2e0936-a225-491b-8361-3c20663768d9","TCGA-C8-A131-01A-11R-A115-07","TCGA-C8-A131","Primary Tumor","JAK3","ENSG00000105639",602,5.3091,1.9001,2.1339,"OK"
"TCGA-BRCA","ae2e0936-a225-491b-8361-3c20663768d9","TCGA-C8-A131-01A-11R-A115-07","TCGA-C8-A131","Primary Tumor","EPHB2","ENSG00000133216",936,4.4934,1.6081,1.8061,"OK"
"TCGA-BRCA","1cb0d51d-def6-40ec-9c5f-4a98315b0382","TCGA-A8-A06N-01A-11R-A00Z-07","TCGA-A8-A06N","Primary Tumor","JAK3","ENSG00000105639",112,0.7526,0.1898,0.1787,"OK"
"TCGA-BRCA","1cb0d51d-def6-40ec-9c5f-4a98315b0382","TCGA-A8-A06N-01A-11R-A00Z-07","TCGA-A8-A06N","Primary Tumor","EPHB2","ENSG00000133216",570,2.085,0.5259,0.495,"OK"
"TCGA-BRCA","ece7c643-e0b9-4b65-b6f5-89c414c1bfea","TCGA-D8-A1X6-01A-11R-A14M-07","TCGA-D8-A1X6","Primary Tumor","JAK3","ENSG00000105639",256,1.8575,0.5212,0.4895,"OK"
"TCGA-BRCA","ece7c643-e0b9-4b65-b6f5-89c414c1bfea","TCGA-D8-A1X6-01A-11R-A14M-07","TCGA-D8-A1X6","Primary Tumor","EPHB2","ENSG00000133216",1608,6.3511,1.7821,1.6737,"OK"
"TCGA-BRCA","ed76d903-de08-4060-ab15-b4add3c551f0","TCGA-AN-A046-01A-21R-A034-07","TCGA-AN-A046","Primary Tumor","JAK3","ENSG00000105639",1003,7.16,2.3508,2.7611,"OK"
"TCGA-BRCA","ed76d903-de08-4060-ab15-b4add3c551f0","TCGA-AN-A046-01A-21R-A034-07","TCGA-AN-A046","Primary Tumor","EPHB2","ENSG00000133216",660,2.5646,0.842,0.989,"OK"
"TCGA-BRCA","71175258-a00a-4035-8f33-eb48bf04066f","TCGA-E9-A5UO-01A-11R-A28M-07","TCGA-E9-A5UO","Primary Tumor","JAK3","ENSG00000105639",67,0.7819,0.2124,0.1979,"OK"
"TCGA-BRCA","71175258-a00a-4035-8f33-eb48bf04066f","TCGA-E9-A5UO-01A-11R-A28M-07","TCGA-E9-A5UO","Primary Tumor","EPHB2","ENSG00000133216",89,0.5654,0.1536,0.1431,"OK"
"TCGA-BRCA","02a0b95f-ea0f-4c0d-ba2d-9724ed9ad712","TCGA-EW-A1IX-01A-12R-A144-07","TCGA-EW-A1IX","Primary Tumor","JAK3","ENSG00000105639",450,4.9574,1.188,1.1802,"OK"
"TCGA-BRCA","02a0b95f-ea0f-4c0d-ba2d-9724ed9ad712","TCGA-EW-A1IX-01A-12R-A144-07","TCGA-EW-A1IX","Primary Tumor","EPHB2","ENSG00000133216",555,3.3282,0.7976,0.7923,"OK"
"TCGA-BRCA","8a7fe670-bcef-4fcb-9759-9892ff5f4f61","TCGA-BH-A0BL-01A-11R-A115-07","TCGA-BH-A0BL","Primary Tumor","JAK3","ENSG00000105639",2015,16.6495,4.4322,4.3273,"OK"
"TCGA-BRCA","8a7fe670-bcef-4fcb-9759-9892ff5f4f61","TCGA-BH-A0BL-01A-11R-A115-07","TCGA-BH-A0BL","Primary Tumor","EPHB2","ENSG00000133216",2927,13.165,3.5046,3.4216,"OK"
"TCGA-BRCA","6a40f728-eee2-4777-a8e0-67fd6f9f7927","TCGA-AN-A0XP-01A-11R-A109-07","TCGA-AN-A0XP","Primary Tumor","JAK3","ENSG00000105639",281,2.495,0.6963,0.6675,"OK"
"TCGA-BRCA","6a40f728-eee2-4777-a8e0-67fd6f9f7927","TCGA-AN-A0XP-01A-11R-A109-07","TCGA-AN-A0XP","Primary Tumor","EPHB2","ENSG00000133216",488,2.3586,0.6582,0.631,"OK"
"TCGA-BRCA","81f86e31-55db-4483-b6e0-55451ffbd1db","TCGA-AO-A03M-01B-11R-A10J-07","TCGA-AO-A03M","Primary Tumor","JAK3","ENSG00000105639",1641,11.2911,3.2567,3.236,"OK"
"TCGA-BRCA","81f86e31-55db-4483-b6e0-55451ffbd1db","TCGA-AO-A03M-01B-11R-A10J-07","TCGA-AO-A03M","Primary Tumor","EPHB2","ENSG00000133216",1926,7.2137,2.0806,2.0674,"OK"
"TCGA-BRCA","8e475a5c-0a90-4c31-a472-b1ae0946633d","TCGA-AR-A1AL-01A-21R-A12P-07","TCGA-AR-A1AL","Primary Tumor","JAK3","ENSG00000105639",878,9.1485,2.2442,2.0062,"OK"
"TCGA-BRCA","8e475a5c-0a90-4c31-a472-b1ae0946633d","TCGA-AR-A1AL-01A-21R-A12P-07","TCGA-AR-A1AL","Primary Tumor","EPHB2","ENSG00000133216",535,3.0345,0.7444,0.6654,"OK"
"TCGA-BRCA","e2a43c17-8973-49bc-a1f3-30afa26ef5f1","TCGA-B6-A0IC-01A-11R-A034-07","TCGA-B6-A0IC","Primary Tumor","JAK3","ENSG00000105639",67,0.5007,0.1336,0.1175,"OK"
"TCGA-BRCA","e2a43c17-8973-49bc-a1f3-30afa26ef5f1","TCGA-B6-A0IC-01A-11R-A034-07","TCGA-B6-A0IC","Primary Tumor","EPHB2","ENSG00000133216",330,1.3424,0.3583,0.315,"OK"
"TCGA-BRCA","70c9af7f-8a58-434f-8f45-098ef0450319","TCGA-BH-A1ES-01A-11R-A137-07","TCGA-BH-A1ES","Primary Tumor","JAK3","ENSG00000105639",106,2.7576,0.6843,0.636,"OK"
"TCGA-BRCA","70c9af7f-8a58-434f-8f45-098ef0450319","TCGA-BH-A1ES-01A-11R-A137-07","TCGA-BH-A1ES","Primary Tumor","EPHB2","ENSG00000133216",226,3.2004,0.7941,0.7382,"OK"
"TCGA-BRCA","1936f1a9-66bc-4e48-8189-f0e3a67a5593","TCGA-BH-A0DT-01A-21R-A12D-07","TCGA-BH-A0DT","Primary Tumor","JAK3","ENSG00000105639",894,9.8171,2.622,2.4736,"OK"
"TCGA-BRCA","1936f1a9-66bc-4e48-8189-f0e3a67a5593","TCGA-BH-A0DT-01A-21R-A12D-07","TCGA-BH-A0DT","Primary Tumor","EPHB2","ENSG00000133216",367,2.1937,0.5859,0.5528,"OK"
"TCGA-BRCA","da333184-1ddd-4cd7-9c0d-e4526a03a1c9","TCGA-A8-A0A9-01A-11R-A00Z-07","TCGA-A8-A0A9","Primary Tumor","JAK3","ENSG00000105639",466,3.7719,0.9956,0.9651,"OK"
"TCGA-BRCA","da333184-1ddd-4cd7-9c0d-e4526a03a1c9","TCGA-A8-A0A9-01A-11R-A00Z-07","TCGA-A8-A0A9","Primary Tumor","EPHB2","ENSG00000133216",686,3.0225,0.7978,0.7733,"OK"
"TCGA-BRCA","9684fb22-becb-44dc-8d84-4c8540507c8c","TCGA-C8-A12X-01A-11R-A115-07","TCGA-C8-A12X","Primary Tumor","JAK3","ENSG00000105639",148,2.6041,0.8067,0.7653,"OK"
"TCGA-BRCA","9684fb22-becb-44dc-8d84-4c8540507c8c","TCGA-C8-A12X-01A-11R-A115-07","TCGA-C8-A12X","Primary Tumor","EPHB2","ENSG00000133216",221,2.1167,0.6557,0.622,"OK"
"TCGA-BRCA","bd86e2d9-6098-4f78-9e9b-f2f95367c739","TCGA-AC-A2BK-01A-11R-A21T-07","TCGA-AC-A2BK","Primary Tumor","JAK3","ENSG00000105639",198,2.0393,0.5259,0.4765,"OK"
"TCGA-BRCA","bd86e2d9-6098-4f78-9e9b-f2f95367c739","TCGA-AC-A2BK-01A-11R-A21T-07","TCGA-AC-A2BK","Primary Tumor","EPHB2","ENSG00000133216",1979,11.0954,2.8611,2.5926,"OK"
"TCGA-BRCA","2a3dc057-3c00-405e-a18f-23e8c43494d4","TCGA-E2-A15A-01A-11R-A12D-07","TCGA-E2-A15A","Primary Tumor","JAK3","ENSG00000105639",882,7.4634,2.1019,2.034,"OK"
"TCGA-BRCA","2a3dc057-3c00-405e-a18f-23e8c43494d4","TCGA-E2-A15A-01A-11R-A12D-07","TCGA-E2-A15A","Primary Tumor","EPHB2","ENSG00000133216",1330,6.1262,1.7253,1.6696,"OK"
"TCGA-BRCA","0648c6fc-df6d-450a-a5a0-e5655febbdf1","TCGA-E2-A14N-01A-31R-A137-07","TCGA-E2-A14N","Primary Tumor","JAK3","ENSG00000105639",664,6.0688,2.0695,2.1857,"OK"
"TCGA-BRCA","0648c6fc-df6d-450a-a5a0-e5655febbdf1","TCGA-E2-A14N-01A-31R-A137-07","TCGA-E2-A14N","Primary Tumor","EPHB2","ENSG00000133216",262,1.3035,0.4445,0.4695,"OK"
"TCGA-BRCA","ee447251-5c90-426f-a0c7-bd2041189761","TCGA-Z7-A8R5-01A-42R-A41B-07","TCGA-Z7-A8R5","Primary Tumor","JAK3","ENSG00000105639",2131,25.0193,8.8831,9.6406,"OK"
"TCGA-BRCA","ee447251-5c90-426f-a0c7-bd2041189761","TCGA-Z7-A8R5-01A-42R-A41B-07","TCGA-Z7-A8R5","Primary Tumor","EPHB2","ENSG00000133216",297,1.8981,0.6739,0.7314,"OK"
"TCGA-BRCA","64bfe46f-8152-4c70-b69d-ea412a4dfcff","TCGA-A2-A0D2-01A-21R-A034-07","TCGA-A2-A0D2","Primary Tumor","JAK3","ENSG00000105639",1010,9.5884,2.7707,2.7285,"OK"
"TCGA-BRCA","64bfe46f-8152-4c70-b69d-ea412a4dfcff","TCGA-A2-A0D2-01A-21R-A034-07","TCGA-A2-A0D2","Primary Tumor","EPHB2","ENSG00000133216",457,2.3616,0.6824,0.672,"OK"
"TCGA-BRCA","5997bdf5-2741-42c5-a01c-807864504c55","TCGA-C8-A8HQ-01A-11R-A36F-07","TCGA-C8-A8HQ","Primary Tumor","JAK3","ENSG00000105639",1296,10.7268,3.1562,3.2792,"OK"
"TCGA-BRCA","5997bdf5-2741-42c5-a01c-807864504c55","TCGA-C8-A8HQ-01A-11R-A36F-07","TCGA-C8-A8HQ","Primary Tumor","EPHB2","ENSG00000133216",488,2.1987,0.6469,0.6721,"OK"
"TCGA-BRCA","bab81011-81b1-4fa4-bda1-fddec99245f5","TCGA-A2-A4S2-01A-12R-A266-07","TCGA-A2-A4S2","Primary Tumor","JAK3","ENSG00000105639",891,13.0654,3.538,3.1689,"OK"
"TCGA-BRCA","bab81011-81b1-4fa4-bda1-fddec99245f5","TCGA-A2-A4S2-01A-12R-A266-07","TCGA-A2-A4S2","Primary Tumor","EPHB2","ENSG00000133216",857,6.8407,1.8524,1.6592,"OK"
"TCGA-BRCA","a853d2bb-b696-493a-9451-59dcedde5f20","TCGA-AC-A3TM-01A-11R-A22K-07","TCGA-AC-A3TM","Primary Tumor","JAK3","ENSG00000105639",820,7.459,2.542,2.7913,"OK"
"TCGA-BRCA","a853d2bb-b696-493a-9451-59dcedde5f20","TCGA-AC-A3TM-01A-11R-A22K-07","TCGA-AC-A3TM","Primary Tumor","EPHB2","ENSG00000133216",562,2.7828,0.9484,1.0413,"OK"
"TCGA-BRCA","236805b9-ea89-43b4-ba51-c09276778e90","TCGA-LL-A5YP-01A-21R-A28M-07","TCGA-LL-A5YP","Primary Tumor","JAK3","ENSG00000105639",678,8.0287,2.2686,2.2698,"OK"
"TCGA-BRCA","236805b9-ea89-43b4-ba51-c09276778e90","TCGA-LL-A5YP-01A-21R-A28M-07","TCGA-LL-A5YP","Primary Tumor","EPHB2","ENSG00000133216",980,6.3171,1.7849,1.7859,"OK"
"TCGA-BRCA","4c9005a5-2cca-4cc3-9a6d-09eb76d780ab","TCGA-D8-A1JA-01A-11R-A13Q-07","TCGA-D8-A1JA","Primary Tumor","JAK3","ENSG00000105639",1031,7.9262,1.9551,1.9881,"OK"
"TCGA-BRCA","4c9005a5-2cca-4cc3-9a6d-09eb76d780ab","TCGA-D8-A1JA-01A-11R-A13Q-07","TCGA-D8-A1JA","Primary Tumor","EPHB2","ENSG00000133216",709,2.9671,0.7319,0.7442,"OK"
"TCGA-BRCA","6d505305-dc5f-4dc7-8721-817f444ff7ee","TCGA-AN-A04C-01A-21R-A034-07","TCGA-AN-A04C","Primary Tumor","JAK3","ENSG00000105639",626,3.8544,1.4125,1.6369,"OK"
"TCGA-BRCA","6d505305-dc5f-4dc7-8721-817f444ff7ee","TCGA-AN-A04C-01A-21R-A034-07","TCGA-AN-A04C","Primary Tumor","EPHB2","ENSG00000133216",332,1.1128,0.4078,0.4726,"OK"
"TCGA-BRCA","e5393dc3-65d0-4d65-bb75-2fed770af595","TCGA-D8-A27E-01A-11R-A16F-07","TCGA-D8-A27E","Primary Tumor","JAK3","ENSG00000105639",484,3.4681,0.975,1.0091,"OK"
"TCGA-BRCA","e5393dc3-65d0-4d65-bb75-2fed770af595","TCGA-D8-A27E-01A-11R-A16F-07","TCGA-D8-A27E","Primary Tumor","EPHB2","ENSG00000133216",435,1.6967,0.477,0.4937,"OK"
"TCGA-BRCA","23ac8b84-f000-45ea-ad35-a46323d3670a","TCGA-A7-A26J-01A-11R-A169-07","TCGA-A7-A26J","Primary Tumor","JAK3","ENSG00000105639",336,2.8327,0.7018,0.6565,"OK"
"TCGA-BRCA","23ac8b84-f000-45ea-ad35-a46323d3670a","TCGA-A7-A26J-01A-11R-A169-07","TCGA-A7-A26J","Primary Tumor","EPHB2","ENSG00000133216",2598,11.9225,2.9539,2.763,"OK"
"TCGA-BRCA","0019c951-16c5-48d0-85c8-58d96b12d330","TCGA-D8-A1XO-01A-11R-A14M-07","TCGA-D8-A1XO","Primary Tumor","JAK3","ENSG00000105639",330,2.8266,0.6815,0.6552,"OK"
"TCGA-BRCA","0019c951-16c5-48d0-85c8-58d96b12d330","TCGA-D8-A1XO-01A-11R-A14M-07","TCGA-D8-A1XO","Primary Tumor","EPHB2","ENSG00000133216",806,3.7581,0.906,0.8711,"OK"
"TCGA-BRCA","0972f396-9045-4faa-98f8-e8c3e02f9901","TCGA-BH-A1F2-11A-32R-A13Q-07","TCGA-BH-A1F2","Solid Tissue Normal","JAK3","ENSG00000105639",789,4.4354,1.4533,1.6151,"OK"
"TCGA-BRCA","0972f396-9045-4faa-98f8-e8c3e02f9901","TCGA-BH-A1F2-11A-32R-A13Q-07","TCGA-BH-A1F2","Solid Tissue Normal","EPHB2","ENSG00000133216",753,2.3042,0.755,0.8391,"OK"
"TCGA-BRCA","2e753306-2df6-4666-b1ce-06992d109d02","TCGA-A1-A0SO-01A-22R-A084-07","TCGA-A1-A0SO","Primary Tumor","JAK3","ENSG00000105639",455,3.5331,1.0041,0.9213,"OK"
"TCGA-BRCA","2e753306-2df6-4666-b1ce-06992d109d02","TCGA-A1-A0SO-01A-22R-A084-07","TCGA-A1-A0SO","Primary Tumor","EPHB2","ENSG00000133216",780,3.297,0.937,0.8597,"OK"
"TCGA-BRCA","ae7a394e-b030-46d3-8cf2-c378c0afdc81","TCGA-C8-A12W-01A-11R-A115-07","TCGA-C8-A12W","Primary Tumor","JAK3","ENSG00000105639",526,5.8781,1.6536,1.6567,"OK"
"TCGA-BRCA","ae7a394e-b030-46d3-8cf2-c378c0afdc81","TCGA-C8-A12W-01A-11R-A115-07","TCGA-C8-A12W","Primary Tumor","EPHB2","ENSG00000133216",1331,8.0967,2.2777,2.282,"OK"
"TCGA-BRCA","e914127b-20a0-4ef1-a614-06b697da648c","TCGA-AC-A2FB-11A-13R-A17B-07","TCGA-AC-A2FB","Solid Tissue Normal","JAK3","ENSG00000105639",847,5.6689,1.7462,1.8388,"OK"
"TCGA-BRCA","e914127b-20a0-4ef1-a614-06b697da648c","TCGA-AC-A2FB-11A-13R-A17B-07","TCGA-AC-A2FB","Solid Tissue Normal","EPHB2","ENSG00000133216",812,2.9583,0.9112,0.9596,"OK"
"TCGA-BRCA","2b519fff-dd2a-458e-ac2b-573167aeb7f2","TCGA-A7-A26E-01A-11R-A169-07","TCGA-A7-A26E","Primary Tumor","JAK3","ENSG00000105639",355,2.7429,0.6769,0.6552,"OK"
"TCGA-BRCA","2b519fff-dd2a-458e-ac2b-573167aeb7f2","TCGA-A7-A26E-01A-11R-A169-07","TCGA-A7-A26E","Primary Tumor","EPHB2","ENSG00000133216",1409,5.9261,1.4624,1.4157,"OK"
"TCGA-BRCA","87af5cf5-08e6-443b-a23b-6221f7433a65","TCGA-C8-A12K-01A-21R-A115-07","TCGA-C8-A12K","Primary Tumor","JAK3","ENSG00000105639",3204,23.5458,7.3972,7.2389,"OK"
"TCGA-BRCA","87af5cf5-08e6-443b-a23b-6221f7433a65","TCGA-C8-A12K-01A-21R-A115-07","TCGA-C8-A12K","Primary Tumor","EPHB2","ENSG00000133216",2864,11.4569,3.5993,3.5223,"OK"
"TCGA-BRCA","f0107961-a5e1-46ec-b232-a47f0049bc5f","TCGA-AR-A24O-01A-11R-A169-07","TCGA-AR-A24O","Primary Tumor","JAK3","ENSG00000105639",754,7.1124,1.8386,1.8347,"OK"
"TCGA-BRCA","f0107961-a5e1-46ec-b232-a47f0049bc5f","TCGA-AR-A24O-01A-11R-A169-07","TCGA-AR-A24O","Primary Tumor","EPHB2","ENSG00000133216",1170,6.0076,1.553,1.5497,"OK"
"TCGA-BRCA","2d5b0962-b5c4-4482-9f28-47e4dcdb6df6","TCGA-5L-AAT1-01A-12R-A41B-07","TCGA-5L-AAT1","Primary Tumor","JAK3","ENSG00000105639",834,17.2403,5.2016,5.0924,"OK"
"TCGA-BRCA","2d5b0962-b5c4-4482-9f28-47e4dcdb6df6","TCGA-5L-AAT1-01A-12R-A41B-07","TCGA-5L-AAT1","Primary Tumor","EPHB2","ENSG00000133216",414,4.6586,1.4056,1.376,"OK"
"TCGA-BRCA","45584684-6082-422f-abe5-ef918f8ee77a","TCGA-A8-A06T-01A-11R-A00Z-07","TCGA-A8-A06T","Primary Tumor","JAK3","ENSG00000105639",726,5.4214,1.5074,1.3909,"OK"
"TCGA-BRCA","45584684-6082-422f-abe5-ef918f8ee77a","TCGA-A8-A06T-01A-11R-A00Z-07","TCGA-A8-A06T","Primary Tumor","EPHB2","ENSG00000133216",310,1.2601,0.3504,0.3233,"OK"
"TCGA-BRCA","068841a8-af6a-4925-bad0-586005f59521","TCGA-A8-A06U-01A-11R-A00Z-07","TCGA-A8-A06U","Primary Tumor","JAK3","ENSG00000105639",447,3.6254,1.2796,1.3101,"OK"
"TCGA-BRCA","068841a8-af6a-4925-bad0-586005f59521","TCGA-A8-A06U-01A-11R-A00Z-07","TCGA-A8-A06U","Primary Tumor","EPHB2","ENSG00000133216",624,2.7549,0.9724,0.9955,"OK"
"TCGA-BRCA","7286a685-17ef-4ef5-9b7b-2696c6e7e1a6","TCGA-PL-A8LV-01A-21R-A41B-07","TCGA-PL-A8LV","Primary Tumor","JAK3","ENSG00000105639",1401,9.3279,4.1413,4.7278,"OK"
"TCGA-BRCA","7286a685-17ef-4ef5-9b7b-2696c6e7e1a6","TCGA-PL-A8LV-01A-21R-A41B-07","TCGA-PL-A8LV","Primary Tumor","EPHB2","ENSG00000133216",816,2.9574,1.313,1.4989,"OK"
"TCGA-BRCA","4bb6eb79-4256-4b19-b158-883da969a582","TCGA-AR-A0U0-01A-11R-A109-07","TCGA-AR-A0U0","Primary Tumor","JAK3","ENSG00000105639",1566,14.9469,4.8182,4.4507,"OK"
"TCGA-BRCA","4bb6eb79-4256-4b19-b158-883da969a582","TCGA-AR-A0U0-01A-11R-A109-07","TCGA-AR-A0U0","Primary Tumor","EPHB2","ENSG00000133216",756,3.9278,1.2662,1.1696,"OK"
"TCGA-BRCA","67d73608-5dfb-41c1-85d3-52f1eba7daa2","TCGA-AO-A1KQ-01A-11R-A13Q-07","TCGA-AO-A1KQ","Primary Tumor","JAK3","ENSG00000105639",751,7.9218,2.6727,2.7337,"OK"
"TCGA-BRCA","67d73608-5dfb-41c1-85d3-52f1eba7daa2","TCGA-AO-A1KQ-01A-11R-A13Q-07","TCGA-AO-A1KQ","Primary Tumor","EPHB2","ENSG00000133216",346,1.9867,0.6703,0.6856,"OK"
"TCGA-BRCA","58037e4a-a82f-42a9-84a1-715966343bd4","TCGA-E9-A1R2-01A-11R-A14D-07","TCGA-E9-A1R2","Primary Tumor","JAK3","ENSG00000105639",521,6.7436,1.8158,1.6839,"OK"
"TCGA-BRCA","58037e4a-a82f-42a9-84a1-715966343bd4","TCGA-E9-A1R2-01A-11R-A14D-07","TCGA-E9-A1R2","Primary Tumor","EPHB2","ENSG00000133216",935,6.5877,1.7739,1.645,"OK"
"TCGA-BRCA","836f61df-2b3d-4e1f-abcc-37734091b746","TCGA-BH-A18L-01A-32R-A12D-07","TCGA-BH-A18L","Primary Tumor","JAK3","ENSG00000105639",208,1.7495,0.4619,0.4398,"OK"
"TCGA-BRCA","836f61df-2b3d-4e1f-abcc-37734091b746","TCGA-BH-A18L-01A-32R-A12D-07","TCGA-BH-A18L","Primary Tumor","EPHB2","ENSG00000133216",454,2.0787,0.5488,0.5225,"OK"
"TCGA-BRCA","54a6b5bc-f788-4bea-b92c-e4dc9c71d99e","TCGA-E2-A1IG-01A-11R-A144-07","TCGA-E2-A1IG","Primary Tumor","JAK3","ENSG00000105639",568,6.0213,1.618,1.6452,"OK"
"TCGA-BRCA","54a6b5bc-f788-4bea-b92c-e4dc9c71d99e","TCGA-E2-A1IG-01A-11R-A144-07","TCGA-E2-A1IG","Primary Tumor","EPHB2","ENSG00000133216",945,5.4531,1.4653,1.49,"OK"
"TCGA-BRCA","0877bc64-fbf4-427f-a889-21a4a9102600","TCGA-D8-A1XV-01A-11R-A14M-07","TCGA-D8-A1XV","Primary Tumor","JAK3","ENSG00000105639",79,0.6297,0.255,0.2947,"OK"
"TCGA-BRCA","0877bc64-fbf4-427f-a889-21a4a9102600","TCGA-D8-A1XV-01A-11R-A14M-07","TCGA-D8-A1XV","Primary Tumor","EPHB2","ENSG00000133216",55,0.2386,0.0967,0.1117,"OK"
"TCGA-BRCA","0437af11-bb89-4901-9764-bb410c2e94c5","TCGA-BH-A1FD-01A-11R-A13Q-07","TCGA-BH-A1FD","Primary Tumor","JAK3","ENSG00000105639",389,2.9547,0.8256,0.8178,"OK"
"TCGA-BRCA","0437af11-bb89-4901-9764-bb410c2e94c5","TCGA-BH-A1FD-01A-11R-A13Q-07","TCGA-BH-A1FD","Primary Tumor","EPHB2","ENSG00000133216",1012,4.1842,1.1691,1.1581,"OK"
"TCGA-BRCA","b8c05229-16e4-4888-9f44-556c5570a4af","TCGA-AR-A2LM-01A-11R-A180-07","TCGA-AR-A2LM","Primary Tumor","JAK3","ENSG00000105639",735,6.8583,1.6098,1.5488,"OK"
"TCGA-BRCA","b8c05229-16e4-4888-9f44-556c5570a4af","TCGA-AR-A2LM-01A-11R-A180-07","TCGA-AR-A2LM","Primary Tumor","EPHB2","ENSG00000133216",1011,5.1352,1.2053,1.1597,"OK"
"TCGA-BRCA","e3a49d98-c7d6-45a1-a8cb-33bab31186c2","TCGA-D8-A27R-01A-11R-A16F-07","TCGA-D8-A27R","Primary Tumor","JAK3","ENSG00000105639",1216,8.4399,2.4562,2.4227,"OK"
"TCGA-BRCA","e3a49d98-c7d6-45a1-a8cb-33bab31186c2","TCGA-D8-A27R-01A-11R-A16F-07","TCGA-D8-A27R","Primary Tumor","EPHB2","ENSG00000133216",1277,4.8246,1.4041,1.3849,"OK"
"TCGA-BRCA","bbe70939-24be-4397-a125-510cad51337c","TCGA-A8-A07S-01A-11R-A034-07","TCGA-A8-A07S","Primary Tumor","JAK3","ENSG00000105639",187,1.8026,0.4748,0.4524,"OK"
"TCGA-BRCA","bbe70939-24be-4397-a125-510cad51337c","TCGA-A8-A07S-01A-11R-A034-07","TCGA-A8-A07S","Primary Tumor","EPHB2","ENSG00000133216",595,3.1221,0.8223,0.7836,"OK"
"TCGA-BRCA","da2cff7a-9b9d-4ae8-aa49-d717a77906e1","TCGA-A2-A0CO-01A-13R-A22K-07","TCGA-A2-A0CO","Primary Tumor","JAK3","ENSG00000105639",2791,26.9446,8.3325,8.0811,"OK"
"TCGA-BRCA","da2cff7a-9b9d-4ae8-aa49-d717a77906e1","TCGA-A2-A0CO-01A-13R-A22K-07","TCGA-A2-A0CO","Primary Tumor","EPHB2","ENSG00000133216",887,4.6613,1.4415,1.398,"OK"
"TCGA-BRCA","0e56b380-a3d6-4e81-8299-9f8a62330d7b","TCGA-BH-A0DI-01A-21R-A12P-07","TCGA-BH-A0DI","Primary Tumor","JAK3","ENSG00000105639",813,8.3431,2.2377,2.4826,"OK"
"TCGA-BRCA","0e56b380-a3d6-4e81-8299-9f8a62330d7b","TCGA-BH-A0DI-01A-21R-A12P-07","TCGA-BH-A0DI","Primary Tumor","EPHB2","ENSG00000133216",1214,6.7815,1.8189,2.0179,"OK"
"TCGA-BRCA","17b87e41-8f42-48d8-90f8-d2c9b8553481","TCGA-BH-A0BS-01A-11R-A12P-07","TCGA-BH-A0BS","Primary Tumor","JAK3","ENSG00000105639",116,1.09,0.28,0.2728,"OK"
"TCGA-BRCA","17b87e41-8f42-48d8-90f8-d2c9b8553481","TCGA-BH-A0BS-01A-11R-A12P-07","TCGA-BH-A0BS","Primary Tumor","EPHB2","ENSG00000133216",169,0.8644,0.2221,0.2164,"OK"
"TCGA-BRCA","a6f96d96-c761-4e98-9120-25138aa43e67","TCGA-E2-A15R-01A-11R-A115-07","TCGA-E2-A15R","Primary Tumor","JAK3","ENSG00000105639",144,1.0253,0.2585,0.2403,"OK"
"TCGA-BRCA","a6f96d96-c761-4e98-9120-25138aa43e67","TCGA-E2-A15R-01A-11R-A115-07","TCGA-E2-A15R","Primary Tumor","EPHB2","ENSG00000133216",2290,8.8754,2.2375,2.08,"OK"
"TCGA-BRCA","65582670-1c71-4606-91b5-a886144fdfa6","TCGA-E9-A1NA-11A-33R-A144-07","TCGA-E9-A1NA","Solid Tissue Normal","JAK3","ENSG00000105639",974,8.9864,2.6154,2.6918,"OK"
"TCGA-BRCA","65582670-1c71-4606-91b5-a886144fdfa6","TCGA-E9-A1NA-11A-33R-A144-07","TCGA-E9-A1NA","Solid Tissue Normal","EPHB2","ENSG00000133216",530,2.6618,0.7747,0.7973,"OK"
"TCGA-BRCA","ea4c3031-5f48-4048-90ff-a525271cfebc","TCGA-BH-A0W5-01A-11R-A109-07","TCGA-BH-A0W5","Primary Tumor","JAK3","ENSG00000105639",3554,31.51,9.3382,8.6396,"OK"
"TCGA-BRCA","ea4c3031-5f48-4048-90ff-a525271cfebc","TCGA-BH-A0W5-01A-11R-A109-07","TCGA-BH-A0W5","Primary Tumor","EPHB2","ENSG00000133216",675,3.2577,0.9654,0.8932,"OK"
"TCGA-BRCA","e3e859ed-2cc7-4842-a9dd-72938cd2170c","TCGA-AR-A24T-01A-11R-A169-07","TCGA-AR-A24T","Primary Tumor","JAK3","ENSG00000105639",531,4.9997,1.252,1.2255,"OK"
"TCGA-BRCA","e3e859ed-2cc7-4842-a9dd-72938cd2170c","TCGA-AR-A24T-01A-11R-A169-07","TCGA-AR-A24T","Primary Tumor","EPHB2","ENSG00000133216",1101,5.643,1.4131,1.3831,"OK"
"TCGA-BRCA","0e0df72c-33c0-4e4f-939c-a4d45a6e1ea3","TCGA-A1-A0SB-01A-11R-A144-07","TCGA-A1-A0SB","Primary Tumor","JAK3","ENSG00000105639",172,2.197,0.5415,0.5479,"OK"
"TCGA-BRCA","0e0df72c-33c0-4e4f-939c-a4d45a6e1ea3","TCGA-A1-A0SB-01A-11R-A144-07","TCGA-A1-A0SB","Primary Tumor","EPHB2","ENSG00000133216",467,3.247,0.8003,0.8097,"OK"
"TCGA-BRCA","cd002ab8-a52b-4d20-9089-11b3e1dbaeb7","TCGA-E2-A572-01A-13R-A31O-07","TCGA-E2-A572","Primary Tumor","JAK3","ENSG00000105639",213,1.9784,0.6982,0.8408,"OK"
"TCGA-BRCA","cd002ab8-a52b-4d20-9089-11b3e1dbaeb7","TCGA-E2-A572-01A-13R-A31O-07","TCGA-E2-A572","Primary Tumor","EPHB2","ENSG00000133216",210,1.0617,0.3747,0.4512,"OK"
"TCGA-BRCA","e64c5a32-13c4-495e-ab4c-b5000332c09d","TCGA-OL-A66K-01A-11R-A29R-07","TCGA-OL-A66K","Primary Tumor","JAK3","ENSG00000105639",288,3.4881,0.9468,0.8605,"OK"
"TCGA-BRCA","e64c5a32-13c4-495e-ab4c-b5000332c09d","TCGA-OL-A66K-01A-11R-A29R-07","TCGA-OL-A66K","Primary Tumor","EPHB2","ENSG00000133216",674,4.4436,1.2062,1.0962,"OK"
"TCGA-BRCA","d52eff00-a7b7-42f0-82fe-ec4c054b1dd9","TCGA-A8-A0A2-01A-11R-A034-07","TCGA-A8-A0A2","Primary Tumor","JAK3","ENSG00000105639",566,3.873,1.1674,1.1614,"OK"
"TCGA-BRCA","d52eff00-a7b7-42f0-82fe-ec4c054b1dd9","TCGA-A8-A0A2-01A-11R-A034-07","TCGA-A8-A0A2","Primary Tumor","EPHB2","ENSG00000133216",520,1.9369,0.5838,0.5808,"OK"
"TCGA-BRCA","71ce6854-2231-48ad-ba1b-54bb4ec7d713","TCGA-C8-A12V-01A-11R-A115-07","TCGA-C8-A12V","Primary Tumor","JAK3","ENSG00000105639",4206,37.8314,13.3044,12.4028,"OK"
"TCGA-BRCA","71ce6854-2231-48ad-ba1b-54bb4ec7d713","TCGA-C8-A12V-01A-11R-A115-07","TCGA-C8-A12V","Primary Tumor","EPHB2","ENSG00000133216",6398,31.3256,11.0165,10.2699,"OK"
"TCGA-BRCA","dc8b305a-6f43-410e-9ce6-96ac24827550","TCGA-A8-A095-01A-11R-A00Z-07","TCGA-A8-A095","Primary Tumor","JAK3","ENSG00000105639",462,5.0188,1.2576,1.1197,"OK"
"TCGA-BRCA","dc8b305a-6f43-410e-9ce6-96ac24827550","TCGA-A8-A095-01A-11R-A00Z-07","TCGA-A8-A095","Primary Tumor","EPHB2","ENSG00000133216",679,4.0151,1.0061,0.8958,"OK"
"TCGA-BRCA","eedfb6fb-3db6-4eae-8c6c-8b6722ae72b6","TCGA-BH-A1EN-01A-11R-A13Q-07","TCGA-BH-A1EN","Primary Tumor","JAK3","ENSG00000105639",269,1.9591,0.5922,0.6333,"OK"
"TCGA-BRCA","eedfb6fb-3db6-4eae-8c6c-8b6722ae72b6","TCGA-BH-A1EN-01A-11R-A13Q-07","TCGA-BH-A1EN","Primary Tumor","EPHB2","ENSG00000133216",457,1.8117,0.5477,0.5856,"OK"
"TCGA-BRCA","1ab2be1b-4a61-480e-aa1b-eafab958f1f7","TCGA-BH-A0BW-01A-11R-A115-07","TCGA-BH-A0BW","Primary Tumor","JAK3","ENSG00000105639",1820,20.3481,5.0641,4.6058,"OK"
"TCGA-BRCA","1ab2be1b-4a61-480e-aa1b-eafab958f1f7","TCGA-BH-A0BW-01A-11R-A115-07","TCGA-BH-A0BW","Primary Tumor","EPHB2","ENSG00000133216",2128,12.9508,3.2231,2.9314,"OK"
"TCGA-BRCA","e59d6b6e-1a01-4f3f-b298-06f2c6c7b111","TCGA-A2-A3XW-01A-11R-A239-07","TCGA-A2-A3XW","Primary Tumor","JAK3","ENSG00000105639",683,4.7899,1.6008,1.8642,"OK"
"TCGA-BRCA","e59d6b6e-1a01-4f3f-b298-06f2c6c7b111","TCGA-A2-A3XW-01A-11R-A239-07","TCGA-A2-A3XW","Primary Tumor","EPHB2","ENSG00000133216",1426,5.4437,1.8194,2.1187,"OK"
"TCGA-BRCA","7ff8696e-3809-4b96-9259-be654631d952","TCGA-B6-A0WT-01A-11R-A109-07","TCGA-B6-A0WT","Primary Tumor","JAK3","ENSG00000105639",224,4.1786,1.0706,0.982,"OK"
"TCGA-BRCA","7ff8696e-3809-4b96-9259-be654631d952","TCGA-B6-A0WT-01A-11R-A109-07","TCGA-B6-A0WT","Primary Tumor","EPHB2","ENSG00000133216",334,3.3916,0.8689,0.797,"OK"
"TCGA-BRCA","d9b6b523-00de-4638-a3f3-8de841fb7183","TCGA-BH-A1FB-01A-11R-A13Q-07","TCGA-BH-A1FB","Primary Tumor","JAK3","ENSG00000105639",1928,15.9307,4.1478,3.9631,"OK"
"TCGA-BRCA","d9b6b523-00de-4638-a3f3-8de841fb7183","TCGA-BH-A1FB-01A-11R-A13Q-07","TCGA-BH-A1FB","Primary Tumor","EPHB2","ENSG00000133216",891,4.0075,1.0434,0.997,"OK"
"TCGA-BRCA","62c0cac5-05eb-46ea-b165-a2e9e342a259","TCGA-EW-A1PC-01B-11R-A21T-07","TCGA-EW-A1PC","Primary Tumor","JAK3","ENSG00000105639",951,6.5127,1.7372,1.6821,"OK"
"TCGA-BRCA","62c0cac5-05eb-46ea-b165-a2e9e342a259","TCGA-EW-A1PC-01B-11R-A21T-07","TCGA-EW-A1PC","Primary Tumor","EPHB2","ENSG00000133216",3619,13.491,3.5985,3.4843,"OK"
"TCGA-BRCA","3ce988e2-61c5-4f53-b9c8-cfc280649c1f","TCGA-BH-A1F8-01A-11R-A13Q-07","TCGA-BH-A1F8","Primary Tumor","JAK3","ENSG00000105639",380,2.8109,0.7552,0.7588,"OK"
"TCGA-BRCA","3ce988e2-61c5-4f53-b9c8-cfc280649c1f","TCGA-BH-A1F8-01A-11R-A13Q-07","TCGA-BH-A1F8","Primary Tumor","EPHB2","ENSG00000133216",543,2.1864,0.5874,0.5902,"OK"
"TCGA-BRCA","80902247-a485-4374-836b-4b67db4c4981","TCGA-D8-A1Y3-01A-11R-A157-07","TCGA-D8-A1Y3","Primary Tumor","JAK3","ENSG00000105639",627,4.2793,1.4163,1.5046,"OK"
"TCGA-BRCA","80902247-a485-4374-836b-4b67db4c4981","TCGA-D8-A1Y3-01A-11R-A157-07","TCGA-D8-A1Y3","Primary Tumor","EPHB2","ENSG00000133216",1924,7.1479,2.3657,2.5133,"OK"
"TCGA-BRCA","12c6b269-434e-4a18-aa93-844bc9c5eb4d","TCGA-BH-A0HL-01A-11R-A10U-07","TCGA-BH-A0HL","Primary Tumor","JAK3","ENSG00000105639",119,1.1486,0.2938,0.2668,"OK"
"TCGA-BRCA","12c6b269-434e-4a18-aa93-844bc9c5eb4d","TCGA-BH-A0HL-01A-11R-A10U-07","TCGA-BH-A0HL","Primary Tumor","EPHB2","ENSG00000133216",1824,9.5837,2.4516,2.2263,"OK"
"TCGA-BRCA","dbe79158-b616-4c7b-94d7-5f127b3013ff","TCGA-A8-A08P-01A-11R-A00Z-07","TCGA-A8-A08P","Primary Tumor","JAK3","ENSG00000105639",922,9.4374,2.8972,2.702,"OK"
"TCGA-BRCA","dbe79158-b616-4c7b-94d7-5f127b3013ff","TCGA-A8-A08P-01A-11R-A00Z-07","TCGA-A8-A08P","Primary Tumor","EPHB2","ENSG00000133216",946,5.2709,1.6181,1.5091,"OK"
"TCGA-BRCA","71ea0cc0-d979-4efd-a670-1e8e8a329aca","TCGA-EW-A1J2-01A-21R-A13Q-07","TCGA-EW-A1J2","Primary Tumor","JAK3","ENSG00000105639",867,6.4128,1.6007,1.5279,"OK"
"TCGA-BRCA","71ea0cc0-d979-4efd-a670-1e8e8a329aca","TCGA-EW-A1J2-01A-21R-A13Q-07","TCGA-EW-A1J2","Primary Tumor","EPHB2","ENSG00000133216",1356,5.4596,1.3628,1.3008,"OK"
"TCGA-BRCA","f78dec09-cb25-49c1-828c-6a88cf2be7d3","TCGA-BH-A0B2-01A-11R-A10J-07","TCGA-BH-A0B2","Primary Tumor","JAK3","ENSG00000105639",871,9.3734,2.528,2.5371,"OK"
"TCGA-BRCA","f78dec09-cb25-49c1-828c-6a88cf2be7d3","TCGA-BH-A0B2-01A-11R-A10J-07","TCGA-BH-A0B2","Primary Tumor","EPHB2","ENSG00000133216",1551,9.0858,2.4504,2.4593,"OK"
"TCGA-BRCA","ad4b2d76-b4bb-457d-903f-823630a4d37b","TCGA-BH-A0H9-01A-11R-A056-07","TCGA-BH-A0H9","Primary Tumor","JAK3","ENSG00000105639",176,2.0855,0.5299,0.4983,"OK"
"TCGA-BRCA","ad4b2d76-b4bb-457d-903f-823630a4d37b","TCGA-BH-A0H9-01A-11R-A056-07","TCGA-BH-A0H9","Primary Tumor","EPHB2","ENSG00000133216",359,2.3156,0.5884,0.5533,"OK"
"TCGA-BRCA","68881256-49b8-4a19-87a9-afac4f1841d2","TCGA-BH-A0BQ-11A-33R-A115-07","TCGA-BH-A0BQ","Solid Tissue Normal","JAK3","ENSG00000105639",871,10.1228,2.8134,2.5875,"OK"
"TCGA-BRCA","68881256-49b8-4a19-87a9-afac4f1841d2","TCGA-BH-A0BQ-11A-33R-A115-07","TCGA-BH-A0BQ","Solid Tissue Normal","EPHB2","ENSG00000133216",315,1.9928,0.5539,0.5094,"OK"
"TCGA-BRCA","c71bfebf-e152-4706-bd72-07103f936a85","TCGA-B6-A0IH-01A-11R-A115-07","TCGA-B6-A0IH","Primary Tumor","JAK3","ENSG00000105639",1018,13.2664,3.9026,3.6573,"OK"
"TCGA-BRCA","c71bfebf-e152-4706-bd72-07103f936a85","TCGA-B6-A0IH-01A-11R-A115-07","TCGA-B6-A0IH","Primary Tumor","EPHB2","ENSG00000133216",879,6.2354,1.8343,1.719,"OK"
"TCGA-BRCA","67317cce-4a8c-4313-bb26-4ef7759071b9","TCGA-EW-A1PH-01A-11R-A14M-07","TCGA-EW-A1PH","Primary Tumor","JAK3","ENSG00000105639",691,5.7217,1.7204,1.768,"OK"
"TCGA-BRCA","67317cce-4a8c-4313-bb26-4ef7759071b9","TCGA-EW-A1PH-01A-11R-A14M-07","TCGA-EW-A1PH","Primary Tumor","EPHB2","ENSG00000133216",2934,13.2246,3.9763,4.0863,"OK"
"TCGA-BRCA","00469928-b243-4cae-acd7-134508e99ceb","TCGA-AC-A62X-01A-11R-A29R-07","TCGA-AC-A62X","Primary Tumor","JAK3","ENSG00000105639",123,1.2727,0.379,0.385,"OK"
"TCGA-BRCA","00469928-b243-4cae-acd7-134508e99ceb","TCGA-AC-A62X-01A-11R-A29R-07","TCGA-AC-A62X","Primary Tumor","EPHB2","ENSG00000133216",440,2.4782,0.738,0.7497,"OK"
"TCGA-BRCA","e24e6f7c-49c1-498e-b269-4bee014007af","TCGA-A8-A083-01A-21R-A00Z-07","TCGA-A8-A083","Primary Tumor","JAK3","ENSG00000105639",188,1.5256,0.4065,0.3613,"OK"
"TCGA-BRCA","e24e6f7c-49c1-498e-b269-4bee014007af","TCGA-A8-A083-01A-21R-A00Z-07","TCGA-A8-A083","Primary Tumor","EPHB2","ENSG00000133216",171,0.7554,0.2013,0.1789,"OK"
"TCGA-BRCA","845def46-3502-40a8-aff1-8d021906cee5","TCGA-EW-A424-01A-11R-A24H-07","TCGA-EW-A424","Primary Tumor","JAK3","ENSG00000105639",260,2.0063,0.6218,0.6106,"OK"
"TCGA-BRCA","845def46-3502-40a8-aff1-8d021906cee5","TCGA-EW-A424-01A-11R-A24H-07","TCGA-EW-A424","Primary Tumor","EPHB2","ENSG00000133216",481,2.0204,0.6262,0.6149,"OK"
"TCGA-BRCA","064215bd-9ec9-4a16-8ea2-9c6604156398","TCGA-E2-A15S-01A-11R-A115-07","TCGA-E2-A15S","Primary Tumor","JAK3","ENSG00000105639",283,2.1202,0.5898,0.5767,"OK"
"TCGA-BRCA","064215bd-9ec9-4a16-8ea2-9c6604156398","TCGA-E2-A15S-01A-11R-A115-07","TCGA-E2-A15S","Primary Tumor","EPHB2","ENSG00000133216",532,2.1696,0.6035,0.5902,"OK"
"TCGA-BRCA","6df72103-ccfb-4a53-b839-2e8c47ec2145","TCGA-B6-A0RO-01A-22R-A084-07","TCGA-B6-A0RO","Primary Tumor","JAK3","ENSG00000105639",112,0.9248,0.2558,0.2532,"OK"
"TCGA-BRCA","6df72103-ccfb-4a53-b839-2e8c47ec2145","TCGA-B6-A0RO-01A-22R-A084-07","TCGA-B6-A0RO","Primary Tumor","EPHB2","ENSG00000133216",429,1.9282,0.5334,0.5279,"OK"
"TCGA-BRCA","b3b6d3bf-426f-4720-9adb-98783faa0eff","TCGA-A7-A4SF-01A-11R-A266-07","TCGA-A7-A4SF","Primary Tumor","JAK3","ENSG00000105639",332,4.5481,1.4901,1.3775,"OK"
"TCGA-BRCA","b3b6d3bf-426f-4720-9adb-98783faa0eff","TCGA-A7-A4SF-01A-11R-A266-07","TCGA-A7-A4SF","Primary Tumor","EPHB2","ENSG00000133216",748,5.5778,1.8274,1.6894,"OK"
"TCGA-BRCA","0c0ddcd7-8b4c-4489-b642-e48c4ab4602a","TCGA-D8-A27I-01A-11R-A16F-07","TCGA-D8-A27I","Primary Tumor","JAK3","ENSG00000105639",1469,11.2421,3.0928,2.9593,"OK"
"TCGA-BRCA","0c0ddcd7-8b4c-4489-b642-e48c4ab4602a","TCGA-D8-A27I-01A-11R-A16F-07","TCGA-D8-A27I","Primary Tumor","EPHB2","ENSG00000133216",1071,4.4616,1.2274,1.1744,"OK"
"TCGA-BRCA","cf53cdad-a323-475e-a84a-87b68d13e262","TCGA-E2-A15I-01A-21R-A137-07","TCGA-E2-A15I","Primary Tumor","JAK3","ENSG00000105639",780,8.5424,2.1338,1.9333,"OK"
"TCGA-BRCA","cf53cdad-a323-475e-a84a-87b68d13e262","TCGA-E2-A15I-01A-21R-A137-07","TCGA-E2-A15I","Primary Tumor","EPHB2","ENSG00000133216",619,3.6902,0.9218,0.8352,"OK"
"TCGA-BRCA","ff1f2f31-8607-4627-b487-c5e39e7c30f5","TCGA-BH-A18G-01A-11R-A12D-07","TCGA-BH-A18G","Primary Tumor","JAK3","ENSG00000105639",187,2.0036,0.7493,0.8795,"OK"
"TCGA-BRCA","ff1f2f31-8607-4627-b487-c5e39e7c30f5","TCGA-BH-A18G-01A-11R-A12D-07","TCGA-BH-A18G","Primary Tumor","EPHB2","ENSG00000133216",137,0.799,0.2988,0.3507,"OK"
"TCGA-BRCA","62a4b965-7aaa-4bd4-b469-57a713b2e9fd","TCGA-BH-A0DT-11A-12R-A12D-07","TCGA-BH-A0DT","Solid Tissue Normal","JAK3","ENSG00000105639",404,4.1009,1.1167,1.0503,"OK"
"TCGA-BRCA","62a4b965-7aaa-4bd4-b469-57a713b2e9fd","TCGA-BH-A0DT-11A-12R-A12D-07","TCGA-BH-A0DT","Solid Tissue Normal","EPHB2","ENSG00000133216",186,1.0277,0.2798,0.2632,"OK"
"TCGA-BRCA","75d5bcb2-3055-4b6a-822c-1aa37a9f1337","TCGA-A2-A0EV-01A-11R-A034-07","TCGA-A2-A0EV","Primary Tumor","JAK3","ENSG00000105639",518,4.6004,1.3281,1.3222,"OK"
"TCGA-BRCA","75d5bcb2-3055-4b6a-822c-1aa37a9f1337","TCGA-A2-A0EV-01A-11R-A034-07","TCGA-A2-A0EV","Primary Tumor","EPHB2","ENSG00000133216",978,4.728,1.365,1.3588,"OK"
"TCGA-BRCA","1f5bbb4e-9b0e-4953-a360-83fd7b6a2267","TCGA-AR-A0U4-01A-11R-A109-07","TCGA-AR-A0U4","Primary Tumor","JAK3","ENSG00000105639",1271,12.2681,3.3394,3.2186,"OK"
"TCGA-BRCA","1f5bbb4e-9b0e-4953-a360-83fd7b6a2267","TCGA-AR-A0U4-01A-11R-A109-07","TCGA-AR-A0U4","Primary Tumor","EPHB2","ENSG00000133216",962,5.0545,1.3758,1.3261,"OK"
"TCGA-BRCA","3690d431-165d-40bb-af61-cfda445b3be8","TCGA-BH-A18I-01A-11R-A12D-07","TCGA-BH-A18I","Primary Tumor","JAK3","ENSG00000105639",1277,9.9392,2.5764,2.4681,"OK"
"TCGA-BRCA","3690d431-165d-40bb-af61-cfda445b3be8","TCGA-BH-A18I-01A-11R-A12D-07","TCGA-BH-A18I","Primary Tumor","EPHB2","ENSG00000133216",1090,4.6181,1.1971,1.1467,"OK"
"TCGA-BRCA","23bf74db-bb4e-44c5-8473-e651b818e460","TCGA-A7-A0CE-11A-21R-A089-07","TCGA-A7-A0CE","Solid Tissue Normal","JAK3","ENSG00000105639",2010,15.6284,4.6117,4.6088,"OK"
"TCGA-BRCA","23bf74db-bb4e-44c5-8473-e651b818e460","TCGA-A7-A0CE-11A-21R-A089-07","TCGA-A7-A0CE","Solid Tissue Normal","EPHB2","ENSG00000133216",431,1.8242,0.5383,0.5379,"OK"
"TCGA-BRCA","9bb406c8-2b8e-410e-8bca-02a778312056","TCGA-B6-A0RU-01A-11R-A084-07","TCGA-B6-A0RU","Primary Tumor","JAK3","ENSG00000105639",400,3.971,1.0847,1.0658,"OK"
"TCGA-BRCA","9bb406c8-2b8e-410e-8bca-02a778312056","TCGA-B6-A0RU-01A-11R-A084-07","TCGA-B6-A0RU","Primary Tumor","EPHB2","ENSG00000133216",1099,5.9389,1.6222,1.5939,"OK"
"TCGA-BRCA","b1ad91fb-fb78-4896-83cd-dad028a1d297","TCGA-A7-A26J-01B-02R-A277-07","TCGA-A7-A26J","Primary Tumor","JAK3","ENSG00000105639",366,9.5565,2.9394,2.6249,"OK"
"TCGA-BRCA","b1ad91fb-fb78-4896-83cd-dad028a1d297","TCGA-A7-A26J-01B-02R-A277-07","TCGA-A7-A26J","Primary Tumor","EPHB2","ENSG00000133216",397,5.6426,1.7356,1.5499,"OK"
"TCGA-BRCA","d2b6c967-b505-4f52-a4f7-91b6e8acbd1f","TCGA-A7-A13G-01B-04R-A22O-07","TCGA-A7-A13G","Primary Tumor","JAK3","ENSG00000105639",471,4.2981,2.0243,1.9202,"OK"
"TCGA-BRCA","d2b6c967-b505-4f52-a4f7-91b6e8acbd1f","TCGA-A7-A13G-01B-04R-A22O-07","TCGA-A7-A13G","Primary Tumor","EPHB2","ENSG00000133216",453,2.2502,1.0598,1.0053,"OK"
"TCGA-BRCA","94db1456-e7f2-4f5f-92e3-b8faa801097d","TCGA-A7-A3IY-01A-21R-A21T-07","TCGA-A7-A3IY","Primary Tumor","JAK3","ENSG00000105639",612,5.3603,1.5918,1.5854,"OK"
"TCGA-BRCA","94db1456-e7f2-4f5f-92e3-b8faa801097d","TCGA-A7-A3IY-01A-21R-A21T-07","TCGA-A7-A3IY","Primary Tumor","EPHB2","ENSG00000133216",1172,5.5878,1.6593,1.6527,"OK"
"TCGA-BRCA","3eadce70-ba3d-4806-b112-6ac83bc89dc4","TCGA-BH-A0C0-01A-21R-A056-07","TCGA-BH-A0C0","Primary Tumor","JAK3","ENSG00000105639",1859,20.5714,6.4656,6.1279,"OK"
"TCGA-BRCA","3eadce70-ba3d-4806-b112-6ac83bc89dc4","TCGA-BH-A0C0-01A-21R-A056-07","TCGA-BH-A0C0","Primary Tumor","EPHB2","ENSG00000133216",689,4.1503,1.3044,1.2363,"OK"
"TCGA-BRCA","15f0e499-8d53-4e97-a392-334875d25cf4","TCGA-BH-A0C0-11A-21R-A089-07","TCGA-BH-A0C0","Solid Tissue Normal","JAK3","ENSG00000105639",680,5.8941,1.5755,1.47,"OK"
"TCGA-BRCA","15f0e499-8d53-4e97-a392-334875d25cf4","TCGA-BH-A0C0-11A-21R-A089-07","TCGA-BH-A0C0","Solid Tissue Normal","EPHB2","ENSG00000133216",166,0.7832,0.2094,0.1953,"OK"
"TCGA-BRCA","c8b0b391-320c-4fea-9b68-3070103cb148","TCGA-A2-A4RW-01A-21R-A266-07","TCGA-A2-A4RW","Primary Tumor","JAK3","ENSG00000105639",736,12.8809,3.4583,3.1988,"OK"
"TCGA-BRCA","c8b0b391-320c-4fea-9b68-3070103cb148","TCGA-A2-A4RW-01A-21R-A266-07","TCGA-A2-A4RW","Primary Tumor","EPHB2","ENSG00000133216",536,5.1063,1.371,1.2681,"OK"
"TCGA-BRCA","be002264-f534-49b3-90d1-fd5a3f622fb2","TCGA-D8-A143-01A-11R-A115-07","TCGA-D8-A143","Primary Tumor","JAK3","ENSG00000105639",644,6.3428,1.9091,1.7998,"OK"
"TCGA-BRCA","be002264-f534-49b3-90d1-fd5a3f622fb2","TCGA-D8-A143-01A-11R-A115-07","TCGA-D8-A143","Primary Tumor","EPHB2","ENSG00000133216",1871,10.0309,3.0192,2.8463,"OK"
"TCGA-BRCA","2700aca8-b120-4655-87ab-a9f8f7f633db","TCGA-A7-A4SB-01A-21R-A266-07","TCGA-A7-A4SB","Primary Tumor","JAK3","ENSG00000105639",458,5.8207,1.8988,1.8919,"OK"
"TCGA-BRCA","2700aca8-b120-4655-87ab-a9f8f7f633db","TCGA-A7-A4SB-01A-21R-A266-07","TCGA-A7-A4SB","Primary Tumor","EPHB2","ENSG00000133216",119,0.8232,0.2686,0.2676,"OK"
"TCGA-BRCA","fe7dfda5-6846-4238-9ccc-472978eb78a1","TCGA-A2-A0YM-01A-11R-A109-07","TCGA-A2-A0YM","Primary Tumor","JAK3","ENSG00000105639",955,8.7995,2.1533,2.0677,"OK"
"TCGA-BRCA","fe7dfda5-6846-4238-9ccc-472978eb78a1","TCGA-A2-A0YM-01A-11R-A109-07","TCGA-A2-A0YM","Primary Tumor","EPHB2","ENSG00000133216",2484,12.4589,3.0488,2.9276,"OK"
"TCGA-BRCA","f3d5f550-311d-4c59-8576-81fde80db315","TCGA-E2-A1LE-01A-12R-A19W-07","TCGA-E2-A1LE","Primary Tumor","JAK3","ENSG00000105639",1222,11.0577,3.5087,3.7779,"OK"
"TCGA-BRCA","f3d5f550-311d-4c59-8576-81fde80db315","TCGA-E2-A1LE-01A-12R-A19W-07","TCGA-E2-A1LE","Primary Tumor","EPHB2","ENSG00000133216",904,4.4528,1.4129,1.5213,"OK"
"TCGA-BRCA","f63a40ad-26af-48d6-bb36-91fd91d32e6b","TCGA-E2-A1IG-11A-22R-A144-07","TCGA-E2-A1IG","Solid Tissue Normal","JAK3","ENSG00000105639",303,3.6402,1.0708,1.1406,"OK"
"TCGA-BRCA","f63a40ad-26af-48d6-bb36-91fd91d32e6b","TCGA-E2-A1IG-11A-22R-A144-07","TCGA-E2-A1IG","Solid Tissue Normal","EPHB2","ENSG00000133216",469,3.0671,0.9022,0.9611,"OK"
"TCGA-BRCA","5c0579f7-6184-4afa-805c-7aeec4a4c5d2","TCGA-AO-A03N-01B-11R-A10J-07","TCGA-AO-A03N","Primary Tumor","JAK3","ENSG00000105639",259,1.405,0.745,0.967,"OK"
"TCGA-BRCA","5c0579f7-6184-4afa-805c-7aeec4a4c5d2","TCGA-AO-A03N-01B-11R-A10J-07","TCGA-AO-A03N","Primary Tumor","EPHB2","ENSG00000133216",229,0.6762,0.3586,0.4654,"OK"
"TCGA-BRCA","b0cc3c29-89fe-4010-8f56-137f2b897bce","TCGA-E2-A1LI-01A-12R-A157-07","TCGA-E2-A1LI","Primary Tumor","JAK3","ENSG00000105639",2138,13.0818,4.4886,4.6533,"OK"
"TCGA-BRCA","b0cc3c29-89fe-4010-8f56-137f2b897bce","TCGA-E2-A1LI-01A-12R-A157-07","TCGA-E2-A1LI","Primary Tumor","EPHB2","ENSG00000133216",549,1.8285,0.6274,0.6504,"OK"
"TCGA-BRCA","df416c2a-523d-4409-98ac-b0900584a065","TCGA-BH-A1FD-11B-21R-A13Q-07","TCGA-BH-A1FD","Solid Tissue Normal","JAK3","ENSG00000105639",452,3.2834,1.0444,1.0954,"OK"
"TCGA-BRCA","df416c2a-523d-4409-98ac-b0900584a065","TCGA-BH-A1FD-11B-21R-A13Q-07","TCGA-BH-A1FD","Solid Tissue Normal","EPHB2","ENSG00000133216",243,0.9609,0.3056,0.3206,"OK"
"TCGA-BRCA","987603ab-513b-44d6-8b8e-344fd299a81a","TCGA-D8-A1XR-01A-11R-A14M-07","TCGA-D8-A1XR","Primary Tumor","JAK3","ENSG00000105639",210,1.4996,0.4046,0.374,"OK"
"TCGA-BRCA","987603ab-513b-44d6-8b8e-344fd299a81a","TCGA-D8-A1XR-01A-11R-A14M-07","TCGA-D8-A1XR","Primary Tumor","EPHB2","ENSG00000133216",279,1.0845,0.2926,0.2705,"OK"
"TCGA-BRCA","07478a1d-adbe-4fa7-858b-0edb74171eec","TCGA-OL-A5RY-01A-21R-A28M-07","TCGA-OL-A5RY","Primary Tumor","JAK3","ENSG00000105639",2312,25.0315,8.8778,8.8197,"OK"
"TCGA-BRCA","07478a1d-adbe-4fa7-858b-0edb74171eec","TCGA-OL-A5RY-01A-21R-A28M-07","TCGA-OL-A5RY","Primary Tumor","EPHB2","ENSG00000133216",579,3.4123,1.2102,1.2023,"OK"
"TCGA-BRCA","268eed55-913e-470b-8940-68daae0b21aa","TCGA-D8-A1JJ-01A-31R-A14M-07","TCGA-D8-A1JJ","Primary Tumor","JAK3","ENSG00000105639",429,3.7388,0.9303,0.9177,"OK"
"TCGA-BRCA","268eed55-913e-470b-8940-68daae0b21aa","TCGA-D8-A1JJ-01A-31R-A14M-07","TCGA-D8-A1JJ","Primary Tumor","EPHB2","ENSG00000133216",566,2.6851,0.6681,0.659,"OK"
"TCGA-BRCA","736fca14-66fb-481a-985e-7253f75243a8","TCGA-BH-A0BS-11A-11R-A12P-07","TCGA-BH-A0BS","Solid Tissue Normal","JAK3","ENSG00000105639",550,4.9872,1.4313,1.3772,"OK"
"TCGA-BRCA","736fca14-66fb-481a-985e-7253f75243a8","TCGA-BH-A0BS-11A-11R-A12P-07","TCGA-BH-A0BS","Solid Tissue Normal","EPHB2","ENSG00000133216",118,0.5824,0.1672,0.1608,"OK"
"TCGA-BRCA","08671bd5-f67a-46fa-979d-4aa40fb6575a","TCGA-E9-A1NA-01A-11R-A144-07","TCGA-E9-A1NA","Primary Tumor","JAK3","ENSG00000105639",240,2.0265,0.5238,0.549,"OK"
"TCGA-BRCA","08671bd5-f67a-46fa-979d-4aa40fb6575a","TCGA-E9-A1NA-01A-11R-A144-07","TCGA-E9-A1NA","Primary Tumor","EPHB2","ENSG00000133216",1023,4.7021,1.2153,1.2738,"OK"
"TCGA-BRCA","80d565a0-59f6-409e-8850-5d4e2b5b996d","TCGA-B6-A1KI-01A-11R-A14M-07","TCGA-B6-A1KI","Primary Tumor","JAK3","ENSG00000105639",348,2.1628,0.7048,0.7251,"OK"
"TCGA-BRCA","80d565a0-59f6-409e-8850-5d4e2b5b996d","TCGA-B6-A1KI-01A-11R-A14M-07","TCGA-B6-A1KI","Primary Tumor","EPHB2","ENSG00000133216",265,0.8965,0.2922,0.3006,"OK"
"TCGA-BRCA","9b5b1b38-58b8-47c9-badf-086676e44c1a","TCGA-S3-AA11-01A-31R-A41B-07","TCGA-S3-AA11","Primary Tumor","JAK3","ENSG00000105639",291,3.836,1.0819,0.9423,"OK"
"TCGA-BRCA","9b5b1b38-58b8-47c9-badf-086676e44c1a","TCGA-S3-AA11-01A-31R-A41B-07","TCGA-S3-AA11","Primary Tumor","EPHB2","ENSG00000133216",776,5.5682,1.5704,1.3678,"OK"
"TCGA-BRCA","760131f1-5fbf-469f-9629-43733014953d","TCGA-BH-A0EI-01A-11R-A115-07","TCGA-BH-A0EI","Primary Tumor","JAK3","ENSG00000105639",150,1.6496,0.395,0.408,"OK"
"TCGA-BRCA","760131f1-5fbf-469f-9629-43733014953d","TCGA-BH-A0EI-01A-11R-A115-07","TCGA-BH-A0EI","Primary Tumor","EPHB2","ENSG00000133216",781,4.6753,1.1195,1.1563,"OK"
"TCGA-BRCA","931442ba-af81-4b68-beca-7285fc44b1df","TCGA-3C-AALJ-01A-31R-A41B-07","TCGA-3C-AALJ","Primary Tumor","JAK3","ENSG00000105639",622,12.6351,4.1946,4.1539,"OK"
"TCGA-BRCA","931442ba-af81-4b68-beca-7285fc44b1df","TCGA-3C-AALJ-01A-31R-A41B-07","TCGA-3C-AALJ","Primary Tumor","EPHB2","ENSG00000133216",359,3.9697,1.3179,1.3051,"OK"
"TCGA-BRCA","c38adc46-f0f2-4c71-91b6-da2159dcb190","TCGA-AR-A0TW-01A-11R-A084-07","TCGA-AR-A0TW","Primary Tumor","JAK3","ENSG00000105639",979,7.3433,2.4593,2.4642,"OK"
"TCGA-BRCA","c38adc46-f0f2-4c71-91b6-da2159dcb190","TCGA-AR-A0TW-01A-11R-A084-07","TCGA-AR-A0TW","Primary Tumor","EPHB2","ENSG00000133216",385,1.572,0.5265,0.5275,"OK"
"TCGA-BRCA","5645320f-820e-45b7-b4cf-ea05085f53e3","TCGA-AR-A24M-01A-11R-A169-07","TCGA-AR-A24M","Primary Tumor","JAK3","ENSG00000105639",414,3.1365,0.7613,0.7452,"OK"
"TCGA-BRCA","5645320f-820e-45b7-b4cf-ea05085f53e3","TCGA-AR-A24M-01A-11R-A169-07","TCGA-AR-A24M","Primary Tumor","EPHB2","ENSG00000133216",801,3.3033,0.8018,0.7849,"OK"
"TCGA-BRCA","a63cca36-139d-4054-9d99-9b04ddae7ec2","TCGA-AO-A124-01A-11R-A10J-07","TCGA-AO-A124","Primary Tumor","JAK3","ENSG00000105639",861,6.7329,1.78,1.8402,"OK"
"TCGA-BRCA","a63cca36-139d-4054-9d99-9b04ddae7ec2","TCGA-AO-A124-01A-11R-A10J-07","TCGA-AO-A124","Primary Tumor","EPHB2","ENSG00000133216",863,3.6735,0.9712,1.004,"OK"
"TCGA-BRCA","08b0fe4c-ee3c-4510-b75a-6d240cb038cc","TCGA-B6-A0RT-01A-21R-A084-07","TCGA-B6-A0RT","Primary Tumor","JAK3","ENSG00000105639",7327,54.8965,18.6924,17.0409,"OK"
"TCGA-BRCA","08b0fe4c-ee3c-4510-b75a-6d240cb038cc","TCGA-B6-A0RT-01A-21R-A084-07","TCGA-B6-A0RT","Primary Tumor","EPHB2","ENSG00000133216",1932,7.8795,2.683,2.4459,"OK"
"TCGA-BRCA","66dbe196-661b-4d0e-ac48-b82fc6a67cc8","TCGA-D8-A27G-01A-11R-A16F-07","TCGA-D8-A27G","Primary Tumor","JAK3","ENSG00000105639",844,7.3208,1.8934,1.8853,"OK"
"TCGA-BRCA","66dbe196-661b-4d0e-ac48-b82fc6a67cc8","TCGA-D8-A27G-01A-11R-A16F-07","TCGA-D8-A27G","Primary Tumor","EPHB2","ENSG00000133216",1049,4.953,1.281,1.2755,"OK"
"TCGA-BRCA","e4f49b9c-faed-4f15-a79c-79664e2c03b6","TCGA-BH-A1FB-11A-33R-A13Q-07","TCGA-BH-A1FB","Solid Tissue Normal","JAK3","ENSG00000105639",512,6.3382,1.9197,1.7615,"OK"
"TCGA-BRCA","e4f49b9c-faed-4f15-a79c-79664e2c03b6","TCGA-BH-A1FB-11A-33R-A13Q-07","TCGA-BH-A1FB","Solid Tissue Normal","EPHB2","ENSG00000133216",112,0.7547,0.2286,0.2097,"OK"
"TCGA-BRCA","5428e771-3ea8-46d1-842e-50a270d26bd3","TCGA-E9-A5UP-01A-11R-A28M-07","TCGA-E9-A5UP","Primary Tumor","JAK3","ENSG00000105639",168,1.8077,0.5372,0.5023,"OK"
"TCGA-BRCA","5428e771-3ea8-46d1-842e-50a270d26bd3","TCGA-E9-A5UP-01A-11R-A28M-07","TCGA-E9-A5UP","Primary Tumor","EPHB2","ENSG00000133216",316,1.8509,0.55,0.5143,"OK"
"TCGA-BRCA","6fe2f370-6592-4d85-992c-1b5449a62dbe","TCGA-A7-A26F-01B-04R-A22O-07","TCGA-A7-A26F","Primary Tumor","JAK3","ENSG00000105639",2099,16.8801,8.6283,8.5303,"OK"
"TCGA-BRCA","6fe2f370-6592-4d85-992c-1b5449a62dbe","TCGA-A7-A26F-01B-04R-A22O-07","TCGA-A7-A26F","Primary Tumor","EPHB2","ENSG00000133216",1717,7.5163,3.842,3.7983,"OK"
"TCGA-BRCA","481c702a-58ee-4fab-9559-434a45615aa5","TCGA-E9-A1NF-01A-11R-A14D-07","TCGA-E9-A1NF","Primary Tumor","JAK3","ENSG00000105639",381,4.8324,1.3471,1.6824,"OK"
"TCGA-BRCA","481c702a-58ee-4fab-9559-434a45615aa5","TCGA-E9-A1NF-01A-11R-A14D-07","TCGA-E9-A1NF","Primary Tumor","EPHB2","ENSG00000133216",388,2.6788,0.7467,0.9327,"OK"
"TCGA-BRCA","c9ff3787-de6e-4535-be34-6425ccf9079f","TCGA-E2-A1IN-01A-11R-A13Q-07","TCGA-E2-A1IN","Primary Tumor","JAK3","ENSG00000105639",357,2.276,0.6514,0.6951,"OK"
"TCGA-BRCA","c9ff3787-de6e-4535-be34-6425ccf9079f","TCGA-E2-A1IN-01A-11R-A13Q-07","TCGA-E2-A1IN","Primary Tumor","EPHB2","ENSG00000133216",1018,3.5329,1.0112,1.0789,"OK"
"TCGA-BRCA","1f9a9190-4157-457e-9794-a9217d2aa2f8","TCGA-E2-A14S-01A-11R-A12D-07","TCGA-E2-A14S","Primary Tumor","JAK3","ENSG00000105639",394,2.9177,0.8903,0.8719,"OK"
"TCGA-BRCA","1f9a9190-4157-457e-9794-a9217d2aa2f8","TCGA-E2-A14S-01A-11R-A12D-07","TCGA-E2-A14S","Primary Tumor","EPHB2","ENSG00000133216",1726,6.9576,2.1231,2.079,"OK"
"TCGA-BRCA","92dd3ded-2b51-4d1d-8c8a-09ed1f0b16ed","TCGA-E9-A1RI-01A-11R-A169-07","TCGA-E9-A1RI","Primary Tumor","JAK3","ENSG00000105639",382,3.2979,0.8766,0.8623,"OK"
"TCGA-BRCA","92dd3ded-2b51-4d1d-8c8a-09ed1f0b16ed","TCGA-E9-A1RI-01A-11R-A169-07","TCGA-E9-A1RI","Primary Tumor","EPHB2","ENSG00000133216",772,3.628,0.9643,0.9486,"OK"
"TCGA-BRCA","eba83203-1de1-447a-88d0-2ffbccc24990","TCGA-AR-A2LJ-01A-12R-A19W-07","TCGA-AR-A2LJ","Primary Tumor","JAK3","ENSG00000105639",859,7.1093,2.3282,2.7416,"OK"
"TCGA-BRCA","eba83203-1de1-447a-88d0-2ffbccc24990","TCGA-AR-A2LJ-01A-12R-A19W-07","TCGA-AR-A2LJ","Primary Tumor","EPHB2","ENSG00000133216",1215,5.4738,1.7926,2.1109,"OK"
"TCGA-BRCA","c15e9ead-0373-486e-a99b-26b96bd3ccc4","TCGA-EW-A1P8-01A-11R-A144-07","TCGA-EW-A1P8","Primary Tumor","JAK3","ENSG00000105639",884,8.4349,2.3892,2.3368,"OK"
"TCGA-BRCA","c15e9ead-0373-486e-a99b-26b96bd3ccc4","TCGA-EW-A1P8-01A-11R-A144-07","TCGA-EW-A1P8","Primary Tumor","EPHB2","ENSG00000133216",4781,24.8324,7.0338,6.8794,"OK"
"TCGA-BRCA","91e43fc0-1bd1-41e3-a828-43ec6620feb6","TCGA-AR-A0U2-01A-11R-A109-07","TCGA-AR-A0U2","Primary Tumor","JAK3","ENSG00000105639",1027,10.3657,2.5417,2.264,"OK"
"TCGA-BRCA","91e43fc0-1bd1-41e3-a828-43ec6620feb6","TCGA-AR-A0U2-01A-11R-A109-07","TCGA-AR-A0U2","Primary Tumor","EPHB2","ENSG00000133216",518,2.846,0.6978,0.6216,"OK"
"TCGA-BRCA","5599b7dd-7c2a-4037-ad77-11a0b4ddcb54","TCGA-A2-A3KD-01A-12R-A213-07","TCGA-A2-A3KD","Primary Tumor","JAK3","ENSG00000105639",849,6.8248,1.8888,1.8447,"OK"
"TCGA-BRCA","5599b7dd-7c2a-4037-ad77-11a0b4ddcb54","TCGA-A2-A3KD-01A-12R-A213-07","TCGA-A2-A3KD","Primary Tumor","EPHB2","ENSG00000133216",387,1.6934,0.4687,0.4577,"OK"
"TCGA-BRCA","d657ed9a-fd92-493c-ae10-120c8b0c58d7","TCGA-BH-A1F5-01A-12R-A13Q-07","TCGA-BH-A1F5","Primary Tumor","JAK3","ENSG00000105639",134,1.082,0.3318,0.3315,"OK"
"TCGA-BRCA","d657ed9a-fd92-493c-ae10-120c8b0c58d7","TCGA-BH-A1F5-01A-12R-A13Q-07","TCGA-BH-A1F5","Primary Tumor","EPHB2","ENSG00000133216",307,1.3493,0.4139,0.4134,"OK"
"TCGA-BRCA","2040d4e4-0ecb-4081-9478-9d2707833a1b","TCGA-C8-A1HK-01A-21R-A13Q-07","TCGA-C8-A1HK","Primary Tumor","JAK3","ENSG00000105639",251,3.0585,0.9351,0.9068,"OK"
"TCGA-BRCA","2040d4e4-0ecb-4081-9478-9d2707833a1b","TCGA-C8-A1HK-01A-21R-A13Q-07","TCGA-C8-A1HK","Primary Tumor","EPHB2","ENSG00000133216",712,4.7226,1.444,1.4002,"OK"
"TCGA-BRCA","59915f69-8e37-44a8-a8f6-feb9e06b6703","TCGA-A8-A081-01A-11R-A00Z-07","TCGA-A8-A081","Primary Tumor","JAK3","ENSG00000105639",1730,12.5362,3.4856,3.217,"OK"
"TCGA-BRCA","59915f69-8e37-44a8-a8f6-feb9e06b6703","TCGA-A8-A081-01A-11R-A00Z-07","TCGA-A8-A081","Primary Tumor","EPHB2","ENSG00000133216",646,2.5482,0.7085,0.6539,"OK"
"TCGA-BRCA","f94b47fb-764c-456f-946d-907a2fc154db","TCGA-A2-A0YT-01A-11R-A109-07","TCGA-A2-A0YT","Primary Tumor","JAK3","ENSG00000105639",720,5.4009,1.5096,1.42,"OK"
"TCGA-BRCA","f94b47fb-764c-456f-946d-907a2fc154db","TCGA-A2-A0YT-01A-11R-A109-07","TCGA-A2-A0YT","Primary Tumor","EPHB2","ENSG00000133216",575,2.3479,0.6562,0.6173,"OK"
"TCGA-BRCA","deb932e6-470e-4fae-88f1-efb2e820325e","TCGA-D8-A1XC-01A-11R-A14D-07","TCGA-D8-A1XC","Primary Tumor","JAK3","ENSG00000105639",78,0.8701,0.2519,0.2468,"OK"
"TCGA-BRCA","deb932e6-470e-4fae-88f1-efb2e820325e","TCGA-D8-A1XC-01A-11R-A14D-07","TCGA-D8-A1XC","Primary Tumor","EPHB2","ENSG00000133216",191,1.1598,0.3358,0.329,"OK"
"TCGA-BRCA","76bcf698-d2da-42de-b33c-c5deb721c643","TCGA-BH-A1F6-01A-11R-A13Q-07","TCGA-BH-A1F6","Primary Tumor","JAK3","ENSG00000105639",1022,11.4561,3.7094,3.5525,"OK"
"TCGA-BRCA","76bcf698-d2da-42de-b33c-c5deb721c643","TCGA-BH-A1F6-01A-11R-A13Q-07","TCGA-BH-A1F6","Primary Tumor","EPHB2","ENSG00000133216",821,5.0096,1.6221,1.5535,"OK"
"TCGA-BRCA","2faa9332-e577-4884-94e4-b895827db8b6","TCGA-C8-A12Q-01A-11R-A115-07","TCGA-C8-A12Q","Primary Tumor","JAK3","ENSG00000105639",781,6.458,1.6846,1.7016,"OK"
"TCGA-BRCA","2faa9332-e577-4884-94e4-b895827db8b6","TCGA-C8-A12Q-01A-11R-A115-07","TCGA-C8-A12Q","Primary Tumor","EPHB2","ENSG00000133216",630,2.8357,0.7397,0.7472,"OK"
"TCGA-BRCA","c7571e35-d912-4935-b2c3-bbba019fe9f8","TCGA-A2-A0EY-01A-11R-A034-07","TCGA-A2-A0EY","Primary Tumor","JAK3","ENSG00000105639",973,8.6026,2.5478,2.5703,"OK"
"TCGA-BRCA","c7571e35-d912-4935-b2c3-bbba019fe9f8","TCGA-A2-A0EY-01A-11R-A034-07","TCGA-A2-A0EY","Primary Tumor","EPHB2","ENSG00000133216",1086,5.2266,1.5479,1.5616,"OK"
"TCGA-BRCA","ad67e3a9-1751-4e6f-a962-2175f824f96d","TCGA-A8-A07U-01A-11R-A034-07","TCGA-A8-A07U","Primary Tumor","JAK3","ENSG00000105639",2563,17.1697,7.277,7.4714,"OK"
"TCGA-BRCA","ad67e3a9-1751-4e6f-a962-2175f824f96d","TCGA-A8-A07U-01A-11R-A034-07","TCGA-A8-A07U","Primary Tumor","EPHB2","ENSG00000133216",1781,6.4946,2.7526,2.8261,"OK"
"TCGA-BRCA","d0dcec39-c407-4593-98e3-133714cf2f7b","TCGA-EW-A3E8-01B-11R-A24H-07","TCGA-EW-A3E8","Primary Tumor","JAK3","ENSG00000105639",2269,16.2583,5.0973,4.7136,"OK"
"TCGA-BRCA","d0dcec39-c407-4593-98e3-133714cf2f7b","TCGA-EW-A3E8-01B-11R-A24H-07","TCGA-EW-A3E8","Primary Tumor","EPHB2","ENSG00000133216",918,3.5806,1.1226,1.0381,"OK"
"TCGA-BRCA","d84ce38f-afb8-4b1a-9a5f-f62d59577b3d","TCGA-BH-A0BV-01A-11R-A00Z-07","TCGA-BH-A0BV","Primary Tumor","JAK3","ENSG00000105639",578,6.2961,1.6769,1.6715,"OK"
"TCGA-BRCA","d84ce38f-afb8-4b1a-9a5f-f62d59577b3d","TCGA-BH-A0BV-01A-11R-A00Z-07","TCGA-BH-A0BV","Primary Tumor","EPHB2","ENSG00000133216",840,4.9807,1.3266,1.3223,"OK"
"TCGA-BRCA","4cac7145-605b-43d2-a1e3-309971cbe173","TCGA-A2-A04X-01A-21R-A034-07","TCGA-A2-A04X","Primary Tumor","JAK3","ENSG00000105639",1718,11.3644,4.1296,4.4231,"OK"
"TCGA-BRCA","4cac7145-605b-43d2-a1e3-309971cbe173","TCGA-A2-A04X-01A-21R-A034-07","TCGA-A2-A04X","Primary Tumor","EPHB2","ENSG00000133216",681,2.4521,0.8911,0.9544,"OK"
"TCGA-BRCA","fc1ea7f7-814a-43c5-a841-fb0c11734603","TCGA-GM-A3XG-01A-31R-A24H-07","TCGA-GM-A3XG","Primary Tumor","JAK3","ENSG00000105639",838,7.0895,2.1833,2.172,"OK"
"TCGA-BRCA","fc1ea7f7-814a-43c5-a841-fb0c11734603","TCGA-GM-A3XG-01A-31R-A24H-07","TCGA-GM-A3XG","Primary Tumor","EPHB2","ENSG00000133216",309,1.423,0.4382,0.436,"OK"
"TCGA-BRCA","97dd05b6-58a9-43ab-9e03-faa105d2a700","TCGA-BH-A18N-01A-11R-A12D-07","TCGA-BH-A18N","Primary Tumor","JAK3","ENSG00000105639",214,2.2198,0.5663,0.5353,"OK"
"TCGA-BRCA","97dd05b6-58a9-43ab-9e03-faa105d2a700","TCGA-BH-A18N-01A-11R-A12D-07","TCGA-BH-A18N","Primary Tumor","EPHB2","ENSG00000133216",245,1.3833,0.3529,0.3336,"OK"
"TCGA-BRCA","cba08218-0a7b-4425-8776-b240fac9b6cf","TCGA-AR-A5QM-01A-11R-A27Q-07","TCGA-AR-A5QM","Primary Tumor","JAK3","ENSG00000105639",515,5.7127,1.7284,1.6775,"OK"
"TCGA-BRCA","cba08218-0a7b-4425-8776-b240fac9b6cf","TCGA-AR-A5QM-01A-11R-A27Q-07","TCGA-AR-A5QM","Primary Tumor","EPHB2","ENSG00000133216",811,4.897,1.4816,1.438,"OK"
"TCGA-BRCA","4662f2d3-edd6-4260-a4ad-04c46ca54443","TCGA-E2-A10C-01A-21R-A10J-07","TCGA-E2-A10C","Primary Tumor","JAK3","ENSG00000105639",1057,9.2664,3.5088,3.63,"OK"
"TCGA-BRCA","4662f2d3-edd6-4260-a4ad-04c46ca54443","TCGA-E2-A10C-01A-21R-A10J-07","TCGA-E2-A10C","Primary Tumor","EPHB2","ENSG00000133216",421,2.0091,0.7607,0.787,"OK"
"TCGA-BRCA","59980021-265a-4817-b7ea-02908a52cbcb","TCGA-A2-A04Y-01A-21R-A034-07","TCGA-A2-A04Y","Primary Tumor","JAK3","ENSG00000105639",931,4.3742,1.7977,2.1221,"OK"
"TCGA-BRCA","59980021-265a-4817-b7ea-02908a52cbcb","TCGA-A2-A04Y-01A-21R-A034-07","TCGA-A2-A04Y","Primary Tumor","EPHB2","ENSG00000133216",1110,2.8389,1.1667,1.3772,"OK"
"TCGA-BRCA","b9bdb9d3-4d2b-4a53-9804-d0511174e553","TCGA-A7-A0CH-11A-32R-A089-07","TCGA-A7-A0CH","Solid Tissue Normal","JAK3","ENSG00000105639",604,4.4493,1.5045,1.6538,"OK"
"TCGA-BRCA","b9bdb9d3-4d2b-4a53-9804-d0511174e553","TCGA-A7-A0CH-11A-32R-A089-07","TCGA-A7-A0CH","Solid Tissue Normal","EPHB2","ENSG00000133216",479,1.9207,0.6495,0.7139,"OK"
"TCGA-BRCA","2d75b6a1-0f93-4c6a-9554-73a214969c6b","TCGA-E9-A1N4-11A-33R-A14M-07","TCGA-E9-A1N4","Solid Tissue Normal","JAK3","ENSG00000105639",649,5.1284,1.4157,1.3264,"OK"
"TCGA-BRCA","2d75b6a1-0f93-4c6a-9554-73a214969c6b","TCGA-E9-A1N4-11A-33R-A14M-07","TCGA-E9-A1N4","Solid Tissue Normal","EPHB2","ENSG00000133216",321,1.3807,0.3812,0.3571,"OK"
"TCGA-BRCA","64657d41-17ad-4692-8a13-0cf55c55f11d","TCGA-A7-A0CH-01A-21R-A00Z-07","TCGA-A7-A0CH","Primary Tumor","JAK3","ENSG00000105639",165,1.9841,0.5445,0.5122,"OK"
"TCGA-BRCA","64657d41-17ad-4692-8a13-0cf55c55f11d","TCGA-A7-A0CH-01A-21R-A00Z-07","TCGA-A7-A0CH","Primary Tumor","EPHB2","ENSG00000133216",380,2.4874,0.6826,0.6421,"OK"
"TCGA-BRCA","e5363f56-84fa-4b66-a005-1e7cdcb84c2f","TCGA-A7-A26J-01A-11R-A277-07","TCGA-A7-A26J","Primary Tumor","JAK3","ENSG00000105639",91,0.5657,0.3471,0.2964,"OK"
"TCGA-BRCA","e5363f56-84fa-4b66-a005-1e7cdcb84c2f","TCGA-A7-A26J-01A-11R-A277-07","TCGA-A7-A26J","Primary Tumor","EPHB2","ENSG00000133216",1103,3.7323,2.2902,1.9557,"OK"
"TCGA-BRCA","773071d4-438a-4da7-b833-d2d172c4c4e2","TCGA-BH-A1F2-01A-31R-A13Q-07","TCGA-BH-A1F2","Primary Tumor","JAK3","ENSG00000105639",340,2.4989,0.6989,0.7113,"OK"
"TCGA-BRCA","773071d4-438a-4da7-b833-d2d172c4c4e2","TCGA-BH-A1F2-01A-31R-A13Q-07","TCGA-BH-A1F2","Primary Tumor","EPHB2","ENSG00000133216",755,3.0206,0.8448,0.8598,"OK"
"TCGA-BRCA","2455f280-a23c-48ec-b4c1-698b56f72a45","TCGA-BH-A42T-01A-11R-A24H-07","TCGA-BH-A42T","Primary Tumor","JAK3","ENSG00000105639",391,2.887,0.9105,0.9157,"OK"
"TCGA-BRCA","2455f280-a23c-48ec-b4c1-698b56f72a45","TCGA-BH-A42T-01A-11R-A24H-07","TCGA-BH-A42T","Primary Tumor","EPHB2","ENSG00000133216",618,2.4839,0.7833,0.7878,"OK"
"TCGA-BRCA","e14858ca-8bb5-4d6d-906c-5d62722d90f8","TCGA-AN-A0AM-01A-11R-A034-07","TCGA-AN-A0AM","Primary Tumor","JAK3","ENSG00000105639",647,4.7,1.441,1.6341,"OK"
"TCGA-BRCA","e14858ca-8bb5-4d6d-906c-5d62722d90f8","TCGA-AN-A0AM-01A-11R-A034-07","TCGA-AN-A0AM","Primary Tumor","EPHB2","ENSG00000133216",927,3.6656,1.1239,1.2745,"OK"
"TCGA-BRCA","90617797-d2c7-4c49-bffe-b2bea96a7cf1","TCGA-A7-A13G-11A-51R-A13Q-07","TCGA-A7-A13G","Solid Tissue Normal","JAK3","ENSG00000105639",487,2.941,1.0496,1.3532,"OK"
"TCGA-BRCA","90617797-d2c7-4c49-bffe-b2bea96a7cf1","TCGA-A7-A13G-11A-51R-A13Q-07","TCGA-A7-A13G","Solid Tissue Normal","EPHB2","ENSG00000133216",302,0.9928,0.3543,0.4568,"OK"
"TCGA-BRCA","7125229a-2fc6-402d-bd87-ad0d3195fd49","TCGA-HN-A2NL-01A-11R-A18M-07","TCGA-HN-A2NL","Primary Tumor","JAK3","ENSG00000105639",939,7.6842,2.3745,2.3902,"OK"
"TCGA-BRCA","7125229a-2fc6-402d-bd87-ad0d3195fd49","TCGA-HN-A2NL-01A-11R-A18M-07","TCGA-HN-A2NL","Primary Tumor","EPHB2","ENSG00000133216",480,2.1382,0.6607,0.6651,"OK"
"TCGA-BRCA","fde3b574-b9be-4dc2-a5ae-aaab8a0bbd26","TCGA-AC-A2FB-01A-11R-A17B-07","TCGA-AC-A2FB","Primary Tumor","JAK3","ENSG00000105639",2287,18.1659,5.2666,5.24,"OK"
"TCGA-BRCA","fde3b574-b9be-4dc2-a5ae-aaab8a0bbd26","TCGA-AC-A2FB-01A-11R-A17B-07","TCGA-AC-A2FB","Primary Tumor","EPHB2","ENSG00000133216",1003,4.3368,1.2573,1.251,"OK"
"TCGA-BRCA","0e89a7ce-aed2-4c74-9bdf-cf50793c73b6","TCGA-BH-A0H3-01A-11R-A12P-07","TCGA-BH-A0H3","Primary Tumor","JAK3","ENSG00000105639",649,5.9744,1.5312,1.4784,"OK"
"TCGA-BRCA","0e89a7ce-aed2-4c74-9bdf-cf50793c73b6","TCGA-BH-A0H3-01A-11R-A12P-07","TCGA-BH-A0H3","Primary Tumor","EPHB2","ENSG00000133216",761,3.8134,0.9773,0.9437,"OK"
"TCGA-BRCA","c2515ef2-5cfc-4cc2-9541-ae072616d361","TCGA-AQ-A0Y5-01A-11R-A14M-07","TCGA-AQ-A0Y5","Primary Tumor","JAK3","ENSG00000105639",341,3.1071,0.8,0.8744,"OK"
"TCGA-BRCA","c2515ef2-5cfc-4cc2-9541-ae072616d361","TCGA-AQ-A0Y5-01A-11R-A14M-07","TCGA-AQ-A0Y5","Primary Tumor","EPHB2","ENSG00000133216",820,4.0671,1.0471,1.1446,"OK"
"TCGA-BRCA","79bfddcc-1d7b-43a7-9221-8f230eca31d8","TCGA-A7-A0CD-01A-11R-A00Z-07","TCGA-A7-A0CD","Primary Tumor","JAK3","ENSG00000105639",120,1.0093,0.2563,0.2515,"OK"
"TCGA-BRCA","79bfddcc-1d7b-43a7-9221-8f230eca31d8","TCGA-A7-A0CD-01A-11R-A00Z-07","TCGA-A7-A0CD","Primary Tumor","EPHB2","ENSG00000133216",298,1.3644,0.3464,0.34,"OK"
"TCGA-BRCA","06227b3b-56d0-4657-bb37-8f56a3dc15f7","TCGA-LL-A6FP-01A-11R-A31O-07","TCGA-LL-A6FP","Primary Tumor","JAK3","ENSG00000105639",86,0.616,0.2139,0.2216,"OK"
"TCGA-BRCA","06227b3b-56d0-4657-bb37-8f56a3dc15f7","TCGA-LL-A6FP-01A-11R-A31O-07","TCGA-LL-A6FP","Primary Tumor","EPHB2","ENSG00000133216",91,0.3548,0.1232,0.1277,"OK"
"TCGA-BRCA","f7a47166-9593-4a37-b95a-2de86b6d65c9","TCGA-BH-A0BD-01A-11R-A034-07","TCGA-BH-A0BD","Primary Tumor","JAK3","ENSG00000105639",927,7.9176,2.1328,2.1697,"OK"
"TCGA-BRCA","f7a47166-9593-4a37-b95a-2de86b6d65c9","TCGA-BH-A0BD-01A-11R-A034-07","TCGA-BH-A0BD","Primary Tumor","EPHB2","ENSG00000133216",1293,6.0115,1.6194,1.6474,"OK"
"TCGA-BRCA","ed0aae7b-f815-4dc8-a98f-5844602cbaea","TCGA-A8-A07G-01A-11R-A034-07","TCGA-A8-A07G","Primary Tumor","JAK3","ENSG00000105639",474,3.8851,1.0485,1.1656,"OK"
"TCGA-BRCA","ed0aae7b-f815-4dc8-a98f-5844602cbaea","TCGA-A8-A07G-01A-11R-A034-07","TCGA-A8-A07G","Primary Tumor","EPHB2","ENSG00000133216",811,3.6184,0.9765,1.0856,"OK"
"TCGA-BRCA","839a4656-f2ce-4460-858a-8e6b314695ef","TCGA-D8-A146-01A-31R-A115-07","TCGA-D8-A146","Primary Tumor","JAK3","ENSG00000105639",830,8.034,2.1181,2.0428,"OK"
"TCGA-BRCA","839a4656-f2ce-4460-858a-8e6b314695ef","TCGA-D8-A146-01A-31R-A115-07","TCGA-D8-A146","Primary Tumor","EPHB2","ENSG00000133216",693,3.6514,0.9627,0.9284,"OK"
"TCGA-BRCA","b46720bc-7f5a-4bf4-a2a3-3d9fe500d193","TCGA-C8-A1HI-01A-11R-A137-07","TCGA-C8-A1HI","Primary Tumor","JAK3","ENSG00000105639",945,5.693,1.7289,1.7968,"OK"
"TCGA-BRCA","b46720bc-7f5a-4bf4-a2a3-3d9fe500d193","TCGA-C8-A1HI-01A-11R-A137-07","TCGA-C8-A1HI","Primary Tumor","EPHB2","ENSG00000133216",684,2.243,0.6812,0.7079,"OK"
"TCGA-BRCA","488399aa-ef3c-42d7-817f-9db11b9902dd","TCGA-E9-A1R4-01A-21R-A14D-07","TCGA-E9-A1R4","Primary Tumor","JAK3","ENSG00000105639",1165,12.4519,3.5318,3.2736,"OK"
"TCGA-BRCA","488399aa-ef3c-42d7-817f-9db11b9902dd","TCGA-E9-A1R4-01A-21R-A14D-07","TCGA-E9-A1R4","Primary Tumor","EPHB2","ENSG00000133216",1523,8.861,2.5133,2.3296,"OK"
"TCGA-BRCA","a9527be9-e865-4074-ae57-f3510e70c203","TCGA-A8-A07E-01A-11R-A034-07","TCGA-A8-A07E","Primary Tumor","JAK3","ENSG00000105639",1228,9.9632,2.5515,2.5509,"OK"
"TCGA-BRCA","a9527be9-e865-4074-ae57-f3510e70c203","TCGA-A8-A07E-01A-11R-A034-07","TCGA-A8-A07E","Primary Tumor","EPHB2","ENSG00000133216",1370,6.0506,1.5495,1.5491,"OK"
"TCGA-BRCA","7002e8cb-0d64-4d4b-a483-bf6dec3c2abb","TCGA-AC-A2QH-01B-04R-A22O-07","TCGA-AC-A2QH","Primary Tumor","JAK3","ENSG00000105639",114,2.3204,0.9668,1.0506,"OK"
"TCGA-BRCA","7002e8cb-0d64-4d4b-a483-bf6dec3c2abb","TCGA-AC-A2QH-01B-04R-A22O-07","TCGA-AC-A2QH","Primary Tumor","EPHB2","ENSG00000133216",1205,13.3514,5.5626,6.0448,"OK"
"TCGA-BRCA","3293a2fa-d57c-448e-a336-a92def5dd92a","TCGA-A7-A0DA-01A-31R-A115-07","TCGA-A7-A0DA","Primary Tumor","JAK3","ENSG00000105639",540,4.4008,1.2944,1.3257,"OK"
"TCGA-BRCA","3293a2fa-d57c-448e-a336-a92def5dd92a","TCGA-A7-A0DA-01A-31R-A115-07","TCGA-A7-A0DA","Primary Tumor","EPHB2","ENSG00000133216",758,3.3626,0.989,1.0129,"OK"
"TCGA-BRCA","aabb4a65-aff2-4f78-a969-bacbe5b80856","TCGA-BH-A0B1-01A-12R-A056-07","TCGA-BH-A0B1","Primary Tumor","JAK3","ENSG00000105639",338,3.2718,0.8549,0.9174,"OK"
"TCGA-BRCA","aabb4a65-aff2-4f78-a969-bacbe5b80856","TCGA-BH-A0B1-01A-12R-A056-07","TCGA-BH-A0B1","Primary Tumor","EPHB2","ENSG00000133216",691,3.641,0.9514,1.0209,"OK"
"TCGA-BRCA","acfa0ea5-3345-4734-9917-d3acc10d1a15","TCGA-BH-A18L-11A-42R-A12D-07","TCGA-BH-A18L","Solid Tissue Normal","JAK3","ENSG00000105639",463,4.9406,1.4043,1.3837,"OK"
"TCGA-BRCA","acfa0ea5-3345-4734-9917-d3acc10d1a15","TCGA-BH-A18L-11A-42R-A12D-07","TCGA-BH-A18L","Solid Tissue Normal","EPHB2","ENSG00000133216",533,3.096,0.88,0.8671,"OK"
"TCGA-BRCA","5cce30f3-99ae-4959-987a-0d280dc2ec44","TCGA-AR-A24Q-01A-12R-A169-07","TCGA-AR-A24Q","Primary Tumor","JAK3","ENSG00000105639",984,6.8029,2.0413,2.0898,"OK"
"TCGA-BRCA","5cce30f3-99ae-4959-987a-0d280dc2ec44","TCGA-AR-A24Q-01A-12R-A169-07","TCGA-AR-A24Q","Primary Tumor","EPHB2","ENSG00000133216",667,2.5101,0.7532,0.7711,"OK"
"TCGA-BRCA","ee89e01e-d54e-4166-a3ae-db9357639523","TCGA-E2-A155-01A-11R-A12D-07","TCGA-E2-A155","Primary Tumor","JAK3","ENSG00000105639",312,2.3532,0.625,0.6331,"OK"
"TCGA-BRCA","ee89e01e-d54e-4166-a3ae-db9357639523","TCGA-E2-A155-01A-11R-A12D-07","TCGA-E2-A155","Primary Tumor","EPHB2","ENSG00000133216",822,3.3748,0.8963,0.9079,"OK"
"TCGA-BRCA","1b65bcb7-8170-4eb8-af93-c547b984c571","TCGA-A2-A0SV-01A-11R-A084-07","TCGA-A2-A0SV","Primary Tumor","JAK3","ENSG00000105639",721,4.9537,1.4375,1.5191,"OK"
"TCGA-BRCA","1b65bcb7-8170-4eb8-af93-c547b984c571","TCGA-A2-A0SV-01A-11R-A084-07","TCGA-A2-A0SV","Primary Tumor","EPHB2","ENSG00000133216",1827,6.8329,1.9828,2.0954,"OK"
"TCGA-BRCA","4081fb70-afcd-4be3-a071-6df014f4fa52","TCGA-C8-A134-01A-11R-A115-07","TCGA-C8-A134","Primary Tumor","JAK3","ENSG00000105639",2399,14.5381,3.97,3.6784,"OK"
"TCGA-BRCA","4081fb70-afcd-4be3-a071-6df014f4fa52","TCGA-C8-A134-01A-11R-A115-07","TCGA-C8-A134","Primary Tumor","EPHB2","ENSG00000133216",3795,12.5188,3.4185,3.1675,"OK"
"TCGA-BRCA","40d222ea-3a59-45b9-91a2-0566b239c89e","TCGA-BH-A0HA-01A-11R-A12P-07","TCGA-BH-A0HA","Primary Tumor","JAK3","ENSG00000105639",514,5.1568,1.5636,1.7437,"OK"
"TCGA-BRCA","40d222ea-3a59-45b9-91a2-0566b239c89e","TCGA-BH-A0HA-01A-11R-A12P-07","TCGA-BH-A0HA","Primary Tumor","EPHB2","ENSG00000133216",669,3.6536,1.1078,1.2354,"OK"
"TCGA-BRCA","f205f47f-bd57-42bf-a702-4a17d4391411","TCGA-B6-A0IM-01A-11R-A034-07","TCGA-B6-A0IM","Primary Tumor","JAK3","ENSG00000105639",408,3.041,0.775,0.7947,"OK"
"TCGA-BRCA","f205f47f-bd57-42bf-a702-4a17d4391411","TCGA-B6-A0IM-01A-11R-A034-07","TCGA-B6-A0IM","Primary Tumor","EPHB2","ENSG00000133216",506,2.053,0.5232,0.5365,"OK"
"TCGA-BRCA","c0f6d246-c872-41a5-8135-2bdbdb1f924f","TCGA-A2-A3XX-01A-21R-A239-07","TCGA-A2-A3XX","Primary Tumor","JAK3","ENSG00000105639",823,6.2517,2.0296,2.1258,"OK"
"TCGA-BRCA","c0f6d246-c872-41a5-8135-2bdbdb1f924f","TCGA-A2-A3XX-01A-21R-A239-07","TCGA-A2-A3XX","Primary Tumor","EPHB2","ENSG00000133216",1418,5.8634,1.9035,1.9937,"OK"
"TCGA-BRCA","f599be9a-0cac-4441-905c-5a6c87e7bc8c","TCGA-BH-A0BW-11A-12R-A115-07","TCGA-BH-A0BW","Solid Tissue Normal","JAK3","ENSG00000105639",4710,46.7911,14.8773,13.7771,"OK"
"TCGA-BRCA","f599be9a-0cac-4441-905c-5a6c87e7bc8c","TCGA-BH-A0BW-11A-12R-A115-07","TCGA-BH-A0BW","Solid Tissue Normal","EPHB2","ENSG00000133216",709,3.8341,1.2191,1.1289,"OK"
"TCGA-BRCA","2d148c3a-7bbd-414f-872e-dd916d0e3ccf","TCGA-BH-A1EN-11A-23R-A13Q-07","TCGA-BH-A1EN","Solid Tissue Normal","JAK3","ENSG00000105639",1030,6.1235,1.9859,2.1793,"OK"
"TCGA-BRCA","2d148c3a-7bbd-414f-872e-dd916d0e3ccf","TCGA-BH-A1EN-11A-23R-A13Q-07","TCGA-BH-A1EN","Solid Tissue Normal","EPHB2","ENSG00000133216",675,2.1844,0.7084,0.7774,"OK"
"TCGA-BRCA","1c386dc6-8279-4156-bd7c-47e2f8af27bf","TCGA-A2-A0ET-01A-31R-A034-07","TCGA-A2-A0ET","Primary Tumor","JAK3","ENSG00000105639",347,2.9071,0.7497,0.6959,"OK"
"TCGA-BRCA","1c386dc6-8279-4156-bd7c-47e2f8af27bf","TCGA-A2-A0ET-01A-31R-A034-07","TCGA-A2-A0ET","Primary Tumor","EPHB2","ENSG00000133216",492,2.2437,0.5786,0.5371,"OK"
"TCGA-BRCA","ef3ba95e-2251-43a6-8910-2bdfb02d22be","TCGA-A2-A1G0-01A-11R-A13Q-07","TCGA-A2-A1G0","Primary Tumor","JAK3","ENSG00000105639",907,8.2932,2.1543,2.1085,"OK"
"TCGA-BRCA","ef3ba95e-2251-43a6-8910-2bdfb02d22be","TCGA-A2-A1G0-01A-11R-A13Q-07","TCGA-A2-A1G0","Primary Tumor","EPHB2","ENSG00000133216",461,2.2945,0.596,0.5834,"OK"
"TCGA-BRCA","dcf2260b-c0bf-4f59-a4da-079a340b1e33","TCGA-AR-A0U3-01A-11R-A109-07","TCGA-AR-A0U3","Primary Tumor","JAK3","ENSG00000105639",281,4.5656,1.2107,1.1015,"OK"
"TCGA-BRCA","dcf2260b-c0bf-4f59-a4da-079a340b1e33","TCGA-AR-A0U3-01A-11R-A109-07","TCGA-AR-A0U3","Primary Tumor","EPHB2","ENSG00000133216",263,2.326,0.6168,0.5612,"OK"
"TCGA-BRCA","b0e49ee8-40e0-4edf-bcde-277a0fe1d12f","TCGA-AC-A2BM-01A-11R-A21T-07","TCGA-AC-A2BM","Primary Tumor","JAK3","ENSG00000105639",598,6.3391,1.6889,1.5048,"OK"
"TCGA-BRCA","b0e49ee8-40e0-4edf-bcde-277a0fe1d12f","TCGA-AC-A2BM-01A-11R-A21T-07","TCGA-AC-A2BM","Primary Tumor","EPHB2","ENSG00000133216",825,4.7605,1.2684,1.1301,"OK"
"TCGA-BRCA","5b6828f2-4da6-49a4-a19c-569e089ff0b0","TCGA-A2-A0CQ-01A-21R-A034-07","TCGA-A2-A0CQ","Primary Tumor","JAK3","ENSG00000105639",362,2.4459,0.8655,0.9086,"OK"
"TCGA-BRCA","5b6828f2-4da6-49a4-a19c-569e089ff0b0","TCGA-A2-A0CQ-01A-21R-A034-07","TCGA-A2-A0CQ","Primary Tumor","EPHB2","ENSG00000133216",423,1.5558,0.5505,0.578,"OK"
"TCGA-BRCA","587b3262-55f8-4611-8431-0c02a5df652d","TCGA-AR-A2LN-01A-21R-A18M-07","TCGA-AR-A2LN","Primary Tumor","JAK3","ENSG00000105639",544,8.5996,2.2107,2.1319,"OK"
"TCGA-BRCA","587b3262-55f8-4611-8431-0c02a5df652d","TCGA-AR-A2LN-01A-21R-A18M-07","TCGA-AR-A2LN","Primary Tumor","EPHB2","ENSG00000133216",753,6.4795,1.6657,1.6063,"OK"
"TCGA-BRCA","e1a528ee-1bec-4aa5-bb9c-9d0af3ba4108","TCGA-A7-A6VX-01A-12R-A33J-07","TCGA-A7-A6VX","Primary Tumor","JAK3","ENSG00000105639",244,2.9642,0.7281,0.714,"OK"
"TCGA-BRCA","e1a528ee-1bec-4aa5-bb9c-9d0af3ba4108","TCGA-A7-A6VX-01A-12R-A33J-07","TCGA-A7-A6VX","Primary Tumor","EPHB2","ENSG00000133216",737,4.8737,1.1972,1.1739,"OK"
"TCGA-BRCA","e06eeb14-0ebf-453f-847b-b1ae63fe8194","TCGA-A2-A1FW-01A-11R-A13Q-07","TCGA-A2-A1FW","Primary Tumor","JAK3","ENSG00000105639",383,3.2097,0.8158,0.8043,"OK"
"TCGA-BRCA","e06eeb14-0ebf-453f-847b-b1ae63fe8194","TCGA-A2-A1FW-01A-11R-A13Q-07","TCGA-A2-A1FW","Primary Tumor","EPHB2","ENSG00000133216",1128,5.1457,1.3078,1.2895,"OK"
"TCGA-BRCA","08837ae7-6f4f-4aa1-8722-7c404b66ed75","TCGA-BH-A18T-01A-11R-A12D-07","TCGA-BH-A18T","Primary Tumor","JAK3","ENSG00000105639",449,3.8379,1.0009,0.9932,"OK"
"TCGA-BRCA","08837ae7-6f4f-4aa1-8722-7c404b66ed75","TCGA-BH-A18T-01A-11R-A12D-07","TCGA-BH-A18T","Primary Tumor","EPHB2","ENSG00000133216",516,2.4009,0.6261,0.6213,"OK"
"TCGA-BRCA","81138059-5789-4ea7-84e9-1490aa53a283","TCGA-BH-A0H9-11A-22R-A466-07","TCGA-BH-A0H9","Solid Tissue Normal","JAK3","ENSG00000105639",247,2.735,0.9372,1.1298,"OK"
"TCGA-BRCA","81138059-5789-4ea7-84e9-1490aa53a283","TCGA-BH-A0H9-11A-22R-A466-07","TCGA-BH-A0H9","Solid Tissue Normal","EPHB2","ENSG00000133216",295,1.7781,0.6093,0.7345,"OK"
"TCGA-BRCA","9cbb73a5-7b3b-4559-a295-d4693ae6dee2","TCGA-BH-A0BQ-01A-21R-A115-07","TCGA-BH-A0BQ","Primary Tumor","JAK3","ENSG00000105639",653,7.8213,2.1958,2.2714,"OK"
"TCGA-BRCA","9cbb73a5-7b3b-4559-a295-d4693ae6dee2","TCGA-BH-A0BQ-01A-21R-A115-07","TCGA-BH-A0BQ","Primary Tumor","EPHB2","ENSG00000133216",439,2.8622,0.8036,0.8312,"OK"
"TCGA-BRCA","e4086c26-d200-4e42-8249-ed8cbeec0951","TCGA-BH-A0H0-01A-11R-A056-07","TCGA-BH-A0H0","Primary Tumor","JAK3","ENSG00000105639",297,2.079,0.6078,0.5759,"OK"
"TCGA-BRCA","e4086c26-d200-4e42-8249-ed8cbeec0951","TCGA-BH-A0H0-01A-11R-A056-07","TCGA-BH-A0H0","Primary Tumor","EPHB2","ENSG00000133216",209,0.7964,0.2328,0.2206,"OK"
"TCGA-BRCA","2a18db7b-b054-4210-b8cb-a647c26f90c1","TCGA-E9-A1RI-11A-41R-A169-07","TCGA-E9-A1RI","Solid Tissue Normal","JAK3","ENSG00000105639",191,1.2996,0.4233,0.5262,"OK"
"TCGA-BRCA","2a18db7b-b054-4210-b8cb-a647c26f90c1","TCGA-E9-A1RI-11A-41R-A169-07","TCGA-E9-A1RI","Solid Tissue Normal","EPHB2","ENSG00000133216",215,0.7963,0.2594,0.3224,"OK"
"TCGA-BRCA","0e9ea184-c4bc-43f0-817c-8a950008e4bd","TCGA-D8-A27K-01A-11R-A16F-07","TCGA-D8-A27K","Primary Tumor","JAK3","ENSG00000105639",1650,15.5284,3.9925,3.6167,"OK"
"TCGA-BRCA","0e9ea184-c4bc-43f0-817c-8a950008e4bd","TCGA-D8-A27K-01A-11R-A16F-07","TCGA-D8-A27K","Primary Tumor","EPHB2","ENSG00000133216",591,3.0276,0.7784,0.7052,"OK"
"TCGA-BRCA","84df6b33-7f6a-496d-8cd7-f523b07fd0bb","TCGA-BH-A0BF-01A-21R-A12P-07","TCGA-BH-A0BF","Primary Tumor","JAK3","ENSG00000105639",2177,18.4807,5.9183,6.0742,"OK"
"TCGA-BRCA","84df6b33-7f6a-496d-8cd7-f523b07fd0bb","TCGA-BH-A0BF-01A-21R-A12P-07","TCGA-BH-A0BF","Primary Tumor","EPHB2","ENSG00000133216",1097,5.0692,1.6234,1.6661,"OK"
"TCGA-BRCA","1a4285b8-765b-4954-b9f2-dc8609572889","TCGA-A8-A09B-01A-11R-A00Z-07","TCGA-A8-A09B","Primary Tumor","JAK3","ENSG00000105639",472,4.1083,1.1862,1.1909,"OK"
"TCGA-BRCA","1a4285b8-765b-4954-b9f2-dc8609572889","TCGA-A8-A09B-01A-11R-A00Z-07","TCGA-A8-A09B","Primary Tumor","EPHB2","ENSG00000133216",329,1.5588,0.4501,0.4519,"OK"
"TCGA-BRCA","e5b0c2dc-c652-40a0-bb80-d7e87830b406","TCGA-BH-A0DP-01A-21R-A056-07","TCGA-BH-A0DP","Primary Tumor","JAK3","ENSG00000105639",449,5.181,1.4017,1.3976,"OK"
"TCGA-BRCA","e5b0c2dc-c652-40a0-bb80-d7e87830b406","TCGA-BH-A0DP-01A-21R-A056-07","TCGA-BH-A0DP","Primary Tumor","EPHB2","ENSG00000133216",572,3.5929,0.972,0.9692,"OK"
"TCGA-BRCA","507952aa-23c0-4239-ae19-04d8f862acc2","TCGA-A1-A0SK-01A-12R-A084-07","TCGA-A1-A0SK","Primary Tumor","JAK3","ENSG00000105639",142,1.4128,0.3407,0.3254,"OK"
"TCGA-BRCA","507952aa-23c0-4239-ae19-04d8f862acc2","TCGA-A1-A0SK-01A-12R-A084-07","TCGA-A1-A0SK","Primary Tumor","EPHB2","ENSG00000133216",3989,21.6033,5.2104,4.9755,"OK"
"TCGA-BRCA","90cb5f76-ec86-4532-8352-e6622ef24980","TCGA-W8-A86G-01A-21R-A36F-07","TCGA-W8-A86G","Primary Tumor","JAK3","ENSG00000105639",451,5.3945,1.63,1.5489,"OK"
"TCGA-BRCA","90cb5f76-ec86-4532-8352-e6622ef24980","TCGA-W8-A86G-01A-21R-A36F-07","TCGA-W8-A86G","Primary Tumor","EPHB2","ENSG00000133216",262,1.7059,0.5155,0.4898,"OK"
"TCGA-BRCA","ef227e3c-7a6d-4c43-945f-c1c7b410d50b","TCGA-E2-A574-01A-11R-A29R-07","TCGA-E2-A574","Primary Tumor","JAK3","ENSG00000105639",115,1.1255,0.3851,0.446,"OK"
"TCGA-BRCA","ef227e3c-7a6d-4c43-945f-c1c7b410d50b","TCGA-E2-A574-01A-11R-A29R-07","TCGA-E2-A574","Primary Tumor","EPHB2","ENSG00000133216",1188,6.3293,2.1654,2.5078,"OK"
"TCGA-BRCA","56be281f-e85c-4dcb-9d75-cd9ae3430bbe","TCGA-A8-A093-01A-11R-A00Z-07","TCGA-A8-A093","Primary Tumor","JAK3","ENSG00000105639",119,1.0803,0.2783,0.2757,"OK"
"TCGA-BRCA","56be281f-e85c-4dcb-9d75-cd9ae3430bbe","TCGA-A8-A093-01A-11R-A00Z-07","TCGA-A8-A093","Primary Tumor","EPHB2","ENSG00000133216",409,2.0211,0.5206,0.5157,"OK"
"TCGA-BRCA","86d52d54-1b0d-40b1-99ce-82b4e345acb8","TCGA-A8-A084-01A-21R-A00Z-07","TCGA-A8-A084","Primary Tumor","JAK3","ENSG00000105639",139,1.4334,0.3975,0.3851,"OK"
"TCGA-BRCA","86d52d54-1b0d-40b1-99ce-82b4e345acb8","TCGA-A8-A084-01A-21R-A00Z-07","TCGA-A8-A084","Primary Tumor","EPHB2","ENSG00000133216",631,3.542,0.9822,0.9517,"OK"
"TCGA-BRCA","1c74a1ed-8000-4dc0-970f-03831ca5e167","TCGA-BH-A0GZ-01A-11R-A056-07","TCGA-BH-A0GZ","Primary Tumor","JAK3","ENSG00000105639",264,2.055,0.8148,0.9181,"OK"
"TCGA-BRCA","1c74a1ed-8000-4dc0-970f-03831ca5e167","TCGA-BH-A0GZ-01A-11R-A056-07","TCGA-BH-A0GZ","Primary Tumor","EPHB2","ENSG00000133216",332,1.4067,0.5577,0.6285,"OK"
"TCGA-BRCA","e25bb12b-f88b-41c5-951e-a36d4b94008f","TCGA-XX-A89A-01A-11R-A36F-07","TCGA-XX-A89A","Primary Tumor","JAK3","ENSG00000105639",1252,14.2476,4.0672,4.3132,"OK"
"TCGA-BRCA","e25bb12b-f88b-41c5-951e-a36d4b94008f","TCGA-XX-A89A-01A-11R-A36F-07","TCGA-XX-A89A","Primary Tumor","EPHB2","ENSG00000133216",1556,9.6388,2.7515,2.9179,"OK"
"TCGA-BRCA","e3e56a3c-5a8b-419e-8904-194a2fdfa550","TCGA-LL-A740-01A-21R-A32P-07","TCGA-LL-A740","Primary Tumor","JAK3","ENSG00000105639",876,8.9319,2.5049,2.6338,"OK"
"TCGA-BRCA","e3e56a3c-5a8b-419e-8904-194a2fdfa550","TCGA-LL-A740-01A-21R-A32P-07","TCGA-LL-A740","Primary Tumor","EPHB2","ENSG00000133216",1513,8.3976,2.355,2.4762,"OK"
"TCGA-BRCA","54600389-6de5-44ce-ada1-8a8508b50980","TCGA-A2-A0T2-01A-11R-A084-07","TCGA-A2-A0T2","Primary Tumor","JAK3","ENSG00000105639",639,4.7637,1.8379,2.1291,"OK"
"TCGA-BRCA","54600389-6de5-44ce-ada1-8a8508b50980","TCGA-A2-A0T2-01A-11R-A084-07","TCGA-A2-A0T2","Primary Tumor","EPHB2","ENSG00000133216",2069,8.3961,3.2394,3.7526,"OK"
"TCGA-BRCA","c3b9e954-9acd-481d-b6d1-86db1e62d037","TCGA-E9-A1N6-01A-11R-A144-07","TCGA-E9-A1N6","Primary Tumor","JAK3","ENSG00000105639",257,3.3618,0.8358,0.8635,"OK"
"TCGA-BRCA","c3b9e954-9acd-481d-b6d1-86db1e62d037","TCGA-E9-A1N6-01A-11R-A144-07","TCGA-E9-A1N6","Primary Tumor","EPHB2","ENSG00000133216",1185,8.4377,2.0978,2.1673,"OK"
"TCGA-BRCA","a83dac26-4fdb-4819-be18-a6e03641fb80","TCGA-E9-A1NC-01A-21R-A26B-07","TCGA-E9-A1NC","Primary Tumor","JAK3","ENSG00000105639",1644,12.7232,5.0325,5.9022,"OK"
"TCGA-BRCA","a83dac26-4fdb-4819-be18-a6e03641fb80","TCGA-E9-A1NC-01A-21R-A26B-07","TCGA-E9-A1NC","Primary Tumor","EPHB2","ENSG00000133216",705,2.97,1.1747,1.3778,"OK"
"TCGA-BRCA","f2bf29d2-4c33-4810-90e8-88f37ea47bc8","TCGA-AR-A24H-01A-11R-A169-07","TCGA-AR-A24H","Primary Tumor","JAK3","ENSG00000105639",1015,7.6102,1.8712,1.6587,"OK"
"TCGA-BRCA","f2bf29d2-4c33-4810-90e8-88f37ea47bc8","TCGA-AR-A24H-01A-11R-A169-07","TCGA-AR-A24H","Primary Tumor","EPHB2","ENSG00000133216",935,3.816,0.9383,0.8317,"OK"
"TCGA-BRCA","be386ce9-a12f-4c16-80ba-a5d47d5b374e","TCGA-E2-A1LB-11A-22R-A144-07","TCGA-E2-A1LB","Solid Tissue Normal","JAK3","ENSG00000105639",370,4.1963,1.1189,1.0703,"OK"
"TCGA-BRCA","be386ce9-a12f-4c16-80ba-a5d47d5b374e","TCGA-E2-A1LB-11A-22R-A144-07","TCGA-E2-A1LB","Solid Tissue Normal","EPHB2","ENSG00000133216",161,0.9939,0.265,0.2535,"OK"
"TCGA-BRCA","d56cbe4c-2158-4f78-a545-d5c963a22978","TCGA-A7-A3RF-01A-11R-A22K-07","TCGA-A7-A3RF","Primary Tumor","JAK3","ENSG00000105639",280,2.238,0.6447,0.6834,"OK"
"TCGA-BRCA","d56cbe4c-2158-4f78-a545-d5c963a22978","TCGA-A7-A3RF-01A-11R-A22K-07","TCGA-A7-A3RF","Primary Tumor","EPHB2","ENSG00000133216",491,2.1363,0.6154,0.6523,"OK"
"TCGA-BRCA","cdfe79d9-a0bd-4700-937f-07bd0ee51d73","TCGA-B6-A0RG-01A-11R-A056-07","TCGA-B6-A0RG","Primary Tumor","JAK3","ENSG00000105639",310,3.8456,1.1227,1.1926,"OK"
"TCGA-BRCA","cdfe79d9-a0bd-4700-937f-07bd0ee51d73","TCGA-B6-A0RG-01A-11R-A056-07","TCGA-B6-A0RG","Primary Tumor","EPHB2","ENSG00000133216",236,1.5936,0.4653,0.4942,"OK"
"TCGA-BRCA","8f79405a-c78e-4a9e-a673-969658a0f90b","TCGA-A2-A0EX-01A-21R-A034-07","TCGA-A2-A0EX","Primary Tumor","JAK3","ENSG00000105639",353,3.7457,1.0464,1.1355,"OK"
"TCGA-BRCA","8f79405a-c78e-4a9e-a673-969658a0f90b","TCGA-A2-A0EX-01A-21R-A034-07","TCGA-A2-A0EX","Primary Tumor","EPHB2","ENSG00000133216",834,4.8173,1.3457,1.4603,"OK"
"TCGA-BRCA","2cd221ee-4d29-4f40-ab4c-780cc9045c5a","TCGA-E2-A1B5-01A-21R-A12P-07","TCGA-E2-A1B5","Primary Tumor","JAK3","ENSG00000105639",3419,25.4905,9.922,10.4135,"OK"
"TCGA-BRCA","2cd221ee-4d29-4f40-ab4c-780cc9045c5a","TCGA-E2-A1B5-01A-21R-A12P-07","TCGA-E2-A1B5","Primary Tumor","EPHB2","ENSG00000133216",451,1.8303,0.7124,0.7477,"OK"
"TCGA-BRCA","bbff7857-30a2-41ad-b2f7-5a6ffc59fe0c","TCGA-GM-A2DI-01A-31R-A18M-07","TCGA-GM-A2DI","Primary Tumor","JAK3","ENSG00000105639",1353,30.383,8.2787,7.7824,"OK"
"TCGA-BRCA","bbff7857-30a2-41ad-b2f7-5a6ffc59fe0c","TCGA-GM-A2DI-01A-31R-A18M-07","TCGA-GM-A2DI","Primary Tumor","EPHB2","ENSG00000133216",399,4.8773,1.329,1.2493,"OK"
"TCGA-BRCA","19baf63b-8488-4b90-83b7-a6c671da0095","TCGA-BH-A18V-01A-11R-A12D-07","TCGA-BH-A18V","Primary Tumor","JAK3","ENSG00000105639",1339,13.2764,3.2889,3.2817,"OK"
"TCGA-BRCA","19baf63b-8488-4b90-83b7-a6c671da0095","TCGA-BH-A18V-01A-11R-A12D-07","TCGA-BH-A18V","Primary Tumor","EPHB2","ENSG00000133216",828,4.4689,1.1071,1.1046,"OK"
"TCGA-BRCA","ac70b1a2-ff7d-49db-a962-4c07479d50b6","TCGA-E9-A1N4-01A-11R-A14M-07","TCGA-E9-A1N4","Primary Tumor","JAK3","ENSG00000105639",1365,9.0037,2.3643,2.3993,"OK"
"TCGA-BRCA","ac70b1a2-ff7d-49db-a962-4c07479d50b6","TCGA-E9-A1N4-01A-11R-A14M-07","TCGA-E9-A1N4","Primary Tumor","EPHB2","ENSG00000133216",1363,4.8939,1.2851,1.3041,"OK"
"TCGA-BRCA","d8ac1c2a-1820-4174-99e3-524b334df490","TCGA-BH-A1EW-11B-33R-A137-07","TCGA-BH-A1EW","Solid Tissue Normal","JAK3","ENSG00000105639",982,6.1179,1.6363,1.4569,"OK"
"TCGA-BRCA","d8ac1c2a-1820-4174-99e3-524b334df490","TCGA-BH-A1EW-11B-33R-A137-07","TCGA-BH-A1EW","Solid Tissue Normal","EPHB2","ENSG00000133216",288,0.9767,0.2612,0.2326,"OK"
"TCGA-BRCA","b9220098-f6f9-4732-8e94-3c9eeb4b8479","TCGA-E2-A1II-01A-11R-A144-07","TCGA-E2-A1II","Primary Tumor","JAK3","ENSG00000105639",2574,35.5079,10.9311,9.8155,"OK"
"TCGA-BRCA","b9220098-f6f9-4732-8e94-3c9eeb4b8479","TCGA-E2-A1II-01A-11R-A144-07","TCGA-E2-A1II","Primary Tumor","EPHB2","ENSG00000133216",740,5.5567,1.7106,1.5361,"OK"
"TCGA-BRCA","7f2773df-bece-43e0-94ff-46ba7dcf713e","TCGA-A8-A06O-01A-11R-A00Z-07","TCGA-A8-A06O","Primary Tumor","JAK3","ENSG00000105639",584,4.0807,1.3302,1.3848,"OK"
"TCGA-BRCA","7f2773df-bece-43e0-94ff-46ba7dcf713e","TCGA-A8-A06O-01A-11R-A00Z-07","TCGA-A8-A06O","Primary Tumor","EPHB2","ENSG00000133216",938,3.5678,1.163,1.2107,"OK"
"TCGA-BRCA","d4943f66-388e-4c86-b61a-5ef9fef34eff","TCGA-A7-A13G-01A-11R-A13Q-07","TCGA-A7-A13G","Primary Tumor","JAK3","ENSG00000105639",155,0.4759,0.4289,0.4417,"OK"
"TCGA-BRCA","d4943f66-388e-4c86-b61a-5ef9fef34eff","TCGA-A7-A13G-01A-11R-A13Q-07","TCGA-A7-A13G","Primary Tumor","EPHB2","ENSG00000133216",337,0.5632,0.5076,0.5227,"OK"
"TCGA-BRCA","e6f927ef-840f-438a-9559-863cc64f71e0","TCGA-LL-A440-01A-11R-A24H-07","TCGA-LL-A440","Primary Tumor","JAK3","ENSG00000105639",1817,14.8616,4.0867,4.3624,"OK"
"TCGA-BRCA","e6f927ef-840f-438a-9559-863cc64f71e0","TCGA-LL-A440-01A-11R-A24H-07","TCGA-LL-A440","Primary Tumor","EPHB2","ENSG00000133216",1672,7.4442,2.047,2.1851,"OK"
"TCGA-BRCA","5aaaf8b5-a75f-4070-93e8-f5b982144638","TCGA-LL-A6FR-01A-12R-A31O-07","TCGA-LL-A6FR","Primary Tumor","JAK3","ENSG00000105639",314,3.4359,1.18,1.5166,"OK"
"TCGA-BRCA","5aaaf8b5-a75f-4070-93e8-f5b982144638","TCGA-LL-A6FR-01A-12R-A31O-07","TCGA-LL-A6FR","Primary Tumor","EPHB2","ENSG00000133216",722,4.3005,1.477,1.8982,"OK"
"TCGA-BRCA","7d8935d4-33df-4a11-a352-e4e1acc563a4","TCGA-AN-A0FX-01A-11R-A034-07","TCGA-AN-A0FX","Primary Tumor","JAK3","ENSG00000105639",941,8.0937,2.1472,2.1551,"OK"
"TCGA-BRCA","7d8935d4-33df-4a11-a352-e4e1acc563a4","TCGA-AN-A0FX-01A-11R-A034-07","TCGA-AN-A0FX","Primary Tumor","EPHB2","ENSG00000133216",1357,6.3535,1.6855,1.6917,"OK"
"TCGA-BRCA","742a677b-e99b-4916-bb92-3536c55ee5e3","TCGA-BH-A0BG-01A-11R-A115-07","TCGA-BH-A0BG","Primary Tumor","JAK3","ENSG00000105639",1354,10.2121,2.9596,3.0111,"OK"
"TCGA-BRCA","742a677b-e99b-4916-bb92-3536c55ee5e3","TCGA-BH-A0BG-01A-11R-A115-07","TCGA-BH-A0BG","Primary Tumor","EPHB2","ENSG00000133216",510,2.0938,0.6068,0.6174,"OK"
"TCGA-BRCA","f979b428-649b-42ac-9eae-31ff4daa7b8f","TCGA-B6-A0IN-01A-11R-A034-07","TCGA-B6-A0IN","Primary Tumor","JAK3","ENSG00000105639",1050,5.1978,2.6473,3.7152,"OK"
"TCGA-BRCA","f979b428-649b-42ac-9eae-31ff4daa7b8f","TCGA-B6-A0IN-01A-11R-A034-07","TCGA-B6-A0IN","Primary Tumor","EPHB2","ENSG00000133216",545,1.4686,0.748,1.0497,"OK"
"TCGA-BRCA","1dd5828f-8e81-4196-992f-70b8203c915f","TCGA-E9-A248-01A-11R-A169-07","TCGA-E9-A248","Primary Tumor","JAK3","ENSG00000105639",3080,20.6055,7.4251,7.0659,"OK"
"TCGA-BRCA","1dd5828f-8e81-4196-992f-70b8203c915f","TCGA-E9-A248-01A-11R-A169-07","TCGA-E9-A248","Primary Tumor","EPHB2","ENSG00000133216",2351,8.5617,3.0851,2.9359,"OK"
"TCGA-BRCA","1d15f05d-2ac2-4b83-987e-6f4b157b0b74","TCGA-A2-A0ST-01A-12R-A084-07","TCGA-A2-A0ST","Primary Tumor","JAK3","ENSG00000105639",3628,27.6141,11.359,11.3989,"OK"
"TCGA-BRCA","1d15f05d-2ac2-4b83-987e-6f4b157b0b74","TCGA-A2-A0ST-01A-12R-A084-07","TCGA-A2-A0ST","Primary Tumor","EPHB2","ENSG00000133216",625,2.5895,1.0652,1.0689,"OK"
"TCGA-BRCA","89e048e0-2bdb-4c62-9c0e-2e6e796238dd","TCGA-A8-A06Y-01A-21R-A00Z-07","TCGA-A8-A06Y","Primary Tumor","JAK3","ENSG00000105639",100,1.0243,0.3124,0.3024,"OK"
"TCGA-BRCA","89e048e0-2bdb-4c62-9c0e-2e6e796238dd","TCGA-A8-A06Y-01A-21R-A00Z-07","TCGA-A8-A06Y","Primary Tumor","EPHB2","ENSG00000133216",128,0.7137,0.2177,0.2107,"OK"
"TCGA-BRCA","a127fb1e-aa3b-4b6d-98b5-c141ffba9ae7","TCGA-B6-A0IB-01A-11R-A034-07","TCGA-B6-A0IB","Primary Tumor","JAK3","ENSG00000105639",175,1.2302,0.4295,0.4246,"OK"
"TCGA-BRCA","a127fb1e-aa3b-4b6d-98b5-c141ffba9ae7","TCGA-B6-A0IB-01A-11R-A034-07","TCGA-B6-A0IB","Primary Tumor","EPHB2","ENSG00000133216",1384,5.2961,1.8488,1.8278,"OK"
"TCGA-BRCA","70f7e473-4a58-4186-aedd-1bab29bef4f3","TCGA-EW-A1P5-01A-11R-A144-07","TCGA-EW-A1P5","Primary Tumor","JAK3","ENSG00000105639",367,4.014,1.0628,1.0175,"OK"
"TCGA-BRCA","70f7e473-4a58-4186-aedd-1bab29bef4f3","TCGA-EW-A1P5-01A-11R-A144-07","TCGA-EW-A1P5","Primary Tumor","EPHB2","ENSG00000133216",994,5.9179,1.567,1.5001,"OK"
"TCGA-BRCA","e22bc31b-332f-45a1-b17c-c747179abe61","TCGA-E2-A15K-01A-11R-A12P-07","TCGA-E2-A15K","Primary Tumor","JAK3","ENSG00000105639",1259,13.7948,3.8972,3.4609,"OK"
"TCGA-BRCA","e22bc31b-332f-45a1-b17c-c747179abe61","TCGA-E2-A15K-01A-11R-A12P-07","TCGA-E2-A15K","Primary Tumor","EPHB2","ENSG00000133216",635,3.7873,1.07,0.9502,"OK"
"TCGA-BRCA","511ca25f-0b7f-4912-9b79-ed551721a420","TCGA-AN-A0FJ-01A-11R-A00Z-07","TCGA-AN-A0FJ","Primary Tumor","JAK3","ENSG00000105639",318,5.6972,1.4443,1.3604,"OK"
"TCGA-BRCA","511ca25f-0b7f-4912-9b79-ed551721a420","TCGA-AN-A0FJ-01A-11R-A00Z-07","TCGA-AN-A0FJ","Primary Tumor","EPHB2","ENSG00000133216",92,0.8972,0.2275,0.2142,"OK"
"TCGA-BRCA","a2f1fa8f-26d6-4b3e-8816-33f42e3f9209","TCGA-BH-A18P-01A-11R-A12D-07","TCGA-BH-A18P","Primary Tumor","JAK3","ENSG00000105639",386,4.6706,1.1253,1.0113,"OK"
"TCGA-BRCA","a2f1fa8f-26d6-4b3e-8816-33f42e3f9209","TCGA-BH-A18P-01A-11R-A12D-07","TCGA-BH-A18P","Primary Tumor","EPHB2","ENSG00000133216",434,2.8586,0.6887,0.619,"OK"
"TCGA-BRCA","927604f9-a38e-4c3f-b50f-3e0db4daf5ec","TCGA-3C-AALI-01A-11R-A41B-07","TCGA-3C-AALI","Primary Tumor","JAK3","ENSG00000105639",1095,14.6053,4.4643,4.3604,"OK"
"TCGA-BRCA","927604f9-a38e-4c3f-b50f-3e0db4daf5ec","TCGA-3C-AALI-01A-11R-A41B-07","TCGA-3C-AALI","Primary Tumor","EPHB2","ENSG00000133216",283,2.0547,0.6281,0.6134,"OK"
"TCGA-BRCA","11a64d0e-1dd1-471e-87bf-9e2a7fc13f09","TCGA-E2-A159-01A-11R-A115-07","TCGA-E2-A159","Primary Tumor","JAK3","ENSG00000105639",1737,13.5006,4.6787,4.4116,"OK"
"TCGA-BRCA","11a64d0e-1dd1-471e-87bf-9e2a7fc13f09","TCGA-E2-A159-01A-11R-A115-07","TCGA-E2-A159","Primary Tumor","EPHB2","ENSG00000133216",709,2.9997,1.0396,0.9802,"OK"
"TCGA-BRCA","130343f0-62f4-4400-8002-e596edb3c02a","TCGA-D8-A1XT-01A-11R-A14M-07","TCGA-D8-A1XT","Primary Tumor","JAK3","ENSG00000105639",1145,9.1715,2.2223,2.1877,"OK"
"TCGA-BRCA","130343f0-62f4-4400-8002-e596edb3c02a","TCGA-D8-A1XT-01A-11R-A14M-07","TCGA-D8-A1XT","Primary Tumor","EPHB2","ENSG00000133216",1109,4.8355,1.1717,1.1534,"OK"
"TCGA-BRCA","c32d5451-815d-4451-97b1-e61801574c22","TCGA-BH-A1FG-11B-12R-A13Q-07","TCGA-BH-A1FG","Solid Tissue Normal","JAK3","ENSG00000105639",513,3.1946,1.3103,1.4842,"OK"
"TCGA-BRCA","c32d5451-815d-4451-97b1-e61801574c22","TCGA-BH-A1FG-11B-12R-A13Q-07","TCGA-BH-A1FG","Solid Tissue Normal","EPHB2","ENSG00000133216",61,0.2068,0.0848,0.0961,"OK"
"TCGA-BRCA","65bc2a34-2355-4193-b20e-439f2d7f6df2","TCGA-E2-A14Z-01A-11R-A115-07","TCGA-E2-A14Z","Primary Tumor","JAK3","ENSG00000105639",1441,14.7597,4.6063,4.6785,"OK"
"TCGA-BRCA","65bc2a34-2355-4193-b20e-439f2d7f6df2","TCGA-E2-A14Z-01A-11R-A115-07","TCGA-E2-A14Z","Primary Tumor","EPHB2","ENSG00000133216",1258,7.014,2.189,2.2233,"OK"
"TCGA-BRCA","d27acb8c-2551-4ea7-8c09-f211cb4a9ec0","TCGA-AR-A1AV-01A-21R-A12P-07","TCGA-AR-A1AV","Primary Tumor","JAK3","ENSG00000105639",187,1.7456,0.4099,0.3936,"OK"
"TCGA-BRCA","d27acb8c-2551-4ea7-8c09-f211cb4a9ec0","TCGA-AR-A1AV-01A-21R-A12P-07","TCGA-AR-A1AV","Primary Tumor","EPHB2","ENSG00000133216",373,1.8953,0.445,0.4274,"OK"
"TCGA-BRCA","37af19f9-56f9-48ec-97a9-5b0b6e364293","TCGA-C8-A8HP-01A-11R-A36F-07","TCGA-C8-A8HP","Primary Tumor","JAK3","ENSG00000105639",1640,17.3714,6.9139,7.3482,"OK"
"TCGA-BRCA","37af19f9-56f9-48ec-97a9-5b0b6e364293","TCGA-C8-A8HP-01A-11R-A36F-07","TCGA-C8-A8HP","Primary Tumor","EPHB2","ENSG00000133216",396,2.2833,0.9088,0.9658,"OK"
"TCGA-BRCA","34d68427-f4e7-4c9e-97ee-c853519961fb","TCGA-E9-A244-01A-11R-A169-07","TCGA-E9-A244","Primary Tumor","JAK3","ENSG00000105639",492,3.6145,1.1078,1.1507,"OK"
"TCGA-BRCA","34d68427-f4e7-4c9e-97ee-c853519961fb","TCGA-E9-A244-01A-11R-A169-07","TCGA-E9-A244","Primary Tumor","EPHB2","ENSG00000133216",250,0.9998,0.3064,0.3183,"OK"
"TCGA-BRCA","1d7e99d8-052d-491a-8088-91cb0790cb17","TCGA-AR-A0TT-01A-31R-A084-07","TCGA-AR-A0TT","Primary Tumor","JAK3","ENSG00000105639",2962,27.1075,9.6115,8.7436,"OK"
"TCGA-BRCA","1d7e99d8-052d-491a-8088-91cb0790cb17","TCGA-AR-A0TT-01A-31R-A084-07","TCGA-AR-A0TT","Primary Tumor","EPHB2","ENSG00000133216",1372,6.8349,2.4234,2.2046,"OK"
"TCGA-BRCA","76cff555-d8a3-46d1-ac93-12d856adb445","TCGA-E2-A15K-11A-13R-A12P-07","TCGA-E2-A15K","Solid Tissue Normal","JAK3","ENSG00000105639",913,6.9805,2.6671,3.2304,"OK"
"TCGA-BRCA","76cff555-d8a3-46d1-ac93-12d856adb445","TCGA-E2-A15K-11A-13R-A12P-07","TCGA-E2-A15K","Solid Tissue Normal","EPHB2","ENSG00000133216",494,2.056,0.7855,0.9515,"OK"
"TCGA-BRCA","ae72486a-e98c-4d72-b172-085d5b79df2c","TCGA-BH-A1FL-01A-11R-A13Q-07","TCGA-BH-A1FL","Primary Tumor","JAK3","ENSG00000105639",445,3.9262,0.9903,0.8545,"OK"
"TCGA-BRCA","ae72486a-e98c-4d72-b172-085d5b79df2c","TCGA-BH-A1FL-01A-11R-A13Q-07","TCGA-BH-A1FL","Primary Tumor","EPHB2","ENSG00000133216",526,2.5262,0.6372,0.5498,"OK"
"TCGA-BRCA","440bdce7-eb0c-4661-b96a-e90d10e230d6","TCGA-B6-A0X1-01A-11R-A109-07","TCGA-B6-A0X1","Primary Tumor","JAK3","ENSG00000105639",500,8.2491,2.1337,1.9478,"OK"
"TCGA-BRCA","440bdce7-eb0c-4661-b96a-e90d10e230d6","TCGA-B6-A0X1-01A-11R-A109-07","TCGA-B6-A0X1","Primary Tumor","EPHB2","ENSG00000133216",453,4.0683,1.0523,0.9606,"OK"
"TCGA-BRCA","69aebf68-5357-4269-84fb-ee91a6bd67fd","TCGA-A7-A0D9-01A-31R-A056-07","TCGA-A7-A0D9","Primary Tumor","JAK3","ENSG00000105639",209,2.2752,0.5901,0.6113,"OK"
"TCGA-BRCA","69aebf68-5357-4269-84fb-ee91a6bd67fd","TCGA-A7-A0D9-01A-31R-A056-07","TCGA-A7-A0D9","Primary Tumor","EPHB2","ENSG00000133216",1592,9.434,2.4468,2.5348,"OK"
"TCGA-BRCA","6e112ec6-1791-4764-8a62-7ad4dfea2d3b","TCGA-A2-A0SX-01A-12R-A084-07","TCGA-A2-A0SX","Primary Tumor","JAK3","ENSG00000105639",2589,19.8256,6.2728,5.9612,"OK"
"TCGA-BRCA","6e112ec6-1791-4764-8a62-7ad4dfea2d3b","TCGA-A2-A0SX-01A-12R-A084-07","TCGA-A2-A0SX","Primary Tumor","EPHB2","ENSG00000133216",1729,7.2071,2.2803,2.167,"OK"
"TCGA-BRCA","97c68557-c395-40bb-aaa3-a16514da3644","TCGA-EW-A1OY-01A-11R-A144-07","TCGA-EW-A1OY","Primary Tumor","JAK3","ENSG00000105639",410,4.754,1.483,1.5431,"OK"
"TCGA-BRCA","97c68557-c395-40bb-aaa3-a16514da3644","TCGA-EW-A1OY-01A-11R-A144-07","TCGA-EW-A1OY","Primary Tumor","EPHB2","ENSG00000133216",483,3.0486,0.951,0.9895,"OK"
"TCGA-BRCA","f1934efb-1c8a-4c72-ba94-d263ef0d0cd4","TCGA-B6-A0RL-01A-11R-A084-07","TCGA-B6-A0RL","Primary Tumor","JAK3","ENSG00000105639",62,0.5414,0.1537,0.1407,"OK"
"TCGA-BRCA","f1934efb-1c8a-4c72-ba94-d263ef0d0cd4","TCGA-B6-A0RL-01A-11R-A084-07","TCGA-B6-A0RL","Primary Tumor","EPHB2","ENSG00000133216",381,1.8109,0.5142,0.4708,"OK"
"TCGA-BRCA","06598222-e18b-45b1-9e4b-407aa120442c","TCGA-D8-A1JK-01A-11R-A13Q-07","TCGA-D8-A1JK","Primary Tumor","JAK3","ENSG00000105639",1065,10.7772,3.5301,3.7682,"OK"
"TCGA-BRCA","06598222-e18b-45b1-9e4b-407aa120442c","TCGA-D8-A1JK-01A-11R-A13Q-07","TCGA-D8-A1JK","Primary Tumor","EPHB2","ENSG00000133216",929,5.1174,1.6762,1.7893,"OK"
"TCGA-BRCA","c587bd27-778a-4729-b614-e0631bb3717b","TCGA-E9-A22E-01A-11R-A157-07","TCGA-E9-A22E","Primary Tumor","JAK3","ENSG00000105639",676,4.932,1.4574,1.8217,"OK"
"TCGA-BRCA","c587bd27-778a-4729-b614-e0631bb3717b","TCGA-E9-A22E-01A-11R-A157-07","TCGA-E9-A22E","Primary Tumor","EPHB2","ENSG00000133216",743,2.9508,0.872,1.0899,"OK"
"TCGA-BRCA","5b92e1c6-6265-46b5-bcf7-0c0bafe6f390","TCGA-A8-A08Z-01A-21R-A00Z-07","TCGA-A8-A08Z","Primary Tumor","JAK3","ENSG00000105639",688,7.0243,1.6958,1.6399,"OK"
"TCGA-BRCA","5b92e1c6-6265-46b5-bcf7-0c0bafe6f390","TCGA-A8-A08Z-01A-21R-A00Z-07","TCGA-A8-A08Z","Primary Tumor","EPHB2","ENSG00000133216",645,3.5846,0.8654,0.8369,"OK"
"TCGA-BRCA","03a1a105-4856-4e5c-b537-508bdbda50b5","TCGA-EW-A3U0-01A-11R-A22K-07","TCGA-EW-A3U0","Primary Tumor","JAK3","ENSG00000105639",4268,35.962,12.5216,12.0855,"OK"
"TCGA-BRCA","03a1a105-4856-4e5c-b537-508bdbda50b5","TCGA-EW-A3U0-01A-11R-A22K-07","TCGA-EW-A3U0","Primary Tumor","EPHB2","ENSG00000133216",1103,5.059,1.7615,1.7001,"OK"
"TCGA-BRCA","f33b0d9c-486b-482d-b4a6-c2885072db7b","TCGA-D8-A27N-01A-11R-A16F-07","TCGA-D8-A27N","Primary Tumor","JAK3","ENSG00000105639",619,4.9496,1.3701,1.4554,"OK"
"TCGA-BRCA","f33b0d9c-486b-482d-b4a6-c2885072db7b","TCGA-D8-A27N-01A-11R-A16F-07","TCGA-D8-A27N","Primary Tumor","EPHB2","ENSG00000133216",1275,5.5496,1.5362,1.6319,"OK"
"TCGA-BRCA","6e8e0eef-1fc8-446c-9038-3a06657784ec","TCGA-E2-A14R-01A-11R-A115-07","TCGA-E2-A14R","Primary Tumor","JAK3","ENSG00000105639",732,5.6184,2.426,2.5039,"OK"
"TCGA-BRCA","6e8e0eef-1fc8-446c-9038-3a06657784ec","TCGA-E2-A14R-01A-11R-A115-07","TCGA-E2-A14R","Primary Tumor","EPHB2","ENSG00000133216",2124,8.8742,3.8319,3.9548,"OK"
"TCGA-BRCA","a37587aa-2e1f-42f5-a691-c4a41ae79ea9","TCGA-BH-A18K-11A-13R-A12D-07","TCGA-BH-A18K","Solid Tissue Normal","JAK3","ENSG00000105639",364,4.3514,1.2584,1.1869,"OK"
"TCGA-BRCA","a37587aa-2e1f-42f5-a691-c4a41ae79ea9","TCGA-BH-A18K-11A-13R-A12D-07","TCGA-BH-A18K","Solid Tissue Normal","EPHB2","ENSG00000133216",272,1.77,0.5119,0.4828,"OK"
"TCGA-BRCA","9985bb0b-d1cc-455b-80d9-f8007669cd5c","TCGA-BH-A1FH-11B-42R-A13Q-07","TCGA-BH-A1FH","Solid Tissue Normal","JAK3","ENSG00000105639",400,5.2843,1.5013,1.4801,"OK"
"TCGA-BRCA","9985bb0b-d1cc-455b-80d9-f8007669cd5c","TCGA-BH-A1FH-11B-42R-A13Q-07","TCGA-BH-A1FH","Solid Tissue Normal","EPHB2","ENSG00000133216",363,2.6104,0.7416,0.7312,"OK"
"TCGA-BRCA","451ecdf8-433f-4d38-8ab6-3cc8d428ed95","TCGA-BH-A1FH-01A-12R-A13Q-07","TCGA-BH-A1FH","Primary Tumor","JAK3","ENSG00000105639",1131,9.8318,2.4286,2.4512,"OK"
"TCGA-BRCA","451ecdf8-433f-4d38-8ab6-3cc8d428ed95","TCGA-BH-A1FH-01A-12R-A13Q-07","TCGA-BH-A1FH","Primary Tumor","EPHB2","ENSG00000133216",1323,6.2604,1.5464,1.5608,"OK"
"TCGA-BRCA","0e2a0a41-fc0f-40d0-a0e7-d3eecac3cfd7","TCGA-A7-A3IZ-01A-11R-A213-07","TCGA-A7-A3IZ","Primary Tumor","JAK3","ENSG00000105639",179,1.8397,0.4567,0.44,"OK"
"TCGA-BRCA","0e2a0a41-fc0f-40d0-a0e7-d3eecac3cfd7","TCGA-A7-A3IZ-01A-11R-A213-07","TCGA-A7-A3IZ","Primary Tumor","EPHB2","ENSG00000133216",246,1.3763,0.3417,0.3291,"OK"
"TCGA-BRCA","8e063797-856c-491a-b702-1a37ebf6b6a8","TCGA-E9-A1NG-01A-21R-A14M-07","TCGA-E9-A1NG","Primary Tumor","JAK3","ENSG00000105639",998,8.273,2.0245,2.1883,"OK"
"TCGA-BRCA","8e063797-856c-491a-b702-1a37ebf6b6a8","TCGA-E9-A1NG-01A-21R-A14M-07","TCGA-E9-A1NG","Primary Tumor","EPHB2","ENSG00000133216",994,4.4853,1.0976,1.1864,"OK"
"TCGA-BRCA","c47a7c89-551d-4115-94e4-7ba4b938e88b","TCGA-B6-A0WS-01A-11R-A115-07","TCGA-B6-A0WS","Primary Tumor","JAK3","ENSG00000105639",1234,11.4664,3.2111,3.0171,"OK"
"TCGA-BRCA","c47a7c89-551d-4115-94e4-7ba4b938e88b","TCGA-B6-A0WS-01A-11R-A115-07","TCGA-B6-A0WS","Primary Tumor","EPHB2","ENSG00000133216",667,3.3737,0.9448,0.8877,"OK"
"TCGA-BRCA","87d5686a-5d57-4ce2-b06a-dee5c2926ebf","TCGA-BH-A0B3-11B-21R-A089-07","TCGA-BH-A0B3","Solid Tissue Normal","JAK3","ENSG00000105639",860,8.1771,2.2358,2.024,"OK"
"TCGA-BRCA","87d5686a-5d57-4ce2-b06a-dee5c2926ebf","TCGA-BH-A0B3-11B-21R-A089-07","TCGA-BH-A0B3","Solid Tissue Normal","EPHB2","ENSG00000133216",401,2.0755,0.5675,0.5137,"OK"
"TCGA-BRCA","37939d7d-074b-42b7-8d68-95a8afef4c38","TCGA-BH-A0B3-01A-11R-A056-07","TCGA-BH-A0B3","Primary Tumor","JAK3","ENSG00000105639",890,6.8967,2.4203,2.5419,"OK"
"TCGA-BRCA","37939d7d-074b-42b7-8d68-95a8afef4c38","TCGA-BH-A0B3-01A-11R-A056-07","TCGA-BH-A0B3","Primary Tumor","EPHB2","ENSG00000133216",1148,4.8424,1.6994,1.7847,"OK"
"TCGA-BRCA","206804c1-e5be-4076-9793-406d11094266","TCGA-AR-A250-01A-31R-A169-07","TCGA-AR-A250","Primary Tumor","JAK3","ENSG00000105639",808,5.4316,1.5394,1.6237,"OK"
"TCGA-BRCA","206804c1-e5be-4076-9793-406d11094266","TCGA-AR-A250-01A-31R-A169-07","TCGA-AR-A250","Primary Tumor","EPHB2","ENSG00000133216",1392,5.0936,1.4436,1.5226,"OK"
"TCGA-BRCA","12959673-a8ec-4223-a5fe-0648276db5fc","TCGA-AR-A24P-01A-11R-A169-07","TCGA-AR-A24P","Primary Tumor","JAK3","ENSG00000105639",778,6.5311,1.6259,1.6276,"OK"
"TCGA-BRCA","12959673-a8ec-4223-a5fe-0648276db5fc","TCGA-AR-A24P-01A-11R-A169-07","TCGA-AR-A24P","Primary Tumor","EPHB2","ENSG00000133216",794,3.6283,0.9032,0.9042,"OK"
"TCGA-BRCA","c3bab823-4bf2-40ea-903c-fb342067c893","TCGA-BH-A1EU-01A-11R-A137-07","TCGA-BH-A1EU","Primary Tumor","JAK3","ENSG00000105639",2285,13.9515,3.5092,3.3242,"OK"
"TCGA-BRCA","c3bab823-4bf2-40ea-903c-fb342067c893","TCGA-BH-A1EU-01A-11R-A137-07","TCGA-BH-A1EU","Primary Tumor","EPHB2","ENSG00000133216",1180,3.9218,0.9865,0.9345,"OK"
"TCGA-BRCA","62e7008b-f4ca-40e3-88b3-7354ba2585ac","TCGA-AO-A0J2-01A-11R-A034-07","TCGA-AO-A0J2","Primary Tumor","JAK3","ENSG00000105639",1199,7.6788,2.431,2.5647,"OK"
"TCGA-BRCA","62e7008b-f4ca-40e3-88b3-7354ba2585ac","TCGA-AO-A0J2-01A-11R-A034-07","TCGA-AO-A0J2","Primary Tumor","EPHB2","ENSG00000133216",771,2.6878,0.8509,0.8977,"OK"
"TCGA-BRCA","aa9179e0-a44c-440a-a150-a9d5727579ea","TCGA-BH-A0B8-01A-21R-A056-07","TCGA-BH-A0B8","Primary Tumor","JAK3","ENSG00000105639",155,1.671,0.5116,0.5307,"OK"
"TCGA-BRCA","aa9179e0-a44c-440a-a150-a9d5727579ea","TCGA-BH-A0B8-01A-21R-A056-07","TCGA-BH-A0B8","Primary Tumor","EPHB2","ENSG00000133216",840,4.9295,1.5092,1.5654,"OK"
"TCGA-BRCA","8d87fbd5-8ca7-4ff6-b8b1-79f098dbca9f","TCGA-A2-A0EW-01A-21R-A115-07","TCGA-A2-A0EW","Primary Tumor","JAK3","ENSG00000105639",504,5.1571,1.3403,1.2847,"OK"
"TCGA-BRCA","8d87fbd5-8ca7-4ff6-b8b1-79f098dbca9f","TCGA-A2-A0EW-01A-21R-A115-07","TCGA-A2-A0EW","Primary Tumor","EPHB2","ENSG00000133216",969,5.3972,1.4027,1.3445,"OK"
"TCGA-BRCA","56cc8f11-ba1c-48c9-8455-1f73640f9cf5","TCGA-AC-A6NO-01A-12R-A33J-07","TCGA-AC-A6NO","Primary Tumor","JAK3","ENSG00000105639",788,8.6239,2.38,2.1669,"OK"
"TCGA-BRCA","56cc8f11-ba1c-48c9-8455-1f73640f9cf5","TCGA-AC-A6NO-01A-12R-A33J-07","TCGA-AC-A6NO","Primary Tumor","EPHB2","ENSG00000133216",239,1.4238,0.3929,0.3578,"OK"
"TCGA-BRCA","69bb06b6-74b3-441b-82d7-c6783aa88cdd","TCGA-BH-A0DO-01B-11R-A12D-07","TCGA-BH-A0DO","Primary Tumor","JAK3","ENSG00000105639",504,4.8956,1.3557,1.3028,"OK"
"TCGA-BRCA","69bb06b6-74b3-441b-82d7-c6783aa88cdd","TCGA-BH-A0DO-01B-11R-A12D-07","TCGA-BH-A0DO","Primary Tumor","EPHB2","ENSG00000133216",255,1.3483,0.3734,0.3588,"OK"
"TCGA-BRCA","774133e2-dfca-4918-9be9-8727fc99fe26","TCGA-A8-A096-01A-11R-A00Z-07","TCGA-A8-A096","Primary Tumor","JAK3","ENSG00000105639",1367,8.5868,2.1256,2.1126,"OK"
"TCGA-BRCA","774133e2-dfca-4918-9be9-8727fc99fe26","TCGA-A8-A096-01A-11R-A00Z-07","TCGA-A8-A096","Primary Tumor","EPHB2","ENSG00000133216",1046,3.5766,0.8854,0.88,"OK"
"TCGA-BRCA","398fa6bf-78af-473b-8f2c-a2b3b605131f","TCGA-AR-A256-01A-11R-A169-07","TCGA-AR-A256","Primary Tumor","JAK3","ENSG00000105639",559,4.8492,1.2516,1.2102,"OK"
"TCGA-BRCA","398fa6bf-78af-473b-8f2c-a2b3b605131f","TCGA-AR-A256-01A-11R-A169-07","TCGA-AR-A256","Primary Tumor","EPHB2","ENSG00000133216",2052,9.6897,2.501,2.4183,"OK"
"TCGA-BRCA","83eeba96-e3dc-44a3-846c-43dcc2ff9806","TCGA-AO-A0JL-01A-11R-A056-07","TCGA-AO-A0JL","Primary Tumor","JAK3","ENSG00000105639",377,2.5007,1.2506,1.6741,"OK"
"TCGA-BRCA","83eeba96-e3dc-44a3-846c-43dcc2ff9806","TCGA-AO-A0JL-01A-11R-A056-07","TCGA-AO-A0JL","Primary Tumor","EPHB2","ENSG00000133216",220,0.7944,0.3972,0.5318,"OK"
"TCGA-BRCA","b2c326d7-25ab-42dc-afc2-bc93381062ea","TCGA-AC-A8OS-01A-12R-A41B-07","TCGA-AC-A8OS","Primary Tumor","JAK3","ENSG00000105639",1043,9.9895,3.1856,3.3148,"OK"
"TCGA-BRCA","b2c326d7-25ab-42dc-afc2-bc93381062ea","TCGA-AC-A8OS-01A-12R-A41B-07","TCGA-AC-A8OS","Primary Tumor","EPHB2","ENSG00000133216",674,3.5139,1.1206,1.166,"OK"
"TCGA-BRCA","7493bcbc-658d-4789-a25c-9a990dcd44b8","TCGA-D8-A1JD-01A-11R-A13Q-07","TCGA-D8-A1JD","Primary Tumor","JAK3","ENSG00000105639",678,4.9103,1.2035,1.1825,"OK"
"TCGA-BRCA","7493bcbc-658d-4789-a25c-9a990dcd44b8","TCGA-D8-A1JD-01A-11R-A13Q-07","TCGA-D8-A1JD","Primary Tumor","EPHB2","ENSG00000133216",1830,7.2144,1.7683,1.7374,"OK"
"TCGA-BRCA","48847088-1303-4b23-8902-c0ca4ea5ae80","TCGA-B6-A409-01A-11R-A24H-07","TCGA-B6-A409","Primary Tumor","JAK3","ENSG00000105639",628,3.6764,1.4127,1.5156,"OK"
"TCGA-BRCA","48847088-1303-4b23-8902-c0ca4ea5ae80","TCGA-B6-A409-01A-11R-A24H-07","TCGA-B6-A409","Primary Tumor","EPHB2","ENSG00000133216",1800,5.736,2.2041,2.3647,"OK"
"TCGA-BRCA","c1d62c39-f3ab-47d3-b654-8b6285cd97a3","TCGA-BH-A0HF-01A-11R-A056-07","TCGA-BH-A0HF","Primary Tumor","JAK3","ENSG00000105639",513,5.5462,1.6189,1.6939,"OK"
"TCGA-BRCA","c1d62c39-f3ab-47d3-b654-8b6285cd97a3","TCGA-BH-A0HF-01A-11R-A056-07","TCGA-BH-A0HF","Primary Tumor","EPHB2","ENSG00000133216",1046,6.1558,1.7968,1.8801,"OK"
"TCGA-BRCA","c6fd0f95-d74a-49e3-9a70-fec12e63ff1a","TCGA-BH-A18K-01A-11R-A12D-07","TCGA-BH-A18K","Primary Tumor","JAK3","ENSG00000105639",311,2.5536,0.7883,0.807,"OK"
"TCGA-BRCA","c6fd0f95-d74a-49e3-9a70-fec12e63ff1a","TCGA-BH-A18K-01A-11R-A12D-07","TCGA-BH-A18K","Primary Tumor","EPHB2","ENSG00000133216",642,2.8695,0.8859,0.9068,"OK"
"TCGA-BRCA","c5baa506-f18b-42d8-bafd-4e9b85e1d390","TCGA-A2-A3Y0-01A-11R-A239-07","TCGA-A2-A3Y0","Primary Tumor","JAK3","ENSG00000105639",1846,12.594,4.3462,4.5888,"OK"
"TCGA-BRCA","c5baa506-f18b-42d8-bafd-4e9b85e1d390","TCGA-A2-A3Y0-01A-11R-A239-07","TCGA-A2-A3Y0","Primary Tumor","EPHB2","ENSG00000133216",3128,11.6164,4.0089,4.2326,"OK"
"TCGA-BRCA","59f472a7-ce4f-4d3a-9193-8b3a4500d52b","TCGA-A2-A3XV-01A-21R-A239-07","TCGA-A2-A3XV","Primary Tumor","JAK3","ENSG00000105639",252,1.6053,0.6146,0.8505,"OK"
"TCGA-BRCA","59f472a7-ce4f-4d3a-9193-8b3a4500d52b","TCGA-A2-A3XV-01A-21R-A239-07","TCGA-A2-A3XV","Primary Tumor","EPHB2","ENSG00000133216",254,0.8808,0.3372,0.4666,"OK"
"TCGA-BRCA","9b03a281-22c7-4ad4-b1c8-ba7eed0e8c5b","TCGA-E9-A22H-01A-11R-A157-07","TCGA-E9-A22H","Primary Tumor","JAK3","ENSG00000105639",471,3.4696,0.8946,0.8528,"OK"
"TCGA-BRCA","9b03a281-22c7-4ad4-b1c8-ba7eed0e8c5b","TCGA-E9-A22H-01A-11R-A157-07","TCGA-E9-A22H","Primary Tumor","EPHB2","ENSG00000133216",748,2.9994,0.7734,0.7372,"OK"
"TCGA-BRCA","baec6a46-7c48-41ed-a8a9-eef52d32cba3","TCGA-A7-A0D9-11A-53R-A089-07","TCGA-A7-A0D9","Solid Tissue Normal","JAK3","ENSG00000105639",389,3.2646,1.111,1.4227,"OK"
"TCGA-BRCA","baec6a46-7c48-41ed-a8a9-eef52d32cba3","TCGA-A7-A0D9-11A-53R-A089-07","TCGA-A7-A0D9","Solid Tissue Normal","EPHB2","ENSG00000133216",720,3.2892,1.1194,1.4334,"OK"
"TCGA-BRCA","d5330be0-9f72-4be5-9139-8503aa4d00b4","TCGA-A1-A0SI-01A-11R-A144-07","TCGA-A1-A0SI","Primary Tumor","JAK3","ENSG00000105639",932,7.7202,1.9105,1.9804,"OK"
"TCGA-BRCA","d5330be0-9f72-4be5-9139-8503aa4d00b4","TCGA-A1-A0SI-01A-11R-A144-07","TCGA-A1-A0SI","Primary Tumor","EPHB2","ENSG00000133216",1423,6.4164,1.5879,1.646,"OK"
"TCGA-BRCA","36e4ffb0-0bab-4035-88f1-a181b195fce1","TCGA-A2-A0CZ-01A-11R-A034-07","TCGA-A2-A0CZ","Primary Tumor","JAK3","ENSG00000105639",824,7.1278,2.4089,2.8604,"OK"
"TCGA-BRCA","36e4ffb0-0bab-4035-88f1-a181b195fce1","TCGA-A2-A0CZ-01A-11R-A034-07","TCGA-A2-A0CZ","Primary Tumor","EPHB2","ENSG00000133216",637,2.9994,1.0137,1.2037,"OK"
"TCGA-BRCA","8a84b9a5-d453-416b-b481-f15402c2eb54","TCGA-BH-A1EU-11A-23R-A137-07","TCGA-BH-A1EU","Solid Tissue Normal","JAK3","ENSG00000105639",312,4.8315,1.4015,1.3497,"OK"
"TCGA-BRCA","8a84b9a5-d453-416b-b481-f15402c2eb54","TCGA-BH-A1EU-11A-23R-A137-07","TCGA-BH-A1EU","Solid Tissue Normal","EPHB2","ENSG00000133216",141,1.1886,0.3448,0.332,"OK"
"TCGA-BRCA","bb3c5c27-7e75-43cc-8dfd-eab290e2f9da","TCGA-BH-A8FZ-01A-11R-A352-07","TCGA-BH-A8FZ","Primary Tumor","JAK3","ENSG00000105639",1219,13.2466,3.7596,3.708,"OK"
"TCGA-BRCA","bb3c5c27-7e75-43cc-8dfd-eab290e2f9da","TCGA-BH-A8FZ-01A-11R-A352-07","TCGA-BH-A8FZ","Primary Tumor","EPHB2","ENSG00000133216",512,3.0286,0.8596,0.8478,"OK"
"TCGA-BRCA","d923e06d-c747-419d-bd40-b05eb3e13edb","TCGA-E2-A15P-01A-11R-A115-07","TCGA-E2-A15P","Primary Tumor","JAK3","ENSG00000105639",675,4.8732,1.3518,1.2934,"OK"
"TCGA-BRCA","d923e06d-c747-419d-bd40-b05eb3e13edb","TCGA-E2-A15P-01A-11R-A115-07","TCGA-E2-A15P","Primary Tumor","EPHB2","ENSG00000133216",496,1.9492,0.5407,0.5173,"OK"
"TCGA-BRCA","f3746445-b2d0-4455-a6c0-46562188c056","TCGA-E9-A243-01A-21R-A169-07","TCGA-E9-A243","Primary Tumor","JAK3","ENSG00000105639",4648,18.9251,7.0468,7.6038,"OK"
"TCGA-BRCA","f3746445-b2d0-4455-a6c0-46562188c056","TCGA-E9-A243-01A-21R-A169-07","TCGA-E9-A243","Primary Tumor","EPHB2","ENSG00000133216",2899,6.4253,2.3925,2.5816,"OK"
"TCGA-BRCA","e67bbc10-91cf-406e-8d5f-8d44c77315f1","TCGA-BH-A1FG-01A-11R-A13Q-07","TCGA-BH-A1FG","Primary Tumor","JAK3","ENSG00000105639",197,1.2783,0.4724,0.5276,"OK"
"TCGA-BRCA","e67bbc10-91cf-406e-8d5f-8d44c77315f1","TCGA-BH-A1FG-01A-11R-A13Q-07","TCGA-BH-A1FG","Primary Tumor","EPHB2","ENSG00000133216",410,1.4482,0.5352,0.5977,"OK"
"TCGA-BRCA","4d0dcaac-cf91-4737-931d-f308fb20df9d","TCGA-E2-A1BC-01A-11R-A12P-07","TCGA-E2-A1BC","Primary Tumor","JAK3","ENSG00000105639",183,4.1812,1.0745,1.0004,"OK"
"TCGA-BRCA","4d0dcaac-cf91-4737-931d-f308fb20df9d","TCGA-E2-A1BC-01A-11R-A12P-07","TCGA-E2-A1BC","Primary Tumor","EPHB2","ENSG00000133216",174,2.1641,0.5561,0.5178,"OK"
"TCGA-BRCA","95668f0b-130d-44d4-94c0-ba7a4e7798e6","TCGA-OL-A6VR-01A-32R-A33J-07","TCGA-OL-A6VR","Primary Tumor","JAK3","ENSG00000105639",174,1.5146,0.4172,0.3838,"OK"
"TCGA-BRCA","95668f0b-130d-44d4-94c0-ba7a4e7798e6","TCGA-OL-A6VR-01A-32R-A33J-07","TCGA-OL-A6VR","Primary Tumor","EPHB2","ENSG00000133216",185,0.8766,0.2415,0.2221,"OK"
"TCGA-BRCA","778642d9-e4e2-4ae8-a900-b2e663c9d5b9","TCGA-AC-A3BB-01A-21R-A19W-07","TCGA-AC-A3BB","Primary Tumor","JAK3","ENSG00000105639",1587,14.7216,4.2637,4.2394,"OK"
"TCGA-BRCA","778642d9-e4e2-4ae8-a900-b2e663c9d5b9","TCGA-AC-A3BB-01A-21R-A19W-07","TCGA-AC-A3BB","Primary Tumor","EPHB2","ENSG00000133216",1113,5.6201,1.6277,1.6184,"OK"
"TCGA-BRCA","f502949f-ca10-4617-a7ee-b8f142f7ec93","TCGA-A8-A09Q-01A-11R-A00Z-07","TCGA-A8-A09Q","Primary Tumor","JAK3","ENSG00000105639",1359,9.5007,2.933,3.2135,"OK"
"TCGA-BRCA","f502949f-ca10-4617-a7ee-b8f142f7ec93","TCGA-A8-A09Q-01A-11R-A00Z-07","TCGA-A8-A09Q","Primary Tumor","EPHB2","ENSG00000133216",891,3.3907,1.0467,1.1469,"OK"
"TCGA-BRCA","6c908d24-e571-436a-9a06-705c294ba5d7","TCGA-B6-A0RE-01A-11R-A056-07","TCGA-B6-A0RE","Primary Tumor","JAK3","ENSG00000105639",237,2.3006,0.6804,0.672,"OK"
"TCGA-BRCA","6c908d24-e571-436a-9a06-705c294ba5d7","TCGA-B6-A0RE-01A-11R-A056-07","TCGA-B6-A0RE","Primary Tumor","EPHB2","ENSG00000133216",676,3.572,1.0564,1.0433,"OK"
"TCGA-BRCA","d8a94ea1-68a3-43be-8a30-d690541a23aa","TCGA-E2-A15E-01A-11R-A12D-07","TCGA-E2-A15E","Primary Tumor","JAK3","ENSG00000105639",639,8.7374,2.4288,2.3021,"OK"
"TCGA-BRCA","d8a94ea1-68a3-43be-8a30-d690541a23aa","TCGA-E2-A15E-01A-11R-A12D-07","TCGA-E2-A15E","Primary Tumor","EPHB2","ENSG00000133216",266,1.9799,0.5504,0.5217,"OK"
"TCGA-BRCA","15f5f60a-13f0-41a2-8711-171d19c2903a","TCGA-BH-A0H7-01A-13R-A056-07","TCGA-BH-A0H7","Primary Tumor","JAK3","ENSG00000105639",302,2.2739,0.6355,0.7328,"OK"
"TCGA-BRCA","15f5f60a-13f0-41a2-8711-171d19c2903a","TCGA-BH-A0H7-01A-13R-A056-07","TCGA-BH-A0H7","Primary Tumor","EPHB2","ENSG00000133216",1604,6.5742,1.8374,2.1187,"OK"
"TCGA-BRCA","7882ff91-e415-48ae-9151-26b55f1cfc57","TCGA-BH-A0E0-01A-11R-A056-07","TCGA-BH-A0E0","Primary Tumor","JAK3","ENSG00000105639",406,4.3481,1.644,1.8627,"OK"
"TCGA-BRCA","7882ff91-e415-48ae-9151-26b55f1cfc57","TCGA-BH-A0E0-01A-11R-A056-07","TCGA-BH-A0E0","Primary Tumor","EPHB2","ENSG00000133216",476,2.7749,1.0492,1.1888,"OK"
"TCGA-BRCA","cc12e7a8-e384-47f5-94b8-3e472925cc87","TCGA-A2-A3KC-01A-11R-A213-07","TCGA-A2-A3KC","Primary Tumor","JAK3","ENSG00000105639",869,9.2788,2.4254,2.2516,"OK"
"TCGA-BRCA","cc12e7a8-e384-47f5-94b8-3e472925cc87","TCGA-A2-A3KC-01A-11R-A213-07","TCGA-A2-A3KC","Primary Tumor","EPHB2","ENSG00000133216",705,4.0976,1.0711,0.9943,"OK"
"TCGA-BRCA","1b98fd3e-d3e3-4ecc-9fe3-02600177efed","TCGA-E2-A1LL-01A-11R-A144-07","TCGA-E2-A1LL","Primary Tumor","JAK3","ENSG00000105639",281,4.0465,1.1009,1.189,"OK"
"TCGA-BRCA","1b98fd3e-d3e3-4ecc-9fe3-02600177efed","TCGA-E2-A1LL-01A-11R-A144-07","TCGA-E2-A1LL","Primary Tumor","EPHB2","ENSG00000133216",3915,30.6888,8.3493,9.017,"OK"
"TCGA-BRCA","1db8a1bb-fef2-4e06-9cd5-a1f6579573a5","TCGA-BH-A18U-01A-21R-A12D-07","TCGA-BH-A18U","Primary Tumor","JAK3","ENSG00000105639",470,4.2072,1.1787,1.1929,"OK"
"TCGA-BRCA","1db8a1bb-fef2-4e06-9cd5-a1f6579573a5","TCGA-BH-A18U-01A-21R-A12D-07","TCGA-BH-A18U","Primary Tumor","EPHB2","ENSG00000133216",759,3.6983,1.0361,1.0486,"OK"
"TCGA-BRCA","502fcba1-9d3c-4117-86fb-70a26c090692","TCGA-A8-A06Z-01A-11R-A00Z-07","TCGA-A8-A06Z","Primary Tumor","JAK3","ENSG00000105639",107,0.5859,0.181,0.1939,"OK"
"TCGA-BRCA","502fcba1-9d3c-4117-86fb-70a26c090692","TCGA-A8-A06Z-01A-11R-A00Z-07","TCGA-A8-A06Z","Primary Tumor","EPHB2","ENSG00000133216",396,1.1803,0.3646,0.3907,"OK"
"TCGA-BRCA","ad18b7e0-57ec-41c5-99a1-0c9d8740e0f1","TCGA-A8-A0AB-01A-11R-A034-07","TCGA-A8-A0AB","Primary Tumor","JAK3","ENSG00000105639",122,0.9642,0.2409,0.2216,"OK"
"TCGA-BRCA","ad18b7e0-57ec-41c5-99a1-0c9d8740e0f1","TCGA-A8-A0AB-01A-11R-A034-07","TCGA-A8-A0AB","Primary Tumor","EPHB2","ENSG00000133216",405,1.7423,0.4354,0.4005,"OK"
"TCGA-BRCA","28ecd88f-6249-425c-99e1-9055989feff8","TCGA-AR-A1AJ-01A-21R-A12P-07","TCGA-AR-A1AJ","Primary Tumor","JAK3","ENSG00000105639",4123,42.8909,12.3592,11.4665,"OK"
"TCGA-BRCA","28ecd88f-6249-425c-99e1-9055989feff8","TCGA-AR-A1AJ-01A-21R-A12P-07","TCGA-AR-A1AJ","Primary Tumor","EPHB2","ENSG00000133216",1941,10.9913,3.1672,2.9384,"OK"
"TCGA-BRCA","b88daf3f-645d-4d11-a2be-2295e186747f","TCGA-BH-A18U-11A-23R-A12D-07","TCGA-BH-A18U","Solid Tissue Normal","JAK3","ENSG00000105639",448,5.9319,1.5943,1.4914,"OK"
"TCGA-BRCA","b88daf3f-645d-4d11-a2be-2295e186747f","TCGA-BH-A18U-11A-23R-A12D-07","TCGA-BH-A18U","Solid Tissue Normal","EPHB2","ENSG00000133216",164,1.182,0.3177,0.2972,"OK"
"TCGA-BRCA","9d61e56d-690b-4d66-891a-f8d010d704cf","TCGA-A2-A0T1-01A-21R-A084-07","TCGA-A2-A0T1","Primary Tumor","JAK3","ENSG00000105639",2254,14.4634,5.5238,6.2585,"OK"
"TCGA-BRCA","9d61e56d-690b-4d66-891a-f8d010d704cf","TCGA-A2-A0T1-01A-21R-A084-07","TCGA-A2-A0T1","Primary Tumor","EPHB2","ENSG00000133216",2155,7.5273,2.8748,3.2571,"OK"
"TCGA-BRCA","788a4858-c6c6-4a8d-9aef-dbd32d74776b","TCGA-A2-A0D1-01A-11R-A034-07","TCGA-A2-A0D1","Primary Tumor","JAK3","ENSG00000105639",345,3.1421,1.0406,1.1971,"OK"
"TCGA-BRCA","788a4858-c6c6-4a8d-9aef-dbd32d74776b","TCGA-A2-A0D1-01A-11R-A034-07","TCGA-A2-A0D1","Primary Tumor","EPHB2","ENSG00000133216",788,3.9067,1.2938,1.4884,"OK"
"TCGA-BRCA","9da9a119-9f9a-4ddb-947e-97724b9fe45f","TCGA-AO-A0JC-01A-11R-A056-07","TCGA-AO-A0JC","Primary Tumor","JAK3","ENSG00000105639",13133,120.9448,41.4053,40.1347,"OK"
"TCGA-BRCA","9da9a119-9f9a-4ddb-947e-97724b9fe45f","TCGA-AO-A0JC-01A-11R-A056-07","TCGA-AO-A0JC","Primary Tumor","EPHB2","ENSG00000133216",478,2.3962,0.8203,0.7952,"OK"
"TCGA-BRCA","435f3fbf-5c8f-4800-bff4-3b4d5f9daf2e","TCGA-GM-A3XL-01A-11R-A22U-07","TCGA-GM-A3XL","Primary Tumor","JAK3","ENSG00000105639",1154,8.3033,2.8642,2.9268,"OK"
"TCGA-BRCA","435f3fbf-5c8f-4800-bff4-3b4d5f9daf2e","TCGA-GM-A3XL-01A-11R-A22U-07","TCGA-GM-A3XL","Primary Tumor","EPHB2","ENSG00000133216",437,1.7116,0.5904,0.6033,"OK"
"TCGA-BRCA","1737104f-367e-4098-a068-12f8ece492bf","TCGA-B6-A0WZ-01A-11R-A109-07","TCGA-B6-A0WZ","Primary Tumor","JAK3","ENSG00000105639",162,1.3824,0.4359,0.4348,"OK"
"TCGA-BRCA","1737104f-367e-4098-a068-12f8ece492bf","TCGA-B6-A0WZ-01A-11R-A109-07","TCGA-B6-A0WZ","Primary Tumor","EPHB2","ENSG00000133216",338,1.5701,0.4951,0.4938,"OK"
"TCGA-BRCA","16b9a021-447f-44d8-a1f9-ad45edc73bc9","TCGA-D8-A1XY-01A-11R-A14M-07","TCGA-D8-A1XY","Primary Tumor","JAK3","ENSG00000105639",234,2.0732,0.5605,0.5465,"OK"
"TCGA-BRCA","16b9a021-447f-44d8-a1f9-ad45edc73bc9","TCGA-D8-A1XY-01A-11R-A14M-07","TCGA-D8-A1XY","Primary Tumor","EPHB2","ENSG00000133216",770,3.7136,1.004,0.979,"OK"
"TCGA-BRCA","c7f1e894-f50d-437c-ad42-4a35f531c795","TCGA-S3-AA12-01A-11R-A41B-07","TCGA-S3-AA12","Primary Tumor","JAK3","ENSG00000105639",94,1.2719,0.3767,0.3444,"OK"
"TCGA-BRCA","c7f1e894-f50d-437c-ad42-4a35f531c795","TCGA-S3-AA12-01A-11R-A41B-07","TCGA-S3-AA12","Primary Tumor","EPHB2","ENSG00000133216",80,0.5893,0.1745,0.1595,"OK"
"TCGA-BRCA","dbdaac00-02bf-41e0-8d54-734273e10baa","TCGA-EW-A1P7-01A-21R-A144-07","TCGA-EW-A1P7","Primary Tumor","JAK3","ENSG00000105639",4020,38.0124,11.9786,11.9479,"OK"
"TCGA-BRCA","dbdaac00-02bf-41e0-8d54-734273e10baa","TCGA-EW-A1P7-01A-21R-A144-07","TCGA-EW-A1P7","Primary Tumor","EPHB2","ENSG00000133216",1036,5.3325,1.6804,1.6761,"OK"
"TCGA-BRCA","84ab5edd-38bf-4987-b9af-fa4d1cbdef2c","TCGA-A8-A07Z-01A-11R-A00Z-07","TCGA-A8-A07Z","Primary Tumor","JAK3","ENSG00000105639",211,2.7483,0.7795,0.7896,"OK"
"TCGA-BRCA","84ab5edd-38bf-4987-b9af-fa4d1cbdef2c","TCGA-A8-A07Z-01A-11R-A00Z-07","TCGA-A8-A07Z","Primary Tumor","EPHB2","ENSG00000133216",332,2.3539,0.6677,0.6763,"OK"
"TCGA-BRCA","21f16535-a7bb-4bbd-affe-bff937467374","TCGA-BH-A0E0-11A-13R-A089-07","TCGA-BH-A0E0","Solid Tissue Normal","JAK3","ENSG00000105639",363,3.3484,1.1073,1.1971,"OK"
"TCGA-BRCA","21f16535-a7bb-4bbd-affe-bff937467374","TCGA-BH-A0E0-11A-13R-A089-07","TCGA-BH-A0E0","Solid Tissue Normal","EPHB2","ENSG00000133216",278,1.3959,0.4616,0.499,"OK"
"TCGA-BRCA","fdd73b76-517e-4554-ba4d-1c67b1b758f8","TCGA-B6-A0RN-01A-12R-A084-07","TCGA-B6-A0RN","Primary Tumor","JAK3","ENSG00000105639",129,1.4132,0.3867,0.3883,"OK"
"TCGA-BRCA","fdd73b76-517e-4554-ba4d-1c67b1b758f8","TCGA-B6-A0RN-01A-12R-A084-07","TCGA-B6-A0RN","Primary Tumor","EPHB2","ENSG00000133216",273,1.6279,0.4455,0.4473,"OK"
"TCGA-BRCA","0e3cf07b-2cea-4ce7-a8f0-c8dc7d3db7a7","TCGA-LL-A5YL-01A-12R-A29R-07","TCGA-LL-A5YL","Primary Tumor","JAK3","ENSG00000105639",785,7.0882,2.4154,2.5854,"OK"
"TCGA-BRCA","0e3cf07b-2cea-4ce7-a8f0-c8dc7d3db7a7","TCGA-LL-A5YL-01A-12R-A29R-07","TCGA-LL-A5YL","Primary Tumor","EPHB2","ENSG00000133216",810,3.9813,1.3567,1.4522,"OK"
"TCGA-BRCA","d777e8a9-92a8-48eb-bf58-8e13af99c77f","TCGA-A8-A0A4-01A-11R-A00Z-07","TCGA-A8-A0A4","Primary Tumor","JAK3","ENSG00000105639",270,3.3283,0.8577,0.8696,"OK"
"TCGA-BRCA","d777e8a9-92a8-48eb-bf58-8e13af99c77f","TCGA-A8-A0A4-01A-11R-A00Z-07","TCGA-A8-A0A4","Primary Tumor","EPHB2","ENSG00000133216",457,3.0666,0.7902,0.8012,"OK"
"TCGA-BRCA","51a3cb9a-e745-49ac-af0e-3a750f9e7521","TCGA-S3-AA10-01A-21R-A41B-07","TCGA-S3-AA10","Primary Tumor","JAK3","ENSG00000105639",2704,25.5303,8.5873,8.5375,"OK"
"TCGA-BRCA","51a3cb9a-e745-49ac-af0e-3a750f9e7521","TCGA-S3-AA10-01A-21R-A41B-07","TCGA-S3-AA10","Primary Tumor","EPHB2","ENSG00000133216",872,4.4817,1.5074,1.4987,"OK"
"TCGA-BRCA","391a3465-d22e-424b-af09-3e6342159bbb","TCGA-A8-A076-01A-21R-A00Z-07","TCGA-A8-A076","Primary Tumor","JAK3","ENSG00000105639",466,3.6427,0.9895,1.0056,"OK"
"TCGA-BRCA","391a3465-d22e-424b-af09-3e6342159bbb","TCGA-A8-A076-01A-21R-A00Z-07","TCGA-A8-A076","Primary Tumor","EPHB2","ENSG00000133216",1734,7.3783,2.0042,2.0368,"OK"
"TCGA-BRCA","589dda89-b968-4f26-b3c7-5371dfdb8a90","TCGA-OL-A66O-01A-11R-A31O-07","TCGA-OL-A66O","Primary Tumor","JAK3","ENSG00000105639",111,0.9229,0.2839,0.3076,"OK"
"TCGA-BRCA","589dda89-b968-4f26-b3c7-5371dfdb8a90","TCGA-OL-A66O-01A-11R-A31O-07","TCGA-OL-A66O","Primary Tumor","EPHB2","ENSG00000133216",241,1.0907,0.3356,0.3636,"OK"
"TCGA-BRCA","4c2bb8e3-2527-466b-a3bb-0f36c3b2a3e7","TCGA-A7-A13F-11A-42R-A12P-07","TCGA-A7-A13F","Solid Tissue Normal","JAK3","ENSG00000105639",428,4.1392,1.2978,1.3744,"OK"
"TCGA-BRCA","4c2bb8e3-2527-466b-a3bb-0f36c3b2a3e7","TCGA-A7-A13F-11A-42R-A12P-07","TCGA-A7-A13F","Solid Tissue Normal","EPHB2","ENSG00000133216",462,2.4321,0.7626,0.8076,"OK"
"TCGA-BRCA","a2f902f5-2413-4698-b53b-446df6409d61","TCGA-AC-A3YI-01A-21R-A239-07","TCGA-AC-A3YI","Primary Tumor","JAK3","ENSG00000105639",1437,16.7434,4.9504,5.0868,"OK"
"TCGA-BRCA","a2f902f5-2413-4698-b53b-446df6409d61","TCGA-AC-A3YI-01A-21R-A239-07","TCGA-AC-A3YI","Primary Tumor","EPHB2","ENSG00000133216",943,5.981,1.7684,1.8171,"OK"
"TCGA-BRCA","7bcb3817-31ac-4ef5-9038-a9bfebad5869","TCGA-V7-A7HQ-01A-11R-A33J-07","TCGA-V7-A7HQ","Primary Tumor","JAK3","ENSG00000105639",256,2.8107,0.9835,1.2033,"OK"
"TCGA-BRCA","7bcb3817-31ac-4ef5-9038-a9bfebad5869","TCGA-V7-A7HQ-01A-11R-A33J-07","TCGA-V7-A7HQ","Primary Tumor","EPHB2","ENSG00000133216",435,2.5997,0.9097,1.113,"OK"
"TCGA-BRCA","a73c6624-c462-4c25-94bf-58769257c6dc","TCGA-A2-A0T6-01A-11R-A084-07","TCGA-A2-A0T6","Primary Tumor","JAK3","ENSG00000105639",1118,10.1525,2.4495,2.4516,"OK"
"TCGA-BRCA","a73c6624-c462-4c25-94bf-58769257c6dc","TCGA-A2-A0T6-01A-11R-A084-07","TCGA-A2-A0T6","Primary Tumor","EPHB2","ENSG00000133216",956,4.7257,1.1402,1.1411,"OK"
"TCGA-BRCA","8ced7ce3-86ec-4bc8-afce-8fcfb06d8be4","TCGA-D8-A1JC-01A-11R-A13Q-07","TCGA-D8-A1JC","Primary Tumor","JAK3","ENSG00000105639",1103,8.1958,2.0741,1.9585,"OK"
"TCGA-BRCA","8ced7ce3-86ec-4bc8-afce-8fcfb06d8be4","TCGA-D8-A1JC-01A-11R-A13Q-07","TCGA-D8-A1JC","Primary Tumor","EPHB2","ENSG00000133216",3209,12.9795,3.2848,3.1017,"OK"
"TCGA-BRCA","a5c799bc-1332-4127-8fda-84da04084d25","TCGA-A7-A26E-01B-06R-A277-07","TCGA-A7-A26E","Primary Tumor","JAK3","ENSG00000105639",134,3.8254,1.1923,1.0869,"OK"
"TCGA-BRCA","a5c799bc-1332-4127-8fda-84da04084d25","TCGA-A7-A26E-01B-06R-A277-07","TCGA-A7-A26E","Primary Tumor","EPHB2","ENSG00000133216",234,3.6363,1.1333,1.0331,"OK"
"TCGA-BRCA","43820fe3-a899-4e6b-9227-27e32edaefd5","TCGA-BH-A0DX-01A-11R-A115-07","TCGA-BH-A0DX","Primary Tumor","JAK3","ENSG00000105639",698,6.2947,1.7855,1.8802,"OK"
"TCGA-BRCA","43820fe3-a899-4e6b-9227-27e32edaefd5","TCGA-BH-A0DX-01A-11R-A115-07","TCGA-BH-A0DX","Primary Tumor","EPHB2","ENSG00000133216",921,4.5212,1.2824,1.3505,"OK"
"TCGA-BRCA","f0a63361-78bb-4a7f-9d78-31f7b2980ba2","TCGA-C8-A137-01A-11R-A115-07","TCGA-C8-A137","Primary Tumor","JAK3","ENSG00000105639",99,1.2831,0.3639,0.3703,"OK"
"TCGA-BRCA","f0a63361-78bb-4a7f-9d78-31f7b2980ba2","TCGA-C8-A137-01A-11R-A115-07","TCGA-C8-A137","Primary Tumor","EPHB2","ENSG00000133216",189,1.3334,0.3782,0.3849,"OK"
"TCGA-BRCA","91577462-386f-43eb-88e1-859c1d74763c","TCGA-E9-A1N3-01A-12R-A157-07","TCGA-E9-A1N3","Primary Tumor","JAK3","ENSG00000105639",176,1.2111,0.3464,0.3579,"OK"
"TCGA-BRCA","91577462-386f-43eb-88e1-859c1d74763c","TCGA-E9-A1N3-01A-12R-A157-07","TCGA-E9-A1N3","Primary Tumor","EPHB2","ENSG00000133216",224,0.839,0.24,0.248,"OK"
"TCGA-BRCA","0b829610-f28e-418e-b79d-d3351e13e1fe","TCGA-B6-A0IJ-01A-11R-A034-07","TCGA-B6-A0IJ","Primary Tumor","JAK3","ENSG00000105639",1818,9.8348,3.6673,3.7762,"OK"
"TCGA-BRCA","0b829610-f28e-418e-b79d-d3351e13e1fe","TCGA-B6-A0IJ-01A-11R-A034-07","TCGA-B6-A0IJ","Primary Tumor","EPHB2","ENSG00000133216",497,1.4635,0.5457,0.5619,"OK"
"TCGA-BRCA","b4ac6e06-8760-4cb2-883c-c829eaefdc4c","TCGA-BH-A0B7-01A-12R-A115-07","TCGA-BH-A0B7","Primary Tumor","JAK3","ENSG00000105639",1575,13.8894,4.0374,4.1339,"OK"
"TCGA-BRCA","b4ac6e06-8760-4cb2-883c-c829eaefdc4c","TCGA-BH-A0B7-01A-12R-A115-07","TCGA-BH-A0B7","Primary Tumor","EPHB2","ENSG00000133216",1249,5.9957,1.7428,1.7845,"OK"
"TCGA-BRCA","621b0997-70e5-415b-8d8c-1e5f90d0d4aa","TCGA-D8-A1XZ-01A-11R-A14M-07","TCGA-D8-A1XZ","Primary Tumor","JAK3","ENSG00000105639",761,5.6855,1.6157,1.5406,"OK"
"TCGA-BRCA","621b0997-70e5-415b-8d8c-1e5f90d0d4aa","TCGA-D8-A1XZ-01A-11R-A14M-07","TCGA-D8-A1XZ","Primary Tumor","EPHB2","ENSG00000133216",695,2.8265,0.8032,0.7659,"OK"
"TCGA-BRCA","e4f1f27b-24a1-4d01-af87-b2692d092d2a","TCGA-A7-A4SA-01A-11R-A266-07","TCGA-A7-A4SA","Primary Tumor","JAK3","ENSG00000105639",1119,13.4646,4.6123,4.4908,"OK"
"TCGA-BRCA","e4f1f27b-24a1-4d01-af87-b2692d092d2a","TCGA-A7-A4SA-01A-11R-A266-07","TCGA-A7-A4SA","Primary Tumor","EPHB2","ENSG00000133216",1338,8.7638,3.002,2.9229,"OK"
"TCGA-BRCA","7814e438-105f-4d5b-94fe-8c66e95585ea","TCGA-AR-A24L-01A-11R-A169-07","TCGA-AR-A24L","Primary Tumor","JAK3","ENSG00000105639",394,2.8749,0.7217,0.728,"OK"
"TCGA-BRCA","7814e438-105f-4d5b-94fe-8c66e95585ea","TCGA-AR-A24L-01A-11R-A169-07","TCGA-AR-A24L","Primary Tumor","EPHB2","ENSG00000133216",749,2.9749,0.7469,0.7533,"OK"
"TCGA-BRCA","ad8be67e-a885-4d33-8776-fa0a5f9863d1","TCGA-BH-A1F0-11B-23R-A137-07","TCGA-BH-A1F0","Solid Tissue Normal","JAK3","ENSG00000105639",664,4.7296,1.4459,1.4513,"OK"
"TCGA-BRCA","ad8be67e-a885-4d33-8776-fa0a5f9863d1","TCGA-BH-A1F0-11B-23R-A137-07","TCGA-BH-A1F0","Solid Tissue Normal","EPHB2","ENSG00000133216",274,1.0624,0.3248,0.326,"OK"
"TCGA-BRCA","e9fe2319-2624-4ac1-9c41-d0ac44608f02","TCGA-AN-A0FY-01A-11R-A034-07","TCGA-AN-A0FY","Primary Tumor","JAK3","ENSG00000105639",424,3.1385,0.8424,0.8266,"OK"
"TCGA-BRCA","e9fe2319-2624-4ac1-9c41-d0ac44608f02","TCGA-AN-A0FY-01A-11R-A034-07","TCGA-AN-A0FY","Primary Tumor","EPHB2","ENSG00000133216",432,1.7407,0.4672,0.4584,"OK"
"TCGA-BRCA","afedbcf7-d427-4371-9c2a-f349b03de522","TCGA-AO-A12E-01A-11R-A10J-07","TCGA-AO-A12E","Primary Tumor","JAK3","ENSG00000105639",596,3.8683,1.2186,1.1848,"OK"
"TCGA-BRCA","afedbcf7-d427-4371-9c2a-f349b03de522","TCGA-AO-A12E-01A-11R-A10J-07","TCGA-AO-A12E","Primary Tumor","EPHB2","ENSG00000133216",1269,4.4835,1.4124,1.3732,"OK"
"TCGA-BRCA","0525bcb6-d206-46c8-b37d-b9b7cc90fef6","TCGA-BH-A1F0-01A-11R-A137-07","TCGA-BH-A1F0","Primary Tumor","JAK3","ENSG00000105639",3625,17.7121,5.9138,5.5558,"OK"
"TCGA-BRCA","0525bcb6-d206-46c8-b37d-b9b7cc90fef6","TCGA-BH-A1F0-01A-11R-A137-07","TCGA-BH-A1F0","Primary Tumor","EPHB2","ENSG00000133216",3722,9.8995,3.3053,3.1052,"OK"
"TCGA-BRCA","8437bf97-2354-40cf-8dc4-631c5d7ae63a","TCGA-E2-A15J-01A-11R-A12P-07","TCGA-E2-A15J","Primary Tumor","JAK3","ENSG00000105639",558,5.0755,1.4089,1.4186,"OK"
"TCGA-BRCA","8437bf97-2354-40cf-8dc4-631c5d7ae63a","TCGA-E2-A15J-01A-11R-A12P-07","TCGA-E2-A15J","Primary Tumor","EPHB2","ENSG00000133216",392,1.9409,0.5388,0.5425,"OK"
"TCGA-BRCA","4cce67eb-0cb7-4c8f-a81e-0e521c2b0168","TCGA-BH-A0AZ-11A-22R-A12P-07","TCGA-BH-A0AZ","Solid Tissue Normal","JAK3","ENSG00000105639",724,6.7925,1.6872,1.553,"OK"
"TCGA-BRCA","4cce67eb-0cb7-4c8f-a81e-0e521c2b0168","TCGA-BH-A0AZ-11A-22R-A12P-07","TCGA-BH-A0AZ","Solid Tissue Normal","EPHB2","ENSG00000133216",246,1.2563,0.3121,0.2872,"OK"
"TCGA-BRCA","1051db4c-40a5-4a98-a239-d96c986aa349","TCGA-B6-A0I6-01A-11R-A034-07","TCGA-B6-A0I6","Primary Tumor","JAK3","ENSG00000105639",354,4.3001,1.1888,1.1699,"OK"
"TCGA-BRCA","1051db4c-40a5-4a98-a239-d96c986aa349","TCGA-B6-A0I6-01A-11R-A034-07","TCGA-B6-A0I6","Primary Tumor","EPHB2","ENSG00000133216",441,2.916,0.8061,0.7933,"OK"
"TCGA-BRCA","4ed31cce-6d4f-4c79-a4e4-80eaedd1c4d2","TCGA-LL-A7SZ-01A-32R-A352-07","TCGA-LL-A7SZ","Primary Tumor","JAK3","ENSG00000105639",992,7.6345,4.81,5.3008,"OK"
"TCGA-BRCA","4ed31cce-6d4f-4c79-a4e4-80eaedd1c4d2","TCGA-LL-A7SZ-01A-32R-A352-07","TCGA-LL-A7SZ","Primary Tumor","EPHB2","ENSG00000133216",362,1.5165,0.9555,1.053,"OK"
"TCGA-BRCA","aa89d193-05a1-4f7f-9291-b9cf646656de","TCGA-A8-A07W-01A-11R-A00Z-07","TCGA-A8-A07W","Primary Tumor","JAK3","ENSG00000105639",937,8.8087,2.2324,2.1681,"OK"
"TCGA-BRCA","aa89d193-05a1-4f7f-9291-b9cf646656de","TCGA-A8-A07W-01A-11R-A00Z-07","TCGA-A8-A07W","Primary Tumor","EPHB2","ENSG00000133216",2234,11.4321,2.8972,2.8139,"OK"
"TCGA-BRCA","6c7f9fc6-3dba-4605-9f0c-d4f00095352f","TCGA-BH-AB28-01A-31R-A41B-07","TCGA-BH-AB28","Primary Tumor","JAK3","ENSG00000105639",906,10.7286,2.8863,2.6663,"OK"
"TCGA-BRCA","6c7f9fc6-3dba-4605-9f0c-d4f00095352f","TCGA-BH-AB28-01A-31R-A41B-07","TCGA-BH-AB28","Primary Tumor","EPHB2","ENSG00000133216",649,4.1834,1.1255,1.0397,"OK"
"TCGA-BRCA","19520ee7-658f-4e16-8a24-291beed9f0af","TCGA-A1-A0SQ-01A-21R-A144-07","TCGA-A1-A0SQ","Primary Tumor","JAK3","ENSG00000105639",165,1.6086,0.4554,0.477,"OK"
"TCGA-BRCA","19520ee7-658f-4e16-8a24-291beed9f0af","TCGA-A1-A0SQ-01A-21R-A144-07","TCGA-A1-A0SQ","Primary Tumor","EPHB2","ENSG00000133216",280,1.4859,0.4206,0.4406,"OK"
"TCGA-BRCA","1a000feb-3b71-4f95-8b39-68ec25b64d96","TCGA-GM-A3XN-01A-12R-A22U-07","TCGA-GM-A3XN","Primary Tumor","JAK3","ENSG00000105639",1328,10.3783,3.2991,3.3574,"OK"
"TCGA-BRCA","1a000feb-3b71-4f95-8b39-68ec25b64d96","TCGA-GM-A3XN-01A-12R-A22U-07","TCGA-GM-A3XN","Primary Tumor","EPHB2","ENSG00000133216",778,3.3096,1.0521,1.0707,"OK"
"TCGA-BRCA","02e08315-4d34-421c-acc0-129b1e1de38b","TCGA-E2-A1IE-01A-11R-A13Q-07","TCGA-E2-A1IE","Primary Tumor","JAK3","ENSG00000105639",227,1.5547,0.4277,0.4093,"OK"
"TCGA-BRCA","02e08315-4d34-421c-acc0-129b1e1de38b","TCGA-E2-A1IE-01A-11R-A13Q-07","TCGA-E2-A1IE","Primary Tumor","EPHB2","ENSG00000133216",306,1.1408,0.3138,0.3003,"OK"
"TCGA-BRCA","987d401a-3e68-414e-8067-afe277b02fad","TCGA-A2-A0ES-01A-11R-A115-07","TCGA-A2-A0ES","Primary Tumor","JAK3","ENSG00000105639",668,6.7401,1.839,1.7743,"OK"
"TCGA-BRCA","987d401a-3e68-414e-8067-afe277b02fad","TCGA-A2-A0ES-01A-11R-A115-07","TCGA-A2-A0ES","Primary Tumor","EPHB2","ENSG00000133216",519,2.8506,0.7777,0.7504,"OK"
"TCGA-BRCA","aedc877a-f4b9-4657-b5c9-b7768b5751c9","TCGA-AC-A7VC-01A-11R-A352-07","TCGA-AC-A7VC","Primary Tumor","JAK3","ENSG00000105639",921,11.4111,3.2925,4.345,"OK"
"TCGA-BRCA","aedc877a-f4b9-4657-b5c9-b7768b5751c9","TCGA-AC-A7VC-01A-11R-A352-07","TCGA-AC-A7VC","Primary Tumor","EPHB2","ENSG00000133216",1134,7.6481,2.2067,2.9122,"OK"
"TCGA-BRCA","1eca5ea8-093a-494d-968b-2ffcfe2b4604","TCGA-D8-A1XG-01A-11R-A14D-07","TCGA-D8-A1XG","Primary Tumor","JAK3","ENSG00000105639",228,2.6239,0.6373,0.6319,"OK"
"TCGA-BRCA","1eca5ea8-093a-494d-968b-2ffcfe2b4604","TCGA-D8-A1XG-01A-11R-A14D-07","TCGA-D8-A1XG","Primary Tumor","EPHB2","ENSG00000133216",492,3.0822,0.7486,0.7423,"OK"
"TCGA-BRCA","35fd75aa-21e8-49c0-8b40-159839c3cc19","TCGA-BH-A0BT-01A-11R-A12P-07","TCGA-BH-A0BT","Primary Tumor","JAK3","ENSG00000105639",486,4.1881,1.3526,1.3729,"OK"
"TCGA-BRCA","35fd75aa-21e8-49c0-8b40-159839c3cc19","TCGA-BH-A0BT-01A-11R-A12P-07","TCGA-BH-A0BT","Primary Tumor","EPHB2","ENSG00000133216",429,2.0124,0.6499,0.6597,"OK"
"TCGA-BRCA","fc9fab5b-52f0-4c79-bdf3-750c650a0fdc","TCGA-A2-A3XY-01A-11R-A239-07","TCGA-A2-A3XY","Primary Tumor","JAK3","ENSG00000105639",2802,19.7521,5.3929,5.4229,"OK"
"TCGA-BRCA","fc9fab5b-52f0-4c79-bdf3-750c650a0fdc","TCGA-A2-A3XY-01A-11R-A239-07","TCGA-A2-A3XY","Primary Tumor","EPHB2","ENSG00000133216",1761,6.7574,1.845,1.8552,"OK"
"TCGA-BRCA","9ccdf2cc-ca01-4ef7-bed9-f955fd0396c2","TCGA-BH-A0EA-01A-11R-A115-07","TCGA-BH-A0EA","Primary Tumor","JAK3","ENSG00000105639",394,5.2531,1.4437,1.3534,"OK"
"TCGA-BRCA","9ccdf2cc-ca01-4ef7-bed9-f955fd0396c2","TCGA-BH-A0EA-01A-11R-A115-07","TCGA-BH-A0EA","Primary Tumor","EPHB2","ENSG00000133216",395,2.8667,0.7879,0.7386,"OK"
"TCGA-BRCA","89409cf3-e710-47fd-af3c-6f8f0dec7c90","TCGA-A7-A26E-01A-11R-A277-07","TCGA-A7-A26E","Primary Tumor","JAK3","ENSG00000105639",165,1.0966,0.6241,0.5995,"OK"
"TCGA-BRCA","89409cf3-e710-47fd-af3c-6f8f0dec7c90","TCGA-A7-A26E-01A-11R-A277-07","TCGA-A7-A26E","Primary Tumor","EPHB2","ENSG00000133216",364,1.3168,0.7495,0.7199,"OK"
"TCGA-BRCA","e5016a2d-c839-4962-aa12-16b6c0e1328b","TCGA-B6-A0IO-01A-11R-A034-07","TCGA-B6-A0IO","Primary Tumor","JAK3","ENSG00000105639",338,2.401,0.772,0.8245,"OK"
"TCGA-BRCA","e5016a2d-c839-4962-aa12-16b6c0e1328b","TCGA-B6-A0IO-01A-11R-A034-07","TCGA-B6-A0IO","Primary Tumor","EPHB2","ENSG00000133216",219,0.8468,0.2723,0.2908,"OK"
"TCGA-BRCA","ea1fadc2-1cdc-4658-9619-eeb26ae09da8","TCGA-BH-A0H7-11A-13R-A089-07","TCGA-BH-A0H7","Solid Tissue Normal","JAK3","ENSG00000105639",327,2.9497,0.9084,0.9155,"OK"
"TCGA-BRCA","ea1fadc2-1cdc-4658-9619-eeb26ae09da8","TCGA-BH-A0H7-11A-13R-A089-07","TCGA-BH-A0H7","Solid Tissue Normal","EPHB2","ENSG00000133216",382,1.8757,0.5777,0.5822,"OK"
"TCGA-BRCA","da7f48b2-3bed-4824-8de7-187d0b22f54d","TCGA-C8-A1HF-01A-11R-A137-07","TCGA-C8-A1HF","Primary Tumor","JAK3","ENSG00000105639",1397,9.2253,2.9273,3.042,"OK"
"TCGA-BRCA","da7f48b2-3bed-4824-8de7-187d0b22f54d","TCGA-C8-A1HF-01A-11R-A137-07","TCGA-C8-A1HF","Primary Tumor","EPHB2","ENSG00000133216",1450,5.2123,1.6539,1.7187,"OK"
"TCGA-BRCA","f30b7e3e-f26d-47f7-a87f-6c1a4f074f65","TCGA-B6-A0IQ-01A-11R-A034-07","TCGA-B6-A0IQ","Primary Tumor","JAK3","ENSG00000105639",848,5.0826,1.756,1.8799,"OK"
"TCGA-BRCA","f30b7e3e-f26d-47f7-a87f-6c1a4f074f65","TCGA-B6-A0IQ-01A-11R-A034-07","TCGA-B6-A0IQ","Primary Tumor","EPHB2","ENSG00000133216",2001,6.5284,2.2555,2.4146,"OK"
"TCGA-BRCA","0081f507-b104-4214-9ea1-31dd69130991","TCGA-E2-A14U-01A-11R-A22K-07","TCGA-E2-A14U","Primary Tumor","JAK3","ENSG00000105639",638,5.5637,1.5769,1.467,"OK"
"TCGA-BRCA","0081f507-b104-4214-9ea1-31dd69130991","TCGA-E2-A14U-01A-11R-A22K-07","TCGA-E2-A14U","Primary Tumor","EPHB2","ENSG00000133216",256,1.2152,0.3444,0.3204,"OK"
"TCGA-BRCA","c441b2f1-d5ad-4aae-a37e-946579ff604f","TCGA-OL-A5RW-01A-11R-A28M-07","TCGA-OL-A5RW","Primary Tumor","JAK3","ENSG00000105639",339,3.4552,1.1689,1.2975,"OK"
"TCGA-BRCA","c441b2f1-d5ad-4aae-a37e-946579ff604f","TCGA-OL-A5RW-01A-11R-A28M-07","TCGA-OL-A5RW","Primary Tumor","EPHB2","ENSG00000133216",563,3.1236,1.0567,1.173,"OK"
"TCGA-BRCA","da84f488-af86-4472-bf87-063a9137e1db","TCGA-BH-A0BT-11A-21R-A12P-07","TCGA-BH-A0BT","Solid Tissue Normal","JAK3","ENSG00000105639",426,4.9076,1.2921,1.2229,"OK"
"TCGA-BRCA","da84f488-af86-4472-bf87-063a9137e1db","TCGA-BH-A0BT-11A-21R-A12P-07","TCGA-BH-A0BT","Solid Tissue Normal","EPHB2","ENSG00000133216",126,0.7901,0.208,0.1969,"OK"
"TCGA-BRCA","a4fc84b0-29ff-4994-b493-1102a044838d","TCGA-B6-A0X0-01A-21R-A115-07","TCGA-B6-A0X0","Primary Tumor","JAK3","ENSG00000105639",232,3.947,1.0915,1.0323,"OK"
"TCGA-BRCA","a4fc84b0-29ff-4994-b493-1102a044838d","TCGA-B6-A0X0-01A-21R-A115-07","TCGA-B6-A0X0","Primary Tumor","EPHB2","ENSG00000133216",100,0.9261,0.2561,0.2422,"OK"
"TCGA-BRCA","7d1c40bf-6119-4f2b-bb33-3ba23546799f","TCGA-LD-A7W5-01A-22R-A352-07","TCGA-LD-A7W5","Primary Tumor","JAK3","ENSG00000105639",3744,29.2021,9.1664,8.73,"OK"
"TCGA-BRCA","7d1c40bf-6119-4f2b-bb33-3ba23546799f","TCGA-LD-A7W5-01A-22R-A352-07","TCGA-LD-A7W5","Primary Tumor","EPHB2","ENSG00000133216",1466,6.2242,1.9538,1.8607,"OK"
"TCGA-BRCA","fd94a0ed-37d8-49a5-af96-e2160a9e6096","TCGA-BH-A18P-11A-43R-A12D-07","TCGA-BH-A18P","Solid Tissue Normal","JAK3","ENSG00000105639",251,2,0.6813,0.764,"OK"
"TCGA-BRCA","fd94a0ed-37d8-49a5-af96-e2160a9e6096","TCGA-BH-A18P-11A-43R-A12D-07","TCGA-BH-A18P","Solid Tissue Normal","EPHB2","ENSG00000133216",263,1.1407,0.3886,0.4358,"OK"
"TCGA-BRCA","3e0c80d6-5091-454c-ad27-eb513cf6f45d","TCGA-GI-A2C9-01A-11R-A21T-07","TCGA-GI-A2C9","Primary Tumor","JAK3","ENSG00000105639",265,2.2116,0.6417,0.6496,"OK"
"TCGA-BRCA","3e0c80d6-5091-454c-ad27-eb513cf6f45d","TCGA-GI-A2C9-01A-11R-A21T-07","TCGA-GI-A2C9","Primary Tumor","EPHB2","ENSG00000133216",873,3.966,1.1506,1.1649,"OK"
"TCGA-BRCA","78805478-bf7a-4d7b-8c4f-15e334430efd","TCGA-E2-A15H-01A-11R-A12D-07","TCGA-E2-A15H","Primary Tumor","JAK3","ENSG00000105639",346,3.6073,1.017,1.0159,"OK"
"TCGA-BRCA","78805478-bf7a-4d7b-8c4f-15e334430efd","TCGA-E2-A15H-01A-11R-A12D-07","TCGA-E2-A15H","Primary Tumor","EPHB2","ENSG00000133216",428,2.429,0.6848,0.6841,"OK"
"TCGA-BRCA","9dc09c86-c728-4bd9-b2b6-2d9962dad662","TCGA-EW-A2FS-01A-11R-A17B-07","TCGA-EW-A2FS","Primary Tumor","JAK3","ENSG00000105639",979,5.4287,2.4543,2.6229,"OK"
"TCGA-BRCA","9dc09c86-c728-4bd9-b2b6-2d9962dad662","TCGA-EW-A2FS-01A-11R-A17B-07","TCGA-EW-A2FS","Primary Tumor","EPHB2","ENSG00000133216",253,0.7637,0.3453,0.369,"OK"
"TCGA-BRCA","ed1497db-7c6f-4bd2-83ed-ee05fa286f8b","TCGA-C8-A130-01A-31R-A115-07","TCGA-C8-A130","Primary Tumor","JAK3","ENSG00000105639",672,5.1396,1.813,1.8899,"OK"
"TCGA-BRCA","ed1497db-7c6f-4bd2-83ed-ee05fa286f8b","TCGA-C8-A130-01A-31R-A115-07","TCGA-C8-A130","Primary Tumor","EPHB2","ENSG00000133216",601,2.5021,0.8826,0.92,"OK"
"TCGA-BRCA","f1dc7a14-29f1-4fe1-bc67-01e0776d6b40","TCGA-OL-A5RV-01A-12R-A28M-07","TCGA-OL-A5RV","Primary Tumor","JAK3","ENSG00000105639",583,7.6378,1.9633,1.7379,"OK"
"TCGA-BRCA","f1dc7a14-29f1-4fe1-bc67-01e0776d6b40","TCGA-OL-A5RV-01A-12R-A28M-07","TCGA-OL-A5RV","Primary Tumor","EPHB2","ENSG00000133216",266,1.8969,0.4876,0.4316,"OK"
"TCGA-BRCA","9dc47384-64df-48c7-9d41-921d6021ef9c","TCGA-BH-A0B8-11A-41R-A089-07","TCGA-BH-A0B8","Solid Tissue Normal","JAK3","ENSG00000105639",163,1.3464,0.4412,0.5588,"OK"
"TCGA-BRCA","9dc47384-64df-48c7-9d41-921d6021ef9c","TCGA-BH-A0B8-11A-41R-A089-07","TCGA-BH-A0B8","Solid Tissue Normal","EPHB2","ENSG00000133216",302,1.3579,0.445,0.5636,"OK"
"TCGA-BRCA","77e51e8b-b21e-458a-9d00-217baa96d771","TCGA-BH-A0E7-01A-11R-A034-07","TCGA-BH-A0E7","Primary Tumor","JAK3","ENSG00000105639",187,1.6465,0.4133,0.3855,"OK"
"TCGA-BRCA","77e51e8b-b21e-458a-9d00-217baa96d771","TCGA-BH-A0E7-01A-11R-A034-07","TCGA-BH-A0E7","Primary Tumor","EPHB2","ENSG00000133216",437,2.0945,0.5257,0.4903,"OK"
"TCGA-BRCA","2a73e390-7415-486e-8d15-d9ea6ede09ba","TCGA-AC-A5XS-01A-11R-A29R-07","TCGA-AC-A5XS","Primary Tumor","JAK3","ENSG00000105639",1480,15.4791,5.2884,5.0805,"OK"
"TCGA-BRCA","2a73e390-7415-486e-8d15-d9ea6ede09ba","TCGA-AC-A5XS-01A-11R-A29R-07","TCGA-AC-A5XS","Primary Tumor","EPHB2","ENSG00000133216",1128,6.422,2.194,2.1078,"OK"
"TCGA-BRCA","4df2233b-3bbc-4d20-9abc-2a09b3f37383","TCGA-BH-A0DO-11A-22R-A12D-07","TCGA-BH-A0DO","Solid Tissue Normal","JAK3","ENSG00000105639",626,5.988,1.738,1.6818,"OK"
"TCGA-BRCA","4df2233b-3bbc-4d20-9abc-2a09b3f37383","TCGA-BH-A0DO-11A-22R-A12D-07","TCGA-BH-A0DO","Solid Tissue Normal","EPHB2","ENSG00000133216",188,0.9789,0.2841,0.2749,"OK"
"TCGA-BRCA","a260d9e5-d88e-44eb-8431-4266c1baf68a","TCGA-AC-A2QJ-01A-12R-A19W-07","TCGA-AC-A2QJ","Primary Tumor","JAK3","ENSG00000105639",1837,15.7281,5.2502,8.4619,"OK"
"TCGA-BRCA","a260d9e5-d88e-44eb-8431-4266c1baf68a","TCGA-AC-A2QJ-01A-12R-A19W-07","TCGA-AC-A2QJ","Primary Tumor","EPHB2","ENSG00000133216",2939,13.6975,4.5724,7.3694,"OK"
"TCGA-BRCA","b1d29048-b913-40d9-bb58-97c107b95e8d","TCGA-A7-A426-01A-22R-A24H-07","TCGA-A7-A426","Primary Tumor","JAK3","ENSG00000105639",1484,10.9598,3.2532,3.0145,"OK"
"TCGA-BRCA","b1d29048-b913-40d9-bb58-97c107b95e8d","TCGA-A7-A426-01A-22R-A24H-07","TCGA-A7-A426","Primary Tumor","EPHB2","ENSG00000133216",865,3.4774,1.0322,0.9565,"OK"
"TCGA-BRCA","5bee33e8-6c0e-4b47-b5b4-a82bf5784d81","TCGA-AC-A2FE-01A-11R-A19W-07","TCGA-AC-A2FE","Primary Tumor","JAK3","ENSG00000105639",1884,15.9263,4.5358,4.2763,"OK"
"TCGA-BRCA","5bee33e8-6c0e-4b47-b5b4-a82bf5784d81","TCGA-AC-A2FE-01A-11R-A19W-07","TCGA-AC-A2FE","Primary Tumor","EPHB2","ENSG00000133216",1306,6.0096,1.7115,1.6136,"OK"
"TCGA-BRCA","2fa144d0-2776-46d9-a7d4-41f68a1d3727","TCGA-A2-A04R-01A-41R-A109-07","TCGA-A2-A04R","Primary Tumor","JAK3","ENSG00000105639",139,1.2576,0.3552,0.3655,"OK"
"TCGA-BRCA","2fa144d0-2776-46d9-a7d4-41f68a1d3727","TCGA-A2-A04R-01A-41R-A109-07","TCGA-A2-A04R","Primary Tumor","EPHB2","ENSG00000133216",138,0.6797,0.1919,0.1975,"OK"
"TCGA-BRCA","5fe2671d-4314-444b-adc1-64bbc6a85aab","TCGA-D8-A1JL-01A-11R-A13Q-07","TCGA-D8-A1JL","Primary Tumor","JAK3","ENSG00000105639",2177,16.8241,4.0178,3.8071,"OK"
"TCGA-BRCA","5fe2671d-4314-444b-adc1-64bbc6a85aab","TCGA-D8-A1JL-01A-11R-A13Q-07","TCGA-D8-A1JL","Primary Tumor","EPHB2","ENSG00000133216",5043,21.2146,5.0663,4.8006,"OK"
"TCGA-BRCA","1ca86ab0-2f8a-4cd3-81b8-d19e8579b1d6","TCGA-A2-A25A-01A-12R-A16F-07","TCGA-A2-A25A","Primary Tumor","JAK3","ENSG00000105639",2102,12.6739,3.4914,3.3143,"OK"
"TCGA-BRCA","1ca86ab0-2f8a-4cd3-81b8-d19e8579b1d6","TCGA-A2-A25A-01A-12R-A16F-07","TCGA-A2-A25A","Primary Tumor","EPHB2","ENSG00000133216",1132,3.7153,1.0235,0.9716,"OK"
"TCGA-BRCA","4ef4f9f1-7883-4fff-91c0-223cac5f1887","TCGA-BH-A0HX-01A-21R-A056-07","TCGA-BH-A0HX","Primary Tumor","JAK3","ENSG00000105639",539,5.7298,1.5322,1.5182,"OK"
"TCGA-BRCA","4ef4f9f1-7883-4fff-91c0-223cac5f1887","TCGA-BH-A0HX-01A-21R-A056-07","TCGA-BH-A0HX","Primary Tumor","EPHB2","ENSG00000133216",454,2.6271,0.7025,0.6961,"OK"
"TCGA-BRCA","422ef158-74dd-4a5e-88a6-5b0da33004d1","TCGA-AN-A0AR-01A-11R-A00Z-07","TCGA-AN-A0AR","Primary Tumor","JAK3","ENSG00000105639",215,1.5214,0.5288,0.578,"OK"
"TCGA-BRCA","422ef158-74dd-4a5e-88a6-5b0da33004d1","TCGA-AN-A0AR-01A-11R-A00Z-07","TCGA-AN-A0AR","Primary Tumor","EPHB2","ENSG00000133216",1967,7.5768,2.6333,2.8787,"OK"
"TCGA-BRCA","ec9437c2-dad0-471a-bd2c-faa61846af57","TCGA-E2-A156-01A-11R-A12D-07","TCGA-E2-A156","Primary Tumor","JAK3","ENSG00000105639",46,1.1822,0.2781,0.2378,"OK"
"TCGA-BRCA","ec9437c2-dad0-471a-bd2c-faa61846af57","TCGA-E2-A156-01A-11R-A12D-07","TCGA-E2-A156","Primary Tumor","EPHB2","ENSG00000133216",164,2.2943,0.5398,0.4615,"OK"
"TCGA-BRCA","2b64d9ef-56fc-4362-99c7-d0cc6011c2a4","TCGA-EW-A1P6-01A-11R-A144-07","TCGA-EW-A1P6","Primary Tumor","JAK3","ENSG00000105639",181,2.3136,0.7132,0.6977,"OK"
"TCGA-BRCA","2b64d9ef-56fc-4362-99c7-d0cc6011c2a4","TCGA-EW-A1P6-01A-11R-A144-07","TCGA-EW-A1P6","Primary Tumor","EPHB2","ENSG00000133216",258,1.7952,0.5534,0.5414,"OK"
"TCGA-BRCA","430184b1-040d-4b3a-863d-1e6c71009d93","TCGA-A7-A56D-01A-11R-A27Q-07","TCGA-A7-A56D","Primary Tumor","JAK3","ENSG00000105639",275,2.5661,1.0701,1.444,"OK"
"TCGA-BRCA","430184b1-040d-4b3a-863d-1e6c71009d93","TCGA-A7-A56D-01A-11R-A27Q-07","TCGA-A7-A56D","Primary Tumor","EPHB2","ENSG00000133216",784,3.9823,1.6606,2.2408,"OK"
"TCGA-BRCA","0f0b1a31-1f88-40e0-bd25-320046de4970","TCGA-AO-A0J6-01A-11R-A034-07","TCGA-AO-A0J6","Primary Tumor","JAK3","ENSG00000105639",2808,16.5647,5.3285,5.3738,"OK"
"TCGA-BRCA","0f0b1a31-1f88-40e0-bd25-320046de4970","TCGA-AO-A0J6-01A-11R-A034-07","TCGA-AO-A0J6","Primary Tumor","EPHB2","ENSG00000133216",4279,13.7404,4.42,4.4576,"OK"
"TCGA-BRCA","98320692-9c1c-4ed3-9ea1-72f098c03049","TCGA-E9-A1ND-01A-11R-A144-07","TCGA-E9-A1ND","Primary Tumor","JAK3","ENSG00000105639",1735,17.5815,6.0188,6.3758,"OK"
"TCGA-BRCA","98320692-9c1c-4ed3-9ea1-72f098c03049","TCGA-E9-A1ND-01A-11R-A144-07","TCGA-E9-A1ND","Primary Tumor","EPHB2","ENSG00000133216",1797,9.9123,3.3934,3.5946,"OK"
"TCGA-BRCA","a629c407-5141-454c-bb69-ba7e58d1febc","TCGA-BH-A0DK-01A-21R-A056-07","TCGA-BH-A0DK","Primary Tumor","JAK3","ENSG00000105639",1680,13.3065,5.0806,5.5712,"OK"
"TCGA-BRCA","a629c407-5141-454c-bb69-ba7e58d1febc","TCGA-BH-A0DK-01A-21R-A056-07","TCGA-BH-A0DK","Primary Tumor","EPHB2","ENSG00000133216",773,3.3328,1.2725,1.3954,"OK"
"TCGA-BRCA","e4732dd4-002a-4b37-9a56-d01d551e9cc3","TCGA-B6-A0WW-01A-11R-A109-07","TCGA-B6-A0WW","Primary Tumor","JAK3","ENSG00000105639",189,2.7295,0.7757,0.7393,"OK"
"TCGA-BRCA","e4732dd4-002a-4b37-9a56-d01d551e9cc3","TCGA-B6-A0WW-01A-11R-A109-07","TCGA-B6-A0WW","Primary Tumor","EPHB2","ENSG00000133216",559,4.3944,1.2488,1.1902,"OK"
"TCGA-BRCA","ddb7443e-0dda-40f1-9652-adc025804c85","TCGA-BH-A0EB-01A-11R-A034-07","TCGA-BH-A0EB","Primary Tumor","JAK3","ENSG00000105639",694,5.6307,1.6267,1.6339,"OK"
"TCGA-BRCA","ddb7443e-0dda-40f1-9652-adc025804c85","TCGA-BH-A0EB-01A-11R-A034-07","TCGA-BH-A0EB","Primary Tumor","EPHB2","ENSG00000133216",1040,4.5931,1.3269,1.3328,"OK"
"TCGA-BRCA","3396edba-0d2a-4485-ad0a-5114b38c1abe","TCGA-GM-A2DL-01A-11R-A18M-07","TCGA-GM-A2DL","Primary Tumor","JAK3","ENSG00000105639",336,3.3029,1.072,1.178,"OK"
"TCGA-BRCA","3396edba-0d2a-4485-ad0a-5114b38c1abe","TCGA-GM-A2DL-01A-11R-A18M-07","TCGA-GM-A2DL","Primary Tumor","EPHB2","ENSG00000133216",409,2.1886,0.7103,0.7806,"OK"
"TCGA-BRCA","27f4c9d4-d6ba-4fea-9f0b-fb06066e69a8","TCGA-E2-A158-01A-11R-A12D-07","TCGA-E2-A158","Primary Tumor","JAK3","ENSG00000105639",386,3.0881,0.9321,0.9332,"OK"
"TCGA-BRCA","27f4c9d4-d6ba-4fea-9f0b-fb06066e69a8","TCGA-E2-A158-01A-11R-A12D-07","TCGA-E2-A158","Primary Tumor","EPHB2","ENSG00000133216",114,0.4965,0.1498,0.15,"OK"
"TCGA-BRCA","86ce8513-c2a6-4b5c-9811-904f0eee21a0","TCGA-EW-A1J1-01A-11R-A13Q-07","TCGA-EW-A1J1","Primary Tumor","JAK3","ENSG00000105639",841,6.3115,1.6869,1.75,"OK"
"TCGA-BRCA","86ce8513-c2a6-4b5c-9811-904f0eee21a0","TCGA-EW-A1J1-01A-11R-A13Q-07","TCGA-EW-A1J1","Primary Tumor","EPHB2","ENSG00000133216",678,2.7697,0.7403,0.768,"OK"
"TCGA-BRCA","871d28f4-09d5-4f16-8c29-4aa7d247f3e3","TCGA-A2-A1G4-01A-11R-A13Q-07","TCGA-A2-A1G4","Primary Tumor","JAK3","ENSG00000105639",484,3.4187,0.9465,0.9573,"OK"
"TCGA-BRCA","871d28f4-09d5-4f16-8c29-4aa7d247f3e3","TCGA-A2-A1G4-01A-11R-A13Q-07","TCGA-A2-A1G4","Primary Tumor","EPHB2","ENSG00000133216",428,1.6456,0.4556,0.4608,"OK"
"TCGA-BRCA","d67d6fbf-50fa-485e-8ac7-a3c7ac33b3b2","TCGA-E9-A3QA-01A-61R-A22K-07","TCGA-E9-A3QA","Primary Tumor","JAK3","ENSG00000105639",3750,25.4032,8.6872,8.5521,"OK"
"TCGA-BRCA","d67d6fbf-50fa-485e-8ac7-a3c7ac33b3b2","TCGA-E9-A3QA-01A-61R-A22K-07","TCGA-E9-A3QA","Primary Tumor","EPHB2","ENSG00000133216",1278,4.7126,1.6116,1.5865,"OK"
"TCGA-BRCA","cc7f30ec-5369-45ec-80cb-68534838a655","TCGA-A2-A0YG-01A-21R-A109-07","TCGA-A2-A0YG","Primary Tumor","JAK3","ENSG00000105639",471,4.5233,1.1615,1.1049,"OK"
"TCGA-BRCA","cc7f30ec-5369-45ec-80cb-68534838a655","TCGA-A2-A0YG-01A-21R-A109-07","TCGA-A2-A0YG","Primary Tumor","EPHB2","ENSG00000133216",363,1.8976,0.4873,0.4635,"OK"
"TCGA-BRCA","f66aace4-01a4-4def-8e71-26d9aaf13d49","TCGA-A1-A0SE-01A-11R-A084-07","TCGA-A1-A0SE","Primary Tumor","JAK3","ENSG00000105639",469,4.3411,1.1517,1.1284,"OK"
"TCGA-BRCA","f66aace4-01a4-4def-8e71-26d9aaf13d49","TCGA-A1-A0SE-01A-11R-A084-07","TCGA-A1-A0SE","Primary Tumor","EPHB2","ENSG00000133216",446,2.2472,0.5962,0.5841,"OK"
"TCGA-BRCA","e0bd84f0-9524-4bd2-aa92-7205357596e5","TCGA-E9-A1RF-01A-11R-A157-07","TCGA-E9-A1RF","Primary Tumor","JAK3","ENSG00000105639",1138,7.6793,2.5363,2.8078,"OK"
"TCGA-BRCA","e0bd84f0-9524-4bd2-aa92-7205357596e5","TCGA-E9-A1RF-01A-11R-A157-07","TCGA-E9-A1RF","Primary Tumor","EPHB2","ENSG00000133216",738,2.7109,0.8953,0.9912,"OK"
"TCGA-BRCA","4d27c8ac-375b-414a-8f88-75092f03bdd8","TCGA-A2-A25F-01A-11R-A169-07","TCGA-A2-A25F","Primary Tumor","JAK3","ENSG00000105639",8216,51.1661,15.0718,15.0539,"OK"
"TCGA-BRCA","4d27c8ac-375b-414a-8f88-75092f03bdd8","TCGA-A2-A25F-01A-11R-A169-07","TCGA-A2-A25F","Primary Tumor","EPHB2","ENSG00000133216",2452,8.3122,2.4485,2.4456,"OK"
"TCGA-BRCA","3b9e620f-a661-4a1d-ac46-ab4c56a4b241","TCGA-A1-A0SD-01A-11R-A115-07","TCGA-A1-A0SD","Primary Tumor","JAK3","ENSG00000105639",782,7.2347,1.9437,1.8903,"OK"
"TCGA-BRCA","3b9e620f-a661-4a1d-ac46-ab4c56a4b241","TCGA-A1-A0SD-01A-11R-A115-07","TCGA-A1-A0SD","Primary Tumor","EPHB2","ENSG00000133216",1160,5.8418,1.5695,1.5263,"OK"
"TCGA-BRCA","3bb2e240-9cea-4dd2-be32-6bc6976a79b1","TCGA-A2-A0CX-01A-21R-A00Z-07","TCGA-A2-A0CX","Primary Tumor","JAK3","ENSG00000105639",547,4.5342,1.4595,1.624,"OK"
"TCGA-BRCA","3bb2e240-9cea-4dd2-be32-6bc6976a79b1","TCGA-A2-A0CX-01A-21R-A00Z-07","TCGA-A2-A0CX","Primary Tumor","EPHB2","ENSG00000133216",578,2.608,0.8395,0.9341,"OK"
"TCGA-BRCA","9765934d-d954-485c-abfe-b9db59f18193","TCGA-AR-A0TZ-01A-12R-A084-07","TCGA-AR-A0TZ","Primary Tumor","JAK3","ENSG00000105639",329,2.6513,0.6118,0.5636,"OK"
"TCGA-BRCA","9765934d-d954-485c-abfe-b9db59f18193","TCGA-AR-A0TZ-01A-12R-A084-07","TCGA-AR-A0TZ","Primary Tumor","EPHB2","ENSG00000133216",1205,5.2859,1.2198,1.1236,"OK"
"TCGA-BRCA","5dfadec2-3a10-40a9-99be-4984e917ba88","TCGA-BH-A0AZ-01A-21R-A12P-07","TCGA-BH-A0AZ","Primary Tumor","JAK3","ENSG00000105639",494,5.4458,1.5109,1.7423,"OK"
"TCGA-BRCA","5dfadec2-3a10-40a9-99be-4984e917ba88","TCGA-BH-A0AZ-01A-21R-A12P-07","TCGA-BH-A0AZ","Primary Tumor","EPHB2","ENSG00000133216",493,2.9584,0.8208,0.9465,"OK"
"TCGA-BRCA","86b68671-beef-4a15-aabb-89d79396fd9d","TCGA-EW-A1P4-01A-21R-A144-07","TCGA-EW-A1P4","Primary Tumor","JAK3","ENSG00000105639",1459,13.7125,3.8103,4.0336,"OK"
"TCGA-BRCA","86b68671-beef-4a15-aabb-89d79396fd9d","TCGA-EW-A1P4-01A-21R-A144-07","TCGA-EW-A1P4","Primary Tumor","EPHB2","ENSG00000133216",2250,11.5111,3.1986,3.3861,"OK"
"TCGA-BRCA","c9bc7edd-c545-4d76-9246-1bfa043a966c","TCGA-A7-A5ZW-01A-12R-A29R-07","TCGA-A7-A5ZW","Primary Tumor","JAK3","ENSG00000105639",382,4.7674,1.2427,1.2282,"OK"
"TCGA-BRCA","c9bc7edd-c545-4d76-9246-1bfa043a966c","TCGA-A7-A5ZW-01A-12R-A29R-07","TCGA-A7-A5ZW","Primary Tumor","EPHB2","ENSG00000133216",356,2.4185,0.6304,0.6231,"OK"
"TCGA-BRCA","23304266-b28c-4ff2-8dcf-bb18f56417b4","TCGA-AO-A1KT-01A-11R-A13Q-07","TCGA-AO-A1KT","Primary Tumor","JAK3","ENSG00000105639",855,6.3944,1.8471,1.8886,"OK"
"TCGA-BRCA","23304266-b28c-4ff2-8dcf-bb18f56417b4","TCGA-AO-A1KT-01A-11R-A13Q-07","TCGA-AO-A1KT","Primary Tumor","EPHB2","ENSG00000133216",642,2.6136,0.755,0.7719,"OK"
"TCGA-BRCA","d889e5ea-58f5-4d2f-ad1e-6ab5d3217642","TCGA-E9-A1RE-01A-11R-A157-07","TCGA-E9-A1RE","Primary Tumor","JAK3","ENSG00000105639",464,3.3645,0.9876,0.9808,"OK"
"TCGA-BRCA","d889e5ea-58f5-4d2f-ad1e-6ab5d3217642","TCGA-E9-A1RE-01A-11R-A157-07","TCGA-E9-A1RE","Primary Tumor","EPHB2","ENSG00000133216",300,1.1841,0.3476,0.3452,"OK"
"TCGA-BRCA","09385f52-e4ad-4ae0-9f09-91e8dd5fc953","TCGA-A1-A0SJ-01A-11R-A084-07","TCGA-A1-A0SJ","Primary Tumor","JAK3","ENSG00000105639",281,2.5838,0.7353,0.7635,"OK"
"TCGA-BRCA","09385f52-e4ad-4ae0-9f09-91e8dd5fc953","TCGA-A1-A0SJ-01A-11R-A084-07","TCGA-A1-A0SJ","Primary Tumor","EPHB2","ENSG00000133216",712,3.5638,1.0142,1.0531,"OK"
"TCGA-BRCA","7fadaf69-2a7b-4eca-aec9-c2f2b43eab3c","TCGA-EW-A1P3-01A-11R-A144-07","TCGA-EW-A1P3","Primary Tumor","JAK3","ENSG00000105639",315,3.5412,1.2243,1.2661,"OK"
"TCGA-BRCA","7fadaf69-2a7b-4eca-aec9-c2f2b43eab3c","TCGA-EW-A1P3-01A-11R-A144-07","TCGA-EW-A1P3","Primary Tumor","EPHB2","ENSG00000133216",235,1.4381,0.4972,0.5142,"OK"
"TCGA-BRCA","ac88a5c1-caae-4b08-87bc-0dedbe61d996","TCGA-D8-A27F-01A-11R-A16F-07","TCGA-D8-A27F","Primary Tumor","JAK3","ENSG00000105639",825,6.4566,1.6511,1.5961,"OK"
"TCGA-BRCA","ac88a5c1-caae-4b08-87bc-0dedbe61d996","TCGA-D8-A27F-01A-11R-A16F-07","TCGA-D8-A27F","Primary Tumor","EPHB2","ENSG00000133216",550,2.3431,0.5992,0.5792,"OK"
"TCGA-BRCA","4c2a67aa-54ef-405d-a498-45c1790380da","TCGA-D8-A13Y-01A-11R-A115-07","TCGA-D8-A13Y","Primary Tumor","JAK3","ENSG00000105639",611,6.4269,1.7644,1.5528,"OK"
"TCGA-BRCA","4c2a67aa-54ef-405d-a498-45c1790380da","TCGA-D8-A13Y-01A-11R-A115-07","TCGA-D8-A13Y","Primary Tumor","EPHB2","ENSG00000133216",2025,11.5946,3.1831,2.8015,"OK"
"TCGA-BRCA","136df0c2-a2a4-42e9-9cc6-9051d4f4c13d","TCGA-A2-A04V-01A-21R-A034-07","TCGA-A2-A04V","Primary Tumor","JAK3","ENSG00000105639",288,2.1286,0.7353,0.8563,"OK"
"TCGA-BRCA","136df0c2-a2a4-42e9-9cc6-9051d4f4c13d","TCGA-A2-A04V-01A-21R-A034-07","TCGA-A2-A04V","Primary Tumor","EPHB2","ENSG00000133216",390,1.5691,0.542,0.6312,"OK"
"TCGA-BRCA","41e96cc6-43d5-4eea-bbd3-23fb389d5532","TCGA-AN-A0XO-01A-11R-A109-07","TCGA-AN-A0XO","Primary Tumor","JAK3","ENSG00000105639",232,1.6961,0.4615,0.4854,"OK"
"TCGA-BRCA","41e96cc6-43d5-4eea-bbd3-23fb389d5532","TCGA-AN-A0XO-01A-11R-A109-07","TCGA-AN-A0XO","Primary Tumor","EPHB2","ENSG00000133216",1024,4.075,1.1089,1.1662,"OK"
"TCGA-BRCA","45bf52c6-b1a3-4f01-8345-a224fc195e18","TCGA-A2-A04N-01A-11R-A115-07","TCGA-A2-A04N","Primary Tumor","JAK3","ENSG00000105639",429,4.1133,1.1936,1.1867,"OK"
"TCGA-BRCA","45bf52c6-b1a3-4f01-8345-a224fc195e18","TCGA-A2-A04N-01A-11R-A115-07","TCGA-A2-A04N","Primary Tumor","EPHB2","ENSG00000133216",609,3.1785,0.9223,0.917,"OK"
"TCGA-BRCA","207ea988-6795-460c-bfeb-382d8c758f31","TCGA-E9-A1NG-11A-52R-A14M-07","TCGA-E9-A1NG","Solid Tissue Normal","JAK3","ENSG00000105639",396,4.0422,1.1667,1.2587,"OK"
"TCGA-BRCA","207ea988-6795-460c-bfeb-382d8c758f31","TCGA-E9-A1NG-11A-52R-A14M-07","TCGA-E9-A1NG","Solid Tissue Normal","EPHB2","ENSG00000133216",217,1.2057,0.348,0.3755,"OK"
"TCGA-BRCA","67347e29-6d43-4234-8b04-188be7e6440b","TCGA-E2-A14Y-01A-21R-A12D-07","TCGA-E2-A14Y","Primary Tumor","JAK3","ENSG00000105639",195,2.225,0.6981,0.7506,"OK"
"TCGA-BRCA","67347e29-6d43-4234-8b04-188be7e6440b","TCGA-E2-A14Y-01A-21R-A12D-07","TCGA-E2-A14Y","Primary Tumor","EPHB2","ENSG00000133216",396,2.4596,0.7717,0.8297,"OK"
"TCGA-BRCA","4004cdd0-51fa-4330-bd03-5448f6c7b787","TCGA-B6-A0I5-01A-11R-A034-07","TCGA-B6-A0I5","Primary Tumor","JAK3","ENSG00000105639",503,4.1596,1.6694,2.0904,"OK"
"TCGA-BRCA","4004cdd0-51fa-4330-bd03-5448f6c7b787","TCGA-B6-A0I5-01A-11R-A034-07","TCGA-B6-A0I5","Primary Tumor","EPHB2","ENSG00000133216",275,1.2379,0.4968,0.6221,"OK"
"TCGA-BRCA","f9418a79-3614-41a1-8ab0-c2b4313c6fd4","TCGA-S3-A6ZG-01A-22R-A32P-07","TCGA-S3-A6ZG","Primary Tumor","JAK3","ENSG00000105639",422,3.8344,1.0691,0.9392,"OK"
"TCGA-BRCA","f9418a79-3614-41a1-8ab0-c2b4313c6fd4","TCGA-S3-A6ZG-01A-22R-A32P-07","TCGA-S3-A6ZG","Primary Tumor","EPHB2","ENSG00000133216",407,2.013,0.5613,0.4931,"OK"
"TCGA-BRCA","5e789924-9d98-4765-a348-90a27349d906","TCGA-GI-A2C9-11A-22R-A21T-07","TCGA-GI-A2C9","Solid Tissue Normal","JAK3","ENSG00000105639",730,6.2708,1.6875,1.6709,"OK"
"TCGA-BRCA","5e789924-9d98-4765-a348-90a27349d906","TCGA-GI-A2C9-11A-22R-A21T-07","TCGA-GI-A2C9","Solid Tissue Normal","EPHB2","ENSG00000133216",403,1.8844,0.5071,0.5021,"OK"
"TCGA-BRCA","189f1a1b-96d6-4cb9-9000-001e08dca1ba","TCGA-E2-A1LK-01A-21R-A14D-07","TCGA-E2-A1LK","Primary Tumor","JAK3","ENSG00000105639",169,2.1805,0.7259,0.7441,"OK"
"TCGA-BRCA","189f1a1b-96d6-4cb9-9000-001e08dca1ba","TCGA-E2-A1LK-01A-21R-A14D-07","TCGA-E2-A1LK","Primary Tumor","EPHB2","ENSG00000133216",188,1.3204,0.4396,0.4506,"OK"
"TCGA-BRCA","c1f6f39f-db8f-4449-bfb2-d1f3f2a95d22","TCGA-AR-A1AW-01A-21R-A12P-07","TCGA-AR-A1AW","Primary Tumor","JAK3","ENSG00000105639",6603,43.7835,19.5247,17.7169,"OK"
"TCGA-BRCA","c1f6f39f-db8f-4449-bfb2-d1f3f2a95d22","TCGA-AR-A1AW-01A-21R-A12P-07","TCGA-AR-A1AW","Primary Tumor","EPHB2","ENSG00000133216",1446,5.2193,2.3275,2.112,"OK"
"TCGA-BRCA","4b558a24-b10c-4d59-a921-10e6a3a9fb35","TCGA-AR-A24Z-01A-11R-A169-07","TCGA-AR-A24Z","Primary Tumor","JAK3","ENSG00000105639",316,2.2293,0.5395,0.5199,"OK"
"TCGA-BRCA","4b558a24-b10c-4d59-a921-10e6a3a9fb35","TCGA-AR-A24Z-01A-11R-A169-07","TCGA-AR-A24Z","Primary Tumor","EPHB2","ENSG00000133216",1094,4.2011,1.0168,0.9797,"OK"
"TCGA-BRCA","fe7c2cdd-7c3f-4d76-ad78-2a676116f464","TCGA-AC-A7VB-01A-11R-A352-07","TCGA-AC-A7VB","Primary Tumor","JAK3","ENSG00000105639",170,1.4298,0.3974,0.366,"OK"
"TCGA-BRCA","fe7c2cdd-7c3f-4d76-ad78-2a676116f464","TCGA-AC-A7VB-01A-11R-A352-07","TCGA-AC-A7VB","Primary Tumor","EPHB2","ENSG00000133216",1757,8.0441,2.2357,2.0592,"OK"
"TCGA-BRCA","ee39aea6-23f8-470f-863c-545ef6c5ea77","TCGA-B6-A400-01A-11R-A239-07","TCGA-B6-A400","Primary Tumor","JAK3","ENSG00000105639",1186,9.0325,2.5188,2.5879,"OK"
"TCGA-BRCA","ee39aea6-23f8-470f-863c-545ef6c5ea77","TCGA-B6-A400-01A-11R-A239-07","TCGA-B6-A400","Primary Tumor","EPHB2","ENSG00000133216",893,3.7021,1.0324,1.0607,"OK"
"TCGA-BRCA","c6a4afd8-8044-475f-b4fd-a1b4cb922976","TCGA-E2-A1BC-11A-32R-A12P-07","TCGA-E2-A1BC","Solid Tissue Normal","JAK3","ENSG00000105639",223,2.4268,0.8863,1.1346,"OK"
"TCGA-BRCA","c6a4afd8-8044-475f-b4fd-a1b4cb922976","TCGA-E2-A1BC-11A-32R-A12P-07","TCGA-E2-A1BC","Solid Tissue Normal","EPHB2","ENSG00000133216",561,3.3232,1.2137,1.5538,"OK"
"TCGA-BRCA","cf801232-8aa2-4ede-80b0-8c5b9876941b","TCGA-BH-A0HQ-01A-11R-A034-07","TCGA-BH-A0HQ","Primary Tumor","JAK3","ENSG00000105639",275,3.1886,0.8869,0.8958,"OK"
"TCGA-BRCA","cf801232-8aa2-4ede-80b0-8c5b9876941b","TCGA-BH-A0HQ-01A-11R-A034-07","TCGA-BH-A0HQ","Primary Tumor","EPHB2","ENSG00000133216",383,2.4174,0.6724,0.6791,"OK"
"TCGA-BRCA","a9b5ab37-10c2-4fb6-9c4e-3fcd5ea26526","TCGA-AO-A0JF-01A-11R-A056-07","TCGA-AO-A0JF","Primary Tumor","JAK3","ENSG00000105639",536,5.9331,1.4882,1.4788,"OK"
"TCGA-BRCA","a9b5ab37-10c2-4fb6-9c4e-3fcd5ea26526","TCGA-AO-A0JF-01A-11R-A056-07","TCGA-AO-A0JF","Primary Tumor","EPHB2","ENSG00000133216",966,5.8206,1.46,1.4508,"OK"
"TCGA-BRCA","f55eb7a0-34e6-4d0d-9427-7d7896ddf060","TCGA-AR-A5QQ-01A-11R-A28M-07","TCGA-AR-A5QQ","Primary Tumor","JAK3","ENSG00000105639",1604,16.4232,5.3509,6.0096,"OK"
"TCGA-BRCA","f55eb7a0-34e6-4d0d-9427-7d7896ddf060","TCGA-AR-A5QQ-01A-11R-A28M-07","TCGA-AR-A5QQ","Primary Tumor","EPHB2","ENSG00000133216",1831,10.205,3.325,3.7342,"OK"
"TCGA-BRCA","4c46a463-f0e3-4e19-ad95-5dab0231d1c6","TCGA-AR-A1AX-01A-11R-A12P-07","TCGA-AR-A1AX","Primary Tumor","JAK3","ENSG00000105639",3129,30.969,8.5912,8.2373,"OK"
"TCGA-BRCA","4c46a463-f0e3-4e19-ad95-5dab0231d1c6","TCGA-AR-A1AX-01A-11R-A12P-07","TCGA-AR-A1AX","Primary Tumor","EPHB2","ENSG00000133216",970,5.226,1.4498,1.39,"OK"
"TCGA-BRCA","26466526-2d6e-4869-a06a-c33344e5fab2","TCGA-D8-A1X5-01A-11R-A14D-07","TCGA-D8-A1X5","Primary Tumor","JAK3","ENSG00000105639",301,3.3773,0.9312,0.9574,"OK"
"TCGA-BRCA","26466526-2d6e-4869-a06a-c33344e5fab2","TCGA-D8-A1X5-01A-11R-A14D-07","TCGA-D8-A1X5","Primary Tumor","EPHB2","ENSG00000133216",596,3.6401,1.0037,1.0319,"OK"
"TCGA-BRCA","94ae90d4-16a8-4922-b6b6-e5fcec9d0ae6","TCGA-D8-A73W-01A-22R-A352-07","TCGA-D8-A73W","Primary Tumor","JAK3","ENSG00000105639",582,5.9167,1.8178,1.7744,"OK"
"TCGA-BRCA","94ae90d4-16a8-4922-b6b6-e5fcec9d0ae6","TCGA-D8-A73W-01A-22R-A352-07","TCGA-D8-A73W","Primary Tumor","EPHB2","ENSG00000133216",864,4.7813,1.469,1.4339,"OK"
"TCGA-BRCA","1581b466-9502-491e-828b-dd9b721690cb","TCGA-E2-A1IH-01A-11R-A13Q-07","TCGA-E2-A1IH","Primary Tumor","JAK3","ENSG00000105639",1865,12.9515,4.1888,4.4087,"OK"
"TCGA-BRCA","1581b466-9502-491e-828b-dd9b721690cb","TCGA-E2-A1IH-01A-11R-A13Q-07","TCGA-E2-A1IH","Primary Tumor","EPHB2","ENSG00000133216",1068,4.0373,1.3057,1.3743,"OK"
"TCGA-BRCA","eea8e274-7b23-444d-999d-1741d7a928d2","TCGA-E2-A109-01A-11R-A10J-07","TCGA-E2-A109","Primary Tumor","JAK3","ENSG00000105639",734,6.3978,1.7336,1.6394,"OK"
"TCGA-BRCA","eea8e274-7b23-444d-999d-1741d7a928d2","TCGA-E2-A109-01A-11R-A10J-07","TCGA-E2-A109","Primary Tumor","EPHB2","ENSG00000133216",1914,9.0813,2.4608,2.327,"OK"
"TCGA-BRCA","4ec56a4e-a3ce-4511-a517-199e2a535b1a","TCGA-C8-A27B-01A-11R-A169-07","TCGA-C8-A27B","Primary Tumor","JAK3","ENSG00000105639",1438,9.2973,2.7629,2.7263,"OK"
"TCGA-BRCA","4ec56a4e-a3ce-4511-a517-199e2a535b1a","TCGA-C8-A27B-01A-11R-A169-07","TCGA-C8-A27B","Primary Tumor","EPHB2","ENSG00000133216",690,2.4284,0.7217,0.7121,"OK"
"TCGA-BRCA","99502a82-c77e-482b-8589-82d9ef82d5d1","TCGA-E2-A15O-01A-11R-A115-07","TCGA-E2-A15O","Primary Tumor","JAK3","ENSG00000105639",365,3.9331,1.1927,1.0925,"OK"
"TCGA-BRCA","99502a82-c77e-482b-8589-82d9ef82d5d1","TCGA-E2-A15O-01A-11R-A115-07","TCGA-E2-A15O","Primary Tumor","EPHB2","ENSG00000133216",286,1.6776,0.5087,0.466,"OK"
"TCGA-BRCA","6efd37a6-1669-4cdd-95b6-60c688e1e236","TCGA-A7-A0DB-01A-11R-A277-07","TCGA-A7-A0DB","Primary Tumor","JAK3","ENSG00000105639",232,2.0113,1.1273,1.0703,"OK"
"TCGA-BRCA","6efd37a6-1669-4cdd-95b6-60c688e1e236","TCGA-A7-A0DB-01A-11R-A277-07","TCGA-A7-A0DB","Primary Tumor","EPHB2","ENSG00000133216",394,1.8593,1.0421,0.9894,"OK"
"TCGA-BRCA","4382bb60-997e-4a1a-9cdb-3d8738806379","TCGA-A2-A4RX-01A-11R-A266-07","TCGA-A2-A4RX","Primary Tumor","JAK3","ENSG00000105639",1112,20.7235,4.9131,5.1086,"OK"
"TCGA-BRCA","4382bb60-997e-4a1a-9cdb-3d8738806379","TCGA-A2-A4RX-01A-11R-A266-07","TCGA-A2-A4RX","Primary Tumor","EPHB2","ENSG00000133216",387,3.9259,0.9308,0.9678,"OK"
"TCGA-BRCA","fb32f0b1-4fb7-43d5-8091-dc13a1f6d9e8","TCGA-A8-A06R-01A-11R-A00Z-07","TCGA-A8-A06R","Primary Tumor","JAK3","ENSG00000105639",456,3.3681,1.2045,1.1915,"OK"
"TCGA-BRCA","fb32f0b1-4fb7-43d5-8091-dc13a1f6d9e8","TCGA-A8-A06R-01A-11R-A00Z-07","TCGA-A8-A06R","Primary Tumor","EPHB2","ENSG00000133216",859,3.4537,1.2351,1.2218,"OK"
"TCGA-BRCA","90eefb33-6808-45c3-9ab1-6eca0decdc9d","TCGA-BH-A1FU-01A-11R-A14D-07","TCGA-BH-A1FU","Primary Tumor","JAK3","ENSG00000105639",1314,15.2392,4.094,4.1092,"OK"
"TCGA-BRCA","90eefb33-6808-45c3-9ab1-6eca0decdc9d","TCGA-BH-A1FU-01A-11R-A14D-07","TCGA-BH-A1FU","Primary Tumor","EPHB2","ENSG00000133216",744,4.6969,1.2618,1.2665,"OK"
"TCGA-BRCA","eddb2dc6-2b72-43a8-a7fc-3dd09dde68af","TCGA-BH-A1FU-11A-23R-A14D-07","TCGA-BH-A1FU","Solid Tissue Normal","JAK3","ENSG00000105639",718,10.9993,2.918,2.6442,"OK"
"TCGA-BRCA","eddb2dc6-2b72-43a8-a7fc-3dd09dde68af","TCGA-BH-A1FU-11A-23R-A14D-07","TCGA-BH-A1FU","Solid Tissue Normal","EPHB2","ENSG00000133216",253,2.1098,0.5597,0.5072,"OK"
"TCGA-BRCA","59c3cb45-ca6e-40ad-a3f0-9b496b934aa5","TCGA-E9-A3Q9-01A-11R-A21T-07","TCGA-E9-A3Q9","Primary Tumor","JAK3","ENSG00000105639",343,1.9577,0.864,0.9793,"OK"
"TCGA-BRCA","59c3cb45-ca6e-40ad-a3f0-9b496b934aa5","TCGA-E9-A3Q9-01A-11R-A21T-07","TCGA-E9-A3Q9","Primary Tumor","EPHB2","ENSG00000133216",375,1.1651,0.5142,0.5828,"OK"
"TCGA-BRCA","eb166054-ff70-4a86-883b-9c25a7d2b0e5","TCGA-AR-A0TX-01A-11R-A084-07","TCGA-AR-A0TX","Primary Tumor","JAK3","ENSG00000105639",1946,17.0153,4.7967,4.7834,"OK"
"TCGA-BRCA","eb166054-ff70-4a86-883b-9c25a7d2b0e5","TCGA-AR-A0TX-01A-11R-A084-07","TCGA-AR-A0TX","Primary Tumor","EPHB2","ENSG00000133216",1216,5.7877,1.6316,1.627,"OK"
"TCGA-BRCA","3eb2d652-73f5-41c0-bf73-f40e85e1ecae","TCGA-AN-A03Y-01A-21R-A00Z-07","TCGA-AN-A03Y","Primary Tumor","JAK3","ENSG00000105639",636,4.7103,1.5393,1.6984,"OK"
"TCGA-BRCA","3eb2d652-73f5-41c0-bf73-f40e85e1ecae","TCGA-AN-A03Y-01A-21R-A00Z-07","TCGA-AN-A03Y","Primary Tumor","EPHB2","ENSG00000133216",447,1.8021,0.5889,0.6498,"OK"
"TCGA-BRCA","cc7ea1eb-4947-4030-ace5-673e9441a9a8","TCGA-E2-A15D-01A-11R-A115-07","TCGA-E2-A15D","Primary Tumor","JAK3","ENSG00000105639",704,7.0042,1.8557,1.6838,"OK"
"TCGA-BRCA","cc7ea1eb-4947-4030-ace5-673e9441a9a8","TCGA-E2-A15D-01A-11R-A115-07","TCGA-E2-A15D","Primary Tumor","EPHB2","ENSG00000133216",631,3.4174,0.9054,0.8215,"OK"
"TCGA-BRCA","578022ab-5178-4440-8996-73e8826dd74d","TCGA-GM-A5PX-01A-12R-A28M-07","TCGA-GM-A5PX","Primary Tumor","JAK3","ENSG00000105639",285,2.9169,0.8936,0.8267,"OK"
"TCGA-BRCA","578022ab-5178-4440-8996-73e8826dd74d","TCGA-GM-A5PX-01A-12R-A28M-07","TCGA-GM-A5PX","Primary Tumor","EPHB2","ENSG00000133216",244,1.3594,0.4165,0.3853,"OK"
"TCGA-BRCA","0f1cf3a6-6e68-440a-9744-85e44d88b61f","TCGA-E2-A1L8-01A-11R-A13Q-07","TCGA-E2-A1L8","Primary Tumor","JAK3","ENSG00000105639",481,3.2043,1.102,1.1522,"OK"
"TCGA-BRCA","0f1cf3a6-6e68-440a-9744-85e44d88b61f","TCGA-E2-A1L8-01A-11R-A13Q-07","TCGA-E2-A1L8","Primary Tumor","EPHB2","ENSG00000133216",560,2.0307,0.6984,0.7302,"OK"
"TCGA-BRCA","cdf2bc60-591c-4219-bf96-40dd8b6c8459","TCGA-LL-A5YN-01A-11R-A28M-07","TCGA-LL-A5YN","Primary Tumor","JAK3","ENSG00000105639",2871,29.2617,10.3677,11.3449,"OK"
"TCGA-BRCA","cdf2bc60-591c-4219-bf96-40dd8b6c8459","TCGA-LL-A5YN-01A-11R-A28M-07","TCGA-LL-A5YN","Primary Tumor","EPHB2","ENSG00000133216",833,4.6215,1.6374,1.7918,"OK"
"TCGA-BRCA","ce53c8d2-5655-4fde-b134-1ef5a269e569","TCGA-AC-A3OD-01B-06R-A22O-07","TCGA-AC-A3OD","Primary Tumor","JAK3","ENSG00000105639",523,8.0981,5.7654,5.95,"OK"
"TCGA-BRCA","ce53c8d2-5655-4fde-b134-1ef5a269e569","TCGA-AC-A3OD-01B-06R-A22O-07","TCGA-AC-A3OD","Primary Tumor","EPHB2","ENSG00000133216",211,1.7784,1.2661,1.3067,"OK"
"TCGA-BRCA","1b8dddf2-89d9-43aa-84c7-1d18e8865106","TCGA-E2-A1LG-01A-21R-A14M-07","TCGA-E2-A1LG","Primary Tumor","JAK3","ENSG00000105639",372,2.4531,0.7808,0.8226,"OK"
"TCGA-BRCA","1b8dddf2-89d9-43aa-84c7-1d18e8865106","TCGA-E2-A1LG-01A-21R-A14M-07","TCGA-E2-A1LG","Primary Tumor","EPHB2","ENSG00000133216",3780,13.5684,4.3188,4.5502,"OK"
"TCGA-BRCA","2bf56d2d-8c5e-4579-847b-03fd0ba46143","TCGA-BH-A0DK-11A-13R-A089-07","TCGA-BH-A0DK","Solid Tissue Normal","JAK3","ENSG00000105639",379,2.8495,0.8027,0.7833,"OK"
"TCGA-BRCA","2bf56d2d-8c5e-4579-847b-03fd0ba46143","TCGA-BH-A0DK-11A-13R-A089-07","TCGA-BH-A0DK","Solid Tissue Normal","EPHB2","ENSG00000133216",275,1.1255,0.317,0.3094,"OK"
"TCGA-BRCA","659f84a0-df18-44a4-8b82-ebaec356153d","TCGA-S3-A6ZH-01A-22R-A32P-07","TCGA-S3-A6ZH","Primary Tumor","JAK3","ENSG00000105639",398,3.4397,0.96,0.94,"OK"
"TCGA-BRCA","659f84a0-df18-44a4-8b82-ebaec356153d","TCGA-S3-A6ZH-01A-22R-A32P-07","TCGA-S3-A6ZH","Primary Tumor","EPHB2","ENSG00000133216",326,1.5336,0.428,0.4191,"OK"
"TCGA-BRCA","9e4b6ad6-99f7-4244-8f1b-20b7b36c457f","TCGA-E2-A107-01A-11R-A10J-07","TCGA-E2-A107","Primary Tumor","JAK3","ENSG00000105639",364,3.1564,0.9564,0.9038,"OK"
"TCGA-BRCA","9e4b6ad6-99f7-4244-8f1b-20b7b36c457f","TCGA-E2-A107-01A-11R-A10J-07","TCGA-E2-A107","Primary Tumor","EPHB2","ENSG00000133216",460,2.1713,0.6579,0.6217,"OK"
"TCGA-BRCA","90452523-0f9a-4c14-9d5f-e44f7079fb18","TCGA-GM-A2DA-01A-11R-A18M-07","TCGA-GM-A2DA","Primary Tumor","JAK3","ENSG00000105639",528,7.4427,3.4762,4.0645,"OK"
"TCGA-BRCA","90452523-0f9a-4c14-9d5f-e44f7079fb18","TCGA-GM-A2DA-01A-11R-A18M-07","TCGA-GM-A2DA","Primary Tumor","EPHB2","ENSG00000133216",177,1.3581,0.6343,0.7417,"OK"
"TCGA-BRCA","d2e2915c-125e-45c6-b7f3-6a815b3d2859","TCGA-AC-A2QI-01A-12R-A19W-07","TCGA-AC-A2QI","Primary Tumor","JAK3","ENSG00000105639",847,8.4693,2.1975,1.9695,"OK"
"TCGA-BRCA","d2e2915c-125e-45c6-b7f3-6a815b3d2859","TCGA-AC-A2QI-01A-12R-A19W-07","TCGA-AC-A2QI","Primary Tumor","EPHB2","ENSG00000133216",1039,5.6553,1.4674,1.3151,"OK"
"TCGA-BRCA","586d9c21-e58a-4171-9755-30c0e8b16293","TCGA-AC-A2FO-01A-11R-A180-07","TCGA-AC-A2FO","Primary Tumor","JAK3","ENSG00000105639",1372,13.8701,4.0147,3.712,"OK"
"TCGA-BRCA","586d9c21-e58a-4171-9755-30c0e8b16293","TCGA-AC-A2FO-01A-11R-A180-07","TCGA-AC-A2FO","Primary Tumor","EPHB2","ENSG00000133216",471,2.5919,0.7502,0.6937,"OK"
"TCGA-BRCA","50e8fce6-5775-41d6-bcaa-73773db999e2","TCGA-AO-A03P-01A-11R-A00Z-07","TCGA-AO-A03P","Primary Tumor","JAK3","ENSG00000105639",284,1.7945,0.6193,0.693,"OK"
"TCGA-BRCA","50e8fce6-5775-41d6-bcaa-73773db999e2","TCGA-AO-A03P-01A-11R-A00Z-07","TCGA-AO-A03P","Primary Tumor","EPHB2","ENSG00000133216",373,1.2829,0.4427,0.4955,"OK"
"TCGA-BRCA","9c55de9c-a13e-4772-9a5d-4cde38f75cf3","TCGA-EW-A1IZ-01A-11R-A13Q-07","TCGA-EW-A1IZ","Primary Tumor","JAK3","ENSG00000105639",2719,22.4286,9.3603,8.3757,"OK"
"TCGA-BRCA","9c55de9c-a13e-4772-9a5d-4cde38f75cf3","TCGA-EW-A1IZ-01A-11R-A13Q-07","TCGA-EW-A1IZ","Primary Tumor","EPHB2","ENSG00000133216",553,2.4831,1.0363,0.9273,"OK"
"TCGA-BRCA","bdef0c66-0755-4581-b813-87c8512754ba","TCGA-AO-A129-01A-21R-A10J-07","TCGA-AO-A129","Primary Tumor","JAK3","ENSG00000105639",1853,14.8919,5.1754,5.3372,"OK"
"TCGA-BRCA","bdef0c66-0755-4581-b813-87c8512754ba","TCGA-AO-A129-01A-21R-A10J-07","TCGA-AO-A129","Primary Tumor","EPHB2","ENSG00000133216",827,3.6179,1.2573,1.2966,"OK"
"TCGA-BRCA","37bf6454-a4e7-4e00-9562-57ba6fd58b6d","TCGA-AR-A1AM-01A-41R-A22K-07","TCGA-AR-A1AM","Primary Tumor","JAK3","ENSG00000105639",670,6.6686,1.8732,1.7165,"OK"
"TCGA-BRCA","37bf6454-a4e7-4e00-9562-57ba6fd58b6d","TCGA-AR-A1AM-01A-41R-A22K-07","TCGA-AR-A1AM","Primary Tumor","EPHB2","ENSG00000133216",723,3.9171,1.1003,1.0083,"OK"
"TCGA-BRCA","ccd1dcec-f3c1-42ca-b3e8-a73a7d2237ff","TCGA-OL-A66N-01A-12R-A31O-07","TCGA-OL-A66N","Primary Tumor","JAK3","ENSG00000105639",852,7.4487,2.4585,2.6898,"OK"
"TCGA-BRCA","ccd1dcec-f3c1-42ca-b3e8-a73a7d2237ff","TCGA-OL-A66N-01A-12R-A31O-07","TCGA-OL-A66N","Primary Tumor","EPHB2","ENSG00000133216",972,4.6258,1.5268,1.6704,"OK"
"TCGA-BRCA","072cae2e-f4c1-4a3f-85e1-6f7e35a65108","TCGA-A8-A099-01A-11R-A00Z-07","TCGA-A8-A099","Primary Tumor","JAK3","ENSG00000105639",322,2.9348,0.7193,0.6446,"OK"
"TCGA-BRCA","072cae2e-f4c1-4a3f-85e1-6f7e35a65108","TCGA-A8-A099-01A-11R-A00Z-07","TCGA-A8-A099","Primary Tumor","EPHB2","ENSG00000133216",365,1.8109,0.4439,0.3978,"OK"
"TCGA-BRCA","04024f75-7405-4ccc-8976-91d0a3035b3a","TCGA-E2-A14W-01A-11R-A12D-07","TCGA-E2-A14W","Primary Tumor","JAK3","ENSG00000105639",59,0.6471,0.2018,0.2054,"OK"
"TCGA-BRCA","04024f75-7405-4ccc-8976-91d0a3035b3a","TCGA-E2-A14W-01A-11R-A12D-07","TCGA-E2-A14W","Primary Tumor","EPHB2","ENSG00000133216",208,1.2417,0.3873,0.3941,"OK"
"TCGA-BRCA","a217c1ab-e2cb-487c-982a-8241da38272f","TCGA-A7-A4SC-01A-12R-A266-07","TCGA-A7-A4SC","Primary Tumor","JAK3","ENSG00000105639",579,9.2469,2.474,2.3918,"OK"
"TCGA-BRCA","a217c1ab-e2cb-487c-982a-8241da38272f","TCGA-A7-A4SC-01A-12R-A266-07","TCGA-A7-A4SC","Primary Tumor","EPHB2","ENSG00000133216",394,3.4252,0.9164,0.886,"OK"
"TCGA-BRCA","526d750f-3cab-4379-9b3e-1b7f9fa84528","TCGA-E2-A2P5-01A-11R-A19W-07","TCGA-E2-A2P5","Primary Tumor","JAK3","ENSG00000105639",602,4.9829,1.5951,1.6953,"OK"
"TCGA-BRCA","526d750f-3cab-4379-9b3e-1b7f9fa84528","TCGA-E2-A2P5-01A-11R-A19W-07","TCGA-E2-A2P5","Primary Tumor","EPHB2","ENSG00000133216",333,1.5004,0.4803,0.5105,"OK"
"TCGA-BRCA","c89590e8-8b74-4c05-a022-e21eab5cffdd","TCGA-A7-A0DB-01C-02R-A277-07","TCGA-A7-A0DB","Primary Tumor","JAK3","ENSG00000105639",93,2.6586,0.8412,0.7749,"OK"
"TCGA-BRCA","c89590e8-8b74-4c05-a022-e21eab5cffdd","TCGA-A7-A0DB-01C-02R-A277-07","TCGA-A7-A0DB","Primary Tumor","EPHB2","ENSG00000133216",95,1.4783,0.4677,0.4309,"OK"
"TCGA-BRCA","d7a48283-c113-4745-be6b-553966e6b457","TCGA-A7-A0DB-11A-33R-A089-07","TCGA-A7-A0DB","Solid Tissue Normal","JAK3","ENSG00000105639",391,3.9703,1.2442,1.4176,"OK"
"TCGA-BRCA","d7a48283-c113-4745-be6b-553966e6b457","TCGA-A7-A0DB-11A-33R-A089-07","TCGA-A7-A0DB","Solid Tissue Normal","EPHB2","ENSG00000133216",763,4.2174,1.3217,1.5058,"OK"
"TCGA-BRCA","d0654d2d-37ef-4d93-996e-c68cfedea376","TCGA-EW-A1P1-01A-31R-A14D-07","TCGA-EW-A1P1","Primary Tumor","JAK3","ENSG00000105639",1133,14.3798,4.0742,4.1438,"OK"
"TCGA-BRCA","d0654d2d-37ef-4d93-996e-c68cfedea376","TCGA-EW-A1P1-01A-31R-A14D-07","TCGA-EW-A1P1","Primary Tumor","EPHB2","ENSG00000133216",1003,6.9294,1.9633,1.9968,"OK"
"TCGA-BRCA","469c052c-d2c8-4626-af1c-7276653168fe","TCGA-E2-A576-01A-11R-A31O-07","TCGA-E2-A576","Primary Tumor","JAK3","ENSG00000105639",425,3.781,1.3359,1.4891,"OK"
"TCGA-BRCA","469c052c-d2c8-4626-af1c-7276653168fe","TCGA-E2-A576-01A-11R-A31O-07","TCGA-E2-A576","Primary Tumor","EPHB2","ENSG00000133216",627,3.0364,1.0728,1.1958,"OK"
"TCGA-BRCA","15e249cf-4c45-4006-84fd-899f9927e376","TCGA-E2-A15F-01A-11R-A115-07","TCGA-E2-A15F","Primary Tumor","JAK3","ENSG00000105639",700,8.5676,2.2499,2.1333,"OK"
"TCGA-BRCA","15e249cf-4c45-4006-84fd-899f9927e376","TCGA-E2-A15F-01A-11R-A115-07","TCGA-E2-A15F","Primary Tumor","EPHB2","ENSG00000133216",870,5.7964,1.5221,1.4433,"OK"
"TCGA-BRCA","14edb678-3b6c-4a58-aabf-0f9d1f7d9bdc","TCGA-BH-A0BP-01A-11R-A115-07","TCGA-BH-A0BP","Primary Tumor","JAK3","ENSG00000105639",442,5.5075,1.6191,1.6291,"OK"
"TCGA-BRCA","14edb678-3b6c-4a58-aabf-0f9d1f7d9bdc","TCGA-BH-A0BP-01A-11R-A115-07","TCGA-BH-A0BP","Primary Tumor","EPHB2","ENSG00000133216",931,6.3147,1.8564,1.8679,"OK"
"TCGA-BRCA","fd7a6cfc-0ebe-4b79-b93d-d70b9bf533bc","TCGA-AN-A0XR-01A-11R-A109-07","TCGA-AN-A0XR","Primary Tumor","JAK3","ENSG00000105639",98,1.1473,0.3242,0.2991,"OK"
"TCGA-BRCA","fd7a6cfc-0ebe-4b79-b93d-d70b9bf533bc","TCGA-AN-A0XR-01A-11R-A109-07","TCGA-AN-A0XR","Primary Tumor","EPHB2","ENSG00000133216",259,1.6505,0.4664,0.4303,"OK"
"TCGA-BRCA","14979d31-e8b1-4948-beea-f913dfefa200","TCGA-A2-A3XS-01A-11R-A22U-07","TCGA-A2-A3XS","Primary Tumor","JAK3","ENSG00000105639",1604,11.6267,3.9028,3.9553,"OK"
"TCGA-BRCA","14979d31-e8b1-4948-beea-f913dfefa200","TCGA-A2-A3XS-01A-11R-A22U-07","TCGA-A2-A3XS","Primary Tumor","EPHB2","ENSG00000133216",2040,8.0492,2.7019,2.7383,"OK"
"TCGA-BRCA","c440cfb1-33ec-4be4-a4a4-4aea9a66d021","TCGA-E2-A158-11A-22R-A12D-07","TCGA-E2-A158","Solid Tissue Normal","JAK3","ENSG00000105639",229,2.9295,0.8958,1.0336,"OK"
"TCGA-BRCA","c440cfb1-33ec-4be4-a4a4-4aea9a66d021","TCGA-E2-A158-11A-22R-A12D-07","TCGA-E2-A158","Solid Tissue Normal","EPHB2","ENSG00000133216",782,5.4454,1.6652,1.9212,"OK"
"TCGA-BRCA","89ece3f8-e2db-4ed6-b5b8-dd4df34d6224","TCGA-AC-A23G-01A-11R-A213-07","TCGA-AC-A23G","Primary Tumor","JAK3","ENSG00000105639",447,8.3588,2.1687,2.3994,"OK"
"TCGA-BRCA","89ece3f8-e2db-4ed6-b5b8-dd4df34d6224","TCGA-AC-A23G-01A-11R-A213-07","TCGA-AC-A23G","Primary Tumor","EPHB2","ENSG00000133216",598,6.0871,1.5793,1.7473,"OK"
"TCGA-BRCA","de5e449b-bc57-4836-89e4-73a3ba24abdf","TCGA-EW-A1PD-01A-11R-A144-07","TCGA-EW-A1PD","Primary Tumor","JAK3","ENSG00000105639",634,6.2658,1.5809,1.5461,"OK"
"TCGA-BRCA","de5e449b-bc57-4836-89e4-73a3ba24abdf","TCGA-EW-A1PD-01A-11R-A144-07","TCGA-EW-A1PD","Primary Tumor","EPHB2","ENSG00000133216",376,2.0228,0.5104,0.4991,"OK"
"TCGA-BRCA","12f8a326-1417-478e-a45e-abdff8b44266","TCGA-A8-A08X-01A-21R-A00Z-07","TCGA-A8-A08X","Primary Tumor","JAK3","ENSG00000105639",670,4.846,2.6513,2.8411,"OK"
"TCGA-BRCA","12f8a326-1417-478e-a45e-abdff8b44266","TCGA-A8-A08X-01A-21R-A00Z-07","TCGA-A8-A08X","Primary Tumor","EPHB2","ENSG00000133216",862,3.3938,1.8568,1.9897,"OK"
"TCGA-BRCA","7915bbbc-7e5b-4439-bea4-12fc7f639d6d","TCGA-AQ-A1H2-01A-11R-A13Q-07","TCGA-AQ-A1H2","Primary Tumor","JAK3","ENSG00000105639",205,1.5192,0.4059,0.3833,"OK"
"TCGA-BRCA","7915bbbc-7e5b-4439-bea4-12fc7f639d6d","TCGA-AQ-A1H2-01A-11R-A13Q-07","TCGA-AQ-A1H2","Primary Tumor","EPHB2","ENSG00000133216",1785,7.2008,1.9238,1.8169,"OK"
"TCGA-BRCA","7b738087-65b1-4c6e-94c4-d0ba6bb17098","TCGA-EW-A1OW-01A-21R-A144-07","TCGA-EW-A1OW","Primary Tumor","JAK3","ENSG00000105639",379,5.317,1.3732,1.2993,"OK"
"TCGA-BRCA","7b738087-65b1-4c6e-94c4-d0ba6bb17098","TCGA-EW-A1OW-01A-21R-A144-07","TCGA-EW-A1OW","Primary Tumor","EPHB2","ENSG00000133216",494,3.7725,0.9743,0.9219,"OK"
"TCGA-BRCA","793d3caa-8353-4536-83e5-711215bd51e9","TCGA-D8-A1JH-01A-11R-A13Q-07","TCGA-D8-A1JH","Primary Tumor","JAK3","ENSG00000105639",1119,8.3664,2.0855,2.0381,"OK"
"TCGA-BRCA","793d3caa-8353-4536-83e5-711215bd51e9","TCGA-D8-A1JH-01A-11R-A13Q-07","TCGA-D8-A1JH","Primary Tumor","EPHB2","ENSG00000133216",1165,4.7414,1.1819,1.155,"OK"
"TCGA-BRCA","fb397586-1b5b-40e0-a885-8663f9c76f6d","TCGA-AR-A1AT-01A-11R-A12P-07","TCGA-AR-A1AT","Primary Tumor","JAK3","ENSG00000105639",921,12.4078,3.3239,3.5099,"OK"
"TCGA-BRCA","fb397586-1b5b-40e0-a885-8663f9c76f6d","TCGA-AR-A1AT-01A-11R-A12P-07","TCGA-AR-A1AT","Primary Tumor","EPHB2","ENSG00000133216",795,5.8301,1.5618,1.6492,"OK"
"TCGA-BRCA","5d875fca-d1ff-4c08-9dfa-0f1e67dc586b","TCGA-AR-A2LK-01A-11R-A180-07","TCGA-AR-A2LK","Primary Tumor","JAK3","ENSG00000105639",368,3.4509,0.8405,0.8008,"OK"
"TCGA-BRCA","5d875fca-d1ff-4c08-9dfa-0f1e67dc586b","TCGA-AR-A2LK-01A-11R-A180-07","TCGA-AR-A2LK","Primary Tumor","EPHB2","ENSG00000133216",1077,5.4976,1.3389,1.2758,"OK"
"TCGA-BRCA","762adf07-6d7a-4d02-98fb-16fffd548a93","TCGA-A8-A09A-01A-11R-A00Z-07","TCGA-A8-A09A","Primary Tumor","JAK3","ENSG00000105639",520,5.899,1.6816,1.709,"OK"
"TCGA-BRCA","762adf07-6d7a-4d02-98fb-16fffd548a93","TCGA-A8-A09A-01A-11R-A00Z-07","TCGA-A8-A09A","Primary Tumor","EPHB2","ENSG00000133216",511,3.1555,0.8995,0.9142,"OK"
"TCGA-BRCA","1300bf72-ead0-4c03-b140-fca26302b43c","TCGA-A8-A09V-01A-11R-A034-07","TCGA-A8-A09V","Primary Tumor","JAK3","ENSG00000105639",182,1.5826,0.376,0.3448,"OK"
"TCGA-BRCA","1300bf72-ead0-4c03-b140-fca26302b43c","TCGA-A8-A09V-01A-11R-A034-07","TCGA-A8-A09V","Primary Tumor","EPHB2","ENSG00000133216",726,3.4365,0.8165,0.7486,"OK"
"TCGA-BRCA","635084ad-0b62-4217-bc6f-e2a8c1326aee","TCGA-5T-A9QA-01A-11R-A41B-07","TCGA-5T-A9QA","Primary Tumor","JAK3","ENSG00000105639",62,0.8973,0.2767,0.2426,"OK"
"TCGA-BRCA","635084ad-0b62-4217-bc6f-e2a8c1326aee","TCGA-5T-A9QA-01A-11R-A41B-07","TCGA-5T-A9QA","Primary Tumor","EPHB2","ENSG00000133216",575,4.5298,1.3967,1.2249,"OK"
"TCGA-BRCA","4bf6ebc1-575d-49e4-9f66-068b537373c0","TCGA-BH-A203-01A-12R-A169-07","TCGA-BH-A203","Primary Tumor","JAK3","ENSG00000105639",871,7.1067,2.0945,2.2449,"OK"
"TCGA-BRCA","4bf6ebc1-575d-49e4-9f66-068b537373c0","TCGA-BH-A203-01A-12R-A169-07","TCGA-BH-A203","Primary Tumor","EPHB2","ENSG00000133216",599,2.6604,0.7841,0.8404,"OK"
"TCGA-BRCA","699e47b8-5396-43eb-927d-8d05b0e79644","TCGA-BH-A203-11A-42R-A169-07","TCGA-BH-A203","Solid Tissue Normal","JAK3","ENSG00000105639",459,3.7698,1.1495,1.1937,"OK"
"TCGA-BRCA","699e47b8-5396-43eb-927d-8d05b0e79644","TCGA-BH-A203-11A-42R-A169-07","TCGA-BH-A203","Solid Tissue Normal","EPHB2","ENSG00000133216",177,0.7913,0.2413,0.2506,"OK"
"TCGA-BRCA","26caf8b1-0202-4656-9bb9-4a80ffc94118","TCGA-E2-A1IL-01A-11R-A14D-07","TCGA-E2-A1IL","Primary Tumor","JAK3","ENSG00000105639",197,2.8779,0.7124,0.6494,"OK"
"TCGA-BRCA","26caf8b1-0202-4656-9bb9-4a80ffc94118","TCGA-E2-A1IL-01A-11R-A14D-07","TCGA-E2-A1IL","Primary Tumor","EPHB2","ENSG00000133216",386,3.0695,0.7598,0.6926,"OK"
"TCGA-BRCA","a2837f64-2441-4d31-befc-514f8526b1f7","TCGA-AN-A03X-01A-21R-A00Z-07","TCGA-AN-A03X","Primary Tumor","JAK3","ENSG00000105639",143,1.9752,0.5916,0.6485,"OK"
"TCGA-BRCA","a2837f64-2441-4d31-befc-514f8526b1f7","TCGA-AN-A03X-01A-21R-A00Z-07","TCGA-AN-A03X","Primary Tumor","EPHB2","ENSG00000133216",649,4.8797,1.4616,1.6022,"OK"
"TCGA-BRCA","d144a154-2dcb-484f-b50d-1b65ab9eb19e","TCGA-E9-A2JT-01A-22R-A18M-07","TCGA-E9-A2JT","Primary Tumor","JAK3","ENSG00000105639",4172,70.9204,23.3486,21.1956,"OK"
"TCGA-BRCA","d144a154-2dcb-484f-b50d-1b65ab9eb19e","TCGA-E9-A2JT-01A-22R-A18M-07","TCGA-E9-A2JT","Primary Tumor","EPHB2","ENSG00000133216",896,8.291,2.7296,2.4779,"OK"
"TCGA-BRCA","679ba4c3-49da-47d1-bef2-ce25fd862758","TCGA-WT-AB41-01A-11R-A41B-07","TCGA-WT-AB41","Primary Tumor","JAK3","ENSG00000105639",1863,25.2997,9.9693,11.3239,"OK"
"TCGA-BRCA","679ba4c3-49da-47d1-bef2-ce25fd862758","TCGA-WT-AB41-01A-11R-A41B-07","TCGA-WT-AB41","Primary Tumor","EPHB2","ENSG00000133216",568,4.1988,1.6545,1.8793,"OK"
"TCGA-BRCA","d9ea5bde-aa1a-4210-976f-b2f67c6d0191","TCGA-A8-A07C-01A-11R-A034-07","TCGA-A8-A07C","Primary Tumor","JAK3","ENSG00000105639",1122,7.8358,2.0817,1.9797,"OK"
"TCGA-BRCA","d9ea5bde-aa1a-4210-976f-b2f67c6d0191","TCGA-A8-A07C-01A-11R-A034-07","TCGA-A8-A07C","Primary Tumor","EPHB2","ENSG00000133216",356,1.3534,0.3595,0.3419,"OK"
"TCGA-BRCA","0fef4f4a-1c4e-4035-acff-af12febbaf1e","TCGA-B6-A1KF-01A-11R-A13Q-07","TCGA-B6-A1KF","Primary Tumor","JAK3","ENSG00000105639",236,2.4633,0.7739,0.8248,"OK"
"TCGA-BRCA","0fef4f4a-1c4e-4035-acff-af12febbaf1e","TCGA-B6-A1KF-01A-11R-A13Q-07","TCGA-B6-A1KF","Primary Tumor","EPHB2","ENSG00000133216",640,3.6363,1.1424,1.2176,"OK"
"TCGA-BRCA","f5e5f153-f422-4c2a-ae54-fc11f416c637","TCGA-D8-A140-01A-11R-A115-07","TCGA-D8-A140","Primary Tumor","JAK3","ENSG00000105639",654,6.398,2.0079,1.8351,"OK"
"TCGA-BRCA","f5e5f153-f422-4c2a-ae54-fc11f416c637","TCGA-D8-A140-01A-11R-A115-07","TCGA-D8-A140","Primary Tumor","EPHB2","ENSG00000133216",745,3.9673,1.2451,1.1379,"OK"
"TCGA-BRCA","1936440a-9cfc-4b04-af40-3fbc22fe87f6","TCGA-E2-A152-01A-11R-A12D-07","TCGA-E2-A152","Primary Tumor","JAK3","ENSG00000105639",448,4.5622,1.2438,1.2899,"OK"
"TCGA-BRCA","1936440a-9cfc-4b04-af40-3fbc22fe87f6","TCGA-E2-A152-01A-11R-A12D-07","TCGA-E2-A152","Primary Tumor","EPHB2","ENSG00000133216",686,3.8027,1.0367,1.0752,"OK"
"TCGA-BRCA","99367019-5583-4bcc-aa62-25916515fe17","TCGA-AC-A5EH-01A-11R-A28M-07","TCGA-AC-A5EH","Primary Tumor","JAK3","ENSG00000105639",486,5.5378,1.4488,1.4962,"OK"
"TCGA-BRCA","99367019-5583-4bcc-aa62-25916515fe17","TCGA-AC-A5EH-01A-11R-A28M-07","TCGA-AC-A5EH","Primary Tumor","EPHB2","ENSG00000133216",846,5.2474,1.3729,1.4177,"OK"
"TCGA-BRCA","bc0a4326-63d2-4ec4-9af6-7b421aa8aa49","TCGA-E2-A106-01A-11R-A10J-07","TCGA-E2-A106","Primary Tumor","JAK3","ENSG00000105639",147,1.3955,0.3838,0.3841,"OK"
"TCGA-BRCA","bc0a4326-63d2-4ec4-9af6-7b421aa8aa49","TCGA-E2-A106-01A-11R-A10J-07","TCGA-E2-A106","Primary Tumor","EPHB2","ENSG00000133216",155,0.801,0.2203,0.2205,"OK"
"TCGA-BRCA","1341b934-ead3-4c4a-bd84-09084895fa83","TCGA-AN-A0XN-01A-21R-A109-07","TCGA-AN-A0XN","Primary Tumor","JAK3","ENSG00000105639",426,5.2979,1.3492,1.5391,"OK"
"TCGA-BRCA","1341b934-ead3-4c4a-bd84-09084895fa83","TCGA-AN-A0XN-01A-21R-A109-07","TCGA-AN-A0XN","Primary Tumor","EPHB2","ENSG00000133216",791,5.3548,1.3637,1.5556,"OK"
"TCGA-BRCA","055f6138-ea7a-468d-90c2-87a473486867","TCGA-A2-A0SU-01A-11R-A084-07","TCGA-A2-A0SU","Primary Tumor","JAK3","ENSG00000105639",484,5.5509,1.4978,1.5573,"OK"
"TCGA-BRCA","055f6138-ea7a-468d-90c2-87a473486867","TCGA-A2-A0SU-01A-11R-A084-07","TCGA-A2-A0SU","Primary Tumor","EPHB2","ENSG00000133216",299,1.8666,0.5037,0.5237,"OK"
"TCGA-BRCA","c1f3f326-e99f-4811-9665-d15d6d8a1c33","TCGA-E9-A5FL-01A-11R-A27Q-07","TCGA-E9-A5FL","Primary Tumor","JAK3","ENSG00000105639",537,4.721,2.0195,2.5953,"OK"
"TCGA-BRCA","c1f3f326-e99f-4811-9665-d15d6d8a1c33","TCGA-E9-A5FL-01A-11R-A27Q-07","TCGA-E9-A5FL","Primary Tumor","EPHB2","ENSG00000133216",4395,21.0326,8.9973,11.5623,"OK"
"TCGA-BRCA","56a26df4-d9c1-4f43-bb44-8afd34eea927","TCGA-E9-A1NI-01A-11R-A14D-07","TCGA-E9-A1NI","Primary Tumor","JAK3","ENSG00000105639",127,1.5416,0.4609,0.4748,"OK"
"TCGA-BRCA","56a26df4-d9c1-4f43-bb44-8afd34eea927","TCGA-E9-A1NI-01A-11R-A14D-07","TCGA-E9-A1NI","Primary Tumor","EPHB2","ENSG00000133216",390,2.577,0.7705,0.7938,"OK"
"TCGA-BRCA","ff5f8ada-17c5-497e-9182-63a05e3ab4c5","TCGA-OL-A5D6-01A-21R-A27Q-07","TCGA-OL-A5D6","Primary Tumor","JAK3","ENSG00000105639",651,6.5548,2.0752,2.4681,"OK"
"TCGA-BRCA","ff5f8ada-17c5-497e-9182-63a05e3ab4c5","TCGA-OL-A5D6-01A-21R-A27Q-07","TCGA-OL-A5D6","Primary Tumor","EPHB2","ENSG00000133216",354,1.9402,0.6142,0.7306,"OK"
"TCGA-BRCA","d240cdef-e1a3-481f-a0d5-895d7cc5cabd","TCGA-AO-A1KO-01A-31R-A13Q-07","TCGA-AO-A1KO","Primary Tumor","JAK3","ENSG00000105639",440,2.5893,0.9242,1.0331,"OK"
"TCGA-BRCA","d240cdef-e1a3-481f-a0d5-895d7cc5cabd","TCGA-AO-A1KO-01A-31R-A13Q-07","TCGA-AO-A1KO","Primary Tumor","EPHB2","ENSG00000133216",181,0.5798,0.2069,0.2313,"OK"
"TCGA-BRCA","83707590-e4c8-4e06-98d5-f6c5dc710d1b","TCGA-E9-A1RG-01A-11R-A14D-07","TCGA-E9-A1RG","Primary Tumor","JAK3","ENSG00000105639",674,6.4376,2.1057,2.3366,"OK"
"TCGA-BRCA","83707590-e4c8-4e06-98d5-f6c5dc710d1b","TCGA-E9-A1RG-01A-11R-A14D-07","TCGA-E9-A1RG","Primary Tumor","EPHB2","ENSG00000133216",966,5.0225,1.6428,1.8229,"OK"
"TCGA-BRCA","18022491-5c13-4a17-aed9-ea85e1088267","TCGA-D8-A1X8-01A-11R-A14M-07","TCGA-D8-A1X8","Primary Tumor","JAK3","ENSG00000105639",396,3.8257,0.9826,0.9317,"OK"
"TCGA-BRCA","18022491-5c13-4a17-aed9-ea85e1088267","TCGA-D8-A1X8-01A-11R-A14M-07","TCGA-D8-A1X8","Primary Tumor","EPHB2","ENSG00000133216",728,3.8284,0.9833,0.9324,"OK"
"TCGA-BRCA","5223fb98-dd63-4c20-a7c0-02e0b13ccb33","TCGA-C8-A1HE-01A-11R-A13Q-07","TCGA-C8-A1HE","Primary Tumor","JAK3","ENSG00000105639",454,3.2039,0.9068,0.863,"OK"
"TCGA-BRCA","5223fb98-dd63-4c20-a7c0-02e0b13ccb33","TCGA-C8-A1HE-01A-11R-A13Q-07","TCGA-C8-A1HE","Primary Tumor","EPHB2","ENSG00000133216",530,2.036,0.5762,0.5484,"OK"
"TCGA-BRCA","bf6e2b60-d65b-4963-8e8e-49ab3f93c3e1","TCGA-A7-A13D-01B-04R-A277-07","TCGA-A7-A13D","Primary Tumor","JAK3","ENSG00000105639",148,3.3286,1.1576,1.1867,"OK"
"TCGA-BRCA","bf6e2b60-d65b-4963-8e8e-49ab3f93c3e1","TCGA-A7-A13D-01B-04R-A277-07","TCGA-A7-A13D","Primary Tumor","EPHB2","ENSG00000133216",653,7.9945,2.7803,2.8501,"OK"
"TCGA-BRCA","1ace2a0c-773d-45b5-8fd6-968c88731bbb","TCGA-AN-A04A-01A-21R-A034-07","TCGA-AN-A04A","Primary Tumor","JAK3","ENSG00000105639",409,3.0079,0.9019,1.0648,"OK"
"TCGA-BRCA","1ace2a0c-773d-45b5-8fd6-968c88731bbb","TCGA-AN-A04A-01A-21R-A034-07","TCGA-AN-A04A","Primary Tumor","EPHB2","ENSG00000133216",1067,4.2715,1.2807,1.5121,"OK"
"TCGA-BRCA","744a6d3d-b666-49aa-8d26-47f34e3d1eb5","TCGA-BH-A18H-01A-11R-A12D-07","TCGA-BH-A18H","Primary Tumor","JAK3","ENSG00000105639",1676,17.7841,6.3189,6.3652,"OK"
"TCGA-BRCA","744a6d3d-b666-49aa-8d26-47f34e3d1eb5","TCGA-BH-A18H-01A-11R-A12D-07","TCGA-BH-A18H","Primary Tumor","EPHB2","ENSG00000133216",332,1.9176,0.6814,0.6864,"OK"
"TCGA-BRCA","2081a155-9d2d-41f6-b243-68a12e9b342a","TCGA-EW-A1PB-01A-11R-A144-07","TCGA-EW-A1PB","Primary Tumor","JAK3","ENSG00000105639",4011,32.1666,9.501,9.5985,"OK"
"TCGA-BRCA","2081a155-9d2d-41f6-b243-68a12e9b342a","TCGA-EW-A1PB-01A-11R-A144-07","TCGA-EW-A1PB","Primary Tumor","EPHB2","ENSG00000133216",1456,6.356,1.8774,1.8966,"OK"
"TCGA-BRCA","cee943a8-ea26-4b2f-b8a4-66300ccacfb5","TCGA-A8-A07B-01A-11R-A00Z-07","TCGA-A8-A07B","Primary Tumor","JAK3","ENSG00000105639",42,0.7843,0.2455,0.2403,"OK"
"TCGA-BRCA","cee943a8-ea26-4b2f-b8a4-66300ccacfb5","TCGA-A8-A07B-01A-11R-A00Z-07","TCGA-A8-A07B","Primary Tumor","EPHB2","ENSG00000133216",229,2.3279,0.7288,0.7133,"OK"
"TCGA-BRCA","95f4620f-f9b0-4533-bb13-f412d774244a","TCGA-AR-A0TP-01A-11R-A084-07","TCGA-AR-A0TP","Primary Tumor","JAK3","ENSG00000105639",325,2.846,0.8079,0.8582,"OK"
"TCGA-BRCA","95f4620f-f9b0-4533-bb13-f412d774244a","TCGA-AR-A0TP-01A-11R-A084-07","TCGA-AR-A0TP","Primary Tumor","EPHB2","ENSG00000133216",418,1.9925,0.5657,0.6008,"OK"
"TCGA-BRCA","bd239a8e-56e2-45ca-bc44-bff98b72c1d6","TCGA-BH-A18R-11A-42R-A12D-07","TCGA-BH-A18R","Solid Tissue Normal","JAK3","ENSG00000105639",452,3.2959,1.0287,1.0366,"OK"
"TCGA-BRCA","bd239a8e-56e2-45ca-bc44-bff98b72c1d6","TCGA-BH-A18R-11A-42R-A12D-07","TCGA-BH-A18R","Solid Tissue Normal","EPHB2","ENSG00000133216",356,1.413,0.441,0.4444,"OK"
"TCGA-BRCA","d32a2386-8747-4f9f-84b2-130a2c948342","TCGA-AC-A2FM-01A-11R-A19W-07","TCGA-AC-A2FM","Primary Tumor","JAK3","ENSG00000105639",196,1.9315,0.505,0.472,"OK"
"TCGA-BRCA","d32a2386-8747-4f9f-84b2-130a2c948342","TCGA-AC-A2FM-01A-11R-A19W-07","TCGA-AC-A2FM","Primary Tumor","EPHB2","ENSG00000133216",393,2.1081,0.5511,0.5152,"OK"
"TCGA-BRCA","7fa9ad2e-67a7-449f-be73-9e18dc46b529","TCGA-AO-A0J4-01A-11R-A034-07","TCGA-AO-A0J4","Primary Tumor","JAK3","ENSG00000105639",2529,15.7947,4.5114,4.7096,"OK"
"TCGA-BRCA","7fa9ad2e-67a7-449f-be73-9e18dc46b529","TCGA-AO-A0J4-01A-11R-A034-07","TCGA-AO-A0J4","Primary Tumor","EPHB2","ENSG00000133216",645,2.1928,0.6263,0.6538,"OK"
"TCGA-BRCA","3e5dce7b-3f1e-4b43-b83e-8c0fc654e9c4","TCGA-A7-A26I-01A-11R-A169-07","TCGA-A7-A26I","Primary Tumor","JAK3","ENSG00000105639",617,1.5888,1.1599,1.256,"OK"
"TCGA-BRCA","3e5dce7b-3f1e-4b43-b83e-8c0fc654e9c4","TCGA-A7-A26I-01A-11R-A169-07","TCGA-A7-A26I","Primary Tumor","EPHB2","ENSG00000133216",7447,10.4385,7.6208,8.2523,"OK"
"TCGA-BRCA","11e658a7-64e3-47ac-8993-eea0d17fc949","TCGA-E9-A1NH-01A-11R-A14D-07","TCGA-E9-A1NH","Primary Tumor","JAK3","ENSG00000105639",300,3.6615,0.9597,0.9642,"OK"
"TCGA-BRCA","11e658a7-64e3-47ac-8993-eea0d17fc949","TCGA-E9-A1NH-01A-11R-A14D-07","TCGA-E9-A1NH","Primary Tumor","EPHB2","ENSG00000133216",448,2.9764,0.7802,0.7838,"OK"
"TCGA-BRCA","25352bc8-c94c-4542-a7da-d4423adf72cf","TCGA-A7-A13D-01A-13R-A277-07","TCGA-A7-A13D","Primary Tumor","JAK3","ENSG00000105639",301,2.7857,1.2079,1.2078,"OK"
"TCGA-BRCA","25352bc8-c94c-4542-a7da-d4423adf72cf","TCGA-A7-A13D-01A-13R-A277-07","TCGA-A7-A13D","Primary Tumor","EPHB2","ENSG00000133216",2130,10.7303,4.6527,4.6525,"OK"
"TCGA-BRCA","6a89e8a2-577e-4531-98e8-ba6fc6cfe525","TCGA-BH-A202-01A-11R-A14M-07","TCGA-BH-A202","Primary Tumor","JAK3","ENSG00000105639",673,4.4049,1.1626,1.2819,"OK"
"TCGA-BRCA","6a89e8a2-577e-4531-98e8-ba6fc6cfe525","TCGA-BH-A202-01A-11R-A14M-07","TCGA-BH-A202","Primary Tumor","EPHB2","ENSG00000133216",1281,4.564,1.2046,1.3282,"OK"
"TCGA-BRCA","4ecc1f1a-8ff4-4552-a5e8-7a9652b6d1d5","TCGA-E2-A14P-01A-31R-A12D-07","TCGA-E2-A14P","Primary Tumor","JAK3","ENSG00000105639",844,8.2424,2.4409,2.49,"OK"
"TCGA-BRCA","4ecc1f1a-8ff4-4552-a5e8-7a9652b6d1d5","TCGA-E2-A14P-01A-31R-A12D-07","TCGA-E2-A14P","Primary Tumor","EPHB2","ENSG00000133216",1182,6.2835,1.8608,1.8982,"OK"
"TCGA-BRCA","e84b9f1a-0def-425b-86c1-c143b27509b5","TCGA-BH-A1FJ-11B-42R-A13Q-07","TCGA-BH-A1FJ","Solid Tissue Normal","JAK3","ENSG00000105639",690,4.7054,1.2763,1.2627,"OK"
"TCGA-BRCA","e84b9f1a-0def-425b-86c1-c143b27509b5","TCGA-BH-A1FJ-11B-42R-A13Q-07","TCGA-BH-A1FJ","Solid Tissue Normal","EPHB2","ENSG00000133216",445,1.6519,0.448,0.4433,"OK"
"TCGA-BRCA","4d2cc90a-574f-4184-9a1c-86af222e9bb6","TCGA-EW-A2FV-01A-11R-A17B-07","TCGA-EW-A2FV","Primary Tumor","JAK3","ENSG00000105639",1311,8.5093,2.7187,2.7058,"OK"
"TCGA-BRCA","4d2cc90a-574f-4184-9a1c-86af222e9bb6","TCGA-EW-A2FV-01A-11R-A17B-07","TCGA-EW-A2FV","Primary Tumor","EPHB2","ENSG00000133216",643,2.2718,0.7259,0.7224,"OK"
"TCGA-BRCA","a701ab46-0745-4f23-8723-df5846e8806f","TCGA-A2-A04T-01A-21R-A034-07","TCGA-A2-A04T","Primary Tumor","JAK3","ENSG00000105639",1232,9.2671,2.9336,3.1254,"OK"
"TCGA-BRCA","a701ab46-0745-4f23-8723-df5846e8806f","TCGA-A2-A04T-01A-21R-A034-07","TCGA-A2-A04T","Primary Tumor","EPHB2","ENSG00000133216",393,1.6092,0.5094,0.5427,"OK"
"TCGA-BRCA","148fc636-0b7b-4f10-b513-45edcf71a79e","TCGA-A7-A26I-01B-06R-A22O-07","TCGA-A7-A26I","Primary Tumor","JAK3","ENSG00000105639",515,7.9044,3.5839,3.5185,"OK"
"TCGA-BRCA","148fc636-0b7b-4f10-b513-45edcf71a79e","TCGA-A7-A26I-01B-06R-A22O-07","TCGA-A7-A26I","Primary Tumor","EPHB2","ENSG00000133216",2407,20.1099,9.1179,8.9516,"OK"
"TCGA-BRCA","e7789185-2581-4846-bafd-8b920edc0973","TCGA-D8-A1XW-01A-11R-A14M-07","TCGA-D8-A1XW","Primary Tumor","JAK3","ENSG00000105639",1569,11.7955,3.3897,3.3756,"OK"
"TCGA-BRCA","e7789185-2581-4846-bafd-8b920edc0973","TCGA-D8-A1XW-01A-11R-A14M-07","TCGA-D8-A1XW","Primary Tumor","EPHB2","ENSG00000133216",2292,9.3796,2.6954,2.6842,"OK"
"TCGA-BRCA","e3cfb618-5ed2-4841-b7c1-a9f049ac8f9d","TCGA-GM-A2DD-01A-11R-A180-07","TCGA-GM-A2DD","Primary Tumor","JAK3","ENSG00000105639",1940,14.8548,5.8274,6.96,"OK"
"TCGA-BRCA","e3cfb618-5ed2-4841-b7c1-a9f049ac8f9d","TCGA-GM-A2DD-01A-11R-A180-07","TCGA-GM-A2DD","Primary Tumor","EPHB2","ENSG00000133216",711,2.9635,1.1626,1.3885,"OK"
"TCGA-BRCA","8f4d34b3-5dd0-4ff2-b017-0cfa6e5c5f6b","TCGA-BH-A1FJ-01A-11R-A13Q-07","TCGA-BH-A1FJ","Primary Tumor","JAK3","ENSG00000105639",144,1.256,0.3116,0.2821,"OK"
"TCGA-BRCA","8f4d34b3-5dd0-4ff2-b017-0cfa6e5c5f6b","TCGA-BH-A1FJ-01A-11R-A13Q-07","TCGA-BH-A1FJ","Primary Tumor","EPHB2","ENSG00000133216",235,1.1158,0.2768,0.2506,"OK"
"TCGA-BRCA","59d61414-a337-4e45-9e89-4526dde82786","TCGA-A8-A07L-01A-11R-A00Z-07","TCGA-A8-A07L","Primary Tumor","JAK3","ENSG00000105639",172,1.8665,0.4594,0.4334,"OK"
"TCGA-BRCA","59d61414-a337-4e45-9e89-4526dde82786","TCGA-A8-A07L-01A-11R-A00Z-07","TCGA-A8-A07L","Primary Tumor","EPHB2","ENSG00000133216",1176,6.9467,1.7099,1.6131,"OK"
"TCGA-BRCA","373e0f41-a47e-4f4e-88fe-9703d16a840c","TCGA-BH-A18R-01A-11R-A12D-07","TCGA-BH-A18R","Primary Tumor","JAK3","ENSG00000105639",739,5.7171,1.5827,1.5716,"OK"
"TCGA-BRCA","373e0f41-a47e-4f4e-88fe-9703d16a840c","TCGA-BH-A18R-01A-11R-A12D-07","TCGA-BH-A18R","Primary Tumor","EPHB2","ENSG00000133216",635,2.6741,0.7403,0.7351,"OK"
"TCGA-BRCA","812eeeed-1222-4add-b6d1-f53ae2669218","TCGA-A8-A090-01A-11R-A00Z-07","TCGA-A8-A090","Primary Tumor","JAK3","ENSG00000105639",374,4.655,1.1132,1.0318,"OK"
"TCGA-BRCA","812eeeed-1222-4add-b6d1-f53ae2669218","TCGA-A8-A090-01A-11R-A00Z-07","TCGA-A8-A090","Primary Tumor","EPHB2","ENSG00000133216",871,5.9012,1.4112,1.308,"OK"
"TCGA-BRCA","da29bf10-4629-4234-8e49-43a4513fe579","TCGA-E9-A5FK-01A-11R-A27Q-07","TCGA-E9-A5FK","Primary Tumor","JAK3","ENSG00000105639",2465,22.0576,8.4527,9.7057,"OK"
"TCGA-BRCA","da29bf10-4629-4234-8e49-43a4513fe579","TCGA-E9-A5FK-01A-11R-A27Q-07","TCGA-E9-A5FK","Primary Tumor","EPHB2","ENSG00000133216",457,2.226,0.853,0.9795,"OK"
"TCGA-BRCA","ddb8fb65-cf53-41a0-8acd-a538a8754fa5","TCGA-BH-A18M-11A-33R-A12D-07","TCGA-BH-A18M","Solid Tissue Normal","JAK3","ENSG00000105639",551,6.7418,1.7938,1.7224,"OK"
"TCGA-BRCA","ddb8fb65-cf53-41a0-8acd-a538a8754fa5","TCGA-BH-A18M-11A-33R-A12D-07","TCGA-BH-A18M","Solid Tissue Normal","EPHB2","ENSG00000133216",563,3.7498,0.9977,0.958,"OK"
"TCGA-BRCA","77f150b1-5f40-442d-91c5-6d3571513513","TCGA-BH-A0RX-01A-21R-A084-07","TCGA-BH-A0RX","Primary Tumor","JAK3","ENSG00000105639",1674,13.9147,5.4201,6.1022,"OK"
"TCGA-BRCA","77f150b1-5f40-442d-91c5-6d3571513513","TCGA-BH-A0RX-01A-21R-A084-07","TCGA-BH-A0RX","Primary Tumor","EPHB2","ENSG00000133216",2116,9.5743,3.7294,4.1987,"OK"
"TCGA-BRCA","ed797859-4d7e-40e6-bae3-54ef15ad0f0a","TCGA-E2-A1AZ-01A-11R-A12P-07","TCGA-E2-A1AZ","Primary Tumor","JAK3","ENSG00000105639",909,18.825,5.2251,4.7057,"OK"
"TCGA-BRCA","ed797859-4d7e-40e6-bae3-54ef15ad0f0a","TCGA-E2-A1AZ-01A-11R-A12P-07","TCGA-E2-A1AZ","Primary Tumor","EPHB2","ENSG00000133216",1349,15.2075,4.221,3.8014,"OK"
"TCGA-BRCA","9b5bdd89-05ac-4cde-beee-66739a903939","TCGA-EW-A6SA-01A-21R-A32P-07","TCGA-EW-A6SA","Primary Tumor","JAK3","ENSG00000105639",113,0.9566,0.2695,0.2561,"OK"
"TCGA-BRCA","9b5bdd89-05ac-4cde-beee-66739a903939","TCGA-EW-A6SA-01A-21R-A32P-07","TCGA-EW-A6SA","Primary Tumor","EPHB2","ENSG00000133216",127,0.5852,0.1649,0.1567,"OK"
"TCGA-BRCA","3782bc2e-5a29-4380-9b44-735ca1ac8896","TCGA-AO-A12B-01A-11R-A10J-07","TCGA-AO-A12B","Primary Tumor","JAK3","ENSG00000105639",129,1.318,0.4016,0.3938,"OK"
"TCGA-BRCA","3782bc2e-5a29-4380-9b44-735ca1ac8896","TCGA-AO-A12B-01A-11R-A10J-07","TCGA-AO-A12B","Primary Tumor","EPHB2","ENSG00000133216",122,0.6785,0.2067,0.2027,"OK"
