"project","file_id","sample_barcode","patient_id","sample_type","gene_name","ensembl_id","unstranded","TPM","FPKM","FPKM_UQ","extraction_status"
"TCGA-LUSC","89757795-017d-40e2-ba48-e7a19fb69b94","TCGA-43-5668-01A-01R-1635-07","TCGA-43-5668","Primary Tumor","JAK3","ENSG00000105639",5486,33.5849,10.9313,10.5631,"OK"
"TCGA-LUSC","89757795-017d-40e2-ba48-e7a19fb69b94","TCGA-43-5668-01A-01R-1635-07","TCGA-43-5668","Primary Tumor","EPHB2","ENSG00000133216",3868,12.8898,4.1954,4.0541,"OK"
"TCGA-LUSC","09152b74-f690-4dbc-a398-1f8dde28ec06","TCGA-60-2715-01A-01R-0851-07","TCGA-60-2715","Primary Tumor","JAK3","ENSG00000105639",3992,27.5804,8.8438,9.2831,"OK"
"TCGA-LUSC","09152b74-f690-4dbc-a398-1f8dde28ec06","TCGA-60-2715-01A-01R-0851-07","TCGA-60-2715","Primary Tumor","EPHB2","ENSG00000133216",2130,8.0106,2.5686,2.6962,"OK"
"TCGA-LUSC","0f3755ec-9e0e-4fc9-ae14-a32d6b486a7e","TCGA-21-1070-01A-01R-0692-07","TCGA-21-1070","Primary Tumor","JAK3","ENSG00000105639",2060,18.5352,7.0749,7.1688,"OK"
"TCGA-LUSC","0f3755ec-9e0e-4fc9-ae14-a32d6b486a7e","TCGA-21-1070-01A-01R-0692-07","TCGA-21-1070","Primary Tumor","EPHB2","ENSG00000133216",2147,10.5156,4.0138,4.0671,"OK"
"TCGA-LUSC","56df6ca9-d0fb-46c2-a7d1-90b6ec3c2cb7","TCGA-22-1017-01A-01R-A96U-41","TCGA-22-1017","Primary Tumor","JAK3","ENSG00000105639",2230,8.9145,7.1758,7.3729,"OK"
"TCGA-LUSC","56df6ca9-d0fb-46c2-a7d1-90b6ec3c2cb7","TCGA-22-1017-01A-01R-A96U-41","TCGA-22-1017","Primary Tumor","EPHB2","ENSG00000133216",1057,2.3001,1.8514,1.9023,"OK"
"TCGA-LUSC","45c6656d-a8f3-4968-aa40-142f3a340dde","TCGA-60-2698-01A-01R-0851-07","TCGA-60-2698","Primary Tumor","JAK3","ENSG00000105639",2007,17.3215,5.1269,5.262,"OK"
"TCGA-LUSC","45c6656d-a8f3-4968-aa40-142f3a340dde","TCGA-60-2698-01A-01R-0851-07","TCGA-60-2698","Primary Tumor","EPHB2","ENSG00000133216",1874,8.804,2.6058,2.6745,"OK"
"TCGA-LUSC","d30182cd-80ad-4912-9404-20411c5253ea","TCGA-21-1083-01A-01R-0692-07","TCGA-21-1083","Primary Tumor","JAK3","ENSG00000105639",3353,25.8579,8.2043,8.1871,"OK"
"TCGA-LUSC","d30182cd-80ad-4912-9404-20411c5253ea","TCGA-21-1083-01A-01R-0692-07","TCGA-21-1083","Primary Tumor","EPHB2","ENSG00000133216",1419,5.9568,1.89,1.886,"OK"
"TCGA-LUSC","62c0d1a5-7c0a-412a-bf02-af9240195b90","TCGA-18-3416-01A-01R-0980-07","TCGA-18-3416","Primary Tumor","JAK3","ENSG00000105639",2100,24.693,8.1538,8.003,"OK"
"TCGA-LUSC","62c0d1a5-7c0a-412a-bf02-af9240195b90","TCGA-18-3416-01A-01R-0980-07","TCGA-18-3416","Primary Tumor","EPHB2","ENSG00000133216",805,5.1526,1.7014,1.67,"OK"
"TCGA-LUSC","eca32303-c94c-433e-bb9e-a299b33d83d1","TCGA-77-A5GA-01A-11R-A27Q-07","TCGA-77-A5GA","Primary Tumor","JAK3","ENSG00000105639",437,6.1098,2.2684,2.6283,"OK"
"TCGA-LUSC","eca32303-c94c-433e-bb9e-a299b33d83d1","TCGA-77-A5GA-01A-11R-A27Q-07","TCGA-77-A5GA","Primary Tumor","EPHB2","ENSG00000133216",401,3.0519,1.1331,1.3128,"OK"
"TCGA-LUSC","c6bd1dd4-4966-4e53-aaf3-30da7d28491d","TCGA-60-2714-01A-01R-0851-07","TCGA-60-2714","Primary Tumor","JAK3","ENSG00000105639",3713,26.4593,9.131,9.3663,"OK"
"TCGA-LUSC","c6bd1dd4-4966-4e53-aaf3-30da7d28491d","TCGA-60-2714-01A-01R-0851-07","TCGA-60-2714","Primary Tumor","EPHB2","ENSG00000133216",1413,5.4811,1.8915,1.9403,"OK"
"TCGA-LUSC","64f6f88f-372d-46a3-8fd5-2c88464b9177","TCGA-43-2578-01A-01R-0851-07","TCGA-43-2578","Primary Tumor","JAK3","ENSG00000105639",1045,8.3124,2.8812,2.894,"OK"
"TCGA-LUSC","64f6f88f-372d-46a3-8fd5-2c88464b9177","TCGA-43-2578-01A-01R-0851-07","TCGA-43-2578","Primary Tumor","EPHB2","ENSG00000133216",1656,7.1704,2.4854,2.4964,"OK"
"TCGA-LUSC","d2b8708b-87ff-4ac9-878e-9072ba1d31dd","TCGA-77-7140-01A-41R-2045-07","TCGA-77-7140","Primary Tumor","JAK3","ENSG00000105639",260,1.9051,0.6327,0.7279,"OK"
"TCGA-LUSC","d2b8708b-87ff-4ac9-878e-9072ba1d31dd","TCGA-77-7140-01A-41R-2045-07","TCGA-77-7140","Primary Tumor","EPHB2","ENSG00000133216",3359,13.3974,4.4498,5.1188,"OK"
"TCGA-LUSC","0f6c6bd3-2f1c-4358-9ce0-00cbef1693bc","TCGA-60-2711-01A-01R-0851-07","TCGA-60-2711","Primary Tumor","JAK3","ENSG00000105639",1009,8.1619,2.4741,2.4645,"OK"
"TCGA-LUSC","0f6c6bd3-2f1c-4358-9ce0-00cbef1693bc","TCGA-60-2711-01A-01R-0851-07","TCGA-60-2711","Primary Tumor","EPHB2","ENSG00000133216",1002,4.4121,1.3374,1.3322,"OK"
"TCGA-LUSC","78ef6ada-3aa8-40fa-9bd6-c491dd31f96d","TCGA-66-2759-01A-01R-0851-07","TCGA-66-2759","Primary Tumor","JAK3","ENSG00000105639",1131,9.4784,2.9272,3.0082,"OK"
"TCGA-LUSC","78ef6ada-3aa8-40fa-9bd6-c491dd31f96d","TCGA-66-2759-01A-01R-0851-07","TCGA-66-2759","Primary Tumor","EPHB2","ENSG00000133216",1706,7.7826,2.4035,2.47,"OK"
"TCGA-LUSC","d1b72b3b-df9d-49b5-a2f2-b59f283b8735","TCGA-56-8082-01A-11R-2247-07","TCGA-56-8082","Primary Tumor","JAK3","ENSG00000105639",345,4.1307,1.0984,1.0351,"OK"
"TCGA-LUSC","d1b72b3b-df9d-49b5-a2f2-b59f283b8735","TCGA-56-8082-01A-11R-2247-07","TCGA-56-8082","Primary Tumor","EPHB2","ENSG00000133216",336,2.1898,0.5823,0.5487,"OK"
"TCGA-LUSC","f9c280f7-4975-4970-806d-2cf4b94ccf74","TCGA-43-6770-01A-11R-1820-07","TCGA-43-6770","Primary Tumor","JAK3","ENSG00000105639",1279,8.0324,2.0697,2.2217,"OK"
"TCGA-LUSC","f9c280f7-4975-4970-806d-2cf4b94ccf74","TCGA-43-6770-01A-11R-1820-07","TCGA-43-6770","Primary Tumor","EPHB2","ENSG00000133216",1270,4.3416,1.1187,1.2009,"OK"
"TCGA-LUSC","87db73f9-c9db-4797-b02e-28373c9b5bbb","TCGA-77-8150-01A-11R-2247-07","TCGA-77-8150","Primary Tumor","JAK3","ENSG00000105639",578,17.3084,5.6556,5.273,"OK"
"TCGA-LUSC","87db73f9-c9db-4797-b02e-28373c9b5bbb","TCGA-77-8150-01A-11R-2247-07","TCGA-77-8150","Primary Tumor","EPHB2","ENSG00000133216",76,1.2388,0.4048,0.3774,"OK"
"TCGA-LUSC","771fb64d-317e-4eeb-8945-b3446848294a","TCGA-22-0940-01A-01R-0692-07","TCGA-22-0940","Primary Tumor","JAK3","ENSG00000105639",1621,11.697,3.9937,4.4088,"OK"
"TCGA-LUSC","771fb64d-317e-4eeb-8945-b3446848294a","TCGA-22-0940-01A-01R-0692-07","TCGA-22-0940","Primary Tumor","EPHB2","ENSG00000133216",6433,25.2683,8.6275,9.5241,"OK"
"TCGA-LUSC","6896f254-0a80-40de-a674-02685d335151","TCGA-22-5478-01A-01R-1635-07","TCGA-22-5478","Primary Tumor","JAK3","ENSG00000105639",2317,15.9117,4.606,4.4983,"OK"
"TCGA-LUSC","6896f254-0a80-40de-a674-02685d335151","TCGA-22-5478-01A-01R-1635-07","TCGA-22-5478","Primary Tumor","EPHB2","ENSG00000133216",11023,41.2062,11.9281,11.6493,"OK"
"TCGA-LUSC","5f656efa-0043-40d4-9276-37971aaf7774","TCGA-43-A475-01A-11R-A24H-07","TCGA-43-A475","Primary Tumor","JAK3","ENSG00000105639",4694,44.9668,13.9297,13.9471,"OK"
"TCGA-LUSC","5f656efa-0043-40d4-9276-37971aaf7774","TCGA-43-A475-01A-11R-A24H-07","TCGA-43-A475","Primary Tumor","EPHB2","ENSG00000133216",1277,6.6591,2.0628,2.0654,"OK"
"TCGA-LUSC","da204644-aaaf-48ed-9c8c-3f1ea0a36b3a","TCGA-22-5492-01A-01R-1635-07","TCGA-22-5492","Primary Tumor","JAK3","ENSG00000105639",3400,21.2414,7.1724,6.512,"OK"
"TCGA-LUSC","da204644-aaaf-48ed-9c8c-3f1ea0a36b3a","TCGA-22-5492-01A-01R-1635-07","TCGA-22-5492","Primary Tumor","EPHB2","ENSG00000133216",1208,4.1081,1.3872,1.2594,"OK"
"TCGA-LUSC","5be877e7-15a7-48e6-b05a-cb1dfa39aa25","TCGA-98-A53H-01A-12R-A262-07","TCGA-98-A53H","Primary Tumor","JAK3","ENSG00000105639",4813,43.1034,14.2849,14.1454,"OK"
"TCGA-LUSC","5be877e7-15a7-48e6-b05a-cb1dfa39aa25","TCGA-98-A53H-01A-12R-A262-07","TCGA-98-A53H","Primary Tumor","EPHB2","ENSG00000133216",1371,6.6835,2.215,2.1934,"OK"
"TCGA-LUSC","2561a166-42c2-4136-b353-a428211ea84b","TCGA-56-A5DS-01A-11R-A27Q-07","TCGA-56-A5DS","Primary Tumor","JAK3","ENSG00000105639",2218,21.8504,8.1002,7.7343,"OK"
"TCGA-LUSC","2561a166-42c2-4136-b353-a428211ea84b","TCGA-56-A5DS-01A-11R-A27Q-07","TCGA-56-A5DS","Primary Tumor","EPHB2","ENSG00000133216",1023,5.4859,2.0337,1.9418,"OK"
"TCGA-LUSC","108d78db-9d31-4dbf-86f7-5e50134b91a6","TCGA-98-A53J-01A-11R-A26W-07","TCGA-98-A53J","Primary Tumor","JAK3","ENSG00000105639",371,4.1931,1.4862,1.6873,"OK"
"TCGA-LUSC","108d78db-9d31-4dbf-86f7-5e50134b91a6","TCGA-98-A53J-01A-11R-A26W-07","TCGA-98-A53J","Primary Tumor","EPHB2","ENSG00000133216",399,2.4547,0.87,0.9878,"OK"
"TCGA-LUSC","5403fcdd-3011-4ec4-ab0d-7fbe0b49a927","TCGA-63-A5MI-01A-12R-A27Q-07","TCGA-63-A5MI","Primary Tumor","JAK3","ENSG00000105639",596,7.0323,2.1882,2.3113,"OK"
"TCGA-LUSC","5403fcdd-3011-4ec4-ab0d-7fbe0b49a927","TCGA-63-A5MI-01A-12R-A27Q-07","TCGA-63-A5MI","Primary Tumor","EPHB2","ENSG00000133216",1187,7.6238,2.3723,2.5057,"OK"
"TCGA-LUSC","ddf190fa-393b-46f9-8793-c6eb4f08313b","TCGA-NC-A5HI-01A-11R-A26W-07","TCGA-NC-A5HI","Primary Tumor","JAK3","ENSG00000105639",681,6.1916,2.1121,2.176,"OK"
"TCGA-LUSC","ddf190fa-393b-46f9-8793-c6eb4f08313b","TCGA-NC-A5HI-01A-11R-A26W-07","TCGA-NC-A5HI","Primary Tumor","EPHB2","ENSG00000133216",305,1.5095,0.5149,0.5305,"OK"
"TCGA-LUSC","6170ecbe-9ede-4afe-b020-655a903d96aa","TCGA-22-4595-01A-01R-1201-07","TCGA-22-4595","Primary Tumor","JAK3","ENSG00000105639",1317,9.3379,3.1163,3.2026,"OK"
"TCGA-LUSC","6170ecbe-9ede-4afe-b020-655a903d96aa","TCGA-22-4595-01A-01R-1201-07","TCGA-22-4595","Primary Tumor","EPHB2","ENSG00000133216",2888,11.1463,3.7198,3.8228,"OK"
"TCGA-LUSC","8f2bec2c-7a61-4749-bfb1-3c5dba953c8a","TCGA-79-5596-01A-31R-1949-07","TCGA-79-5596","Primary Tumor","JAK3","ENSG00000105639",675,5.2382,1.5535,1.6888,"OK"
"TCGA-LUSC","8f2bec2c-7a61-4749-bfb1-3c5dba953c8a","TCGA-79-5596-01A-31R-1949-07","TCGA-79-5596","Primary Tumor","EPHB2","ENSG00000133216",843,3.5611,1.0561,1.1481,"OK"
"TCGA-LUSC","c2a485c5-f871-4337-acdd-63b365a9c8a1","TCGA-77-8148-01A-11R-2247-07","TCGA-77-8148","Primary Tumor","JAK3","ENSG00000105639",561,7.6586,2.4055,2.3302,"OK"
"TCGA-LUSC","c2a485c5-f871-4337-acdd-63b365a9c8a1","TCGA-77-8148-01A-11R-2247-07","TCGA-77-8148","Primary Tumor","EPHB2","ENSG00000133216",287,2.1327,0.6699,0.6489,"OK"
"TCGA-LUSC","80f4c1e6-573a-4ac9-bdec-96c0a0da49f0","TCGA-MF-A522-01A-11R-A262-07","TCGA-MF-A522","Primary Tumor","JAK3","ENSG00000105639",502,5.0553,1.4927,1.5596,"OK"
"TCGA-LUSC","80f4c1e6-573a-4ac9-bdec-96c0a0da49f0","TCGA-MF-A522-01A-11R-A262-07","TCGA-MF-A522","Primary Tumor","EPHB2","ENSG00000133216",729,3.9962,1.18,1.2329,"OK"
"TCGA-LUSC","e464e573-8420-4516-a4b0-27850d3a18dd","TCGA-85-8355-01A-11R-2296-07","TCGA-85-8355","Primary Tumor","JAK3","ENSG00000105639",3601,34.7987,11.6386,10.9182,"OK"
"TCGA-LUSC","e464e573-8420-4516-a4b0-27850d3a18dd","TCGA-85-8355-01A-11R-2296-07","TCGA-85-8355","Primary Tumor","EPHB2","ENSG00000133216",2057,10.8205,3.619,3.395,"OK"
"TCGA-LUSC","d3304c77-bc34-420b-8400-db4a2195bc71","TCGA-66-2791-01A-01R-0980-07","TCGA-66-2791","Primary Tumor","JAK3","ENSG00000105639",2114,16.7242,5.9605,5.9533,"OK"
"TCGA-LUSC","d3304c77-bc34-420b-8400-db4a2195bc71","TCGA-66-2791-01A-01R-0980-07","TCGA-66-2791","Primary Tumor","EPHB2","ENSG00000133216",1532,6.5974,2.3513,2.3485,"OK"
"TCGA-LUSC","ca8f1add-4462-4cc3-9c26-f245bbac303b","TCGA-37-4129-01A-01R-1100-07","TCGA-37-4129","Primary Tumor","JAK3","ENSG00000105639",79,0.7062,0.223,0.2037,"OK"
"TCGA-LUSC","ca8f1add-4462-4cc3-9c26-f245bbac303b","TCGA-37-4129-01A-01R-1100-07","TCGA-37-4129","Primary Tumor","EPHB2","ENSG00000133216",3390,16.4957,5.2082,4.7581,"OK"
"TCGA-LUSC","4c994cf9-52d0-4c05-97c0-fd2d3ffb9100","TCGA-43-3394-11A-01R-1758-07","TCGA-43-3394","Solid Tissue Normal","JAK3","ENSG00000105639",1228,3.8634,1.2146,1.4388,"OK"
"TCGA-LUSC","4c994cf9-52d0-4c05-97c0-fd2d3ffb9100","TCGA-43-3394-11A-01R-1758-07","TCGA-43-3394","Solid Tissue Normal","EPHB2","ENSG00000133216",1386,2.3736,0.7462,0.884,"OK"
"TCGA-LUSC","1f149435-3964-491d-b192-ac277408384a","TCGA-66-2769-01A-02R-0851-07","TCGA-66-2769","Primary Tumor","JAK3","ENSG00000105639",2426,19.2855,6.4176,6.8295,"OK"
"TCGA-LUSC","1f149435-3964-491d-b192-ac277408384a","TCGA-66-2769-01A-02R-0851-07","TCGA-66-2769","Primary Tumor","EPHB2","ENSG00000133216",1894,8.1958,2.7273,2.9023,"OK"
"TCGA-LUSC","d30a480e-39a4-42e6-922b-c5cda6826687","TCGA-66-2770-01A-01R-0851-07","TCGA-66-2770","Primary Tumor","JAK3","ENSG00000105639",1947,14.5247,4.6685,4.6961,"OK"
"TCGA-LUSC","d30a480e-39a4-42e6-922b-c5cda6826687","TCGA-66-2770-01A-01R-0851-07","TCGA-66-2770","Primary Tumor","EPHB2","ENSG00000133216",789,3.204,1.0298,1.0359,"OK"
"TCGA-LUSC","e440451a-d436-4933-885b-3951e0767b42","TCGA-21-1079-01A-01R-0692-07","TCGA-21-1079","Primary Tumor","JAK3","ENSG00000105639",541,5.7052,1.5534,1.7046,"OK"
"TCGA-LUSC","e440451a-d436-4933-885b-3951e0767b42","TCGA-21-1079-01A-01R-0692-07","TCGA-21-1079","Primary Tumor","EPHB2","ENSG00000133216",1140,6.5441,1.7818,1.9553,"OK"
"TCGA-LUSC","44959554-954a-43aa-aa22-1b2db64a790f","TCGA-52-7809-01A-21R-2125-07","TCGA-52-7809","Primary Tumor","JAK3","ENSG00000105639",3205,31.9124,8.8874,8.0948,"OK"
"TCGA-LUSC","44959554-954a-43aa-aa22-1b2db64a790f","TCGA-52-7809-01A-21R-2125-07","TCGA-52-7809","Primary Tumor","EPHB2","ENSG00000133216",7162,38.8185,10.8106,9.8465,"OK"
"TCGA-LUSC","ab355a1f-46ca-43c6-a125-9a9bd55fea4f","TCGA-66-2777-01A-01R-1201-07","TCGA-66-2777","Primary Tumor","JAK3","ENSG00000105639",750,8.045,2.3446,2.3362,"OK"
"TCGA-LUSC","ab355a1f-46ca-43c6-a125-9a9bd55fea4f","TCGA-66-2777-01A-01R-1201-07","TCGA-66-2777","Primary Tumor","EPHB2","ENSG00000133216",1804,10.5336,3.0698,3.0589,"OK"
"TCGA-LUSC","f60cd94a-dd5f-4cbb-86e9-c5c97713fd04","TCGA-56-7580-01A-11R-2045-07","TCGA-56-7580","Primary Tumor","JAK3","ENSG00000105639",2551,19.5412,6.8568,7.119,"OK"
"TCGA-LUSC","f60cd94a-dd5f-4cbb-86e9-c5c97713fd04","TCGA-56-7580-01A-11R-2045-07","TCGA-56-7580","Primary Tumor","EPHB2","ENSG00000133216",3238,13.5018,4.7376,4.9188,"OK"
"TCGA-LUSC","b4308fc4-3c4c-4eda-8e28-3aacf9f04bc0","TCGA-63-A5MB-01A-11R-A26W-07","TCGA-63-A5MB","Primary Tumor","JAK3","ENSG00000105639",914,8.5042,2.5842,2.6639,"OK"
"TCGA-LUSC","b4308fc4-3c4c-4eda-8e28-3aacf9f04bc0","TCGA-63-A5MB-01A-11R-A26W-07","TCGA-63-A5MB","Primary Tumor","EPHB2","ENSG00000133216",715,3.6213,1.1004,1.1344,"OK"
"TCGA-LUSC","f9cd1c16-3be3-415c-8d7b-9249c3b1c7fa","TCGA-66-2766-01A-01R-0851-07","TCGA-66-2766","Primary Tumor","JAK3","ENSG00000105639",453,3.8065,1.1716,1.3528,"OK"
"TCGA-LUSC","f9cd1c16-3be3-415c-8d7b-9249c3b1c7fa","TCGA-66-2766-01A-01R-0851-07","TCGA-66-2766","Primary Tumor","EPHB2","ENSG00000133216",1706,7.8033,2.4018,2.7731,"OK"
"TCGA-LUSC","1df39a00-527b-4218-8925-59420089415f","TCGA-NC-A5HR-01A-21R-A26W-07","TCGA-NC-A5HR","Primary Tumor","JAK3","ENSG00000105639",708,8.1625,2.7897,2.8351,"OK"
"TCGA-LUSC","1df39a00-527b-4218-8925-59420089415f","TCGA-NC-A5HR-01A-21R-A26W-07","TCGA-NC-A5HR","Primary Tumor","EPHB2","ENSG00000133216",773,4.8511,1.658,1.6849,"OK"
"TCGA-LUSC","6ed3a19f-af35-42c0-8961-3e228abc6b7f","TCGA-60-2696-01A-01R-0851-07","TCGA-60-2696","Primary Tumor","JAK3","ENSG00000105639",1940,15.9908,5.2788,5.1618,"OK"
"TCGA-LUSC","6ed3a19f-af35-42c0-8961-3e228abc6b7f","TCGA-60-2696-01A-01R-0851-07","TCGA-60-2696","Primary Tumor","EPHB2","ENSG00000133216",3596,16.1347,5.3263,5.2082,"OK"
"TCGA-LUSC","6bff99d4-8131-4e5f-8bc8-57bb4675d580","TCGA-63-7020-01A-11R-1949-07","TCGA-63-7020","Primary Tumor","JAK3","ENSG00000105639",754,10.5994,3.1511,3.3482,"OK"
"TCGA-LUSC","6bff99d4-8131-4e5f-8bc8-57bb4675d580","TCGA-63-7020-01A-11R-1949-07","TCGA-63-7020","Primary Tumor","EPHB2","ENSG00000133216",3241,24.8006,7.373,7.8343,"OK"
"TCGA-LUSC","4881f536-790c-4c1c-9c19-d1c00057664f","TCGA-68-8251-01A-11R-2296-07","TCGA-68-8251","Primary Tumor","JAK3","ENSG00000105639",4187,43.1092,12.3203,12.7551,"OK"
"TCGA-LUSC","4881f536-790c-4c1c-9c19-d1c00057664f","TCGA-68-8251-01A-11R-2296-07","TCGA-68-8251","Primary Tumor","EPHB2","ENSG00000133216",3669,20.563,5.8768,6.0842,"OK"
"TCGA-LUSC","6d233871-9022-4a62-b7b2-00f43f645421","TCGA-51-6867-01A-11R-2045-07","TCGA-51-6867","Primary Tumor","JAK3","ENSG00000105639",1367,11.8106,3.1287,3.1104,"OK"
"TCGA-LUSC","6d233871-9022-4a62-b7b2-00f43f645421","TCGA-51-6867-01A-11R-2045-07","TCGA-51-6867","Primary Tumor","EPHB2","ENSG00000133216",3511,16.5123,4.3742,4.3486,"OK"
"TCGA-LUSC","b6d66063-5c82-4be2-9355-1ba53abbb29b","TCGA-22-1005-01A-01R-0692-07","TCGA-22-1005","Primary Tumor","JAK3","ENSG00000105639",2700,17.6264,13.1016,14.1386,"OK"
"TCGA-LUSC","b6d66063-5c82-4be2-9355-1ba53abbb29b","TCGA-22-1005-01A-01R-0692-07","TCGA-22-1005","Primary Tumor","EPHB2","ENSG00000133216",1789,6.3574,4.7254,5.0995,"OK"
"TCGA-LUSC","e890955f-3a56-4ce0-a744-747b49c5b4cb","TCGA-66-2800-01A-01R-1201-07","TCGA-66-2800","Primary Tumor","JAK3","ENSG00000105639",828,8.9263,2.6844,2.6826,"OK"
"TCGA-LUSC","e890955f-3a56-4ce0-a744-747b49c5b4cb","TCGA-66-2800-01A-01R-1201-07","TCGA-66-2800","Primary Tumor","EPHB2","ENSG00000133216",919,5.393,1.6219,1.6208,"OK"
"TCGA-LUSC","c9dd0b68-5c32-4686-b1e7-535e7040a5aa","TCGA-43-A56U-01A-11R-A26W-07","TCGA-43-A56U","Primary Tumor","JAK3","ENSG00000105639",2951,21.5108,13.6248,12.9111,"OK"
"TCGA-LUSC","c9dd0b68-5c32-4686-b1e7-535e7040a5aa","TCGA-43-A56U-01A-11R-A26W-07","TCGA-43-A56U","Primary Tumor","EPHB2","ENSG00000133216",1435,5.6939,3.6065,3.4176,"OK"
"TCGA-LUSC","e1a0a027-6a72-4cb0-8324-cc661f18abe4","TCGA-37-4132-01A-01R-1100-07","TCGA-37-4132","Primary Tumor","JAK3","ENSG00000105639",789,5.4705,2.3952,2.5464,"OK"
"TCGA-LUSC","e1a0a027-6a72-4cb0-8324-cc661f18abe4","TCGA-37-4132-01A-01R-1100-07","TCGA-37-4132","Primary Tumor","EPHB2","ENSG00000133216",3605,13.6059,5.9573,6.3332,"OK"
"TCGA-LUSC","efae208a-2ce7-4cc4-9071-9192fcd6c668","TCGA-66-2755-01A-01R-0851-07","TCGA-66-2755","Primary Tumor","JAK3","ENSG00000105639",6328,53.973,15.7143,15.9929,"OK"
"TCGA-LUSC","efae208a-2ce7-4cc4-9071-9192fcd6c668","TCGA-66-2755-01A-01R-0851-07","TCGA-66-2755","Primary Tumor","EPHB2","ENSG00000133216",608,2.8228,0.8219,0.8364,"OK"
"TCGA-LUSC","c105286e-08ac-4988-85d3-41d5d9f5fdf5","TCGA-85-6798-01A-11R-1949-07","TCGA-85-6798","Primary Tumor","JAK3","ENSG00000105639",477,4.2262,1.2453,1.3667,"OK"
"TCGA-LUSC","c105286e-08ac-4988-85d3-41d5d9f5fdf5","TCGA-85-6798-01A-11R-1949-07","TCGA-85-6798","Primary Tumor","EPHB2","ENSG00000133216",2615,12.6118,3.7163,4.0786,"OK"
"TCGA-LUSC","7aec753d-4fad-42f3-a5f8-066ed421d069","TCGA-98-A538-01A-11R-A262-07","TCGA-98-A538","Primary Tumor","JAK3","ENSG00000105639",699,6.3807,1.9631,1.8832,"OK"
"TCGA-LUSC","7aec753d-4fad-42f3-a5f8-066ed421d069","TCGA-98-A538-01A-11R-A262-07","TCGA-98-A538","Primary Tumor","EPHB2","ENSG00000133216",772,3.8361,1.1802,1.1322,"OK"
"TCGA-LUSC","bd1636e9-49de-459a-acc6-4cb0c4a80c45","TCGA-34-5239-01A-21R-1820-07","TCGA-34-5239","Primary Tumor","JAK3","ENSG00000105639",10630,56.6198,17.3942,17.5876,"OK"
"TCGA-LUSC","bd1636e9-49de-459a-acc6-4cb0c4a80c45","TCGA-34-5239-01A-21R-1820-07","TCGA-34-5239","Primary Tumor","EPHB2","ENSG00000133216",4632,13.43,4.1258,4.1717,"OK"
"TCGA-LUSC","d849e09d-3614-435d-b257-8a895c0249ba","TCGA-56-8083-01A-11R-2247-07","TCGA-56-8083","Primary Tumor","JAK3","ENSG00000105639",455,7.6776,1.8169,1.6549,"OK"
"TCGA-LUSC","d849e09d-3614-435d-b257-8a895c0249ba","TCGA-56-8083-01A-11R-2247-07","TCGA-56-8083","Primary Tumor","EPHB2","ENSG00000133216",3262,29.962,7.0905,6.4582,"OK"
"TCGA-LUSC","badfeadb-409d-46e6-8070-94790893ae4c","TCGA-18-3408-01A-01R-0980-07","TCGA-18-3408","Primary Tumor","JAK3","ENSG00000105639",326,4.2996,1.3339,1.3914,"OK"
"TCGA-LUSC","badfeadb-409d-46e6-8070-94790893ae4c","TCGA-18-3408-01A-01R-0980-07","TCGA-18-3408","Primary Tumor","EPHB2","ENSG00000133216",241,1.7302,0.5368,0.5599,"OK"
"TCGA-LUSC","3b556c43-5216-41d8-93c3-bb4877918a6f","TCGA-46-3769-01A-01R-0980-07","TCGA-46-3769","Primary Tumor","JAK3","ENSG00000105639",1654,14.7665,4.3793,4.2887,"OK"
"TCGA-LUSC","3b556c43-5216-41d8-93c3-bb4877918a6f","TCGA-46-3769-01A-01R-0980-07","TCGA-46-3769","Primary Tumor","EPHB2","ENSG00000133216",7627,37.0655,10.9924,10.7652,"OK"
"TCGA-LUSC","d980f19b-9abc-4241-afd0-5c34092bf095","TCGA-39-5024-01A-21R-1820-07","TCGA-39-5024","Primary Tumor","JAK3","ENSG00000105639",1318,6.5215,2.2635,2.6939,"OK"
"TCGA-LUSC","d980f19b-9abc-4241-afd0-5c34092bf095","TCGA-39-5024-01A-21R-1820-07","TCGA-39-5024","Primary Tumor","EPHB2","ENSG00000133216",5568,14.997,5.2053,6.195,"OK"
"TCGA-LUSC","9f5a8a33-5ac2-4b29-b33b-8ed0c2750d24","TCGA-56-A4ZK-01A-11R-A262-07","TCGA-56-A4ZK","Primary Tumor","JAK3","ENSG00000105639",1675,17.2374,5.3115,5.0155,"OK"
"TCGA-LUSC","9f5a8a33-5ac2-4b29-b33b-8ed0c2750d24","TCGA-56-A4ZK-01A-11R-A262-07","TCGA-56-A4ZK","Primary Tumor","EPHB2","ENSG00000133216",1581,8.8565,2.729,2.5769,"OK"
"TCGA-LUSC","c02fdb09-ef01-4162-90dc-e42c0880bc34","TCGA-85-7844-01A-11R-2125-07","TCGA-85-7844","Primary Tumor","JAK3","ENSG00000105639",1306,11.3481,3.056,3.0345,"OK"
"TCGA-LUSC","c02fdb09-ef01-4162-90dc-e42c0880bc34","TCGA-85-7844-01A-11R-2125-07","TCGA-85-7844","Primary Tumor","EPHB2","ENSG00000133216",1622,7.6719,2.066,2.0515,"OK"
"TCGA-LUSC","404d7866-9cac-48fa-86e4-7215cad5cf27","TCGA-33-4582-01A-01R-1443-07","TCGA-33-4582","Primary Tumor","JAK3","ENSG00000105639",291,2.2938,0.8058,0.8746,"OK"
"TCGA-LUSC","404d7866-9cac-48fa-86e4-7215cad5cf27","TCGA-33-4582-01A-01R-1443-07","TCGA-33-4582","Primary Tumor","EPHB2","ENSG00000133216",148,0.635,0.2231,0.2421,"OK"
"TCGA-LUSC","2d135613-d5e9-41c8-af31-8c6ffe073f58","TCGA-58-8393-01A-11R-2326-07","TCGA-58-8393","Primary Tumor","JAK3","ENSG00000105639",2354,26.4398,7.401,7.4645,"OK"
"TCGA-LUSC","2d135613-d5e9-41c8-af31-8c6ffe073f58","TCGA-58-8393-01A-11R-2326-07","TCGA-58-8393","Primary Tumor","EPHB2","ENSG00000133216",1592,9.7335,2.7246,2.7479,"OK"
"TCGA-LUSC","e8a0217b-86ba-47ef-83f6-1673cd259aec","TCGA-98-A53D-01A-32R-A262-07","TCGA-98-A53D","Primary Tumor","JAK3","ENSG00000105639",2815,28.8869,8.8726,9.5811,"OK"
"TCGA-LUSC","e8a0217b-86ba-47ef-83f6-1673cd259aec","TCGA-98-A53D-01A-32R-A262-07","TCGA-98-A53D","Primary Tumor","EPHB2","ENSG00000133216",2047,11.4344,3.5121,3.7925,"OK"
"TCGA-LUSC","88072165-d1e1-4336-98e9-87188c8acc9b","TCGA-56-8628-01A-11R-2403-07","TCGA-56-8628","Primary Tumor","JAK3","ENSG00000105639",3083,43.0814,12.5602,12.3406,"OK"
"TCGA-LUSC","88072165-d1e1-4336-98e9-87188c8acc9b","TCGA-56-8628-01A-11R-2403-07","TCGA-56-8628","Primary Tumor","EPHB2","ENSG00000133216",454,3.4534,1.0068,0.9892,"OK"
"TCGA-LUSC","81e567b8-f914-4714-917d-df7d79d1b406","TCGA-58-A46L-01A-11R-A24H-07","TCGA-58-A46L","Primary Tumor","JAK3","ENSG00000105639",2851,18.5204,5.5088,5.526,"OK"
"TCGA-LUSC","81e567b8-f914-4714-917d-df7d79d1b406","TCGA-58-A46L-01A-11R-A24H-07","TCGA-58-A46L","Primary Tumor","EPHB2","ENSG00000133216",1080,3.819,1.1359,1.1395,"OK"
"TCGA-LUSC","74efe20f-a90d-4818-b633-9c8a100ce5a8","TCGA-39-5029-01A-01R-1443-07","TCGA-39-5029","Primary Tumor","JAK3","ENSG00000105639",1093,8.2712,2.8207,2.9613,"OK"
"TCGA-LUSC","74efe20f-a90d-4818-b633-9c8a100ce5a8","TCGA-39-5029-01A-01R-1443-07","TCGA-39-5029","Primary Tumor","EPHB2","ENSG00000133216",4266,17.5728,5.9928,6.2915,"OK"
"TCGA-LUSC","b770f87e-a9a9-4748-8649-86baf9629dad","TCGA-52-7811-01A-11R-2125-07","TCGA-52-7811","Primary Tumor","JAK3","ENSG00000105639",850,6.611,1.9947,2.1353,"OK"
"TCGA-LUSC","b770f87e-a9a9-4748-8649-86baf9629dad","TCGA-52-7811-01A-11R-2125-07","TCGA-52-7811","Primary Tumor","EPHB2","ENSG00000133216",1120,4.7417,1.4307,1.5315,"OK"
"TCGA-LUSC","304d1243-0103-4bf7-919a-5bef507adb93","TCGA-85-A4JB-01A-51R-A262-07","TCGA-85-A4JB","Primary Tumor","JAK3","ENSG00000105639",1280,14.2606,4.3911,4.1902,"OK"
"TCGA-LUSC","304d1243-0103-4bf7-919a-5bef507adb93","TCGA-85-A4JB-01A-51R-A262-07","TCGA-85-A4JB","Primary Tumor","EPHB2","ENSG00000133216",3643,22.0933,6.8029,6.4917,"OK"
"TCGA-LUSC","420d3651-43b4-4345-88dc-8973fb6a40b6","TCGA-56-8624-01A-11R-2403-07","TCGA-56-8624","Primary Tumor","JAK3","ENSG00000105639",584,7.0538,2.2445,2.4271,"OK"
"TCGA-LUSC","420d3651-43b4-4345-88dc-8973fb6a40b6","TCGA-56-8624-01A-11R-2403-07","TCGA-56-8624","Primary Tumor","EPHB2","ENSG00000133216",1186,7.7977,2.4812,2.683,"OK"
"TCGA-LUSC","bbd90b7b-3f75-463a-8ae6-1896cfa6e7d7","TCGA-43-6647-11A-01R-1820-07","TCGA-43-6647","Solid Tissue Normal","JAK3","ENSG00000105639",1349,7.5027,2.1117,2.3717,"OK"
"TCGA-LUSC","bbd90b7b-3f75-463a-8ae6-1896cfa6e7d7","TCGA-43-6647-11A-01R-1820-07","TCGA-43-6647","Solid Tissue Normal","EPHB2","ENSG00000133216",572,1.7317,0.4874,0.5474,"OK"
"TCGA-LUSC","df540788-5785-41f3-a43e-398aa9067664","TCGA-63-7023-01A-11R-1949-07","TCGA-63-7023","Primary Tumor","JAK3","ENSG00000105639",521,5.9434,1.6801,1.7196,"OK"
"TCGA-LUSC","df540788-5785-41f3-a43e-398aa9067664","TCGA-63-7023-01A-11R-1949-07","TCGA-63-7023","Primary Tumor","EPHB2","ENSG00000133216",308,1.9126,0.5407,0.5534,"OK"
"TCGA-LUSC","32c01bbe-737b-41c0-804a-4f620ffae75e","TCGA-NC-A5HO-01A-11R-A26W-07","TCGA-NC-A5HO","Primary Tumor","JAK3","ENSG00000105639",383,6.3466,2.173,2.3207,"OK"
"TCGA-LUSC","32c01bbe-737b-41c0-804a-4f620ffae75e","TCGA-NC-A5HO-01A-11R-A26W-07","TCGA-NC-A5HO","Primary Tumor","EPHB2","ENSG00000133216",204,1.8401,0.63,0.6729,"OK"
"TCGA-LUSC","bc21ab3f-b9bb-4455-ba3b-24cb753672d6","TCGA-77-8153-01A-11R-2403-07","TCGA-77-8153","Primary Tumor","JAK3","ENSG00000105639",391,5.3403,1.5481,1.4835,"OK"
"TCGA-LUSC","bc21ab3f-b9bb-4455-ba3b-24cb753672d6","TCGA-77-8153-01A-11R-2403-07","TCGA-77-8153","Primary Tumor","EPHB2","ENSG00000133216",870,6.4682,1.8751,1.7968,"OK"
"TCGA-LUSC","ecfc7942-e9ba-44ca-a219-9ba06b28b570","TCGA-77-8008-11A-01R-2187-07","TCGA-77-8008","Solid Tissue Normal","JAK3","ENSG00000105639",3671,27.999,8.4876,8.8737,"OK"
"TCGA-LUSC","ecfc7942-e9ba-44ca-a219-9ba06b28b570","TCGA-77-8008-11A-01R-2187-07","TCGA-77-8008","Solid Tissue Normal","EPHB2","ENSG00000133216",1603,6.6552,2.0175,2.1092,"OK"
"TCGA-LUSC","51b77f56-8fbe-461f-8bfa-e27442045ea6","TCGA-60-2719-01A-01R-0851-07","TCGA-60-2719","Primary Tumor","JAK3","ENSG00000105639",915,7.1368,2.0609,2.0571,"OK"
"TCGA-LUSC","51b77f56-8fbe-461f-8bfa-e27442045ea6","TCGA-60-2719-01A-01R-0851-07","TCGA-60-2719","Primary Tumor","EPHB2","ENSG00000133216",989,4.1991,1.2125,1.2103,"OK"
"TCGA-LUSC","868f6883-6e7b-4565-ae15-813e282d8635","TCGA-56-7823-11A-01R-2247-07","TCGA-56-7823","Solid Tissue Normal","JAK3","ENSG00000105639",1102,10.8026,3.0889,3.2155,"OK"
"TCGA-LUSC","868f6883-6e7b-4565-ae15-813e282d8635","TCGA-56-7823-11A-01R-2247-07","TCGA-56-7823","Solid Tissue Normal","EPHB2","ENSG00000133216",352,1.8783,0.5371,0.5591,"OK"
"TCGA-LUSC","a9a84990-9ace-401d-989c-5167dd1f5efe","TCGA-90-7769-01A-11R-2125-07","TCGA-90-7769","Primary Tumor","JAK3","ENSG00000105639",418,3.1393,1.0098,1.1167,"OK"
"TCGA-LUSC","a9a84990-9ace-401d-989c-5167dd1f5efe","TCGA-90-7769-01A-11R-2125-07","TCGA-90-7769","Primary Tumor","EPHB2","ENSG00000133216",363,1.484,0.4773,0.5279,"OK"
"TCGA-LUSC","89651118-9b55-44a9-a05f-d1b9cee5271c","TCGA-34-2596-01A-01R-0851-07","TCGA-34-2596","Primary Tumor","JAK3","ENSG00000105639",1516,13.8392,3.9051,4.0511,"OK"
"TCGA-LUSC","89651118-9b55-44a9-a05f-d1b9cee5271c","TCGA-34-2596-01A-01R-0851-07","TCGA-34-2596","Primary Tumor","EPHB2","ENSG00000133216",1850,9.1929,2.594,2.691,"OK"
"TCGA-LUSC","723a8c8e-03e4-4f77-9944-f0c4a42ec3ce","TCGA-85-8580-01A-31R-2403-07","TCGA-85-8580","Primary Tumor","JAK3","ENSG00000105639",992,13.9226,4.2803,4.0787,"OK"
"TCGA-LUSC","723a8c8e-03e4-4f77-9944-f0c4a42ec3ce","TCGA-85-8580-01A-31R-2403-07","TCGA-85-8580","Primary Tumor","EPHB2","ENSG00000133216",1249,9.5421,2.9336,2.7954,"OK"
"TCGA-LUSC","8f5bb09d-e15a-4938-aad1-85c1b2d79af9","TCGA-77-8144-01A-11R-2247-07","TCGA-77-8144","Primary Tumor","JAK3","ENSG00000105639",351,3.7221,1.0896,1.2174,"OK"
"TCGA-LUSC","8f5bb09d-e15a-4938-aad1-85c1b2d79af9","TCGA-77-8144-01A-11R-2247-07","TCGA-77-8144","Primary Tumor","EPHB2","ENSG00000133216",643,3.7117,1.0866,1.2139,"OK"
"TCGA-LUSC","eff6c35a-c977-41f4-953a-eb20227991f4","TCGA-66-2754-01A-01R-0980-07","TCGA-66-2754","Primary Tumor","JAK3","ENSG00000105639",200,2.1614,0.6473,0.6404,"OK"
"TCGA-LUSC","eff6c35a-c977-41f4-953a-eb20227991f4","TCGA-66-2754-01A-01R-0980-07","TCGA-66-2754","Primary Tumor","EPHB2","ENSG00000133216",140,0.8236,0.2466,0.244,"OK"
"TCGA-LUSC","966cba2c-ca26-4861-8ed6-d6682511000a","TCGA-90-A59Q-01A-11R-A26W-07","TCGA-90-A59Q","Primary Tumor","JAK3","ENSG00000105639",2738,23.7733,11.1421,11.539,"OK"
"TCGA-LUSC","966cba2c-ca26-4861-8ed6-d6682511000a","TCGA-90-A59Q-01A-11R-A26W-07","TCGA-90-A59Q","Primary Tumor","EPHB2","ENSG00000133216",1944,9.1881,4.3063,4.4597,"OK"
"TCGA-LUSC","9f6308ed-98f2-44cf-b3de-b534ccf808f9","TCGA-85-A50M-01A-21R-A262-07","TCGA-85-A50M","Primary Tumor","JAK3","ENSG00000105639",1079,11.24,3.1884,3.2147,"OK"
"TCGA-LUSC","9f6308ed-98f2-44cf-b3de-b534ccf808f9","TCGA-85-A50M-01A-21R-A262-07","TCGA-85-A50M","Primary Tumor","EPHB2","ENSG00000133216",10859,61.5753,17.4666,17.6107,"OK"
"TCGA-LUSC","f514f386-f7e8-4771-8d22-48430740328e","TCGA-85-8479-01A-11R-2326-07","TCGA-85-8479","Primary Tumor","JAK3","ENSG00000105639",982,9.5377,3.0157,3.254,"OK"
"TCGA-LUSC","f514f386-f7e8-4771-8d22-48430740328e","TCGA-85-8479-01A-11R-2326-07","TCGA-85-8479","Primary Tumor","EPHB2","ENSG00000133216",723,3.8225,1.2086,1.3041,"OK"
"TCGA-LUSC","6856eeab-2013-4450-a936-fd647bde89ae","TCGA-85-7698-01A-11R-2125-07","TCGA-85-7698","Primary Tumor","JAK3","ENSG00000105639",1735,13.6365,3.8775,3.8261,"OK"
"TCGA-LUSC","6856eeab-2013-4450-a936-fd647bde89ae","TCGA-85-7698-01A-11R-2125-07","TCGA-85-7698","Primary Tumor","EPHB2","ENSG00000133216",1470,6.2892,1.7883,1.7646,"OK"
"TCGA-LUSC","021326fa-7b6c-45c0-b078-4646c2260068","TCGA-56-8304-01A-11R-2326-07","TCGA-56-8304","Primary Tumor","JAK3","ENSG00000105639",501,4.728,1.8497,2.0754,"OK"
"TCGA-LUSC","021326fa-7b6c-45c0-b078-4646c2260068","TCGA-56-8304-01A-11R-2326-07","TCGA-56-8304","Primary Tumor","EPHB2","ENSG00000133216",147,0.7551,0.2954,0.3315,"OK"
"TCGA-LUSC","a5101858-cab5-42b7-af4f-6f75dd62c36c","TCGA-85-8350-01A-11R-2296-07","TCGA-85-8350","Primary Tumor","JAK3","ENSG00000105639",1805,20.378,6.013,6.1947,"OK"
"TCGA-LUSC","a5101858-cab5-42b7-af4f-6f75dd62c36c","TCGA-85-8350-01A-11R-2296-07","TCGA-85-8350","Primary Tumor","EPHB2","ENSG00000133216",3747,23.0272,6.7947,7.0001,"OK"
"TCGA-LUSC","28e41191-6834-4284-b960-d898ad7b3a99","TCGA-92-7340-11A-01R-2045-07","TCGA-92-7340","Solid Tissue Normal","JAK3","ENSG00000105639",1129,9.2999,2.3531,2.4183,"OK"
"TCGA-LUSC","28e41191-6834-4284-b960-d898ad7b3a99","TCGA-92-7340-11A-01R-2045-07","TCGA-92-7340","Solid Tissue Normal","EPHB2","ENSG00000133216",461,2.0671,0.523,0.5375,"OK"
"TCGA-LUSC","31f07873-2605-4964-92ee-d93616655ef8","TCGA-98-8022-01A-11R-2247-07","TCGA-98-8022","Primary Tumor","JAK3","ENSG00000105639",641,9.0287,3.129,3.0634,"OK"
"TCGA-LUSC","31f07873-2605-4964-92ee-d93616655ef8","TCGA-98-8022-01A-11R-2247-07","TCGA-98-8022","Primary Tumor","EPHB2","ENSG00000133216",4529,34.7249,12.0343,11.782,"OK"
"TCGA-LUSC","e63161c7-b824-4056-8eae-682861e88edb","TCGA-56-5897-01A-11R-1635-07","TCGA-56-5897","Primary Tumor","JAK3","ENSG00000105639",2439,15.9759,5.8784,6.4077,"OK"
"TCGA-LUSC","e63161c7-b824-4056-8eae-682861e88edb","TCGA-56-5897-01A-11R-1635-07","TCGA-56-5897","Primary Tumor","EPHB2","ENSG00000133216",4028,14.3621,5.2846,5.7604,"OK"
"TCGA-LUSC","7defae79-1d7b-4e15-b72b-393cf175da0e","TCGA-66-2753-01A-01R-0980-07","TCGA-66-2753","Primary Tumor","JAK3","ENSG00000105639",1083,9.2508,2.5799,2.6412,"OK"
"TCGA-LUSC","7defae79-1d7b-4e15-b72b-393cf175da0e","TCGA-66-2753-01A-01R-0980-07","TCGA-66-2753","Primary Tumor","EPHB2","ENSG00000133216",558,2.5945,0.7236,0.7408,"OK"
"TCGA-LUSC","1c31bd56-1ce8-4276-a063-064c6d74033a","TCGA-22-5483-01A-01R-1820-07","TCGA-22-5483","Primary Tumor","JAK3","ENSG00000105639",1457,8.4838,2.388,2.4421,"OK"
"TCGA-LUSC","1c31bd56-1ce8-4276-a063-064c6d74033a","TCGA-22-5483-01A-01R-1820-07","TCGA-22-5483","Primary Tumor","EPHB2","ENSG00000133216",1484,4.7037,1.324,1.354,"OK"
"TCGA-LUSC","ab2a89cd-3706-4aa5-9d93-e32fc904c51d","TCGA-34-2600-01A-01R-0851-07","TCGA-34-2600","Primary Tumor","JAK3","ENSG00000105639",602,5.9749,1.7049,1.787,"OK"
"TCGA-LUSC","ab2a89cd-3706-4aa5-9d93-e32fc904c51d","TCGA-34-2600-01A-01R-0851-07","TCGA-34-2600","Primary Tumor","EPHB2","ENSG00000133216",149,0.805,0.2297,0.2408,"OK"
"TCGA-LUSC","f19f38a0-9e3b-4d6d-be42-62671c5a7f63","TCGA-77-7337-01A-21R-2045-07","TCGA-77-7337","Primary Tumor","JAK3","ENSG00000105639",904,7.544,2.0994,2.2706,"OK"
"TCGA-LUSC","f19f38a0-9e3b-4d6d-be42-62671c5a7f63","TCGA-77-7337-01A-21R-2045-07","TCGA-77-7337","Primary Tumor","EPHB2","ENSG00000133216",7148,32.4707,9.0361,9.7729,"OK"
"TCGA-LUSC","72f1c7d8-ed9b-4d97-abaa-5c4d6478542f","TCGA-66-2785-01A-01R-0851-07","TCGA-66-2785","Primary Tumor","JAK3","ENSG00000105639",3395,24.4513,9.4023,10.1954,"OK"
"TCGA-LUSC","72f1c7d8-ed9b-4d97-abaa-5c4d6478542f","TCGA-66-2785-01A-01R-0851-07","TCGA-66-2785","Primary Tumor","EPHB2","ENSG00000133216",1636,6.4139,2.4663,2.6744,"OK"
"TCGA-LUSC","044d098e-c65f-4152-8939-3c315aed0073","TCGA-60-2712-01A-01R-0851-07","TCGA-60-2712","Primary Tumor","JAK3","ENSG00000105639",6348,35.8236,17.8914,19.0895,"OK"
"TCGA-LUSC","044d098e-c65f-4152-8939-3c315aed0073","TCGA-60-2712-01A-01R-0851-07","TCGA-60-2712","Primary Tumor","EPHB2","ENSG00000133216",1475,4.531,2.2629,2.4145,"OK"
"TCGA-LUSC","f95d3d81-2433-4018-a042-f24b9f04946a","TCGA-56-7221-01A-11R-2045-07","TCGA-56-7221","Primary Tumor","JAK3","ENSG00000105639",290,1.9406,0.6398,0.6794,"OK"
"TCGA-LUSC","f95d3d81-2433-4018-a042-f24b9f04946a","TCGA-56-7221-01A-11R-2045-07","TCGA-56-7221","Primary Tumor","EPHB2","ENSG00000133216",268,0.9762,0.3219,0.3418,"OK"
"TCGA-LUSC","b7632f5d-e8ec-4dfb-8431-e9151bf7b451","TCGA-77-8138-01A-11R-2247-07","TCGA-77-8138","Primary Tumor","JAK3","ENSG00000105639",1111,15.6941,4.5185,5.035,"OK"
"TCGA-LUSC","b7632f5d-e8ec-4dfb-8431-e9151bf7b451","TCGA-77-8138-01A-11R-2247-07","TCGA-77-8138","Primary Tumor","EPHB2","ENSG00000133216",7784,59.8547,17.2328,19.2027,"OK"
"TCGA-LUSC","be19e560-e5b5-4cf2-aba3-295335d046c9","TCGA-43-2576-01A-01R-A32Z-07","TCGA-43-2576","Primary Tumor","JAK3","ENSG00000105639",1490,11.6199,5.5457,6.3252,"OK"
"TCGA-LUSC","be19e560-e5b5-4cf2-aba3-295335d046c9","TCGA-43-2576-01A-01R-A32Z-07","TCGA-43-2576","Primary Tumor","EPHB2","ENSG00000133216",1937,8.2228,3.9244,4.476,"OK"
"TCGA-LUSC","4236170e-67b4-4bd7-badd-4fcba557d0e3","TCGA-43-7657-01A-31R-2125-07","TCGA-43-7657","Primary Tumor","JAK3","ENSG00000105639",346,2.916,0.7992,0.8523,"OK"
"TCGA-LUSC","4236170e-67b4-4bd7-badd-4fcba557d0e3","TCGA-43-7657-01A-31R-2125-07","TCGA-43-7657","Primary Tumor","EPHB2","ENSG00000133216",1976,9.0651,2.4846,2.6496,"OK"
"TCGA-LUSC","78af8cfb-23d2-442d-8439-f1862906f3e2","TCGA-60-2710-01A-01R-0851-07","TCGA-60-2710","Primary Tumor","JAK3","ENSG00000105639",1448,12.3456,3.3198,3.352,"OK"
"TCGA-LUSC","78af8cfb-23d2-442d-8439-f1862906f3e2","TCGA-60-2710-01A-01R-0851-07","TCGA-60-2710","Primary Tumor","EPHB2","ENSG00000133216",2088,9.6905,2.6058,2.6311,"OK"
"TCGA-LUSC","fc8ef0dc-9a48-4eba-aeb6-9eec106739ca","TCGA-22-5472-11A-11R-1635-07","TCGA-22-5472","Solid Tissue Normal","JAK3","ENSG00000105639",1719,11.0001,2.9277,3.1611,"OK"
"TCGA-LUSC","fc8ef0dc-9a48-4eba-aeb6-9eec106739ca","TCGA-22-5472-11A-11R-1635-07","TCGA-22-5472","Solid Tissue Normal","EPHB2","ENSG00000133216",1267,4.4134,1.1746,1.2683,"OK"
"TCGA-LUSC","fb103781-9cee-4e30-a864-3d4e9c5b32ae","TCGA-33-4589-01A-01R-1443-07","TCGA-33-4589","Primary Tumor","JAK3","ENSG00000105639",142,1.0266,0.4418,0.6622,"OK"
"TCGA-LUSC","fb103781-9cee-4e30-a864-3d4e9c5b32ae","TCGA-33-4589-01A-01R-1443-07","TCGA-33-4589","Primary Tumor","EPHB2","ENSG00000133216",1600,6.2965,2.7098,4.0617,"OK"
"TCGA-LUSC","cd2cc3a1-d721-4ce9-a62d-c99db2e4ce77","TCGA-21-1070-01A-01R-A96U-41","TCGA-21-1070","Primary Tumor","JAK3","ENSG00000105639",4817,26.0283,13.3538,12.8744,"OK"
"TCGA-LUSC","cd2cc3a1-d721-4ce9-a62d-c99db2e4ce77","TCGA-21-1070-01A-01R-A96U-41","TCGA-21-1070","Primary Tumor","EPHB2","ENSG00000133216",4127,12.1388,6.2278,6.0042,"OK"
"TCGA-LUSC","3c03e4c3-c684-40c4-9d0f-9f6e36493ae1","TCGA-94-7943-01A-11R-2187-07","TCGA-94-7943","Primary Tumor","JAK3","ENSG00000105639",1165,8.917,2.7885,2.8719,"OK"
"TCGA-LUSC","3c03e4c3-c684-40c4-9d0f-9f6e36493ae1","TCGA-94-7943-01A-11R-2187-07","TCGA-94-7943","Primary Tumor","EPHB2","ENSG00000133216",3487,14.5285,4.5432,4.6791,"OK"
"TCGA-LUSC","b77287b2-6fef-4978-a682-ccf09f1e781a","TCGA-90-6837-11A-01R-1949-07","TCGA-90-6837","Solid Tissue Normal","JAK3","ENSG00000105639",679,4.9699,1.2782,1.4353,"OK"
"TCGA-LUSC","b77287b2-6fef-4978-a682-ccf09f1e781a","TCGA-90-6837-11A-01R-1949-07","TCGA-90-6837","Solid Tissue Normal","EPHB2","ENSG00000133216",975,3.8847,0.9991,1.1219,"OK"
"TCGA-LUSC","5d703777-b3db-4ed5-952b-203a5641767e","TCGA-18-3410-01A-01R-0980-07","TCGA-18-3410","Primary Tumor","JAK3","ENSG00000105639",10519,94.0633,29.3018,28.397,"OK"
"TCGA-LUSC","5d703777-b3db-4ed5-952b-203a5641767e","TCGA-18-3410-01A-01R-0980-07","TCGA-18-3410","Primary Tumor","EPHB2","ENSG00000133216",5080,24.7276,7.7029,7.4651,"OK"
"TCGA-LUSC","84bb43ac-afd4-4f2b-aeee-bdbe0d2e8d88","TCGA-22-5479-01A-31R-1949-07","TCGA-22-5479","Primary Tumor","JAK3","ENSG00000105639",704,5.9692,2.1153,2.2645,"OK"
"TCGA-LUSC","84bb43ac-afd4-4f2b-aeee-bdbe0d2e8d88","TCGA-22-5479-01A-31R-1949-07","TCGA-22-5479","Primary Tumor","EPHB2","ENSG00000133216",422,1.9477,0.6902,0.7389,"OK"
"TCGA-LUSC","6babd1cf-b5e2-4a88-bcfa-b1a2da49f768","TCGA-37-3789-01A-01R-0980-07","TCGA-37-3789","Primary Tumor","JAK3","ENSG00000105639",1304,11.4473,3.4703,3.6843,"OK"
"TCGA-LUSC","6babd1cf-b5e2-4a88-bcfa-b1a2da49f768","TCGA-37-3789-01A-01R-0980-07","TCGA-37-3789","Primary Tumor","EPHB2","ENSG00000133216",1646,7.8655,2.3844,2.5315,"OK"
"TCGA-LUSC","af4b1495-7078-4042-8d0d-1769b7dcc53d","TCGA-XC-AA0X-01A-32R-A405-07","TCGA-XC-AA0X","Primary Tumor","JAK3","ENSG00000105639",1877,21.0472,6.9336,6.9406,"OK"
"TCGA-LUSC","af4b1495-7078-4042-8d0d-1769b7dcc53d","TCGA-XC-AA0X-01A-32R-A405-07","TCGA-XC-AA0X","Primary Tumor","EPHB2","ENSG00000133216",809,4.938,1.6267,1.6284,"OK"
"TCGA-LUSC","0d93aa2b-c0f1-495c-8c73-68719d0e8b4e","TCGA-63-A5ML-01A-31R-A27Q-07","TCGA-63-A5ML","Primary Tumor","JAK3","ENSG00000105639",678,10.1907,2.6899,2.5387,"OK"
"TCGA-LUSC","0d93aa2b-c0f1-495c-8c73-68719d0e8b4e","TCGA-63-A5ML-01A-31R-A27Q-07","TCGA-63-A5ML","Primary Tumor","EPHB2","ENSG00000133216",1919,15.7008,4.1443,3.9113,"OK"
"TCGA-LUSC","46211d46-b4da-43ed-8b36-abbed4f4f27e","TCGA-77-7138-11A-01R-2045-07","TCGA-77-7138","Solid Tissue Normal","JAK3","ENSG00000105639",1179,9.8385,2.8161,2.9976,"OK"
"TCGA-LUSC","46211d46-b4da-43ed-8b36-abbed4f4f27e","TCGA-77-7138-11A-01R-2045-07","TCGA-77-7138","Solid Tissue Normal","EPHB2","ENSG00000133216",373,1.6943,0.485,0.5162,"OK"
"TCGA-LUSC","4ca257ea-95ef-4881-8ab5-cd3ee88dbb6d","TCGA-58-A46N-01A-11R-A24H-07","TCGA-58-A46N","Primary Tumor","JAK3","ENSG00000105639",275,3.2051,0.9194,0.9242,"OK"
"TCGA-LUSC","4ca257ea-95ef-4881-8ab5-cd3ee88dbb6d","TCGA-58-A46N-01A-11R-A24H-07","TCGA-58-A46N","Primary Tumor","EPHB2","ENSG00000133216",1831,11.6162,3.3324,3.3495,"OK"
"TCGA-LUSC","3f734a27-3086-492f-9e13-eab18d41fed3","TCGA-68-7756-01A-11R-2125-07","TCGA-68-7756","Primary Tumor","JAK3","ENSG00000105639",835,6.0522,1.7645,1.9103,"OK"
"TCGA-LUSC","3f734a27-3086-492f-9e13-eab18d41fed3","TCGA-68-7756-01A-11R-2125-07","TCGA-68-7756","Primary Tumor","EPHB2","ENSG00000133216",3968,15.6558,4.5644,4.9416,"OK"
"TCGA-LUSC","86d50377-58c8-4653-8e0b-2fa840c10a3e","TCGA-77-8007-01A-11R-2187-07","TCGA-77-8007","Primary Tumor","JAK3","ENSG00000105639",2964,21.4748,5.8289,5.8304,"OK"
"TCGA-LUSC","86d50377-58c8-4653-8e0b-2fa840c10a3e","TCGA-77-8007-01A-11R-2187-07","TCGA-77-8007","Primary Tumor","EPHB2","ENSG00000133216",9899,39.0404,10.5967,10.5995,"OK"
"TCGA-LUSC","d532537c-a2dd-41c1-ac55-1eb15ac1245e","TCGA-77-8007-11A-01R-2187-07","TCGA-77-8007","Solid Tissue Normal","JAK3","ENSG00000105639",2332,16.5225,5.255,6.1813,"OK"
"TCGA-LUSC","d532537c-a2dd-41c1-ac55-1eb15ac1245e","TCGA-77-8007-11A-01R-2187-07","TCGA-77-8007","Solid Tissue Normal","EPHB2","ENSG00000133216",1171,4.5162,1.4364,1.6896,"OK"
"TCGA-LUSC","da8679e6-96fc-4874-83c8-a3e3b0fe20d4","TCGA-21-A5DI-01A-31R-A26W-07","TCGA-21-A5DI","Primary Tumor","JAK3","ENSG00000105639",606,10.1146,2.9398,3.0167,"OK"
"TCGA-LUSC","da8679e6-96fc-4874-83c8-a3e3b0fe20d4","TCGA-21-A5DI-01A-31R-A26W-07","TCGA-21-A5DI","Primary Tumor","EPHB2","ENSG00000133216",819,7.4411,2.1627,2.2193,"OK"
"TCGA-LUSC","c67f194f-0c71-4835-801c-5b6da7a583ef","TCGA-43-7657-11A-01R-2125-07","TCGA-43-7657","Solid Tissue Normal","JAK3","ENSG00000105639",1140,8.5229,2.5824,2.7611,"OK"
"TCGA-LUSC","c67f194f-0c71-4835-801c-5b6da7a583ef","TCGA-43-7657-11A-01R-2125-07","TCGA-43-7657","Solid Tissue Normal","EPHB2","ENSG00000133216",924,3.7603,1.1394,1.2182,"OK"
"TCGA-LUSC","c10c6664-2b6f-4486-ae42-d754656c2538","TCGA-22-5472-01A-01R-1635-07","TCGA-22-5472","Primary Tumor","JAK3","ENSG00000105639",1080,10.4543,2.7941,2.697,"OK"
"TCGA-LUSC","c10c6664-2b6f-4486-ae42-d754656c2538","TCGA-22-5472-01A-01R-1635-07","TCGA-22-5472","Primary Tumor","EPHB2","ENSG00000133216",2187,11.5237,3.08,2.9729,"OK"
"TCGA-LUSC","7909042c-47f9-4f3a-9591-71f8856a571d","TCGA-68-8250-01A-11R-2296-07","TCGA-68-8250","Primary Tumor","JAK3","ENSG00000105639",918,10.3533,2.9661,2.9677,"OK"
"TCGA-LUSC","7909042c-47f9-4f3a-9591-71f8856a571d","TCGA-68-8250-01A-11R-2296-07","TCGA-68-8250","Primary Tumor","EPHB2","ENSG00000133216",1247,7.6555,2.1933,2.1944,"OK"
"TCGA-LUSC","94cab1e2-dcd6-43b7-b359-75b0c4a485ba","TCGA-94-7033-01A-11R-1949-07","TCGA-94-7033","Primary Tumor","JAK3","ENSG00000105639",524,3.4239,1.3626,1.6203,"OK"
"TCGA-LUSC","94cab1e2-dcd6-43b7-b359-75b0c4a485ba","TCGA-94-7033-01A-11R-1949-07","TCGA-94-7033","Primary Tumor","EPHB2","ENSG00000133216",2569,9.1375,3.6363,4.3241,"OK"
"TCGA-LUSC","7da3a15e-9911-4429-98e7-d7ee03d7ad7f","TCGA-60-2695-01A-01R-0851-07","TCGA-60-2695","Primary Tumor","JAK3","ENSG00000105639",1330,12.1191,3.373,3.1248,"OK"
"TCGA-LUSC","7da3a15e-9911-4429-98e7-d7ee03d7ad7f","TCGA-60-2695-01A-01R-0851-07","TCGA-60-2695","Primary Tumor","EPHB2","ENSG00000133216",10576,52.458,14.6001,13.526,"OK"
"TCGA-LUSC","1cda41ee-8fba-45c4-b1ba-14f5844ace4a","TCGA-22-1017-01A-01R-0692-07","TCGA-22-1017","Primary Tumor","JAK3","ENSG00000105639",1639,14.8604,4.4954,4.6309,"OK"
"TCGA-LUSC","1cda41ee-8fba-45c4-b1ba-14f5844ace4a","TCGA-22-1017-01A-01R-0692-07","TCGA-22-1017","Primary Tumor","EPHB2","ENSG00000133216",966,4.7676,1.4422,1.4857,"OK"
"TCGA-LUSC","48d7da30-c7d4-4dfa-aab4-0f9a0fdc05af","TCGA-60-2697-01A-11R-2125-07","TCGA-60-2697","Primary Tumor","JAK3","ENSG00000105639",6272,38.4843,16.8165,16.6235,"OK"
"TCGA-LUSC","48d7da30-c7d4-4dfa-aab4-0f9a0fdc05af","TCGA-60-2697-01A-11R-2125-07","TCGA-60-2697","Primary Tumor","EPHB2","ENSG00000133216",2215,7.3982,3.2328,3.1957,"OK"
"TCGA-LUSC","00bc0fe4-481a-4893-b57e-d5113a6bcce2","TCGA-33-6737-01A-11R-1820-07","TCGA-33-6737","Primary Tumor","JAK3","ENSG00000105639",1467,7.2876,2.5885,3.2156,"OK"
"TCGA-LUSC","00bc0fe4-481a-4893-b57e-d5113a6bcce2","TCGA-33-6737-01A-11R-1820-07","TCGA-33-6737","Primary Tumor","EPHB2","ENSG00000133216",615,1.663,0.5907,0.7338,"OK"
"TCGA-LUSC","52a4b995-1a94-4d89-9ff5-ca22b658c6d4","TCGA-33-6737-11A-01R-1820-07","TCGA-33-6737","Solid Tissue Normal","JAK3","ENSG00000105639",1416,11.8741,3.2235,3.4641,"OK"
"TCGA-LUSC","52a4b995-1a94-4d89-9ff5-ca22b658c6d4","TCGA-33-6737-11A-01R-1820-07","TCGA-33-6737","Solid Tissue Normal","EPHB2","ENSG00000133216",567,2.5882,0.7026,0.7551,"OK"
"TCGA-LUSC","e67aefdf-0c86-4390-aee1-2774d24c6cd1","TCGA-90-6837-01A-11R-1949-07","TCGA-90-6837","Primary Tumor","JAK3","ENSG00000105639",1613,10.2824,4.0576,4.8686,"OK"
"TCGA-LUSC","e67aefdf-0c86-4390-aee1-2774d24c6cd1","TCGA-90-6837-01A-11R-1949-07","TCGA-90-6837","Primary Tumor","EPHB2","ENSG00000133216",676,2.3457,0.9257,1.1107,"OK"
"TCGA-LUSC","afcab3fd-65b3-463a-86c7-ca84d580db00","TCGA-22-5471-11A-01R-1635-07","TCGA-22-5471","Solid Tissue Normal","JAK3","ENSG00000105639",350,3.1876,0.9414,1.0629,"OK"
"TCGA-LUSC","afcab3fd-65b3-463a-86c7-ca84d580db00","TCGA-22-5471-11A-01R-1635-07","TCGA-22-5471","Solid Tissue Normal","EPHB2","ENSG00000133216",313,1.5517,0.4583,0.5174,"OK"
"TCGA-LUSC","7a9de79e-7eaf-41f3-b7fd-bd59cbf64443","TCGA-22-5471-01A-01R-1635-07","TCGA-22-5471","Primary Tumor","JAK3","ENSG00000105639",2191,16.1919,5.463,5.9539,"OK"
"TCGA-LUSC","7a9de79e-7eaf-41f3-b7fd-bd59cbf64443","TCGA-22-5471-01A-01R-1635-07","TCGA-22-5471","Primary Tumor","EPHB2","ENSG00000133216",1211,4.8716,1.6436,1.7913,"OK"
"TCGA-LUSC","7b27b23a-d94c-4a9e-bf22-d8209a4bc6ef","TCGA-18-3417-01A-01R-1443-07","TCGA-18-3417","Primary Tumor","JAK3","ENSG00000105639",211,4.1783,1.4249,1.7924,"OK"
"TCGA-LUSC","7b27b23a-d94c-4a9e-bf22-d8209a4bc6ef","TCGA-18-3417-01A-01R-1443-07","TCGA-18-3417","Primary Tumor","EPHB2","ENSG00000133216",484,5.2172,1.7792,2.2381,"OK"
"TCGA-LUSC","61e08327-b344-426c-83f6-4669fa77c3d6","TCGA-NC-A5HN-01A-11R-A26W-07","TCGA-NC-A5HN","Primary Tumor","JAK3","ENSG00000105639",675,6.1979,1.9352,2.0227,"OK"
"TCGA-LUSC","61e08327-b344-426c-83f6-4669fa77c3d6","TCGA-NC-A5HN-01A-11R-A26W-07","TCGA-NC-A5HN","Primary Tumor","EPHB2","ENSG00000133216",19,0.095,0.0297,0.031,"OK"
"TCGA-LUSC","42afded2-aa23-4f7f-b86f-ac47b324db1d","TCGA-66-2788-01A-01R-0980-07","TCGA-66-2788","Primary Tumor","JAK3","ENSG00000105639",1265,9.9546,3.4181,3.5856,"OK"
"TCGA-LUSC","42afded2-aa23-4f7f-b86f-ac47b324db1d","TCGA-66-2788-01A-01R-0980-07","TCGA-66-2788","Primary Tumor","EPHB2","ENSG00000133216",1856,7.9503,2.7299,2.8637,"OK"
"TCGA-LUSC","a51aca71-6bfd-4c02-86e2-cb8a1da7595d","TCGA-60-2713-01A-01R-0851-07","TCGA-60-2713","Primary Tumor","JAK3","ENSG00000105639",2605,18.5014,5.4353,5.4262,"OK"
"TCGA-LUSC","a51aca71-6bfd-4c02-86e2-cb8a1da7595d","TCGA-60-2713-01A-01R-0851-07","TCGA-60-2713","Primary Tumor","EPHB2","ENSG00000133216",595,2.3003,0.6758,0.6747,"OK"
"TCGA-LUSC","b34c57e4-8afb-4b20-8634-dd38e8e7828d","TCGA-22-5473-01A-01R-1635-07","TCGA-22-5473","Primary Tumor","JAK3","ENSG00000105639",632,4.7649,1.3728,1.5027,"OK"
"TCGA-LUSC","b34c57e4-8afb-4b20-8634-dd38e8e7828d","TCGA-22-5473-01A-01R-1635-07","TCGA-22-5473","Primary Tumor","EPHB2","ENSG00000133216",1121,4.6006,1.3255,1.4509,"OK"
"TCGA-LUSC","0811dae6-0c8d-42cf-9384-81649d072407","TCGA-56-7822-01A-11R-2125-07","TCGA-56-7822","Primary Tumor","JAK3","ENSG00000105639",407,3.431,1.0046,1.1948,"OK"
"TCGA-LUSC","0811dae6-0c8d-42cf-9384-81649d072407","TCGA-56-7822-01A-11R-2125-07","TCGA-56-7822","Primary Tumor","EPHB2","ENSG00000133216",2538,11.6465,3.4102,4.0557,"OK"
"TCGA-LUSC","26fc2982-0376-40d8-8829-50a6d8c71b85","TCGA-NK-A5CT-01A-31R-A26W-07","TCGA-NK-A5CT","Primary Tumor","JAK3","ENSG00000105639",592,6.9631,2.0666,2.2572,"OK"
"TCGA-LUSC","26fc2982-0376-40d8-8829-50a6d8c71b85","TCGA-NK-A5CT-01A-31R-A26W-07","TCGA-NK-A5CT","Primary Tumor","EPHB2","ENSG00000133216",4621,29.5864,8.7808,9.5909,"OK"
"TCGA-LUSC","81e7d771-eb01-4025-93c8-83ad7e0f6408","TCGA-85-8664-01A-11R-2403-07","TCGA-85-8664","Primary Tumor","JAK3","ENSG00000105639",1680,21.1014,5.9936,6.2997,"OK"
"TCGA-LUSC","81e7d771-eb01-4025-93c8-83ad7e0f6408","TCGA-85-8664-01A-11R-2403-07","TCGA-85-8664","Primary Tumor","EPHB2","ENSG00000133216",3888,26.5828,7.5505,7.9362,"OK"
"TCGA-LUSC","b9839f31-8926-4fa3-9aae-bf15ee58e847","TCGA-58-A46M-01A-11R-A24H-07","TCGA-58-A46M","Primary Tumor","JAK3","ENSG00000105639",990,10.9295,3.313,3.129,"OK"
"TCGA-LUSC","b9839f31-8926-4fa3-9aae-bf15ee58e847","TCGA-58-A46M-01A-11R-A24H-07","TCGA-58-A46M","Primary Tumor","EPHB2","ENSG00000133216",579,3.4795,1.0547,0.9961,"OK"
"TCGA-LUSC","00810078-a4fc-4e1d-bbdc-e5e0d3080025","TCGA-85-8049-01A-11R-2247-07","TCGA-85-8049","Primary Tumor","JAK3","ENSG00000105639",2610,25.1312,9.4042,9.8013,"OK"
"TCGA-LUSC","00810078-a4fc-4e1d-bbdc-e5e0d3080025","TCGA-85-8049-01A-11R-2247-07","TCGA-85-8049","Primary Tumor","EPHB2","ENSG00000133216",1100,5.7655,2.1575,2.2486,"OK"
"TCGA-LUSC","ab646f7c-46a6-45a9-91ae-43f5d230b542","TCGA-70-6722-01A-11R-1820-07","TCGA-70-6722","Primary Tumor","JAK3","ENSG00000105639",6007,37.1544,10.097,10.6381,"OK"
"TCGA-LUSC","ab646f7c-46a6-45a9-91ae-43f5d230b542","TCGA-70-6722-01A-11R-1820-07","TCGA-70-6722","Primary Tumor","EPHB2","ENSG00000133216",7428,25.009,6.7964,7.1606,"OK"
"TCGA-LUSC","dcbc607b-f0c0-4771-b5eb-2f8defb490a9","TCGA-33-4583-01A-01R-1443-07","TCGA-33-4583","Primary Tumor","JAK3","ENSG00000105639",169,3.352,1.0899,1.2048,"OK"
"TCGA-LUSC","dcbc607b-f0c0-4771-b5eb-2f8defb490a9","TCGA-33-4583-01A-01R-1443-07","TCGA-33-4583","Primary Tumor","EPHB2","ENSG00000133216",62,0.6694,0.2177,0.2406,"OK"
"TCGA-LUSC","041ade4f-0a88-4b1d-8454-08a2bc3cb3c2","TCGA-22-4599-01A-01R-1443-07","TCGA-22-4599","Primary Tumor","JAK3","ENSG00000105639",621,11.8148,5.0357,5.2465,"OK"
"TCGA-LUSC","041ade4f-0a88-4b1d-8454-08a2bc3cb3c2","TCGA-22-4599-01A-01R-1443-07","TCGA-22-4599","Primary Tumor","EPHB2","ENSG00000133216",211,2.1852,0.9314,0.9704,"OK"
"TCGA-LUSC","75687790-7c48-4de5-9e8b-6a82ea97ddd1","TCGA-56-8622-01A-11R-2403-07","TCGA-56-8622","Primary Tumor","JAK3","ENSG00000105639",834,7.7579,2.7374,3.0152,"OK"
"TCGA-LUSC","75687790-7c48-4de5-9e8b-6a82ea97ddd1","TCGA-56-8622-01A-11R-2403-07","TCGA-56-8622","Primary Tumor","EPHB2","ENSG00000133216",412,2.0862,0.7361,0.8108,"OK"
"TCGA-LUSC","966086a2-7a30-42e7-bd34-60942d862258","TCGA-46-6026-01A-11R-1820-07","TCGA-46-6026","Primary Tumor","JAK3","ENSG00000105639",1491,9.4259,2.7119,3.0201,"OK"
"TCGA-LUSC","966086a2-7a30-42e7-bd34-60942d862258","TCGA-46-6026-01A-11R-1820-07","TCGA-46-6026","Primary Tumor","EPHB2","ENSG00000133216",668,2.2988,0.6614,0.7365,"OK"
"TCGA-LUSC","497349a9-7f70-4dba-8b56-a3c890c3f161","TCGA-46-3765-01A-01R-0980-07","TCGA-46-3765","Primary Tumor","JAK3","ENSG00000105639",834,8.2893,2.9118,3.056,"OK"
"TCGA-LUSC","497349a9-7f70-4dba-8b56-a3c890c3f161","TCGA-46-3765-01A-01R-0980-07","TCGA-46-3765","Primary Tumor","EPHB2","ENSG00000133216",253,1.3688,0.4808,0.5046,"OK"
"TCGA-LUSC","c70afde9-ba58-47e4-aeec-508a8116418a","TCGA-46-3766-01A-01R-0980-07","TCGA-46-3766","Primary Tumor","JAK3","ENSG00000105639",877,8.766,3.67,4.0849,"OK"
"TCGA-LUSC","c70afde9-ba58-47e4-aeec-508a8116418a","TCGA-46-3766-01A-01R-0980-07","TCGA-46-3766","Primary Tumor","EPHB2","ENSG00000133216",1287,7.0025,2.9317,3.2631,"OK"
"TCGA-LUSC","0cd79b1c-d9c2-4aee-8976-7174cdececae","TCGA-39-5040-11A-01R-2125-07","TCGA-39-5040","Solid Tissue Normal","JAK3","ENSG00000105639",714,5.2435,1.7405,2.0375,"OK"
"TCGA-LUSC","0cd79b1c-d9c2-4aee-8976-7174cdececae","TCGA-39-5040-11A-01R-2125-07","TCGA-39-5040","Solid Tissue Normal","EPHB2","ENSG00000133216",137,0.5477,0.1818,0.2128,"OK"
"TCGA-LUSC","7c59b296-82f3-4bd4-978b-5cae1cbef1e8","TCGA-39-5040-01A-21R-2125-07","TCGA-39-5040","Primary Tumor","JAK3","ENSG00000105639",1006,8.1391,2.1961,2.2388,"OK"
"TCGA-LUSC","7c59b296-82f3-4bd4-978b-5cae1cbef1e8","TCGA-39-5040-01A-21R-2125-07","TCGA-39-5040","Primary Tumor","EPHB2","ENSG00000133216",559,2.4619,0.6643,0.6772,"OK"
"TCGA-LUSC","2773ff80-83f6-4e19-a384-e2f0e7ae92b3","TCGA-85-7950-01A-11R-2187-07","TCGA-85-7950","Primary Tumor","JAK3","ENSG00000105639",6873,100.5109,24.1387,24.2434,"OK"
"TCGA-LUSC","2773ff80-83f6-4e19-a384-e2f0e7ae92b3","TCGA-85-7950-01A-11R-2187-07","TCGA-85-7950","Primary Tumor","EPHB2","ENSG00000133216",1838,14.6314,3.5139,3.5291,"OK"
"TCGA-LUSC","1677f6e6-b177-4f08-9621-4f762c3a2e45","TCGA-77-7139-01A-11R-2045-07","TCGA-77-7139","Primary Tumor","JAK3","ENSG00000105639",852,6.8652,2.1555,2.218,"OK"
"TCGA-LUSC","1677f6e6-b177-4f08-9621-4f762c3a2e45","TCGA-77-7139-01A-11R-2045-07","TCGA-77-7139","Primary Tumor","EPHB2","ENSG00000133216",204,0.8948,0.2809,0.2891,"OK"
"TCGA-LUSC","d11530dd-3470-4187-8046-e26401ccd91d","TCGA-85-A5B5-01A-21R-A26W-07","TCGA-85-A5B5","Primary Tumor","JAK3","ENSG00000105639",643,6.7742,2.0816,1.9815,"OK"
"TCGA-LUSC","d11530dd-3470-4187-8046-e26401ccd91d","TCGA-85-A5B5-01A-21R-A26W-07","TCGA-85-A5B5","Primary Tumor","EPHB2","ENSG00000133216",1281,7.3463,2.2574,2.1489,"OK"
"TCGA-LUSC","5da11eb6-0570-43e8-bb80-05fbd75bb347","TCGA-85-A512-01A-11R-A26W-07","TCGA-85-A512","Primary Tumor","JAK3","ENSG00000105639",309,3.526,1.109,1.1014,"OK"
"TCGA-LUSC","5da11eb6-0570-43e8-bb80-05fbd75bb347","TCGA-85-A512-01A-11R-A26W-07","TCGA-85-A512","Primary Tumor","EPHB2","ENSG00000133216",225,1.3976,0.4396,0.4366,"OK"
"TCGA-LUSC","69537a05-0fdb-4e2b-8343-ae2169965aed","TCGA-39-5034-01A-01R-1443-07","TCGA-39-5034","Primary Tumor","JAK3","ENSG00000105639",448,4.8429,1.842,1.8832,"OK"
"TCGA-LUSC","69537a05-0fdb-4e2b-8343-ae2169965aed","TCGA-39-5034-01A-01R-1443-07","TCGA-39-5034","Primary Tumor","EPHB2","ENSG00000133216",2033,11.9629,4.5502,4.6518,"OK"
"TCGA-LUSC","1de6bf50-8b9e-48ca-a396-3ca7e3ea0572","TCGA-77-8133-01A-12R-2247-07","TCGA-77-8133","Primary Tumor","JAK3","ENSG00000105639",2327,33.6905,9.5869,9.0789,"OK"
"TCGA-LUSC","1de6bf50-8b9e-48ca-a396-3ca7e3ea0572","TCGA-77-8133-01A-12R-2247-07","TCGA-77-8133","Primary Tumor","EPHB2","ENSG00000133216",629,4.9572,1.4106,1.3359,"OK"
"TCGA-LUSC","6e46c824-acbb-4ef1-9b07-f952f89526dc","TCGA-NC-A5HD-01A-11R-A26W-07","TCGA-NC-A5HD","Primary Tumor","JAK3","ENSG00000105639",264,3.7299,1.1398,1.1049,"OK"
"TCGA-LUSC","6e46c824-acbb-4ef1-9b07-f952f89526dc","TCGA-NC-A5HD-01A-11R-A26W-07","TCGA-NC-A5HD","Primary Tumor","EPHB2","ENSG00000133216",1106,8.5059,2.5992,2.5197,"OK"
"TCGA-LUSC","3bc1adb4-ab96-4a37-8df8-8cf9f8689523","TCGA-63-A5M9-01A-11R-A26W-07","TCGA-63-A5M9","Primary Tumor","JAK3","ENSG00000105639",1084,10.3492,2.9679,2.9441,"OK"
"TCGA-LUSC","3bc1adb4-ab96-4a37-8df8-8cf9f8689523","TCGA-63-A5M9-01A-11R-A26W-07","TCGA-63-A5M9","Primary Tumor","EPHB2","ENSG00000133216",772,4.0121,1.1506,1.1413,"OK"
"TCGA-LUSC","dacb9396-4037-4313-bebc-074ffeab0d29","TCGA-66-2758-01A-02R-0851-07","TCGA-66-2758","Primary Tumor","JAK3","ENSG00000105639",1742,13.0298,4.3587,4.6414,"OK"
"TCGA-LUSC","dacb9396-4037-4313-bebc-074ffeab0d29","TCGA-66-2758-01A-02R-0851-07","TCGA-66-2758","Primary Tumor","EPHB2","ENSG00000133216",1094,4.4543,1.49,1.5867,"OK"
"TCGA-LUSC","12d419ee-1f41-40c1-9c75-03fded456055","TCGA-63-5128-01A-01R-1443-07","TCGA-63-5128","Primary Tumor","JAK3","ENSG00000105639",267,2.8423,0.8004,1.0004,"OK"
"TCGA-LUSC","12d419ee-1f41-40c1-9c75-03fded456055","TCGA-63-5128-01A-01R-1443-07","TCGA-63-5128","Primary Tumor","EPHB2","ENSG00000133216",944,5.4702,1.5404,1.9252,"OK"
"TCGA-LUSC","31f0e985-d875-442e-bb0d-842cac9e617f","TCGA-56-A4BX-01A-11R-A24H-07","TCGA-56-A4BX","Primary Tumor","JAK3","ENSG00000105639",202,1.8895,0.5646,0.5629,"OK"
"TCGA-LUSC","31f0e985-d875-442e-bb0d-842cac9e617f","TCGA-56-A4BX-01A-11R-A24H-07","TCGA-56-A4BX","Primary Tumor","EPHB2","ENSG00000133216",422,2.1488,0.6421,0.6401,"OK"
"TCGA-LUSC","5cdfbd13-9630-48a5-9f3e-6b17658e877a","TCGA-21-1075-01A-01R-0692-07","TCGA-21-1075","Primary Tumor","JAK3","ENSG00000105639",171,1.5204,0.4262,0.4431,"OK"
"TCGA-LUSC","5cdfbd13-9630-48a5-9f3e-6b17658e877a","TCGA-21-1075-01A-01R-0692-07","TCGA-21-1075","Primary Tumor","EPHB2","ENSG00000133216",590,2.8556,0.8005,0.8323,"OK"
"TCGA-LUSC","9248b749-a2ae-4d64-a0b4-3c2bf0f7ed62","TCGA-94-7557-01A-11R-2125-07","TCGA-94-7557","Primary Tumor","JAK3","ENSG00000105639",551,4.8296,1.2831,1.2687,"OK"
"TCGA-LUSC","9248b749-a2ae-4d64-a0b4-3c2bf0f7ed62","TCGA-94-7557-01A-11R-2125-07","TCGA-94-7557","Primary Tumor","EPHB2","ENSG00000133216",7381,35.2163,9.3562,9.251,"OK"
"TCGA-LUSC","10acdc61-cf73-4187-a6d2-f7d2e1565cec","TCGA-98-8020-01A-11R-2247-07","TCGA-98-8020","Primary Tumor","JAK3","ENSG00000105639",1399,21.7558,5.874,6.3702,"OK"
"TCGA-LUSC","10acdc61-cf73-4187-a6d2-f7d2e1565cec","TCGA-98-8020-01A-11R-2247-07","TCGA-98-8020","Primary Tumor","EPHB2","ENSG00000133216",1149,9.7264,2.6261,2.8479,"OK"
"TCGA-LUSC","918471a2-6d02-4e39-899e-f95077fb6593","TCGA-63-A5MP-01A-11R-A26W-07","TCGA-63-A5MP","Primary Tumor","JAK3","ENSG00000105639",3456,19.6247,6.6724,6.555,"OK"
"TCGA-LUSC","918471a2-6d02-4e39-899e-f95077fb6593","TCGA-63-A5MP-01A-11R-A26W-07","TCGA-63-A5MP","Primary Tumor","EPHB2","ENSG00000133216",1986,6.1388,2.0872,2.0505,"OK"
"TCGA-LUSC","dbdf3ac8-5a7b-4552-8713-44c819c88fc4","TCGA-90-7964-01A-21R-2187-07","TCGA-90-7964","Primary Tumor","JAK3","ENSG00000105639",695,5.0688,1.7348,1.8593,"OK"
"TCGA-LUSC","dbdf3ac8-5a7b-4552-8713-44c819c88fc4","TCGA-90-7964-01A-21R-2187-07","TCGA-90-7964","Primary Tumor","EPHB2","ENSG00000133216",8750,34.7376,11.8888,12.7422,"OK"
"TCGA-LUSC","a271ba96-1fd1-4152-ad5b-0b0fa67d0574","TCGA-85-A513-01A-12R-A26W-07","TCGA-85-A513","Primary Tumor","JAK3","ENSG00000105639",2652,20.8739,11.7572,12.405,"OK"
"TCGA-LUSC","a271ba96-1fd1-4152-ad5b-0b0fa67d0574","TCGA-85-A513-01A-12R-A26W-07","TCGA-85-A513","Primary Tumor","EPHB2","ENSG00000133216",743,3.1834,1.793,1.8918,"OK"
"TCGA-LUSC","7ec8a5aa-d1a6-4f3b-b9da-5bc5609f7092","TCGA-56-8305-01A-11R-2296-07","TCGA-56-8305","Primary Tumor","JAK3","ENSG00000105639",616,7.1888,2.3709,2.328,"OK"
"TCGA-LUSC","7ec8a5aa-d1a6-4f3b-b9da-5bc5609f7092","TCGA-56-8305-01A-11R-2296-07","TCGA-56-8305","Primary Tumor","EPHB2","ENSG00000133216",828,5.2599,1.7348,1.7034,"OK"
"TCGA-LUSC","08d31f4a-d87e-4413-8446-8ba45c97d63e","TCGA-46-6025-01A-11R-1820-07","TCGA-46-6025","Primary Tumor","JAK3","ENSG00000105639",733,3.5925,1.1515,1.3645,"OK"
"TCGA-LUSC","08d31f4a-d87e-4413-8446-8ba45c97d63e","TCGA-46-6025-01A-11R-1820-07","TCGA-46-6025","Primary Tumor","EPHB2","ENSG00000133216",8723,23.2716,7.459,8.8393,"OK"
"TCGA-LUSC","98aaf3db-54ac-4bb9-bd0b-1ba897f7b389","TCGA-22-5489-11A-01R-1635-07","TCGA-22-5489","Solid Tissue Normal","JAK3","ENSG00000105639",1414,8.6403,2.7053,3.0854,"OK"
"TCGA-LUSC","98aaf3db-54ac-4bb9-bd0b-1ba897f7b389","TCGA-22-5489-11A-01R-1635-07","TCGA-22-5489","Solid Tissue Normal","EPHB2","ENSG00000133216",721,2.3982,0.7509,0.8564,"OK"
"TCGA-LUSC","e789877b-6eb5-434c-85b8-a62a99937b98","TCGA-21-1081-01A-01R-0692-07","TCGA-21-1081","Primary Tumor","JAK3","ENSG00000105639",1194,6.5024,2.0684,2.2144,"OK"
"TCGA-LUSC","e789877b-6eb5-434c-85b8-a62a99937b98","TCGA-21-1081-01A-01R-0692-07","TCGA-21-1081","Primary Tumor","EPHB2","ENSG00000133216",8890,26.354,8.3829,8.9749,"OK"
"TCGA-LUSC","fa752ca7-ed6f-44cc-b19d-3de8613aaf89","TCGA-33-AASD-01A-11R-A405-07","TCGA-33-AASD","Primary Tumor","JAK3","ENSG00000105639",309,2.9012,0.8535,0.8839,"OK"
"TCGA-LUSC","fa752ca7-ed6f-44cc-b19d-3de8613aaf89","TCGA-33-AASD-01A-11R-A405-07","TCGA-33-AASD","Primary Tumor","EPHB2","ENSG00000133216",1455,7.4362,2.1877,2.2656,"OK"
"TCGA-LUSC","a3a53248-6292-412e-be21-28d6f8dc9a74","TCGA-77-8139-01A-11R-2247-07","TCGA-77-8139","Primary Tumor","JAK3","ENSG00000105639",494,6.9451,2.4253,2.2654,"OK"
"TCGA-LUSC","a3a53248-6292-412e-be21-28d6f8dc9a74","TCGA-77-8139-01A-11R-2247-07","TCGA-77-8139","Primary Tumor","EPHB2","ENSG00000133216",3717,28.4458,9.9334,9.2787,"OK"
"TCGA-LUSC","f81cd722-db09-40ee-9ac1-a0571f43dc30","TCGA-56-A5DR-01A-11R-A27Q-07","TCGA-56-A5DR","Primary Tumor","JAK3","ENSG00000105639",579,6.1443,1.8571,1.8601,"OK"
"TCGA-LUSC","f81cd722-db09-40ee-9ac1-a0571f43dc30","TCGA-56-A5DR-01A-11R-A27Q-07","TCGA-56-A5DR","Primary Tumor","EPHB2","ENSG00000133216",6224,35.9528,10.8669,10.8842,"OK"
"TCGA-LUSC","e24c79d8-899c-48bd-8a20-0a848cdb9993","TCGA-37-4130-01A-01R-1100-07","TCGA-37-4130","Primary Tumor","JAK3","ENSG00000105639",1812,12.82,5.9932,8.1449,"OK"
"TCGA-LUSC","e24c79d8-899c-48bd-8a20-0a848cdb9993","TCGA-37-4130-01A-01R-1100-07","TCGA-37-4130","Primary Tumor","EPHB2","ENSG00000133216",630,2.4263,1.1343,1.5415,"OK"
"TCGA-LUSC","9a48159b-edd0-40ee-ad8c-d216c75c8514","TCGA-O2-A52V-01A-31R-A262-07","TCGA-O2-A52V","Primary Tumor","JAK3","ENSG00000105639",971,9.7127,2.9168,2.951,"OK"
"TCGA-LUSC","9a48159b-edd0-40ee-ad8c-d216c75c8514","TCGA-O2-A52V-01A-31R-A262-07","TCGA-O2-A52V","Primary Tumor","EPHB2","ENSG00000133216",386,2.1017,0.6312,0.6386,"OK"
"TCGA-LUSC","df84be80-ef6b-4417-a58c-fdfd2e031850","TCGA-18-4721-01A-01R-1443-07","TCGA-18-4721","Primary Tumor","JAK3","ENSG00000105639",527,11.0135,3.8751,3.6457,"OK"
"TCGA-LUSC","df84be80-ef6b-4417-a58c-fdfd2e031850","TCGA-18-4721-01A-01R-1443-07","TCGA-18-4721","Primary Tumor","EPHB2","ENSG00000133216",278,3.1625,1.1127,1.0469,"OK"
"TCGA-LUSC","93288581-37b8-4e24-83ce-d1668ffe7a5f","TCGA-22-4596-01A-01R-1201-07","TCGA-22-4596","Primary Tumor","JAK3","ENSG00000105639",2933,24.938,8.7195,9.0948,"OK"
"TCGA-LUSC","93288581-37b8-4e24-83ce-d1668ffe7a5f","TCGA-22-4596-01A-01R-1201-07","TCGA-22-4596","Primary Tumor","EPHB2","ENSG00000133216",1930,8.9326,3.1233,3.2577,"OK"
"TCGA-LUSC","aa3501a9-217b-4d3a-8dab-0fb359728726","TCGA-18-3419-01A-01R-0980-07","TCGA-18-3419","Primary Tumor","JAK3","ENSG00000105639",1113,11.4143,4.3587,4.0668,"OK"
"TCGA-LUSC","aa3501a9-217b-4d3a-8dab-0fb359728726","TCGA-18-3419-01A-01R-0980-07","TCGA-18-3419","Primary Tumor","EPHB2","ENSG00000133216",1229,6.8608,2.6199,2.4445,"OK"
"TCGA-LUSC","2acf1776-9f3a-4fa4-a983-8ab127123434","TCGA-37-3792-01A-01R-0980-07","TCGA-37-3792","Primary Tumor","JAK3","ENSG00000105639",1924,16.364,5.0252,5.3254,"OK"
"TCGA-LUSC","2acf1776-9f3a-4fa4-a983-8ab127123434","TCGA-37-3792-01A-01R-0980-07","TCGA-37-3792","Primary Tumor","EPHB2","ENSG00000133216",4748,21.982,6.7504,7.1537,"OK"
"TCGA-LUSC","5db6d381-4369-4178-abee-2dea4a94f7aa","TCGA-77-7465-01A-11R-2045-07","TCGA-77-7465","Primary Tumor","JAK3","ENSG00000105639",3750,31.4895,10.7729,10.9317,"OK"
"TCGA-LUSC","5db6d381-4369-4178-abee-2dea4a94f7aa","TCGA-77-7465-01A-11R-2045-07","TCGA-77-7465","Primary Tumor","EPHB2","ENSG00000133216",1757,8.0312,2.7476,2.788,"OK"
"TCGA-LUSC","37c3f067-219c-48ba-bff8-8917fd91446e","TCGA-63-A5MY-01A-11R-A26W-07","TCGA-63-A5MY","Primary Tumor","JAK3","ENSG00000105639",130,1.2674,0.4082,0.4142,"OK"
"TCGA-LUSC","37c3f067-219c-48ba-bff8-8917fd91446e","TCGA-63-A5MY-01A-11R-A26W-07","TCGA-63-A5MY","Primary Tumor","EPHB2","ENSG00000133216",33,0.1751,0.0564,0.0572,"OK"
"TCGA-LUSC","4394ba2a-2229-4960-b346-cc654623650a","TCGA-85-A4QR-01A-11R-A24Z-07","TCGA-85-A4QR","Primary Tumor","JAK3","ENSG00000105639",1668,17.4438,5.5507,5.5745,"OK"
"TCGA-LUSC","4394ba2a-2229-4960-b346-cc654623650a","TCGA-85-A4QR-01A-11R-A24Z-07","TCGA-85-A4QR","Primary Tumor","EPHB2","ENSG00000133216",694,3.9507,1.2571,1.2625,"OK"
"TCGA-LUSC","4213466a-89e1-4273-92b0-948e921fd59a","TCGA-34-5927-01A-11R-1820-07","TCGA-34-5927","Primary Tumor","JAK3","ENSG00000105639",1282,9.5979,2.4694,2.4635,"OK"
"TCGA-LUSC","4213466a-89e1-4273-92b0-948e921fd59a","TCGA-34-5927-01A-11R-1820-07","TCGA-34-5927","Primary Tumor","EPHB2","ENSG00000133216",1435,5.848,1.5046,1.501,"OK"
"TCGA-LUSC","456f3881-1c66-432a-87b1-9e8a967088b7","TCGA-60-2703-01A-11R-2045-07","TCGA-60-2703","Primary Tumor","JAK3","ENSG00000105639",948,16.1825,4.828,4.7871,"OK"
"TCGA-LUSC","456f3881-1c66-432a-87b1-9e8a967088b7","TCGA-60-2703-01A-11R-2045-07","TCGA-60-2703","Primary Tumor","EPHB2","ENSG00000133216",1561,14.5049,4.3275,4.2908,"OK"
"TCGA-LUSC","fa688f22-0772-4994-b019-0f3e23b3bf12","TCGA-33-4566-01A-01R-1443-07","TCGA-33-4566","Primary Tumor","JAK3","ENSG00000105639",272,5.8612,1.984,2.0752,"OK"
"TCGA-LUSC","fa688f22-0772-4994-b019-0f3e23b3bf12","TCGA-33-4566-01A-01R-1443-07","TCGA-33-4566","Primary Tumor","EPHB2","ENSG00000133216",1102,12.9262,4.3755,4.5767,"OK"
"TCGA-LUSC","1ce39b8e-6053-4e64-aae1-f857e1b029d1","TCGA-18-3411-01A-01R-0980-07","TCGA-18-3411","Primary Tumor","JAK3","ENSG00000105639",620,4.6876,1.6066,1.7826,"OK"
"TCGA-LUSC","1ce39b8e-6053-4e64-aae1-f857e1b029d1","TCGA-18-3411-01A-01R-0980-07","TCGA-18-3411","Primary Tumor","EPHB2","ENSG00000133216",693,2.8521,0.9775,1.0846,"OK"
"TCGA-LUSC","06ca30ec-156b-4f5e-9466-4563296a589d","TCGA-58-8388-01A-11R-2326-07","TCGA-58-8388","Primary Tumor","JAK3","ENSG00000105639",1596,23.8945,6.1459,5.7905,"OK"
"TCGA-LUSC","06ca30ec-156b-4f5e-9466-4563296a589d","TCGA-58-8388-01A-11R-2326-07","TCGA-58-8388","Primary Tumor","EPHB2","ENSG00000133216",5861,47.7649,12.2856,11.5752,"OK"
"TCGA-LUSC","fd1da1e9-1fef-4037-ba7e-e83e958f7834","TCGA-77-6844-01A-11R-1949-07","TCGA-77-6844","Primary Tumor","JAK3","ENSG00000105639",2132,17.1833,5.0166,5.1028,"OK"
"TCGA-LUSC","fd1da1e9-1fef-4037-ba7e-e83e958f7834","TCGA-77-6844-01A-11R-1949-07","TCGA-77-6844","Primary Tumor","EPHB2","ENSG00000133216",1236,5.4226,1.5831,1.6103,"OK"
"TCGA-LUSC","9a67ded0-92b0-48a4-bed8-43f944ff2acd","TCGA-39-5022-01A-21R-1820-07","TCGA-39-5022","Primary Tumor","JAK3","ENSG00000105639",4205,16.7296,8.2918,8.7355,"OK"
"TCGA-LUSC","9a67ded0-92b0-48a4-bed8-43f944ff2acd","TCGA-39-5022-01A-21R-1820-07","TCGA-39-5022","Primary Tumor","EPHB2","ENSG00000133216",4072,8.8186,4.3709,4.6047,"OK"
"TCGA-LUSC","efcf7073-faf4-4965-9e86-49b44788620e","TCGA-43-2581-01A-01R-0851-07","TCGA-43-2581","Primary Tumor","JAK3","ENSG00000105639",1363,11.3532,3.5376,3.587,"OK"
"TCGA-LUSC","efcf7073-faf4-4965-9e86-49b44788620e","TCGA-43-2581-01A-01R-0851-07","TCGA-43-2581","Primary Tumor","EPHB2","ENSG00000133216",2833,12.8453,4.0025,4.0583,"OK"
"TCGA-LUSC","5df6cdee-9f9e-4dfe-9f40-72727a9e0b15","TCGA-34-5240-01A-01R-1443-07","TCGA-34-5240","Primary Tumor","JAK3","ENSG00000105639",302,2.4815,0.7512,0.8171,"OK"
"TCGA-LUSC","5df6cdee-9f9e-4dfe-9f40-72727a9e0b15","TCGA-34-5240-01A-01R-1443-07","TCGA-34-5240","Primary Tumor","EPHB2","ENSG00000133216",182,0.814,0.2464,0.268,"OK"
"TCGA-LUSC","7b6781c7-4afb-4e53-a18d-c5ec1ca474bb","TCGA-63-A5MS-01A-11R-A26W-07","TCGA-63-A5MS","Primary Tumor","JAK3","ENSG00000105639",371,10.6233,4.3888,4.1354,"OK"
"TCGA-LUSC","7b6781c7-4afb-4e53-a18d-c5ec1ca474bb","TCGA-63-A5MS-01A-11R-A26W-07","TCGA-63-A5MS","Primary Tumor","EPHB2","ENSG00000133216",750,11.6902,4.8295,4.5507,"OK"
"TCGA-LUSC","e79e25d8-4578-4e37-a740-91fba48ef40a","TCGA-56-A49D-01A-11R-A24H-07","TCGA-56-A49D","Primary Tumor","JAK3","ENSG00000105639",1532,15.7473,5.505,5.6004,"OK"
"TCGA-LUSC","e79e25d8-4578-4e37-a740-91fba48ef40a","TCGA-56-A49D-01A-11R-A24H-07","TCGA-56-A49D","Primary Tumor","EPHB2","ENSG00000133216",842,4.7112,1.647,1.6755,"OK"
"TCGA-LUSC","6bbb0bd0-944b-40bb-bae6-a1b9b0bf63bb","TCGA-85-7843-01A-11R-2125-07","TCGA-85-7843","Primary Tumor","JAK3","ENSG00000105639",1441,9.7581,2.993,3.108,"OK"
"TCGA-LUSC","6bbb0bd0-944b-40bb-bae6-a1b9b0bf63bb","TCGA-85-7843-01A-11R-2125-07","TCGA-85-7843","Primary Tumor","EPHB2","ENSG00000133216",2649,9.7646,2.995,3.1101,"OK"
"TCGA-LUSC","d1d499d9-b57f-42ce-9551-f9f18efdbf07","TCGA-34-5234-01A-01R-1635-07","TCGA-34-5234","Primary Tumor","JAK3","ENSG00000105639",1302,7.5288,3.1233,4.0071,"OK"
"TCGA-LUSC","d1d499d9-b57f-42ce-9551-f9f18efdbf07","TCGA-34-5234-01A-01R-1635-07","TCGA-34-5234","Primary Tumor","EPHB2","ENSG00000133216",1492,4.6963,1.9482,2.4996,"OK"
"TCGA-LUSC","6bdd52ac-51c5-4f43-bf2c-95ee11367727","TCGA-68-7755-01A-11R-2125-07","TCGA-68-7755","Primary Tumor","JAK3","ENSG00000105639",590,4.5458,1.3282,1.371,"OK"
"TCGA-LUSC","6bdd52ac-51c5-4f43-bf2c-95ee11367727","TCGA-68-7755-01A-11R-2125-07","TCGA-68-7755","Primary Tumor","EPHB2","ENSG00000133216",864,3.6236,1.0588,1.0928,"OK"
"TCGA-LUSC","f1478f8b-01d7-42a4-853f-d27bf3199cd6","TCGA-56-7222-01A-11R-2045-07","TCGA-56-7222","Primary Tumor","JAK3","ENSG00000105639",577,5.1457,1.4437,1.4476,"OK"
"TCGA-LUSC","f1478f8b-01d7-42a4-853f-d27bf3199cd6","TCGA-56-7222-01A-11R-2045-07","TCGA-56-7222","Primary Tumor","EPHB2","ENSG00000133216",6372,30.933,8.6786,8.702,"OK"
"TCGA-LUSC","0b91d17d-de8c-495e-b094-e571111b1e03","TCGA-60-2709-01A-21R-1820-07","TCGA-60-2709","Primary Tumor","JAK3","ENSG00000105639",1936,13.471,4.9993,5.3124,"OK"
"TCGA-LUSC","0b91d17d-de8c-495e-b094-e571111b1e03","TCGA-60-2709-01A-21R-1820-07","TCGA-60-2709","Primary Tumor","EPHB2","ENSG00000133216",2294,8.6888,3.2245,3.4265,"OK"
"TCGA-LUSC","7097d905-c693-4de3-bed7-0d3fdbbe3b37","TCGA-77-8154-01A-11R-2247-07","TCGA-77-8154","Primary Tumor","JAK3","ENSG00000105639",396,6.2884,1.8125,1.7821,"OK"
"TCGA-LUSC","7097d905-c693-4de3-bed7-0d3fdbbe3b37","TCGA-77-8154-01A-11R-2247-07","TCGA-77-8154","Primary Tumor","EPHB2","ENSG00000133216",80,0.6915,0.1993,0.196,"OK"
"TCGA-LUSC","17d01bba-1ae8-4205-ae80-2db88489fa84","TCGA-22-4609-11A-01R-2125-07","TCGA-22-4609","Solid Tissue Normal","JAK3","ENSG00000105639",929,7.1306,2.1105,2.3525,"OK"
"TCGA-LUSC","17d01bba-1ae8-4205-ae80-2db88489fa84","TCGA-22-4609-11A-01R-2125-07","TCGA-22-4609","Solid Tissue Normal","EPHB2","ENSG00000133216",370,1.5459,0.4576,0.51,"OK"
"TCGA-LUSC","aea9f25d-825e-4e70-bef2-260b514b5f86","TCGA-77-A5G8-01B-11R-A27Q-07","TCGA-77-A5G8","Primary Tumor","JAK3","ENSG00000105639",528,6.1138,2.4623,2.7852,"OK"
"TCGA-LUSC","aea9f25d-825e-4e70-bef2-260b514b5f86","TCGA-77-A5G8-01B-11R-A27Q-07","TCGA-77-A5G8","Primary Tumor","EPHB2","ENSG00000133216",890,5.6097,2.2592,2.5556,"OK"
"TCGA-LUSC","7d1231c0-6ff0-4ef0-98a3-3b77ed9298bc","TCGA-22-4609-01A-21R-2125-07","TCGA-22-4609","Primary Tumor","JAK3","ENSG00000105639",2396,17.1673,5.812,5.9406,"OK"
"TCGA-LUSC","7d1231c0-6ff0-4ef0-98a3-3b77ed9298bc","TCGA-22-4609-01A-21R-2125-07","TCGA-22-4609","Primary Tumor","EPHB2","ENSG00000133216",906,3.5336,1.1963,1.2228,"OK"
"TCGA-LUSC","99488a4a-85cb-4b08-96b4-c6a6a1238da9","TCGA-85-A4CN-01A-11R-A24H-07","TCGA-85-A4CN","Primary Tumor","JAK3","ENSG00000105639",613,8.2712,2.5527,2.662,"OK"
"TCGA-LUSC","99488a4a-85cb-4b08-96b4-c6a6a1238da9","TCGA-85-A4CN-01A-11R-A24H-07","TCGA-85-A4CN","Primary Tumor","EPHB2","ENSG00000133216",248,1.8215,0.5622,0.5862,"OK"
"TCGA-LUSC","913909bf-6da5-4af5-ad86-017f0f0743e0","TCGA-34-8456-01A-21R-2326-07","TCGA-34-8456","Primary Tumor","JAK3","ENSG00000105639",440,6.3975,1.8906,1.7737,"OK"
"TCGA-LUSC","913909bf-6da5-4af5-ad86-017f0f0743e0","TCGA-34-8456-01A-21R-2326-07","TCGA-34-8456","Primary Tumor","EPHB2","ENSG00000133216",1110,8.7853,2.5963,2.4356,"OK"
"TCGA-LUSC","a63881c9-00b2-4ec2-a190-cc59d9c2d780","TCGA-85-6560-01A-11R-1820-07","TCGA-85-6560","Primary Tumor","JAK3","ENSG00000105639",1917,11.1983,3.2592,3.0471,"OK"
"TCGA-LUSC","a63881c9-00b2-4ec2-a190-cc59d9c2d780","TCGA-85-6560-01A-11R-1820-07","TCGA-85-6560","Primary Tumor","EPHB2","ENSG00000133216",2242,7.1291,2.0749,1.9398,"OK"
"TCGA-LUSC","056fd446-19f7-4d9f-975b-ca8d2c2e944a","TCGA-43-5670-01A-21R-2125-07","TCGA-43-5670","Primary Tumor","JAK3","ENSG00000105639",2998,25.9485,7.3929,8.0294,"OK"
"TCGA-LUSC","056fd446-19f7-4d9f-975b-ca8d2c2e944a","TCGA-43-5670-01A-21R-2125-07","TCGA-43-5670","Primary Tumor","EPHB2","ENSG00000133216",8195,38.6103,11.0004,11.9474,"OK"
"TCGA-LUSC","7fff3f50-1510-4cea-a335-29814fe0ab10","TCGA-85-A4PA-01A-11R-A24Z-07","TCGA-85-A4PA","Primary Tumor","JAK3","ENSG00000105639",15262,180.4811,61.5258,61.2337,"OK"
"TCGA-LUSC","7fff3f50-1510-4cea-a335-29814fe0ab10","TCGA-85-A4PA-01A-11R-A24Z-07","TCGA-85-A4PA","Primary Tumor","EPHB2","ENSG00000133216",569,3.6627,1.2486,1.2427,"OK"
"TCGA-LUSC","efa06ac0-ad77-4be1-a131-e73033285d7b","TCGA-46-3767-01A-01R-0980-07","TCGA-46-3767","Primary Tumor","JAK3","ENSG00000105639",1729,18.7295,5.9385,6.251,"OK"
"TCGA-LUSC","efa06ac0-ad77-4be1-a131-e73033285d7b","TCGA-46-3767-01A-01R-0980-07","TCGA-46-3767","Primary Tumor","EPHB2","ENSG00000133216",1887,11.1269,3.528,3.7136,"OK"
"TCGA-LUSC","2e4e9e9d-5d02-4fa1-95a4-774f7c963652","TCGA-18-4086-01A-01R-1100-07","TCGA-18-4086","Primary Tumor","JAK3","ENSG00000105639",1076,8.2326,2.9697,3.0327,"OK"
"TCGA-LUSC","2e4e9e9d-5d02-4fa1-95a4-774f7c963652","TCGA-18-4086-01A-01R-1100-07","TCGA-18-4086","Primary Tumor","EPHB2","ENSG00000133216",1124,4.6813,1.6887,1.7244,"OK"
"TCGA-LUSC","8d0521db-a42b-433f-bb74-cbf8df6ba25d","TCGA-77-8131-01A-11R-2247-07","TCGA-77-8131","Primary Tumor","JAK3","ENSG00000105639",1525,19.8736,7.123,7.7134,"OK"
"TCGA-LUSC","8d0521db-a42b-433f-bb74-cbf8df6ba25d","TCGA-77-8131-01A-11R-2247-07","TCGA-77-8131","Primary Tumor","EPHB2","ENSG00000133216",1955,13.8684,4.9706,5.3826,"OK"
"TCGA-LUSC","26085902-2521-4343-96f0-139a065445f4","TCGA-85-A4JC-01A-11R-A24Z-07","TCGA-85-A4JC","Primary Tumor","JAK3","ENSG00000105639",1172,12.7158,4.78,5.5666,"OK"
"TCGA-LUSC","26085902-2521-4343-96f0-139a065445f4","TCGA-85-A4JC-01A-11R-A24Z-07","TCGA-85-A4JC","Primary Tumor","EPHB2","ENSG00000133216",2412,14.2451,5.3549,6.2361,"OK"
"TCGA-LUSC","a3dcf971-3667-4b2e-af2e-005bfe05225d","TCGA-43-3920-01A-01R-0980-07","TCGA-43-3920","Primary Tumor","JAK3","ENSG00000105639",742,6.1459,2.2128,2.4702,"OK"
"TCGA-LUSC","a3dcf971-3667-4b2e-af2e-005bfe05225d","TCGA-43-3920-01A-01R-0980-07","TCGA-43-3920","Primary Tumor","EPHB2","ENSG00000133216",1485,6.6955,2.4106,2.691,"OK"
"TCGA-LUSC","cac5bca1-92c4-4f80-85eb-c6df5741a263","TCGA-98-7454-01A-11R-2045-07","TCGA-98-7454","Primary Tumor","JAK3","ENSG00000105639",3369,22.7472,8.3814,8.5397,"OK"
"TCGA-LUSC","cac5bca1-92c4-4f80-85eb-c6df5741a263","TCGA-98-7454-01A-11R-2045-07","TCGA-98-7454","Primary Tumor","EPHB2","ENSG00000133216",1467,5.3917,1.9866,2.0242,"OK"
"TCGA-LUSC","208d9341-7ba6-4167-8c2a-90ae6513e36f","TCGA-94-8491-01A-11R-2326-07","TCGA-94-8491","Primary Tumor","JAK3","ENSG00000105639",1332,15.0977,5.0562,5.25,"OK"
"TCGA-LUSC","208d9341-7ba6-4167-8c2a-90ae6513e36f","TCGA-94-8491-01A-11R-2326-07","TCGA-94-8491","Primary Tumor","EPHB2","ENSG00000133216",841,5.1889,1.7377,1.8044,"OK"
"TCGA-LUSC","2a037b6b-c2dc-4d7b-974c-77054355733f","TCGA-77-8156-01A-11R-2247-07","TCGA-77-8156","Primary Tumor","JAK3","ENSG00000105639",1574,22.7797,7.9728,7.4165,"OK"
"TCGA-LUSC","2a037b6b-c2dc-4d7b-974c-77054355733f","TCGA-77-8156-01A-11R-2247-07","TCGA-77-8156","Primary Tumor","EPHB2","ENSG00000133216",1440,11.3443,3.9705,3.6935,"OK"
"TCGA-LUSC","6590155e-5fe1-460a-8ed3-a4d8516d55b2","TCGA-92-7340-01A-21R-2045-07","TCGA-92-7340","Primary Tumor","JAK3","ENSG00000105639",1667,12.2232,3.9924,4.4369,"OK"
"TCGA-LUSC","6590155e-5fe1-460a-8ed3-a4d8516d55b2","TCGA-92-7340-01A-21R-2045-07","TCGA-92-7340","Primary Tumor","EPHB2","ENSG00000133216",1312,5.2367,1.7104,1.9009,"OK"
"TCGA-LUSC","bc6dcc74-df71-4444-bdc8-6d561ed42f64","TCGA-56-6545-01A-11R-1820-07","TCGA-56-6545","Primary Tumor","JAK3","ENSG00000105639",6668,40.1107,11.2595,12.9293,"OK"
"TCGA-LUSC","bc6dcc74-df71-4444-bdc8-6d561ed42f64","TCGA-56-6545-01A-11R-1820-07","TCGA-56-6545","Primary Tumor","EPHB2","ENSG00000133216",4175,13.6708,3.8376,4.4067,"OK"
"TCGA-LUSC","b9719e93-b44f-4eb3-8fe9-14914e643d57","TCGA-77-8009-01A-11R-2187-07","TCGA-77-8009","Primary Tumor","JAK3","ENSG00000105639",785,7.359,1.9181,1.9879,"OK"
"TCGA-LUSC","b9719e93-b44f-4eb3-8fe9-14914e643d57","TCGA-77-8009-01A-11R-2187-07","TCGA-77-8009","Primary Tumor","EPHB2","ENSG00000133216",940,4.7968,1.2503,1.2957,"OK"
"TCGA-LUSC","74762046-1558-44bd-aa87-57dddc47c749","TCGA-66-2781-01A-01R-0851-07","TCGA-66-2781","Primary Tumor","JAK3","ENSG00000105639",1303,8.5334,3.1969,3.4258,"OK"
"TCGA-LUSC","74762046-1558-44bd-aa87-57dddc47c749","TCGA-66-2781-01A-01R-0851-07","TCGA-66-2781","Primary Tumor","EPHB2","ENSG00000133216",1909,6.8055,2.5496,2.7321,"OK"
"TCGA-LUSC","f2ca8c10-3939-4792-abc4-e9547b33e1f7","TCGA-66-2742-01A-01R-0980-07","TCGA-66-2742","Primary Tumor","JAK3","ENSG00000105639",518,5.2181,1.6228,1.7406,"OK"
"TCGA-LUSC","f2ca8c10-3939-4792-abc4-e9547b33e1f7","TCGA-66-2742-01A-01R-0980-07","TCGA-66-2742","Primary Tumor","EPHB2","ENSG00000133216",1044,5.7247,1.7803,1.9096,"OK"
"TCGA-LUSC","f47f1b37-e4a3-4f87-97c5-251ec084cdd9","TCGA-43-6773-11A-01R-1949-07","TCGA-43-6773","Solid Tissue Normal","JAK3","ENSG00000105639",826,13.3408,3.7682,4.0427,"OK"
"TCGA-LUSC","f47f1b37-e4a3-4f87-97c5-251ec084cdd9","TCGA-43-6773-11A-01R-1949-07","TCGA-43-6773","Solid Tissue Normal","EPHB2","ENSG00000133216",875,7.6928,2.1729,2.3312,"OK"
"TCGA-LUSC","2b951c52-c888-4826-8114-c9ab09e5e7c5","TCGA-77-6843-01A-11R-1949-07","TCGA-77-6843","Primary Tumor","JAK3","ENSG00000105639",259,3.1804,0.825,0.7903,"OK"
"TCGA-LUSC","2b951c52-c888-4826-8114-c9ab09e5e7c5","TCGA-77-6843-01A-11R-1949-07","TCGA-77-6843","Primary Tumor","EPHB2","ENSG00000133216",736,4.9197,1.2762,1.2224,"OK"
"TCGA-LUSC","b7e3f944-1ed2-4d04-a2dc-bf6ff06b5db7","TCGA-77-7138-01A-41R-2045-07","TCGA-77-7138","Primary Tumor","JAK3","ENSG00000105639",747,5.5317,1.728,1.8403,"OK"
"TCGA-LUSC","b7e3f944-1ed2-4d04-a2dc-bf6ff06b5db7","TCGA-77-7138-01A-41R-2045-07","TCGA-77-7138","Primary Tumor","EPHB2","ENSG00000133216",2777,11.194,3.4967,3.724,"OK"
"TCGA-LUSC","e851fcff-9594-4b7f-8806-d182fee09e0f","TCGA-56-7731-01A-11R-2125-07","TCGA-56-7731","Primary Tumor","JAK3","ENSG00000105639",1407,9.8183,3.5799,4.0846,"OK"
"TCGA-LUSC","e851fcff-9594-4b7f-8806-d182fee09e0f","TCGA-56-7731-01A-11R-2125-07","TCGA-56-7731","Primary Tumor","EPHB2","ENSG00000133216",3276,12.444,4.5373,5.1769,"OK"
"TCGA-LUSC","5bea52d9-2898-404f-ba71-ffc845d1b226","TCGA-43-A56V-01A-11R-A26W-07","TCGA-43-A56V","Primary Tumor","JAK3","ENSG00000105639",758,7.5875,2.645,2.8109,"OK"
"TCGA-LUSC","5bea52d9-2898-404f-ba71-ffc845d1b226","TCGA-43-A56V-01A-11R-A26W-07","TCGA-43-A56V","Primary Tumor","EPHB2","ENSG00000133216",1425,7.7646,2.7068,2.8765,"OK"
"TCGA-LUSC","d7550b55-333d-415d-8360-e0f2e70634ce","TCGA-92-8064-01A-11R-2247-07","TCGA-92-8064","Primary Tumor","JAK3","ENSG00000105639",1987,27.9153,10.3746,9.8184,"OK"
"TCGA-LUSC","d7550b55-333d-415d-8360-e0f2e70634ce","TCGA-92-8064-01A-11R-2247-07","TCGA-92-8064","Primary Tumor","EPHB2","ENSG00000133216",603,4.6114,1.7138,1.6219,"OK"
"TCGA-LUSC","5d4bca16-38fc-41c9-97c3-cab4c6e07cf2","TCGA-66-2787-01A-01R-0980-07","TCGA-66-2787","Primary Tumor","JAK3","ENSG00000105639",1327,13.4285,4.1779,4.1029,"OK"
"TCGA-LUSC","5d4bca16-38fc-41c9-97c3-cab4c6e07cf2","TCGA-66-2787-01A-01R-0980-07","TCGA-66-2787","Primary Tumor","EPHB2","ENSG00000133216",1225,6.7479,2.0994,2.0617,"OK"
"TCGA-LUSC","cc058884-41cd-45d1-b0af-ed0ed1655368","TCGA-85-8071-01A-11R-2247-07","TCGA-85-8071","Primary Tumor","JAK3","ENSG00000105639",391,9.0323,2.195,2.0214,"OK"
"TCGA-LUSC","cc058884-41cd-45d1-b0af-ed0ed1655368","TCGA-85-8071-01A-11R-2247-07","TCGA-85-8071","Primary Tumor","EPHB2","ENSG00000133216",1379,17.3404,4.214,3.8807,"OK"
"TCGA-LUSC","132bc0ae-2498-4a65-bcb9-1970b70b0df5","TCGA-21-5787-01A-01R-1635-07","TCGA-21-5787","Primary Tumor","JAK3","ENSG00000105639",1680,11.7981,4.2204,4.501,"OK"
"TCGA-LUSC","132bc0ae-2498-4a65-bcb9-1970b70b0df5","TCGA-21-5787-01A-01R-1635-07","TCGA-21-5787","Primary Tumor","EPHB2","ENSG00000133216",845,3.2302,1.1555,1.2323,"OK"
"TCGA-LUSC","393a1776-5f0b-4411-8266-5687be14dbfc","TCGA-18-3407-01A-01R-0980-07","TCGA-18-3407","Primary Tumor","JAK3","ENSG00000105639",808,7.3046,2.619,2.6992,"OK"
"TCGA-LUSC","393a1776-5f0b-4411-8266-5687be14dbfc","TCGA-18-3407-01A-01R-0980-07","TCGA-18-3407","Primary Tumor","EPHB2","ENSG00000133216",370,1.8208,0.6528,0.6728,"OK"
"TCGA-LUSC","c57d8af8-d433-4df9-ba01-455496f8f867","TCGA-18-5595-01A-01R-1635-07","TCGA-18-5595","Primary Tumor","JAK3","ENSG00000105639",398,3.1154,0.784,0.8054,"OK"
"TCGA-LUSC","c57d8af8-d433-4df9-ba01-455496f8f867","TCGA-18-5595-01A-01R-1635-07","TCGA-18-5595","Primary Tumor","EPHB2","ENSG00000133216",1683,7.1711,1.8046,1.854,"OK"
"TCGA-LUSC","441e6227-4fa3-4891-92ec-8a6f93a02ec6","TCGA-NK-A5D1-01A-11R-A26W-07","TCGA-NK-A5D1","Primary Tumor","JAK3","ENSG00000105639",502,7.8049,2.2703,2.1476,"OK"
"TCGA-LUSC","441e6227-4fa3-4891-92ec-8a6f93a02ec6","TCGA-NK-A5D1-01A-11R-A26W-07","TCGA-NK-A5D1","Primary Tumor","EPHB2","ENSG00000133216",2013,17.0365,4.9556,4.6878,"OK"
"TCGA-LUSC","e6fbcebb-6fe9-4b0e-aa82-cf42e72b8785","TCGA-56-8623-11A-01R-A28V-07","TCGA-56-8623","Solid Tissue Normal","JAK3","ENSG00000105639",985,10.4531,3.3442,3.5653,"OK"
"TCGA-LUSC","e6fbcebb-6fe9-4b0e-aa82-cf42e72b8785","TCGA-56-8623-11A-01R-A28V-07","TCGA-56-8623","Solid Tissue Normal","EPHB2","ENSG00000133216",386,2.2298,0.7134,0.7605,"OK"
"TCGA-LUSC","4b8fa723-5547-4ddd-b09f-04405a35b035","TCGA-56-8504-01A-11R-2403-07","TCGA-56-8504","Primary Tumor","JAK3","ENSG00000105639",613,9.862,2.8269,2.7603,"OK"
"TCGA-LUSC","4b8fa723-5547-4ddd-b09f-04405a35b035","TCGA-56-8504-01A-11R-2403-07","TCGA-56-8504","Primary Tumor","EPHB2","ENSG00000133216",966,8.4597,2.425,2.3678,"OK"
"TCGA-LUSC","bc278946-a5c8-4b1a-a5cc-583ab4ee1420","TCGA-90-7766-01A-21R-2125-07","TCGA-90-7766","Primary Tumor","JAK3","ENSG00000105639",1849,11.6637,4.715,4.2726,"OK"
"TCGA-LUSC","bc278946-a5c8-4b1a-a5cc-583ab4ee1420","TCGA-90-7766-01A-21R-2125-07","TCGA-90-7766","Primary Tumor","EPHB2","ENSG00000133216",198,0.6799,0.2748,0.2491,"OK"
"TCGA-LUSC","12c81c8b-9937-4b35-b374-0fd21d2481e6","TCGA-22-1000-01A-01R-A32Z-07","TCGA-22-1000","Primary Tumor","JAK3","ENSG00000105639",2149,16.0175,6.1291,6.7991,"OK"
"TCGA-LUSC","12c81c8b-9937-4b35-b374-0fd21d2481e6","TCGA-22-1000-01A-01R-A32Z-07","TCGA-22-1000","Primary Tumor","EPHB2","ENSG00000133216",1860,7.5465,2.8877,3.2033,"OK"
"TCGA-LUSC","9e5f8edc-5074-43b7-a870-594aeb36e2aa","TCGA-22-4601-01A-01R-1443-07","TCGA-22-4601","Primary Tumor","JAK3","ENSG00000105639",335,6.5104,1.9647,1.8352,"OK"
"TCGA-LUSC","9e5f8edc-5074-43b7-a870-594aeb36e2aa","TCGA-22-4601-01A-01R-1443-07","TCGA-22-4601","Primary Tumor","EPHB2","ENSG00000133216",565,5.977,1.8038,1.6849,"OK"
"TCGA-LUSC","c56f402d-27b5-4d06-9086-b46272d9fe36","TCGA-58-A46K-01A-11R-A24H-07","TCGA-58-A46K","Primary Tumor","JAK3","ENSG00000105639",494,8.806,2.5466,2.454,"OK"
"TCGA-LUSC","c56f402d-27b5-4d06-9086-b46272d9fe36","TCGA-58-A46K-01A-11R-A24H-07","TCGA-58-A46K","Primary Tumor","EPHB2","ENSG00000133216",592,5.7445,1.6613,1.6008,"OK"
"TCGA-LUSC","035e88ea-e471-434a-8b93-ea7cc5776a89","TCGA-43-8115-01A-11R-2247-07","TCGA-43-8115","Primary Tumor","JAK3","ENSG00000105639",1740,23.7913,7.1456,6.714,"OK"
"TCGA-LUSC","035e88ea-e471-434a-8b93-ea7cc5776a89","TCGA-43-8115-01A-11R-2247-07","TCGA-43-8115","Primary Tumor","EPHB2","ENSG00000133216",1263,9.4004,2.8233,2.6528,"OK"
"TCGA-LUSC","cc8fe981-25f1-4b07-a931-7ad2a352d2d8","TCGA-22-5481-11A-01R-1949-07","TCGA-22-5481","Solid Tissue Normal","JAK3","ENSG00000105639",1220,7.2,2.4961,2.8973,"OK"
"TCGA-LUSC","cc8fe981-25f1-4b07-a931-7ad2a352d2d8","TCGA-22-5481-11A-01R-1949-07","TCGA-22-5481","Solid Tissue Normal","EPHB2","ENSG00000133216",546,1.754,0.6081,0.7058,"OK"
"TCGA-LUSC","18f7582b-048d-4ba2-8035-0a033435b24d","TCGA-22-5489-01A-01R-1635-07","TCGA-22-5489","Primary Tumor","JAK3","ENSG00000105639",2708,13.2592,5.7324,5.9022,"OK"
"TCGA-LUSC","18f7582b-048d-4ba2-8035-0a033435b24d","TCGA-22-5489-01A-01R-1635-07","TCGA-22-5489","Primary Tumor","EPHB2","ENSG00000133216",2743,7.3108,3.1607,3.2543,"OK"
"TCGA-LUSC","8a2ada69-c4b1-4aab-998b-dbc4ddd350d0","TCGA-68-A59J-01A-21R-A26W-07","TCGA-68-A59J","Primary Tumor","JAK3","ENSG00000105639",1331,11.5151,3.6084,3.6471,"OK"
"TCGA-LUSC","8a2ada69-c4b1-4aab-998b-dbc4ddd350d0","TCGA-68-A59J-01A-21R-A26W-07","TCGA-68-A59J","Primary Tumor","EPHB2","ENSG00000133216",894,4.2102,1.3193,1.3335,"OK"
"TCGA-LUSC","b43ead60-cb91-489a-88f1-169086a28ed9","TCGA-22-4593-11A-01R-1820-07","TCGA-22-4593","Solid Tissue Normal","JAK3","ENSG00000105639",1442,7.3598,2.2095,2.654,"OK"
"TCGA-LUSC","b43ead60-cb91-489a-88f1-169086a28ed9","TCGA-22-4593-11A-01R-1820-07","TCGA-22-4593","Solid Tissue Normal","EPHB2","ENSG00000133216",1245,3.459,1.0384,1.2473,"OK"
"TCGA-LUSC","f822b8ac-5682-4ae1-8250-9f204fa540ea","TCGA-22-5478-11A-11R-1635-07","TCGA-22-5478","Solid Tissue Normal","JAK3","ENSG00000105639",993,6.2387,1.7828,1.9853,"OK"
"TCGA-LUSC","f822b8ac-5682-4ae1-8250-9f204fa540ea","TCGA-22-5478-11A-11R-1635-07","TCGA-22-5478","Solid Tissue Normal","EPHB2","ENSG00000133216",362,1.238,0.3538,0.394,"OK"
"TCGA-LUSC","67cef8d6-bb60-4f32-b55e-4b0e32bc4b0d","TCGA-39-5019-01A-01R-1820-07","TCGA-39-5019","Primary Tumor","JAK3","ENSG00000105639",1479,7.7612,2.4649,2.6162,"OK"
"TCGA-LUSC","67cef8d6-bb60-4f32-b55e-4b0e32bc4b0d","TCGA-39-5019-01A-01R-1820-07","TCGA-39-5019","Primary Tumor","EPHB2","ENSG00000133216",1226,3.5021,1.1122,1.1805,"OK"
"TCGA-LUSC","425145f9-793b-4bc6-95cb-74352edee797","TCGA-85-7696-01A-11R-2125-07","TCGA-85-7696","Primary Tumor","JAK3","ENSG00000105639",994,6.7246,2.0056,2.0591,"OK"
"TCGA-LUSC","425145f9-793b-4bc6-95cb-74352edee797","TCGA-85-7696-01A-11R-2125-07","TCGA-85-7696","Primary Tumor","EPHB2","ENSG00000133216",2428,8.9413,2.6668,2.7379,"OK"
"TCGA-LUSC","e9b58b5f-9246-4bf1-b921-1da50b471ceb","TCGA-18-3421-01A-01R-0980-07","TCGA-18-3421","Primary Tumor","JAK3","ENSG00000105639",430,3.9286,1.4545,1.8267,"OK"
"TCGA-LUSC","e9b58b5f-9246-4bf1-b921-1da50b471ceb","TCGA-18-3421-01A-01R-0980-07","TCGA-18-3421","Primary Tumor","EPHB2","ENSG00000133216",1394,6.9328,2.5667,3.2235,"OK"
"TCGA-LUSC","b246f559-0026-4ca2-97af-2a783e6609c3","TCGA-56-8309-01A-11R-2296-07","TCGA-56-8309","Primary Tumor","JAK3","ENSG00000105639",7890,70.5023,23.8069,24.0667,"OK"
"TCGA-LUSC","b246f559-0026-4ca2-97af-2a783e6609c3","TCGA-56-8309-01A-11R-2296-07","TCGA-56-8309","Primary Tumor","EPHB2","ENSG00000133216",5120,24.904,8.4095,8.5012,"OK"
"TCGA-LUSC","e1f2dc8e-a550-404a-b2b1-b559f24270e6","TCGA-85-8072-01A-31R-2247-07","TCGA-85-8072","Primary Tumor","JAK3","ENSG00000105639",655,10.9567,3.2748,3.0463,"OK"
"TCGA-LUSC","e1f2dc8e-a550-404a-b2b1-b559f24270e6","TCGA-85-8072-01A-31R-2247-07","TCGA-85-8072","Primary Tumor","EPHB2","ENSG00000133216",868,7.9037,2.3623,2.1975,"OK"
"TCGA-LUSC","7d832824-0767-4801-b8bb-4ac0a231511f","TCGA-66-2756-01A-01R-0851-07","TCGA-66-2756","Primary Tumor","JAK3","ENSG00000105639",825,7.3339,2.3996,2.3284,"OK"
"TCGA-LUSC","7d832824-0767-4801-b8bb-4ac0a231511f","TCGA-66-2756-01A-01R-0851-07","TCGA-66-2756","Primary Tumor","EPHB2","ENSG00000133216",420,2.0324,0.665,0.6453,"OK"
"TCGA-LUSC","ef5d5338-8447-46d7-b573-4c812f540b32","TCGA-34-5929-01A-11R-1820-07","TCGA-34-5929","Primary Tumor","JAK3","ENSG00000105639",10584,58.8835,15.5694,15.2282,"OK"
"TCGA-LUSC","ef5d5338-8447-46d7-b573-4c812f540b32","TCGA-34-5929-01A-11R-1820-07","TCGA-34-5929","Primary Tumor","EPHB2","ENSG00000133216",11713,35.4719,9.3791,9.1736,"OK"
"TCGA-LUSC","0827512b-4fd5-405e-ba15-fb69ee8fddba","TCGA-56-7579-01A-11R-2045-07","TCGA-56-7579","Primary Tumor","JAK3","ENSG00000105639",621,5.9835,2.0173,1.9663,"OK"
"TCGA-LUSC","0827512b-4fd5-405e-ba15-fb69ee8fddba","TCGA-56-7579-01A-11R-2045-07","TCGA-56-7579","Primary Tumor","EPHB2","ENSG00000133216",332,1.7413,0.5871,0.5722,"OK"
"TCGA-LUSC","7ffac92b-a35c-4283-882c-806a2e28a963","TCGA-51-4079-11A-01R-1758-07","TCGA-51-4079","Solid Tissue Normal","JAK3","ENSG00000105639",1471,5.0297,1.5261,1.7812,"OK"
"TCGA-LUSC","7ffac92b-a35c-4283-882c-806a2e28a963","TCGA-51-4079-11A-01R-1758-07","TCGA-51-4079","Solid Tissue Normal","EPHB2","ENSG00000133216",1022,1.9022,0.5772,0.6736,"OK"
"TCGA-LUSC","19523b40-a72b-47d3-acad-9720a26128ed","TCGA-LA-A446-01A-21R-A24Z-07","TCGA-LA-A446","Primary Tumor","JAK3","ENSG00000105639",699,7.5439,2.144,2.1261,"OK"
"TCGA-LUSC","19523b40-a72b-47d3-acad-9720a26128ed","TCGA-LA-A446-01A-21R-A24Z-07","TCGA-LA-A446","Primary Tumor","EPHB2","ENSG00000133216",488,2.8669,0.8148,0.808,"OK"
"TCGA-LUSC","159c6763-6fc8-4ed6-b21d-7458b1289978","TCGA-22-5474-01A-01R-1635-07","TCGA-22-5474","Primary Tumor","JAK3","ENSG00000105639",2687,14.6712,5.494,5.4065,"OK"
"TCGA-LUSC","159c6763-6fc8-4ed6-b21d-7458b1289978","TCGA-22-5474-01A-01R-1635-07","TCGA-22-5474","Primary Tumor","EPHB2","ENSG00000133216",2853,8.4796,3.1754,3.1248,"OK"
"TCGA-LUSC","741148a5-d9b6-412d-9dfe-a5ccd9717de5","TCGA-85-A4CL-01A-41R-A26W-07","TCGA-85-A4CL","Primary Tumor","JAK3","ENSG00000105639",1994,14.154,5.6665,6.5926,"OK"
"TCGA-LUSC","741148a5-d9b6-412d-9dfe-a5ccd9717de5","TCGA-85-A4CL-01A-41R-A26W-07","TCGA-85-A4CL","Primary Tumor","EPHB2","ENSG00000133216",465,1.7967,0.7193,0.8369,"OK"
"TCGA-LUSC","343f1771-4a3d-4a03-9eb0-319dada0b373","TCGA-85-A4QQ-01A-41R-A262-07","TCGA-85-A4QQ","Primary Tumor","JAK3","ENSG00000105639",363,3.1286,1.0143,1.175,"OK"
"TCGA-LUSC","343f1771-4a3d-4a03-9eb0-319dada0b373","TCGA-85-A4QQ-01A-41R-A262-07","TCGA-85-A4QQ","Primary Tumor","EPHB2","ENSG00000133216",2213,10.3823,3.3662,3.8992,"OK"
"TCGA-LUSC","8b127afe-679e-4ec3-9146-daa98d3ce047","TCGA-66-2790-01A-01R-0980-07","TCGA-66-2790","Primary Tumor","JAK3","ENSG00000105639",5570,46.4229,14.6142,13.7616,"OK"
"TCGA-LUSC","8b127afe-679e-4ec3-9146-daa98d3ce047","TCGA-66-2790-01A-01R-0980-07","TCGA-66-2790","Primary Tumor","EPHB2","ENSG00000133216",2718,12.331,3.8819,3.6554,"OK"
"TCGA-LUSC","4473e5ec-dee9-462c-8433-c51b29c4626e","TCGA-37-A5EN-01A-21R-A26W-07","TCGA-37-A5EN","Primary Tumor","JAK3","ENSG00000105639",424,7.0379,2.3223,2.1986,"OK"
"TCGA-LUSC","4473e5ec-dee9-462c-8433-c51b29c4626e","TCGA-37-A5EN-01A-21R-A26W-07","TCGA-37-A5EN","Primary Tumor","EPHB2","ENSG00000133216",676,6.108,2.0154,1.9081,"OK"
"TCGA-LUSC","bfd852d9-9d72-4a3b-8ef3-e1435ef376fb","TCGA-56-7580-11A-01R-2045-07","TCGA-56-7580","Solid Tissue Normal","JAK3","ENSG00000105639",835,6.7887,2.0693,2.2184,"OK"
"TCGA-LUSC","bfd852d9-9d72-4a3b-8ef3-e1435ef376fb","TCGA-56-7580-11A-01R-2045-07","TCGA-56-7580","Solid Tissue Normal","EPHB2","ENSG00000133216",1303,5.7666,1.7578,1.8844,"OK"
"TCGA-LUSC","0d7c7ed6-8fc3-42c1-9669-297584b110c5","TCGA-22-5477-01A-01R-1635-07","TCGA-22-5477","Primary Tumor","JAK3","ENSG00000105639",950,6.9274,1.7721,1.8026,"OK"
"TCGA-LUSC","0d7c7ed6-8fc3-42c1-9669-297584b110c5","TCGA-22-5477-01A-01R-1635-07","TCGA-22-5477","Primary Tumor","EPHB2","ENSG00000133216",937,3.7193,0.9514,0.9678,"OK"
"TCGA-LUSC","b6c1dec1-e51f-48e9-90b3-3b47ae8de832","TCGA-98-A539-01A-31R-A262-07","TCGA-98-A539","Primary Tumor","JAK3","ENSG00000105639",904,8.2844,2.7356,2.9943,"OK"
"TCGA-LUSC","b6c1dec1-e51f-48e9-90b3-3b47ae8de832","TCGA-98-A539-01A-31R-A262-07","TCGA-98-A539","Primary Tumor","EPHB2","ENSG00000133216",1501,7.4876,2.4725,2.7063,"OK"
"TCGA-LUSC","edc9bf50-9542-433d-af38-283b4e77f17b","TCGA-66-2734-01A-01R-0980-07","TCGA-66-2734","Primary Tumor","JAK3","ENSG00000105639",1392,10.7268,3.0635,3.2596,"OK"
"TCGA-LUSC","edc9bf50-9542-433d-af38-283b4e77f17b","TCGA-66-2734-01A-01R-0980-07","TCGA-66-2734","Primary Tumor","EPHB2","ENSG00000133216",6078,25.4956,7.2814,7.7474,"OK"
"TCGA-LUSC","125a1d73-c62c-4776-85ae-bc50871f22bf","TCGA-21-1077-01A-01R-0692-07","TCGA-21-1077","Primary Tumor","JAK3","ENSG00000105639",727,5.6453,1.962,2.0345,"OK"
"TCGA-LUSC","125a1d73-c62c-4776-85ae-bc50871f22bf","TCGA-21-1077-01A-01R-0692-07","TCGA-21-1077","Primary Tumor","EPHB2","ENSG00000133216",829,3.5041,1.2179,1.2629,"OK"
"TCGA-LUSC","c5922138-4e15-4546-b8a2-8cec6917262d","TCGA-51-4081-11A-01R-1758-07","TCGA-51-4081","Solid Tissue Normal","JAK3","ENSG00000105639",5072,16.588,6.2479,7.2678,"OK"
"TCGA-LUSC","c5922138-4e15-4546-b8a2-8cec6917262d","TCGA-51-4081-11A-01R-1758-07","TCGA-51-4081","Solid Tissue Normal","EPHB2","ENSG00000133216",1275,2.2698,0.8549,0.9945,"OK"
"TCGA-LUSC","b584825e-de20-44cb-bb1f-40db9b98fb3e","TCGA-22-1002-01A-01R-0692-07","TCGA-22-1002","Primary Tumor","JAK3","ENSG00000105639",1070,10.0738,3.2989,3.4432,"OK"
"TCGA-LUSC","b584825e-de20-44cb-bb1f-40db9b98fb3e","TCGA-22-1002-01A-01R-0692-07","TCGA-22-1002","Primary Tumor","EPHB2","ENSG00000133216",1105,5.663,1.8545,1.9356,"OK"
"TCGA-LUSC","f3705f68-9ed0-4945-9554-5cb2a7dd20dc","TCGA-22-A5C4-01A-12R-A27Q-07","TCGA-22-A5C4","Primary Tumor","JAK3","ENSG00000105639",560,4.8777,1.4006,1.3752,"OK"
"TCGA-LUSC","f3705f68-9ed0-4945-9554-5cb2a7dd20dc","TCGA-22-A5C4-01A-12R-A27Q-07","TCGA-22-A5C4","Primary Tumor","EPHB2","ENSG00000133216",363,1.7211,0.4942,0.4852,"OK"
"TCGA-LUSC","ef229777-5389-4bc3-a2cd-f885d7b5f3b8","TCGA-90-7767-11A-01R-2125-07","TCGA-90-7767","Solid Tissue Normal","JAK3","ENSG00000105639",658,4.3981,1.2152,1.2938,"OK"
"TCGA-LUSC","ef229777-5389-4bc3-a2cd-f885d7b5f3b8","TCGA-90-7767-11A-01R-2125-07","TCGA-90-7767","Solid Tissue Normal","EPHB2","ENSG00000133216",614,2.234,0.6173,0.6572,"OK"
"TCGA-LUSC","1a80f876-7306-4068-998a-3f32849173ca","TCGA-90-7767-01A-11R-2125-07","TCGA-90-7767","Primary Tumor","JAK3","ENSG00000105639",2221,21.5337,5.2578,5.5676,"OK"
"TCGA-LUSC","1a80f876-7306-4068-998a-3f32849173ca","TCGA-90-7767-01A-11R-2125-07","TCGA-90-7767","Primary Tumor","EPHB2","ENSG00000133216",4802,25.3434,6.1881,6.5526,"OK"
"TCGA-LUSC","f9c798c4-0efd-4887-8535-6e2e0298556e","TCGA-34-2608-01A-02R-0851-07","TCGA-34-2608","Primary Tumor","JAK3","ENSG00000105639",1772,11.5918,4.3517,4.6645,"OK"
"TCGA-LUSC","f9c798c4-0efd-4887-8535-6e2e0298556e","TCGA-34-2608-01A-02R-0851-07","TCGA-34-2608","Primary Tumor","EPHB2","ENSG00000133216",4259,15.1659,5.6935,6.1027,"OK"
"TCGA-LUSC","bbf261ac-5cb3-425e-b12a-b236aafde297","TCGA-22-5482-11A-01R-1635-07","TCGA-22-5482","Solid Tissue Normal","JAK3","ENSG00000105639",1913,12.1442,3.2263,3.5271,"OK"
"TCGA-LUSC","bbf261ac-5cb3-425e-b12a-b236aafde297","TCGA-22-5482-11A-01R-1635-07","TCGA-22-5482","Solid Tissue Normal","EPHB2","ENSG00000133216",872,3.0133,0.8005,0.8752,"OK"
"TCGA-LUSC","736d8419-1f66-49d6-83c7-e37b2fbff267","TCGA-56-8083-11A-01R-2247-07","TCGA-56-8083","Solid Tissue Normal","JAK3","ENSG00000105639",470,4.8198,1.4415,1.6006,"OK"
"TCGA-LUSC","736d8419-1f66-49d6-83c7-e37b2fbff267","TCGA-56-8083-11A-01R-2247-07","TCGA-56-8083","Solid Tissue Normal","EPHB2","ENSG00000133216",245,1.3676,0.409,0.4542,"OK"
"TCGA-LUSC","6f0c63cb-fffb-4305-9e1a-ccb9ff5ea2cc","TCGA-22-1016-01A-01R-A96U-41","TCGA-22-1016","Primary Tumor","JAK3","ENSG00000105639",3727,23.9929,9.3054,8.8428,"OK"
"TCGA-LUSC","6f0c63cb-fffb-4305-9e1a-ccb9ff5ea2cc","TCGA-22-1016-01A-01R-A96U-41","TCGA-22-1016","Primary Tumor","EPHB2","ENSG00000133216",3853,13.5019,5.2366,4.9762,"OK"
"TCGA-LUSC","454cc158-5444-4201-9672-ef1d1f0516ed","TCGA-NC-A5HK-01A-11R-A26W-07","TCGA-NC-A5HK","Primary Tumor","JAK3","ENSG00000105639",3478,31.5497,9.1881,8.7843,"OK"
"TCGA-LUSC","454cc158-5444-4201-9672-ef1d1f0516ed","TCGA-NC-A5HK-01A-11R-A26W-07","TCGA-NC-A5HK","Primary Tumor","EPHB2","ENSG00000133216",4566,22.5462,6.566,6.2775,"OK"
"TCGA-LUSC","77a13fe7-8524-41b6-b1b0-8f06d80f5cc4","TCGA-77-A5G3-01A-31R-A27Q-07","TCGA-77-A5G3","Primary Tumor","JAK3","ENSG00000105639",579,6.5781,1.7858,1.7495,"OK"
"TCGA-LUSC","77a13fe7-8524-41b6-b1b0-8f06d80f5cc4","TCGA-77-A5G3-01A-31R-A27Q-07","TCGA-77-A5G3","Primary Tumor","EPHB2","ENSG00000133216",545,3.3705,0.915,0.8964,"OK"
"TCGA-LUSC","e4f1f5e7-b13d-4968-a6cc-b877f107e470","TCGA-LA-A7SW-01A-11R-A405-07","TCGA-LA-A7SW","Primary Tumor","JAK3","ENSG00000105639",1686,19.6487,5.4281,5.4596,"OK"
"TCGA-LUSC","e4f1f5e7-b13d-4968-a6cc-b877f107e470","TCGA-LA-A7SW-01A-11R-A405-07","TCGA-LA-A7SW","Primary Tumor","EPHB2","ENSG00000133216",3200,20.3002,5.608,5.6406,"OK"
"TCGA-LUSC","3be772ed-21fa-4d87-9e58-fc9f9b7b9323","TCGA-37-4133-01A-01R-1100-07","TCGA-37-4133","Primary Tumor","JAK3","ENSG00000105639",770,6.1838,2.1515,2.5164,"OK"
"TCGA-LUSC","3be772ed-21fa-4d87-9e58-fc9f9b7b9323","TCGA-37-4133-01A-01R-1100-07","TCGA-37-4133","Primary Tumor","EPHB2","ENSG00000133216",1182,5.1672,1.7978,2.1027,"OK"
"TCGA-LUSC","c7574a06-b8b5-4f6b-a207-c8070d3e442e","TCGA-60-2725-01A-01R-1201-07","TCGA-60-2725","Primary Tumor","JAK3","ENSG00000105639",3147,32.1138,10.31,10.09,"OK"
"TCGA-LUSC","c7574a06-b8b5-4f6b-a207-c8070d3e442e","TCGA-60-2725-01A-01R-1201-07","TCGA-60-2725","Primary Tumor","EPHB2","ENSG00000133216",1362,7.5656,2.4289,2.3771,"OK"
"TCGA-LUSC","6359ce06-e708-45bb-9305-6780635d17be","TCGA-34-8454-11A-01R-2326-07","TCGA-34-8454","Solid Tissue Normal","JAK3","ENSG00000105639",1603,16.2179,5.3143,5.743,"OK"
"TCGA-LUSC","6359ce06-e708-45bb-9305-6780635d17be","TCGA-34-8454-11A-01R-2326-07","TCGA-34-8454","Solid Tissue Normal","EPHB2","ENSG00000133216",687,3.7835,1.2398,1.3398,"OK"
"TCGA-LUSC","ac8b8255-d058-4a35-9aa3-7b541e6ece12","TCGA-O2-A52W-01A-11R-A26W-07","TCGA-O2-A52W","Primary Tumor","JAK3","ENSG00000105639",410,3.3306,1.3626,1.5617,"OK"
"TCGA-LUSC","ac8b8255-d058-4a35-9aa3-7b541e6ece12","TCGA-O2-A52W-01A-11R-A26W-07","TCGA-O2-A52W","Primary Tumor","EPHB2","ENSG00000133216",94,0.4157,0.1701,0.1949,"OK"
"TCGA-LUSC","ac55bde0-199a-410d-8127-e2ac2a320e2b","TCGA-37-A5EM-01A-21R-A27Q-07","TCGA-37-A5EM","Primary Tumor","JAK3","ENSG00000105639",946,10.708,3.1561,3.1157,"OK"
"TCGA-LUSC","ac55bde0-199a-410d-8127-e2ac2a320e2b","TCGA-37-A5EM-01A-21R-A27Q-07","TCGA-37-A5EM","Primary Tumor","EPHB2","ENSG00000133216",528,3.2533,0.9589,0.9466,"OK"
"TCGA-LUSC","9aa3bf8f-8422-4c86-8809-b82d7117c3a2","TCGA-21-1076-01A-01R-0692-07","TCGA-21-1076","Primary Tumor","JAK3","ENSG00000105639",3252,25.9542,8.6576,8.7676,"OK"
"TCGA-LUSC","9aa3bf8f-8422-4c86-8809-b82d7117c3a2","TCGA-21-1076-01A-01R-0692-07","TCGA-21-1076","Primary Tumor","EPHB2","ENSG00000133216",1580,6.8642,2.2897,2.3188,"OK"
"TCGA-LUSC","fd22fbac-3add-4e12-8bba-49f42e0bb39a","TCGA-O2-A52N-01A-11R-A26W-07","TCGA-O2-A52N","Primary Tumor","JAK3","ENSG00000105639",1227,13.5208,4.1202,4.4727,"OK"
"TCGA-LUSC","fd22fbac-3add-4e12-8bba-49f42e0bb39a","TCGA-O2-A52N-01A-11R-A26W-07","TCGA-O2-A52N","Primary Tumor","EPHB2","ENSG00000133216",1506,9.0335,2.7528,2.9883,"OK"
"TCGA-LUSC","3b38f2f6-1dc9-415f-ba13-54ecbaa82235","TCGA-66-2763-01A-01R-0851-07","TCGA-66-2763","Primary Tumor","JAK3","ENSG00000105639",872,5.4754,1.8168,1.8615,"OK"
"TCGA-LUSC","3b38f2f6-1dc9-415f-ba13-54ecbaa82235","TCGA-66-2763-01A-01R-0851-07","TCGA-66-2763","Primary Tumor","EPHB2","ENSG00000133216",436,1.4902,0.4945,0.5066,"OK"
"TCGA-LUSC","b5feeedd-4ceb-427e-af82-dc206f05c68b","TCGA-66-2767-01A-01R-0851-07","TCGA-66-2767","Primary Tumor","JAK3","ENSG00000105639",2935,19.6216,7.7787,8.1172,"OK"
"TCGA-LUSC","b5feeedd-4ceb-427e-af82-dc206f05c68b","TCGA-66-2767-01A-01R-0851-07","TCGA-66-2767","Primary Tumor","EPHB2","ENSG00000133216",1416,5.153,2.0428,2.1317,"OK"
"TCGA-LUSC","50cca459-fde7-4cd3-a21c-5b60bdb3403b","TCGA-21-1076-01A-02R-0692-07","TCGA-21-1076","Primary Tumor","JAK3","ENSG00000105639",3230,25.3911,8.1466,8.174,"OK"
"TCGA-LUSC","50cca459-fde7-4cd3-a21c-5b60bdb3403b","TCGA-21-1076-01A-02R-0692-07","TCGA-21-1076","Primary Tumor","EPHB2","ENSG00000133216",1830,7.8307,2.5125,2.5209,"OK"
"TCGA-LUSC","19fb2e8f-1227-4388-b553-1fc39c26ed48","TCGA-63-7021-01A-11R-1949-07","TCGA-63-7021","Primary Tumor","JAK3","ENSG00000105639",1491,12.4354,5.3087,5.8202,"OK"
"TCGA-LUSC","19fb2e8f-1227-4388-b553-1fc39c26ed48","TCGA-63-7021-01A-11R-1949-07","TCGA-63-7021","Primary Tumor","EPHB2","ENSG00000133216",741,3.3641,1.4362,1.5745,"OK"
"TCGA-LUSC","46c07a84-2b4b-4a9b-80ef-86deb142530f","TCGA-21-1082-01A-01R-A96U-41","TCGA-21-1082","Primary Tumor","JAK3","ENSG00000105639",1851,11.7715,4.9283,4.5064,"OK"
"TCGA-LUSC","46c07a84-2b4b-4a9b-80ef-86deb142530f","TCGA-21-1082-01A-01R-A96U-41","TCGA-21-1082","Primary Tumor","EPHB2","ENSG00000133216",1394,4.8257,2.0203,1.8474,"OK"
"TCGA-LUSC","8dc3309f-0346-478c-a704-872a046ff2aa","TCGA-92-7341-01A-31R-2045-07","TCGA-92-7341","Primary Tumor","JAK3","ENSG00000105639",618,4.8746,1.4122,1.5036,"OK"
"TCGA-LUSC","8dc3309f-0346-478c-a704-872a046ff2aa","TCGA-92-7341-01A-31R-2045-07","TCGA-92-7341","Primary Tumor","EPHB2","ENSG00000133216",1657,7.1145,2.0611,2.1946,"OK"
"TCGA-LUSC","55a9ef90-80c4-45af-b65f-8c3766ad93a6","TCGA-NK-A5CR-01A-11R-A26W-07","TCGA-NK-A5CR","Primary Tumor","JAK3","ENSG00000105639",192,3.2564,0.9792,0.9463,"OK"
"TCGA-LUSC","55a9ef90-80c4-45af-b65f-8c3766ad93a6","TCGA-NK-A5CR-01A-11R-A26W-07","TCGA-NK-A5CR","Primary Tumor","EPHB2","ENSG00000133216",480,4.4314,1.3325,1.2878,"OK"
"TCGA-LUSC","2ea24d12-dddd-4628-ab66-5c70805b07e2","TCGA-56-8629-01A-11R-2403-07","TCGA-56-8629","Primary Tumor","JAK3","ENSG00000105639",1208,14.4622,4.2651,4.3133,"OK"
"TCGA-LUSC","2ea24d12-dddd-4628-ab66-5c70805b07e2","TCGA-56-8629-01A-11R-2403-07","TCGA-56-8629","Primary Tumor","EPHB2","ENSG00000133216",6618,43.1289,12.7193,12.863,"OK"
"TCGA-LUSC","aed4a5df-f3ea-42de-b060-4b2167a3e3fc","TCGA-34-5236-01A-21R-1820-07","TCGA-34-5236","Primary Tumor","JAK3","ENSG00000105639",1650,7.9819,2.4189,2.6487,"OK"
"TCGA-LUSC","aed4a5df-f3ea-42de-b060-4b2167a3e3fc","TCGA-34-5236-01A-21R-1820-07","TCGA-34-5236","Primary Tumor","EPHB2","ENSG00000133216",2236,5.888,1.7843,1.9539,"OK"
"TCGA-LUSC","61972b59-3834-4f86-b340-ee15b1a530ee","TCGA-56-8201-01A-11R-2247-07","TCGA-56-8201","Primary Tumor","JAK3","ENSG00000105639",4445,56.9803,16.0256,16.8855,"OK"
"TCGA-LUSC","61972b59-3834-4f86-b340-ee15b1a530ee","TCGA-56-8201-01A-11R-2247-07","TCGA-56-8201","Primary Tumor","EPHB2","ENSG00000133216",1029,7.1803,2.0194,2.1278,"OK"
"TCGA-LUSC","3bbd159a-d840-443f-9c57-060928bb51ef","TCGA-66-2737-01A-01R-0980-07","TCGA-66-2737","Primary Tumor","JAK3","ENSG00000105639",1046,9.0806,2.8478,3.0877,"OK"
"TCGA-LUSC","3bbd159a-d840-443f-9c57-060928bb51ef","TCGA-66-2737-01A-01R-0980-07","TCGA-66-2737","Primary Tumor","EPHB2","ENSG00000133216",1339,6.3276,1.9844,2.1516,"OK"
"TCGA-LUSC","d1f98c65-fd27-4893-a5c5-bc0bfe16ac5f","TCGA-56-7222-11A-01R-2045-07","TCGA-56-7222","Solid Tissue Normal","JAK3","ENSG00000105639",312,2.1918,0.6725,0.7686,"OK"
"TCGA-LUSC","d1f98c65-fd27-4893-a5c5-bc0bfe16ac5f","TCGA-56-7222-11A-01R-2045-07","TCGA-56-7222","Solid Tissue Normal","EPHB2","ENSG00000133216",234,0.8948,0.2745,0.3138,"OK"
"TCGA-LUSC","420632d5-48e3-45f1-8480-3ec4d381ea55","TCGA-56-8201-11A-01R-2247-07","TCGA-56-8201","Solid Tissue Normal","JAK3","ENSG00000105639",772,9.0091,2.6784,3.1353,"OK"
"TCGA-LUSC","420632d5-48e3-45f1-8480-3ec4d381ea55","TCGA-56-8201-11A-01R-2247-07","TCGA-56-8201","Solid Tissue Normal","EPHB2","ENSG00000133216",282,1.7914,0.5326,0.6234,"OK"
"TCGA-LUSC","e177e706-936f-4fba-be45-ba53ca518daf","TCGA-63-A5MH-01A-12R-A27Q-07","TCGA-63-A5MH","Primary Tumor","JAK3","ENSG00000105639",779,10.4859,2.9476,2.9279,"OK"
"TCGA-LUSC","e177e706-936f-4fba-be45-ba53ca518daf","TCGA-63-A5MH-01A-12R-A27Q-07","TCGA-63-A5MH","Primary Tumor","EPHB2","ENSG00000133216",1591,11.6577,3.277,3.2551,"OK"
"TCGA-LUSC","676b25a9-1156-4b4e-84ed-94d4d3b2250b","TCGA-33-4586-01A-01R-1443-07","TCGA-33-4586","Primary Tumor","JAK3","ENSG00000105639",376,3.2607,0.8922,0.9562,"OK"
"TCGA-LUSC","676b25a9-1156-4b4e-84ed-94d4d3b2250b","TCGA-33-4586-01A-01R-1443-07","TCGA-33-4586","Primary Tumor","EPHB2","ENSG00000133216",1202,5.6741,1.5525,1.664,"OK"
"TCGA-LUSC","14e565dd-f3cd-4d99-9d11-d7b9b5165ea1","TCGA-33-4587-11A-01R-2125-07","TCGA-33-4587","Solid Tissue Normal","JAK3","ENSG00000105639",466,3.8433,1.2893,1.5947,"OK"
"TCGA-LUSC","14e565dd-f3cd-4d99-9d11-d7b9b5165ea1","TCGA-33-4587-11A-01R-2125-07","TCGA-33-4587","Solid Tissue Normal","EPHB2","ENSG00000133216",362,1.6252,0.5452,0.6743,"OK"
"TCGA-LUSC","fc958a6c-f283-4047-9450-269e2c99c8ad","TCGA-37-4141-01A-02R-1100-07","TCGA-37-4141","Primary Tumor","JAK3","ENSG00000105639",1046,7.9112,2.7055,2.5926,"OK"
"TCGA-LUSC","fc958a6c-f283-4047-9450-269e2c99c8ad","TCGA-37-4141-01A-02R-1100-07","TCGA-37-4141","Primary Tumor","EPHB2","ENSG00000133216",1266,5.2122,1.7824,1.7081,"OK"
"TCGA-LUSC","dc26c8dc-9cb5-489f-9138-f748faa3b3f5","TCGA-56-A62T-01A-11R-A405-07","TCGA-56-A62T","Primary Tumor","JAK3","ENSG00000105639",696,6.6102,1.8294,1.9256,"OK"
"TCGA-LUSC","dc26c8dc-9cb5-489f-9138-f748faa3b3f5","TCGA-56-A62T-01A-11R-A405-07","TCGA-56-A62T","Primary Tumor","EPHB2","ENSG00000133216",5736,29.6544,8.2069,8.6384,"OK"
"TCGA-LUSC","95f2d1a0-0e60-43f6-85c2-359c1436aa20","TCGA-21-1072-01A-01R-0692-07","TCGA-21-1072","Primary Tumor","JAK3","ENSG00000105639",465,4.3141,1.1539,1.1873,"OK"
"TCGA-LUSC","95f2d1a0-0e60-43f6-85c2-359c1436aa20","TCGA-21-1072-01A-01R-0692-07","TCGA-21-1072","Primary Tumor","EPHB2","ENSG00000133216",1240,6.2622,1.6749,1.7234,"OK"
"TCGA-LUSC","65f6be62-f7a5-4251-9937-0f46a424822f","TCGA-56-7730-01A-11R-2125-07","TCGA-56-7730","Primary Tumor","JAK3","ENSG00000105639",538,3.4681,1.0059,1.0085,"OK"
"TCGA-LUSC","65f6be62-f7a5-4251-9937-0f46a424822f","TCGA-56-7730-01A-11R-2125-07","TCGA-56-7730","Primary Tumor","EPHB2","ENSG00000133216",1797,6.3056,1.829,1.8336,"OK"
"TCGA-LUSC","4a5f6af0-e0d1-4657-9bdc-85eb6c31ffbb","TCGA-56-7730-11A-01R-2125-07","TCGA-56-7730","Solid Tissue Normal","JAK3","ENSG00000105639",353,3.1241,1.052,1.2588,"OK"
"TCGA-LUSC","4a5f6af0-e0d1-4657-9bdc-85eb6c31ffbb","TCGA-56-7730-11A-01R-2125-07","TCGA-56-7730","Solid Tissue Normal","EPHB2","ENSG00000133216",322,1.5512,0.5224,0.6251,"OK"
"TCGA-LUSC","0e480f18-0e72-444e-b7e1-956a439471ad","TCGA-77-8130-01A-11R-2247-07","TCGA-77-8130","Primary Tumor","JAK3","ENSG00000105639",452,5.8173,1.6061,2.1259,"OK"
"TCGA-LUSC","0e480f18-0e72-444e-b7e1-956a439471ad","TCGA-77-8130-01A-11R-2247-07","TCGA-77-8130","Primary Tumor","EPHB2","ENSG00000133216",4129,28.927,7.9864,10.5711,"OK"
"TCGA-LUSC","81f72f24-60e5-4d8f-a4de-41ef4a652243","TCGA-63-A5MV-01A-21R-A26W-07","TCGA-63-A5MV","Primary Tumor","JAK3","ENSG00000105639",1125,11.972,3.9835,3.8295,"OK"
"TCGA-LUSC","81f72f24-60e5-4d8f-a4de-41ef4a652243","TCGA-63-A5MV-01A-21R-A26W-07","TCGA-63-A5MV","Primary Tumor","EPHB2","ENSG00000133216",1825,10.5718,3.5176,3.3816,"OK"
"TCGA-LUSC","c5cdf98d-fb4e-4869-9e86-259a497b904e","TCGA-66-2794-01A-01R-1201-07","TCGA-66-2794","Primary Tumor","JAK3","ENSG00000105639",1116,12.6312,3.7659,3.8208,"OK"
"TCGA-LUSC","c5cdf98d-fb4e-4869-9e86-259a497b904e","TCGA-66-2794-01A-01R-1201-07","TCGA-66-2794","Primary Tumor","EPHB2","ENSG00000133216",475,2.9265,0.8725,0.8852,"OK"
"TCGA-LUSC","e4d47a4b-0dd3-471f-86e7-7c682d646e98","TCGA-39-5031-01A-01R-1443-07","TCGA-39-5031","Primary Tumor","JAK3","ENSG00000105639",906,7.0524,2.5993,2.5073,"OK"
"TCGA-LUSC","e4d47a4b-0dd3-471f-86e7-7c682d646e98","TCGA-39-5031-01A-01R-1443-07","TCGA-39-5031","Primary Tumor","EPHB2","ENSG00000133216",1400,5.9321,2.1864,2.109,"OK"
"TCGA-LUSC","a94794ac-2691-4a8a-8329-c5aae6669d16","TCGA-66-2793-01A-01R-1201-07","TCGA-66-2793","Primary Tumor","JAK3","ENSG00000105639",281,4.1948,1.1113,1.0297,"OK"
"TCGA-LUSC","a94794ac-2691-4a8a-8329-c5aae6669d16","TCGA-66-2793-01A-01R-1201-07","TCGA-66-2793","Primary Tumor","EPHB2","ENSG00000133216",589,4.7863,1.268,1.1748,"OK"
"TCGA-LUSC","2f558b20-191a-4773-84f0-e8e61cef283b","TCGA-43-6143-01A-11R-1820-07","TCGA-43-6143","Primary Tumor","JAK3","ENSG00000105639",589,4.0868,1.0161,0.9331,"OK"
"TCGA-LUSC","2f558b20-191a-4773-84f0-e8e61cef283b","TCGA-43-6143-01A-11R-1820-07","TCGA-43-6143","Primary Tumor","EPHB2","ENSG00000133216",12077,45.6144,11.3413,10.4145,"OK"
"TCGA-LUSC","3f8a842f-7050-4119-9d01-84dc0434cc0d","TCGA-43-8116-01A-11R-2247-07","TCGA-43-8116","Primary Tumor","JAK3","ENSG00000105639",4921,66.6315,21.467,20.6741,"OK"
"TCGA-LUSC","3f8a842f-7050-4119-9d01-84dc0434cc0d","TCGA-43-8116-01A-11R-2247-07","TCGA-43-8116","Primary Tumor","EPHB2","ENSG00000133216",2930,21.5957,6.9576,6.7006,"OK"
"TCGA-LUSC","ef787e48-48bb-4b33-91d6-1fb9302bab0a","TCGA-21-5783-01A-41R-2187-07","TCGA-21-5783","Primary Tumor","JAK3","ENSG00000105639",1771,15.5923,3.8956,3.7898,"OK"
"TCGA-LUSC","ef787e48-48bb-4b33-91d6-1fb9302bab0a","TCGA-21-5783-01A-41R-2187-07","TCGA-21-5783","Primary Tumor","EPHB2","ENSG00000133216",8858,42.4521,10.6063,10.3183,"OK"
"TCGA-LUSC","2973cb07-6eeb-4df1-82da-2f4b3793c834","TCGA-O2-A52Q-01A-11R-A26W-07","TCGA-O2-A52Q","Primary Tumor","JAK3","ENSG00000105639",2074,23.2016,7.1218,7.486,"OK"
"TCGA-LUSC","2973cb07-6eeb-4df1-82da-2f4b3793c834","TCGA-O2-A52Q-01A-11R-A26W-07","TCGA-O2-A52Q","Primary Tumor","EPHB2","ENSG00000133216",2204,13.4213,4.1197,4.3304,"OK"
"TCGA-LUSC","586ef291-7051-40be-80a1-8049e5433202","TCGA-68-7757-01B-11R-2296-07","TCGA-68-7757","Primary Tumor","JAK3","ENSG00000105639",2178,23.0218,7.8453,8.1751,"OK"
"TCGA-LUSC","586ef291-7051-40be-80a1-8049e5433202","TCGA-68-7757-01B-11R-2296-07","TCGA-68-7757","Primary Tumor","EPHB2","ENSG00000133216",3257,18.7401,6.3862,6.6546,"OK"
"TCGA-LUSC","afa54e2a-f119-4729-9db4-9b98ba17ac44","TCGA-85-A510-01A-11R-A26W-07","TCGA-85-A510","Primary Tumor","JAK3","ENSG00000105639",970,14.1556,4.2552,3.8448,"OK"
"TCGA-LUSC","afa54e2a-f119-4729-9db4-9b98ba17ac44","TCGA-85-A510-01A-11R-A26W-07","TCGA-85-A510","Primary Tumor","EPHB2","ENSG00000133216",363,2.8836,0.8668,0.7832,"OK"
"TCGA-LUSC","bf456ccc-e7bb-40e0-9e92-03e6ced8564b","TCGA-18-3412-01A-01R-0980-07","TCGA-18-3412","Primary Tumor","JAK3","ENSG00000105639",580,4.601,1.4284,1.6457,"OK"
"TCGA-LUSC","bf456ccc-e7bb-40e0-9e92-03e6ced8564b","TCGA-18-3412-01A-01R-0980-07","TCGA-18-3412","Primary Tumor","EPHB2","ENSG00000133216",875,3.7783,1.173,1.3514,"OK"
"TCGA-LUSC","132e38da-ca1b-4fc5-a462-f1eab6fd2e6e","TCGA-43-6771-11A-01R-1820-07","TCGA-43-6771","Solid Tissue Normal","JAK3","ENSG00000105639",2639,14.6686,4.2224,5.0279,"OK"
"TCGA-LUSC","132e38da-ca1b-4fc5-a462-f1eab6fd2e6e","TCGA-43-6771-11A-01R-1820-07","TCGA-43-6771","Solid Tissue Normal","EPHB2","ENSG00000133216",374,1.1316,0.3257,0.3879,"OK"
"TCGA-LUSC","d6612221-f6c7-4adb-8402-7df979b35e03","TCGA-22-5483-11A-11R-1820-07","TCGA-22-5483","Solid Tissue Normal","JAK3","ENSG00000105639",1031,8.2202,2.4556,2.9942,"OK"
"TCGA-LUSC","d6612221-f6c7-4adb-8402-7df979b35e03","TCGA-22-5483-11A-11R-1820-07","TCGA-22-5483","Solid Tissue Normal","EPHB2","ENSG00000133216",520,2.2568,0.6742,0.822,"OK"
"TCGA-LUSC","7d6fc752-ce68-4605-bd57-6f76c102e59b","TCGA-58-A46J-01A-11R-A24H-07","TCGA-58-A46J","Primary Tumor","JAK3","ENSG00000105639",1547,12.9174,4.4372,4.5983,"OK"
"TCGA-LUSC","7d6fc752-ce68-4605-bd57-6f76c102e59b","TCGA-58-A46J-01A-11R-A24H-07","TCGA-58-A46J","Primary Tumor","EPHB2","ENSG00000133216",994,4.518,1.5519,1.6083,"OK"
"TCGA-LUSC","8d5a94c8-b3d9-4991-8ce9-f7aa9189938c","TCGA-98-A53A-01A-11R-A262-07","TCGA-98-A53A","Primary Tumor","JAK3","ENSG00000105639",1109,13.7401,4.0968,3.9348,"OK"
"TCGA-LUSC","8d5a94c8-b3d9-4991-8ce9-f7aa9189938c","TCGA-98-A53A-01A-11R-A262-07","TCGA-98-A53A","Primary Tumor","EPHB2","ENSG00000133216",3568,24.0633,7.1749,6.891,"OK"
"TCGA-LUSC","33ff6f1e-2bf3-4238-a329-f84cb9c28583","TCGA-43-7658-01A-11R-2125-07","TCGA-43-7658","Primary Tumor","JAK3","ENSG00000105639",1808,14.9606,3.8989,3.5924,"OK"
"TCGA-LUSC","33ff6f1e-2bf3-4238-a329-f84cb9c28583","TCGA-43-7658-01A-11R-2125-07","TCGA-43-7658","Primary Tumor","EPHB2","ENSG00000133216",6157,27.7328,7.2274,6.6594,"OK"
"TCGA-LUSC","752b0067-d61f-4c6f-bd71-46e0338f15de","TCGA-J1-A4AH-01A-31R-A24H-07","TCGA-J1-A4AH","Primary Tumor","JAK3","ENSG00000105639",307,5.9609,2.0736,1.9692,"OK"
"TCGA-LUSC","752b0067-d61f-4c6f-bd71-46e0338f15de","TCGA-J1-A4AH-01A-31R-A24H-07","TCGA-J1-A4AH","Primary Tumor","EPHB2","ENSG00000133216",620,6.5529,2.2796,2.1648,"OK"
"TCGA-LUSC","c65132d7-6682-423e-a972-0e0b499275b4","TCGA-43-A474-01A-11R-A24H-07","TCGA-43-A474","Primary Tumor","JAK3","ENSG00000105639",1248,13.4938,3.6816,3.826,"OK"
"TCGA-LUSC","c65132d7-6682-423e-a972-0e0b499275b4","TCGA-43-A474-01A-11R-A24H-07","TCGA-43-A474","Primary Tumor","EPHB2","ENSG00000133216",43,0.2531,0.069,0.0718,"OK"
"TCGA-LUSC","ecfadce6-835a-44ae-a0d8-92a79f71e1d8","TCGA-18-4083-01A-01R-A96U-41","TCGA-18-4083","Primary Tumor","JAK3","ENSG00000105639",1965,11.8477,4.6307,4.3907,"OK"
"TCGA-LUSC","ecfadce6-835a-44ae-a0d8-92a79f71e1d8","TCGA-18-4083-01A-01R-A96U-41","TCGA-18-4083","Primary Tumor","EPHB2","ENSG00000133216",1996,6.5509,2.5604,2.4278,"OK"
"TCGA-LUSC","a4b51d89-f5bf-44c1-9822-9bd033709681","TCGA-18-4083-01A-01R-1100-07","TCGA-18-4083","Primary Tumor","JAK3","ENSG00000105639",1366,11.9423,4.0886,3.9024,"OK"
"TCGA-LUSC","a4b51d89-f5bf-44c1-9822-9bd033709681","TCGA-18-4083-01A-01R-1100-07","TCGA-18-4083","Primary Tumor","EPHB2","ENSG00000133216",1183,5.6298,1.9274,1.8397,"OK"
"TCGA-LUSC","422c741f-5890-46fd-9135-c8534d40ff96","TCGA-56-6546-01A-11R-1820-07","TCGA-56-6546","Primary Tumor","JAK3","ENSG00000105639",4309,22.5555,8.6142,9.0787,"OK"
"TCGA-LUSC","422c741f-5890-46fd-9135-c8534d40ff96","TCGA-56-6546-01A-11R-1820-07","TCGA-56-6546","Primary Tumor","EPHB2","ENSG00000133216",3663,10.4373,3.9861,4.201,"OK"
"TCGA-LUSC","e10aaba3-1a82-405e-8fc5-81594351b775","TCGA-96-7545-01A-21R-2045-07","TCGA-96-7545","Primary Tumor","JAK3","ENSG00000105639",1046,8.4707,2.472,2.6029,"OK"
"TCGA-LUSC","e10aaba3-1a82-405e-8fc5-81594351b775","TCGA-96-7545-01A-21R-2045-07","TCGA-96-7545","Primary Tumor","EPHB2","ENSG00000133216",537,2.3672,0.6908,0.7274,"OK"
"TCGA-LUSC","75969880-a360-4e72-afe4-752dd6f04289","TCGA-39-5039-01A-01R-1443-07","TCGA-39-5039","Primary Tumor","JAK3","ENSG00000105639",458,5.8656,1.9247,2.1929,"OK"
"TCGA-LUSC","75969880-a360-4e72-afe4-752dd6f04289","TCGA-39-5039-01A-01R-1443-07","TCGA-39-5039","Primary Tumor","EPHB2","ENSG00000133216",1183,8.2472,2.7061,3.0832,"OK"
"TCGA-LUSC","7d639694-3492-4502-ba23-69655f31f7e6","TCGA-22-5481-01A-31R-1949-07","TCGA-22-5481","Primary Tumor","JAK3","ENSG00000105639",2104,17.4308,6.3111,6.5945,"OK"
"TCGA-LUSC","7d639694-3492-4502-ba23-69655f31f7e6","TCGA-22-5481-01A-31R-1949-07","TCGA-22-5481","Primary Tumor","EPHB2","ENSG00000133216",7575,34.1607,12.3685,12.9238,"OK"
"TCGA-LUSC","469dfcd7-f60f-4f1a-a4da-ed7190f23263","TCGA-56-1622-01A-01R-0692-07","TCGA-56-1622","Primary Tumor","JAK3","ENSG00000105639",236,2.5745,0.66,0.6731,"OK"
"TCGA-LUSC","469dfcd7-f60f-4f1a-a4da-ed7190f23263","TCGA-56-1622-01A-01R-0692-07","TCGA-56-1622","Primary Tumor","EPHB2","ENSG00000133216",583,3.4619,0.8876,0.9051,"OK"
"TCGA-LUSC","a8c8cbc5-e771-4ba5-b53f-00b53cd032fd","TCGA-66-2780-01A-01R-0851-07","TCGA-66-2780","Primary Tumor","JAK3","ENSG00000105639",1342,9.7627,3.2289,3.6811,"OK"
"TCGA-LUSC","a8c8cbc5-e771-4ba5-b53f-00b53cd032fd","TCGA-66-2780-01A-01R-0851-07","TCGA-66-2780","Primary Tumor","EPHB2","ENSG00000133216",2600,10.2959,3.4052,3.8822,"OK"
"TCGA-LUSC","10bec46a-08c3-4fe7-a65a-d801705fca17","TCGA-98-A53C-01A-11R-A262-07","TCGA-98-A53C","Primary Tumor","JAK3","ENSG00000105639",4901,41.8026,16.5382,16.4738,"OK"
"TCGA-LUSC","10bec46a-08c3-4fe7-a65a-d801705fca17","TCGA-98-A53C-01A-11R-A262-07","TCGA-98-A53C","Primary Tumor","EPHB2","ENSG00000133216",969,4.499,1.7799,1.773,"OK"
"TCGA-LUSC","d29660d3-b3f7-4186-8c71-bebbabee600a","TCGA-56-8309-11A-01R-2296-07","TCGA-56-8309","Solid Tissue Normal","JAK3","ENSG00000105639",507,6.409,2.0113,2.1567,"OK"
"TCGA-LUSC","d29660d3-b3f7-4186-8c71-bebbabee600a","TCGA-56-8309-11A-01R-2296-07","TCGA-56-8309","Solid Tissue Normal","EPHB2","ENSG00000133216",317,2.1813,0.6846,0.734,"OK"
"TCGA-LUSC","7ccc40b9-a636-407f-928b-1522061f5acf","TCGA-56-7579-11A-01R-2045-07","TCGA-56-7579","Solid Tissue Normal","JAK3","ENSG00000105639",1436,13.2249,3.9277,4.0147,"OK"
"TCGA-LUSC","7ccc40b9-a636-407f-928b-1522061f5acf","TCGA-56-7579-11A-01R-2045-07","TCGA-56-7579","Solid Tissue Normal","EPHB2","ENSG00000133216",311,1.5591,0.463,0.4733,"OK"
"TCGA-LUSC","a2ccff5d-4458-40a1-8522-153d12161b2e","TCGA-6A-AB49-01A-12R-A405-07","TCGA-6A-AB49","Primary Tumor","JAK3","ENSG00000105639",4053,31.4274,11.1273,11.1017,"OK"
"TCGA-LUSC","a2ccff5d-4458-40a1-8522-153d12161b2e","TCGA-6A-AB49-01A-12R-A405-07","TCGA-6A-AB49","Primary Tumor","EPHB2","ENSG00000133216",5122,21.6194,7.6547,7.637,"OK"
"TCGA-LUSC","f37c7314-1a66-4c2e-85b1-84adea5d1667","TCGA-63-A5MJ-01A-11R-A27Q-07","TCGA-63-A5MJ","Primary Tumor","JAK3","ENSG00000105639",1007,7.5482,2.215,2.3424,"OK"
"TCGA-LUSC","f37c7314-1a66-4c2e-85b1-84adea5d1667","TCGA-63-A5MJ-01A-11R-A27Q-07","TCGA-63-A5MJ","Primary Tumor","EPHB2","ENSG00000133216",2939,11.9918,3.519,3.7214,"OK"
"TCGA-LUSC","12898e2b-86d5-4c0e-8a53-dec1fd528f42","TCGA-90-A4ED-01A-31R-A24Z-07","TCGA-90-A4ED","Primary Tumor","JAK3","ENSG00000105639",779,8.0914,3.1362,3.2167,"OK"
"TCGA-LUSC","12898e2b-86d5-4c0e-8a53-dec1fd528f42","TCGA-90-A4ED-01A-31R-A24Z-07","TCGA-90-A4ED","Primary Tumor","EPHB2","ENSG00000133216",738,4.1727,1.6173,1.6588,"OK"
"TCGA-LUSC","c7806e11-290c-49e1-90ef-75941b441fce","TCGA-34-7107-01A-11R-1949-07","TCGA-34-7107","Primary Tumor","JAK3","ENSG00000105639",901,7.1145,2.1235,2.3035,"OK"
"TCGA-LUSC","c7806e11-290c-49e1-90ef-75941b441fce","TCGA-34-7107-01A-11R-1949-07","TCGA-34-7107","Primary Tumor","EPHB2","ENSG00000133216",1295,5.5663,1.6614,1.8022,"OK"
"TCGA-LUSC","17ddff0c-a5c2-4f82-b638-fe13c20de1d3","TCGA-O2-A5IB-01A-11R-A27Q-07","TCGA-O2-A5IB","Primary Tumor","JAK3","ENSG00000105639",342,3.0342,0.7325,0.6528,"OK"
"TCGA-LUSC","17ddff0c-a5c2-4f82-b638-fe13c20de1d3","TCGA-O2-A5IB-01A-11R-A27Q-07","TCGA-O2-A5IB","Primary Tumor","EPHB2","ENSG00000133216",3312,15.9951,3.8616,3.4413,"OK"
"TCGA-LUSC","8ccc54f2-104f-4d3d-bf5a-b16b9e228110","TCGA-22-4594-01A-01R-1201-07","TCGA-22-4594","Primary Tumor","JAK3","ENSG00000105639",1563,9.615,4.9171,5.0046,"OK"
"TCGA-LUSC","8ccc54f2-104f-4d3d-bf5a-b16b9e228110","TCGA-22-4594-01A-01R-1201-07","TCGA-22-4594","Primary Tumor","EPHB2","ENSG00000133216",930,3.1142,1.5926,1.6209,"OK"
"TCGA-LUSC","964fcdaf-b5d1-4fc2-8d3a-08013d6fe4d8","TCGA-85-A53L-01A-21R-A26W-07","TCGA-85-A53L","Primary Tumor","JAK3","ENSG00000105639",926,7.3345,2.4391,2.6298,"OK"
"TCGA-LUSC","964fcdaf-b5d1-4fc2-8d3a-08013d6fe4d8","TCGA-85-A53L-01A-21R-A26W-07","TCGA-85-A53L","Primary Tumor","EPHB2","ENSG00000133216",929,4.0054,1.332,1.4362,"OK"
"TCGA-LUSC","a0ef6550-f1d1-40e1-8fae-0fdede3f189e","TCGA-77-A5GB-01B-11R-A27Q-07","TCGA-77-A5GB","Primary Tumor","JAK3","ENSG00000105639",510,12.6818,4.7643,4.8686,"OK"
"TCGA-LUSC","a0ef6550-f1d1-40e1-8fae-0fdede3f189e","TCGA-77-A5GB-01B-11R-A27Q-07","TCGA-77-A5GB","Primary Tumor","EPHB2","ENSG00000133216",401,5.4279,2.0391,2.0838,"OK"
"TCGA-LUSC","a2541c72-d02f-4acb-8d35-537080c94ea8","TCGA-43-3394-01A-01R-0980-07","TCGA-43-3394","Primary Tumor","JAK3","ENSG00000105639",480,4.2347,1.2432,1.3214,"OK"
"TCGA-LUSC","a2541c72-d02f-4acb-8d35-537080c94ea8","TCGA-43-3394-01A-01R-0980-07","TCGA-43-3394","Primary Tumor","EPHB2","ENSG00000133216",769,3.693,1.0842,1.1523,"OK"
"TCGA-LUSC","cd03b494-38bf-4b7d-86a5-672acd7d0125","TCGA-60-2722-01A-01R-0851-07","TCGA-60-2722","Primary Tumor","JAK3","ENSG00000105639",432,3.6721,1.0535,1.0885,"OK"
"TCGA-LUSC","cd03b494-38bf-4b7d-86a5-672acd7d0125","TCGA-60-2722-01A-01R-0851-07","TCGA-60-2722","Primary Tumor","EPHB2","ENSG00000133216",1892,8.7544,2.5117,2.595,"OK"
"TCGA-LUSC","9d3f54d7-901f-4861-b015-21d011a40869","TCGA-66-2789-01A-01R-0980-07","TCGA-66-2789","Primary Tumor","JAK3","ENSG00000105639",1898,16.1584,4.8689,5.0816,"OK"
"TCGA-LUSC","9d3f54d7-901f-4861-b015-21d011a40869","TCGA-66-2789-01A-01R-0980-07","TCGA-66-2789","Primary Tumor","EPHB2","ENSG00000133216",1648,7.6371,2.3013,2.4018,"OK"
"TCGA-LUSC","01977422-7f46-41d2-bc19-ed0093af8f25","TCGA-39-5016-01A-01R-1443-07","TCGA-39-5016","Primary Tumor","JAK3","ENSG00000105639",1318,11.6926,3.2847,3.3541,"OK"
"TCGA-LUSC","01977422-7f46-41d2-bc19-ed0093af8f25","TCGA-39-5016-01A-01R-1443-07","TCGA-39-5016","Primary Tumor","EPHB2","ENSG00000133216",2488,12.0149,3.3753,3.4465,"OK"
"TCGA-LUSC","8c031ef8-4038-453e-a5e6-db3198657233","TCGA-33-4538-01A-01R-1201-07","TCGA-33-4538","Primary Tumor","JAK3","ENSG00000105639",555,5.5234,1.6157,1.5932,"OK"
"TCGA-LUSC","8c031ef8-4038-453e-a5e6-db3198657233","TCGA-33-4538-01A-01R-1201-07","TCGA-33-4538","Primary Tumor","EPHB2","ENSG00000133216",701,3.7975,1.1109,1.0954,"OK"
"TCGA-LUSC","edb9cba3-6c54-4361-8920-583c0b2606aa","TCGA-56-8307-01A-11R-2296-07","TCGA-56-8307","Primary Tumor","JAK3","ENSG00000105639",12939,144.7513,43.8642,42.4065,"OK"
"TCGA-LUSC","edb9cba3-6c54-4361-8920-583c0b2606aa","TCGA-56-8307-01A-11R-2296-07","TCGA-56-8307","Primary Tumor","EPHB2","ENSG00000133216",10171,61.9381,18.7692,18.1455,"OK"
"TCGA-LUSC","6050828b-0a01-44d5-993f-b9f7ef35a015","TCGA-63-A5MN-01A-22R-A27Q-07","TCGA-63-A5MN","Primary Tumor","JAK3","ENSG00000105639",2805,21.3862,9.8158,10.2009,"OK"
"TCGA-LUSC","6050828b-0a01-44d5-993f-b9f7ef35a015","TCGA-63-A5MN-01A-22R-A27Q-07","TCGA-63-A5MN","Primary Tumor","EPHB2","ENSG00000133216",11719,48.6367,22.3233,23.199,"OK"
"TCGA-LUSC","a1b28726-ff2b-4a60-a48a-6e4ce62fa853","TCGA-66-2765-01A-01R-0851-07","TCGA-66-2765","Primary Tumor","JAK3","ENSG00000105639",1089,7.7941,2.4946,2.9819,"OK"
"TCGA-LUSC","a1b28726-ff2b-4a60-a48a-6e4ce62fa853","TCGA-66-2765-01A-01R-0851-07","TCGA-66-2765","Primary Tumor","EPHB2","ENSG00000133216",1716,6.6854,2.1397,2.5577,"OK"
"TCGA-LUSC","5fb9c871-c521-4253-ab5e-135d23b8230a","TCGA-37-3783-01A-01R-1201-07","TCGA-37-3783","Primary Tumor","JAK3","ENSG00000105639",539,4.2312,1.6975,2.035,"OK"
"TCGA-LUSC","5fb9c871-c521-4253-ab5e-135d23b8230a","TCGA-37-3783-01A-01R-1201-07","TCGA-37-3783","Primary Tumor","EPHB2","ENSG00000133216",882,3.7689,1.512,1.8127,"OK"
"TCGA-LUSC","7e0f37e9-280e-470d-8ec0-aa57fbd5f07c","TCGA-NC-A5HG-01A-11R-A26W-07","TCGA-NC-A5HG","Primary Tumor","JAK3","ENSG00000105639",2109,21.6772,6.5391,6.2682,"OK"
"TCGA-LUSC","7e0f37e9-280e-470d-8ec0-aa57fbd5f07c","TCGA-NC-A5HG-01A-11R-A26W-07","TCGA-NC-A5HG","Primary Tumor","EPHB2","ENSG00000133216",1405,7.861,2.3713,2.2731,"OK"
"TCGA-LUSC","9a535718-1719-4f78-a2fd-8cacd335efe8","TCGA-21-1071-01A-01R-0692-07","TCGA-21-1071","Primary Tumor","JAK3","ENSG00000105639",848,9.396,2.6512,2.6731,"OK"
"TCGA-LUSC","9a535718-1719-4f78-a2fd-8cacd335efe8","TCGA-21-1071-01A-01R-0692-07","TCGA-21-1071","Primary Tumor","EPHB2","ENSG00000133216",1745,10.5248,2.9697,2.9942,"OK"
"TCGA-LUSC","89cdd19d-b0ee-4ae8-ac32-b2c938058472","TCGA-39-5011-01A-01R-1443-07","TCGA-39-5011","Primary Tumor","JAK3","ENSG00000105639",2624,22.394,7.1031,7.2118,"OK"
"TCGA-LUSC","89cdd19d-b0ee-4ae8-ac32-b2c938058472","TCGA-39-5011-01A-01R-1443-07","TCGA-39-5011","Primary Tumor","EPHB2","ENSG00000133216",8947,41.564,13.1836,13.3854,"OK"
"TCGA-LUSC","d9431251-cfae-44c2-a428-d80b96d58742","TCGA-56-7582-11A-01R-2045-07","TCGA-56-7582","Solid Tissue Normal","JAK3","ENSG00000105639",1248,10.8005,2.9699,2.9592,"OK"
"TCGA-LUSC","d9431251-cfae-44c2-a428-d80b96d58742","TCGA-56-7582-11A-01R-2045-07","TCGA-56-7582","Solid Tissue Normal","EPHB2","ENSG00000133216",525,2.4732,0.6801,0.6776,"OK"
"TCGA-LUSC","0614c3dd-673e-4dd4-9c5b-4311176b34d1","TCGA-56-7582-01A-11R-2045-07","TCGA-56-7582","Primary Tumor","JAK3","ENSG00000105639",435,5.1235,1.5218,1.6209,"OK"
"TCGA-LUSC","0614c3dd-673e-4dd4-9c5b-4311176b34d1","TCGA-56-7582-01A-11R-2045-07","TCGA-56-7582","Primary Tumor","EPHB2","ENSG00000133216",442,2.8338,0.8417,0.8965,"OK"
"TCGA-LUSC","96c4cf1d-ca50-4abb-81fd-4eb090111a4c","TCGA-34-5241-01A-01R-1443-07","TCGA-34-5241","Primary Tumor","JAK3","ENSG00000105639",1090,10.0627,2.989,3.2778,"OK"
"TCGA-LUSC","96c4cf1d-ca50-4abb-81fd-4eb090111a4c","TCGA-34-5241-01A-01R-1443-07","TCGA-34-5241","Primary Tumor","EPHB2","ENSG00000133216",1032,5.1861,1.5405,1.6893,"OK"
"TCGA-LUSC","ada4ae4b-1959-49a1-b3db-59675ba2ade0","TCGA-96-A4JK-01A-11R-A24Z-07","TCGA-96-A4JK","Primary Tumor","JAK3","ENSG00000105639",1191,13.8498,4.3765,4.0866,"OK"
"TCGA-LUSC","ada4ae4b-1959-49a1-b3db-59675ba2ade0","TCGA-96-A4JK-01A-11R-A24Z-07","TCGA-96-A4JK","Primary Tumor","EPHB2","ENSG00000133216",1201,7.6023,2.4023,2.2432,"OK"
"TCGA-LUSC","5c245ac1-a5d7-4c07-8b74-fafba8fc9e5d","TCGA-63-5131-01A-01R-1443-07","TCGA-63-5131","Primary Tumor","JAK3","ENSG00000105639",1408,13.612,3.8386,3.9987,"OK"
"TCGA-LUSC","5c245ac1-a5d7-4c07-8b74-fafba8fc9e5d","TCGA-63-5131-01A-01R-1443-07","TCGA-63-5131","Primary Tumor","EPHB2","ENSG00000133216",209,1.0999,0.3102,0.3231,"OK"
"TCGA-LUSC","b1af869c-458d-43cb-aed9-f785a8b615b8","TCGA-77-A5G6-01A-11R-A27Q-07","TCGA-77-A5G6","Primary Tumor","JAK3","ENSG00000105639",427,5.652,1.5873,1.5865,"OK"
"TCGA-LUSC","b1af869c-458d-43cb-aed9-f785a8b615b8","TCGA-77-A5G6-01A-11R-A27Q-07","TCGA-77-A5G6","Primary Tumor","EPHB2","ENSG00000133216",826,5.9515,1.6714,1.6706,"OK"
"TCGA-LUSC","63853c66-8004-4205-8c0c-9b92d02f7ea1","TCGA-51-4080-11A-01R-1758-07","TCGA-51-4080","Solid Tissue Normal","JAK3","ENSG00000105639",4061,15.7632,4.492,5.0933,"OK"
"TCGA-LUSC","63853c66-8004-4205-8c0c-9b92d02f7ea1","TCGA-51-4080-11A-01R-1758-07","TCGA-51-4080","Solid Tissue Normal","EPHB2","ENSG00000133216",1629,3.4419,0.9808,1.1122,"OK"
"TCGA-LUSC","3664ec56-3c20-47ab-ba37-e6a02e24af1d","TCGA-58-8391-01A-11R-2326-07","TCGA-58-8391","Primary Tumor","JAK3","ENSG00000105639",412,4.3345,1.3463,1.3903,"OK"
"TCGA-LUSC","3664ec56-3c20-47ab-ba37-e6a02e24af1d","TCGA-58-8391-01A-11R-2326-07","TCGA-58-8391","Primary Tumor","EPHB2","ENSG00000133216",2052,11.7514,3.6501,3.7694,"OK"
"TCGA-LUSC","fb399a7d-2be6-4f54-88de-9b0b4165a8d3","TCGA-34-5232-01A-21R-1820-07","TCGA-34-5232","Primary Tumor","JAK3","ENSG00000105639",6001,29.8776,10.8754,11.3674,"OK"
"TCGA-LUSC","fb399a7d-2be6-4f54-88de-9b0b4165a8d3","TCGA-34-5232-01A-21R-1820-07","TCGA-34-5232","Primary Tumor","EPHB2","ENSG00000133216",865,2.3443,0.8533,0.8919,"OK"
"TCGA-LUSC","944adc4b-049d-4bce-90a0-d1b18a2d1e5e","TCGA-77-7338-11A-01R-2045-07","TCGA-77-7338","Solid Tissue Normal","JAK3","ENSG00000105639",1313,11.0033,3.2145,3.5673,"OK"
"TCGA-LUSC","944adc4b-049d-4bce-90a0-d1b18a2d1e5e","TCGA-77-7338-11A-01R-2045-07","TCGA-77-7338","Solid Tissue Normal","EPHB2","ENSG00000133216",282,1.2864,0.3758,0.4171,"OK"
"TCGA-LUSC","b2c562a3-93f7-4120-94d9-8d2393dd97b2","TCGA-85-8354-01A-31R-2326-07","TCGA-85-8354","Primary Tumor","JAK3","ENSG00000105639",419,4.3208,1.4769,1.5905,"OK"
"TCGA-LUSC","b2c562a3-93f7-4120-94d9-8d2393dd97b2","TCGA-85-8354-01A-31R-2326-07","TCGA-85-8354","Primary Tumor","EPHB2","ENSG00000133216",243,1.3641,0.4662,0.5021,"OK"
"TCGA-LUSC","9d9a39a4-0e09-4c4f-b82b-ae5a49a5b90d","TCGA-56-5898-01A-11R-1635-07","TCGA-56-5898","Primary Tumor","JAK3","ENSG00000105639",753,7.5737,2.1933,2.413,"OK"
"TCGA-LUSC","9d9a39a4-0e09-4c4f-b82b-ae5a49a5b90d","TCGA-56-5898-01A-11R-1635-07","TCGA-56-5898","Primary Tumor","EPHB2","ENSG00000133216",746,4.0844,1.1828,1.3013,"OK"
"TCGA-LUSC","69b1be88-cae1-4715-be96-a7cd684aa38d","TCGA-39-5037-01A-01R-1443-07","TCGA-39-5037","Primary Tumor","JAK3","ENSG00000105639",225,1.8206,0.6116,0.6984,"OK"
"TCGA-LUSC","69b1be88-cae1-4715-be96-a7cd684aa38d","TCGA-39-5037-01A-01R-1443-07","TCGA-39-5037","Primary Tumor","EPHB2","ENSG00000133216",492,2.1671,0.728,0.8313,"OK"
"TCGA-LUSC","f1acda6d-314c-446b-bac1-d59491b04f5e","TCGA-98-A53I-01A-31R-A262-07","TCGA-98-A53I","Primary Tumor","JAK3","ENSG00000105639",2331,21.4562,7.5098,7.1201,"OK"
"TCGA-LUSC","f1acda6d-314c-446b-bac1-d59491b04f5e","TCGA-98-A53I-01A-31R-A262-07","TCGA-98-A53I","Primary Tumor","EPHB2","ENSG00000133216",654,3.2769,1.1469,1.0874,"OK"
"TCGA-LUSC","bebca0ac-b673-4d1b-bc34-31806d1b6dff","TCGA-98-8023-01A-11R-2247-07","TCGA-98-8023","Primary Tumor","JAK3","ENSG00000105639",2619,33.7911,12.1884,12.7857,"OK"
"TCGA-LUSC","bebca0ac-b673-4d1b-bc34-31806d1b6dff","TCGA-98-8023-01A-11R-2247-07","TCGA-98-8023","Primary Tumor","EPHB2","ENSG00000133216",2683,18.8434,6.7968,7.1299,"OK"
"TCGA-LUSC","6602a055-2305-48a2-9c54-8a29778c5644","TCGA-34-8454-01A-11R-2326-07","TCGA-34-8454","Primary Tumor","JAK3","ENSG00000105639",2392,23.0765,7.4674,7.203,"OK"
"TCGA-LUSC","6602a055-2305-48a2-9c54-8a29778c5644","TCGA-34-8454-01A-11R-2326-07","TCGA-34-8454","Primary Tumor","EPHB2","ENSG00000133216",1119,5.8764,1.9016,1.8342,"OK"
"TCGA-LUSC","550ec5d4-6618-4882-a783-be48163b6c30","TCGA-58-8386-11A-01R-2296-07","TCGA-58-8386","Solid Tissue Normal","JAK3","ENSG00000105639",1279,13.1045,4.8465,5.6438,"OK"
"TCGA-LUSC","550ec5d4-6618-4882-a783-be48163b6c30","TCGA-58-8386-11A-01R-2296-07","TCGA-58-8386","Solid Tissue Normal","EPHB2","ENSG00000133216",434,2.4205,0.8952,1.0425,"OK"
"TCGA-LUSC","df995d66-d541-42e4-935e-198829fbecb2","TCGA-37-4135-01A-01R-1100-07","TCGA-37-4135","Primary Tumor","JAK3","ENSG00000105639",198,1.6502,0.6062,0.7721,"OK"
"TCGA-LUSC","df995d66-d541-42e4-935e-198829fbecb2","TCGA-37-4135-01A-01R-1100-07","TCGA-37-4135","Primary Tumor","EPHB2","ENSG00000133216",271,1.2295,0.4517,0.5753,"OK"
"TCGA-LUSC","d9865860-a4e5-481f-95e4-3592caf8e33e","TCGA-63-A5MG-01A-12R-A27Q-07","TCGA-63-A5MG","Primary Tumor","JAK3","ENSG00000105639",1257,9.341,4.8248,5.1402,"OK"
"TCGA-LUSC","d9865860-a4e5-481f-95e4-3592caf8e33e","TCGA-63-A5MG-01A-12R-A27Q-07","TCGA-63-A5MG","Primary Tumor","EPHB2","ENSG00000133216",1118,4.5225,2.3359,2.4886,"OK"
"TCGA-LUSC","c64da734-41f3-4863-90a8-dc9871b7ae02","TCGA-66-2773-01A-01R-1201-07","TCGA-66-2773","Primary Tumor","JAK3","ENSG00000105639",1436,15.0122,4.4044,4.3166,"OK"
"TCGA-LUSC","c64da734-41f3-4863-90a8-dc9871b7ae02","TCGA-66-2773-01A-01R-1201-07","TCGA-66-2773","Primary Tumor","EPHB2","ENSG00000133216",3194,18.176,5.3326,5.2263,"OK"
"TCGA-LUSC","541ccd05-1933-4e8e-863f-e0145af65852","TCGA-66-2744-01A-01R-0980-07","TCGA-66-2744","Primary Tumor","JAK3","ENSG00000105639",2635,23.5508,8.2613,8.7418,"OK"
"TCGA-LUSC","541ccd05-1933-4e8e-863f-e0145af65852","TCGA-66-2744-01A-01R-0980-07","TCGA-66-2744","Primary Tumor","EPHB2","ENSG00000133216",4208,20.4726,7.1815,7.5993,"OK"
"TCGA-LUSC","7d18edd8-b68d-438c-92e8-be99699f58b3","TCGA-77-7463-01A-11R-2045-07","TCGA-77-7463","Primary Tumor","JAK3","ENSG00000105639",547,4.6286,1.4996,1.6018,"OK"
"TCGA-LUSC","7d18edd8-b68d-438c-92e8-be99699f58b3","TCGA-77-7463-01A-11R-2045-07","TCGA-77-7463","Primary Tumor","EPHB2","ENSG00000133216",847,3.9014,1.264,1.3502,"OK"
"TCGA-LUSC","6661360a-3532-4876-a994-580d1bba454e","TCGA-22-5491-01A-01R-1635-07","TCGA-22-5491","Primary Tumor","JAK3","ENSG00000105639",432,2.7788,0.8678,0.9481,"OK"
"TCGA-LUSC","6661360a-3532-4876-a994-580d1bba454e","TCGA-22-5491-01A-01R-1635-07","TCGA-22-5491","Primary Tumor","EPHB2","ENSG00000133216",1338,4.6849,1.4632,1.5984,"OK"
"TCGA-LUSC","9364cedf-16c0-4d5b-9ae9-2e5e3d3c8506","TCGA-22-5480-01A-01R-1635-07","TCGA-22-5480","Primary Tumor","JAK3","ENSG00000105639",5565,38.2395,10.7199,10.9559,"OK"
"TCGA-LUSC","9364cedf-16c0-4d5b-9ae9-2e5e3d3c8506","TCGA-22-5480-01A-01R-1635-07","TCGA-22-5480","Primary Tumor","EPHB2","ENSG00000133216",4110,15.3731,4.3096,4.4045,"OK"
"TCGA-LUSC","02a9936a-363e-4874-8f97-715a117973bd","TCGA-92-8063-01A-11R-2247-07","TCGA-92-8063","Primary Tumor","JAK3","ENSG00000105639",974,16.892,4.6124,4.3654,"OK"
"TCGA-LUSC","02a9936a-363e-4874-8f97-715a117973bd","TCGA-92-8063-01A-11R-2247-07","TCGA-92-8063","Primary Tumor","EPHB2","ENSG00000133216",3794,35.8173,9.78,9.2562,"OK"
"TCGA-LUSC","b61b2540-0b0a-47ba-9226-8f3ce67b127a","TCGA-60-2707-01A-01R-0851-07","TCGA-60-2707","Primary Tumor","JAK3","ENSG00000105639",774,6.5105,1.8485,2.0615,"OK"
"TCGA-LUSC","b61b2540-0b0a-47ba-9226-8f3ce67b127a","TCGA-60-2707-01A-01R-0851-07","TCGA-60-2707","Primary Tumor","EPHB2","ENSG00000133216",7190,32.9211,9.347,10.4243,"OK"
"TCGA-LUSC","3aa53aa2-97cd-43a8-b7b1-09f0bf6381dd","TCGA-22-4607-01A-01R-1201-07","TCGA-22-4607","Primary Tumor","JAK3","ENSG00000105639",505,3.5678,1.3185,1.4122,"OK"
"TCGA-LUSC","3aa53aa2-97cd-43a8-b7b1-09f0bf6381dd","TCGA-22-4607-01A-01R-1201-07","TCGA-22-4607","Primary Tumor","EPHB2","ENSG00000133216",1122,4.3149,1.5946,1.708,"OK"
"TCGA-LUSC","1a8fa56b-deaf-48ac-958c-46b5c86cdb80","TCGA-60-2720-01A-01R-0851-07","TCGA-60-2720","Primary Tumor","JAK3","ENSG00000105639",1582,12.8828,5.4458,6.5658,"OK"
"TCGA-LUSC","1a8fa56b-deaf-48ac-958c-46b5c86cdb80","TCGA-60-2720-01A-01R-0851-07","TCGA-60-2720","Primary Tumor","EPHB2","ENSG00000133216",3225,14.2957,6.0431,7.2859,"OK"
"TCGA-LUSC","3b850000-76d1-4070-8bed-52add20750d0","TCGA-33-4587-01A-11R-2125-07","TCGA-33-4587","Primary Tumor","JAK3","ENSG00000105639",509,4.2204,1.0918,0.974,"OK"
"TCGA-LUSC","3b850000-76d1-4070-8bed-52add20750d0","TCGA-33-4587-01A-11R-2125-07","TCGA-33-4587","Primary Tumor","EPHB2","ENSG00000133216",4080,18.415,4.7637,4.25,"OK"
"TCGA-LUSC","89d32b82-e00c-41f6-a8d3-3b9565be312c","TCGA-33-4547-01A-01R-1201-07","TCGA-33-4547","Primary Tumor","JAK3","ENSG00000105639",2489,22.9331,7.6323,7.7727,"OK"
"TCGA-LUSC","89d32b82-e00c-41f6-a8d3-3b9565be312c","TCGA-33-4547-01A-01R-1201-07","TCGA-33-4547","Primary Tumor","EPHB2","ENSG00000133216",2415,12.1123,4.0311,4.1052,"OK"
"TCGA-LUSC","3ceaa569-c317-4e2f-a8e5-77db311e6032","TCGA-60-2709-11A-01R-1820-07","TCGA-60-2709","Solid Tissue Normal","JAK3","ENSG00000105639",1578,9.175,2.8957,3.508,"OK"
"TCGA-LUSC","3ceaa569-c317-4e2f-a8e5-77db311e6032","TCGA-60-2709-11A-01R-1820-07","TCGA-60-2709","Solid Tissue Normal","EPHB2","ENSG00000133216",353,1.1172,0.3526,0.4272,"OK"
"TCGA-LUSC","dbb92362-c980-4746-b109-755c49db7be2","TCGA-77-6842-01A-11R-1949-07","TCGA-77-6842","Primary Tumor","JAK3","ENSG00000105639",7793,86.75,23.2084,22.6661,"OK"
"TCGA-LUSC","dbb92362-c980-4746-b109-755c49db7be2","TCGA-77-6842-01A-11R-1949-07","TCGA-77-6842","Primary Tumor","EPHB2","ENSG00000133216",4681,28.3646,7.5884,7.4111,"OK"
"TCGA-LUSC","fd2c6ba0-66fc-4406-aaf3-ef151682de0b","TCGA-58-8392-01A-11R-2326-07","TCGA-58-8392","Primary Tumor","JAK3","ENSG00000105639",279,3.0085,0.8535,0.8549,"OK"
"TCGA-LUSC","fd2c6ba0-66fc-4406-aaf3-ef151682de0b","TCGA-58-8392-01A-11R-2326-07","TCGA-58-8392","Primary Tumor","EPHB2","ENSG00000133216",1167,6.8499,1.9433,1.9465,"OK"
"TCGA-LUSC","fe1c2811-57fa-4cd8-b5ea-305bb45aabb3","TCGA-NC-A5HP-01A-11R-A26W-07","TCGA-NC-A5HP","Primary Tumor","JAK3","ENSG00000105639",329,5.0833,1.4029,1.3867,"OK"
"TCGA-LUSC","fe1c2811-57fa-4cd8-b5ea-305bb45aabb3","TCGA-NC-A5HP-01A-11R-A26W-07","TCGA-NC-A5HP","Primary Tumor","EPHB2","ENSG00000133216",712,5.9883,1.6527,1.6336,"OK"
"TCGA-LUSC","8263ab47-6cd7-4460-a692-982a88a12ada","TCGA-21-5784-01A-01R-1635-07","TCGA-21-5784","Primary Tumor","JAK3","ENSG00000105639",840,5.7685,2.3293,2.7258,"OK"
"TCGA-LUSC","8263ab47-6cd7-4460-a692-982a88a12ada","TCGA-21-5784-01A-01R-1635-07","TCGA-21-5784","Primary Tumor","EPHB2","ENSG00000133216",3234,12.0892,4.8815,5.7125,"OK"
"TCGA-LUSC","bdd8f5e2-1b65-4c8d-8527-88b892cbb8fe","TCGA-43-5670-11A-01R-2125-07","TCGA-43-5670","Solid Tissue Normal","JAK3","ENSG00000105639",1220,9.1856,2.6605,2.7049,"OK"
"TCGA-LUSC","bdd8f5e2-1b65-4c8d-8527-88b892cbb8fe","TCGA-43-5670-11A-01R-2125-07","TCGA-43-5670","Solid Tissue Normal","EPHB2","ENSG00000133216",609,2.496,0.7229,0.735,"OK"
"TCGA-LUSC","c9945774-3973-498c-a784-8a7b41b99d5d","TCGA-85-A50Z-01A-21R-A262-07","TCGA-85-A50Z","Primary Tumor","JAK3","ENSG00000105639",1199,8.9761,3.6892,4.1631,"OK"
"TCGA-LUSC","c9945774-3973-498c-a784-8a7b41b99d5d","TCGA-85-A50Z-01A-21R-A262-07","TCGA-85-A50Z","Primary Tumor","EPHB2","ENSG00000133216",4281,17.4456,7.1702,8.0913,"OK"
"TCGA-LUSC","f34cfca8-0af0-4bd3-be67-a79d5bb31825","TCGA-NC-A5HT-01A-11R-A26W-07","TCGA-NC-A5HT","Primary Tumor","JAK3","ENSG00000105639",1337,12.5049,3.4597,3.373,"OK"
"TCGA-LUSC","f34cfca8-0af0-4bd3-be67-a79d5bb31825","TCGA-NC-A5HT-01A-11R-A26W-07","TCGA-NC-A5HT","Primary Tumor","EPHB2","ENSG00000133216",3559,18.1197,5.013,4.8874,"OK"
"TCGA-LUSC","d6e77785-08d1-4b50-b97a-4e927cbb1669","TCGA-33-A4WN-01A-11R-A262-07","TCGA-33-A4WN","Primary Tumor","JAK3","ENSG00000105639",789,6.825,2.256,2.2931,"OK"
"TCGA-LUSC","d6e77785-08d1-4b50-b97a-4e927cbb1669","TCGA-33-A4WN-01A-11R-A262-07","TCGA-33-A4WN","Primary Tumor","EPHB2","ENSG00000133216",1603,7.548,2.495,2.536,"OK"
"TCGA-LUSC","bb947fec-f1b9-4e90-9529-68bcd9dff068","TCGA-43-7656-01A-11R-2125-07","TCGA-43-7656","Primary Tumor","JAK3","ENSG00000105639",2710,24.2404,7.9744,7.5929,"OK"
"TCGA-LUSC","bb947fec-f1b9-4e90-9529-68bcd9dff068","TCGA-43-7656-01A-11R-2125-07","TCGA-43-7656","Primary Tumor","EPHB2","ENSG00000133216",1912,9.3096,3.0626,2.9161,"OK"
"TCGA-LUSC","26b89c7e-5fef-470d-a906-e383065b7a04","TCGA-66-2782-01A-01R-0851-07","TCGA-66-2782","Primary Tumor","JAK3","ENSG00000105639",1790,11.3883,4.0815,4.3418,"OK"
"TCGA-LUSC","26b89c7e-5fef-470d-a906-e383065b7a04","TCGA-66-2782-01A-01R-0851-07","TCGA-66-2782","Primary Tumor","EPHB2","ENSG00000133216",2385,8.2597,2.9602,3.1491,"OK"
"TCGA-LUSC","c6070343-86cb-4c71-8984-e8e5a2fd96f8","TCGA-58-8390-01A-11R-2326-07","TCGA-58-8390","Primary Tumor","JAK3","ENSG00000105639",1581,22.1333,5.3103,4.9252,"OK"
"TCGA-LUSC","c6070343-86cb-4c71-8984-e8e5a2fd96f8","TCGA-58-8390-01A-11R-2326-07","TCGA-58-8390","Primary Tumor","EPHB2","ENSG00000133216",820,6.2489,1.4993,1.3905,"OK"
"TCGA-LUSC","ce53fd27-c9f6-4e0f-87ad-4a596e5a2cd8","TCGA-43-6143-11A-01R-1820-07","TCGA-43-6143","Solid Tissue Normal","JAK3","ENSG00000105639",1901,10.0136,3.9212,4.6458,"OK"
"TCGA-LUSC","ce53fd27-c9f6-4e0f-87ad-4a596e5a2cd8","TCGA-43-6143-11A-01R-1820-07","TCGA-43-6143","Solid Tissue Normal","EPHB2","ENSG00000133216",1266,3.6301,1.4215,1.6842,"OK"
"TCGA-LUSC","f36f6f42-60d3-49ea-8397-5a9663c54671","TCGA-85-7710-11A-01R-2125-07","TCGA-85-7710","Solid Tissue Normal","JAK3","ENSG00000105639",6533,56.1977,17.9434,17.4668,"OK"
"TCGA-LUSC","f36f6f42-60d3-49ea-8397-5a9663c54671","TCGA-85-7710-11A-01R-2125-07","TCGA-85-7710","Solid Tissue Normal","EPHB2","ENSG00000133216",711,3.3293,1.063,1.0348,"OK"
"TCGA-LUSC","253c806e-019c-4113-8b96-6cad516e225f","TCGA-77-A5G7-01B-11R-A27Q-07","TCGA-77-A5G7","Primary Tumor","JAK3","ENSG00000105639",382,4.6493,1.7336,1.7544,"OK"
"TCGA-LUSC","253c806e-019c-4113-8b96-6cad516e225f","TCGA-77-A5G7-01B-11R-A27Q-07","TCGA-77-A5G7","Primary Tumor","EPHB2","ENSG00000133216",92,0.6095,0.2273,0.23,"OK"
"TCGA-LUSC","3ec3b960-96ef-44d1-8e76-0c54124f24e8","TCGA-66-2757-01A-01R-0851-07","TCGA-66-2757","Primary Tumor","JAK3","ENSG00000105639",870,8.3858,2.5319,2.318,"OK"
"TCGA-LUSC","3ec3b960-96ef-44d1-8e76-0c54124f24e8","TCGA-66-2757-01A-01R-0851-07","TCGA-66-2757","Primary Tumor","EPHB2","ENSG00000133216",1379,7.2354,2.1846,2,"OK"
"TCGA-LUSC","9d26a39d-2a0e-44d5-b71e-daa141f5bb83","TCGA-85-8276-01A-11R-2296-07","TCGA-85-8276","Primary Tumor","JAK3","ENSG00000105639",1553,15.42,6.0946,6.0745,"OK"
"TCGA-LUSC","9d26a39d-2a0e-44d5-b71e-daa141f5bb83","TCGA-85-8276-01A-11R-2296-07","TCGA-85-8276","Primary Tumor","EPHB2","ENSG00000133216",631,3.4105,1.3479,1.3435,"OK"
"TCGA-LUSC","16868c31-baad-4796-a5ca-c65c902580af","TCGA-21-5786-01A-01R-1635-07","TCGA-21-5786","Primary Tumor","JAK3","ENSG00000105639",970,6.4976,2.1855,2.3836,"OK"
"TCGA-LUSC","16868c31-baad-4796-a5ca-c65c902580af","TCGA-21-5786-01A-01R-1635-07","TCGA-21-5786","Primary Tumor","EPHB2","ENSG00000133216",3781,13.7866,4.6373,5.0575,"OK"
"TCGA-LUSC","10cdb0af-b041-41fa-820e-8464a05cb20d","TCGA-77-7335-01A-11R-2045-07","TCGA-77-7335","Primary Tumor","JAK3","ENSG00000105639",1377,15.7663,5.6568,6.6125,"OK"
"TCGA-LUSC","10cdb0af-b041-41fa-820e-8464a05cb20d","TCGA-77-7335-01A-11R-2045-07","TCGA-77-7335","Primary Tumor","EPHB2","ENSG00000133216",691,4.3067,1.5452,1.8063,"OK"
"TCGA-LUSC","2ca334ad-b3a2-4d1e-871b-85ffda291a43","TCGA-96-8169-01A-11R-2296-07","TCGA-96-8169","Primary Tumor","JAK3","ENSG00000105639",3776,29.3106,10.2366,10.5528,"OK"
"TCGA-LUSC","2ca334ad-b3a2-4d1e-871b-85ffda291a43","TCGA-96-8169-01A-11R-2296-07","TCGA-96-8169","Primary Tumor","EPHB2","ENSG00000133216",11989,50.6581,17.6922,18.2386,"OK"
"TCGA-LUSC","61281e25-4a72-4567-b7d1-4ab5ce586235","TCGA-43-6771-01A-11R-1820-07","TCGA-43-6771","Primary Tumor","JAK3","ENSG00000105639",1206,5.8858,1.8348,2.4056,"OK"
"TCGA-LUSC","61281e25-4a72-4567-b7d1-4ab5ce586235","TCGA-43-6771-01A-11R-1820-07","TCGA-43-6771","Primary Tumor","EPHB2","ENSG00000133216",8161,21.6808,6.7586,8.8611,"OK"
"TCGA-LUSC","5bb8ce26-770f-48cc-a481-466469d34073","TCGA-NC-A5HE-01A-11R-A26W-07","TCGA-NC-A5HE","Primary Tumor","JAK3","ENSG00000105639",4089,33.8363,12.3706,12.6871,"OK"
"TCGA-LUSC","5bb8ce26-770f-48cc-a481-466469d34073","TCGA-NC-A5HE-01A-11R-A26W-07","TCGA-NC-A5HE","Primary Tumor","EPHB2","ENSG00000133216",723,3.2567,1.1907,1.2211,"OK"
"TCGA-LUSC","136ceaee-2156-4f8a-9fb8-250018e9498d","TCGA-77-7335-11A-01R-2045-07","TCGA-77-7335","Solid Tissue Normal","JAK3","ENSG00000105639",393,4.6506,1.4559,1.7362,"OK"
"TCGA-LUSC","136ceaee-2156-4f8a-9fb8-250018e9498d","TCGA-77-7335-11A-01R-2045-07","TCGA-77-7335","Solid Tissue Normal","EPHB2","ENSG00000133216",244,1.5717,0.4921,0.5868,"OK"
"TCGA-LUSC","cf282dd2-fc71-41e4-a22d-87ea9de78b71","TCGA-56-8623-01A-11R-A28V-07","TCGA-56-8623","Primary Tumor","JAK3","ENSG00000105639",1201,7.9284,2.5627,2.85,"OK"
"TCGA-LUSC","cf282dd2-fc71-41e4-a22d-87ea9de78b71","TCGA-56-8623-01A-11R-A28V-07","TCGA-56-8623","Primary Tumor","EPHB2","ENSG00000133216",639,2.2962,0.7422,0.8254,"OK"
"TCGA-LUSC","52055266-7b4e-4fc4-bae0-6e39d76cff59","TCGA-33-4532-01A-01R-1201-07","TCGA-33-4532","Primary Tumor","JAK3","ENSG00000105639",618,5.0149,1.4506,1.6435,"OK"
"TCGA-LUSC","52055266-7b4e-4fc4-bae0-6e39d76cff59","TCGA-33-4532-01A-01R-1201-07","TCGA-33-4532","Primary Tumor","EPHB2","ENSG00000133216",1858,8.2072,2.374,2.6896,"OK"
"TCGA-LUSC","6b95a5c7-0b98-4f90-a8b2-22490d2cc0ce","TCGA-43-7658-11A-01R-2125-07","TCGA-43-7658","Solid Tissue Normal","JAK3","ENSG00000105639",615,4.4433,1.3343,1.4773,"OK"
"TCGA-LUSC","6b95a5c7-0b98-4f90-a8b2-22490d2cc0ce","TCGA-43-7658-11A-01R-2125-07","TCGA-43-7658","Solid Tissue Normal","EPHB2","ENSG00000133216",383,1.5063,0.4523,0.5008,"OK"
"TCGA-LUSC","db225ac9-c998-42ad-9181-a075ec0f7c47","TCGA-60-2721-01A-01R-0851-07","TCGA-60-2721","Primary Tumor","JAK3","ENSG00000105639",1939,15.5209,5.3347,5.4367,"OK"
"TCGA-LUSC","db225ac9-c998-42ad-9181-a075ec0f7c47","TCGA-60-2721-01A-01R-0851-07","TCGA-60-2721","Primary Tumor","EPHB2","ENSG00000133216",277,1.207,0.4148,0.4228,"OK"
"TCGA-LUSC","ecf4dc55-b6a2-47de-8443-ce57b8362209","TCGA-O2-A52S-01A-11R-A262-07","TCGA-O2-A52S","Primary Tumor","JAK3","ENSG00000105639",847,9.7234,2.6652,2.5411,"OK"
"TCGA-LUSC","ecf4dc55-b6a2-47de-8443-ce57b8362209","TCGA-O2-A52S-01A-11R-A262-07","TCGA-O2-A52S","Primary Tumor","EPHB2","ENSG00000133216",1511,9.4422,2.5881,2.4676,"OK"
"TCGA-LUSC","02cea26c-3987-41a8-b040-d6a72fc7a220","TCGA-22-4593-01A-21R-1820-07","TCGA-22-4593","Primary Tumor","JAK3","ENSG00000105639",3299,21.1675,5.5016,6.1989,"OK"
"TCGA-LUSC","02cea26c-3987-41a8-b040-d6a72fc7a220","TCGA-22-4593-01A-21R-1820-07","TCGA-22-4593","Primary Tumor","EPHB2","ENSG00000133216",1865,6.5139,1.693,1.9076,"OK"
"TCGA-LUSC","470afda8-c4a4-4161-b6e7-1f0d2372d2c7","TCGA-85-8481-01A-11R-2326-07","TCGA-85-8481","Primary Tumor","JAK3","ENSG00000105639",749,9.4274,2.8856,3.4358,"OK"
"TCGA-LUSC","470afda8-c4a4-4161-b6e7-1f0d2372d2c7","TCGA-85-8481-01A-11R-2326-07","TCGA-85-8481","Primary Tumor","EPHB2","ENSG00000133216",9014,61.759,18.9035,22.5081,"OK"
"TCGA-LUSC","0fe3bf01-415a-4945-8606-74b92ae9da44","TCGA-77-A5FZ-01A-31R-A27Q-07","TCGA-77-A5FZ","Primary Tumor","JAK3","ENSG00000105639",6379,62.955,26.4116,26.9905,"OK"
"TCGA-LUSC","0fe3bf01-415a-4945-8606-74b92ae9da44","TCGA-77-A5FZ-01A-31R-A27Q-07","TCGA-77-A5FZ","Primary Tumor","EPHB2","ENSG00000133216",1766,9.4873,3.9802,4.0675,"OK"
"TCGA-LUSC","20bce22d-ac03-4799-83d4-02d68f3b11a8","TCGA-L3-A524-01A-11R-A262-07","TCGA-L3-A524","Primary Tumor","JAK3","ENSG00000105639",554,6.9734,1.94,1.9128,"OK"
"TCGA-LUSC","20bce22d-ac03-4799-83d4-02d68f3b11a8","TCGA-L3-A524-01A-11R-A262-07","TCGA-L3-A524","Primary Tumor","EPHB2","ENSG00000133216",1273,8.7224,2.4265,2.3926,"OK"
"TCGA-LUSC","7287d9fa-e48f-4de8-b7f0-a7af8c34fdf8","TCGA-39-5027-01A-21R-1820-07","TCGA-39-5027","Primary Tumor","JAK3","ENSG00000105639",326,1.7275,0.6242,0.7176,"OK"
"TCGA-LUSC","7287d9fa-e48f-4de8-b7f0-a7af8c34fdf8","TCGA-39-5027-01A-21R-1820-07","TCGA-39-5027","Primary Tumor","EPHB2","ENSG00000133216",1544,4.4538,1.6093,1.8501,"OK"
"TCGA-LUSC","49a41cb0-13b7-4a1d-ba2b-9e978e6c3a86","TCGA-96-7544-01A-11R-2045-07","TCGA-96-7544","Primary Tumor","JAK3","ENSG00000105639",1186,8.2837,2.5893,2.7521,"OK"
"TCGA-LUSC","49a41cb0-13b7-4a1d-ba2b-9e978e6c3a86","TCGA-96-7544-01A-11R-2045-07","TCGA-96-7544","Primary Tumor","EPHB2","ENSG00000133216",2562,9.7407,3.0447,3.2362,"OK"
"TCGA-LUSC","de7f2bf9-7cf5-4e97-8c51-df5afd1b0246","TCGA-63-A5MM-01A-11R-A26W-07","TCGA-63-A5MM","Primary Tumor","JAK3","ENSG00000105639",2673,25.3127,7.6898,8.634,"OK"
"TCGA-LUSC","de7f2bf9-7cf5-4e97-8c51-df5afd1b0246","TCGA-63-A5MM-01A-11R-A26W-07","TCGA-63-A5MM","Primary Tumor","EPHB2","ENSG00000133216",1866,9.6188,2.9221,3.2809,"OK"
"TCGA-LUSC","303615a1-9807-4992-866e-ec93e2ea8ce6","TCGA-51-4079-01A-01R-1100-07","TCGA-51-4079","Primary Tumor","JAK3","ENSG00000105639",553,4.4214,1.4394,1.6285,"OK"
"TCGA-LUSC","303615a1-9807-4992-866e-ec93e2ea8ce6","TCGA-51-4079-01A-01R-1100-07","TCGA-51-4079","Primary Tumor","EPHB2","ENSG00000133216",784,3.4121,1.1108,1.2568,"OK"
"TCGA-LUSC","f7a10e9e-496d-4664-b62d-c2d5e6ea662c","TCGA-NK-A7XE-01A-12R-A405-07","TCGA-NK-A7XE","Primary Tumor","JAK3","ENSG00000105639",331,3.2514,1.3581,1.5789,"OK"
"TCGA-LUSC","f7a10e9e-496d-4664-b62d-c2d5e6ea662c","TCGA-NK-A7XE-01A-12R-A405-07","TCGA-NK-A7XE","Primary Tumor","EPHB2","ENSG00000133216",3083,16.4848,6.8855,8.0054,"OK"
"TCGA-LUSC","4928764c-6c45-409a-b886-b9b458d37c2c","TCGA-85-8288-01A-11R-2296-07","TCGA-85-8288","Primary Tumor","JAK3","ENSG00000105639",6320,65.7107,18.936,18.4166,"OK"
"TCGA-LUSC","4928764c-6c45-409a-b886-b9b458d37c2c","TCGA-85-8288-01A-11R-2296-07","TCGA-85-8288","Primary Tumor","EPHB2","ENSG00000133216",3419,19.3504,5.5763,5.4233,"OK"
"TCGA-LUSC","8af8a3a5-8f98-4e93-abf5-bb401716bbed","TCGA-60-2726-01A-01R-0851-07","TCGA-60-2726","Primary Tumor","JAK3","ENSG00000105639",2466,20.9189,8.0157,8.3362,"OK"
"TCGA-LUSC","8af8a3a5-8f98-4e93-abf5-bb401716bbed","TCGA-60-2726-01A-01R-0851-07","TCGA-60-2726","Primary Tumor","EPHB2","ENSG00000133216",517,2.3873,0.9148,0.9514,"OK"
"TCGA-LUSC","d305b0b8-efa5-40f9-b4f9-7ff6557c3674","TCGA-77-8128-01A-11R-2247-07","TCGA-77-8128","Primary Tumor","JAK3","ENSG00000105639",279,3.7045,0.9448,0.9228,"OK"
"TCGA-LUSC","d305b0b8-efa5-40f9-b4f9-7ff6557c3674","TCGA-77-8128-01A-11R-2247-07","TCGA-77-8128","Primary Tumor","EPHB2","ENSG00000133216",870,6.2881,1.6037,1.5664,"OK"
"TCGA-LUSC","d6a0842c-cfda-4abe-9197-d1dba14ec313","TCGA-18-3409-01A-01R-0980-07","TCGA-18-3409","Primary Tumor","JAK3","ENSG00000105639",507,6.5087,1.7482,1.864,"OK"
"TCGA-LUSC","d6a0842c-cfda-4abe-9197-d1dba14ec313","TCGA-18-3409-01A-01R-0980-07","TCGA-18-3409","Primary Tumor","EPHB2","ENSG00000133216",1087,7.596,2.0402,2.1754,"OK"
"TCGA-LUSC","383470fe-2f7b-4ee7-aa59-f8238df585f7","TCGA-58-8387-01A-11R-2296-07","TCGA-58-8387","Primary Tumor","JAK3","ENSG00000105639",644,6.1922,3.3519,3.4908,"OK"
"TCGA-LUSC","383470fe-2f7b-4ee7-aa59-f8238df585f7","TCGA-58-8387-01A-11R-2296-07","TCGA-58-8387","Primary Tumor","EPHB2","ENSG00000133216",80,0.4187,0.2267,0.236,"OK"
"TCGA-LUSC","41f4ae8d-e832-46e4-aa65-87ba050d39d3","TCGA-56-8308-01A-11R-2296-07","TCGA-56-8308","Primary Tumor","JAK3","ENSG00000105639",860,10.1435,3.4394,3.521,"OK"
"TCGA-LUSC","41f4ae8d-e832-46e4-aa65-87ba050d39d3","TCGA-56-8308-01A-11R-2296-07","TCGA-56-8308","Primary Tumor","EPHB2","ENSG00000133216",346,2.2215,0.7532,0.7711,"OK"
"TCGA-LUSC","253c29f2-5477-44ae-9aec-eff82b3a977b","TCGA-37-A5EL-01A-11R-A26W-07","TCGA-37-A5EL","Primary Tumor","JAK3","ENSG00000105639",2126,20.8309,5.5205,5.2084,"OK"
"TCGA-LUSC","253c29f2-5477-44ae-9aec-eff82b3a977b","TCGA-37-A5EL-01A-11R-A26W-07","TCGA-37-A5EL","Primary Tumor","EPHB2","ENSG00000133216",3698,19.7235,5.227,4.9315,"OK"
"TCGA-LUSC","0570d9f9-d665-408c-b30b-66212ddaf838","TCGA-33-AASI-01A-22R-A405-07","TCGA-33-AASI","Primary Tumor","JAK3","ENSG00000105639",1078,9.315,3.8089,4.1963,"OK"
"TCGA-LUSC","0570d9f9-d665-408c-b30b-66212ddaf838","TCGA-33-AASI-01A-22R-A405-07","TCGA-33-AASI","Primary Tumor","EPHB2","ENSG00000133216",1875,8.8194,3.6063,3.9731,"OK"
"TCGA-LUSC","354b3238-51a1-4b08-95a8-50fde7e51b13","TCGA-34-5231-01A-21R-1820-07","TCGA-34-5231","Primary Tumor","JAK3","ENSG00000105639",4128,22.0061,6.685,6.8979,"OK"
"TCGA-LUSC","354b3238-51a1-4b08-95a8-50fde7e51b13","TCGA-34-5231-01A-21R-1820-07","TCGA-34-5231","Primary Tumor","EPHB2","ENSG00000133216",439,1.2739,0.387,0.3993,"OK"
"TCGA-LUSC","cb658a1b-527a-4b66-b067-15da400f4b75","TCGA-34-A5IX-01A-12R-A27Q-07","TCGA-34-A5IX","Primary Tumor","JAK3","ENSG00000105639",788,7.335,2.8385,3.2348,"OK"
"TCGA-LUSC","cb658a1b-527a-4b66-b067-15da400f4b75","TCGA-34-A5IX-01A-12R-A27Q-07","TCGA-34-A5IX","Primary Tumor","EPHB2","ENSG00000133216",906,4.5907,1.7765,2.0245,"OK"
"TCGA-LUSC","f2f16e96-2c61-47f3-a697-baec786f07a1","TCGA-85-8353-01A-21R-2296-07","TCGA-85-8353","Primary Tumor","JAK3","ENSG00000105639",1727,16.0012,5.2405,5.583,"OK"
"TCGA-LUSC","f2f16e96-2c61-47f3-a697-baec786f07a1","TCGA-85-8353-01A-21R-2296-07","TCGA-85-8353","Primary Tumor","EPHB2","ENSG00000133216",835,4.2113,1.3793,1.4694,"OK"
"TCGA-LUSC","5612d369-8009-4b81-89da-b2d396445e35","TCGA-NC-A5HM-01A-12R-A26W-07","TCGA-NC-A5HM","Primary Tumor","JAK3","ENSG00000105639",989,11.2662,3.9124,4.0491,"OK"
"TCGA-LUSC","5612d369-8009-4b81-89da-b2d396445e35","TCGA-NC-A5HM-01A-12R-A26W-07","TCGA-NC-A5HM","Primary Tumor","EPHB2","ENSG00000133216",2485,15.4093,5.3512,5.5381,"OK"
"TCGA-LUSC","da5d8d97-8144-480d-808e-6a8108738229","TCGA-51-4081-01A-01R-1100-07","TCGA-51-4081","Primary Tumor","JAK3","ENSG00000105639",678,8.0364,2.0936,2.0393,"OK"
"TCGA-LUSC","da5d8d97-8144-480d-808e-6a8108738229","TCGA-51-4081-01A-01R-1100-07","TCGA-51-4081","Primary Tumor","EPHB2","ENSG00000133216",1520,9.8072,2.5549,2.4886,"OK"
"TCGA-LUSC","342ae6d9-d9b9-4458-8c39-19faf0c7aeac","TCGA-22-5482-01A-01R-1635-07","TCGA-22-5482","Primary Tumor","JAK3","ENSG00000105639",409,2.7909,0.8274,0.9378,"OK"
"TCGA-LUSC","342ae6d9-d9b9-4458-8c39-19faf0c7aeac","TCGA-22-5482-01A-01R-1635-07","TCGA-22-5482","Primary Tumor","EPHB2","ENSG00000133216",945,3.5102,1.0406,1.1795,"OK"
"TCGA-LUSC","0889a6ea-a12a-4cc9-bec5-3103a3cdbba3","TCGA-22-1016-01A-01R-0692-07","TCGA-22-1016","Primary Tumor","JAK3","ENSG00000105639",2560,25.6506,7.2574,7.1447,"OK"
"TCGA-LUSC","0889a6ea-a12a-4cc9-bec5-3103a3cdbba3","TCGA-22-1016-01A-01R-0692-07","TCGA-22-1016","Primary Tumor","EPHB2","ENSG00000133216",3070,16.7444,4.7375,4.664,"OK"
"TCGA-LUSC","4f7d265c-1060-4d43-9846-03fdb3d77bf1","TCGA-33-AASL-01A-11R-A405-07","TCGA-33-AASL","Primary Tumor","JAK3","ENSG00000105639",715,6.5357,2.7202,3.2233,"OK"
"TCGA-LUSC","4f7d265c-1060-4d43-9846-03fdb3d77bf1","TCGA-33-AASL-01A-11R-A405-07","TCGA-33-AASL","Primary Tumor","EPHB2","ENSG00000133216",94,0.4677,0.1947,0.2307,"OK"
"TCGA-LUSC","dfb6070a-cc20-441d-baaa-7327d6871b2b","TCGA-98-A53B-01A-11R-A262-07","TCGA-98-A53B","Primary Tumor","JAK3","ENSG00000105639",1494,16.2692,4.6658,4.6192,"OK"
"TCGA-LUSC","dfb6070a-cc20-441d-baaa-7327d6871b2b","TCGA-98-A53B-01A-11R-A262-07","TCGA-98-A53B","Primary Tumor","EPHB2","ENSG00000133216",3652,21.6481,6.2084,6.1464,"OK"
"TCGA-LUSC","c2cdff0a-7852-47e3-b222-c51289e9d305","TCGA-58-8386-01A-11R-2296-07","TCGA-58-8386","Primary Tumor","JAK3","ENSG00000105639",1073,10.7324,2.986,3.1389,"OK"
"TCGA-LUSC","c2cdff0a-7852-47e3-b222-c51289e9d305","TCGA-58-8386-01A-11R-2296-07","TCGA-58-8386","Primary Tumor","EPHB2","ENSG00000133216",876,4.7695,1.327,1.3949,"OK"
"TCGA-LUSC","4833219b-b619-423e-b3f3-d6f2c6cbbf39","TCGA-22-1011-01A-01R-0692-07","TCGA-22-1011","Primary Tumor","JAK3","ENSG00000105639",2435,16.6097,8.7377,8.8407,"OK"
"TCGA-LUSC","4833219b-b619-423e-b3f3-d6f2c6cbbf39","TCGA-22-1011-01A-01R-0692-07","TCGA-22-1011","Primary Tumor","EPHB2","ENSG00000133216",881,3.2712,1.7209,1.7412,"OK"
"TCGA-LUSC","e6d4a439-2636-4ecf-b611-d2085c258730","TCGA-96-A4JL-01A-11R-A24Z-07","TCGA-96-A4JL","Primary Tumor","JAK3","ENSG00000105639",8254,84.492,27.3506,24.7729,"OK"
"TCGA-LUSC","e6d4a439-2636-4ecf-b611-d2085c258730","TCGA-96-A4JL-01A-11R-A24Z-07","TCGA-96-A4JL","Primary Tumor","EPHB2","ENSG00000133216",3516,19.5917,6.342,5.7443,"OK"
"TCGA-LUSC","9ab3bfe1-463e-40b8-9380-da7cc3bf6d16","TCGA-85-7699-01A-11R-2125-07","TCGA-85-7699","Primary Tumor","JAK3","ENSG00000105639",4417,30.0611,9.4234,8.9142,"OK"
"TCGA-LUSC","9ab3bfe1-463e-40b8-9380-da7cc3bf6d16","TCGA-85-7699-01A-11R-2125-07","TCGA-85-7699","Primary Tumor","EPHB2","ENSG00000133216",2365,8.7616,2.7465,2.5981,"OK"
"TCGA-LUSC","86ed5b38-ea85-43c1-a4bf-a8b6dbdf6425","TCGA-NC-A5HH-01A-11R-A26W-07","TCGA-NC-A5HH","Primary Tumor","JAK3","ENSG00000105639",490,6.2706,1.7584,1.6989,"OK"
"TCGA-LUSC","86ed5b38-ea85-43c1-a4bf-a8b6dbdf6425","TCGA-NC-A5HH-01A-11R-A26W-07","TCGA-NC-A5HH","Primary Tumor","EPHB2","ENSG00000133216",269,1.8739,0.5255,0.5077,"OK"
"TCGA-LUSC","77639238-e075-4b01-aa44-c248ad2b05e7","TCGA-60-2708-01A-01R-0851-07","TCGA-60-2708","Primary Tumor","JAK3","ENSG00000105639",549,5.3259,1.4435,1.863,"OK"
"TCGA-LUSC","77639238-e075-4b01-aa44-c248ad2b05e7","TCGA-60-2708-01A-01R-0851-07","TCGA-60-2708","Primary Tumor","EPHB2","ENSG00000133216",974,5.1435,1.394,1.7992,"OK"
"TCGA-LUSC","6c254294-98e1-4df0-ae22-0c678095473c","TCGA-77-7142-01A-11R-2045-07","TCGA-77-7142","Primary Tumor","JAK3","ENSG00000105639",587,5.5959,1.5369,1.5706,"OK"
"TCGA-LUSC","6c254294-98e1-4df0-ae22-0c678095473c","TCGA-77-7142-01A-11R-2045-07","TCGA-77-7142","Primary Tumor","EPHB2","ENSG00000133216",851,4.4161,1.2128,1.2395,"OK"
"TCGA-LUSC","a79328d0-1da2-4a72-a319-2badd03985e3","TCGA-56-8625-01A-11R-2403-07","TCGA-56-8625","Primary Tumor","JAK3","ENSG00000105639",2643,33.4155,10.3285,10.0032,"OK"
"TCGA-LUSC","a79328d0-1da2-4a72-a319-2badd03985e3","TCGA-56-8625-01A-11R-2403-07","TCGA-56-8625","Primary Tumor","EPHB2","ENSG00000133216",1584,10.9013,3.3695,3.2634,"OK"
"TCGA-LUSC","14350006-3c6f-4079-8a35-afd1e5f8a29a","TCGA-68-A59I-01A-11R-A262-07","TCGA-68-A59I","Primary Tumor","JAK3","ENSG00000105639",2597,24.1585,8.7708,8.8557,"OK"
"TCGA-LUSC","14350006-3c6f-4079-8a35-afd1e5f8a29a","TCGA-68-A59I-01A-11R-A262-07","TCGA-68-A59I","Primary Tumor","EPHB2","ENSG00000133216",1476,7.4741,2.7135,2.7398,"OK"
"TCGA-LUSC","6b3887e7-fbf3-402a-bd2d-895ad964dfbe","TCGA-56-7223-01A-11R-2045-07","TCGA-56-7223","Primary Tumor","JAK3","ENSG00000105639",690,3.9985,1.0979,1.0775,"OK"
"TCGA-LUSC","6b3887e7-fbf3-402a-bd2d-895ad964dfbe","TCGA-56-7223-01A-11R-2045-07","TCGA-56-7223","Primary Tumor","EPHB2","ENSG00000133216",2230,7.0345,1.9315,1.8956,"OK"
"TCGA-LUSC","a3f8814b-1be9-4a0f-837d-9736315efd57","TCGA-22-5485-01A-01R-1635-07","TCGA-22-5485","Primary Tumor","JAK3","ENSG00000105639",546,4.0401,1.0932,1.1538,"OK"
"TCGA-LUSC","a3f8814b-1be9-4a0f-837d-9736315efd57","TCGA-22-5485-01A-01R-1635-07","TCGA-22-5485","Primary Tumor","EPHB2","ENSG00000133216",1043,4.2011,1.1368,1.1998,"OK"
"TCGA-LUSC","db3b76cb-5f0d-4df2-b42b-3e66e102b286","TCGA-98-8021-01A-11R-2247-07","TCGA-98-8021","Primary Tumor","JAK3","ENSG00000105639",1093,15.1807,4.2892,4.4163,"OK"
"TCGA-LUSC","db3b76cb-5f0d-4df2-b42b-3e66e102b286","TCGA-98-8021-01A-11R-2247-07","TCGA-98-8021","Primary Tumor","EPHB2","ENSG00000133216",940,7.1068,2.008,2.0675,"OK"
"TCGA-LUSC","e3a36a1b-fa5d-41e6-a84c-bf9e1ffa99c1","TCGA-63-A5MW-01A-11R-A26W-07","TCGA-63-A5MW","Primary Tumor","JAK3","ENSG00000105639",1231,13.3746,3.6696,3.6675,"OK"
"TCGA-LUSC","e3a36a1b-fa5d-41e6-a84c-bf9e1ffa99c1","TCGA-63-A5MW-01A-11R-A26W-07","TCGA-63-A5MW","Primary Tumor","EPHB2","ENSG00000133216",2399,14.1882,3.8928,3.8906,"OK"
"TCGA-LUSC","4b8994c3-c922-4929-9ffd-eb47a6193a68","TCGA-96-8170-01A-11R-2296-07","TCGA-96-8170","Primary Tumor","JAK3","ENSG00000105639",717,5.8848,2.0058,2.1494,"OK"
"TCGA-LUSC","4b8994c3-c922-4929-9ffd-eb47a6193a68","TCGA-96-8170-01A-11R-2296-07","TCGA-96-8170","Primary Tumor","EPHB2","ENSG00000133216",1302,5.817,1.9827,2.1247,"OK"
"TCGA-LUSC","28ab7cb4-b27e-407f-b999-b411ecd263c2","TCGA-94-A4VJ-01A-11R-A24Z-07","TCGA-94-A4VJ","Primary Tumor","JAK3","ENSG00000105639",553,6.0208,1.8527,1.8977,"OK"
"TCGA-LUSC","28ab7cb4-b27e-407f-b999-b411ecd263c2","TCGA-94-A4VJ-01A-11R-A24Z-07","TCGA-94-A4VJ","Primary Tumor","EPHB2","ENSG00000133216",11238,66.6022,20.4944,20.9923,"OK"
"TCGA-LUSC","808d3c9f-b9df-4b77-8a42-fbb82786d282","TCGA-52-7622-01A-11R-2125-07","TCGA-52-7622","Primary Tumor","JAK3","ENSG00000105639",2450,16.8493,5.2449,5.1605,"OK"
"TCGA-LUSC","808d3c9f-b9df-4b77-8a42-fbb82786d282","TCGA-52-7622-01A-11R-2125-07","TCGA-52-7622","Primary Tumor","EPHB2","ENSG00000133216",1654,6.1919,1.9274,1.8964,"OK"
"TCGA-LUSC","1b4d3f57-64ce-4b42-b1e9-9704a1a658fa","TCGA-77-8008-01A-21R-2187-07","TCGA-77-8008","Primary Tumor","JAK3","ENSG00000105639",2492,17.1775,5.0594,6.0148,"OK"
"TCGA-LUSC","1b4d3f57-64ce-4b42-b1e9-9704a1a658fa","TCGA-77-8008-01A-21R-2187-07","TCGA-77-8008","Primary Tumor","EPHB2","ENSG00000133216",1669,6.2624,1.8445,2.1928,"OK"
"TCGA-LUSC","5dad1e97-fad2-4865-90fd-baf08a0b0c53","TCGA-39-5036-01A-01R-1443-07","TCGA-39-5036","Primary Tumor","JAK3","ENSG00000105639",236,2.4891,0.8117,0.9021,"OK"
"TCGA-LUSC","5dad1e97-fad2-4865-90fd-baf08a0b0c53","TCGA-39-5036-01A-01R-1443-07","TCGA-39-5036","Primary Tumor","EPHB2","ENSG00000133216",1273,7.3086,2.3833,2.6487,"OK"
"TCGA-LUSC","5fc2465c-ea55-4197-87d2-a3822c8164ef","TCGA-85-8584-01A-11R-2403-07","TCGA-85-8584","Primary Tumor","JAK3","ENSG00000105639",1592,18.338,6.9027,7.01,"OK"
"TCGA-LUSC","5fc2465c-ea55-4197-87d2-a3822c8164ef","TCGA-85-8584-01A-11R-2403-07","TCGA-85-8584","Primary Tumor","EPHB2","ENSG00000133216",3023,18.9548,7.1349,7.2458,"OK"
"TCGA-LUSC","bc59ae84-15d7-4887-9233-9bab673979e1","TCGA-94-8035-01A-11R-2247-07","TCGA-94-8035","Primary Tumor","JAK3","ENSG00000105639",512,6.0428,1.7987,1.8326,"OK"
"TCGA-LUSC","bc59ae84-15d7-4887-9233-9bab673979e1","TCGA-94-8035-01A-11R-2247-07","TCGA-94-8035","Primary Tumor","EPHB2","ENSG00000133216",520,3.3407,0.9944,1.0132,"OK"
"TCGA-LUSC","9cbc81e9-686a-4178-9b36-fa90df8627cb","TCGA-37-5819-01A-01R-1635-07","TCGA-37-5819","Primary Tumor","JAK3","ENSG00000105639",948,5.5799,2.5048,2.6765,"OK"
"TCGA-LUSC","9cbc81e9-686a-4178-9b36-fa90df8627cb","TCGA-37-5819-01A-01R-1635-07","TCGA-37-5819","Primary Tumor","EPHB2","ENSG00000133216",569,1.8231,0.8184,0.8745,"OK"
"TCGA-LUSC","943d7e24-0b89-4ea8-9e86-573a7187a58b","TCGA-85-8070-01A-11R-2247-07","TCGA-85-8070","Primary Tumor","JAK3","ENSG00000105639",541,9.1574,2.6164,2.4663,"OK"
"TCGA-LUSC","943d7e24-0b89-4ea8-9e86-573a7187a58b","TCGA-85-8070-01A-11R-2247-07","TCGA-85-8070","Primary Tumor","EPHB2","ENSG00000133216",3354,30.9038,8.8297,8.323,"OK"
"TCGA-LUSC","e2445ad6-2a6a-4ec3-84d8-93cc3c180a58","TCGA-22-1012-01A-01R-0692-07","TCGA-22-1012","Primary Tumor","JAK3","ENSG00000105639",711,7.847,2.6264,2.8549,"OK"
"TCGA-LUSC","e2445ad6-2a6a-4ec3-84d8-93cc3c180a58","TCGA-22-1012-01A-01R-0692-07","TCGA-22-1012","Primary Tumor","EPHB2","ENSG00000133216",197,1.1835,0.3961,0.4306,"OK"
"TCGA-LUSC","cc13dbbd-b93d-4350-9bfe-b22bbce316fe","TCGA-NC-A5HQ-01A-11R-A26W-07","TCGA-NC-A5HQ","Primary Tumor","JAK3","ENSG00000105639",1263,11.1993,3.8385,3.9943,"OK"
"TCGA-LUSC","cc13dbbd-b93d-4350-9bfe-b22bbce316fe","TCGA-NC-A5HQ-01A-11R-A26W-07","TCGA-NC-A5HQ","Primary Tumor","EPHB2","ENSG00000133216",338,1.6315,0.5592,0.5819,"OK"
"TCGA-LUSC","7d53b735-23db-4321-a2ec-76264f7c607f","TCGA-77-8145-01A-11R-2247-07","TCGA-77-8145","Primary Tumor","JAK3","ENSG00000105639",647,13.0823,3.6956,3.886,"OK"
"TCGA-LUSC","7d53b735-23db-4321-a2ec-76264f7c607f","TCGA-77-8145-01A-11R-2247-07","TCGA-77-8145","Primary Tumor","EPHB2","ENSG00000133216",1360,14.9689,4.2286,4.4464,"OK"
"TCGA-LUSC","f0599560-eb57-4d05-b9be-09d70aa1baa5","TCGA-52-7810-01A-11R-2125-07","TCGA-52-7810","Primary Tumor","JAK3","ENSG00000105639",1710,13.6831,4.1055,4.9586,"OK"
"TCGA-LUSC","f0599560-eb57-4d05-b9be-09d70aa1baa5","TCGA-52-7810-01A-11R-2125-07","TCGA-52-7810","Primary Tumor","EPHB2","ENSG00000133216",1576,6.8646,2.0597,2.4877,"OK"
"TCGA-LUSC","72913c01-0d2a-4a08-b04c-b2149ca6ad37","TCGA-56-8626-01A-11R-2403-07","TCGA-56-8626","Primary Tumor","JAK3","ENSG00000105639",1151,17.6172,4.7175,4.8541,"OK"
"TCGA-LUSC","72913c01-0d2a-4a08-b04c-b2149ca6ad37","TCGA-56-8626-01A-11R-2403-07","TCGA-56-8626","Primary Tumor","EPHB2","ENSG00000133216",4399,36.6511,9.8144,10.0985,"OK"
"TCGA-LUSC","d64e9bd5-868a-4c9b-89a2-5510f4319c75","TCGA-52-7812-01A-11R-2125-07","TCGA-52-7812","Primary Tumor","JAK3","ENSG00000105639",1409,14.6742,4.2686,4.2355,"OK"
"TCGA-LUSC","d64e9bd5-868a-4c9b-89a2-5510f4319c75","TCGA-52-7812-01A-11R-2125-07","TCGA-52-7812","Primary Tumor","EPHB2","ENSG00000133216",3682,20.8738,6.0719,6.0248,"OK"
"TCGA-LUSC","bfbe5707-5610-46af-97cd-3fd43dc492de","TCGA-85-7710-01A-11R-2125-07","TCGA-85-7710","Primary Tumor","JAK3","ENSG00000105639",720,7.0945,1.8756,1.8043,"OK"
"TCGA-LUSC","bfbe5707-5610-46af-97cd-3fd43dc492de","TCGA-85-7710-01A-11R-2125-07","TCGA-85-7710","Primary Tumor","EPHB2","ENSG00000133216",5066,27.1724,7.1835,6.9106,"OK"
"TCGA-LUSC","5cea4106-64fd-4d00-b978-d5ba676ded7b","TCGA-39-5030-01A-01R-1443-07","TCGA-39-5030","Primary Tumor","JAK3","ENSG00000105639",3165,27.7889,14.4058,13.5835,"OK"
"TCGA-LUSC","5cea4106-64fd-4d00-b978-d5ba676ded7b","TCGA-39-5030-01A-01R-1443-07","TCGA-39-5030","Primary Tumor","EPHB2","ENSG00000133216",6368,30.435,15.7775,14.8769,"OK"
"TCGA-LUSC","000b6b94-572d-4d06-a8f4-2e43829f83d4","TCGA-90-A4EE-01A-11R-A24Z-07","TCGA-90-A4EE","Primary Tumor","JAK3","ENSG00000105639",8055,84.1697,26.6506,26.0728,"OK"
"TCGA-LUSC","000b6b94-572d-4d06-a8f4-2e43829f83d4","TCGA-90-A4EE-01A-11R-A24Z-07","TCGA-90-A4EE","Primary Tumor","EPHB2","ENSG00000133216",1137,6.4673,2.0477,2.0033,"OK"
"TCGA-LUSC","ae6c036e-8e10-498c-90dd-7eba6a20e7a1","TCGA-56-8503-01A-11R-2403-07","TCGA-56-8503","Primary Tumor","JAK3","ENSG00000105639",2861,38.8309,12.4938,13.3584,"OK"
"TCGA-LUSC","ae6c036e-8e10-498c-90dd-7eba6a20e7a1","TCGA-56-8503-01A-11R-2403-07","TCGA-56-8503","Primary Tumor","EPHB2","ENSG00000133216",2659,19.6449,6.3207,6.7581,"OK"
"TCGA-LUSC","ca1ed3c2-6a69-4256-bc23-958599a70d45","TCGA-63-A5MR-01A-31R-A27Q-07","TCGA-63-A5MR","Primary Tumor","JAK3","ENSG00000105639",616,6.1377,1.9673,2.1403,"OK"
"TCGA-LUSC","ca1ed3c2-6a69-4256-bc23-958599a70d45","TCGA-63-A5MR-01A-31R-A27Q-07","TCGA-63-A5MR","Primary Tumor","EPHB2","ENSG00000133216",1188,6.4434,2.0653,2.2469,"OK"
"TCGA-LUSC","e1b8346e-beca-46d7-8910-4a54d6597c75","TCGA-85-7697-01A-11R-2125-07","TCGA-85-7697","Primary Tumor","JAK3","ENSG00000105639",2087,12.8619,4.3081,4.3546,"OK"
"TCGA-LUSC","e1b8346e-beca-46d7-8910-4a54d6597c75","TCGA-85-7697-01A-11R-2125-07","TCGA-85-7697","Primary Tumor","EPHB2","ENSG00000133216",1793,6.015,2.0147,2.0365,"OK"
"TCGA-LUSC","cfcbccac-2ccf-4b0c-b228-19bf5c21d2e1","TCGA-43-6773-01A-41R-1949-07","TCGA-43-6773","Primary Tumor","JAK3","ENSG00000105639",2385,14.5371,9.1944,9.3907,"OK"
"TCGA-LUSC","cfcbccac-2ccf-4b0c-b228-19bf5c21d2e1","TCGA-43-6773-01A-41R-1949-07","TCGA-43-6773","Primary Tumor","EPHB2","ENSG00000133216",1775,5.8892,3.7248,3.8044,"OK"
"TCGA-LUSC","460ef0b3-7898-4f4d-94a0-21a6aa7440e1","TCGA-56-A4BY-01A-11R-A24H-07","TCGA-56-A4BY","Primary Tumor","JAK3","ENSG00000105639",878,9.8299,2.6306,2.46,"OK"
"TCGA-LUSC","460ef0b3-7898-4f4d-94a0-21a6aa7440e1","TCGA-56-A4BY-01A-11R-A24H-07","TCGA-56-A4BY","Primary Tumor","EPHB2","ENSG00000133216",415,2.5292,0.6768,0.6329,"OK"
"TCGA-LUSC","a6e85696-c0ad-45b1-aa18-7293346d30f1","TCGA-33-6738-01A-11R-1949-07","TCGA-33-6738","Primary Tumor","JAK3","ENSG00000105639",1301,9.4953,3.4578,3.8671,"OK"
"TCGA-LUSC","a6e85696-c0ad-45b1-aa18-7293346d30f1","TCGA-33-6738-01A-11R-1949-07","TCGA-33-6738","Primary Tumor","EPHB2","ENSG00000133216",3787,15.0452,5.4789,6.1274,"OK"
"TCGA-LUSC","0b050c63-6aed-4573-bac1-30d36781fb1a","TCGA-L3-A4E7-01A-11R-A24Z-07","TCGA-L3-A4E7","Primary Tumor","JAK3","ENSG00000105639",1350,13.8413,4.5929,4.5512,"OK"
"TCGA-LUSC","0b050c63-6aed-4573-bac1-30d36781fb1a","TCGA-L3-A4E7-01A-11R-A24Z-07","TCGA-L3-A4E7","Primary Tumor","EPHB2","ENSG00000133216",2015,11.2458,3.7317,3.6977,"OK"
"TCGA-LUSC","c3ec70f4-dfe8-4524-9b4e-ba127a806470","TCGA-77-8143-01A-11R-2247-07","TCGA-77-8143","Primary Tumor","JAK3","ENSG00000105639",569,6.0684,1.914,1.8987,"OK"
"TCGA-LUSC","c3ec70f4-dfe8-4524-9b4e-ba127a806470","TCGA-77-8143-01A-11R-2247-07","TCGA-77-8143","Primary Tumor","EPHB2","ENSG00000133216",170,0.9869,0.3113,0.3088,"OK"
"TCGA-LUSC","5c3ec03d-d9eb-48e8-b132-5733dcf83131","TCGA-66-2795-01A-02R-0980-07","TCGA-66-2795","Primary Tumor","JAK3","ENSG00000105639",525,6.3716,2.0019,2.4004,"OK"
"TCGA-LUSC","5c3ec03d-d9eb-48e8-b132-5733dcf83131","TCGA-66-2795-01A-02R-0980-07","TCGA-66-2795","Primary Tumor","EPHB2","ENSG00000133216",422,2.7879,0.8759,1.0503,"OK"
"TCGA-LUSC","a2ff795f-2f9f-4a67-a8e8-5d1b70f397d8","TCGA-39-5028-01A-01R-1443-07","TCGA-39-5028","Primary Tumor","JAK3","ENSG00000105639",958,6.5616,2.4875,2.8239,"OK"
"TCGA-LUSC","a2ff795f-2f9f-4a67-a8e8-5d1b70f397d8","TCGA-39-5028-01A-01R-1443-07","TCGA-39-5028","Primary Tumor","EPHB2","ENSG00000133216",1469,5.4769,2.0763,2.3571,"OK"
"TCGA-LUSC","ba47cbb5-556b-490b-af63-a5005ee42f11","TCGA-21-5782-01A-01R-1635-07","TCGA-21-5782","Primary Tumor","JAK3","ENSG00000105639",473,8.0272,3.0294,3.8005,"OK"
"TCGA-LUSC","ba47cbb5-556b-490b-af63-a5005ee42f11","TCGA-21-5782-01A-01R-1635-07","TCGA-21-5782","Primary Tumor","EPHB2","ENSG00000133216",791,7.3072,2.7577,3.4596,"OK"
"TCGA-LUSC","d3b06d38-0bf2-4982-9728-8eb33e27b756","TCGA-18-3406-01A-01R-0980-07","TCGA-18-3406","Primary Tumor","JAK3","ENSG00000105639",302,2.5096,1.191,1.7397,"OK"
"TCGA-LUSC","d3b06d38-0bf2-4982-9728-8eb33e27b756","TCGA-18-3406-01A-01R-0980-07","TCGA-18-3406","Primary Tumor","EPHB2","ENSG00000133216",340,1.538,0.7299,1.0661,"OK"
"TCGA-LUSC","3a3ef9b4-f31e-4bcf-ab1e-c2ae5c86e315","TCGA-21-1078-01A-01R-0692-07","TCGA-21-1078","Primary Tumor","JAK3","ENSG00000105639",271,2.5653,0.7518,0.7721,"OK"
"TCGA-LUSC","3a3ef9b4-f31e-4bcf-ab1e-c2ae5c86e315","TCGA-21-1078-01A-01R-0692-07","TCGA-21-1078","Primary Tumor","EPHB2","ENSG00000133216",836,4.3078,1.2624,1.2965,"OK"
"TCGA-LUSC","f134bb5f-7ea6-4a38-85a9-150bb7c2eccc","TCGA-33-4533-01A-01R-1201-07","TCGA-33-4533","Primary Tumor","JAK3","ENSG00000105639",550,5.8973,1.6133,1.6483,"OK"
"TCGA-LUSC","f134bb5f-7ea6-4a38-85a9-150bb7c2eccc","TCGA-33-4533-01A-01R-1201-07","TCGA-33-4533","Primary Tumor","EPHB2","ENSG00000133216",2697,15.7415,4.3062,4.3998,"OK"
"TCGA-LUSC","b6275344-52a5-4a39-afea-c01b9099c15f","TCGA-85-A511-01A-21R-A262-07","TCGA-85-A511","Primary Tumor","JAK3","ENSG00000105639",2919,29.6977,9.6898,9.3551,"OK"
"TCGA-LUSC","b6275344-52a5-4a39-afea-c01b9099c15f","TCGA-85-A511-01A-21R-A262-07","TCGA-85-A511","Primary Tumor","EPHB2","ENSG00000133216",1608,8.9053,2.9056,2.8053,"OK"
"TCGA-LUSC","269e001e-1217-4e3f-a650-bccc10fdcb68","TCGA-21-1081-01A-01R-A96U-41","TCGA-21-1081","Primary Tumor","JAK3","ENSG00000105639",1853,11.1037,3.4078,3.551,"OK"
"TCGA-LUSC","269e001e-1217-4e3f-a650-bccc10fdcb68","TCGA-21-1081-01A-01R-A96U-41","TCGA-21-1081","Primary Tumor","EPHB2","ENSG00000133216",9633,31.4214,9.6435,10.0488,"OK"
"TCGA-LUSC","97a2d0b9-cb59-4ae9-83f0-36f81c1c9474","TCGA-34-5928-01A-11R-1820-07","TCGA-34-5928","Primary Tumor","JAK3","ENSG00000105639",3737,21.2021,5.3194,6.1265,"OK"
"TCGA-LUSC","97a2d0b9-cb59-4ae9-83f0-36f81c1c9474","TCGA-34-5928-01A-11R-1820-07","TCGA-34-5928","Primary Tumor","EPHB2","ENSG00000133216",13876,42.8542,10.7516,12.3829,"OK"
"TCGA-LUSC","915f5f6d-b66b-4ffd-a095-a6bb60387d2f","TCGA-56-8082-11A-01R-2247-07","TCGA-56-8082","Solid Tissue Normal","JAK3","ENSG00000105639",1543,17.9063,4.913,5.3696,"OK"
"TCGA-LUSC","915f5f6d-b66b-4ffd-a095-a6bb60387d2f","TCGA-56-8082-11A-01R-2247-07","TCGA-56-8082","Solid Tissue Normal","EPHB2","ENSG00000133216",364,2.2994,0.6309,0.6895,"OK"
"TCGA-LUSC","f31f1008-cde3-4ca6-8864-8b1e7efbb856","TCGA-39-5021-01A-01R-1443-07","TCGA-39-5021","Primary Tumor","JAK3","ENSG00000105639",903,9.727,3.5084,3.3742,"OK"
"TCGA-LUSC","f31f1008-cde3-4ca6-8864-8b1e7efbb856","TCGA-39-5021-01A-01R-1443-07","TCGA-39-5021","Primary Tumor","EPHB2","ENSG00000133216",548,3.2132,1.159,1.1146,"OK"
"TCGA-LUSC","d5a9ed78-88ed-409c-8947-f1cd3fa6fce9","TCGA-94-A5I4-01A-11R-A26W-07","TCGA-94-A5I4","Primary Tumor","JAK3","ENSG00000105639",452,6.4425,1.8128,1.7925,"OK"
"TCGA-LUSC","d5a9ed78-88ed-409c-8947-f1cd3fa6fce9","TCGA-94-A5I4-01A-11R-A26W-07","TCGA-94-A5I4","Primary Tumor","EPHB2","ENSG00000133216",346,2.6845,0.7554,0.7469,"OK"
"TCGA-LUSC","97df56d6-9763-4560-a585-9538af164cfe","TCGA-22-4605-01A-21R-2125-07","TCGA-22-4605","Primary Tumor","JAK3","ENSG00000105639",1037,8.5827,2.6889,2.8557,"OK"
"TCGA-LUSC","97df56d6-9763-4560-a585-9538af164cfe","TCGA-22-4605-01A-21R-2125-07","TCGA-22-4605","Primary Tumor","EPHB2","ENSG00000133216",1606,7.2355,2.2668,2.4074,"OK"
"TCGA-LUSC","dedf9f52-7ded-4cc5-bba2-da89a48b5176","TCGA-46-3768-01A-01R-0980-07","TCGA-46-3768","Primary Tumor","JAK3","ENSG00000105639",618,5.3696,1.4732,1.4855,"OK"
"TCGA-LUSC","dedf9f52-7ded-4cc5-bba2-da89a48b5176","TCGA-46-3768-01A-01R-0980-07","TCGA-46-3768","Primary Tumor","EPHB2","ENSG00000133216",1221,5.7748,1.5844,1.5976,"OK"
"TCGA-LUSC","67a4e5b1-80d2-4258-974e-57c1dde303cb","TCGA-63-7022-01A-11R-1949-07","TCGA-63-7022","Primary Tumor","JAK3","ENSG00000105639",2056,16.0978,8.0295,8.8994,"OK"
"TCGA-LUSC","67a4e5b1-80d2-4258-974e-57c1dde303cb","TCGA-63-7022-01A-11R-1949-07","TCGA-63-7022","Primary Tumor","EPHB2","ENSG00000133216",1021,4.3515,2.1705,2.4057,"OK"
"TCGA-LUSC","4fa865be-49fe-48f8-9e87-e09168572af4","TCGA-34-7107-11A-01R-1949-07","TCGA-34-7107","Solid Tissue Normal","JAK3","ENSG00000105639",1831,12.277,4.9424,6.055,"OK"
"TCGA-LUSC","4fa865be-49fe-48f8-9e87-e09168572af4","TCGA-34-7107-11A-01R-1949-07","TCGA-34-7107","Solid Tissue Normal","EPHB2","ENSG00000133216",1146,4.1827,1.6839,2.0629,"OK"
"TCGA-LUSC","2e192b44-dac3-477b-bc68-65d46b8c1a64","TCGA-34-8455-01A-11R-2326-07","TCGA-34-8455","Primary Tumor","JAK3","ENSG00000105639",710,8.5457,2.4139,2.5331,"OK"
"TCGA-LUSC","2e192b44-dac3-477b-bc68-65d46b8c1a64","TCGA-34-8455-01A-11R-2326-07","TCGA-34-8455","Primary Tumor","EPHB2","ENSG00000133216",3906,25.5915,7.2289,7.5857,"OK"
"TCGA-LUSC","7dc40d65-c112-4490-ab18-9abd95c8825e","TCGA-43-8118-01A-11R-2403-07","TCGA-43-8118","Primary Tumor","JAK3","ENSG00000105639",851,10.5398,2.8603,2.8453,"OK"
"TCGA-LUSC","7dc40d65-c112-4490-ab18-9abd95c8825e","TCGA-43-8118-01A-11R-2403-07","TCGA-43-8118","Primary Tumor","EPHB2","ENSG00000133216",469,3.1619,0.8581,0.8536,"OK"
"TCGA-LUSC","f46bcec5-9dfe-4c91-a789-5e3c6bf878db","TCGA-66-2786-01A-01R-0851-07","TCGA-66-2786","Primary Tumor","JAK3","ENSG00000105639",1290,10.5472,3.159,3.373,"OK"
"TCGA-LUSC","f46bcec5-9dfe-4c91-a789-5e3c6bf878db","TCGA-66-2786-01A-01R-0851-07","TCGA-66-2786","Primary Tumor","EPHB2","ENSG00000133216",4520,20.1168,6.0253,6.4333,"OK"
"TCGA-LUSC","cded92df-9367-4ee5-930c-6c87bf2c8eb0","TCGA-18-5592-01A-01R-1635-07","TCGA-18-5592","Primary Tumor","JAK3","ENSG00000105639",575,4.7661,1.4313,1.5101,"OK"
"TCGA-LUSC","cded92df-9367-4ee5-930c-6c87bf2c8eb0","TCGA-18-5592-01A-01R-1635-07","TCGA-18-5592","Primary Tumor","EPHB2","ENSG00000133216",1467,6.619,1.9878,2.0972,"OK"
"TCGA-LUSC","259941ae-c443-488b-b815-536b7f0d9efd","TCGA-56-A4BW-01A-11R-A24H-07","TCGA-56-A4BW","Primary Tumor","JAK3","ENSG00000105639",807,8.6404,3.1144,3.304,"OK"
"TCGA-LUSC","259941ae-c443-488b-b815-536b7f0d9efd","TCGA-56-A4BW-01A-11R-A24H-07","TCGA-56-A4BW","Primary Tumor","EPHB2","ENSG00000133216",3610,21.0396,7.5836,8.0453,"OK"
"TCGA-LUSC","fb5fc040-9f48-4eb6-89b3-9c0407222201","TCGA-22-4613-01A-01R-1443-07","TCGA-22-4613","Primary Tumor","JAK3","ENSG00000105639",463,7.9934,3.0967,3.0394,"OK"
"TCGA-LUSC","fb5fc040-9f48-4eb6-89b3-9c0407222201","TCGA-22-4613-01A-01R-1443-07","TCGA-22-4613","Primary Tumor","EPHB2","ENSG00000133216",273,2.5656,0.9939,0.9755,"OK"
"TCGA-LUSC","858abd7d-396c-4dd3-b570-94f99ac9b9c0","TCGA-33-AASJ-01A-11R-A405-07","TCGA-33-AASJ","Primary Tumor","JAK3","ENSG00000105639",310,3.4515,1.0517,1.0666,"OK"
"TCGA-LUSC","858abd7d-396c-4dd3-b570-94f99ac9b9c0","TCGA-33-AASJ-01A-11R-A405-07","TCGA-33-AASJ","Primary Tumor","EPHB2","ENSG00000133216",300,1.8182,0.554,0.5619,"OK"
"TCGA-LUSC","be995b73-a465-40c5-82fd-4ef0f8dcce28","TCGA-66-2768-01A-01R-0851-07","TCGA-66-2768","Primary Tumor","JAK3","ENSG00000105639",1429,10.5237,3.1705,3.3957,"OK"
"TCGA-LUSC","be995b73-a465-40c5-82fd-4ef0f8dcce28","TCGA-66-2768-01A-01R-0851-07","TCGA-66-2768","Primary Tumor","EPHB2","ENSG00000133216",3775,15.1331,4.5592,4.883,"OK"
"TCGA-LUSC","d89f60e5-23be-42ed-86ed-4ae80a6a1baa","TCGA-63-6202-01A-11R-1820-07","TCGA-63-6202","Primary Tumor","JAK3","ENSG00000105639",2792,20.0761,6.6577,7.2219,"OK"
"TCGA-LUSC","d89f60e5-23be-42ed-86ed-4ae80a6a1baa","TCGA-63-6202-01A-11R-1820-07","TCGA-63-6202","Primary Tumor","EPHB2","ENSG00000133216",2954,11.5624,3.8343,4.1593,"OK"
"TCGA-LUSC","cee46229-294d-49e3-95d7-c7def87bc65a","TCGA-21-1071-01A-01R-A96U-41","TCGA-21-1071","Primary Tumor","JAK3","ENSG00000105639",1884,10.3292,4.422,4.4577,"OK"
"TCGA-LUSC","cee46229-294d-49e3-95d7-c7def87bc65a","TCGA-21-1071-01A-01R-A96U-41","TCGA-21-1071","Primary Tumor","EPHB2","ENSG00000133216",3530,10.5349,4.5101,4.5465,"OK"
"TCGA-LUSC","4b167e70-e4e6-47f7-9fe9-11cf20f0d442","TCGA-39-5035-01A-01R-1443-07","TCGA-39-5035","Primary Tumor","JAK3","ENSG00000105639",1182,10.766,4.3318,4.5393,"OK"
"TCGA-LUSC","4b167e70-e4e6-47f7-9fe9-11cf20f0d442","TCGA-39-5035-01A-01R-1443-07","TCGA-39-5035","Primary Tumor","EPHB2","ENSG00000133216",3393,16.8226,6.7687,7.093,"OK"
"TCGA-LUSC","6fb6e0b6-d575-470b-aa14-7e49c26a36c8","TCGA-56-A4ZJ-01A-11R-A262-07","TCGA-56-A4ZJ","Primary Tumor","JAK3","ENSG00000105639",1373,13.7456,4.0104,4.4127,"OK"
"TCGA-LUSC","6fb6e0b6-d575-470b-aa14-7e49c26a36c8","TCGA-56-A4ZJ-01A-11R-A262-07","TCGA-56-A4ZJ","Primary Tumor","EPHB2","ENSG00000133216",1929,10.5123,3.067,3.3747,"OK"
"TCGA-LUSC","0af62678-02f9-40a8-ac09-f72d0aa3ad3a","TCGA-22-1005-01A-01R-A96U-41","TCGA-22-1005","Primary Tumor","JAK3","ENSG00000105639",4325,16.3459,17.9979,16.9773,"OK"
"TCGA-LUSC","0af62678-02f9-40a8-ac09-f72d0aa3ad3a","TCGA-22-1005-01A-01R-A96U-41","TCGA-22-1005","Primary Tumor","EPHB2","ENSG00000133216",3495,7.1902,7.9169,7.468,"OK"
"TCGA-LUSC","9f5d177b-cf6e-4d5c-869d-845c8aa6fb73","TCGA-66-2771-01A-01R-0980-07","TCGA-66-2771","Primary Tumor","JAK3","ENSG00000105639",927,8.4252,3.5363,4.0125,"OK"
"TCGA-LUSC","9f5d177b-cf6e-4d5c-869d-845c8aa6fb73","TCGA-66-2771-01A-01R-0980-07","TCGA-66-2771","Primary Tumor","EPHB2","ENSG00000133216",240,1.1874,0.4984,0.5655,"OK"
"TCGA-LUSC","db0b0468-4b6d-4d6c-a16e-0a28b5798ea9","TCGA-85-6561-01A-11R-1820-07","TCGA-85-6561","Primary Tumor","JAK3","ENSG00000105639",3357,16.7478,6.3581,6.6123,"OK"
"TCGA-LUSC","db0b0468-4b6d-4d6c-a16e-0a28b5798ea9","TCGA-85-6561-01A-11R-1820-07","TCGA-85-6561","Primary Tumor","EPHB2","ENSG00000133216",1462,3.9703,1.5073,1.5676,"OK"
"TCGA-LUSC","4e1add14-24f2-4ee0-aaf6-053116115a52","TCGA-22-0944-01A-01R-0692-07","TCGA-22-0944","Primary Tumor","JAK3","ENSG00000105639",782,4.9245,1.6321,1.7678,"OK"
"TCGA-LUSC","4e1add14-24f2-4ee0-aaf6-053116115a52","TCGA-22-0944-01A-01R-0692-07","TCGA-22-0944","Primary Tumor","EPHB2","ENSG00000133216",259,0.8878,0.2942,0.3187,"OK"
"TCGA-LUSC","3cbe42eb-653f-4d85-aa94-e803a1f3516b","TCGA-92-8065-01A-11R-2247-07","TCGA-92-8065","Primary Tumor","JAK3","ENSG00000105639",1042,7.0012,3.3246,3.6434,"OK"
"TCGA-LUSC","3cbe42eb-653f-4d85-aa94-e803a1f3516b","TCGA-92-8065-01A-11R-2247-07","TCGA-92-8065","Primary Tumor","EPHB2","ENSG00000133216",518,1.8946,0.8996,0.9859,"OK"
"TCGA-LUSC","543bccea-3c04-452f-aa0d-e978eb531c0e","TCGA-63-A5MT-01A-21R-A26W-07","TCGA-63-A5MT","Primary Tumor","JAK3","ENSG00000105639",2373,50.2068,15.4336,14.821,"OK"
"TCGA-LUSC","543bccea-3c04-452f-aa0d-e978eb531c0e","TCGA-63-A5MT-01A-21R-A26W-07","TCGA-63-A5MT","Primary Tumor","EPHB2","ENSG00000133216",3620,41.6914,12.816,12.3072,"OK"
"TCGA-LUSC","88dabd87-62d9-443a-abfb-87aac7913130","TCGA-85-8277-01A-11R-2296-07","TCGA-85-8277","Primary Tumor","JAK3","ENSG00000105639",814,8.6758,2.6606,2.6616,"OK"
"TCGA-LUSC","88dabd87-62d9-443a-abfb-87aac7913130","TCGA-85-8277-01A-11R-2296-07","TCGA-85-8277","Primary Tumor","EPHB2","ENSG00000133216",1135,6.585,2.0194,2.0202,"OK"
"TCGA-LUSC","13a1c368-a939-4c81-bb51-8ae31da5ba14","TCGA-51-4080-01A-01R-1100-07","TCGA-51-4080","Primary Tumor","JAK3","ENSG00000105639",396,3.5933,0.9697,1.0137,"OK"
"TCGA-LUSC","13a1c368-a939-4c81-bb51-8ae31da5ba14","TCGA-51-4080-01A-01R-1100-07","TCGA-51-4080","Primary Tumor","EPHB2","ENSG00000133216",528,2.608,0.7038,0.7357,"OK"
"TCGA-LUSC","c4dd4c4b-7ea5-4d78-811e-078e45a37b35","TCGA-22-4591-01A-01R-1201-07","TCGA-22-4591","Primary Tumor","JAK3","ENSG00000105639",660,5.0187,1.4413,1.4508,"OK"
"TCGA-LUSC","c4dd4c4b-7ea5-4d78-811e-078e45a37b35","TCGA-22-4591-01A-01R-1201-07","TCGA-22-4591","Primary Tumor","EPHB2","ENSG00000133216",2964,12.2686,3.5234,3.5466,"OK"
"TCGA-LUSC","3a0bf450-e1f0-44b3-81e0-fb4fdda6e54e","TCGA-22-1002-01A-01R-A96U-41","TCGA-22-1002","Primary Tumor","JAK3","ENSG00000105639",2370,18.4802,5.4065,5.1728,"OK"
"TCGA-LUSC","3a0bf450-e1f0-44b3-81e0-fb4fdda6e54e","TCGA-22-1002-01A-01R-A96U-41","TCGA-22-1002","Primary Tumor","EPHB2","ENSG00000133216",1875,7.9585,2.3283,2.2277,"OK"
"TCGA-LUSC","af5402f0-30d1-4fab-9d41-3b25bc28fc20","TCGA-77-7338-01A-11R-2045-07","TCGA-77-7338","Primary Tumor","JAK3","ENSG00000105639",1032,9.1753,2.5893,2.6472,"OK"
"TCGA-LUSC","af5402f0-30d1-4fab-9d41-3b25bc28fc20","TCGA-77-7338-01A-11R-2045-07","TCGA-77-7338","Primary Tumor","EPHB2","ENSG00000133216",1101,5.3285,1.5037,1.5373,"OK"
"TCGA-LUSC","f15dc2b8-c1e3-4e27-8245-c4706baa8517","TCGA-60-2724-01A-01R-0851-07","TCGA-60-2724","Primary Tumor","JAK3","ENSG00000105639",2630,23.4523,6.5952,7.3361,"OK"
"TCGA-LUSC","f15dc2b8-c1e3-4e27-8245-c4706baa8517","TCGA-60-2724-01A-01R-0851-07","TCGA-60-2724","Primary Tumor","EPHB2","ENSG00000133216",5359,26.0127,7.3153,8.1371,"OK"
"TCGA-LUSC","b2b395be-bc12-416a-9ade-aa8194a84d28","TCGA-77-A5G1-01A-11R-A27Q-07","TCGA-77-A5G1","Primary Tumor","JAK3","ENSG00000105639",2220,22.4876,6.509,6.9651,"OK"
"TCGA-LUSC","b2b395be-bc12-416a-9ade-aa8194a84d28","TCGA-77-A5G1-01A-11R-A27Q-07","TCGA-77-A5G1","Primary Tumor","EPHB2","ENSG00000133216",10616,58.536,16.9432,18.1305,"OK"
"TCGA-LUSC","f1925d79-5dae-40b3-8699-6ea713cae738","TCGA-77-6845-01A-11R-1949-07","TCGA-77-6845","Primary Tumor","JAK3","ENSG00000105639",621,4.9828,1.4516,1.5647,"OK"
"TCGA-LUSC","f1925d79-5dae-40b3-8699-6ea713cae738","TCGA-77-6845-01A-11R-1949-07","TCGA-77-6845","Primary Tumor","EPHB2","ENSG00000133216",5295,23.1271,6.7373,7.2625,"OK"
"TCGA-LUSC","54dc4ad5-8f8d-4d78-a50b-8c2cf7eb2ea0","TCGA-77-8136-01A-11R-2247-07","TCGA-77-8136","Primary Tumor","JAK3","ENSG00000105639",1842,28.6942,8.3834,8.4572,"OK"
"TCGA-LUSC","54dc4ad5-8f8d-4d78-a50b-8c2cf7eb2ea0","TCGA-77-8136-01A-11R-2247-07","TCGA-77-8136","Primary Tumor","EPHB2","ENSG00000133216",2443,20.7157,6.0524,6.1057,"OK"
"TCGA-LUSC","9c89501c-973f-4476-9553-5b72646849af","TCGA-33-AASB-01A-11R-A405-07","TCGA-33-AASB","Primary Tumor","JAK3","ENSG00000105639",426,3.4982,1.1981,1.2768,"OK"
"TCGA-LUSC","9c89501c-973f-4476-9553-5b72646849af","TCGA-33-AASB-01A-11R-A405-07","TCGA-33-AASB","Primary Tumor","EPHB2","ENSG00000133216",1497,6.6916,2.2918,2.4424,"OK"
"TCGA-LUSC","e1177e7d-4621-475a-a48f-33e833a4dfbb","TCGA-60-2723-01A-01R-0851-07","TCGA-60-2723","Primary Tumor","JAK3","ENSG00000105639",1123,8.5353,2.8041,3.1846,"OK"
"TCGA-LUSC","e1177e7d-4621-475a-a48f-33e833a4dfbb","TCGA-60-2723-01A-01R-0851-07","TCGA-60-2723","Primary Tumor","EPHB2","ENSG00000133216",856,3.5415,1.1635,1.3214,"OK"
"TCGA-LUSC","4fc4b4e0-6a01-4e8f-89f8-f68203f0105d","TCGA-85-8352-01A-31R-2326-07","TCGA-85-8352","Primary Tumor","JAK3","ENSG00000105639",573,6.288,1.9415,1.8726,"OK"
"TCGA-LUSC","4fc4b4e0-6a01-4e8f-89f8-f68203f0105d","TCGA-85-8352-01A-31R-2326-07","TCGA-85-8352","Primary Tumor","EPHB2","ENSG00000133216",881,5.2627,1.625,1.5672,"OK"
"TCGA-LUSC","477a2b9e-22f2-47f8-9cc9-9e10f0eec04e","TCGA-77-A5GF-01A-21R-A27Q-07","TCGA-77-A5GF","Primary Tumor","JAK3","ENSG00000105639",436,9.8627,3.2156,3.0189,"OK"
"TCGA-LUSC","477a2b9e-22f2-47f8-9cc9-9e10f0eec04e","TCGA-77-A5GF-01A-21R-A27Q-07","TCGA-77-A5GF","Primary Tumor","EPHB2","ENSG00000133216",390,4.8023,1.5657,1.4699,"OK"
"TCGA-LUSC","2b600b63-198b-43af-844d-ca9629b8e508","TCGA-70-6723-01A-11R-1820-07","TCGA-70-6723","Primary Tumor","JAK3","ENSG00000105639",696,4.895,1.2023,1.2549,"OK"
"TCGA-LUSC","2b600b63-198b-43af-844d-ca9629b8e508","TCGA-70-6723-01A-11R-1820-07","TCGA-70-6723","Primary Tumor","EPHB2","ENSG00000133216",854,3.2695,0.803,0.8382,"OK"
"TCGA-LUSC","5faf8a12-a2aa-44f1-b099-02106766ec94","TCGA-NC-A5HJ-01A-11R-A26W-07","TCGA-NC-A5HJ","Primary Tumor","JAK3","ENSG00000105639",1305,14.815,4.7911,4.6819,"OK"
"TCGA-LUSC","5faf8a12-a2aa-44f1-b099-02106766ec94","TCGA-NC-A5HJ-01A-11R-A26W-07","TCGA-NC-A5HJ","Primary Tumor","EPHB2","ENSG00000133216",464,2.8674,0.9273,0.9061,"OK"
"TCGA-LUSC","a81de654-64d9-4273-9bf1-d59cea7c4121","TCGA-22-4604-01A-01R-1201-07","TCGA-22-4604","Primary Tumor","JAK3","ENSG00000105639",2225,13.4701,4.5102,4.8729,"OK"
"TCGA-LUSC","a81de654-64d9-4273-9bf1-d59cea7c4121","TCGA-22-4604-01A-01R-1201-07","TCGA-22-4604","Primary Tumor","EPHB2","ENSG00000133216",2891,9.5271,3.19,3.4465,"OK"
"TCGA-LUSC","fe79c09e-f0ac-4166-b789-33fa1d2fb9d0","TCGA-21-1082-01A-01R-0692-07","TCGA-21-1082","Primary Tumor","JAK3","ENSG00000105639",1500,9.9418,4.1927,4.3052,"OK"
"TCGA-LUSC","fe79c09e-f0ac-4166-b789-33fa1d2fb9d0","TCGA-21-1082-01A-01R-0692-07","TCGA-21-1082","Primary Tumor","EPHB2","ENSG00000133216",833,3.0053,1.2674,1.3014,"OK"
"TCGA-LUSC","7049a382-73c5-4bc1-8fdb-99f75b45cb17","TCGA-85-8052-01A-11R-2247-07","TCGA-85-8052","Primary Tumor","JAK3","ENSG00000105639",440,8.0512,2.3064,2.3182,"OK"
"TCGA-LUSC","7049a382-73c5-4bc1-8fdb-99f75b45cb17","TCGA-85-8052-01A-11R-2247-07","TCGA-85-8052","Primary Tumor","EPHB2","ENSG00000133216",239,2.3806,0.6819,0.6854,"OK"
"TCGA-LUSC","e615e0d2-f715-462a-8132-1318bf79e2b1","TCGA-85-8666-01A-11R-2403-07","TCGA-85-8666","Primary Tumor","JAK3","ENSG00000105639",781,11.0629,2.9728,3.028,"OK"
"TCGA-LUSC","e615e0d2-f715-462a-8132-1318bf79e2b1","TCGA-85-8666-01A-11R-2403-07","TCGA-85-8666","Primary Tumor","EPHB2","ENSG00000133216",1390,10.7178,2.88,2.9335,"OK"
"TCGA-LUSC","8a88c897-62f2-4079-8029-804f7d782bb7","TCGA-85-6175-01A-11R-1820-07","TCGA-85-6175","Primary Tumor","JAK3","ENSG00000105639",3882,25.2965,6.5394,7.6274,"OK"
"TCGA-LUSC","8a88c897-62f2-4079-8029-804f7d782bb7","TCGA-85-6175-01A-11R-1820-07","TCGA-85-6175","Primary Tumor","EPHB2","ENSG00000133216",7074,25.0924,6.4867,7.5659,"OK"
"TCGA-LUSC","be7b80c8-2256-4725-a330-7435742aa309","TCGA-22-5491-11A-01R-1858-07","TCGA-22-5491","Solid Tissue Normal","JAK3","ENSG00000105639",1064,6.7035,2.1574,2.6372,"OK"
"TCGA-LUSC","be7b80c8-2256-4725-a330-7435742aa309","TCGA-22-5491-11A-01R-1858-07","TCGA-22-5491","Solid Tissue Normal","EPHB2","ENSG00000133216",427,1.4644,0.4713,0.5761,"OK"
"TCGA-LUSC","0bfe52ec-dbe3-44e7-8c14-78391445537c","TCGA-77-7141-01A-11R-2045-07","TCGA-77-7141","Primary Tumor","JAK3","ENSG00000105639",828,6.1461,1.7898,1.7488,"OK"
"TCGA-LUSC","0bfe52ec-dbe3-44e7-8c14-78391445537c","TCGA-77-7141-01A-11R-2045-07","TCGA-77-7141","Primary Tumor","EPHB2","ENSG00000133216",3566,14.4087,4.196,4.0999,"OK"
"TCGA-LUSC","d732f454-65c9-43ad-9dcb-584b47fa4ae5","TCGA-66-2792-01A-01R-0980-07","TCGA-66-2792","Primary Tumor","JAK3","ENSG00000105639",603,5.5813,1.4972,1.444,"OK"
"TCGA-LUSC","d732f454-65c9-43ad-9dcb-584b47fa4ae5","TCGA-66-2792-01A-01R-0980-07","TCGA-66-2792","Primary Tumor","EPHB2","ENSG00000133216",395,1.9901,0.5339,0.5149,"OK"
"TCGA-LUSC","3c9482b7-95fe-40b3-b535-4b92af0a5303","TCGA-43-6647-01A-11R-1820-07","TCGA-43-6647","Primary Tumor","JAK3","ENSG00000105639",2904,21.4148,6.4445,7.7804,"OK"
"TCGA-LUSC","3c9482b7-95fe-40b3-b535-4b92af0a5303","TCGA-43-6647-01A-11R-1820-07","TCGA-43-6647","Primary Tumor","EPHB2","ENSG00000133216",4064,16.3134,4.9093,5.9269,"OK"
"TCGA-LUSC","2ee0c587-0e64-4d06-8e16-5dc009175c54","TCGA-77-7142-11A-01R-2045-07","TCGA-77-7142","Solid Tissue Normal","JAK3","ENSG00000105639",453,5.0455,1.449,1.5159,"OK"
"TCGA-LUSC","2ee0c587-0e64-4d06-8e16-5dc009175c54","TCGA-77-7142-11A-01R-2045-07","TCGA-77-7142","Solid Tissue Normal","EPHB2","ENSG00000133216",299,1.8128,0.5206,0.5447,"OK"
"TCGA-LUSC","aae8b819-2be3-4985-ae56-5d88b21e6fd4","TCGA-NK-A5CX-01A-11R-A26W-07","TCGA-NK-A5CX","Primary Tumor","JAK3","ENSG00000105639",991,9.7045,3.2831,3.4444,"OK"
"TCGA-LUSC","aae8b819-2be3-4985-ae56-5d88b21e6fd4","TCGA-NK-A5CX-01A-11R-A26W-07","TCGA-NK-A5CX","Primary Tumor","EPHB2","ENSG00000133216",2667,14.2167,4.8096,5.0459,"OK"
"TCGA-LUSC","8a64b8f7-68e8-49bf-9579-f15fe28b75dc","TCGA-77-8140-01A-11R-2247-07","TCGA-77-8140","Primary Tumor","JAK3","ENSG00000105639",1818,30.2421,9.8483,9.9383,"OK"
"TCGA-LUSC","8a64b8f7-68e8-49bf-9579-f15fe28b75dc","TCGA-77-8140-01A-11R-2247-07","TCGA-77-8140","Primary Tumor","EPHB2","ENSG00000133216",3667,33.2048,10.8131,10.912,"OK"
"TCGA-LUSC","b8497310-afb9-4e44-b643-24ca1e30b858","TCGA-NC-A5HF-01A-11R-A26W-07","TCGA-NC-A5HF","Primary Tumor","JAK3","ENSG00000105639",615,7.0565,2.0835,2.1871,"OK"
"TCGA-LUSC","b8497310-afb9-4e44-b643-24ca1e30b858","TCGA-NC-A5HF-01A-11R-A26W-07","TCGA-NC-A5HF","Primary Tumor","EPHB2","ENSG00000133216",772,4.8217,1.4237,1.4944,"OK"
"TCGA-LUSC","95abf543-3987-4436-ba2a-a15e9c244d77","TCGA-66-2727-01A-01R-0980-07","TCGA-66-2727","Primary Tumor","JAK3","ENSG00000105639",740,5.8572,1.7823,1.9092,"OK"
"TCGA-LUSC","95abf543-3987-4436-ba2a-a15e9c244d77","TCGA-66-2727-01A-01R-0980-07","TCGA-66-2727","Primary Tumor","EPHB2","ENSG00000133216",918,3.9553,1.2036,1.2892,"OK"
"TCGA-LUSC","614cd2d9-e7f9-4247-a38f-f4ac8fd3b484","TCGA-94-8490-01A-11R-2326-07","TCGA-94-8490","Primary Tumor","JAK3","ENSG00000105639",312,3.3886,1.0026,0.9531,"OK"
"TCGA-LUSC","614cd2d9-e7f9-4247-a38f-f4ac8fd3b484","TCGA-94-8490-01A-11R-2326-07","TCGA-94-8490","Primary Tumor","EPHB2","ENSG00000133216",475,2.8082,0.8309,0.7899,"OK"
"TCGA-LUSC","5d0e6235-fe18-4081-a8f3-51e21c282303","TCGA-85-8287-01A-11R-2296-07","TCGA-85-8287","Primary Tumor","JAK3","ENSG00000105639",2878,25.9829,10.7136,10.5559,"OK"
"TCGA-LUSC","5d0e6235-fe18-4081-a8f3-51e21c282303","TCGA-85-8287-01A-11R-2296-07","TCGA-85-8287","Primary Tumor","EPHB2","ENSG00000133216",730,3.5875,1.4792,1.4575,"OK"
"TCGA-LUSC","e4864765-ea64-404a-8892-2bbe22684521","TCGA-60-2704-01A-11R-2045-07","TCGA-60-2704","Primary Tumor","JAK3","ENSG00000105639",2693,19.8767,7.0558,7.045,"OK"
"TCGA-LUSC","e4864765-ea64-404a-8892-2bbe22684521","TCGA-60-2704-01A-11R-2045-07","TCGA-60-2704","Primary Tumor","EPHB2","ENSG00000133216",1044,4.1945,1.489,1.4867,"OK"
"TCGA-LUSC","e95d92be-5170-46c5-884b-f88195d549ed","TCGA-77-8146-01A-11R-2247-07","TCGA-77-8146","Primary Tumor","JAK3","ENSG00000105639",319,6.9222,2.1814,2.2349,"OK"
"TCGA-LUSC","e95d92be-5170-46c5-884b-f88195d549ed","TCGA-77-8146-01A-11R-2247-07","TCGA-77-8146","Primary Tumor","EPHB2","ENSG00000133216",1698,20.0568,6.3206,6.4754,"OK"
"TCGA-LUSC","90b9c230-9813-4c8e-b9e7-9018ccd21d28","TCGA-63-A5MU-01A-11R-A26W-07","TCGA-63-A5MU","Primary Tumor","JAK3","ENSG00000105639",322,4.2236,1.241,1.1525,"OK"
"TCGA-LUSC","90b9c230-9813-4c8e-b9e7-9018ccd21d28","TCGA-63-A5MU-01A-11R-A26W-07","TCGA-63-A5MU","Primary Tumor","EPHB2","ENSG00000133216",88,0.6283,0.1846,0.1715,"OK"
"TCGA-LUSC","302b01b1-2e13-4e84-b6fa-eb1a0e69b77c","TCGA-NC-A5HL-01A-11R-A26W-07","TCGA-NC-A5HL","Primary Tumor","JAK3","ENSG00000105639",1661,17.9857,5.9559,6.1213,"OK"
"TCGA-LUSC","302b01b1-2e13-4e84-b6fa-eb1a0e69b77c","TCGA-NC-A5HL-01A-11R-A26W-07","TCGA-NC-A5HL","Primary Tumor","EPHB2","ENSG00000133216",1380,8.1341,2.6936,2.7684,"OK"
"TCGA-LUSC","dce0ae40-4251-43e7-b25f-8b3ba700d1b0","TCGA-94-A5I6-01A-21R-A27Q-07","TCGA-94-A5I6","Primary Tumor","JAK3","ENSG00000105639",436,5.1063,1.4674,1.4753,"OK"
"TCGA-LUSC","dce0ae40-4251-43e7-b25f-8b3ba700d1b0","TCGA-94-A5I6-01A-21R-A27Q-07","TCGA-94-A5I6","Primary Tumor","EPHB2","ENSG00000133216",1076,6.8597,1.9713,1.9819,"OK"
"TCGA-LUSC","4bf7a91f-c267-470c-9df1-084aa8637ffe","TCGA-56-7823-01B-11R-2247-07","TCGA-56-7823","Primary Tumor","JAK3","ENSG00000105639",378,6.1115,1.6989,1.6728,"OK"
"TCGA-LUSC","4bf7a91f-c267-470c-9df1-084aa8637ffe","TCGA-56-7823-01B-11R-2247-07","TCGA-56-7823","Primary Tumor","EPHB2","ENSG00000133216",129,1.1353,0.3156,0.3107,"OK"
"TCGA-LUSC","147111bd-92d8-4ec5-aa9d-66a27dab8d4a","TCGA-60-2716-01A-01R-0851-07","TCGA-60-2716","Primary Tumor","JAK3","ENSG00000105639",243,1.9066,0.5437,0.5721,"OK"
"TCGA-LUSC","147111bd-92d8-4ec5-aa9d-66a27dab8d4a","TCGA-60-2716-01A-01R-0851-07","TCGA-60-2716","Primary Tumor","EPHB2","ENSG00000133216",535,2.2849,0.6516,0.6857,"OK"
"TCGA-LUSC","5ae6a0f5-4613-450d-8be0-9a126f4eea1f","TCGA-33-A5GW-01A-11R-A27Q-07","TCGA-33-A5GW","Primary Tumor","JAK3","ENSG00000105639",178,1.4859,0.53,0.6298,"OK"
"TCGA-LUSC","5ae6a0f5-4613-450d-8be0-9a126f4eea1f","TCGA-33-A5GW-01A-11R-A27Q-07","TCGA-33-A5GW","Primary Tumor","EPHB2","ENSG00000133216",1452,6.5981,2.3535,2.7966,"OK"
"TCGA-LUSC","cbdb3461-117e-47e5-949b-858e21b4681f","TCGA-85-8048-01A-11R-2247-07","TCGA-85-8048","Primary Tumor","JAK3","ENSG00000105639",4522,57.0286,18.7814,18.3289,"OK"
"TCGA-LUSC","cbdb3461-117e-47e5-949b-858e21b4681f","TCGA-85-8048-01A-11R-2247-07","TCGA-85-8048","Primary Tumor","EPHB2","ENSG00000133216",6468,44.4022,14.6232,14.2708,"OK"
"TCGA-LUSC","c3ecd703-d8a8-4f30-aff7-9ba12b40ac70","TCGA-33-AAS8-01A-11R-A405-07","TCGA-33-AAS8","Primary Tumor","JAK3","ENSG00000105639",441,4.8589,1.4496,1.4662,"OK"
"TCGA-LUSC","c3ecd703-d8a8-4f30-aff7-9ba12b40ac70","TCGA-33-AAS8-01A-11R-A405-07","TCGA-33-AAS8","Primary Tumor","EPHB2","ENSG00000133216",226,1.3554,0.4044,0.409,"OK"
"TCGA-LUSC","6cfe7a85-006a-4eec-88bf-c80bfdfc45f5","TCGA-18-3415-01A-01R-0980-07","TCGA-18-3415","Primary Tumor","JAK3","ENSG00000105639",583,6.7036,2.2376,2.5066,"OK"
"TCGA-LUSC","6cfe7a85-006a-4eec-88bf-c80bfdfc45f5","TCGA-18-3415-01A-01R-0980-07","TCGA-18-3415","Primary Tumor","EPHB2","ENSG00000133216",647,4.0496,1.3517,1.5143,"OK"
"TCGA-LUSC","6e6328d3-251d-4b16-8990-2b43623a99c5","TCGA-66-2778-01A-02R-0851-07","TCGA-66-2778","Primary Tumor","JAK3","ENSG00000105639",275,1.9078,0.7114,0.8831,"OK"
"TCGA-LUSC","6e6328d3-251d-4b16-8990-2b43623a99c5","TCGA-66-2778-01A-02R-0851-07","TCGA-66-2778","Primary Tumor","EPHB2","ENSG00000133216",251,0.9479,0.3535,0.4388,"OK"
"TCGA-LUSC","90cf1bc5-1f8a-47b9-af32-12738b749817","TCGA-77-A5GH-01A-11R-A27Q-07","TCGA-77-A5GH","Primary Tumor","JAK3","ENSG00000105639",1440,37.3801,12.6998,11.7042,"OK"
"TCGA-LUSC","90cf1bc5-1f8a-47b9-af32-12738b749817","TCGA-77-A5GH-01A-11R-A27Q-07","TCGA-77-A5GH","Primary Tumor","EPHB2","ENSG00000133216",1714,24.2193,8.2285,7.5834,"OK"
"TCGA-LUSC","86ce663f-9823-4582-8ed9-898cae3edf9f","TCGA-18-3414-01A-01R-0980-07","TCGA-18-3414","Primary Tumor","JAK3","ENSG00000105639",1099,9.9607,2.9914,2.8643,"OK"
"TCGA-LUSC","86ce663f-9823-4582-8ed9-898cae3edf9f","TCGA-18-3414-01A-01R-0980-07","TCGA-18-3414","Primary Tumor","EPHB2","ENSG00000133216",1550,7.6471,2.2966,2.199,"OK"
"TCGA-LUSC","8d01df6d-4573-46dd-8f59-2b7b9aba7269","TCGA-85-8582-01A-21R-2403-07","TCGA-85-8582","Primary Tumor","JAK3","ENSG00000105639",979,15.548,4.1468,4.6045,"OK"
"TCGA-LUSC","8d01df6d-4573-46dd-8f59-2b7b9aba7269","TCGA-85-8582-01A-21R-2403-07","TCGA-85-8582","Primary Tumor","EPHB2","ENSG00000133216",1075,9.2934,2.4786,2.7522,"OK"
"TCGA-LUSC","6938d1db-96a5-4250-9e5b-a13196bbaa67","TCGA-85-8351-01A-11R-2296-07","TCGA-85-8351","Primary Tumor","JAK3","ENSG00000105639",702,9.2269,2.3096,2.2694,"OK"
"TCGA-LUSC","6938d1db-96a5-4250-9e5b-a13196bbaa67","TCGA-85-8351-01A-11R-2296-07","TCGA-85-8351","Primary Tumor","EPHB2","ENSG00000133216",3444,24.6408,6.168,6.0605,"OK"
"TCGA-LUSC","04fae5f3-cc86-48aa-a935-77195c1fa8bc","TCGA-21-1080-01A-01R-0692-07","TCGA-21-1080","Primary Tumor","JAK3","ENSG00000105639",645,5.9722,1.7682,1.9018,"OK"
"TCGA-LUSC","04fae5f3-cc86-48aa-a935-77195c1fa8bc","TCGA-21-1080-01A-01R-0692-07","TCGA-21-1080","Primary Tumor","EPHB2","ENSG00000133216",255,1.2853,0.3805,0.4093,"OK"
"TCGA-LUSC","238a0f2f-8700-40e8-9ce4-4fc98d6f2b64","TCGA-60-2706-01A-01R-0851-07","TCGA-60-2706","Primary Tumor","JAK3","ENSG00000105639",1696,15.5293,4.507,4.3132,"OK"
"TCGA-LUSC","238a0f2f-8700-40e8-9ce4-4fc98d6f2b64","TCGA-60-2706-01A-01R-0851-07","TCGA-60-2706","Primary Tumor","EPHB2","ENSG00000133216",432,2.1532,0.6249,0.598,"OK"
"TCGA-LUSC","c8a68cbe-87a1-44b3-bf4b-68ba0de91994","TCGA-66-2783-01A-01R-1201-07","TCGA-66-2783","Primary Tumor","JAK3","ENSG00000105639",635,6.6066,2.2963,2.4197,"OK"
"TCGA-LUSC","c8a68cbe-87a1-44b3-bf4b-68ba0de91994","TCGA-66-2783-01A-01R-1201-07","TCGA-66-2783","Primary Tumor","EPHB2","ENSG00000133216",723,4.0946,1.4232,1.4997,"OK"
"TCGA-LUSC","23a2176b-1fa3-4360-ab55-5683b4de2184","TCGA-77-7337-11A-01R-2045-07","TCGA-77-7337","Solid Tissue Normal","JAK3","ENSG00000105639",1030,10.6295,2.9999,3.1849,"OK"
"TCGA-LUSC","23a2176b-1fa3-4360-ab55-5683b4de2184","TCGA-77-7337-11A-01R-2045-07","TCGA-77-7337","Solid Tissue Normal","EPHB2","ENSG00000133216",248,1.3932,0.3932,0.4174,"OK"
"TCGA-LUSC","b502b174-162a-49ea-ac55-5ec9a15aeaa6","TCGA-56-7731-11A-01R-2125-07","TCGA-56-7731","Solid Tissue Normal","JAK3","ENSG00000105639",1230,10.805,3.2582,3.8614,"OK"
"TCGA-LUSC","b502b174-162a-49ea-ac55-5ec9a15aeaa6","TCGA-56-7731-11A-01R-2125-07","TCGA-56-7731","Solid Tissue Normal","EPHB2","ENSG00000133216",338,1.6163,0.4874,0.5776,"OK"
