"project","sample_barcode","patient_id","sample_type","file_id","gene_id","gene_name","unstranded_count","TPM","FPKM","FPKM_UQ","extraction_status"
"TCGA-KIRC","TCGA-BP-4160-01A-02R-1289-07","TCGA-BP-4160","Primary Tumor","fc63bae4-fdfb-4990-9902-3e0fb51ec092","ENSG00000105639.20","JAK3",627,8.8603,2.7917,2.8702,"OK"
"TCGA-KIRC","TCGA-BP-4965-01A-01R-1334-07","TCGA-BP-4965","Primary Tumor","4a29721a-1de3-4e14-b905-f39aacb1bd53","ENSG00000105639.20","JAK3",1580,9.3451,2.531,2.5571,"OK"
"TCGA-KIRC","TCGA-BP-4999-01A-01R-1334-07","TCGA-BP-4999","Primary Tumor","862e5c87-bed8-4310-b9ed-1018568bdc78","ENSG00000105639.20","JAK3",1604,9.2747,2.8487,3.0304,"OK"
"TCGA-KIRC","TCGA-BP-5009-01A-01R-1334-07","TCGA-BP-5009","Primary Tumor","813cb150-7ef6-4fa7-9a64-c70f9401513c","ENSG00000105639.20","JAK3",5374,23.951,10.9874,14.2888,"OK"
"TCGA-KIRC","TCGA-CJ-4894-01A-01R-1305-07","TCGA-CJ-4894","Primary Tumor","4ea0bf83-1d7e-41da-a34d-221add8155b2","ENSG00000105639.20","JAK3",3395,26.5781,8.1913,8.0304,"OK"
"TCGA-KIRC","TCGA-BP-4158-01A-02R-1289-07","TCGA-BP-4158","Primary Tumor","ea7e9f5a-844c-4cf4-8f0a-7deab41b5233","ENSG00000105639.20","JAK3",504,3.9033,1.4771,1.5631,"OK"
"TCGA-KIRC","TCGA-BP-4782-01A-02R-1420-07","TCGA-BP-4782","Primary Tumor","2670a02b-5a81-45b7-8b6c-f94b21bd2aa1","ENSG00000105639.20","JAK3",1376,11.8094,3.5347,3.7046,"OK"
"TCGA-KIRC","TCGA-AK-3454-01A-02R-1277-07","TCGA-AK-3454","Primary Tumor","457ef116-5df9-4a29-b802-65622d6ca5e9","ENSG00000105639.20","JAK3",1635,24.8212,11.9767,15.2496,"OK"
"TCGA-KIRC","TCGA-B2-5639-01A-01R-1541-07","TCGA-B2-5639","Primary Tumor","0b4cbedf-b064-4d5a-aa85-8726640d9c63","ENSG00000105639.20","JAK3",845,11.6704,4.0169,3.9907,"OK"
"TCGA-KIRC","TCGA-CJ-4904-01A-02R-1426-07","TCGA-CJ-4904","Primary Tumor","fa157012-d4c8-43c3-b4fe-a02f13fcec40","ENSG00000105639.20","JAK3",937,5.9364,1.7233,1.7684,"OK"
"TCGA-KIRC","TCGA-A3-3328-01A-01R-0864-07","TCGA-A3-3328","Primary Tumor","04f48a21-1ab5-45d0-ba8a-8b6cd53ca1ff","ENSG00000105639.20","JAK3",99,0.5882,0.2078,0.2227,"OK"
"TCGA-KIRC","TCGA-CZ-4865-11A-01R-1503-07","TCGA-CZ-4865","Solid Tissue Normal","34bd0526-91b2-4b99-a33b-5d4bc8c68d39","ENSG00000105639.20","JAK3",275,2.4041,0.7377,0.7347,"OK"
"TCGA-KIRC","TCGA-BP-4976-01A-01R-1334-07","TCGA-BP-4976","Primary Tumor","ba97a1ce-36b3-4212-960b-b64a7cc2ea82","ENSG00000105639.20","JAK3",631,4.141,1.1108,1.1649,"OK"
"TCGA-KIRC","TCGA-BP-5006-01A-01R-1334-07","TCGA-BP-5006","Primary Tumor","ba3ab6f6-109b-485c-b600-d6cf3edb4b28","ENSG00000105639.20","JAK3",702,4.2606,1.4843,1.6251,"OK"
"TCGA-KIRC","TCGA-AK-3429-01A-02R-1325-07","TCGA-AK-3429","Primary Tumor","06632416-4901-4939-b250-35cd1b8b8323","ENSG00000105639.20","JAK3",1123,11.8304,4.025,4.2524,"OK"
"TCGA-KIRC","TCGA-BP-4327-01A-01R-1289-07","TCGA-BP-4327","Primary Tumor","bb4ec992-dd81-4758-b4f2-7560fbc4cf2b","ENSG00000105639.20","JAK3",3010,22.2962,8.4275,9.3167,"OK"
"TCGA-KIRC","TCGA-BP-5181-01A-01R-1426-07","TCGA-BP-5181","Primary Tumor","a78e44f3-6e93-47f4-9653-2ce1b1d7d25d","ENSG00000105639.20","JAK3",1322,12.069,3.4109,3.5742,"OK"
"TCGA-KIRC","TCGA-DV-5576-01A-01R-1541-07","TCGA-DV-5576","Primary Tumor","96ae86b9-6d2a-4b13-9765-a0a5b71519c4","ENSG00000105639.20","JAK3",1176,11.075,2.9791,3.0209,"OK"
"TCGA-KIRC","TCGA-CW-5584-01A-01R-1541-07","TCGA-CW-5584","Primary Tumor","f1d244a9-f031-4286-b433-572de7ed8d42","ENSG00000105639.20","JAK3",1503,13.0135,3.7415,3.6807,"OK"
"TCGA-KIRC","TCGA-B0-4707-01A-01R-1277-07","TCGA-B0-4707","Primary Tumor","4b2c1bf1-9a07-4b71-8a9a-c60c9564b686","ENSG00000105639.20","JAK3",1062,9.2577,4.3963,5.8848,"OK"
"TCGA-KIRC","TCGA-CW-5584-11A-01R-1541-07","TCGA-CW-5584","Solid Tissue Normal","0699530d-22a4-4fb0-a17c-ff78397c5316","ENSG00000105639.20","JAK3",1069,9.8197,3.0309,2.965,"OK"
"TCGA-KIRC","TCGA-BP-4762-01A-02R-1289-07","TCGA-BP-4762","Primary Tumor","4dcd0f2b-a6c0-4732-92eb-37a593afd93a","ENSG00000105639.20","JAK3",643,5.857,1.6476,1.7458,"OK"
"TCGA-KIRC","TCGA-CZ-5984-01A-11R-1672-07","TCGA-CZ-5984","Primary Tumor","a136ae8b-1e0d-4843-a461-ce554ad77458","ENSG00000105639.20","JAK3",5079,36.7351,11.2259,12.1817,"OK"
"TCGA-KIRC","TCGA-BP-4347-01A-01R-1289-07","TCGA-BP-4347","Primary Tumor","9befd66c-7e2b-4081-b933-3c69d94cad96","ENSG00000105639.20","JAK3",1370,7.5297,2.5256,2.6524,"OK"
"TCGA-KIRC","TCGA-BP-5007-01A-01R-1334-07","TCGA-BP-5007","Primary Tumor","a3bdc783-f9de-42d6-b0ad-eadec504b7d8","ENSG00000105639.20","JAK3",1541,10.704,3.361,3.6082,"OK"
"TCGA-KIRC","TCGA-B0-5116-01A-02R-1420-07","TCGA-B0-5116","Primary Tumor","83300c43-0958-4165-99cf-e956cb47d38b","ENSG00000105639.20","JAK3",2020,15.4126,5.1738,6.124,"OK"
"TCGA-KIRC","TCGA-B0-5699-11A-01R-1541-07","TCGA-B0-5699","Solid Tissue Normal","0a98d561-9c8c-40d2-aaaf-cad735533329","ENSG00000105639.20","JAK3",114,0.8664,0.3433,0.3772,"OK"
"TCGA-KIRC","TCGA-BP-4340-01A-01R-1289-07","TCGA-BP-4340","Primary Tumor","ffe0d448-20d6-4952-9650-03531ef6fc79","ENSG00000105639.20","JAK3",583,4.2825,1.257,1.2329,"OK"
"TCGA-KIRC","TCGA-CZ-4860-01A-01R-1305-07","TCGA-CZ-4860","Primary Tumor","3a6bb1dd-89ba-4f26-b7d7-c0c174c0bdf1","ENSG00000105639.20","JAK3",1888,16.5853,4.4705,5.4625,"OK"
"TCGA-KIRC","TCGA-CZ-5458-11A-01R-1503-07","TCGA-CZ-5458","Solid Tissue Normal","331a54d0-3061-4e9e-93c7-3fb0f9a96254","ENSG00000105639.20","JAK3",333,1.7496,0.5213,0.5596,"OK"
"TCGA-KIRC","TCGA-CZ-5458-01A-01R-1503-07","TCGA-CZ-5458","Primary Tumor","206a4211-c6c8-4f43-be95-1f36289d7bd6","ENSG00000105639.20","JAK3",1045,7.8933,2.3405,2.45,"OK"
"TCGA-KIRC","TCGA-B0-4823-01A-02R-1420-07","TCGA-B0-4823","Primary Tumor","b8a61143-0c20-4db9-a4fd-9c8b375ba841","ENSG00000105639.20","JAK3",1497,12.8924,3.8278,4.1151,"OK"
"TCGA-KIRC","TCGA-3Z-A93Z-01A-11R-A37O-07","TCGA-3Z-A93Z","Primary Tumor","21702617-18af-41b6-98fa-54395bfd0d9a","ENSG00000105639.20","JAK3",561,8.3463,2.6091,2.6146,"OK"
"TCGA-KIRC","TCGA-BP-4765-01A-01R-1289-07","TCGA-BP-4765","Primary Tumor","f7a5094f-fea0-4ddf-ac40-8265cddbabc2","ENSG00000105639.20","JAK3",871,6.7892,1.9394,1.9438,"OK"
"TCGA-KIRC","TCGA-B0-4819-01A-01R-1277-07","TCGA-B0-4819","Primary Tumor","06f37a68-0ffa-494c-9b43-00fc1e8b9ad2","ENSG00000105639.20","JAK3",5910,34.7167,17.1596,20.9543,"OK"
"TCGA-KIRC","TCGA-CJ-4874-01A-01R-1305-07","TCGA-CJ-4874","Primary Tumor","336a927a-fe7a-4c77-8fcb-5307cfd145c4","ENSG00000105639.20","JAK3",848,6.7844,2.17,2.3088,"OK"
"TCGA-KIRC","TCGA-BP-4804-01A-02R-1305-07","TCGA-BP-4804","Primary Tumor","1a106eaf-ff8d-43eb-8720-8be7ba8d9888","ENSG00000105639.20","JAK3",2668,27.8788,10.1904,11.2195,"OK"
"TCGA-KIRC","TCGA-B0-5120-01A-01R-1420-07","TCGA-B0-5120","Primary Tumor","a7ce93ac-964a-4d4e-980a-7fb987bf58b7","ENSG00000105639.20","JAK3",1381,12.2869,3.6174,3.7764,"OK"
"TCGA-KIRC","TCGA-BP-4962-01A-01R-1334-07","TCGA-BP-4962","Primary Tumor","9e969cab-9be7-4aa5-957f-5868071cd1c7","ENSG00000105639.20","JAK3",1934,9.9085,4.1255,5.2694,"OK"
"TCGA-KIRC","TCGA-B0-4818-01A-01R-1503-07","TCGA-B0-4818","Primary Tumor","80472422-c0f4-4814-be44-fb1c9e821409","ENSG00000105639.20","JAK3",2024,13.6361,4.9394,4.9751,"OK"
"TCGA-KIRC","TCGA-G6-A8L8-01A-21R-A37O-07","TCGA-G6-A8L8","Primary Tumor","8e4480b4-e56b-4937-94c7-617b4125615c","ENSG00000105639.20","JAK3",2255,22.4072,7.5509,7.698,"OK"
"TCGA-KIRC","TCGA-AK-3433-01A-02R-1277-07","TCGA-AK-3433","Primary Tumor","2a9c1676-cb34-430b-8111-6a28c563065b","ENSG00000105639.20","JAK3",185,1.5063,0.6801,0.8541,"OK"
"TCGA-KIRC","TCGA-BP-5174-01A-01R-1426-07","TCGA-BP-5174","Primary Tumor","8225b9d3-d25a-4f08-b369-d0ac81a8748c","ENSG00000105639.20","JAK3",429,2.6922,1.0671,1.2798,"OK"
"TCGA-KIRC","TCGA-CJ-5686-01A-11R-1672-07","TCGA-CJ-5686","Primary Tumor","12eadc69-863d-46fe-bb19-f8b38b05471b","ENSG00000105639.20","JAK3",2566,18.5082,5.5203,5.7907,"OK"
"TCGA-KIRC","TCGA-B0-4842-01A-02R-1420-07","TCGA-B0-4842","Primary Tumor","b2a87553-0fb8-4e1f-9e6e-cc0510b07c8a","ENSG00000105639.20","JAK3",6814,57.1974,24.2097,31.7818,"OK"
"TCGA-KIRC","TCGA-B2-3923-01A-02R-A277-07","TCGA-B2-3923","Primary Tumor","4134fa64-6365-4a43-b990-48342be44405","ENSG00000105639.20","JAK3",168,1.1717,0.6262,0.6578,"OK"
"TCGA-KIRC","TCGA-B0-5696-01A-11R-1541-07","TCGA-B0-5696","Primary Tumor","1e1f9cde-c6e0-4925-944f-12d354ef858e","ENSG00000105639.20","JAK3",703,5.2731,1.6728,1.8475,"OK"
"TCGA-KIRC","TCGA-CJ-5681-01A-11R-1541-07","TCGA-CJ-5681","Primary Tumor","6f2cbdf8-24b9-4b9c-9a73-4e872852e6ac","ENSG00000105639.20","JAK3",150,1.5554,0.3983,0.3657,"OK"
"TCGA-KIRC","TCGA-A3-3319-01A-02R-1325-07","TCGA-A3-3319","Primary Tumor","afe81650-e131-41ab-81e9-0ecb888b1420","ENSG00000105639.20","JAK3",5116,31.5597,10.8378,13.1364,"OK"
"TCGA-KIRC","TCGA-A3-3373-01A-02R-1420-07","TCGA-A3-3373","Primary Tumor","fba70eac-57d4-468f-bbfc-859628c54dec","ENSG00000105639.20","JAK3",634,3.8627,1.2403,1.3065,"OK"
"TCGA-KIRC","TCGA-EU-5905-01A-11R-1672-07","TCGA-EU-5905","Primary Tumor","d9da2793-4334-4b17-b234-172705dca082","ENSG00000105639.20","JAK3",1753,28.6761,7.2177,7.982,"OK"
"TCGA-KIRC","TCGA-B0-4839-01A-01R-1305-07","TCGA-B0-4839","Primary Tumor","6d8bf03c-2f7c-45b1-b81c-1de9d5085960","ENSG00000105639.20","JAK3",1336,7.6203,3.5573,4.9687,"OK"
"TCGA-KIRC","TCGA-B0-4814-01A-01R-1277-07","TCGA-B0-4814","Primary Tumor","831bedf9-e67d-4a2a-b0a7-6d6c92edf77a","ENSG00000105639.20","JAK3",993,9.2914,2.9444,3.0622,"OK"
"TCGA-KIRC","TCGA-CZ-5461-01A-01R-1503-07","TCGA-CZ-5461","Primary Tumor","040bcb51-b1dd-4666-819f-3ffed0b5ebb0","ENSG00000105639.20","JAK3",2433,16.1301,4.6914,4.6928,"OK"
"TCGA-KIRC","TCGA-B0-5081-01A-01R-1334-07","TCGA-B0-5081","Primary Tumor","164a6eaa-7f88-4687-a7e1-b907c468766e","ENSG00000105639.20","JAK3",8271,38.612,17.1977,20.737,"OK"
"TCGA-KIRC","TCGA-CZ-5461-11A-01R-1503-07","TCGA-CZ-5461","Solid Tissue Normal","7d7719e1-5451-4ec0-a3d6-99aaaf640bcd","ENSG00000105639.20","JAK3",494,2.5926,0.8722,0.8957,"OK"
"TCGA-KIRC","TCGA-B4-5378-01A-01R-1503-07","TCGA-B4-5378","Primary Tumor","79b8911f-fabb-416e-9b80-2f55080192c3","ENSG00000105639.20","JAK3",983,8.7441,2.1928,2.1365,"OK"
"TCGA-KIRC","TCGA-CJ-4884-01A-01R-1305-07","TCGA-CJ-4884","Primary Tumor","0bbde4ab-4f9d-478b-a168-055e489b53f2","ENSG00000105639.20","JAK3",1427,7.9712,3.2099,3.5708,"OK"
"TCGA-KIRC","TCGA-BP-4959-01A-01R-1334-07","TCGA-BP-4959","Primary Tumor","bacd130e-c30f-40aa-8e9e-ef8076f7a6db","ENSG00000105639.20","JAK3",1180,6.3647,2.3247,2.6802,"OK"
"TCGA-KIRC","TCGA-CZ-5466-01A-01R-1503-07","TCGA-CZ-5466","Primary Tumor","edc7b71d-a551-463e-a76a-dc135373cb43","ENSG00000105639.20","JAK3",1422,13.2652,4.6093,5.2537,"OK"
"TCGA-KIRC","TCGA-B0-4811-01A-01R-1503-07","TCGA-B0-4811","Primary Tumor","6df1efd7-bd1b-4c00-8cbb-eb1b6b7c78b6","ENSG00000105639.20","JAK3",2125,9.6812,5.2977,7.7572,"OK"
"TCGA-KIRC","TCGA-CZ-5453-11A-01R-1503-07","TCGA-CZ-5453","Solid Tissue Normal","dbe50f57-74d7-4b5f-a996-dfc8d9874d55","ENSG00000105639.20","JAK3",360,2.4805,0.726,0.6942,"OK"
"TCGA-KIRC","TCGA-CJ-5680-11A-01R-1541-07","TCGA-CJ-5680","Solid Tissue Normal","a56c9911-e164-4572-aef8-37754ee056e3","ENSG00000105639.20","JAK3",852,8.2802,2.2977,2.154,"OK"
"TCGA-KIRC","TCGA-EU-5906-01A-11R-1672-07","TCGA-EU-5906","Primary Tumor","2a8ed8a3-37a6-4492-823c-a86f392d0c44","ENSG00000105639.20","JAK3",1113,7.9987,2.0029,1.9452,"OK"
"TCGA-KIRC","TCGA-B0-4852-01A-01R-1503-07","TCGA-B0-4852","Primary Tumor","3e2569b7-b145-4bda-9bdf-24105aefe42c","ENSG00000105639.20","JAK3",1501,6.7377,2.3894,2.5379,"OK"
"TCGA-KIRC","TCGA-B4-5832-01A-11R-1672-07","TCGA-B4-5832","Primary Tumor","d91f4d1a-4628-446c-a696-8839c8f62d90","ENSG00000105639.20","JAK3",521,7.4702,2.0476,2.467,"OK"
"TCGA-KIRC","TCGA-CJ-4875-01A-01R-1305-07","TCGA-CJ-4875","Primary Tumor","c64293ef-e723-4fe6-8cfa-fe36d07bad81","ENSG00000105639.20","JAK3",1474,8.5672,4.5257,5.5877,"OK"
"TCGA-KIRC","TCGA-CW-5587-11A-01R-1541-07","TCGA-CW-5587","Solid Tissue Normal","efb66622-cf03-4f74-98e5-8c38d87a90f7","ENSG00000105639.20","JAK3",201,1.3075,0.4635,0.493,"OK"
"TCGA-KIRC","TCGA-BP-4326-01A-01R-1289-07","TCGA-BP-4326","Primary Tumor","3f311bca-c591-4dbe-bfb2-fc513259f21c","ENSG00000105639.20","JAK3",2010,16.821,4.8618,6.0847,"OK"
"TCGA-KIRC","TCGA-BP-4329-01A-02R-1289-07","TCGA-BP-4329","Primary Tumor","1c38241a-2cdc-4b93-8845-87182a998ef4","ENSG00000105639.20","JAK3",675,4.3359,1.5677,1.831,"OK"
"TCGA-KIRC","TCGA-B0-4847-01A-01R-1277-07","TCGA-B0-4847","Primary Tumor","7e74a46c-7ff4-4d46-b9a8-b10aa076f448","ENSG00000105639.20","JAK3",2912,20.2038,10.2993,13.3938,"OK"
"TCGA-KIRC","TCGA-A3-3380-01A-01R-0864-07","TCGA-A3-3380","Primary Tumor","9848e118-7372-41e5-8c64-71ec86c9c563","ENSG00000105639.20","JAK3",1401,10.265,3.3106,3.6782,"OK"
"TCGA-KIRC","TCGA-B8-4619-01A-02R-1325-07","TCGA-B8-4619","Primary Tumor","5d1a0224-01c6-4843-baab-12f1a56b767a","ENSG00000105639.20","JAK3",197,1.2536,0.5419,0.6393,"OK"
"TCGA-KIRC","TCGA-A3-3317-01A-02R-1325-07","TCGA-A3-3317","Primary Tumor","2b5b6593-4fe2-4c8a-92c6-5bd5a6c26320","ENSG00000105639.20","JAK3",1425,11.9244,3.7581,3.6614,"OK"
"TCGA-KIRC","TCGA-B0-5711-01A-11R-1672-07","TCGA-B0-5711","Primary Tumor","114e63e4-03a5-409e-835f-afa8af005d03","ENSG00000105639.20","JAK3",2085,17.9987,5.2505,5.2842,"OK"
"TCGA-KIRC","TCGA-B0-5711-11A-01R-1672-07","TCGA-B0-5711","Solid Tissue Normal","8ceb5f0b-cbfb-400d-93b8-df005bb46e31","ENSG00000105639.20","JAK3",252,1.6668,0.5343,0.5288,"OK"
"TCGA-KIRC","TCGA-CZ-4863-11A-01R-1503-07","TCGA-CZ-4863","Solid Tissue Normal","d782f777-5651-47a6-bbb3-4d871a6b3a27","ENSG00000105639.20","JAK3",466,2.7535,0.8532,0.8871,"OK"
"TCGA-KIRC","TCGA-CZ-4863-01A-01R-1503-07","TCGA-CZ-4863","Primary Tumor","4a63eb90-d580-40d0-9136-a7baf34d3627","ENSG00000105639.20","JAK3",2674,22.0022,6.117,5.893,"OK"
"TCGA-KIRC","TCGA-CJ-5671-01A-11R-1541-07","TCGA-CJ-5671","Primary Tumor","86f25e09-9bdb-478d-b929-6f570418af6c","ENSG00000105639.20","JAK3",4131,34.4857,11.2356,12.82,"OK"
"TCGA-KIRC","TCGA-B0-4849-01A-01R-1277-07","TCGA-B0-4849","Primary Tumor","c8134951-c924-4789-93bc-9af9b79933cb","ENSG00000105639.20","JAK3",1405,16.9655,5.5182,5.6503,"OK"
"TCGA-KIRC","TCGA-A3-A6NJ-01A-12R-A33J-07","TCGA-A3-A6NJ","Primary Tumor","36e0d06c-4153-4bc3-b415-3f18306218e3","ENSG00000105639.20","JAK3",1740,16.83,5.0244,4.9072,"OK"
"TCGA-KIRC","TCGA-CZ-5982-01A-11R-1672-07","TCGA-CZ-5982","Primary Tumor","ff21a21b-35fb-423c-896c-c6943dbce540","ENSG00000105639.20","JAK3",989,9.3953,2.5248,2.4341,"OK"
"TCGA-KIRC","TCGA-BP-4789-01A-01R-1305-07","TCGA-BP-4789","Primary Tumor","976e2956-36c4-4451-94bc-19a9e7bb861c","ENSG00000105639.20","JAK3",711,6.0057,1.6747,1.7026,"OK"
"TCGA-KIRC","TCGA-A3-3331-01A-02R-1325-07","TCGA-A3-3331","Primary Tumor","4b758e7e-870c-4b60-8cb6-dac730bd9faf","ENSG00000105639.20","JAK3",856,6.3657,1.9632,1.9687,"OK"
"TCGA-KIRC","TCGA-A3-A8CQ-01A-11R-A37O-07","TCGA-A3-A8CQ","Primary Tumor","9b962201-6959-487b-a125-730322128939","ENSG00000105639.20","JAK3",558,6.9998,1.8186,1.6401,"OK"
"TCGA-KIRC","TCGA-CJ-5684-01A-11R-1541-07","TCGA-CJ-5684","Primary Tumor","d1d341bd-1a8e-4162-a63c-92ecc78e9c82","ENSG00000105639.20","JAK3",1154,9.4252,3.1021,3.3029,"OK"
"TCGA-KIRC","TCGA-A3-3325-01A-01R-0864-07","TCGA-A3-3325","Primary Tumor","131cc059-cc0f-43df-a19e-5f854a769181","ENSG00000105639.20","JAK3",2088,11.6696,3.7859,3.9094,"OK"
"TCGA-KIRC","TCGA-A3-3359-01A-01R-0864-07","TCGA-A3-3359","Primary Tumor","54bccab4-c77e-4848-b698-b62941d96289","ENSG00000105639.20","JAK3",1277,15.2469,4.3144,4.0352,"OK"
"TCGA-KIRC","TCGA-CZ-4856-01A-02R-1426-07","TCGA-CZ-4856","Primary Tumor","89cf5c7f-c4af-4eb6-97a5-cc086fe76bbb","ENSG00000105639.20","JAK3",1695,10.0857,3.3032,3.6571,"OK"
"TCGA-KIRC","TCGA-BP-4331-01A-01R-1289-07","TCGA-BP-4331","Primary Tumor","f462d8a7-549d-4823-be4b-1b5c81678665","ENSG00000105639.20","JAK3",2128,18.3388,5.1384,4.7522,"OK"
"TCGA-KIRC","TCGA-AK-3451-01A-02R-1188-07","TCGA-AK-3451","Primary Tumor","e71c8e45-ab52-4796-ab72-e8add8868291","ENSG00000105639.20","JAK3",267,1.9871,0.9527,1.2744,"OK"
"TCGA-KIRC","TCGA-CJ-4642-01B-01R-1305-07","TCGA-CJ-4642","Primary Tumor","e0f18f8e-b8e0-4bf2-916c-69a38fc64fd8","ENSG00000105639.20","JAK3",298,20.5464,10.624,11.4358,"OK"
"TCGA-KIRC","TCGA-BP-5191-01A-01R-1426-07","TCGA-BP-5191","Primary Tumor","822bf4fe-8d43-47c8-9906-5d38c4a21f27","ENSG00000105639.20","JAK3",3106,13.7625,9.4161,16.6374,"OK"
"TCGA-KIRC","TCGA-B0-5812-01A-11R-1672-07","TCGA-B0-5812","Primary Tumor","adfade14-1572-4e3a-b4eb-64de445b9678","ENSG00000105639.20","JAK3",1114,9.3995,2.61,2.5818,"OK"
"TCGA-KIRC","TCGA-BP-4993-01A-02R-1420-07","TCGA-BP-4993","Primary Tumor","49ddcd56-df4a-4136-a743-c21bb6bfd8a6","ENSG00000105639.20","JAK3",923,7.8411,2.5475,2.6998,"OK"
"TCGA-KIRC","TCGA-DV-5574-01A-01R-1541-07","TCGA-DV-5574","Primary Tumor","79b49079-070b-4b97-80b9-838bbd32f33c","ENSG00000105639.20","JAK3",2566,19.3342,6.1365,6.7482,"OK"
"TCGA-KIRC","TCGA-CZ-4865-01A-02R-1503-07","TCGA-CZ-4865","Primary Tumor","1a9ee264-40bf-4a12-bcee-bd0f989e0798","ENSG00000105639.20","JAK3",1167,6.4535,1.9344,2.0632,"OK"
"TCGA-KIRC","TCGA-BP-4988-01A-01R-1334-07","TCGA-BP-4988","Primary Tumor","e59a58f3-d886-45a8-a296-263297839a63","ENSG00000105639.20","JAK3",9541,81.6626,27.6763,28.213,"OK"
"TCGA-KIRC","TCGA-AK-3455-01A-01R-0864-07","TCGA-AK-3455","Primary Tumor","9fcf3bdd-e137-4f93-83f4-24b883ca62c3","ENSG00000105639.20","JAK3",1876,18.8796,6.0613,6.3634,"OK"
"TCGA-KIRC","TCGA-B0-5694-11A-01R-1541-07","TCGA-B0-5694","Solid Tissue Normal","986759bd-7232-46a9-84f3-0e71026a01fd","ENSG00000105639.20","JAK3",660,4.6571,1.6701,1.7091,"OK"
"TCGA-KIRC","TCGA-B0-4690-01A-01R-1277-07","TCGA-B0-4690","Primary Tumor","0e7e953c-82c3-4887-86b5-584d41cfe518","ENSG00000105639.20","JAK3",4264,37.6009,10.8055,11.583,"OK"
"TCGA-KIRC","TCGA-B0-4700-01A-02R-1541-07","TCGA-B0-4700","Primary Tumor","f34985d8-172b-4fae-8d06-989e7dc4dc06","ENSG00000105639.20","JAK3",4330,33.7195,12.4806,14.7424,"OK"
"TCGA-KIRC","TCGA-CZ-5469-11A-01R-1503-07","TCGA-CZ-5469","Solid Tissue Normal","3bfbdcb6-1e9a-43e9-9015-d55b279dc559","ENSG00000105639.20","JAK3",349,2.2967,0.6944,0.7114,"OK"
"TCGA-KIRC","TCGA-CZ-5989-01A-11R-1672-07","TCGA-CZ-5989","Primary Tumor","afe6bf7f-c463-4077-9c5c-3d00ce6ee8a8","ENSG00000105639.20","JAK3",535,6.557,1.8915,1.8991,"OK"
"TCGA-KIRC","TCGA-BP-4177-01A-02R-1420-07","TCGA-BP-4177","Primary Tumor","7947afe8-e62c-4d32-81d6-5eb44fd1cea6","ENSG00000105639.20","JAK3",873,7.4261,2.0366,2.208,"OK"
"TCGA-KIRC","TCGA-BP-4807-01A-01R-1305-07","TCGA-BP-4807","Primary Tumor","e8871fd9-41a0-4c1f-b44c-ea7beea35ebe","ENSG00000105639.20","JAK3",795,9.1391,2.6276,2.644,"OK"
"TCGA-KIRC","TCGA-A3-3335-01A-01R-0864-07","TCGA-A3-3335","Primary Tumor","8522fa29-c1b0-4e41-9bcb-2e0bc7c8e2d0","ENSG00000105639.20","JAK3",2398,14.6721,5.8008,7.2218,"OK"
"TCGA-KIRC","TCGA-B8-5552-11A-01R-1672-07","TCGA-B8-5552","Solid Tissue Normal","bed26808-c053-4ad1-ba5c-68819d4a6fd1","ENSG00000105639.20","JAK3",1082,10.5973,2.5849,2.4663,"OK"
"TCGA-KIRC","TCGA-CJ-4886-01A-01R-1305-07","TCGA-CJ-4886","Primary Tumor","bd1ebebf-1e32-4c8e-a476-a429bfbc3d46","ENSG00000105639.20","JAK3",1488,13.9286,4.0296,4.0357,"OK"
"TCGA-KIRC","TCGA-DV-5573-01A-01R-1541-07","TCGA-DV-5573","Primary Tumor","1bd902eb-9e76-406a-bfe9-b0b5861bcdfb","ENSG00000105639.20","JAK3",2462,23.4735,7.2026,7.1232,"OK"
"TCGA-KIRC","TCGA-CJ-4900-01A-01R-1334-07","TCGA-CJ-4900","Primary Tumor","9845de96-d57a-4613-89db-6a6c4e2eca4b","ENSG00000105639.20","JAK3",3170,17.5553,10.1695,12.0867,"OK"
"TCGA-KIRC","TCGA-B0-5712-11A-01R-1672-07","TCGA-B0-5712","Solid Tissue Normal","4d6e5f5f-ab63-49a6-9a53-a89b7ef76783","ENSG00000105639.20","JAK3",737,5.5535,1.76,1.8285,"OK"
"TCGA-KIRC","TCGA-CZ-4858-01A-01R-1305-07","TCGA-CZ-4858","Primary Tumor","e4747f6d-4c5c-4d49-886f-2c69fe206879","ENSG00000105639.20","JAK3",3317,36.0539,10.3268,12.1719,"OK"
"TCGA-KIRC","TCGA-B2-5633-01A-01R-A277-07","TCGA-B2-5633","Primary Tumor","bdb74506-8766-42e1-922e-e03da4637a70","ENSG00000105639.20","JAK3",629,4.1069,2.0139,1.8849,"OK"
"TCGA-KIRC","TCGA-B2-5633-01B-04R-A277-07","TCGA-B2-5633","Primary Tumor","307fc027-0530-452b-8fa9-d46f7fc73d0e","ENSG00000105639.20","JAK3",1791,35.481,11.4957,10.2255,"OK"
"TCGA-KIRC","TCGA-BP-4795-01A-02R-1420-07","TCGA-BP-4795","Primary Tumor","58585ab6-9163-4bfb-ae55-9529ad1bc3aa","ENSG00000105639.20","JAK3",1366,11.7827,3.1377,3.2999,"OK"
"TCGA-KIRC","TCGA-BP-4354-01A-02R-1289-07","TCGA-BP-4354","Primary Tumor","961f4263-5071-4dfd-b626-346f916b4c9d","ENSG00000105639.20","JAK3",3597,48.6231,13.1476,13.1059,"OK"
"TCGA-KIRC","TCGA-CW-6097-01A-11R-1672-07","TCGA-CW-6097","Primary Tumor","0cb86c23-556d-4c56-b6cd-96dbbaff1441","ENSG00000105639.20","JAK3",2240,24.5705,6.5069,6.4949,"OK"
"TCGA-KIRC","TCGA-CJ-4902-01A-01R-1426-07","TCGA-CJ-4902","Primary Tumor","bc8cef4d-5c5c-4d5b-bbbc-553e8940ced1","ENSG00000105639.20","JAK3",3841,22.1119,7.1736,7.7079,"OK"
"TCGA-KIRC","TCGA-AK-3443-01A-02R-1325-07","TCGA-AK-3443","Primary Tumor","539f5a17-442a-4c07-9606-b8f88c731504","ENSG00000105639.20","JAK3",27,0.1454,0.0559,0.0649,"OK"
"TCGA-KIRC","TCGA-BP-5190-01A-01R-1426-07","TCGA-BP-5190","Primary Tumor","58cdb5fa-ab1d-4b7c-a790-4c81cd86efc4","ENSG00000105639.20","JAK3",1769,9.668,4.4882,5.9873,"OK"
"TCGA-KIRC","TCGA-MM-A84U-01A-11R-A37O-07","TCGA-MM-A84U","Primary Tumor","8fc7b6c7-aa50-4a13-a898-35a6bce2d32f","ENSG00000105639.20","JAK3",1581,12.5428,5.5462,6.5829,"OK"
"TCGA-KIRC","TCGA-BP-4335-01A-01R-1289-07","TCGA-BP-4335","Primary Tumor","5fc65294-257d-41eb-83b5-1cb566b1743f","ENSG00000105639.20","JAK3",1080,10.5089,4.7916,5.7254,"OK"
"TCGA-KIRC","TCGA-BP-4766-01A-01R-1289-07","TCGA-BP-4766","Primary Tumor","4b881bd7-355b-4b47-8c00-41734f8e01d2","ENSG00000105639.20","JAK3",896,6.1692,1.9204,1.8192,"OK"
"TCGA-KIRC","TCGA-A3-3374-01A-02R-1325-07","TCGA-A3-3374","Primary Tumor","d499f1d6-3d58-406e-9ed5-98141e774ddc","ENSG00000105639.20","JAK3",470,2.2323,1.1628,1.7909,"OK"
"TCGA-KIRC","TCGA-A3-3372-01A-02R-1325-07","TCGA-A3-3372","Primary Tumor","fc9e3356-b4e0-46e8-9842-46a2366352de","ENSG00000105639.20","JAK3",2368,20.7874,5.8357,5.7565,"OK"
"TCGA-KIRC","TCGA-B0-5077-01A-01R-1334-07","TCGA-B0-5077","Primary Tumor","a1f29e81-e426-4cc5-813b-fcf83a595303","ENSG00000105639.20","JAK3",3158,19.0467,6.5682,7.2335,"OK"
"TCGA-KIRC","TCGA-B0-4694-01A-01R-1277-07","TCGA-B0-4694","Primary Tumor","cc4d6b44-ae57-4f0c-affe-ba411b9fba9b","ENSG00000105639.20","JAK3",2579,19.2768,6.3704,7.1506,"OK"
"TCGA-KIRC","TCGA-B2-3923-01B-10R-A277-07","TCGA-B2-3923","Primary Tumor","d514c3bc-c1e1-4028-9822-90ad703a3a8d","ENSG00000105639.20","JAK3",143,3.4034,1.098,1.0565,"OK"
"TCGA-KIRC","TCGA-A3-3365-01A-01R-0864-07","TCGA-A3-3365","Primary Tumor","fb449c0c-d752-4110-a41a-c46aa29617ea","ENSG00000105639.20","JAK3",726,7.5112,2.1918,2.2275,"OK"
"TCGA-KIRC","TCGA-A3-3311-01A-02R-1325-07","TCGA-A3-3311","Primary Tumor","4845a010-e208-4c1b-85b1-99fbd155edf2","ENSG00000105639.20","JAK3",2158,14.8939,5.0694,5.0993,"OK"
"TCGA-KIRC","TCGA-BP-4968-01A-01R-1334-07","TCGA-BP-4968","Primary Tumor","60ae8b09-673e-418f-abda-7e3ce228c808","ENSG00000105639.20","JAK3",1950,11.1728,4.009,4.7004,"OK"
"TCGA-KIRC","TCGA-BP-4969-01A-01R-1334-07","TCGA-BP-4969","Primary Tumor","6dc1b313-81c8-4b4d-8fcd-07ad3fe499f7","ENSG00000105639.20","JAK3",726,3.9768,1.6925,2.0694,"OK"
"TCGA-KIRC","TCGA-B0-4837-01A-01R-1305-07","TCGA-B0-4837","Primary Tumor","450ec77d-c822-4d53-9a2b-bd6e4b6b9a62","ENSG00000105639.20","JAK3",2794,20.002,7.7372,9.8633,"OK"
"TCGA-KIRC","TCGA-B0-5098-01A-01R-1420-07","TCGA-B0-5098","Primary Tumor","b59e21e2-af42-41ff-9423-0b3b0af05ccd","ENSG00000105639.20","JAK3",743,5.2833,1.6577,1.8102,"OK"
"TCGA-KIRC","TCGA-B0-4706-01A-01R-1503-07","TCGA-B0-4706","Primary Tumor","0461aca8-2256-4954-9c65-1b2a92c2b2a1","ENSG00000105639.20","JAK3",1125,7.5293,2.8395,3.1618,"OK"
"TCGA-KIRC","TCGA-BP-4761-01A-01R-1289-07","TCGA-BP-4761","Primary Tumor","8b3d23b8-cf1f-49ed-bd33-f340984cca9b","ENSG00000105639.20","JAK3",4075,27.5795,11.0466,16,"OK"
"TCGA-KIRC","TCGA-B8-A54H-01A-11R-A33J-07","TCGA-B8-A54H","Primary Tumor","83eb5df9-30fa-4c4f-a062-5ffe6d7f2c3d","ENSG00000105639.20","JAK3",1395,10.3714,2.9872,2.8618,"OK"
"TCGA-KIRC","TCGA-BP-4165-01A-02R-1289-07","TCGA-BP-4165","Primary Tumor","4962d196-c54d-442d-b7b3-dd34f8082781","ENSG00000105639.20","JAK3",1253,9.8778,4.0209,4.6133,"OK"
"TCGA-KIRC","TCGA-G6-A8L6-01A-11R-A37O-07","TCGA-G6-A8L6","Primary Tumor","8bbda4a1-af04-496f-b047-1d74c29ec19a","ENSG00000105639.20","JAK3",730,9.1855,3.2896,3.7689,"OK"
"TCGA-KIRC","TCGA-B0-4810-01A-01R-1503-07","TCGA-B0-4810","Primary Tumor","59f744da-4e53-4cca-a7f1-48a27f91aba1","ENSG00000105639.20","JAK3",4801,39.2616,11.6237,12.0234,"OK"
"TCGA-KIRC","TCGA-CJ-4916-01A-01R-1426-07","TCGA-CJ-4916","Primary Tumor","6faba44d-0367-4d54-a41e-1f2969760558","ENSG00000105639.20","JAK3",3991,21.0195,8.5386,9.7065,"OK"
"TCGA-KIRC","TCGA-AK-3431-01A-02R-1277-07","TCGA-AK-3431","Primary Tumor","13b48a2d-dde2-4cd1-b26d-22621a002f5b","ENSG00000105639.20","JAK3",720,9.9479,2.7544,2.9462,"OK"
"TCGA-KIRC","TCGA-BP-4803-01A-01R-1305-07","TCGA-BP-4803","Primary Tumor","5a1cd867-8bad-4e36-908a-c82b6ae64083","ENSG00000105639.20","JAK3",2237,16.2764,5.4979,6.1334,"OK"
"TCGA-KIRC","TCGA-CJ-4639-01A-02R-1325-07","TCGA-CJ-4639","Primary Tumor","000d81dd-9ba4-4852-9090-2bf22f6483f0","ENSG00000105639.20","JAK3",1017,15.7926,4.2807,4.0942,"OK"
"TCGA-KIRC","TCGA-BP-4338-01A-01R-1289-07","TCGA-BP-4338","Primary Tumor","5b7970e3-9272-4919-beaa-176127e7be10","ENSG00000105639.20","JAK3",1657,8.348,3.1299,4.3267,"OK"
"TCGA-KIRC","TCGA-B2-3924-01A-02R-A277-07","TCGA-B2-3924","Primary Tumor","df630d23-f007-4cc4-9910-edb44046d556","ENSG00000105639.20","JAK3",776,8.1747,5.822,5.2322,"OK"
"TCGA-KIRC","TCGA-CZ-5466-11A-01R-1503-07","TCGA-CZ-5466","Solid Tissue Normal","200dfa9f-ed6f-4434-9dde-7833f4d3b275","ENSG00000105639.20","JAK3",442,1.8802,0.7401,0.8285,"OK"
"TCGA-KIRC","TCGA-CJ-5682-01A-11R-1541-07","TCGA-CJ-5682","Primary Tumor","c6bede90-50d8-4bf5-97e3-6fffe14e723d","ENSG00000105639.20","JAK3",2097,21.2968,7.1754,7.6659,"OK"
"TCGA-KIRC","TCGA-BP-4998-01A-01R-1334-07","TCGA-BP-4998","Primary Tumor","5d956a24-693e-47ad-b315-180c86a0528e","ENSG00000105639.20","JAK3",3088,22.1827,6.0734,6.1216,"OK"
"TCGA-KIRC","TCGA-CW-6090-01A-11R-1672-07","TCGA-CW-6090","Primary Tumor","485e84af-cd91-4096-a2e4-d2594481e5bf","ENSG00000105639.20","JAK3",1346,10.0671,2.9279,3.3934,"OK"
"TCGA-KIRC","TCGA-BP-4346-01A-01R-1289-07","TCGA-BP-4346","Primary Tumor","588a43e3-60a0-416b-9b79-48d863d054bf","ENSG00000105639.20","JAK3",6328,52.3427,17.851,17.8384,"OK"
"TCGA-KIRC","TCGA-CW-6090-11A-01R-1672-07","TCGA-CW-6090","Solid Tissue Normal","b8f8504c-1d5e-48b3-a54f-88250da4264f","ENSG00000105639.20","JAK3",127,0.8703,0.2997,0.3242,"OK"
"TCGA-KIRC","TCGA-CW-5589-11A-01R-1541-07","TCGA-CW-5589","Solid Tissue Normal","78beabfc-8b98-4f21-94c2-cd6c21255f66","ENSG00000105639.20","JAK3",355,2.5372,0.8513,0.8745,"OK"
"TCGA-KIRC","TCGA-A3-3367-01A-02R-1420-07","TCGA-A3-3367","Primary Tumor","efde0fd9-7f08-4c33-9e2b-8d9b8cfccf50","ENSG00000105639.20","JAK3",2712,16.8552,5.485,5.8011,"OK"
"TCGA-KIRC","TCGA-B0-5400-01A-01R-1503-07","TCGA-B0-5400","Primary Tumor","d6a8b3be-0ea5-4d4f-bf62-27ec684d4705","ENSG00000105639.20","JAK3",3941,29.3627,10.3679,13.8002,"OK"
"TCGA-KIRC","TCGA-CJ-4920-01A-01R-1426-07","TCGA-CJ-4920","Primary Tumor","c85688fc-f98a-4672-b66d-8a28ea94d40b","ENSG00000105639.20","JAK3",2252,20.1447,6.3493,6.824,"OK"
"TCGA-KIRC","TCGA-BP-4784-01A-01R-1305-07","TCGA-BP-4784","Primary Tumor","0c5ce27e-46a9-4868-880d-c7e87391cdf9","ENSG00000105639.20","JAK3",1702,17.3382,4.8398,5.0184,"OK"
"TCGA-KIRC","TCGA-CJ-4637-01A-02R-1325-07","TCGA-CJ-4637","Primary Tumor","f8a0a7cf-0444-4039-a255-6d31bcf748ac","ENSG00000105639.20","JAK3",6050,54.846,18.559,18.9661,"OK"
"TCGA-KIRC","TCGA-AS-3778-01A-01R-A32Z-07","TCGA-AS-3778","Primary Tumor","dbe1371f-dbf9-46b1-b603-a9e560fb75df","ENSG00000105639.20","JAK3",1209,11.3357,3.0915,3.0676,"OK"
"TCGA-KIRC","TCGA-CW-5580-01A-01R-1672-07","TCGA-CW-5580","Primary Tumor","6e837fc7-1583-4fde-af30-fe955e7651bf","ENSG00000105639.20","JAK3",2287,16.1096,4.371,4.4134,"OK"
"TCGA-KIRC","TCGA-CJ-4892-01A-01R-1305-07","TCGA-CJ-4892","Primary Tumor","db24671d-74b5-4647-be36-d865aa923ffa","ENSG00000105639.20","JAK3",2104,17.3082,5.4008,5.4995,"OK"
"TCGA-KIRC","TCGA-CW-5583-01A-02R-1541-07","TCGA-CW-5583","Primary Tumor","499d7906-265e-4836-b2b5-55203bf08e2d","ENSG00000105639.20","JAK3",659,6.0264,1.4518,1.4048,"OK"
"TCGA-KIRC","TCGA-BP-4170-01A-02R-1289-07","TCGA-BP-4170","Primary Tumor","61ee46ed-0cb0-428d-806b-db92f33e0c93","ENSG00000105639.20","JAK3",1050,7.082,2.2831,2.4285,"OK"
"TCGA-KIRC","TCGA-B0-4718-01A-01R-1277-07","TCGA-B0-4718","Primary Tumor","0626d61a-3222-49c5-b6f0-4b59c5835d29","ENSG00000105639.20","JAK3",1444,14.5316,6.0011,7.3665,"OK"
"TCGA-KIRC","TCGA-CZ-5986-01A-11R-1672-07","TCGA-CZ-5986","Primary Tumor","ff6cd0e8-98a0-4a96-9650-c348bcfe8901","ENSG00000105639.20","JAK3",790,11.8647,3.1246,2.9696,"OK"
"TCGA-KIRC","TCGA-BP-5177-01A-01R-1426-07","TCGA-BP-5177","Primary Tumor","7fc459c0-68f0-414f-ad41-737b4de021be","ENSG00000105639.20","JAK3",601,4.7139,1.6725,2.0226,"OK"
"TCGA-KIRC","TCGA-B0-5100-01A-01R-1420-07","TCGA-B0-5100","Primary Tumor","996511b1-d236-4060-a307-81557721cfe5","ENSG00000105639.20","JAK3",1400,12.2812,3.977,4.5874,"OK"
"TCGA-KIRC","TCGA-BP-4774-01A-01R-1289-07","TCGA-BP-4774","Primary Tumor","4d4db765-51e5-4549-a559-114bae985a88","ENSG00000105639.20","JAK3",916,6.5224,2.2503,2.4139,"OK"
"TCGA-KIRC","TCGA-B8-5549-11A-01R-1541-07","TCGA-B8-5549","Solid Tissue Normal","330a912b-ae31-4a54-8611-f32b098ba946","ENSG00000105639.20","JAK3",228,1.8588,0.5509,0.5536,"OK"
"TCGA-KIRC","TCGA-B8-4151-01A-01R-1188-07","TCGA-B8-4151","Primary Tumor","ccb3a294-e4b3-439a-b168-18c3ae05d3b8","ENSG00000105639.20","JAK3",265,2.692,0.8615,0.9117,"OK"
"TCGA-KIRC","TCGA-B0-4841-01A-01R-1277-07","TCGA-B0-4841","Primary Tumor","489b2714-26c8-4889-9ca9-378957da1a6c","ENSG00000105639.20","JAK3",420,2.8861,2.1297,3.6146,"OK"
"TCGA-KIRC","TCGA-B0-4714-01A-01R-1277-07","TCGA-B0-4714","Primary Tumor","66b1f91a-937c-4e1f-b4ab-07d1ef9fe1db","ENSG00000105639.20","JAK3",2283,17.5022,7.3687,8.3222,"OK"
"TCGA-KIRC","TCGA-BP-4174-01A-02R-1289-07","TCGA-BP-4174","Primary Tumor","572fb090-3796-4170-829d-7b77c1e8127d","ENSG00000105639.20","JAK3",967,9.5608,2.7341,2.881,"OK"
"TCGA-KIRC","TCGA-BP-4973-01A-01R-1334-07","TCGA-BP-4973","Primary Tumor","6d560c49-6d99-467b-b2a9-5d236eff9f87","ENSG00000105639.20","JAK3",1736,9.5717,3.18,3.4405,"OK"
"TCGA-KIRC","TCGA-A3-A8OV-01A-11R-A37O-07","TCGA-A3-A8OV","Primary Tumor","e0ab8fc2-a369-4e2b-a07a-67794bf6955b","ENSG00000105639.20","JAK3",1377,13.787,4.4371,4.3981,"OK"
"TCGA-KIRC","TCGA-BP-4991-01A-01R-1334-07","TCGA-BP-4991","Primary Tumor","54813ceb-f5c7-4c62-8b0a-047145bb6bae","ENSG00000105639.20","JAK3",3208,21.827,5.9695,5.8804,"OK"
"TCGA-KIRC","TCGA-AK-3456-01A-02R-1325-07","TCGA-AK-3456","Primary Tumor","4a2da9f0-b75d-466c-b9f0-2e910ee24365","ENSG00000105639.20","JAK3",233,1.9955,0.7717,0.839,"OK"
"TCGA-KIRC","TCGA-BP-4758-01A-01R-1289-07","TCGA-BP-4758","Primary Tumor","152893a4-2d02-4941-bbe9-eb038cce9ef2","ENSG00000105639.20","JAK3",2038,9.7484,4.4671,5.8898,"OK"
"TCGA-KIRC","TCGA-CZ-5989-11A-01R-1672-07","TCGA-CZ-5989","Solid Tissue Normal","2d6da3de-d9be-4037-9fd7-e64d5c91ba1e","ENSG00000105639.20","JAK3",662,6.0098,1.697,1.621,"OK"
"TCGA-KIRC","TCGA-CW-6088-01A-11R-1672-07","TCGA-CW-6088","Primary Tumor","c0d545e4-ab23-41f8-a29f-7a9df01c4abd","ENSG00000105639.20","JAK3",869,7.5658,1.8227,1.6926,"OK"
"TCGA-KIRC","TCGA-CZ-5470-01A-01R-1503-07","TCGA-CZ-5470","Primary Tumor","fd493a63-08fb-4076-8b3c-f443dc4bcb0b","ENSG00000105639.20","JAK3",1494,8.5829,3.1474,3.5617,"OK"
"TCGA-KIRC","TCGA-B0-5690-01A-11R-1541-07","TCGA-B0-5690","Primary Tumor","e44dbaa1-6ef0-48ba-bf0f-3cfa502cbd14","ENSG00000105639.20","JAK3",929,9.3306,2.5848,2.6422,"OK"
"TCGA-KIRC","TCGA-BP-5196-01A-01R-1426-07","TCGA-BP-5196","Primary Tumor","9b794c4e-3176-4cdf-b59b-2b1a13bd603a","ENSG00000105639.20","JAK3",2240,21.1492,6.0408,6.5846,"OK"
"TCGA-KIRC","TCGA-CZ-5454-11A-01R-1503-07","TCGA-CZ-5454","Solid Tissue Normal","a41454c8-c8c2-4d33-9ff8-402fd89d2163","ENSG00000105639.20","JAK3",444,2.4259,0.706,0.7223,"OK"
"TCGA-KIRC","TCGA-BP-4337-01A-01R-1289-07","TCGA-BP-4337","Primary Tumor","6d47118e-cd8a-4d75-970f-2f0f3aff712c","ENSG00000105639.20","JAK3",2065,14.5523,5.7836,6.5413,"OK"
"TCGA-KIRC","TCGA-CJ-4641-01A-02R-1325-07","TCGA-CJ-4641","Primary Tumor","12e9affd-cc06-49d9-b485-47e7034be973","ENSG00000105639.20","JAK3",3422,32.7831,9.9549,9.9455,"OK"
"TCGA-KIRC","TCGA-CZ-5456-11A-02R-1503-07","TCGA-CZ-5456","Solid Tissue Normal","41954992-a111-4fbb-b6e2-d5ac8f564bf6","ENSG00000105639.20","JAK3",175,1.5602,0.6089,0.6926,"OK"
"TCGA-KIRC","TCGA-B8-5546-01A-01R-1541-07","TCGA-B8-5546","Primary Tumor","5f006edb-0f66-45eb-9a36-e31bbcdf8147","ENSG00000105639.20","JAK3",129,1.5198,0.4481,0.4441,"OK"
"TCGA-KIRC","TCGA-CJ-4640-01A-02R-1325-07","TCGA-CJ-4640","Primary Tumor","f43cfd22-5e58-4369-9ea0-a0b6cc63a7db","ENSG00000105639.20","JAK3",1213,9.8214,3.0205,3.0667,"OK"
"TCGA-KIRC","TCGA-B0-4813-01A-01R-1277-07","TCGA-B0-4813","Primary Tumor","1be72033-3da7-4266-9b58-2fff2dbaa48b","ENSG00000105639.20","JAK3",2727,27.3276,11.0051,13.8021,"OK"
"TCGA-KIRC","TCGA-A3-3378-01A-02R-1325-07","TCGA-A3-3378","Primary Tumor","363d5bdc-23e6-40b0-929c-0805d86471eb","ENSG00000105639.20","JAK3",6914,53.8495,17.0214,18.3961,"OK"
"TCGA-KIRC","TCGA-B0-5096-01A-01R-1420-07","TCGA-B0-5096","Primary Tumor","d4afe781-4959-40a7-8556-b60a150ea6b0","ENSG00000105639.20","JAK3",1414,13.0625,4.3621,4.8185,"OK"
"TCGA-KIRC","TCGA-CZ-5462-01A-01R-1503-07","TCGA-CZ-5462","Primary Tumor","24ec3d48-d4c2-4f0c-b188-87ebc1f3123e","ENSG00000105639.20","JAK3",2386,18.0037,5.1042,5.3276,"OK"
"TCGA-KIRC","TCGA-B0-5102-01A-01R-1420-07","TCGA-B0-5102","Primary Tumor","343ba69a-e983-4966-9084-3bf576a08701","ENSG00000105639.20","JAK3",966,6.3466,2.2621,2.5989,"OK"
"TCGA-KIRC","TCGA-BP-5010-01A-02R-1420-07","TCGA-BP-5010","Primary Tumor","c59faf4c-0b9f-4c20-acd2-0804a8c9d96c","ENSG00000105639.20","JAK3",1908,12.3587,6.1804,8.4776,"OK"
"TCGA-KIRC","TCGA-DV-A4VX-01A-11R-A266-07","TCGA-DV-A4VX","Primary Tumor","7f6b6886-84b6-4cb9-8b01-b2d10f55b8c9","ENSG00000105639.20","JAK3",2153,20.6864,8.2248,9.9383,"OK"
"TCGA-KIRC","TCGA-CJ-4635-01A-02R-1305-07","TCGA-CJ-4635","Primary Tumor","b9015212-73c0-4247-9848-95ac288ffb3c","ENSG00000105639.20","JAK3",3246,37.737,11.7095,11.8214,"OK"
"TCGA-KIRC","TCGA-BP-4975-01A-01R-1334-07","TCGA-BP-4975","Primary Tumor","c55cb5e4-8428-4a52-9a84-101b6e823265","ENSG00000105639.20","JAK3",2546,13.5328,4.1482,4.66,"OK"
"TCGA-KIRC","TCGA-EU-5904-01A-11R-1672-07","TCGA-EU-5904","Primary Tumor","1eb01cfb-4b8b-472b-a20b-61239ad14ab6","ENSG00000105639.20","JAK3",723,6.6577,1.8105,1.8985,"OK"
"TCGA-KIRC","TCGA-B0-5095-01A-01R-1420-07","TCGA-B0-5095","Primary Tumor","77cfb44f-6e99-4c0b-bd54-6ab249fd54ef","ENSG00000105639.20","JAK3",2419,27.5487,6.9861,7.2914,"OK"
"TCGA-KIRC","TCGA-BP-5000-01A-01R-1334-07","TCGA-BP-5000","Primary Tumor","62482815-63b6-4df9-8698-44a2d5cdafaf","ENSG00000105639.20","JAK3",3236,15.5802,7.3749,10.6351,"OK"
"TCGA-KIRC","TCGA-BP-5192-01A-01R-1426-07","TCGA-BP-5192","Primary Tumor","451091ae-1364-4e63-b2c6-82e72aae9458","ENSG00000105639.20","JAK3",1206,9.2558,2.733,2.818,"OK"
"TCGA-KIRC","TCGA-BP-4343-01A-02R-1289-07","TCGA-BP-4343","Primary Tumor","51a2c5e1-ba04-4178-a5b0-0ac50c870c4e","ENSG00000105639.20","JAK3",600,5.4196,1.7601,2.0013,"OK"
"TCGA-KIRC","TCGA-B0-4822-01A-01R-1277-07","TCGA-B0-4822","Primary Tumor","fb185dab-f274-4565-ba4a-223e5d629310","ENSG00000105639.20","JAK3",3635,26.7274,12.6768,16.1232,"OK"
"TCGA-KIRC","TCGA-BP-4985-01A-01R-1334-07","TCGA-BP-4985","Primary Tumor","8e4576b0-ae52-47fa-b4a0-eaaed1fefcd2","ENSG00000105639.20","JAK3",4024,23.1272,8.3174,11.4344,"OK"
"TCGA-KIRC","TCGA-CZ-5459-01A-01R-1503-07","TCGA-CZ-5459","Primary Tumor","6b9f9688-4bd2-4e54-9744-ac31665650b2","ENSG00000105639.20","JAK3",1444,12.6375,4.5346,5.1661,"OK"
"TCGA-KIRC","TCGA-B8-A54J-01A-11R-A33J-07","TCGA-B8-A54J","Primary Tumor","fd3d7a82-a316-4df0-9d84-409cb12eb9b1","ENSG00000105639.20","JAK3",1251,11.2419,3.3743,3.3728,"OK"
"TCGA-KIRC","TCGA-B8-5545-01A-01R-1672-07","TCGA-B8-5545","Primary Tumor","f41b182b-f528-49bf-9d7e-912614796b77","ENSG00000105639.20","JAK3",1242,12.5189,3.1972,3.1338,"OK"
"TCGA-KIRC","TCGA-BP-4352-01A-01R-1289-07","TCGA-BP-4352","Primary Tumor","f7cb60c9-cede-46db-9266-b1437cd06a48","ENSG00000105639.20","JAK3",1149,7.2406,2.7098,3.5693,"OK"
"TCGA-KIRC","TCGA-B0-5097-01A-01R-1420-07","TCGA-B0-5097","Primary Tumor","421291fd-adda-42ab-8574-209da13d33a6","ENSG00000105639.20","JAK3",2943,28.6705,8.0931,9.0811,"OK"
"TCGA-KIRC","TCGA-B0-4848-01A-01R-1277-07","TCGA-B0-4848","Primary Tumor","158ed2cd-7be5-4191-89b6-0d034a6426c1","ENSG00000105639.20","JAK3",1591,19.3031,5.5225,5.5081,"OK"
"TCGA-KIRC","TCGA-CW-5585-01A-01R-1541-07","TCGA-CW-5585","Primary Tumor","d7b28bbe-cf7d-4634-8a48-f42d58be4a55","ENSG00000105639.20","JAK3",183,1.458,0.3933,0.3794,"OK"
"TCGA-KIRC","TCGA-A3-3313-01A-02R-1325-07","TCGA-A3-3313","Primary Tumor","41cc637e-36ce-4e10-8175-f24909ff0472","ENSG00000105639.20","JAK3",582,3.1394,1.4227,1.6212,"OK"
"TCGA-KIRC","TCGA-BP-4967-01A-01R-1334-07","TCGA-BP-4967","Primary Tumor","c2bbfd1c-59bb-42a8-8987-1d36865ec762","ENSG00000105639.20","JAK3",2773,15.9678,5.4899,6.2743,"OK"
"TCGA-KIRC","TCGA-CJ-5681-11A-01R-1541-07","TCGA-CJ-5681","Solid Tissue Normal","86e14130-79ee-4cbf-8328-3dd9c65d61dd","ENSG00000105639.20","JAK3",197,1.4793,0.6239,0.7019,"OK"
"TCGA-KIRC","TCGA-CJ-5676-11A-01R-1541-07","TCGA-CJ-5676","Solid Tissue Normal","2e4b4712-a733-4599-8119-926aa5934be9","ENSG00000105639.20","JAK3",950,5.6152,2.0033,2.1051,"OK"
"TCGA-KIRC","TCGA-CJ-4918-01A-01R-1426-07","TCGA-CJ-4918","Primary Tumor","8d116906-c391-48f2-9eb4-94945197d90b","ENSG00000105639.20","JAK3",1898,13.8237,4.5898,5.2304,"OK"
"TCGA-KIRC","TCGA-B0-5706-01A-11R-1541-07","TCGA-B0-5706","Primary Tumor","7a16bbe0-eed5-45f2-8400-8874924a6eda","ENSG00000105639.20","JAK3",963,13.2457,7.5276,8.0477,"OK"
"TCGA-KIRC","TCGA-CW-5581-11A-01R-1541-07","TCGA-CW-5581","Solid Tissue Normal","743a0026-5df2-4a13-8abf-aa45798ec131","ENSG00000105639.20","JAK3",94,0.7878,0.2935,0.3181,"OK"
"TCGA-KIRC","TCGA-BP-5186-01A-01R-1426-07","TCGA-BP-5186","Primary Tumor","02f13d48-a03a-42e8-917d-e5d9025e2898","ENSG00000105639.20","JAK3",1001,8.741,2.5008,2.4388,"OK"
"TCGA-KIRC","TCGA-B2-3924-01A-02R-1325-07","TCGA-B2-3924","Primary Tumor","056c67e7-03b3-40cc-8c19-d6938ad634aa","ENSG00000105639.20","JAK3",1913,16.6259,5.3068,5.3716,"OK"
"TCGA-KIRC","TCGA-A3-3385-01A-02R-1420-07","TCGA-A3-3385","Primary Tumor","375080ea-cbbe-4dfb-8da3-cbef10418a2d","ENSG00000105639.20","JAK3",1436,9.231,3.1284,3.4644,"OK"
"TCGA-KIRC","TCGA-BP-5194-01A-02R-1426-07","TCGA-BP-5194","Primary Tumor","dcead401-3e21-4718-9ce1-863177be3f10","ENSG00000105639.20","JAK3",1561,9.3261,2.9347,3.1242,"OK"
"TCGA-KIRC","TCGA-A3-3357-01A-02R-1420-07","TCGA-A3-3357","Primary Tumor","5544a704-6f67-4c0d-b4ad-9becaab27512","ENSG00000105639.20","JAK3",1752,10.4526,3.634,4.0534,"OK"
"TCGA-KIRC","TCGA-A3-3320-01A-02R-1325-07","TCGA-A3-3320","Primary Tumor","99ad8f7e-a32c-4fbc-af00-8765d524cd73","ENSG00000105639.20","JAK3",1131,11.2582,2.9892,2.8744,"OK"
"TCGA-KIRC","TCGA-CJ-4873-01A-01R-1305-07","TCGA-CJ-4873","Primary Tumor","636b709e-402e-4c0c-8ee3-a5dff383abfd","ENSG00000105639.20","JAK3",1753,13.3683,6.6841,8.3946,"OK"
"TCGA-KIRC","TCGA-B8-A54E-01A-11R-A266-07","TCGA-B8-A54E","Primary Tumor","81cbdf35-12a2-435d-bec9-0f52c47f7a0f","ENSG00000105639.20","JAK3",538,4.503,1.8291,1.9989,"OK"
"TCGA-KIRC","TCGA-BP-4781-01A-01R-1305-07","TCGA-BP-4781","Primary Tumor","5f2edb2e-9b7f-44d6-af6c-ff958631cf6a","ENSG00000105639.20","JAK3",1657,15.136,4.384,4.5602,"OK"
"TCGA-KIRC","TCGA-CJ-5678-11A-01R-1541-07","TCGA-CJ-5678","Solid Tissue Normal","572cfe32-d1b4-44f7-98f4-a9079f3e376c","ENSG00000105639.20","JAK3",268,1.3716,0.6547,0.8078,"OK"
"TCGA-KIRC","TCGA-CZ-5455-11A-01R-1503-07","TCGA-CZ-5455","Solid Tissue Normal","8e10e799-ae5c-49f7-a249-2d16d796066c","ENSG00000105639.20","JAK3",245,1.4283,0.4983,0.5272,"OK"
"TCGA-KIRC","TCGA-CZ-4853-01A-01R-1426-07","TCGA-CZ-4853","Primary Tumor","b81e79c9-7f6d-498c-9591-2b7e8b3bc466","ENSG00000105639.20","JAK3",1082,5.859,2.0405,2.2005,"OK"
"TCGA-KIRC","TCGA-BP-4344-01A-01R-1289-07","TCGA-BP-4344","Primary Tumor","b4499ca2-b2fa-430b-95f5-8d1e2ca14dc0","ENSG00000105639.20","JAK3",845,7.8559,2.3639,2.3721,"OK"
"TCGA-KIRC","TCGA-B0-4815-01A-01R-1503-07","TCGA-B0-4815","Primary Tumor","466888ef-7b80-471e-822c-bf355ef474b8","ENSG00000105639.20","JAK3",8691,45.2965,21.8606,22.2937,"OK"
"TCGA-KIRC","TCGA-B0-5088-01A-01R-1334-07","TCGA-B0-5088","Primary Tumor","52258ebc-d3ba-4795-83c9-6457386fea2b","ENSG00000105639.20","JAK3",2381,13.1558,5.3493,6.3858,"OK"
"TCGA-KIRC","TCGA-B0-4712-01A-01R-1503-07","TCGA-B0-4712","Primary Tumor","7f16d20f-07e2-4901-ae00-4da70125e8a3","ENSG00000105639.20","JAK3",2577,18.9239,6.5774,8.5019,"OK"
"TCGA-KIRC","TCGA-DV-5565-01A-01R-1541-07","TCGA-DV-5565","Primary Tumor","ac6da4db-868b-4b98-9c12-4c1930d08a5e","ENSG00000105639.20","JAK3",1152,8.2994,3.2383,3.8718,"OK"
"TCGA-KIRC","TCGA-BP-4986-01A-01R-1334-07","TCGA-BP-4986","Primary Tumor","dd7f3972-e7c6-422b-84ed-a8038645a52b","ENSG00000105639.20","JAK3",4293,30.948,8.7406,9.229,"OK"
"TCGA-KIRC","TCGA-B8-4621-01A-01R-1503-07","TCGA-B8-4621","Primary Tumor","843f5279-d6a2-4616-a3e7-985f26247cc7","ENSG00000105639.20","JAK3",956,4.8987,1.9499,2.2461,"OK"
"TCGA-KIRC","TCGA-CJ-5689-01A-11R-1541-07","TCGA-CJ-5689","Primary Tumor","3ce8971c-7d06-4da7-af07-efaf4c9f6a75","ENSG00000105639.20","JAK3",1744,12.3914,4.5828,5.1129,"OK"
"TCGA-KIRC","TCGA-CJ-5689-11A-01R-1541-07","TCGA-CJ-5689","Solid Tissue Normal","2562285c-fe56-4011-a9e9-9e17bb78becb","ENSG00000105639.20","JAK3",512,5.3642,1.7296,1.7076,"OK"
"TCGA-KIRC","TCGA-A3-3329-01A-01R-0864-07","TCGA-A3-3329","Primary Tumor","39fd293e-c269-4de9-ae9e-4e68f8c20897","ENSG00000105639.20","JAK3",845,7.3977,2.3663,2.4522,"OK"
"TCGA-KIRC","TCGA-CZ-4864-01A-01R-1503-07","TCGA-CZ-4864","Primary Tumor","3c7b458e-ecca-4d6a-b1c7-48152e184c0b","ENSG00000105639.20","JAK3",2018,13.5835,4.0985,4.0268,"OK"
"TCGA-KIRC","TCGA-B0-5108-01A-01R-1420-07","TCGA-B0-5108","Primary Tumor","53a4f1ae-7669-4580-b054-0a5b58e76520","ENSG00000105639.20","JAK3",4821,40.1346,11.8886,13.0662,"OK"
"TCGA-KIRC","TCGA-A3-3376-01A-02R-1420-07","TCGA-A3-3376","Primary Tumor","f1aa53c8-fb44-431d-9bb9-ba7647cd9ead","ENSG00000105639.20","JAK3",2078,14.2228,3.6036,3.6235,"OK"
"TCGA-KIRC","TCGA-B2-5635-01A-01R-1541-07","TCGA-B2-5635","Primary Tumor","b98e59fc-120a-45c4-aade-3b59ca4a1a86","ENSG00000105639.20","JAK3",2514,23.4403,6.7902,7.031,"OK"
"TCGA-KIRC","TCGA-B4-5834-01A-11R-1672-07","TCGA-B4-5834","Primary Tumor","f13ca22a-ad44-45c0-806b-678bacee6135","ENSG00000105639.20","JAK3",1510,12.8325,3.304,3.3614,"OK"
"TCGA-KIRC","TCGA-DV-5575-01A-01R-1541-07","TCGA-DV-5575","Primary Tumor","a5dd6162-2bca-4bbb-a068-94d122a52cc5","ENSG00000105639.20","JAK3",1234,12.5092,3.5649,3.6309,"OK"
"TCGA-KIRC","TCGA-CJ-4643-01A-02R-1325-07","TCGA-CJ-4643","Primary Tumor","2693e892-e285-4d51-b84a-7498437b6956","ENSG00000105639.20","JAK3",1290,11.3129,3.2225,3.1588,"OK"
"TCGA-KIRC","TCGA-A3-3382-01A-02R-1325-07","TCGA-A3-3382","Primary Tumor","16349fe9-a2c9-4577-8b34-6761dd22ee61","ENSG00000105639.20","JAK3",3040,35.7091,8.5273,8.8486,"OK"
"TCGA-KIRC","TCGA-B0-5703-11A-01R-1541-07","TCGA-B0-5703","Solid Tissue Normal","61e2977f-ac86-4a5a-819d-3fba1af9253a","ENSG00000105639.20","JAK3",208,1.8626,0.6532,0.6767,"OK"
"TCGA-KIRC","TCGA-B8-5165-01A-01R-1420-07","TCGA-B8-5165","Primary Tumor","8c4bd061-8371-4313-bfdc-1b2213daea12","ENSG00000105639.20","JAK3",738,5.6656,1.5781,1.6387,"OK"
"TCGA-KIRC","TCGA-CJ-4888-01A-01R-1305-07","TCGA-CJ-4888","Primary Tumor","160f9fb3-e1e0-4f32-ab86-9555e838a0a0","ENSG00000105639.20","JAK3",8575,43.4066,18.9087,21.3019,"OK"
"TCGA-KIRC","TCGA-CZ-5469-01A-01R-1503-07","TCGA-CZ-5469","Primary Tumor","6ae1ed76-5b6f-41a6-917b-cc713f874a03","ENSG00000105639.20","JAK3",2062,14.5232,5.3232,6.4971,"OK"
"TCGA-KIRC","TCGA-CZ-4866-01A-01R-1503-07","TCGA-CZ-4866","Primary Tumor","de6772b8-dd18-4584-880e-b4080e2e0f8d","ENSG00000105639.20","JAK3",489,2.4483,0.7618,0.7743,"OK"
"TCGA-KIRC","TCGA-CW-6088-11A-01R-1672-07","TCGA-CW-6088","Solid Tissue Normal","83395208-40ec-4a57-a3ea-5f9dd8491998","ENSG00000105639.20","JAK3",236,1.3522,0.4208,0.418,"OK"
"TCGA-KIRC","TCGA-B2-5633-01A-01R-1541-07","TCGA-B2-5633","Primary Tumor","61894bd0-9fdb-4bb1-b32c-f52dbc10c850","ENSG00000105639.20","JAK3",1388,18.7031,4.7603,4.6242,"OK"
"TCGA-KIRC","TCGA-CZ-4862-01A-01R-1305-07","TCGA-CZ-4862","Primary Tumor","1fbf38d0-bc11-4d81-81a3-2a558afa4db5","ENSG00000105639.20","JAK3",2889,37.8943,10.0978,9.2696,"OK"
"TCGA-KIRC","TCGA-BP-5169-01A-01R-1426-07","TCGA-BP-5169","Primary Tumor","1d4c5088-5f7a-4ac9-8a04-46288af80215","ENSG00000105639.20","JAK3",4127,15.0377,12.1359,19.1882,"OK"
"TCGA-KIRC","TCGA-DV-A4W0-01A-11R-A266-07","TCGA-DV-A4W0","Primary Tumor","07b09d0e-fac2-42a7-9cac-ac1e38a92298","ENSG00000105639.20","JAK3",279,2.8893,0.9242,0.9318,"OK"
"TCGA-KIRC","TCGA-CZ-5465-01A-01R-1503-07","TCGA-CZ-5465","Primary Tumor","ceaf66d6-7fcf-47d6-ae3f-99323057c910","ENSG00000105639.20","JAK3",941,5.153,1.5603,1.6939,"OK"
"TCGA-KIRC","TCGA-CZ-5454-01A-01R-1503-07","TCGA-CZ-5454","Primary Tumor","7bb02e2f-67db-4527-959a-4f38da4edd7a","ENSG00000105639.20","JAK3",1551,8.5141,2.8494,3.3443,"OK"
"TCGA-KIRC","TCGA-BP-4960-01A-01R-1334-07","TCGA-BP-4960","Primary Tumor","eeb522fe-ab63-4e1f-b2cf-de74af6b64f2","ENSG00000105639.20","JAK3",3407,15.588,7.9128,11.902,"OK"
"TCGA-KIRC","TCGA-B2-3923-01A-02R-1325-07","TCGA-B2-3923","Primary Tumor","2b393323-81e3-49e2-9acd-18eb8ab0c563","ENSG00000105639.20","JAK3",197,1.7814,0.6446,0.7526,"OK"
"TCGA-KIRC","TCGA-CW-5585-11A-01R-1541-07","TCGA-CW-5585","Solid Tissue Normal","c68fded5-978b-4d7a-9077-89c2c6b35f47","ENSG00000105639.20","JAK3",185,1.0935,0.3978,0.429,"OK"
"TCGA-KIRC","TCGA-B4-5835-01A-11R-1672-07","TCGA-B4-5835","Primary Tumor","d9735236-6587-4453-8c8d-2d39ca495cce","ENSG00000105639.20","JAK3",726,4.009,1.4221,1.6558,"OK"
"TCGA-KIRC","TCGA-EU-5907-01A-11R-1672-07","TCGA-EU-5907","Primary Tumor","304948c1-e699-44b0-814d-defc3a1119f3","ENSG00000105639.20","JAK3",328,4.8415,1.266,1.2449,"OK"
"TCGA-KIRC","TCGA-B0-4697-01A-01R-1277-07","TCGA-B0-4697","Primary Tumor","d6ad13eb-3ed8-4b4a-ac50-37061cf8236a","ENSG00000105639.20","JAK3",3198,39.6506,28.1491,30.6428,"OK"
"TCGA-KIRC","TCGA-B0-5696-11A-01R-1541-07","TCGA-B0-5696","Solid Tissue Normal","80bd1a2f-c729-40f3-b50f-8a3b766e0231","ENSG00000105639.20","JAK3",253,1.8208,0.6723,0.7244,"OK"
"TCGA-KIRC","TCGA-BP-5175-01A-01R-1426-07","TCGA-BP-5175","Primary Tumor","6d481b79-8322-4ac0-93ba-aaa34fd41ed9","ENSG00000105639.20","JAK3",2293,10.9746,5.7491,10.3235,"OK"
"TCGA-KIRC","TCGA-BP-5182-01A-01R-1426-07","TCGA-BP-5182","Primary Tumor","09c297be-f824-4a0b-ae20-57ecf089a7d5","ENSG00000105639.20","JAK3",1456,9.8338,3.067,3.3756,"OK"
"TCGA-KIRC","TCGA-CW-5581-01A-02R-1541-07","TCGA-CW-5581","Primary Tumor","7560bd39-ffd0-45ae-95c9-451bccc8ccc4","ENSG00000105639.20","JAK3",835,7.2483,1.9671,2.0486,"OK"
"TCGA-KIRC","TCGA-G6-A5PC-01A-11R-A33J-07","TCGA-G6-A5PC","Primary Tumor","a57d26d5-0255-4bd1-bcd6-ebfb9d35055d","ENSG00000105639.20","JAK3",577,4.3273,2.2051,3.2065,"OK"
"TCGA-KIRC","TCGA-BP-4166-01A-02R-1289-07","TCGA-BP-4166","Primary Tumor","486f1d07-6c9a-445d-b603-129238a55dbb","ENSG00000105639.20","JAK3",527,4.0158,1.5462,1.8147,"OK"
"TCGA-KIRC","TCGA-B0-5075-01A-01R-1334-07","TCGA-B0-5075","Primary Tumor","fae1f158-5990-4e7c-90a9-f33fe8be8753","ENSG00000105639.20","JAK3",2289,11.9488,4.4225,5.1325,"OK"
"TCGA-KIRC","TCGA-A3-3383-01A-02R-1325-07","TCGA-A3-3383","Primary Tumor","0558db50-149d-4b8f-9994-4e0c3451ae8e","ENSG00000105639.20","JAK3",2526,26.0455,9.0485,10.271,"OK"
"TCGA-KIRC","TCGA-CZ-5453-01A-01R-1503-07","TCGA-CZ-5453","Primary Tumor","1b70671f-61a5-4a23-ab6b-2120e80d1698","ENSG00000105639.20","JAK3",1308,7.4348,2.8345,3.0882,"OK"
"TCGA-KIRC","TCGA-CJ-5680-01A-11R-1541-07","TCGA-CJ-5680","Primary Tumor","3dff6d1d-98ca-49b9-a6e4-5a4da59fb2f8","ENSG00000105639.20","JAK3",734,6.5011,1.9052,1.8418,"OK"
"TCGA-KIRC","TCGA-B0-5121-01A-02R-1420-07","TCGA-B0-5121","Primary Tumor","cbe040e0-9ed9-4af4-a177-392a0b63a40b","ENSG00000105639.20","JAK3",1693,7.2449,3.7108,5.1795,"OK"
"TCGA-KIRC","TCGA-B0-4701-01A-01R-1277-07","TCGA-B0-4701","Primary Tumor","52f4db86-9951-464d-a9c2-520a3681a9a8","ENSG00000105639.20","JAK3",2897,27.3884,8.6483,8.885,"OK"
"TCGA-KIRC","TCGA-B0-5107-01A-01R-1420-07","TCGA-B0-5107","Primary Tumor","d07320f0-36a4-4dab-83bb-faaaf21a2bcb","ENSG00000105639.20","JAK3",3217,26.8548,9.2012,10.6635,"OK"
"TCGA-KIRC","TCGA-B8-5553-01A-01R-1541-07","TCGA-B8-5553","Primary Tumor","e0999ea7-e0c9-487f-b8a7-3eda87ab8601","ENSG00000105639.20","JAK3",1219,12.9348,3.2182,3.1731,"OK"
"TCGA-KIRC","TCGA-B0-5083-01A-02R-1420-07","TCGA-B0-5083","Primary Tumor","d5c03bc2-fb49-457d-8445-f8177008554b","ENSG00000105639.20","JAK3",527,3.5789,1.6283,2.1442,"OK"
"TCGA-KIRC","TCGA-CZ-5468-11A-01R-1503-07","TCGA-CZ-5468","Solid Tissue Normal","bbb17751-e367-45a2-b561-9607d02d03c3","ENSG00000105639.20","JAK3",393,3.0678,0.9597,0.9648,"OK"
"TCGA-KIRC","TCGA-CZ-5468-01A-01R-1503-07","TCGA-CZ-5468","Primary Tumor","4d9d7601-1c03-422d-8dc1-1857593c49a5","ENSG00000105639.20","JAK3",2235,16.3297,5.3629,6.1812,"OK"
"TCGA-KIRC","TCGA-B8-4619-11A-01R-1758-07","TCGA-B8-4619","Solid Tissue Normal","cc455312-98ef-40a7-b2f6-6ee31380b06e","ENSG00000105639.20","JAK3",175,1.5208,0.6999,0.8663,"OK"
"TCGA-KIRC","TCGA-CJ-4634-01A-02R-1325-07","TCGA-CJ-4634","Primary Tumor","80a63e36-0f14-4d11-880b-c9c425034d5b","ENSG00000105639.20","JAK3",706,6.9771,1.9235,1.7465,"OK"
"TCGA-KIRC","TCGA-B0-5094-01A-01R-1420-07","TCGA-B0-5094","Primary Tumor","c830413d-ad40-4e2a-b2a5-56407eed5ca3","ENSG00000105639.20","JAK3",5102,42.6448,12.4558,13.4187,"OK"
"TCGA-KIRC","TCGA-B8-A54D-01A-21R-A266-07","TCGA-B8-A54D","Primary Tumor","3f22ab0f-057b-4d34-8722-63ec8c8d1d33","ENSG00000105639.20","JAK3",1126,17.4475,7.0503,7.1016,"OK"
"TCGA-KIRC","TCGA-BP-4341-01A-01R-1289-07","TCGA-BP-4341","Primary Tumor","cce6300b-bad4-411f-912d-7cb1d9fb9733","ENSG00000105639.20","JAK3",946,6.3265,2.5345,2.8856,"OK"
"TCGA-KIRC","TCGA-CW-5580-11A-02R-1672-07","TCGA-CW-5580","Solid Tissue Normal","edf83523-a278-4657-88f9-230494fae0b9","ENSG00000105639.20","JAK3",336,1.9594,0.6745,0.7123,"OK"
"TCGA-KIRC","TCGA-B0-4691-01A-01R-1277-07","TCGA-B0-4691","Primary Tumor","ee7ecfb9-1ec5-4553-ba37-19c2b5f0da0f","ENSG00000105639.20","JAK3",1797,12.0096,4.9598,6.6655,"OK"
"TCGA-KIRC","TCGA-B0-4713-01A-01R-1277-07","TCGA-B0-4713","Primary Tumor","637c8c48-42f9-43d7-8281-c014f4170109","ENSG00000105639.20","JAK3",1316,11.3276,4.8272,6.3681,"OK"
"TCGA-KIRC","TCGA-BP-4768-01A-01R-1289-07","TCGA-BP-4768","Primary Tumor","dcc70515-99c2-4867-b39a-e4c3e3a66430","ENSG00000105639.20","JAK3",3394,22.7269,7.5997,8.0391,"OK"
"TCGA-KIRC","TCGA-B0-5701-11A-01R-1541-07","TCGA-B0-5701","Solid Tissue Normal","8a56004e-52fb-4a5e-afa0-e466ca53d57b","ENSG00000105639.20","JAK3",474,3.5063,1.1585,1.2364,"OK"
"TCGA-KIRC","TCGA-CJ-4644-01A-02R-1325-07","TCGA-CJ-4644","Primary Tumor","39b522e7-162a-42e6-bdcc-a156016b9a81","ENSG00000105639.20","JAK3",600,5.7624,1.721,1.7138,"OK"
"TCGA-KIRC","TCGA-BP-4756-01A-01R-1289-07","TCGA-BP-4756","Primary Tumor","1c5ca894-35e2-40f0-9d1a-38d25f6d6d78","ENSG00000105639.20","JAK3",952,5.8157,2.3399,2.472,"OK"
"TCGA-KIRC","TCGA-B4-5844-01A-11R-1672-07","TCGA-B4-5844","Primary Tumor","eeb25b36-1272-4092-848e-9807eaed9d4e","ENSG00000105639.20","JAK3",440,4.5527,1.201,1.1801,"OK"
"TCGA-KIRC","TCGA-BP-4992-01A-01R-1334-07","TCGA-BP-4992","Primary Tumor","c0ab320a-1952-4875-af3e-9f30dcc2406b","ENSG00000105639.20","JAK3",5615,27.1974,16.3465,24.9163,"OK"
"TCGA-KIRC","TCGA-B2-5636-11A-01R-1541-07","TCGA-B2-5636","Solid Tissue Normal","369d7929-e499-436c-b1cc-231715d11635","ENSG00000105639.20","JAK3",732,4.8913,1.7723,1.93,"OK"
"TCGA-KIRC","TCGA-B8-4153-01B-11R-1672-07","TCGA-B8-4153","Primary Tumor","acf622b2-9d9f-45c4-992d-28165321a955","ENSG00000105639.20","JAK3",965,7.1459,3.1285,3.8074,"OK"
"TCGA-KIRC","TCGA-BP-4355-01A-01R-1289-07","TCGA-BP-4355","Primary Tumor","9fc9bcd9-af84-44b8-bf83-f130d247e9a1","ENSG00000105639.20","JAK3",1664,13.4528,4.5736,4.8729,"OK"
"TCGA-KIRC","TCGA-CJ-5672-11A-01R-1541-07","TCGA-CJ-5672","Solid Tissue Normal","6a2325f0-0fe8-4fab-8af3-ab89e8aa47f0","ENSG00000105639.20","JAK3",358,2.1861,0.7604,0.7955,"OK"
"TCGA-KIRC","TCGA-CZ-5982-11A-01R-1672-07","TCGA-CZ-5982","Solid Tissue Normal","73b5e567-d5a8-4fe7-b60e-fd4654d56fb5","ENSG00000105639.20","JAK3",71,0.394,0.1742,0.2138,"OK"
"TCGA-KIRC","TCGA-B0-4838-01A-01R-1305-07","TCGA-B0-4838","Primary Tumor","4e760e7b-84cb-42ea-9ea9-259abe362af3","ENSG00000105639.20","JAK3",2508,21.2925,7.1794,7.1969,"OK"
"TCGA-KIRC","TCGA-CZ-5457-01A-01R-1503-07","TCGA-CZ-5457","Primary Tumor","e79eb779-6742-452b-87d4-35e67d30de92","ENSG00000105639.20","JAK3",841,5.186,1.6961,1.7802,"OK"
"TCGA-KIRC","TCGA-CZ-5457-11A-01R-1503-07","TCGA-CZ-5457","Solid Tissue Normal","828b7513-8452-4541-8576-8c2f66e79892","ENSG00000105639.20","JAK3",452,2.8837,0.9719,1.0244,"OK"
"TCGA-KIRC","TCGA-CW-5591-01A-01R-1541-07","TCGA-CW-5591","Primary Tumor","19062abb-b733-43e2-a9f2-81bca6d65a1e","ENSG00000105639.20","JAK3",590,6.2044,1.64,1.558,"OK"
"TCGA-KIRC","TCGA-CZ-5988-11A-01R-1672-07","TCGA-CZ-5988","Solid Tissue Normal","73d97d28-fb60-4380-8ba0-34e79da74af2","ENSG00000105639.20","JAK3",120,0.9812,0.4012,0.4474,"OK"
"TCGA-KIRC","TCGA-CZ-5988-01A-11R-1672-07","TCGA-CZ-5988","Primary Tumor","a810deed-122b-4c57-9d6f-8146c5064712","ENSG00000105639.20","JAK3",1067,16.146,4.1861,4.2821,"OK"
"TCGA-KIRC","TCGA-CW-5591-11A-01R-1541-07","TCGA-CW-5591","Solid Tissue Normal","00252d7f-e222-462f-badc-b97e8dce2021","ENSG00000105639.20","JAK3",1986,16.776,4.8475,5.308,"OK"
"TCGA-KIRC","TCGA-BP-5200-01A-01R-1426-07","TCGA-BP-5200","Primary Tumor","c35af344-001b-434d-8756-e410748e8df1","ENSG00000105639.20","JAK3",2658,15.2668,4.7496,4.9914,"OK"
"TCGA-KIRC","TCGA-CJ-6031-01A-11R-1672-07","TCGA-CJ-6031","Primary Tumor","52433ea4-d6cc-4d21-a1af-d62c3e9c5d77","ENSG00000105639.20","JAK3",2292,14.0793,5.3507,6.3366,"OK"
"TCGA-KIRC","TCGA-BP-5187-01A-01R-1426-07","TCGA-BP-5187","Primary Tumor","07857799-d6eb-4a80-83b5-aad368e6cd3c","ENSG00000105639.20","JAK3",1033,14.3241,4.4937,5.3765,"OK"
"TCGA-KIRC","TCGA-B0-5110-01A-01R-1420-07","TCGA-B0-5110","Primary Tumor","a34f90d2-32b4-44e7-a820-07f3d48823ce","ENSG00000105639.20","JAK3",1070,11.1782,2.9874,2.8797,"OK"
"TCGA-KIRC","TCGA-CJ-4889-01A-01R-1305-07","TCGA-CJ-4889","Primary Tumor","dab754d3-54c4-4941-879a-dc107def74d8","ENSG00000105639.20","JAK3",2437,16.2164,6.1734,5.9951,"OK"
"TCGA-KIRC","TCGA-CZ-5987-11A-01R-1672-07","TCGA-CZ-5987","Solid Tissue Normal","f007e19e-984c-4c94-b1d0-e4c298d9faa9","ENSG00000105639.20","JAK3",535,7.5327,2.1325,2.0745,"OK"
"TCGA-KIRC","TCGA-CZ-5987-01A-11R-1672-07","TCGA-CZ-5987","Primary Tumor","e3fc3546-680c-44fa-ac79-918668443800","ENSG00000105639.20","JAK3",2237,25.3212,10.0872,11.0325,"OK"
"TCGA-KIRC","TCGA-AK-3453-01A-02R-1277-07","TCGA-AK-3453","Primary Tumor","fb47d9fc-c3a4-4f1c-b707-4996b5520351","ENSG00000105639.20","JAK3",1854,19.2297,9.5023,11.6931,"OK"
"TCGA-KIRC","TCGA-BP-4330-01A-01R-1289-07","TCGA-BP-4330","Primary Tumor","4d986c3f-bde2-4e66-836d-30b701d0781c","ENSG00000105639.20","JAK3",3709,27.0005,8.5917,8.4132,"OK"
"TCGA-KIRC","TCGA-B0-5119-01A-02R-1420-07","TCGA-B0-5119","Primary Tumor","512aef07-f542-4aa6-b3e6-8f74ae1ce224","ENSG00000105639.20","JAK3",1665,14.8799,4.3314,4.2484,"OK"
"TCGA-KIRC","TCGA-BP-4176-01A-02R-1289-07","TCGA-BP-4176","Primary Tumor","61e85059-9ba2-43ba-9246-4731ace197e4","ENSG00000105639.20","JAK3",1956,15.4785,4.9922,5.373,"OK"
"TCGA-KIRC","TCGA-CW-6087-01A-11R-1672-07","TCGA-CW-6087","Primary Tumor","8e95a2b4-3110-4dd6-b3c9-b3e83c563282","ENSG00000105639.20","JAK3",9691,66.7297,18.6262,18.5623,"OK"
"TCGA-KIRC","TCGA-CW-6087-11A-01R-1672-07","TCGA-CW-6087","Solid Tissue Normal","7c90bf9b-74c9-459c-9cd7-944ea4535a6d","ENSG00000105639.20","JAK3",204,0.9156,0.4182,0.4968,"OK"
"TCGA-KIRC","TCGA-B0-4699-01A-01R-1277-07","TCGA-B0-4699","Primary Tumor","feb6de8d-c44f-44ca-9583-232511ef54fd","ENSG00000105639.20","JAK3",3726,19.5937,5.8788,5.9956,"OK"
"TCGA-KIRC","TCGA-CJ-6032-01A-11R-1672-07","TCGA-CJ-6032","Primary Tumor","37faaa8d-fcc6-4feb-beae-cfe8155b03c2","ENSG00000105639.20","JAK3",568,4.141,1.1987,1.1832,"OK"
"TCGA-KIRC","TCGA-B0-5709-01A-11R-1541-07","TCGA-B0-5709","Primary Tumor","4f836d31-425e-43d4-8052-5e4a1d770efd","ENSG00000105639.20","JAK3",2466,20.6616,5.4774,5.3668,"OK"
"TCGA-KIRC","TCGA-B0-5709-11A-01R-1541-07","TCGA-B0-5709","Solid Tissue Normal","213b2ef0-57cb-4fa3-9d56-2bda451006c9","ENSG00000105639.20","JAK3",398,2.3995,0.8722,0.9229,"OK"
"TCGA-KIRC","TCGA-AK-3445-01A-02R-1277-07","TCGA-AK-3445","Primary Tumor","8ebf5653-96f8-4adc-a251-d8c059d699b0","ENSG00000105639.20","JAK3",3326,34.9725,10.8413,12.0107,"OK"
"TCGA-KIRC","TCGA-BP-4970-01A-01R-1334-07","TCGA-BP-4970","Primary Tumor","ab55b80d-abac-431c-bd6e-e5e1ed46210f","ENSG00000105639.20","JAK3",2647,16.3164,4.4236,4.5455,"OK"
"TCGA-KIRC","TCGA-BP-4963-01A-01R-1334-07","TCGA-BP-4963","Primary Tumor","a89b3ab8-977d-4c4d-8323-ca8d6df792e4","ENSG00000105639.20","JAK3",1885,14.0022,4.6799,4.7617,"OK"
"TCGA-KIRC","TCGA-BP-4770-01A-01R-1503-07","TCGA-BP-4770","Primary Tumor","e8a098f6-ed3e-46a8-ae16-2f130a5fb715","ENSG00000105639.20","JAK3",2256,16.3702,4.5508,5.8983,"OK"
"TCGA-KIRC","TCGA-B0-5117-01A-01R-1420-07","TCGA-B0-5117","Primary Tumor","cdc162f6-6ee3-45bb-a764-88458b87bf7b","ENSG00000105639.20","JAK3",226,1.1122,0.666,1.0176,"OK"
"TCGA-KIRC","TCGA-BP-4987-01A-01R-1334-07","TCGA-BP-4987","Primary Tumor","72595e5d-dab6-4d89-8332-6b0a599e218b","ENSG00000105639.20","JAK3",1992,15.0251,4.5024,4.4178,"OK"
"TCGA-KIRC","TCGA-MW-A4EC-01A-11R-A266-07","TCGA-MW-A4EC","Primary Tumor","4488f655-ed4d-44d1-acad-20d9c530f84d","ENSG00000105639.20","JAK3",1215,11.9661,3.6999,3.6551,"OK"
"TCGA-KIRC","TCGA-B8-4622-11A-01R-1758-07","TCGA-B8-4622","Solid Tissue Normal","d2f080ca-6e8b-4b9c-b64d-376ca8a8beed","ENSG00000105639.20","JAK3",265,2.0013,0.8592,1.002,"OK"
"TCGA-KIRC","TCGA-BP-5008-01A-01R-1334-07","TCGA-BP-5008","Primary Tumor","40b17492-39d1-4ce2-8f91-9e1cba32f42a","ENSG00000105639.20","JAK3",2595,17.5872,5.2004,5.5024,"OK"
"TCGA-KIRC","TCGA-CZ-5467-01A-01R-1503-07","TCGA-CZ-5467","Primary Tumor","063830a5-bb8f-4d58-98d6-c49ea4f1f66d","ENSG00000105639.20","JAK3",1008,8.574,2.3418,2.4199,"OK"
"TCGA-KIRC","TCGA-CZ-5467-11A-01R-1503-07","TCGA-CZ-5467","Solid Tissue Normal","e4240172-1921-44aa-95da-781be3485a1e","ENSG00000105639.20","JAK3",335,2.0582,0.7352,0.84,"OK"
"TCGA-KIRC","TCGA-BP-5202-01A-02R-1426-07","TCGA-BP-5202","Primary Tumor","cd6333d6-6973-4278-8c7d-ad89e71bd508","ENSG00000105639.20","JAK3",1013,6.8965,2.0534,2.0968,"OK"
"TCGA-KIRC","TCGA-B0-4817-01A-01R-1277-07","TCGA-B0-4817","Primary Tumor","f88159e9-78e2-4222-b9f6-2d50c5b3387a","ENSG00000105639.20","JAK3",2915,21.6944,10.3431,14.0837,"OK"
"TCGA-KIRC","TCGA-CJ-4895-01A-01R-1305-07","TCGA-CJ-4895","Primary Tumor","4f8bfa46-5071-4cd4-9626-b91221550dd7","ENSG00000105639.20","JAK3",4032,35.6588,11.6346,12.2781,"OK"
"TCGA-KIRC","TCGA-B0-5710-01A-11R-1672-07","TCGA-B0-5710","Primary Tumor","1a351079-31b5-4080-a03d-62ea7065d7a8","ENSG00000105639.20","JAK3",2372,23.32,6.3583,6.6556,"OK"
"TCGA-KIRC","TCGA-B2-5641-01A-01R-1541-07","TCGA-B2-5641","Primary Tumor","e20633e3-526f-4ac5-9cb0-202a028462b0","ENSG00000105639.20","JAK3",3955,33.5536,9.7318,10.4707,"OK"
"TCGA-KIRC","TCGA-BP-4801-01A-02R-1420-07","TCGA-BP-4801","Primary Tumor","929af903-a778-4a8c-9d04-de3c9d9df5eb","ENSG00000105639.20","JAK3",1186,10.086,3.0003,3.1238,"OK"
"TCGA-KIRC","TCGA-CJ-4912-01A-01R-1426-07","TCGA-CJ-4912","Primary Tumor","4caac446-75ef-4e21-ab99-216a5962f956","ENSG00000105639.20","JAK3",2119,13.8941,6.8984,8.8975,"OK"
"TCGA-KIRC","TCGA-BP-5173-01A-01R-1426-07","TCGA-BP-5173","Primary Tumor","be6fa48c-95e0-4a7f-aa05-362d1b7a5a4a","ENSG00000105639.20","JAK3",994,7.5924,2.3865,2.694,"OK"
"TCGA-KIRC","TCGA-CJ-4887-01A-01R-1305-07","TCGA-CJ-4887","Primary Tumor","4a0d03ae-65be-4168-89c9-0a756f0e47fc","ENSG00000105639.20","JAK3",1831,12.6744,5.0394,5.8945,"OK"
"TCGA-KIRC","TCGA-AK-3426-01A-02R-1325-07","TCGA-AK-3426","Primary Tumor","0c25f495-ae84-45a3-8c7a-5521ddcccf70","ENSG00000105639.20","JAK3",3985,35.6712,17.81,23.3926,"OK"
"TCGA-KIRC","TCGA-BP-5180-01A-01R-1426-07","TCGA-BP-5180","Primary Tumor","b10d2838-f728-467e-8582-369ad21a98a2","ENSG00000105639.20","JAK3",3019,18.2852,6.8624,8.0051,"OK"
"TCGA-KIRC","TCGA-A3-3362-01A-02R-1325-07","TCGA-A3-3362","Primary Tumor","61ffeb1c-0382-40bb-bd32-a071b2b4c39d","ENSG00000105639.20","JAK3",547,6.2395,1.8534,1.8226,"OK"
"TCGA-KIRC","TCGA-B0-5713-01A-11R-1672-07","TCGA-B0-5713","Primary Tumor","6304f098-1ae4-4c6c-93c7-ac5b15b307a7","ENSG00000105639.20","JAK3",1023,8.518,2.5008,2.416,"OK"
"TCGA-KIRC","TCGA-B8-4146-01B-11R-1672-07","TCGA-B8-4146","Primary Tumor","44c858ac-1ce0-491a-aef5-979224aa09f5","ENSG00000105639.20","JAK3",340,3.8806,0.9827,0.987,"OK"
"TCGA-KIRC","TCGA-BP-4977-01A-01R-1334-07","TCGA-BP-4977","Primary Tumor","3bca5269-8bb3-4826-bc22-e7b068853f45","ENSG00000105639.20","JAK3",3720,20.7271,7.3633,8.1936,"OK"
"TCGA-KIRC","TCGA-BP-4981-01A-01R-1334-07","TCGA-BP-4981","Primary Tumor","b65b4ebc-e8b9-4926-8761-56b99fbd9e9a","ENSG00000105639.20","JAK3",4168,22.0971,11.0247,15.9077,"OK"
"TCGA-KIRC","TCGA-CJ-5675-01A-11R-1541-07","TCGA-CJ-5675","Primary Tumor","2faa29c8-49e9-4fda-baea-f73583f3a27f","ENSG00000105639.20","JAK3",2800,23.1592,6.8996,7.1556,"OK"
"TCGA-KIRC","TCGA-B0-4845-01A-01R-1277-07","TCGA-B0-4845","Primary Tumor","633fef2c-c9ce-4b76-ae7b-0dfcc4123a6f","ENSG00000105639.20","JAK3",1655,14.4275,5.1127,5.4531,"OK"
"TCGA-KIRC","TCGA-B2-4101-01A-02R-1277-07","TCGA-B2-4101","Primary Tumor","27023402-b661-4cda-98ef-f9b68b3f8c59","ENSG00000105639.20","JAK3",2119,19.6075,6.1814,6.2888,"OK"
"TCGA-KIRC","TCGA-B4-5377-01A-01R-1503-07","TCGA-B4-5377","Primary Tumor","c0dc2255-258a-463b-bd10-f6ee1771860d","ENSG00000105639.20","JAK3",1394,10.2523,2.6771,2.5693,"OK"
"TCGA-KIRC","TCGA-BP-4961-01A-01R-1334-07","TCGA-BP-4961","Primary Tumor","563b7a76-4875-41e3-a39f-c36f4476c159","ENSG00000105639.20","JAK3",1386,9.7713,2.6066,2.6528,"OK"
"TCGA-KIRC","TCGA-CJ-5677-11A-01R-1541-07","TCGA-CJ-5677","Solid Tissue Normal","5df50268-5981-49b7-8604-1dfe1af21cb9","ENSG00000105639.20","JAK3",505,3.3542,1.2282,1.3128,"OK"
"TCGA-KIRC","TCGA-CJ-5677-01A-11R-1541-07","TCGA-CJ-5677","Primary Tumor","e47ee1c9-13c8-4c78-b1d6-8a6795bebee8","ENSG00000105639.20","JAK3",1457,13.571,4.7219,5.6389,"OK"
"TCGA-KIRC","TCGA-6D-AA2E-01A-11R-A37O-07","TCGA-6D-AA2E","Primary Tumor","44dade70-3ecc-4be0-88a8-772cb763d5bb","ENSG00000105639.20","JAK3",302,2.9356,1.1339,1.202,"OK"
"TCGA-KIRC","TCGA-B8-5163-01A-01R-1420-07","TCGA-B8-5163","Primary Tumor","39c94a70-a68c-405c-bfbf-9675fbb1411a","ENSG00000105639.20","JAK3",4917,32.0708,8.7009,9.9552,"OK"
"TCGA-KIRC","TCGA-B0-5092-01A-01R-1420-07","TCGA-B0-5092","Primary Tumor","db99b502-b286-4b36-a0a5-28b6b413b81a","ENSG00000105639.20","JAK3",3584,29.9275,11.4933,12.9046,"OK"
"TCGA-KIRC","TCGA-CZ-4857-01A-01R-1305-07","TCGA-CZ-4857","Primary Tumor","298544f7-b010-45cc-a518-619b8e04e4fc","ENSG00000105639.20","JAK3",2946,29.2564,9.1801,10.0949,"OK"
"TCGA-KIRC","TCGA-B0-4703-01A-01R-1277-07","TCGA-B0-4703","Primary Tumor","a09990aa-76c9-4041-a2f5-317be4c5ab09","ENSG00000105639.20","JAK3",2931,30.3277,7.6264,8.0844,"OK"
"TCGA-KIRC","TCGA-BP-4974-01A-01R-1334-07","TCGA-BP-4974","Primary Tumor","4ab781c9-0569-4b74-b233-a8d898392f66","ENSG00000105639.20","JAK3",3078,18.8727,5.3237,5.4391,"OK"
"TCGA-KIRC","TCGA-BP-5001-01A-01R-1334-07","TCGA-BP-5001","Primary Tumor","03c6d5d2-1a33-4ae7-9421-f43b14fc97bd","ENSG00000105639.20","JAK3",1350,7.6138,3.6786,4.8225,"OK"
"TCGA-KIRC","TCGA-AK-3458-01A-01R-1503-07","TCGA-AK-3458","Primary Tumor","4bc67f13-2c7c-4be8-8bfe-1c2fffecf694","ENSG00000105639.20","JAK3",687,6.7995,2.4574,3.0926,"OK"
"TCGA-KIRC","TCGA-B0-4846-01A-01R-1277-07","TCGA-B0-4846","Primary Tumor","396123b0-8914-42db-a9f3-4fdf987c5faf","ENSG00000105639.20","JAK3",1308,11.8909,3.3395,3.3014,"OK"
"TCGA-KIRC","TCGA-BP-4161-01A-02R-1325-07","TCGA-BP-4161","Primary Tumor","e1beebe9-dc24-4f9d-a89f-87001fcf25c7","ENSG00000105639.20","JAK3",2035,16.344,5.2516,5.1959,"OK"
"TCGA-KIRC","TCGA-BP-4964-01A-01R-1334-07","TCGA-BP-4964","Primary Tumor","00174492-1adc-4310-8147-a622befbb466","ENSG00000105639.20","JAK3",3696,20.8923,7.365,8.3554,"OK"
"TCGA-KIRC","TCGA-BP-4769-01A-01R-1289-07","TCGA-BP-4769","Primary Tumor","c69d9c36-61e3-4985-b17b-b64bd7ed3821","ENSG00000105639.20","JAK3",861,9.4274,2.4115,2.3864,"OK"
"TCGA-KIRC","TCGA-BP-4797-01A-01R-1305-07","TCGA-BP-4797","Primary Tumor","1164d793-7d50-42c9-9b8c-74affd93964d","ENSG00000105639.20","JAK3",1533,9.0258,3.1121,3.4922,"OK"
"TCGA-KIRC","TCGA-T7-A92I-01A-11R-A37O-07","TCGA-T7-A92I","Primary Tumor","1263f317-119b-428c-96b1-c187e54bb275","ENSG00000105639.20","JAK3",359,2.9039,0.8107,0.7838,"OK"
"TCGA-KIRC","TCGA-B0-4693-01A-01R-1277-07","TCGA-B0-4693","Primary Tumor","afb1e9c1-aa37-40d4-a2b0-5996c023d30b","ENSG00000105639.20","JAK3",1749,17.9485,5.8036,5.7481,"OK"
"TCGA-KIRC","TCGA-B8-4143-01A-01R-1188-07","TCGA-B8-4143","Primary Tumor","fa927427-fa20-44d0-b574-81d99277be8a","ENSG00000105639.20","JAK3",4742,47.0592,15.6402,16.2981,"OK"
"TCGA-KIRC","TCGA-B0-5697-01A-11R-1541-07","TCGA-B0-5697","Primary Tumor","98ca487a-a503-459a-8665-11a3caf8bce5","ENSG00000105639.20","JAK3",2339,16.2404,5.0778,5.3346,"OK"
"TCGA-KIRC","TCGA-B0-5697-11A-01R-1541-07","TCGA-B0-5697","Solid Tissue Normal","05aedbb7-c56c-4756-b8e8-302afaedcb4c","ENSG00000105639.20","JAK3",114,0.9158,0.3695,0.4004,"OK"
"TCGA-KIRC","TCGA-CJ-4876-01A-01R-1305-07","TCGA-CJ-4876","Primary Tumor","08e51a10-bb34-448d-bc76-c02834852933","ENSG00000105639.20","JAK3",1164,9.6554,3.3541,3.4956,"OK"
"TCGA-KIRC","TCGA-BP-4763-01A-01R-1289-07","TCGA-BP-4763","Primary Tumor","578db3bb-5ca7-413d-a38b-79876d4b98ac","ENSG00000105639.20","JAK3",1292,11.9905,3.5199,3.743,"OK"
"TCGA-KIRC","TCGA-BP-4971-01A-01R-1334-07","TCGA-BP-4971","Primary Tumor","6b95e135-1a51-4d0c-bd2c-ab55273a3eb7","ENSG00000105639.20","JAK3",5681,27.1773,11.9388,14.8115,"OK"
"TCGA-KIRC","TCGA-AS-3777-01A-01R-0864-07","TCGA-AS-3777","Primary Tumor","d9979174-ee0c-42bb-b928-a4f642845db7","ENSG00000105639.20","JAK3",208,0.9023,0.4386,0.7776,"OK"
"TCGA-KIRC","TCGA-B0-4833-01A-01R-1305-07","TCGA-B0-4833","Primary Tumor","fa7f749b-6c8e-4052-8196-fd91d52e67f1","ENSG00000105639.20","JAK3",1437,13.8207,5.9739,6.7299,"OK"
"TCGA-KIRC","TCGA-A3-3323-01A-02R-1325-07","TCGA-A3-3323","Primary Tumor","8ebdb262-631c-4ac0-af24-16dca92d8c45","ENSG00000105639.20","JAK3",2057,23.7429,6.9898,7.1567,"OK"
"TCGA-KIRC","TCGA-B8-5158-01A-01R-1420-07","TCGA-B8-5158","Primary Tumor","88aade97-0051-480d-be54-bce61b4e5b91","ENSG00000105639.20","JAK3",2406,17.989,5.0632,5.5731,"OK"
"TCGA-KIRC","TCGA-BP-4167-01A-02R-1325-07","TCGA-BP-4167","Primary Tumor","d19fa0dd-5832-46a8-a7a0-142075684a55","ENSG00000105639.20","JAK3",2334,16.0037,7.4162,9.6908,"OK"
"TCGA-KIRC","TCGA-BP-4163-01A-02R-1325-07","TCGA-BP-4163","Primary Tumor","99b8979a-d55a-4c42-9df1-58c9a3f70a92","ENSG00000105639.20","JAK3",1066,13.2309,3.9234,4.101,"OK"
"TCGA-KIRC","TCGA-B0-5106-01A-01R-1420-07","TCGA-B0-5106","Primary Tumor","f4fbf55a-1a2a-458e-9223-921e2dc9352e","ENSG00000105639.20","JAK3",3610,29.7555,10.1511,11.0916,"OK"
"TCGA-KIRC","TCGA-BP-4332-01A-01R-1289-07","TCGA-BP-4332","Primary Tumor","a059cc98-e8d4-4428-b326-ac59b5445f67","ENSG00000105639.20","JAK3",2179,18.5456,5.749,5.6577,"OK"
"TCGA-KIRC","TCGA-B0-5084-01A-01R-1334-07","TCGA-B0-5084","Primary Tumor","8398a735-962c-4b4c-87b6-cf1e0a07ce91","ENSG00000105639.20","JAK3",2822,16.3192,6.4859,7.8582,"OK"
"TCGA-KIRC","TCGA-CZ-5452-11A-01R-1503-07","TCGA-CZ-5452","Solid Tissue Normal","01851b83-f8c4-4108-99c9-248fe29e39e9","ENSG00000105639.20","JAK3",160,1.3319,0.3884,0.3806,"OK"
"TCGA-KIRC","TCGA-CZ-5452-01A-01R-1503-07","TCGA-CZ-5452","Primary Tumor","b2c3a163-384f-4246-880f-ae2caebf0d17","ENSG00000105639.20","JAK3",2030,14.9681,5.1942,5.6304,"OK"
"TCGA-KIRC","TCGA-B8-A54G-01A-11R-A266-07","TCGA-B8-A54G","Primary Tumor","c1873d0a-2c67-44c7-97ba-9a10cd7ed962","ENSG00000105639.20","JAK3",1696,19.7289,5.9941,5.9087,"OK"
"TCGA-KIRC","TCGA-B2-5636-01A-02R-1541-07","TCGA-B2-5636","Primary Tumor","27918218-c6a5-4f1d-b25c-bdf08d4146bd","ENSG00000105639.20","JAK3",1287,16.1487,3.6353,3.4149,"OK"
"TCGA-KIRC","TCGA-CW-5590-01A-01R-1541-07","TCGA-CW-5590","Primary Tumor","6f5c8394-3144-428a-a38d-eb39be4379b5","ENSG00000105639.20","JAK3",1181,9.1215,2.8452,3.0895,"OK"
"TCGA-KIRC","TCGA-A3-3351-01A-02R-1325-07","TCGA-A3-3351","Primary Tumor","9f112190-6fc5-456b-a1f6-d7440529a66b","ENSG00000105639.20","JAK3",3269,39.9493,10.4614,9.9566,"OK"
"TCGA-KIRC","TCGA-CJ-5672-01A-11R-1541-07","TCGA-CJ-5672","Primary Tumor","0666c919-fe81-415e-84ea-c782234e3aa0","ENSG00000105639.20","JAK3",1462,14.7186,5.5969,6.1792,"OK"
"TCGA-KIRC","TCGA-BP-4790-01A-01R-1305-07","TCGA-BP-4790","Primary Tumor","84541c24-ecb8-47a6-9e6f-45a6fe854d93","ENSG00000105639.20","JAK3",1996,22.1652,6.2716,6.0878,"OK"
"TCGA-KIRC","TCGA-A3-A8OU-01A-11R-A37O-07","TCGA-A3-A8OU","Primary Tumor","56c82934-f740-406c-afad-f9d8bd17aff3","ENSG00000105639.20","JAK3",1194,11.7917,3.5307,3.5273,"OK"
"TCGA-KIRC","TCGA-BP-4349-01A-01R-1289-07","TCGA-BP-4349","Primary Tumor","c35bcaa8-f2f8-4c08-af74-910f73e5bc94","ENSG00000105639.20","JAK3",1313,8.8764,3.2109,3.486,"OK"
"TCGA-KIRC","TCGA-B0-5104-01A-01R-1420-07","TCGA-B0-5104","Primary Tumor","f98a1953-c008-4ab9-a17e-be80b5fd43fe","ENSG00000105639.20","JAK3",1084,6.6826,2.369,2.5232,"OK"
"TCGA-KIRC","TCGA-B2-A4SR-01A-11R-A266-07","TCGA-B2-A4SR","Primary Tumor","fa994287-faa4-483c-8225-1d45a1d0d522","ENSG00000105639.20","JAK3",1236,13.4928,3.6174,3.3805,"OK"
"TCGA-KIRC","TCGA-B0-5399-01A-01R-1503-07","TCGA-B0-5399","Primary Tumor","6a1c052c-21bb-4688-96db-3d605b0fa93a","ENSG00000105639.20","JAK3",1941,16.3009,4.9815,5.0838,"OK"
"TCGA-KIRC","TCGA-B8-4622-01A-02R-1277-07","TCGA-B8-4622","Primary Tumor","34fd315d-cfd8-4d85-8114-22311d55a1fc","ENSG00000105639.20","JAK3",1352,12.1846,4.0251,4.1856,"OK"
"TCGA-KIRC","TCGA-BP-4776-01A-01R-1289-07","TCGA-BP-4776","Primary Tumor","ee6d69a8-5bb0-4271-b349-3bcad539b275","ENSG00000105639.20","JAK3",1146,10.6332,4.8701,5.8376,"OK"
"TCGA-KIRC","TCGA-BP-4798-01A-01R-1305-07","TCGA-BP-4798","Primary Tumor","6b920c35-ec0c-4772-9163-a22f4cb27c9f","ENSG00000105639.20","JAK3",7431,49.6922,19.4469,21.2113,"OK"
"TCGA-KIRC","TCGA-B2-5641-11A-01R-1541-07","TCGA-B2-5641","Solid Tissue Normal","8c2d01a0-7df8-465a-9739-b25d96f98ddd","ENSG00000105639.20","JAK3",271,2.6125,0.8342,0.8185,"OK"
"TCGA-KIRC","TCGA-AK-3425-01A-02R-1277-07","TCGA-AK-3425","Primary Tumor","8bec131b-088c-41f6-95d1-3eece690b53f","ENSG00000105639.20","JAK3",1458,13.5045,4.63,5.3274,"OK"
"TCGA-KIRC","TCGA-BP-4334-01A-01R-1289-07","TCGA-BP-4334","Primary Tumor","1b242926-e8c1-4f9b-88fa-40211585207e","ENSG00000105639.20","JAK3",181,1.2368,0.7508,1.1567,"OK"
"TCGA-KIRC","TCGA-B0-5695-01A-11R-1541-07","TCGA-B0-5695","Primary Tumor","a3cac4bf-4b70-4fc8-b0a5-8bda5b6d405c","ENSG00000105639.20","JAK3",532,4.0637,1.1482,1.2009,"OK"
"TCGA-KIRC","TCGA-CJ-6027-01A-11R-1672-07","TCGA-CJ-6027","Primary Tumor","46b3a547-c7a4-4499-9a77-29eb56f0a570","ENSG00000105639.20","JAK3",5666,37.2422,14.0986,15.4924,"OK"
"TCGA-KIRC","TCGA-CJ-4869-01A-02R-1426-07","TCGA-CJ-4869","Primary Tumor","2e5ca57e-8530-43b5-806f-8915d421552f","ENSG00000105639.20","JAK3",2707,16.0819,5.9061,6.898,"OK"
"TCGA-KIRC","TCGA-BP-5189-01A-02R-1426-07","TCGA-BP-5189","Primary Tumor","36513c94-fb14-4008-838a-13d23d609382","ENSG00000105639.20","JAK3",4021,22.2592,6.3131,6.9016,"OK"
"TCGA-KIRC","TCGA-BP-4760-01A-02R-1420-07","TCGA-BP-4760","Primary Tumor","9651c36d-8d1e-411a-9d5a-42550b73b426","ENSG00000105639.20","JAK3",1191,11.9651,3.0578,3.111,"OK"
"TCGA-KIRC","TCGA-BP-5201-01A-01R-1426-07","TCGA-BP-5201","Primary Tumor","902fddff-c332-4871-bf4e-c9fa0445f2a2","ENSG00000105639.20","JAK3",3221,19.3039,7.4249,9.0386,"OK"
"TCGA-KIRC","TCGA-DV-5568-01A-01R-1541-07","TCGA-DV-5568","Primary Tumor","89bb336a-c128-4492-9109-e657f8f2011b","ENSG00000105639.20","JAK3",1068,8.4108,2.8726,3.4339,"OK"
"TCGA-KIRC","TCGA-BP-4159-01A-02R-1289-07","TCGA-BP-4159","Primary Tumor","16574f32-3388-42a3-a5ca-9248e75fd522","ENSG00000105639.20","JAK3",527,3.5962,1.732,2.2786,"OK"
"TCGA-KIRC","TCGA-CJ-4636-01A-02R-1325-07","TCGA-CJ-4636","Primary Tumor","617f7aad-7b59-4e20-8e1c-fa324cc1bef4","ENSG00000105639.20","JAK3",1448,12.0577,4.9178,5.5196,"OK"
"TCGA-KIRC","TCGA-B8-A54K-01A-11R-A33J-07","TCGA-B8-A54K","Primary Tumor","d1cd1a00-c44a-4581-ad07-e234303a65b9","ENSG00000105639.20","JAK3",1432,16.2127,4.4591,4.4746,"OK"
"TCGA-KIRC","TCGA-B2-4098-01A-02R-1325-07","TCGA-B2-4098","Primary Tumor","432ac91a-657b-4630-a5c8-0499aed1b13c","ENSG00000105639.20","JAK3",1470,11.8727,5.5936,6.8316,"OK"
"TCGA-KIRC","TCGA-BP-4771-01A-01R-1289-07","TCGA-BP-4771","Primary Tumor","ed4e33b6-e610-40f6-a9cb-68d27b24b7ea","ENSG00000105639.20","JAK3",8097,49.4532,19.6502,21.2325,"OK"
"TCGA-KIRC","TCGA-BP-5199-01A-01R-1426-07","TCGA-BP-5199","Primary Tumor","d014104d-47ca-441c-9756-66672008cb14","ENSG00000105639.20","JAK3",4633,33.9397,10.2377,10.9511,"OK"
"TCGA-KIRC","TCGA-B0-5691-01A-11R-1541-07","TCGA-B0-5691","Primary Tumor","b43e8a88-6ed9-4a7a-ade7-91f340ad5465","ENSG00000105639.20","JAK3",853,13.5959,3.4591,3.2384,"OK"
"TCGA-KIRC","TCGA-A3-3307-01A-01R-0864-07","TCGA-A3-3307","Primary Tumor","b605224a-cf9c-4092-beb4-5ed43c1179de","ENSG00000105639.20","JAK3",660,8.1088,2.3027,2.1719,"OK"
"TCGA-KIRC","TCGA-B0-5694-01A-11R-1541-07","TCGA-B0-5694","Primary Tumor","24f33eec-e332-4d33-a628-a366f2a18d52","ENSG00000105639.20","JAK3",1132,10.6302,4.2049,4.7976,"OK"
"TCGA-KIRC","TCGA-CZ-4854-01A-01R-1305-07","TCGA-CZ-4854","Primary Tumor","32d5318e-4553-4f8d-81bb-82f59885fc60","ENSG00000105639.20","JAK3",3967,25.9496,9.3271,10.2975,"OK"
"TCGA-KIRC","TCGA-DV-5566-01A-01R-1541-07","TCGA-DV-5566","Primary Tumor","adb0fc04-0e35-4637-b3e2-6d9299b97069","ENSG00000105639.20","JAK3",496,5.5873,1.8023,1.8527,"OK"
"TCGA-KIRC","TCGA-B2-5635-01B-04R-A277-07","TCGA-B2-5635","Primary Tumor","2afa2c24-7bbf-4855-acb8-feaa22dc4c33","ENSG00000105639.20","JAK3",1547,27.3405,9.0594,8.1618,"OK"
"TCGA-KIRC","TCGA-B8-A8YJ-01A-13R-A39I-07","TCGA-B8-A8YJ","Primary Tumor","8cd89112-70a7-4f63-9b41-e3379589cb5e","ENSG00000105639.20","JAK3",2302,27.7439,7.6374,7.8733,"OK"
"TCGA-KIRC","TCGA-B0-5703-01A-11R-1541-07","TCGA-B0-5703","Primary Tumor","cc8c7c7e-a682-43ca-af76-08b49bf3512a","ENSG00000105639.20","JAK3",1197,9.3813,3.8614,4.3064,"OK"
"TCGA-KIRC","TCGA-BP-4989-01A-01R-1334-07","TCGA-BP-4989","Primary Tumor","c4143095-ebf5-4ce2-91fe-6aea9cc62cc7","ENSG00000105639.20","JAK3",5199,24.8093,11.2049,13.2678,"OK"
"TCGA-KIRC","TCGA-BP-4972-01A-01R-1334-07","TCGA-BP-4972","Primary Tumor","e6a09aba-4d6e-4079-9b34-0e9caf705885","ENSG00000105639.20","JAK3",1871,9.5647,2.941,3.1414,"OK"
"TCGA-KIRC","TCGA-B0-4700-11A-01R-1541-07","TCGA-B0-4700","Solid Tissue Normal","6ec7b719-0f95-4108-8e26-a7049e29d495","ENSG00000105639.20","JAK3",295,1.7803,0.912,1.158,"OK"
"TCGA-KIRC","TCGA-CJ-4908-01A-01R-1426-07","TCGA-CJ-4908","Primary Tumor","626f256f-7057-47c3-8775-cda761910b1f","ENSG00000105639.20","JAK3",2156,15.9119,4.6206,4.7406,"OK"
"TCGA-KIRC","TCGA-BP-5184-01A-01R-1426-07","TCGA-BP-5184","Primary Tumor","6838acd3-3b0b-4ba4-b9da-1d0ffe9c5640","ENSG00000105639.20","JAK3",562,5.8584,1.8027,1.8685,"OK"
"TCGA-KIRC","TCGA-CZ-5463-11A-01R-1503-07","TCGA-CZ-5463","Solid Tissue Normal","ba6dfcd5-be76-481f-9e8e-19421cf23695","ENSG00000105639.20","JAK3",273,1.7389,0.546,0.5569,"OK"
"TCGA-KIRC","TCGA-B2-4102-01A-02R-1325-07","TCGA-B2-4102","Primary Tumor","a33333fb-31f7-4874-aefd-a004be0d943e","ENSG00000105639.20","JAK3",1833,17.0027,4.8726,4.6345,"OK"
"TCGA-KIRC","TCGA-BP-5185-01A-01R-1426-07","TCGA-BP-5185","Primary Tumor","5eb4cdf7-10ee-4e24-801c-7297b5b3ebd7","ENSG00000105639.20","JAK3",2638,13.9786,9.8954,18.7022,"OK"
"TCGA-KIRC","TCGA-A3-3316-01A-01R-0864-07","TCGA-A3-3316","Primary Tumor","51a84b87-eddd-40a9-ad8a-46f3682b9318","ENSG00000105639.20","JAK3",935,11.7685,4.0562,4.4574,"OK"
"TCGA-KIRC","TCGA-B0-5690-11A-01R-1541-07","TCGA-B0-5690","Solid Tissue Normal","58eee6a5-aaae-486e-b4ec-ba191af5fcb5","ENSG00000105639.20","JAK3",149,0.8919,0.3401,0.3674,"OK"
"TCGA-KIRC","TCGA-B8-A54I-01A-21R-A33J-07","TCGA-B8-A54I","Primary Tumor","eb921878-4c02-4b11-9c4d-84df7926ef70","ENSG00000105639.20","JAK3",2664,14.4977,9.4509,12.0009,"OK"
"TCGA-KIRC","TCGA-B8-A7U6-01A-12R-A37O-07","TCGA-B8-A7U6","Primary Tumor","7a3b5b7d-67cc-4048-9bd9-9db08bad1601","ENSG00000105639.20","JAK3",824,11.5268,3.2276,3.2695,"OK"
"TCGA-KIRC","TCGA-MM-A563-01A-11R-A266-07","TCGA-MM-A563","Primary Tumor","2f9b9698-edc6-4049-809c-9733f05f5c2b","ENSG00000105639.20","JAK3",2648,27.8775,9.8917,9.872,"OK"
"TCGA-KIRC","TCGA-B4-5843-01A-11R-1672-07","TCGA-B4-5843","Primary Tumor","c2c34b18-7f7a-47ac-9f42-b7700562d006","ENSG00000105639.20","JAK3",947,10.353,2.9059,2.7554,"OK"
"TCGA-KIRC","TCGA-CZ-4859-01A-02R-1426-07","TCGA-CZ-4859","Primary Tumor","5576ae8b-e6e9-496d-854a-8c696bd965c9","ENSG00000105639.20","JAK3",312,2.139,0.6001,0.5894,"OK"
"TCGA-KIRC","TCGA-B0-4945-01A-01R-1420-07","TCGA-B0-4945","Primary Tumor","f4e99961-1168-46bd-86cb-4c6662f5b8da","ENSG00000105639.20","JAK3",1089,11.0989,3.5157,3.4639,"OK"
"TCGA-KIRC","TCGA-A3-3308-01A-02R-1325-07","TCGA-A3-3308","Primary Tumor","7b34b9d4-8526-4738-87b4-f9435a1c7ae1","ENSG00000105639.20","JAK3",1042,11.785,3.3058,3.3795,"OK"
"TCGA-KIRC","TCGA-AK-3460-01A-02R-1277-07","TCGA-AK-3460","Primary Tumor","07868319-1d09-49ca-b198-5677d151d36d","ENSG00000105639.20","JAK3",480,5.5231,1.9772,2.1677,"OK"
"TCGA-KIRC","TCGA-B0-4828-01A-01R-1277-07","TCGA-B0-4828","Primary Tumor","2d6dd901-d11e-459e-ba2e-8a587e72633e","ENSG00000105639.20","JAK3",1415,12.9949,5.2639,5.9838,"OK"
"TCGA-KIRC","TCGA-CZ-5460-01A-01R-1503-07","TCGA-CZ-5460","Primary Tumor","3545f947-1a52-4e14-a98d-e400a6cb5e60","ENSG00000105639.20","JAK3",1189,7.0044,2.7541,3.0386,"OK"
"TCGA-KIRC","TCGA-CJ-4881-01A-01R-1305-07","TCGA-CJ-4881","Primary Tumor","c04d9806-d86b-4afd-9481-89037aa621d1","ENSG00000105639.20","JAK3",2816,22.4104,8.0536,9.1073,"OK"
"TCGA-KIRC","TCGA-B0-4824-01A-01R-1277-07","TCGA-B0-4824","Primary Tumor","44f16ded-c9e7-422c-a03c-1ec124acd76c","ENSG00000105639.20","JAK3",2291,24.5459,8.2958,8.3395,"OK"
"TCGA-KIRC","TCGA-BP-4777-01A-01R-1289-07","TCGA-BP-4777","Primary Tumor","742932b6-cf2c-4750-9a0c-145ec93d1da0","ENSG00000105639.20","JAK3",2396,14.9974,5.9787,6.6265,"OK"
"TCGA-KIRC","TCGA-AK-3465-01A-02R-1325-07","TCGA-AK-3465","Primary Tumor","6a408551-3028-49cd-b896-6bfcb1abde4b","ENSG00000105639.20","JAK3",270,1.341,0.6433,0.8274,"OK"
"TCGA-KIRC","TCGA-CJ-6028-01A-11R-1672-07","TCGA-CJ-6028","Primary Tumor","cdcfd140-d0a5-4c55-ba0c-64af335a1ff6","ENSG00000105639.20","JAK3",2428,22.6738,7.8104,8.1391,"OK"
"TCGA-KIRC","TCGA-A3-3322-01A-02R-1325-07","TCGA-A3-3322","Primary Tumor","af5c089d-33a6-49a3-bc6e-bd5e2db921d8","ENSG00000105639.20","JAK3",1199,11.1194,3.9577,4.1195,"OK"
"TCGA-KIRC","TCGA-B8-4620-11A-01R-1758-07","TCGA-B8-4620","Solid Tissue Normal","8fe484cf-e146-4b6f-a852-b2510c7eac4b","ENSG00000105639.20","JAK3",493,5.2847,2.0426,2.1557,"OK"
"TCGA-KIRC","TCGA-B8-4620-01A-02R-1325-07","TCGA-B8-4620","Primary Tumor","a3c824d5-5d92-453e-820b-bf879fa38e59","ENSG00000105639.20","JAK3",3596,25.735,9.3878,10.8381,"OK"
"TCGA-KIRC","TCGA-B0-4844-01A-01R-1277-07","TCGA-B0-4844","Primary Tumor","05becc45-68e1-4706-a225-3a805bd7ba56","ENSG00000105639.20","JAK3",3459,33.5276,11.7934,14.329,"OK"
"TCGA-KIRC","TCGA-B0-4816-01A-01R-1503-07","TCGA-B0-4816","Primary Tumor","2c1dfe31-3404-4bd8-b003-f3f649e21ecb","ENSG00000105639.20","JAK3",2069,13.3501,4.3148,4.5741,"OK"
"TCGA-KIRC","TCGA-B0-5080-01A-01R-1503-07","TCGA-B0-5080","Primary Tumor","d98b9775-6abc-48fa-a229-39442a7291d7","ENSG00000105639.20","JAK3",2058,17.5912,5.4599,5.8902,"OK"
"TCGA-KIRC","TCGA-B0-4827-01A-02R-1420-07","TCGA-B0-4827","Primary Tumor","6ebb7461-432b-4ca5-b709-54ea97a634cc","ENSG00000105639.20","JAK3",4098,26.2033,8.824,9.8996,"OK"
"TCGA-KIRC","TCGA-G6-A8L7-01A-11R-A37O-07","TCGA-G6-A8L7","Primary Tumor","b0b5583a-d348-4a65-bea4-d4046eac0f76","ENSG00000105639.20","JAK3",2156,23.6328,11.9093,16.4005,"OK"
"TCGA-KIRC","TCGA-CJ-4901-01A-01R-1426-07","TCGA-CJ-4901","Primary Tumor","baec403c-9fb4-4b2e-898b-ef8399d0157e","ENSG00000105639.20","JAK3",5698,33.9303,14.8204,18.0293,"OK"
"TCGA-KIRC","TCGA-BP-4162-01A-02R-1325-07","TCGA-BP-4162","Primary Tumor","7ef1199e-aedb-4470-81a1-70d93655154b","ENSG00000105639.20","JAK3",1147,12.4565,3.6917,3.6971,"OK"
"TCGA-KIRC","TCGA-A3-3324-01A-02R-1325-07","TCGA-A3-3324","Primary Tumor","5226aa23-2d1c-4b1a-b967-e473b0ea042a","ENSG00000105639.20","JAK3",2150,14.3156,5.1475,5.3617,"OK"
"TCGA-KIRC","TCGA-A3-A6NN-01A-12R-A33J-07","TCGA-A3-A6NN","Primary Tumor","d2e585d1-2b92-44f3-b2f4-1351e7c529ac","ENSG00000105639.20","JAK3",1517,15.2812,4.2969,4.1656,"OK"
"TCGA-KIRC","TCGA-B0-5707-01A-11R-1541-07","TCGA-B0-5707","Primary Tumor","b3ec1f99-73cb-4414-b6b2-c075dc3b5589","ENSG00000105639.20","JAK3",787,8.0127,2.574,2.7493,"OK"
"TCGA-KIRC","TCGA-CJ-4885-01A-01R-1305-07","TCGA-CJ-4885","Primary Tumor","4fc55db0-591e-4931-91c3-75d515504117","ENSG00000105639.20","JAK3",992,7.0424,2.379,2.5668,"OK"
"TCGA-KIRC","TCGA-A3-3349-01A-01R-1188-07","TCGA-A3-3349","Primary Tumor","3fcab96a-b477-48f8-8acd-5c8b76e0c952","ENSG00000105639.20","JAK3",1579,18.2202,4.7986,4.5753,"OK"
"TCGA-KIRC","TCGA-B8-5551-01A-01R-1541-07","TCGA-B8-5551","Primary Tumor","71b8a9c9-4822-4b40-be0b-0c06b485975a","ENSG00000105639.20","JAK3",4053,33.8568,12.2843,13.0764,"OK"
"TCGA-KIRC","TCGA-B0-4843-01A-01R-1277-07","TCGA-B0-4843","Primary Tumor","90dddb30-1084-4127-b1fe-42ccbece28d5","ENSG00000105639.20","JAK3",1923,14.8414,6.8755,8.9301,"OK"
"TCGA-KIRC","TCGA-B0-4696-01A-01R-1277-07","TCGA-B0-4696","Primary Tumor","86fef024-a657-476b-89c5-adb5477597ea","ENSG00000105639.20","JAK3",470,6.6375,1.6814,1.8257,"OK"
"TCGA-KIRC","TCGA-AK-3444-01A-02R-1325-07","TCGA-AK-3444","Primary Tumor","2b0106c5-7e32-423b-957f-06c9f2e7751b","ENSG00000105639.20","JAK3",907,3.0526,0.9704,1.0283,"OK"
"TCGA-KIRC","TCGA-AK-3461-01A-02R-1277-07","TCGA-AK-3461","Primary Tumor","1bce44b6-268e-4858-8b49-747045752331","ENSG00000105639.20","JAK3",1268,15.6253,4.4138,4.4236,"OK"
"TCGA-KIRC","TCGA-CJ-5676-01A-11R-1541-07","TCGA-CJ-5676","Primary Tumor","9bb09a78-1bcb-43af-8cd9-d0adee31d5d4","ENSG00000105639.20","JAK3",2155,16.6638,6.9843,8.837,"OK"
"TCGA-KIRC","TCGA-B0-5706-11A-01R-1541-07","TCGA-B0-5706","Solid Tissue Normal","6054b034-7dfc-4bb6-973f-ab26ff94c578","ENSG00000105639.20","JAK3",163,1.2186,0.4858,0.5294,"OK"
"TCGA-KIRC","TCGA-CJ-4868-01A-01R-1305-07","TCGA-CJ-4868","Primary Tumor","a5f24f1a-a847-41da-a4ad-9f55b12ce08e","ENSG00000105639.20","JAK3",2225,23.8485,7.237,7.8907,"OK"
"TCGA-KIRC","TCGA-A3-3326-01A-01R-0864-07","TCGA-A3-3326","Primary Tumor","5e794eb4-35eb-4932-9cae-8130fd8b5804","ENSG00000105639.20","JAK3",805,16.0044,5.3239,5.2234,"OK"
"TCGA-KIRC","TCGA-CJ-5679-11A-01R-1541-07","TCGA-CJ-5679","Solid Tissue Normal","24f43a2c-0df0-464c-a4ef-80be1aa203df","ENSG00000105639.20","JAK3",684,4.9182,1.5962,1.5739,"OK"
"TCGA-KIRC","TCGA-B0-5113-01A-01R-1420-07","TCGA-B0-5113","Primary Tumor","ff07dd5a-7b2d-47ed-8a6b-400b3c5c8db4","ENSG00000105639.20","JAK3",2025,17.2307,4.8097,4.8781,"OK"
"TCGA-KIRC","TCGA-CJ-5679-01A-11R-1541-07","TCGA-CJ-5679","Primary Tumor","c909d244-ad90-42b8-8cb9-b12a878bdbfa","ENSG00000105639.20","JAK3",2047,15.6755,6.5625,8.4457,"OK"
"TCGA-KIRC","TCGA-B0-5115-01A-01R-1420-07","TCGA-B0-5115","Primary Tumor","8d2de4ab-6e9a-40e6-b9ec-8c3c78e7f19c","ENSG00000105639.20","JAK3",891,7.8539,2.2391,2.266,"OK"
"TCGA-KIRC","TCGA-BP-4787-01A-01R-1305-07","TCGA-BP-4787","Primary Tumor","68aef922-b430-4183-baf0-fd980deaeaa0","ENSG00000105639.20","JAK3",2258,20.0194,6.3723,7.4766,"OK"
"TCGA-KIRC","TCGA-CW-5589-01A-01R-1541-07","TCGA-CW-5589","Primary Tumor","aa2b77af-1803-4f20-8a29-5fa8c40c319a","ENSG00000105639.20","JAK3",1039,9.7444,2.7562,2.7876,"OK"
"TCGA-KIRC","TCGA-B4-5838-01A-11R-1672-07","TCGA-B4-5838","Primary Tumor","5013520a-e7b1-4171-865c-f5a624741432","ENSG00000105639.20","JAK3",510,5.6405,1.5216,1.5862,"OK"
"TCGA-KIRC","TCGA-B0-5700-01A-11R-1541-07","TCGA-B0-5700","Primary Tumor","378d47c4-4eda-40d5-ae71-6601a9e63191","ENSG00000105639.20","JAK3",862,8.8484,3.0509,3.4775,"OK"
"TCGA-KIRC","TCGA-A3-A6NL-01A-11R-A33J-07","TCGA-A3-A6NL","Primary Tumor","5cbfa01a-86a9-467e-9efa-7ae47bce3587","ENSG00000105639.20","JAK3",1202,14.6465,3.8427,3.762,"OK"
"TCGA-KIRC","TCGA-B8-5550-01A-01R-1541-07","TCGA-B8-5550","Primary Tumor","0897b313-4bb5-4b3c-8146-6b90b58b904c","ENSG00000105639.20","JAK3",772,9.8619,2.667,2.8181,"OK"
"TCGA-KIRC","TCGA-CZ-5455-01A-01R-1503-07","TCGA-CZ-5455","Primary Tumor","ab53ebb6-2f7e-42ed-a46a-b2a541472fe7","ENSG00000105639.20","JAK3",2780,17.6622,4.6966,4.6515,"OK"
"TCGA-KIRC","TCGA-CJ-4870-01A-01R-1305-07","TCGA-CJ-4870","Primary Tumor","5eae461a-399f-4f2b-ab9a-e92aba32ce14","ENSG00000105639.20","JAK3",278,2.3216,0.8028,0.9194,"OK"
"TCGA-KIRC","TCGA-BP-4345-01A-01R-1289-07","TCGA-BP-4345","Primary Tumor","714163fc-e8ac-44f4-9ea6-5ce42e628290","ENSG00000105639.20","JAK3",2803,20.6076,6.9759,8.3349,"OK"
"TCGA-KIRC","TCGA-A3-3346-01A-01R-1766-07","TCGA-A3-3346","Primary Tumor","d5f6a32f-e1b7-4e45-ad6b-c97ade3b1294","ENSG00000105639.20","JAK3",2501,21.4328,6.5464,8.0767,"OK"
"TCGA-KIRC","TCGA-CZ-5986-11A-01R-1672-07","TCGA-CZ-5986","Solid Tissue Normal","255d2ed8-2b59-486a-bfe2-0ba938b9aeb6","ENSG00000105639.20","JAK3",128,1.0576,0.4089,0.4371,"OK"
"TCGA-KIRC","TCGA-A3-3387-01A-01R-1541-07","TCGA-A3-3387","Primary Tumor","c8c7259b-9f5e-4dfc-b915-d98b02eba28b","ENSG00000105639.20","JAK3",2668,22.6273,6.2065,6.207,"OK"
"TCGA-KIRC","TCGA-B8-5549-01A-01R-1541-07","TCGA-B8-5549","Primary Tumor","bddf0976-c04a-4391-b302-732051d506c5","ENSG00000105639.20","JAK3",1407,12.6739,3.7372,4.0066,"OK"
"TCGA-KIRC","TCGA-CZ-5451-11A-01R-1503-07","TCGA-CZ-5451","Solid Tissue Normal","fc3d1c27-2956-4d74-991c-fc35d5c9ecbd","ENSG00000105639.20","JAK3",150,0.8602,0.2973,0.3231,"OK"
"TCGA-KIRC","TCGA-CJ-4899-01A-01R-1334-07","TCGA-CJ-4899","Primary Tumor","cd18a3e0-c431-478a-b5fa-4b75a17a33a7","ENSG00000105639.20","JAK3",2185,16.1372,4.2846,4.2137,"OK"
"TCGA-KIRC","TCGA-CZ-5451-01A-01R-1503-07","TCGA-CZ-5451","Primary Tumor","5cd2f5f2-1325-454e-94a3-253d475205ef","ENSG00000105639.20","JAK3",391,4.0786,1.2324,1.2519,"OK"
"TCGA-KIRC","TCGA-B0-4834-01A-01R-1305-07","TCGA-B0-4834","Primary Tumor","1317fb5d-608b-4c79-8198-f2ec68766224","ENSG00000105639.20","JAK3",133,0.7479,0.3507,0.431,"OK"
"TCGA-KIRC","TCGA-CZ-4861-01A-01R-1305-07","TCGA-CZ-4861","Primary Tumor","342bcdf8-2b01-45b8-9bb7-48f151345ac2","ENSG00000105639.20","JAK3",1604,11.3322,3.7864,4.4108,"OK"
"TCGA-KIRC","TCGA-BP-4353-01A-02R-1289-07","TCGA-BP-4353","Primary Tumor","3c0ebda3-32a1-43ca-9b7b-0cb4c8caa33f","ENSG00000105639.20","JAK3",1661,16.1786,4.4331,4.614,"OK"
"TCGA-KIRC","TCGA-BP-4775-01A-01R-1289-07","TCGA-BP-4775","Primary Tumor","df48958f-3172-45ec-a6fb-88fc66ff6ae4","ENSG00000105639.20","JAK3",1172,10.2652,2.9358,2.8956,"OK"
"TCGA-KIRC","TCGA-BP-4342-01A-01R-1289-07","TCGA-BP-4342","Primary Tumor","fff384b3-f8cc-4754-9860-74863ff3cc23","ENSG00000105639.20","JAK3",3250,24.1419,7.2606,8.2138,"OK"
"TCGA-KIRC","TCGA-CJ-6030-11A-01R-1672-07","TCGA-CJ-6030","Solid Tissue Normal","a2c1332c-f9e9-4d41-bad5-e58ebf809800","ENSG00000105639.20","JAK3",396,2.1045,0.7653,0.8369,"OK"
"TCGA-KIRC","TCGA-CJ-6030-01A-11R-1672-07","TCGA-CJ-6030","Primary Tumor","3a9cb52e-6bc0-475c-9eee-230527a3e305","ENSG00000105639.20","JAK3",4604,31.7576,10.5748,10.8701,"OK"
"TCGA-KIRC","TCGA-CJ-4891-01A-01R-1305-07","TCGA-CJ-4891","Primary Tumor","2b2ee0d4-4834-47a8-8362-6e95d83919ad","ENSG00000105639.20","JAK3",1886,10.3249,4.6203,6.493,"OK"
"TCGA-KIRC","TCGA-B0-4712-11A-02R-1503-07","TCGA-B0-4712","Solid Tissue Normal","0498e4e5-f3cc-4fa5-9686-099ab9e435f4","ENSG00000105639.20","JAK3",512,3.1301,1.0059,1.0299,"OK"
"TCGA-KIRC","TCGA-BP-4994-01A-01R-1334-07","TCGA-BP-4994","Primary Tumor","ce71f29f-134d-4749-bf42-c9620e5c8651","ENSG00000105639.20","JAK3",833,4.1783,1.4239,1.5648,"OK"
"TCGA-KIRC","TCGA-B0-5693-01A-11R-1541-07","TCGA-B0-5693","Primary Tumor","192e08f8-1c39-462a-8762-7e2c7f4d5eb0","ENSG00000105639.20","JAK3",520,5.5314,1.516,1.4444,"OK"
"TCGA-KIRC","TCGA-DV-5567-01A-01R-1541-07","TCGA-DV-5567","Primary Tumor","d1280122-4cf1-4e12-9783-4a7038a28ac0","ENSG00000105639.20","JAK3",1089,10.0825,2.4983,2.527,"OK"
"TCGA-KIRC","TCGA-A3-3343-01A-01R-0864-07","TCGA-A3-3343","Primary Tumor","409aef9c-9085-4e66-a304-fc2aaabaf0d7","ENSG00000105639.20","JAK3",1057,8.769,2.7348,2.7736,"OK"
"TCGA-KIRC","TCGA-BP-5178-01A-01R-1426-07","TCGA-BP-5178","Primary Tumor","c0a56cd2-b888-4ced-9f5c-0e450d539045","ENSG00000105639.20","JAK3",4250,18.6339,9.1439,13.5631,"OK"
"TCGA-KIRC","TCGA-B8-5162-01A-01R-1420-07","TCGA-B8-5162","Primary Tumor","dd32c44d-eaf7-4739-94aa-430be880964d","ENSG00000105639.20","JAK3",2337,13.7054,6.1053,6.6444,"OK"
"TCGA-KIRC","TCGA-B8-4148-01A-02R-1325-07","TCGA-B8-4148","Primary Tumor","6d1cfff6-d608-4ae2-ab75-9dd095323a40","ENSG00000105639.20","JAK3",2430,23.9291,6.8421,6.3323,"OK"
"TCGA-KIRC","TCGA-A3-3358-01A-01R-1541-07","TCGA-A3-3358","Primary Tumor","7af3ee8b-cb9e-47b9-9ddb-16006b20cb17","ENSG00000105639.20","JAK3",2724,15.0349,5.6299,6.2748,"OK"
"TCGA-KIRC","TCGA-CZ-4864-11A-01R-1503-07","TCGA-CZ-4864","Solid Tissue Normal","5d9c87af-9ac3-42a7-a0c3-84a490957188","ENSG00000105639.20","JAK3",251,1.2499,0.5059,0.6215,"OK"
"TCGA-KIRC","TCGA-A3-3358-11A-01R-1541-07","TCGA-A3-3358","Solid Tissue Normal","ca47a7ca-d9aa-4140-a74b-4a1c75fe9ad9","ENSG00000105639.20","JAK3",171,1.2857,0.5318,0.6375,"OK"
"TCGA-KIRC","TCGA-BP-4799-01A-01R-1305-07","TCGA-BP-4799","Primary Tumor","1078f9da-8238-45d4-ac09-a4b5d3b75743","ENSG00000105639.20","JAK3",1572,7.862,4.3813,7.2391,"OK"
"TCGA-KIRC","TCGA-AK-3447-01A-01R-1766-07","TCGA-AK-3447","Primary Tumor","f6b85b88-29c7-4722-86f1-0c4c5fa0b819","ENSG00000105639.20","JAK3",37,0.2281,0.1281,0.2687,"OK"
"TCGA-KIRC","TCGA-AK-3450-01A-02R-1277-07","TCGA-AK-3450","Primary Tumor","80ef1b28-350f-4ca8-8da5-a5afcaa0f2b8","ENSG00000105639.20","JAK3",394,3.6128,1.0829,1.0878,"OK"
"TCGA-KIRC","TCGA-AK-3436-01A-02R-1325-07","TCGA-AK-3436","Primary Tumor","c51b2e7b-b9e7-44a5-b09f-ba3377f1fc5e","ENSG00000105639.20","JAK3",1692,14.6575,4.8854,6.3757,"OK"
"TCGA-KIRC","TCGA-AK-3427-01A-01R-0864-07","TCGA-AK-3427","Primary Tumor","d1e1f6c5-e3af-418c-89ed-8b68f8157f36","ENSG00000105639.20","JAK3",22,0.1371,0.061,0.0986,"OK"
"TCGA-KIRC","TCGA-BP-5168-01A-01R-1420-07","TCGA-BP-5168","Primary Tumor","8eb67e14-ab2d-4d8c-a945-fbdc6ad6a7be","ENSG00000105639.20","JAK3",791,7.1917,2.4338,2.576,"OK"
"TCGA-KIRC","TCGA-B0-5691-11A-01R-1541-07","TCGA-B0-5691","Solid Tissue Normal","bdcb4d2f-7d86-4a59-8dbd-8b7300b45b72","ENSG00000105639.20","JAK3",1138,6.1649,2.1462,2.2641,"OK"
"TCGA-KIRC","TCGA-B0-5698-01A-11R-1672-07","TCGA-B0-5698","Primary Tumor","02669516-0c84-46b4-9ff1-ab147ff1ddcc","ENSG00000105639.20","JAK3",1247,8.5541,2.8771,3.0804,"OK"
"TCGA-KIRC","TCGA-BP-4164-01A-02R-1325-07","TCGA-BP-4164","Primary Tumor","5acfa9e0-c339-40aa-ab9f-0492fbc6db91","ENSG00000105639.20","JAK3",511,7.0236,2.1001,2.0891,"OK"
"TCGA-KIRC","TCGA-DV-5569-01A-01R-1541-07","TCGA-DV-5569","Primary Tumor","34a71e25-c1fa-4f7a-9407-600964534fc5","ENSG00000105639.20","JAK3",1607,13.7422,4.1086,4.3785,"OK"
"TCGA-KIRC","TCGA-CJ-5683-01A-11R-1541-07","TCGA-CJ-5683","Primary Tumor","cfcc7db1-9369-4151-9f31-2d7ef06f8ea3","ENSG00000105639.20","JAK3",1065,9.0271,3.1127,3.4016,"OK"
"TCGA-KIRC","TCGA-B2-5635-01A-01R-A277-07","TCGA-B2-5635","Primary Tumor","ebd01ba8-06cd-417a-b41d-05379e430fd2","ENSG00000105639.20","JAK3",1578,11.5177,4.9829,4.731,"OK"
"TCGA-KIRC","TCGA-CZ-5984-11A-01R-1672-07","TCGA-CZ-5984","Solid Tissue Normal","18913801-b38a-4439-8b34-25a7138e8fdd","ENSG00000105639.20","JAK3",342,1.9953,0.8059,0.8709,"OK"
"TCGA-KIRC","TCGA-CJ-4871-01A-01R-1305-07","TCGA-CJ-4871","Primary Tumor","3629b10d-fb7e-47a0-b2d2-4320de98fa17","ENSG00000105639.20","JAK3",1747,13.9503,4.3165,4.829,"OK"
"TCGA-KIRC","TCGA-BP-5195-01A-02R-1426-07","TCGA-BP-5195","Primary Tumor","cbabaf06-c15c-4655-a6c2-89a523ec7a9e","ENSG00000105639.20","JAK3",1345,9.3302,2.9837,3.2179,"OK"
"TCGA-KIRC","TCGA-B4-5836-01A-11R-1672-07","TCGA-B4-5836","Primary Tumor","b766e689-e3ff-4d0c-8eb0-d81c1df638d4","ENSG00000105639.20","JAK3",1553,14.5336,3.7645,3.7046,"OK"
"TCGA-KIRC","TCGA-AK-3434-01A-02R-1277-07","TCGA-AK-3434","Primary Tumor","adc843d6-31ae-4803-ace4-48d1c198a8bb","ENSG00000105639.20","JAK3",559,5.8816,2.1119,2.3058,"OK"
"TCGA-KIRC","TCGA-A3-A8OW-01A-11R-A37O-07","TCGA-A3-A8OW","Primary Tumor","00ddbdd1-f29d-438b-820b-aacb111a3ec4","ENSG00000105639.20","JAK3",600,6.4098,1.7848,1.6854,"OK"
"TCGA-KIRC","TCGA-CJ-4905-01A-02R-1426-07","TCGA-CJ-4905","Primary Tumor","9c146666-fd40-4251-9b57-ee537addac17","ENSG00000105639.20","JAK3",564,4.4459,1.1607,1.2079,"OK"
"TCGA-KIRC","TCGA-CJ-4893-01A-01R-1305-07","TCGA-CJ-4893","Primary Tumor","0fbdc947-5a9e-47de-b4fa-bbbf1ba4fd6b","ENSG00000105639.20","JAK3",1177,8.3637,2.5445,2.6252,"OK"
"TCGA-KIRC","TCGA-CZ-5985-11A-01R-1672-07","TCGA-CZ-5985","Solid Tissue Normal","2fb6d7bd-f6df-45a4-b8a7-8de33119d52f","ENSG00000105639.20","JAK3",46,0.3883,0.174,0.2106,"OK"
"TCGA-KIRC","TCGA-DV-A4VZ-01A-11R-A266-07","TCGA-DV-A4VZ","Primary Tumor","db9d1bc8-9c20-4fbd-bfac-cf1faf1cad11","ENSG00000105639.20","JAK3",1761,15.8621,5.5735,6.6552,"OK"
"TCGA-KIRC","TCGA-CZ-5985-01A-11R-1672-07","TCGA-CZ-5985","Primary Tumor","69c0795b-d68f-4262-9e00-39eff5b66814","ENSG00000105639.20","JAK3",2092,17.1575,4.8062,4.9498,"OK"
"TCGA-KIRC","TCGA-B0-5109-01A-02R-1420-07","TCGA-B0-5109","Primary Tumor","5474fa69-b83c-44b9-8e1b-1b16406a42ed","ENSG00000105639.20","JAK3",3080,22.0618,9.1967,9.6222,"OK"
"TCGA-KIRC","TCGA-CJ-4882-01A-02R-1426-07","TCGA-CJ-4882","Primary Tumor","a936147d-36de-4749-9f38-c80e955c7186","ENSG00000105639.20","JAK3",4338,40.1163,16.4021,20.2394,"OK"
"TCGA-KIRC","TCGA-B8-5552-01B-11R-1672-07","TCGA-B8-5552","Primary Tumor","f18443d3-f207-4c05-9738-d70e10d60cfc","ENSG00000105639.20","JAK3",1835,16.1507,4.2139,4.1323,"OK"
"TCGA-KIRC","TCGA-B0-5402-01A-01R-1503-07","TCGA-B0-5402","Primary Tumor","7b3da303-63a6-4bd7-ab94-cf6e38dfe1e0","ENSG00000105639.20","JAK3",918,5.8376,1.7998,1.9602,"OK"
"TCGA-KIRC","TCGA-BP-4995-01A-01R-1334-07","TCGA-BP-4995","Primary Tumor","7c7bfa90-8754-4170-b009-ba858bddcb38","ENSG00000105639.20","JAK3",1014,5.2938,1.7698,1.8787,"OK"
"TCGA-KIRC","TCGA-B0-5402-11A-01R-1503-07","TCGA-B0-5402","Solid Tissue Normal","bf080139-5562-4d85-8a56-19bc15e80357","ENSG00000105639.20","JAK3",1150,6.28,2.4057,2.6886,"OK"
"TCGA-KIRC","TCGA-B0-4821-01A-01R-1503-07","TCGA-B0-4821","Primary Tumor","ba209e1e-87f1-47a9-a858-d60953ef4528","ENSG00000105639.20","JAK3",4621,32.1042,12.0545,14.747,"OK"
"TCGA-KIRC","TCGA-AK-3440-01A-02R-1277-07","TCGA-AK-3440","Primary Tumor","3b473c49-9140-4d1d-b9f9-0c9056e93d8a","ENSG00000105639.20","JAK3",255,1.4901,0.6281,0.8127,"OK"
"TCGA-KIRC","TCGA-B0-5712-01A-11R-1672-07","TCGA-B0-5712","Primary Tumor","9ea5c78a-10b6-4e76-a588-4a169817d01c","ENSG00000105639.20","JAK3",1750,13.009,4.3812,4.716,"OK"
"TCGA-KIRC","TCGA-CZ-5463-01A-01R-1503-07","TCGA-CZ-5463","Primary Tumor","424b672b-e409-4b9c-821f-b9d16cc3f454","ENSG00000105639.20","JAK3",2792,15.3194,4.4042,4.2639,"OK"
"TCGA-KIRC","TCGA-CZ-5470-11A-01R-1503-07","TCGA-CZ-5470","Solid Tissue Normal","3537c794-46e2-4756-b1d5-f32896e24536","ENSG00000105639.20","JAK3",376,2.2998,0.7202,0.7281,"OK"
"TCGA-KIRC","TCGA-BP-4759-01A-01R-1289-07","TCGA-BP-4759","Primary Tumor","32fb5b1c-5eac-4afc-9eac-fdde0dfe60d8","ENSG00000105639.20","JAK3",527,2.6747,1.2753,1.7518,"OK"
"TCGA-KIRC","TCGA-CZ-5465-11A-01R-1503-07","TCGA-CZ-5465","Solid Tissue Normal","9c622d7a-d739-4d5d-824a-923414f13f6f","ENSG00000105639.20","JAK3",224,1.4305,0.4328,0.4208,"OK"
"TCGA-KIRC","TCGA-B0-5705-01A-11R-1541-07","TCGA-B0-5705","Primary Tumor","3f5f2871-02ed-48d4-9d26-e4fe823c7df0","ENSG00000105639.20","JAK3",727,5.3553,1.5321,1.5577,"OK"
"TCGA-KIRC","TCGA-B0-5699-01A-11R-1541-07","TCGA-B0-5699","Primary Tumor","d99b2ce2-38a1-4d13-b8dd-7db33bfd360a","ENSG00000105639.20","JAK3",1382,12.378,3.4773,3.5231,"OK"
"TCGA-KIRC","TCGA-B0-5705-11A-01R-1541-07","TCGA-B0-5705","Solid Tissue Normal","4ab7002a-08f8-4187-96cd-8f3183336a5a","ENSG00000105639.20","JAK3",298,1.6704,0.663,0.7539,"OK"
"TCGA-KIRC","TCGA-CZ-5456-01A-01R-1503-07","TCGA-CZ-5456","Primary Tumor","040e6555-b1a3-43ca-ae2b-a972fc01fa19","ENSG00000105639.20","JAK3",2909,24.0474,7.4072,8.2161,"OK"
"TCGA-KIRC","TCGA-BP-5004-01A-01R-1334-07","TCGA-BP-5004","Primary Tumor","70060c00-5e4c-41f0-abff-f573881194aa","ENSG00000105639.20","JAK3",880,5.4702,1.6054,1.6396,"OK"
"TCGA-KIRC","TCGA-BP-4351-01A-01R-1289-07","TCGA-BP-4351","Primary Tumor","4850ae76-fede-466d-9362-c0d2e16335ad","ENSG00000105639.20","JAK3",1368,12.6591,3.989,4.2859,"OK"
"TCGA-KIRC","TCGA-CJ-4903-01A-01R-1426-07","TCGA-CJ-4903","Primary Tumor","5741a507-2543-4c6e-a927-2441813632b6","ENSG00000105639.20","JAK3",1732,9.942,3.523,3.8203,"OK"
"TCGA-KIRC","TCGA-CZ-5462-11A-01R-1503-07","TCGA-CZ-5462","Solid Tissue Normal","3de35a77-f963-45ff-bfad-a5f24dda75ef","ENSG00000105639.20","JAK3",329,1.6586,0.5222,0.5238,"OK"
"TCGA-KIRC","TCGA-B0-4836-01A-01R-1305-07","TCGA-B0-4836","Primary Tumor","5030b65c-c5f2-4bb8-afb6-1bd4c5b1abd4","ENSG00000105639.20","JAK3",2844,28.3752,9.0987,10.4661,"OK"
"TCGA-KIRC","TCGA-B0-5692-01A-11R-1541-07","TCGA-B0-5692","Primary Tumor","a379934c-2794-4a0f-b9f2-f029aa938f35","ENSG00000105639.20","JAK3",5625,45.6451,16.321,16.804,"OK"
"TCGA-KIRC","TCGA-A3-A6NI-01A-11R-A33J-07","TCGA-A3-A6NI","Primary Tumor","4cc1c81c-7e39-4d3a-a142-3f64698d6c24","ENSG00000105639.20","JAK3",1657,14.3942,4.2566,4.3592,"OK"
"TCGA-KIRC","TCGA-B0-4698-01A-01R-1503-07","TCGA-B0-4698","Primary Tumor","ab718baf-6521-4738-a8cc-44b7fabf4be1","ENSG00000105639.20","JAK3",3338,25.9622,7.3751,7.5906,"OK"
"TCGA-KIRC","TCGA-BP-4325-01A-02R-1289-07","TCGA-BP-4325","Primary Tumor","0f8d808c-2f62-4720-b32c-b5e76adab4ba","ENSG00000105639.20","JAK3",1520,12.0553,4.078,4.137,"OK"
"TCGA-KIRC","TCGA-BP-5183-01A-01R-1426-07","TCGA-BP-5183","Primary Tumor","b437c402-fc0d-4268-811e-d9a5a8280aca","ENSG00000105639.20","JAK3",1336,12.6055,4.0141,4.4669,"OK"
"TCGA-KIRC","TCGA-CW-6093-01A-11R-1672-07","TCGA-CW-6093","Primary Tumor","80156b04-f280-4915-8bc0-1667c178aa37","ENSG00000105639.20","JAK3",1106,10.2315,2.6867,2.5599,"OK"
"TCGA-KIRC","TCGA-A3-3306-01A-01R-0864-07","TCGA-A3-3306","Primary Tumor","c1215d68-5b15-44c3-9d25-73a77b0b5f31","ENSG00000105639.20","JAK3",1801,22.2049,6.745,6.9355,"OK"
"TCGA-KIRC","TCGA-BP-4982-01A-01R-1334-07","TCGA-BP-4982","Primary Tumor","5d803708-5262-42a8-a390-71a3d800347d","ENSG00000105639.20","JAK3",2266,16.3258,4.3714,4.2638,"OK"
"TCGA-KIRC","TCGA-B0-5099-01A-01R-1420-07","TCGA-B0-5099","Primary Tumor","ace1e7fa-7e2f-4bcc-a2cb-afb7f321ec1d","ENSG00000105639.20","JAK3",648,5.2384,1.747,1.8103,"OK"
"TCGA-KIRC","TCGA-CJ-4872-01A-01R-1305-07","TCGA-CJ-4872","Primary Tumor","726754a2-6158-4eae-a2ce-5f880d33823e","ENSG00000105639.20","JAK3",2262,15.6771,5.6798,6.6766,"OK"
"TCGA-KIRC","TCGA-A3-3370-01A-02R-1420-07","TCGA-A3-3370","Primary Tumor","ad0887f1-524a-4351-9ec3-8cbd380bbf9c","ENSG00000105639.20","JAK3",3526,23.4684,6.703,6.7588,"OK"
"TCGA-KIRC","TCGA-A3-A8OX-01A-11R-A37O-07","TCGA-A3-A8OX","Primary Tumor","b9a7cd9a-ff3d-4862-a03b-71f60e42ddea","ENSG00000105639.20","JAK3",1769,15.5264,4.3586,4.3099,"OK"
"TCGA-KIRC","TCGA-MM-A564-01A-11R-A266-07","TCGA-MM-A564","Primary Tumor","f13427f3-3d78-4fc1-9523-64b4ae583494","ENSG00000105639.20","JAK3",1694,14.2907,6.4321,7.8714,"OK"
"TCGA-KIRC","TCGA-B0-4688-01A-01R-1277-07","TCGA-B0-4688","Primary Tumor","0c1c9170-9092-449e-afc2-0ef1d28ae07e","ENSG00000105639.20","JAK3",2968,29.6658,7.8018,8.1967,"OK"
"TCGA-KIRC","TCGA-CJ-4897-01A-03R-1426-07","TCGA-CJ-4897","Primary Tumor","c551e586-8040-47d7-928b-fe6b242ed81f","ENSG00000105639.20","JAK3",748,4.1447,1.288,1.4062,"OK"
"TCGA-KIRC","TCGA-B8-5164-01A-01R-1420-07","TCGA-B8-5164","Primary Tumor","d70aa630-d9c6-49e0-858b-a5a8e268a92b","ENSG00000105639.20","JAK3",2874,22.3007,5.9841,5.9353,"OK"
"TCGA-KIRC","TCGA-GK-A6C7-01A-11R-A33J-07","TCGA-GK-A6C7","Primary Tumor","cac6d56b-22df-46a8-b98f-f59fa9257f5e","ENSG00000105639.20","JAK3",904,8.6656,2.1735,2.0753,"OK"
"TCGA-KIRC","TCGA-CJ-4638-01A-02R-1325-07","TCGA-CJ-4638","Primary Tumor","f44064f2-9839-4e4f-9510-8a5dd0ee1e56","ENSG00000105639.20","JAK3",642,5.0704,2.5583,3.3229,"OK"
"TCGA-KIRC","TCGA-CJ-4923-01A-01R-1426-07","TCGA-CJ-4923","Primary Tumor","bb9e4d64-ffbc-40b6-a3e5-d05aa7a51717","ENSG00000105639.20","JAK3",3593,26.1206,9.3667,10.4562,"OK"
"TCGA-KIRC","TCGA-CJ-4907-01A-01R-1426-07","TCGA-CJ-4907","Primary Tumor","460999dc-ccec-4f00-bdf5-cf285375fade","ENSG00000105639.20","JAK3",970,7.4338,2.0599,2.1965,"OK"
"TCGA-KIRC","TCGA-B2-4099-01A-02R-1188-07","TCGA-B2-4099","Primary Tumor","900aa358-a422-4edc-a65e-4b99f4b7625a","ENSG00000105639.20","JAK3",1068,9.5951,3.1226,3.3532,"OK"
"TCGA-KIRC","TCGA-A3-3352-01A-01R-0864-07","TCGA-A3-3352","Primary Tumor","09b9e5e0-8901-452c-8c4b-baca1faddddc","ENSG00000105639.20","JAK3",1008,5.7683,1.7604,1.8312,"OK"
"TCGA-KIRC","TCGA-A3-3347-01A-02R-1325-07","TCGA-A3-3347","Primary Tumor","e35730b8-672e-4fdc-945f-84edaf143298","ENSG00000105639.20","JAK3",4512,46.2033,13.6833,13.8934,"OK"
"TCGA-KIRC","TCGA-BP-5170-01A-01R-1426-07","TCGA-BP-5170","Primary Tumor","c116495e-d80b-4f43-90ed-7103a83a284c","ENSG00000105639.20","JAK3",2249,19.4297,6.7256,8.0201,"OK"
"TCGA-KIRC","TCGA-BP-4173-01A-02R-1289-07","TCGA-BP-4173","Primary Tumor","429ed057-ecc0-41e3-8774-afffe246bcee","ENSG00000105639.20","JAK3",6607,56.5274,16.1302,17.1706,"OK"
"TCGA-KIRC","TCGA-CJ-6033-11A-01R-1858-07","TCGA-CJ-6033","Solid Tissue Normal","7437d3a0-976d-4151-8f89-b30a4a092a60","ENSG00000105639.20","JAK3",525,3.4994,1.5616,1.7986,"OK"
"TCGA-KIRC","TCGA-CJ-6033-01A-11R-1672-07","TCGA-CJ-6033","Primary Tumor","d81180fa-51d8-4499-aed4-bbad365f67e1","ENSG00000105639.20","JAK3",3177,23.9396,7.245,8.3473,"OK"
"TCGA-KIRC","TCGA-BP-4169-01A-02R-1289-07","TCGA-BP-4169","Primary Tumor","f1525d22-a7b0-48b6-ab6e-737b5ebb1a39","ENSG00000105639.20","JAK3",3684,25.2231,7.1155,7.4578,"OK"
"TCGA-KIRC","TCGA-B2-3924-01B-03R-A277-07","TCGA-B2-3924","Primary Tumor","3324e6df-28f9-42d8-8465-0fcc2d618004","ENSG00000105639.20","JAK3",1189,22.7444,7.5348,6.5556,"OK"
"TCGA-KIRC","TCGA-B0-4710-01A-01R-1503-07","TCGA-B0-4710","Primary Tumor","6d0df9bf-69d6-447f-b2d9-76391e95d61d","ENSG00000105639.20","JAK3",1269,11.2984,3.3577,3.2803,"OK"
"TCGA-KIRC","TCGA-A3-3363-01A-01R-0864-07","TCGA-A3-3363","Primary Tumor","3c5c707d-2046-4dcd-a566-bea1eaf24f74","ENSG00000105639.20","JAK3",1888,14.1558,4.4214,4.5325,"OK"
"TCGA-KIRC","TCGA-CJ-4890-01A-01R-1305-07","TCGA-CJ-4890","Primary Tumor","e11c27d0-d5a0-4e7f-83e6-83b79f64d962","ENSG00000105639.20","JAK3",5154,30.0053,11.4609,13.0859,"OK"
"TCGA-KIRC","TCGA-BP-4983-01A-01R-1334-07","TCGA-BP-4983","Primary Tumor","017de1fe-6f36-4324-a20a-9d9ee3439d8f","ENSG00000105639.20","JAK3",5631,41.2131,12.7189,13.7385,"OK"
"TCGA-KIRC","TCGA-B0-5085-01A-01R-1334-07","TCGA-B0-5085","Primary Tumor","915bec49-700e-44fc-af01-e96ab507aab3","ENSG00000105639.20","JAK3",814,4.1213,2.1639,3.2381,"OK"
"TCGA-KIRC","TCGA-CJ-4878-01A-01R-1305-07","TCGA-CJ-4878","Primary Tumor","8af84f63-5974-4e14-b818-73eb8678eaab","ENSG00000105639.20","JAK3",862,9.7787,3.1423,3.2737,"OK"
"TCGA-KIRC","TCGA-B8-A54F-01A-11R-A266-07","TCGA-B8-A54F","Primary Tumor","7e479a5b-d557-4838-b415-3ceb31d1a139","ENSG00000105639.20","JAK3",1102,25.5256,6.8614,6.7838,"OK"
"TCGA-KIRC","TCGA-CW-5587-01A-01R-1541-07","TCGA-CW-5587","Primary Tumor","85746e9c-d9b1-419f-8f17-3b7927cc3c2b","ENSG00000105639.20","JAK3",1668,14.7355,3.9452,3.8579,"OK"
"TCGA-KIRC","TCGA-CJ-5678-01A-11R-1541-07","TCGA-CJ-5678","Primary Tumor","0af91fa3-3ad9-4ba3-9e29-8bd565871d69","ENSG00000105639.20","JAK3",1145,9.7154,3.7637,4.4165,"OK"
"TCGA-KIRC","TCGA-CZ-5464-01A-01R-1503-07","TCGA-CZ-5464","Primary Tumor","e673a5b6-c070-4068-b667-c7e81adfb4cf","ENSG00000105639.20","JAK3",4842,28.7906,10.2268,11.3702,"OK"
"TCGA-KIRC","TCGA-B0-5702-01A-11R-1541-07","TCGA-B0-5702","Primary Tumor","134f1661-5f67-4184-bab4-bc9c6f80c789","ENSG00000105639.20","JAK3",2241,42.4112,16.3807,25.207,"OK"
"TCGA-KIRC","TCGA-CW-5588-01A-01R-1541-07","TCGA-CW-5588","Primary Tumor","17a7a252-7530-4f12-8cd8-50a049a1e653","ENSG00000105639.20","JAK3",1528,14.8585,4.2116,4.7424,"OK"
"TCGA-KIRC","TCGA-B8-4154-01A-01R-1188-07","TCGA-B8-4154","Primary Tumor","9998fd9d-b7a9-4a9d-b572-19a30a6ff775","ENSG00000105639.20","JAK3",421,3.1357,1.0382,1.2277,"OK"
"TCGA-KIRC","TCGA-BP-5176-01A-01R-1426-07","TCGA-BP-5176","Primary Tumor","c876a9c8-43b4-47ed-ba9d-727439ab8ef5","ENSG00000105639.20","JAK3",1362,8.0532,2.87,3.3099,"OK"
"TCGA-KIRC","TCGA-B0-5701-01A-11R-1541-07","TCGA-B0-5701","Primary Tumor","f478aca9-1fb9-4ef3-9c03-1bd592b2b1f7","ENSG00000105639.20","JAK3",1043,12.4675,4.1446,4.2907,"OK"
"TCGA-KIRC","TCGA-AK-3428-01A-02R-1277-07","TCGA-AK-3428","Primary Tumor","977c19ab-f472-4956-869f-e640960f1351","ENSG00000105639.20","JAK3",332,5.96,1.6865,1.7315,"OK"
"TCGA-KIRC","TCGA-BP-5198-01A-01R-1426-07","TCGA-BP-5198","Primary Tumor","9315dffd-edea-4710-92a8-810998e08cb1","ENSG00000105639.20","JAK3",1620,11.1743,3.8127,4.3922,"OK"
"TCGA-KIRC","TCGA-A3-3387-11A-01R-1541-07","TCGA-A3-3387","Solid Tissue Normal","02c1c266-473f-437d-b768-20f685349ecb","ENSG00000105639.20","JAK3",160,1.08,0.4504,0.5483,"OK"
"TCGA-KIRC","TCGA-B8-5159-01A-01R-1420-07","TCGA-B8-5159","Primary Tumor","577d7013-8d37-427c-82b0-24e46b891a34","ENSG00000105639.20","JAK3",2540,18.7529,5.1061,5.1194,"OK"
