"project","sample_barcode","patient_id","sample_type","file_id","gene_id","gene_name","unstranded_count","TPM","FPKM","FPKM_UQ","extraction_status"
"TCGA-BLCA","TCGA-FD-A3NA-01A-11R-A21D-07","TCGA-FD-A3NA","Primary Tumor","95b7f49a-ba2e-41a3-99aa-630c2520e5b9","ENSG00000105639.20","JAK3",850,6.4135,2.1256,2.1184,"OK"
"TCGA-BLCA","TCGA-DK-A6B2-01A-11R-A30C-07","TCGA-DK-A6B2","Primary Tumor","0aacd6c6-c2cb-4304-8d2d-ff63e15629c2","ENSG00000105639.20","JAK3",893,8.3437,2.7157,2.763,"OK"
"TCGA-BLCA","TCGA-GV-A3QG-01A-11R-A220-07","TCGA-GV-A3QG","Primary Tumor","91c2d903-e9f9-48de-b116-7b98c6940134","ENSG00000105639.20","JAK3",6938,46.5672,15.9521,16.6378,"OK"
"TCGA-BLCA","TCGA-DK-A3IU-01A-11R-A20F-07","TCGA-DK-A3IU","Primary Tumor","eebbde83-748b-4ca1-99f6-a3243d73d338","ENSG00000105639.20","JAK3",4329,34.1541,10.8125,12.2178,"OK"
"TCGA-BLCA","TCGA-C4-A0EZ-01A-21R-A24X-07","TCGA-C4-A0EZ","Primary Tumor","252d07c5-f0a0-43ca-911d-a7b1d903a975","ENSG00000105639.20","JAK3",177,1.8194,0.5266,0.4847,"OK"
"TCGA-BLCA","TCGA-HQ-A2OF-01A-11R-A26T-07","TCGA-HQ-A2OF","Primary Tumor","29efdff8-0a21-4955-bdd6-598c91fd2840","ENSG00000105639.20","JAK3",294,3.6358,0.948,0.8756,"OK"
"TCGA-BLCA","TCGA-BT-A3PJ-01A-21R-A220-07","TCGA-BT-A3PJ","Primary Tumor","1c69388f-5363-4762-ad0e-ecc431de99d2","ENSG00000105639.20","JAK3",738,6.2593,1.7765,1.7763,"OK"
"TCGA-BLCA","TCGA-K4-A3WU-01B-11R-A23N-07","TCGA-K4-A3WU","Primary Tumor","aed471ec-47d4-4e8a-b5d7-182558c1a1d4","ENSG00000105639.20","JAK3",3037,20.8979,7.0391,6.9373,"OK"
"TCGA-BLCA","TCGA-FD-A3B7-01A-31R-A20F-07","TCGA-FD-A3B7","Primary Tumor","d30946e4-eb06-43d5-838f-7b49aff86b06","ENSG00000105639.20","JAK3",2292,17.7264,5.9031,6.5783,"OK"
"TCGA-BLCA","TCGA-GU-A42P-01A-11R-A23W-07","TCGA-GU-A42P","Primary Tumor","5839225c-030d-4435-83ba-5f8db75b9158","ENSG00000105639.20","JAK3",201,1.4551,0.4663,0.4573,"OK"
"TCGA-BLCA","TCGA-GV-A40E-01A-12R-A23N-07","TCGA-GV-A40E","Primary Tumor","7bef9a78-a90f-447f-bdaa-3e9b821d5968","ENSG00000105639.20","JAK3",993,9.3132,2.9099,2.9966,"OK"
"TCGA-BLCA","TCGA-BL-A0C8-01B-04R-A277-07","TCGA-BL-A0C8","Primary Tumor","1dffefdd-9d5e-44f2-9646-a949b3a23972","ENSG00000105639.20","JAK3",520,11.2748,3.7883,3.4078,"OK"
"TCGA-BLCA","TCGA-FD-A6TK-01A-42R-A33J-07","TCGA-FD-A6TK","Primary Tumor","05e5accb-e761-4534-a81e-bf0354f7810c","ENSG00000105639.20","JAK3",1575,15.0655,4.4519,4.938,"OK"
"TCGA-BLCA","TCGA-ZF-AA4N-01A-11R-A38B-07","TCGA-ZF-AA4N","Primary Tumor","b8e668aa-1359-418b-9cd6-dc200dd91706","ENSG00000105639.20","JAK3",432,5.7695,1.7304,1.9052,"OK"
"TCGA-BLCA","TCGA-DK-A1AA-01A-11R-A13Y-07","TCGA-DK-A1AA","Primary Tumor","51a41e15-b4aa-414d-97df-5ea3b2311a8f","ENSG00000105639.20","JAK3",433,3.1592,0.9827,1.0195,"OK"
"TCGA-BLCA","TCGA-HQ-A5ND-01A-11R-A26T-07","TCGA-HQ-A5ND","Primary Tumor","3eb51a70-fec9-4f37-9f16-ac74229f68e9","ENSG00000105639.20","JAK3",198,2.3773,0.6773,0.6629,"OK"
"TCGA-BLCA","TCGA-DK-AA74-01A-11R-A39I-07","TCGA-DK-AA74","Primary Tumor","2d300d54-7067-450d-b4c9-ad8c3642ba0a","ENSG00000105639.20","JAK3",2029,34.7205,11.7051,14.2019,"OK"
"TCGA-BLCA","TCGA-GV-A3QI-01A-11R-A220-07","TCGA-GV-A3QI","Primary Tumor","58508378-0fc5-45f9-bf10-1cb171c3e662","ENSG00000105639.20","JAK3",423,3.532,0.9871,0.8453,"OK"
"TCGA-BLCA","TCGA-PQ-A6FI-01A-11R-A31N-07","TCGA-PQ-A6FI","Primary Tumor","762ea2fc-6b8d-4d68-9b2a-98a40b584065","ENSG00000105639.20","JAK3",910,7.1903,2.1852,2.4715,"OK"
"TCGA-BLCA","TCGA-FD-A6TG-01A-11R-A32O-07","TCGA-FD-A6TG","Primary Tumor","7a47ff36-fa81-4b90-b88c-93f67128570e","ENSG00000105639.20","JAK3",672,5.3274,1.846,2.0367,"OK"
"TCGA-BLCA","TCGA-GV-A3JV-01A-11R-A220-07","TCGA-GV-A3JV","Primary Tumor","905e8f71-2689-4ce1-98e2-4cce62d2b095","ENSG00000105639.20","JAK3",810,5.9659,2.029,2.1792,"OK"
"TCGA-BLCA","TCGA-FD-A62S-01A-11R-A30C-07","TCGA-FD-A62S","Primary Tumor","a1abdff1-2677-4c32-a91c-cb1623ef462c","ENSG00000105639.20","JAK3",1739,17.5898,4.9503,5.2551,"OK"
"TCGA-BLCA","TCGA-DK-AA6X-01A-12R-A42T-07","TCGA-DK-AA6X","Primary Tumor","d7c791d1-bf6c-4542-a2b0-ae98db5aa653","ENSG00000105639.20","JAK3",649,10.7619,3.8441,3.6755,"OK"
"TCGA-BLCA","TCGA-E7-A97P-01A-11R-A38B-07","TCGA-E7-A97P","Primary Tumor","88281ea7-a99b-4164-a8f7-ec4395bdc816","ENSG00000105639.20","JAK3",2211,25.0405,7.6185,7.9814,"OK"
"TCGA-BLCA","TCGA-BT-A20T-01A-11R-A14Y-07","TCGA-BT-A20T","Primary Tumor","b1f22228-9e1b-42a3-8f60-ff0e60b4612b","ENSG00000105639.20","JAK3",398,6.1902,2.2074,2.4003,"OK"
"TCGA-BLCA","TCGA-XF-AAMH-01A-11R-A42T-07","TCGA-XF-AAMH","Primary Tumor","a4dbc388-4b0d-499a-82a8-77ca1aed53da","ENSG00000105639.20","JAK3",281,2.7756,0.9282,1.1254,"OK"
"TCGA-BLCA","TCGA-CF-A47W-01A-11R-A23W-07","TCGA-CF-A47W","Primary Tumor","2279f129-d06d-43f7-9f16-6e8d3a4feb56","ENSG00000105639.20","JAK3",673,4.5949,1.8921,2.4258,"OK"
"TCGA-BLCA","TCGA-4Z-AA7M-01A-11R-A39I-07","TCGA-4Z-AA7M","Primary Tumor","4355a25b-da41-4e70-8c23-1d5ddfdbf7ea","ENSG00000105639.20","JAK3",643,8.1159,2.6113,2.4986,"OK"
"TCGA-BLCA","TCGA-E7-A8O7-01A-11R-A36F-07","TCGA-E7-A8O7","Primary Tumor","5916b276-8e9d-41e6-8c41-3030c48cbdce","ENSG00000105639.20","JAK3",853,7.1036,2.224,2.0934,"OK"
"TCGA-BLCA","TCGA-ZF-A9RE-01A-11R-A38B-07","TCGA-ZF-A9RE","Primary Tumor","8282ed85-8ba2-4a43-93cc-69bb7be57353","ENSG00000105639.20","JAK3",148,1.8239,0.5726,0.5795,"OK"
"TCGA-BLCA","TCGA-XF-AAN3-01A-11R-A42T-07","TCGA-XF-AAN3","Primary Tumor","1b490f2b-97bb-4229-853d-d566ecc341d6","ENSG00000105639.20","JAK3",1637,6.973,2.1091,2.406,"OK"
"TCGA-BLCA","TCGA-G2-A2EC-01A-11R-A180-07","TCGA-G2-A2EC","Primary Tumor","b90c65f0-a8e2-4e44-96a6-fcaa6d71ebed","ENSG00000105639.20","JAK3",1682,11.4123,4.5049,5.0131,"OK"
"TCGA-BLCA","TCGA-G2-AA3B-01A-11R-A39I-07","TCGA-G2-AA3B","Primary Tumor","a1d27fd6-5666-4124-a317-a1f6cd2b2935","ENSG00000105639.20","JAK3",674,3.5901,1.6237,1.8809,"OK"
"TCGA-BLCA","TCGA-ZF-AA5P-01A-11R-A39I-07","TCGA-ZF-AA5P","Primary Tumor","261618b0-d45b-4115-aab1-aebaf576d6ae","ENSG00000105639.20","JAK3",1277,12.4407,4.6435,5.3128,"OK"
"TCGA-BLCA","TCGA-GD-A3OP-01A-21R-A220-07","TCGA-GD-A3OP","Primary Tumor","e33cec2a-d24a-4fef-b5c6-dba7123a6005","ENSG00000105639.20","JAK3",1045,7.2044,2.3938,2.3534,"OK"
"TCGA-BLCA","TCGA-DK-A1AC-01A-11R-A13Y-07","TCGA-DK-A1AC","Primary Tumor","627e89e2-8297-482b-9e59-2382e0e66da5","ENSG00000105639.20","JAK3",1323,11.0124,3.3083,3.3757,"OK"
"TCGA-BLCA","TCGA-CF-A3MG-01A-11R-A20F-07","TCGA-CF-A3MG","Primary Tumor","93c4cd53-899b-421f-9bf4-360f8010aab4","ENSG00000105639.20","JAK3",93,1.1171,0.3437,0.3303,"OK"
"TCGA-BLCA","TCGA-FD-A3B5-01A-11R-A20F-07","TCGA-FD-A3B5","Primary Tumor","2fd4f1f9-57c6-4729-a541-6fa8a58950a6","ENSG00000105639.20","JAK3",331,2.4423,0.7733,0.9086,"OK"
"TCGA-BLCA","TCGA-DK-A1A7-01A-11R-A13Y-07","TCGA-DK-A1A7","Primary Tumor","06ea34ab-c935-429d-a2e8-f264a103138c","ENSG00000105639.20","JAK3",532,1.9951,1.3199,2.3899,"OK"
"TCGA-BLCA","TCGA-CF-A8HX-01A-11R-A36F-07","TCGA-CF-A8HX","Primary Tumor","78354679-491a-4177-af56-863fffbd7f23","ENSG00000105639.20","JAK3",563,3.4448,1.904,2.5425,"OK"
"TCGA-BLCA","TCGA-FD-A3SL-01A-21R-A22U-07","TCGA-FD-A3SL","Primary Tumor","db2d5d9c-248d-49ab-9058-0b7d2d5a6884","ENSG00000105639.20","JAK3",588,5.3895,1.8791,2.0939,"OK"
"TCGA-BLCA","TCGA-E7-A7DV-01A-11R-A33J-07","TCGA-E7-A7DV","Primary Tumor","1f2028e7-ec61-4fe1-b8bc-26e909957068","ENSG00000105639.20","JAK3",973,7.4937,2.4814,2.8442,"OK"
"TCGA-BLCA","TCGA-BT-A20Q-11A-11R-A14Y-07","TCGA-BT-A20Q","Solid Tissue Normal","716e7829-401e-42de-b8c4-a07ca3e275cc","ENSG00000105639.20","JAK3",34,0.6257,0.1633,0.2232,"OK"
"TCGA-BLCA","TCGA-DK-A3IM-01A-11R-A20F-07","TCGA-DK-A3IM","Primary Tumor","d8a8fb13-b8db-4294-8f50-1f3087020ee9","ENSG00000105639.20","JAK3",291,2.1541,0.6752,0.7436,"OK"
"TCGA-BLCA","TCGA-BT-A20W-01A-21R-A14Y-07","TCGA-BT-A20W","Primary Tumor","b483de59-dbd3-4fab-924f-2879bafff19b","ENSG00000105639.20","JAK3",773,10.1348,3.5599,3.6535,"OK"
"TCGA-BLCA","TCGA-C4-A0F6-01A-11R-A10U-07","TCGA-C4-A0F6","Primary Tumor","2e7e37e4-d854-4c8f-bfdf-ba8ebb63d8c9","ENSG00000105639.20","JAK3",192,2.7175,1.0183,1.0609,"OK"
"TCGA-BLCA","TCGA-DK-AA6P-01A-11R-A39I-07","TCGA-DK-AA6P","Primary Tumor","ab504dbf-e1f0-46d2-83f9-0f4066055c71","ENSG00000105639.20","JAK3",244,2.9932,1.0184,1.01,"OK"
"TCGA-BLCA","TCGA-GC-A3WC-11A-11R-A22U-07","TCGA-GC-A3WC","Solid Tissue Normal","d6d294a6-caa8-49d2-87a3-73b0aff9e07e","ENSG00000105639.20","JAK3",1439,17.067,5.2311,5.9804,"OK"
"TCGA-BLCA","TCGA-ZF-A9RC-01A-11R-A38B-07","TCGA-ZF-A9RC","Primary Tumor","88e89f3e-3539-4d5d-b2e4-d22c8bd364d8","ENSG00000105639.20","JAK3",626,7.7758,2.7208,2.8024,"OK"
"TCGA-BLCA","TCGA-BL-A13J-11A-13R-A10U-07","TCGA-BL-A13J","Solid Tissue Normal","443fc087-28b0-408b-8e71-66198f1f15a1","ENSG00000105639.20","JAK3",61,0.9894,0.2607,0.3314,"OK"
"TCGA-BLCA","TCGA-BL-A13J-01A-11R-A277-07","TCGA-BL-A13J","Primary Tumor","4760b098-978b-4f2f-9bff-127d8edb48de","ENSG00000105639.20","JAK3",478,4.4485,1.5743,1.5961,"OK"
"TCGA-BLCA","TCGA-FD-A5BV-01A-11R-A26T-07","TCGA-FD-A5BV","Primary Tumor","c29d0f98-e33d-48df-a395-fa431cb1b1ba","ENSG00000105639.20","JAK3",494,5.8803,2.4656,2.5803,"OK"
"TCGA-BLCA","TCGA-FD-A3SP-01A-31R-A22U-07","TCGA-FD-A3SP","Primary Tumor","cb2a6de7-fbad-4101-aeae-c191e64818ae","ENSG00000105639.20","JAK3",2422,25.2959,6.9569,7.466,"OK"
"TCGA-BLCA","TCGA-UY-A78N-01A-12R-A33J-07","TCGA-UY-A78N","Primary Tumor","a0b6f91d-1921-4ec6-825f-c8a1cbc8649e","ENSG00000105639.20","JAK3",545,4.7368,1.5205,1.5591,"OK"
"TCGA-BLCA","TCGA-XF-A9T0-01A-11R-A39I-07","TCGA-XF-A9T0","Primary Tumor","fc157386-3d8e-432b-b2e4-643daaa05e58","ENSG00000105639.20","JAK3",804,9.0148,3.1879,3.1901,"OK"
"TCGA-BLCA","TCGA-ZF-AA4U-01A-11R-A38B-07","TCGA-ZF-AA4U","Primary Tumor","c31ed820-660d-4266-8b67-7a0228f2df77","ENSG00000105639.20","JAK3",135,1.5326,0.5029,0.5402,"OK"
"TCGA-BLCA","TCGA-E7-A5KF-01A-11R-A28M-07","TCGA-E7-A5KF","Primary Tumor","3ba4be06-32ea-47aa-9f6f-2f4befd1bd6b","ENSG00000105639.20","JAK3",234,2.4375,0.708,0.6845,"OK"
"TCGA-BLCA","TCGA-YF-AA3L-01A-11R-A38B-07","TCGA-YF-AA3L","Primary Tumor","152372fc-eebb-4fb5-b388-acdfec0f5e4d","ENSG00000105639.20","JAK3",665,5.9677,2.3837,2.6838,"OK"
"TCGA-BLCA","TCGA-4Z-AA89-01A-11R-A39I-07","TCGA-4Z-AA89","Primary Tumor","b36498b1-cabf-45fb-965d-ef191b77a5a2","ENSG00000105639.20","JAK3",175,2.2768,0.7283,0.7474,"OK"
"TCGA-BLCA","TCGA-K4-A6FZ-01A-11R-A31N-07","TCGA-K4-A6FZ","Primary Tumor","4e8b592f-d4ac-488c-94e4-a07387ec9724","ENSG00000105639.20","JAK3",835,6.6799,2.1084,2.1306,"OK"
"TCGA-BLCA","TCGA-LT-A8JT-01A-11R-A36F-07","TCGA-LT-A8JT","Primary Tumor","efc448d3-a3c6-4df9-a626-907ce3d5bcfc","ENSG00000105639.20","JAK3",728,6.1025,2.1043,2.1935,"OK"
"TCGA-BLCA","TCGA-XF-A9SI-01A-11R-A39I-07","TCGA-XF-A9SI","Primary Tumor","b6d78cef-254d-4d31-9749-e2fa1ad9abec","ENSG00000105639.20","JAK3",3364,35.6183,12.0025,12.3326,"OK"
"TCGA-BLCA","TCGA-ZF-A9RN-01A-11R-A42T-07","TCGA-ZF-A9RN","Primary Tumor","0180b8ef-dbca-4edd-bce1-3f793f354f13","ENSG00000105639.20","JAK3",415,5.2438,1.5331,1.4903,"OK"
"TCGA-BLCA","TCGA-FJ-A3Z9-01A-11R-A26T-07","TCGA-FJ-A3Z9","Primary Tumor","359de6d5-cc11-4b8b-add4-7d3577d66e2c","ENSG00000105639.20","JAK3",198,2.0513,0.8225,0.9042,"OK"
"TCGA-BLCA","TCGA-BT-A3PK-01A-21R-A220-07","TCGA-BT-A3PK","Primary Tumor","c0bc697a-ac64-4605-9abc-f0fe85eb481a","ENSG00000105639.20","JAK3",2299,10.4408,3.8887,4.4422,"OK"
"TCGA-BLCA","TCGA-DK-A6B0-01A-11R-A31N-07","TCGA-DK-A6B0","Primary Tumor","17c85380-56c8-42d6-8beb-ea4379155172","ENSG00000105639.20","JAK3",837,7.1609,2.519,2.6934,"OK"
"TCGA-BLCA","TCGA-G2-A2ES-01A-11R-A180-07","TCGA-G2-A2ES","Primary Tumor","20a68a0c-d0c3-4bf1-a1e1-0f0f2f1906b7","ENSG00000105639.20","JAK3",622,4.5026,1.5389,1.7004,"OK"
"TCGA-BLCA","TCGA-K4-AAQO-01A-11R-A38B-07","TCGA-K4-AAQO","Primary Tumor","c60f5d01-ee5f-48ea-808f-f753ab98a850","ENSG00000105639.20","JAK3",640,7.3341,2.4504,2.6388,"OK"
"TCGA-BLCA","TCGA-GC-A3BM-01A-11R-A22U-07","TCGA-GC-A3BM","Primary Tumor","57b8b640-efcf-426f-bc01-82c4c58ff02c","ENSG00000105639.20","JAK3",574,6.1302,1.7846,1.7495,"OK"
"TCGA-BLCA","TCGA-GV-A3QK-01B-11R-A23N-07","TCGA-GV-A3QK","Primary Tumor","7a8ce605-eb1c-4281-ac60-6a20a3e31eea","ENSG00000105639.20","JAK3",1148,6.0835,2.6404,3.0934,"OK"
"TCGA-BLCA","TCGA-CU-A0YN-01A-21R-A10U-07","TCGA-CU-A0YN","Primary Tumor","a4af6581-9fa8-4520-a639-f9340c6a1e36","ENSG00000105639.20","JAK3",993,8.5162,3.0304,3.1183,"OK"
"TCGA-BLCA","TCGA-GC-A3RB-01A-12R-A220-07","TCGA-GC-A3RB","Primary Tumor","cc0a4389-50a5-46e1-a793-565121b1f631","ENSG00000105639.20","JAK3",406,3.4447,0.9685,0.9348,"OK"
"TCGA-BLCA","TCGA-UY-A78L-01A-12R-A33J-07","TCGA-UY-A78L","Primary Tumor","99516a60-a265-479e-a779-81703a4c494f","ENSG00000105639.20","JAK3",475,3.473,1.3033,1.5016,"OK"
"TCGA-BLCA","TCGA-DK-A1A5-01A-11R-A13Y-07","TCGA-DK-A1A5","Primary Tumor","a0e8a424-6341-4703-a76b-f414f951639e","ENSG00000105639.20","JAK3",430,3.6139,0.9793,1.0243,"OK"
"TCGA-BLCA","TCGA-FD-A6TC-01A-21R-A33J-07","TCGA-FD-A6TC","Primary Tumor","498e5e18-7443-4799-af81-6d829f819da6","ENSG00000105639.20","JAK3",662,6.6994,1.9984,2.0979,"OK"
"TCGA-BLCA","TCGA-FD-A5C1-01A-11R-A28M-07","TCGA-FD-A5C1","Primary Tumor","ea54af34-feba-4605-bb2b-82f3b7db84da","ENSG00000105639.20","JAK3",895,8.0216,3.0245,3.5659,"OK"
"TCGA-BLCA","TCGA-DK-AA6U-01A-11R-A39I-07","TCGA-DK-AA6U","Primary Tumor","456db4ed-e648-416c-b327-e7106e4b8221","ENSG00000105639.20","JAK3",658,5.7476,1.8612,1.7211,"OK"
"TCGA-BLCA","TCGA-CF-A47T-01A-11R-A23W-07","TCGA-CF-A47T","Primary Tumor","d0856e8b-4552-4127-b410-4e3ef58d057c","ENSG00000105639.20","JAK3",178,1.5088,0.6383,0.8173,"OK"
"TCGA-BLCA","TCGA-XF-AAMW-01A-11R-A42T-07","TCGA-XF-AAMW","Primary Tumor","a422753c-ed27-46a4-a96f-fa2e3d301a2f","ENSG00000105639.20","JAK3",593,11.3482,3.2182,3.4327,"OK"
"TCGA-BLCA","TCGA-DK-A3IS-01A-21R-A21D-07","TCGA-DK-A3IS","Primary Tumor","0eb7d661-320f-4b56-9a22-5750cfb4f34f","ENSG00000105639.20","JAK3",261,1.785,0.6196,0.6682,"OK"
"TCGA-BLCA","TCGA-GU-A764-01A-11R-A352-07","TCGA-GU-A764","Primary Tumor","c4a84877-1830-4d5c-914b-e70b28c94809","ENSG00000105639.20","JAK3",1780,12.8727,5.2915,5.814,"OK"
"TCGA-BLCA","TCGA-2F-A9KQ-01A-11R-A38B-07","TCGA-2F-A9KQ","Primary Tumor","5aa5487c-3782-4a9f-9b55-72f9d7d94684","ENSG00000105639.20","JAK3",483,4.3015,1.5673,1.6699,"OK"
"TCGA-BLCA","TCGA-FD-A6TB-01A-12R-A33J-07","TCGA-FD-A6TB","Primary Tumor","4f9f672d-2d55-4500-a2ae-509b50fc134d","ENSG00000105639.20","JAK3",2560,23.6785,8.0298,7.9112,"OK"
"TCGA-BLCA","TCGA-UY-A9PA-01A-11R-A38B-07","TCGA-UY-A9PA","Primary Tumor","4c98cba9-9640-4e1f-8ae0-292b5d74f8c1","ENSG00000105639.20","JAK3",613,9.1385,2.7494,2.8111,"OK"
"TCGA-BLCA","TCGA-BT-A20V-01A-11R-A14Y-07","TCGA-BT-A20V","Primary Tumor","094bd0ca-5f46-4ff7-b674-04c5b9001951","ENSG00000105639.20","JAK3",1869,31.0476,8.8708,8.5863,"OK"
"TCGA-BLCA","TCGA-DK-A2HX-01A-12R-A18C-07","TCGA-DK-A2HX","Primary Tumor","645e996a-b069-478d-b1ca-7764d5134581","ENSG00000105639.20","JAK3",829,6.7599,1.8722,2.0647,"OK"
"TCGA-BLCA","TCGA-XF-AAN1-01A-31R-A42T-07","TCGA-XF-AAN1","Primary Tumor","4b71a25a-f25b-4804-8b46-4e90bbbd839b","ENSG00000105639.20","JAK3",394,5.7036,2.0145,2.0315,"OK"
"TCGA-BLCA","TCGA-5N-A9KI-01A-31R-A42T-07","TCGA-5N-A9KI","Primary Tumor","934e6b81-7ea8-4575-ba51-44993cfda7c3","ENSG00000105639.20","JAK3",760,7.1695,2.366,2.5073,"OK"
"TCGA-BLCA","TCGA-FD-A3SJ-01A-12R-A22U-07","TCGA-FD-A3SJ","Primary Tumor","c8e705f2-4c12-4f61-8b9e-985516589a2c","ENSG00000105639.20","JAK3",590,4.0604,1.3034,1.3062,"OK"
"TCGA-BLCA","TCGA-R3-A69X-01A-22R-A30C-07","TCGA-R3-A69X","Primary Tumor","96870eaf-bb4e-4896-87a0-b1e0d2078d73","ENSG00000105639.20","JAK3",1203,12.6093,3.557,3.3345,"OK"
"TCGA-BLCA","TCGA-GU-A762-01A-11R-A33J-07","TCGA-GU-A762","Primary Tumor","e5f4c2b3-d0b3-4c15-8dd8-a511cdeb3aee","ENSG00000105639.20","JAK3",2467,23.4362,7.9543,8.9464,"OK"
"TCGA-BLCA","TCGA-FD-A5BX-01A-11R-A26T-07","TCGA-FD-A5BX","Primary Tumor","bd52f6c8-6f8b-4056-8a3e-8cdc96644952","ENSG00000105639.20","JAK3",3483,42.6742,13.7657,17.6285,"OK"
"TCGA-BLCA","TCGA-4Z-AA7N-01A-11R-A39I-07","TCGA-4Z-AA7N","Primary Tumor","7a542299-ad43-4ea6-91a8-2597139e3250","ENSG00000105639.20","JAK3",2685,48.7839,17.2241,17.1586,"OK"
"TCGA-BLCA","TCGA-ZF-A9RM-01A-11R-A38B-07","TCGA-ZF-A9RM","Primary Tumor","fdd30c10-1cff-49c4-8acc-a1fc9f3dda83","ENSG00000105639.20","JAK3",432,4.8678,1.3839,1.2308,"OK"
"TCGA-BLCA","TCGA-4Z-AA83-01A-11R-A39I-07","TCGA-4Z-AA83","Primary Tumor","97b0d812-02d4-49b5-9865-d123d2d39f6d","ENSG00000105639.20","JAK3",556,7.0344,2.5551,2.6605,"OK"
"TCGA-BLCA","TCGA-CU-A0YR-11A-13R-A10U-07","TCGA-CU-A0YR","Solid Tissue Normal","2725f72c-af0a-40d0-a3eb-2288a0a1fa41","ENSG00000105639.20","JAK3",491,6.3549,1.8636,2.1217,"OK"
"TCGA-BLCA","TCGA-CU-A0YR-01A-12R-A10U-07","TCGA-CU-A0YR","Primary Tumor","35cfd54c-8c39-4f17-8bcb-3bff3ed2169a","ENSG00000105639.20","JAK3",577,5.8059,2.1807,2.3658,"OK"
"TCGA-BLCA","TCGA-FD-A43X-01A-11R-A23W-07","TCGA-FD-A43X","Primary Tumor","212e820f-8d2f-47e4-af5a-b9d5d0f828ea","ENSG00000105639.20","JAK3",590,4.6221,1.6055,1.7312,"OK"
"TCGA-BLCA","TCGA-DK-A3IT-01A-31R-A20F-07","TCGA-DK-A3IT","Primary Tumor","960daf2a-8884-43bd-ab4f-06dadf4f8f61","ENSG00000105639.20","JAK3",1279,11.1419,3.8125,3.7288,"OK"
"TCGA-BLCA","TCGA-CU-A3KJ-01A-11R-A21D-07","TCGA-CU-A3KJ","Primary Tumor","48c72fa3-43b5-4a3f-a712-afce30a963b4","ENSG00000105639.20","JAK3",1200,6.8457,2.2568,2.5286,"OK"
"TCGA-BLCA","TCGA-DK-A2I6-01A-12R-A18C-07","TCGA-DK-A2I6","Primary Tumor","a57fab5c-b3a2-46b8-be89-dbbd0444a2ad","ENSG00000105639.20","JAK3",894,5.3092,1.8729,2.0342,"OK"
"TCGA-BLCA","TCGA-DK-A3IN-01A-11R-A20F-07","TCGA-DK-A3IN","Primary Tumor","a05117b2-0fd4-4f04-91b7-329a9862ce85","ENSG00000105639.20","JAK3",1197,10.5378,3.3302,3.2931,"OK"
"TCGA-BLCA","TCGA-DK-A3IQ-01A-31R-A32Y-07","TCGA-DK-A3IQ","Primary Tumor","04be771c-5256-4c74-ab24-83ba23db4b8b","ENSG00000105639.20","JAK3",511,5.3086,1.3983,1.8977,"OK"
"TCGA-BLCA","TCGA-K4-A3WS-01A-11R-A22U-07","TCGA-K4-A3WS","Primary Tumor","23c5c858-c993-4532-a343-9a39d10dba76","ENSG00000105639.20","JAK3",1258,12.6525,4.1931,4.3435,"OK"
"TCGA-BLCA","TCGA-CF-A9FM-01A-11R-A38B-07","TCGA-CF-A9FM","Primary Tumor","085c6f32-93b3-4047-b165-bc486c3959db","ENSG00000105639.20","JAK3",390,4.7465,1.4371,1.3484,"OK"
"TCGA-BLCA","TCGA-BL-A0C8-01A-11R-A10U-07","TCGA-BL-A0C8","Primary Tumor","dd578d7c-9577-4bda-a1b1-1fd063206537","ENSG00000105639.20","JAK3",805,8.8751,3.2246,3.4549,"OK"
"TCGA-BLCA","TCGA-BL-A0C8-01A-11R-A277-07","TCGA-BL-A0C8","Primary Tumor","49a6de74-9360-4347-a594-d64d5aa5ce9e","ENSG00000105639.20","JAK3",789,7.8114,3.6416,3.4114,"OK"
"TCGA-BLCA","TCGA-YF-AA3M-01A-11R-A42T-07","TCGA-YF-AA3M","Primary Tumor","b82f5de5-c3aa-4675-b2ce-46b2a773888b","ENSG00000105639.20","JAK3",595,10.3929,3.2647,3.2712,"OK"
"TCGA-BLCA","TCGA-CU-A0YO-01A-11R-A10U-07","TCGA-CU-A0YO","Primary Tumor","1b70e7f7-f918-415f-bfee-039e445e2208","ENSG00000105639.20","JAK3",559,5.1168,1.987,2.1752,"OK"
"TCGA-BLCA","TCGA-DK-A2I1-01A-11R-A180-07","TCGA-DK-A2I1","Primary Tumor","a8c61671-89cb-43bc-8c88-5c107954d11c","ENSG00000105639.20","JAK3",1025,6.6024,2.8435,3.4753,"OK"
"TCGA-BLCA","TCGA-GU-A42R-01A-11R-A23N-07","TCGA-GU-A42R","Primary Tumor","75d632c1-2a57-4a2b-850e-42a879fabe87","ENSG00000105639.20","JAK3",385,3.3906,1.1826,1.2056,"OK"
"TCGA-BLCA","TCGA-ZF-AA51-01A-21R-A39I-07","TCGA-ZF-AA51","Primary Tumor","7523828a-8a62-4d05-bb1d-8015e7622736","ENSG00000105639.20","JAK3",1116,12.0923,5.4606,6.248,"OK"
"TCGA-BLCA","TCGA-BL-A3JM-01A-12R-A21D-07","TCGA-BL-A3JM","Primary Tumor","e3eb9c78-ef7a-4f68-8786-e76f5803846b","ENSG00000105639.20","JAK3",496,3.8324,1.0873,0.9795,"OK"
"TCGA-BLCA","TCGA-E5-A4U1-01A-11R-A31N-07","TCGA-E5-A4U1","Primary Tumor","fd5c6054-a277-425a-9f78-bb1135fde6d3","ENSG00000105639.20","JAK3",304,3.1931,1.1928,1.3407,"OK"
"TCGA-BLCA","TCGA-CF-A3MF-01A-12R-A21D-07","TCGA-CF-A3MF","Primary Tumor","48c06ad1-fb6f-4da9-9f29-f739b3c9eb5b","ENSG00000105639.20","JAK3",681,2.8272,2.2629,5.3072,"OK"
"TCGA-BLCA","TCGA-E7-A7XN-01A-11R-A352-07","TCGA-E7-A7XN","Primary Tumor","6f920efc-b660-43cc-b969-8d445c252004","ENSG00000105639.20","JAK3",1451,15.1225,4.9343,5.3372,"OK"
"TCGA-BLCA","TCGA-GD-A3OQ-01A-32R-A220-07","TCGA-GD-A3OQ","Primary Tumor","cf56d43d-5384-4eb9-b4e0-d6c4bef5eb0a","ENSG00000105639.20","JAK3",337,2.8182,0.7863,0.7555,"OK"
"TCGA-BLCA","TCGA-XF-A9ST-01A-11R-A42T-07","TCGA-XF-A9ST","Primary Tumor","0787f4dc-16a6-4f22-9c32-ce6e0bf7b38b","ENSG00000105639.20","JAK3",153,1.9637,0.6139,0.6195,"OK"
"TCGA-BLCA","TCGA-XF-AAML-01A-11R-A42T-07","TCGA-XF-AAML","Primary Tumor","59fadaa4-90c8-4f4c-8a34-3b055a1f73a6","ENSG00000105639.20","JAK3",162,2.5739,0.7916,0.7592,"OK"
"TCGA-BLCA","TCGA-FD-A43N-01A-11R-A23W-07","TCGA-FD-A43N","Primary Tumor","38ea8bf7-78be-4ab2-afc2-74d38be9a01b","ENSG00000105639.20","JAK3",984,6.1789,2.4566,2.898,"OK"
"TCGA-BLCA","TCGA-SY-A9G0-01A-12R-A38B-07","TCGA-SY-A9G0","Primary Tumor","bbc327c9-88f7-4f7c-b874-814496fefb38","ENSG00000105639.20","JAK3",870,12.4838,3.9803,4.2099,"OK"
"TCGA-BLCA","TCGA-C4-A0F0-01A-12R-A10U-07","TCGA-C4-A0F0","Primary Tumor","3e4e441c-a556-4d7d-a8d5-9f49ee0d8b1d","ENSG00000105639.20","JAK3",312,4.7829,1.4064,1.575,"OK"
"TCGA-BLCA","TCGA-XF-A9SU-01A-31R-A39I-07","TCGA-XF-A9SU","Primary Tumor","048da4d7-cab0-49c5-8bc9-78b1bf0b365b","ENSG00000105639.20","JAK3",939,10.7149,4.2876,4.96,"OK"
"TCGA-BLCA","TCGA-LC-A66R-01A-41R-A30C-07","TCGA-LC-A66R","Primary Tumor","827a9b0c-9833-42b5-a27f-308e8107c14e","ENSG00000105639.20","JAK3",677,9.5769,3.8462,3.6678,"OK"
"TCGA-BLCA","TCGA-BT-A20Q-01A-11R-A14Y-07","TCGA-BT-A20Q","Primary Tumor","74e5163f-20ef-4858-8cfd-b28a00b933d1","ENSG00000105639.20","JAK3",963,9.3171,3.2594,3.3779,"OK"
"TCGA-BLCA","TCGA-DK-A1AE-01A-11R-A13Y-07","TCGA-DK-A1AE","Primary Tumor","efb97bb0-e227-4826-aaa7-ef0503f2cf5f","ENSG00000105639.20","JAK3",230,1.3136,0.4323,0.4739,"OK"
"TCGA-BLCA","TCGA-GC-A6I1-01A-12R-A31N-07","TCGA-GC-A6I1","Primary Tumor","c467bc76-6812-40eb-84b4-51bd07fda0db","ENSG00000105639.20","JAK3",2182,18.2279,7.8191,8.7568,"OK"
"TCGA-BLCA","TCGA-G2-A2EK-01A-22R-A18C-07","TCGA-G2-A2EK","Primary Tumor","bc89c589-8a4f-4df9-963b-9d7a2cdedbdd","ENSG00000105639.20","JAK3",976,5.978,2.3799,2.641,"OK"
"TCGA-BLCA","TCGA-DK-AA6R-01A-11R-A42T-07","TCGA-DK-AA6R","Primary Tumor","b6b31a7a-dc07-4168-b147-2a67a0e4a73e","ENSG00000105639.20","JAK3",270,2.9268,0.939,0.9843,"OK"
"TCGA-BLCA","TCGA-ZF-A9R0-01A-11R-A38B-07","TCGA-ZF-A9R0","Primary Tumor","97d3ce96-9be7-4460-8729-53b991892c11","ENSG00000105639.20","JAK3",730,6.5594,3.119,3.837,"OK"
"TCGA-BLCA","TCGA-XF-A9SL-01A-11R-A39I-07","TCGA-XF-A9SL","Primary Tumor","f8e47b7d-575a-432e-bba0-ced2903b9876","ENSG00000105639.20","JAK3",2504,26.1065,8.8494,9.9252,"OK"
"TCGA-BLCA","TCGA-4Z-AA80-01A-11R-A39I-07","TCGA-4Z-AA80","Primary Tumor","2fd7f864-8f3a-4299-8890-d0347ff9b074","ENSG00000105639.20","JAK3",198,2.719,0.8004,0.7118,"OK"
"TCGA-BLCA","TCGA-FD-A3B6-01A-21R-A20F-07","TCGA-FD-A3B6","Primary Tumor","30b0aa88-4e4f-4c03-8d48-6346abb93415","ENSG00000105639.20","JAK3",1236,12.2636,3.6286,3.5574,"OK"
"TCGA-BLCA","TCGA-FD-A6TE-01A-12R-A33J-07","TCGA-FD-A6TE","Primary Tumor","f2f0faf2-f758-48fc-ab5c-22742780b5ba","ENSG00000105639.20","JAK3",271,2.0006,0.6421,0.6309,"OK"
"TCGA-BLCA","TCGA-FD-A3B8-01A-31R-A20F-07","TCGA-FD-A3B8","Primary Tumor","2660e6c6-b4c6-4d29-b048-4ce588b9e1e2","ENSG00000105639.20","JAK3",4179,38.3646,10.9011,11.7815,"OK"
"TCGA-BLCA","TCGA-GD-A2C5-11A-11R-A180-07","TCGA-GD-A2C5","Solid Tissue Normal","6a8f129f-936b-40ff-a631-bf3df5473456","ENSG00000105639.20","JAK3",1246,9.2566,3.3331,3.5556,"OK"
"TCGA-BLCA","TCGA-ZF-AA52-01A-12R-A39I-07","TCGA-ZF-AA52","Primary Tumor","d0c7c4ce-3089-473b-9f78-97be72f8d69a","ENSG00000105639.20","JAK3",762,8.7713,3.2036,3.3789,"OK"
"TCGA-BLCA","TCGA-FD-A6TF-01A-52R-A32O-07","TCGA-FD-A6TF","Primary Tumor","e6c6d387-dbaa-441a-a0d4-84e355926bcf","ENSG00000105639.20","JAK3",770,6.9904,2.319,2.4371,"OK"
"TCGA-BLCA","TCGA-BT-A0S7-01A-11R-A10U-07","TCGA-BT-A0S7","Primary Tumor","fd6e9c41-8a8b-40c0-ac8f-230ed9b4d6f2","ENSG00000105639.20","JAK3",191,3.0811,0.9754,1.0849,"OK"
"TCGA-BLCA","TCGA-ZF-AA4W-01A-12R-A38B-07","TCGA-ZF-AA4W","Primary Tumor","047dc5b6-c15e-4dad-b753-de55ca6e171c","ENSG00000105639.20","JAK3",761,8.7307,3.0232,3.6296,"OK"
"TCGA-BLCA","TCGA-FD-A62P-01A-32R-A30C-07","TCGA-FD-A62P","Primary Tumor","447a666f-00f3-48d3-b839-222a5e18f79e","ENSG00000105639.20","JAK3",737,8.5507,2.9434,3.0335,"OK"
"TCGA-BLCA","TCGA-GC-A3I6-01A-11R-A20F-07","TCGA-GC-A3I6","Primary Tumor","97e7e11e-63ef-4de3-9bf4-182d1071b463","ENSG00000105639.20","JAK3",1691,16.9912,5.1065,4.9841,"OK"
"TCGA-BLCA","TCGA-E7-A7DU-01A-11R-A32O-07","TCGA-E7-A7DU","Primary Tumor","ff721df7-5306-47c6-a5ee-e771678decbd","ENSG00000105639.20","JAK3",130,1.9281,0.751,0.8644,"OK"
"TCGA-BLCA","TCGA-CU-A0YN-11A-11R-A10U-07","TCGA-CU-A0YN","Solid Tissue Normal","c3fc2fca-efd6-46f2-8ec1-431758aff82b","ENSG00000105639.20","JAK3",127,2.0867,0.5237,0.6855,"OK"
"TCGA-BLCA","TCGA-FD-A3SN-01A-12R-A22U-07","TCGA-FD-A3SN","Primary Tumor","e59d8133-5367-4356-ac8d-c7412ddbdce0","ENSG00000105639.20","JAK3",1189,11.3096,3.7798,3.9806,"OK"
"TCGA-BLCA","TCGA-FD-A3SS-01A-12R-A22U-07","TCGA-FD-A3SS","Primary Tumor","bf98764d-1604-4a14-8e06-1c785a085db9","ENSG00000105639.20","JAK3",417,2.8053,1.0176,1.0629,"OK"
"TCGA-BLCA","TCGA-FD-A43P-01A-31R-A23W-07","TCGA-FD-A43P","Primary Tumor","c0694ad0-b4f2-43c4-aef4-aa60c2f5baea","ENSG00000105639.20","JAK3",3001,22.4577,7.3579,7.4431,"OK"
"TCGA-BLCA","TCGA-GV-A3QF-01A-31R-A22U-07","TCGA-GV-A3QF","Primary Tumor","09549fc0-c1a5-45a8-b053-dacfc261f40c","ENSG00000105639.20","JAK3",407,3.6932,1.3299,1.3999,"OK"
"TCGA-BLCA","TCGA-ZF-A9RL-01A-11R-A38B-07","TCGA-ZF-A9RL","Primary Tumor","e8a28c61-858b-4904-bf49-196d4f264221","ENSG00000105639.20","JAK3",142,1.6416,0.5621,0.5247,"OK"
"TCGA-BLCA","TCGA-FD-A6TI-01A-11R-A32O-07","TCGA-FD-A6TI","Primary Tumor","5cd79afa-f5de-4f1a-aa52-d9c7a63c67c8","ENSG00000105639.20","JAK3",351,2.3354,0.8457,0.9291,"OK"
"TCGA-BLCA","TCGA-DK-A3IL-01A-11R-A20F-07","TCGA-DK-A3IL","Primary Tumor","d3ef39a7-6a70-4a2e-9138-80b60e6c0925","ENSG00000105639.20","JAK3",502,3.7712,1.6527,1.8562,"OK"
"TCGA-BLCA","TCGA-GC-A3OO-01A-11R-A22U-07","TCGA-GC-A3OO","Primary Tumor","6a06c38c-e1a8-4fcd-a42c-0cec39d75e93","ENSG00000105639.20","JAK3",462,5.0861,1.5481,1.4976,"OK"
"TCGA-BLCA","TCGA-K4-A4AC-01A-21R-A26T-07","TCGA-K4-A4AC","Primary Tumor","60832867-d7b9-4749-a536-847f46299e07","ENSG00000105639.20","JAK3",381,4.1782,1.4185,1.6007,"OK"
"TCGA-BLCA","TCGA-DK-A2I2-01A-11R-A180-07","TCGA-DK-A2I2","Primary Tumor","6f274dde-6b58-4ef3-8407-450bb3258a78","ENSG00000105639.20","JAK3",1141,9.8032,3.4993,3.896,"OK"
"TCGA-BLCA","TCGA-GD-A3OQ-11A-21R-A220-07","TCGA-GD-A3OQ","Solid Tissue Normal","944dea08-22a6-4679-8548-d05426589a99","ENSG00000105639.20","JAK3",730,5.8024,1.7135,1.7574,"OK"
"TCGA-BLCA","TCGA-K4-A5RI-01A-11R-A28M-07","TCGA-K4-A5RI","Primary Tumor","7b281a36-35de-4979-8684-b7399e9f7edb","ENSG00000105639.20","JAK3",203,2.0904,0.641,0.6615,"OK"
"TCGA-BLCA","TCGA-XF-A9T8-01A-11R-A39I-07","TCGA-XF-A9T8","Primary Tumor","913fd0a8-e639-41b6-bbac-d752621a8ab9","ENSG00000105639.20","JAK3",1260,11.5937,3.8885,4.3878,"OK"
"TCGA-BLCA","TCGA-GV-A3QH-01A-11R-A220-07","TCGA-GV-A3QH","Primary Tumor","e6436e88-ce68-4600-b4fe-b2deb94798ff","ENSG00000105639.20","JAK3",744,5.3673,1.7302,1.7219,"OK"
"TCGA-BLCA","TCGA-GD-A3OS-01A-12R-A220-07","TCGA-GD-A3OS","Primary Tumor","79cbd304-58ee-450b-ba8b-7f0a41e5d298","ENSG00000105639.20","JAK3",4733,37.7781,10.1642,10.3223,"OK"
"TCGA-BLCA","TCGA-GD-A3OP-11A-11R-A220-07","TCGA-GD-A3OP","Solid Tissue Normal","fb8555db-257d-44e0-9bd8-42d6cb84a6cd","ENSG00000105639.20","JAK3",862,6.0255,1.9984,2.2178,"OK"
"TCGA-BLCA","TCGA-4Z-AA81-01A-11R-A39I-07","TCGA-4Z-AA81","Primary Tumor","f969aca2-3b08-4fbd-beea-82b5f1c7f981","ENSG00000105639.20","JAK3",409,4.9111,1.6302,1.7118,"OK"
"TCGA-BLCA","TCGA-DK-A3X2-01A-11R-A22U-07","TCGA-DK-A3X2","Primary Tumor","6cffeba2-09ae-44eb-8299-f16c1caba2cc","ENSG00000105639.20","JAK3",79,0.8491,0.2316,0.2212,"OK"
"TCGA-BLCA","TCGA-UY-A78O-01A-12R-A33J-07","TCGA-UY-A78O","Primary Tumor","b362e14a-00ff-4f53-be6a-99440b3cd0d5","ENSG00000105639.20","JAK3",569,5.1109,2.0133,2.4588,"OK"
"TCGA-BLCA","TCGA-BT-A42C-01A-11R-A23N-07","TCGA-BT-A42C","Primary Tumor","b718ae00-45a5-4c73-8090-c9e4dc733b29","ENSG00000105639.20","JAK3",313,2.2247,0.761,0.7456,"OK"
"TCGA-BLCA","TCGA-FD-A3SM-01A-11R-A22U-07","TCGA-FD-A3SM","Primary Tumor","2df2d356-db5d-4c2c-b0e7-8ee7bc25e68c","ENSG00000105639.20","JAK3",434,3.9988,1.264,1.3714,"OK"
"TCGA-BLCA","TCGA-BT-A20W-11A-11R-A14Y-07","TCGA-BT-A20W","Solid Tissue Normal","871e347d-aca1-4dd4-b8dd-85c1d5bbdfae","ENSG00000105639.20","JAK3",835,11.3398,3.2845,3.3845,"OK"
"TCGA-BLCA","TCGA-BL-A13J-01A-11R-A10U-07","TCGA-BL-A13J","Primary Tumor","0d50ca90-4dfc-4dc8-b353-0d2af65649d6","ENSG00000105639.20","JAK3",280,4.655,1.3761,1.4362,"OK"
"TCGA-BLCA","TCGA-2F-A9KP-01A-11R-A38B-07","TCGA-2F-A9KP","Primary Tumor","70148228-2225-426d-998c-bc5fa1443881","ENSG00000105639.20","JAK3",553,5.9183,1.7488,1.6866,"OK"
"TCGA-BLCA","TCGA-GC-A3RD-01A-12R-A22U-07","TCGA-GC-A3RD","Primary Tumor","cded68ee-b3c2-47a4-a95a-265192af6b09","ENSG00000105639.20","JAK3",676,6.1224,2.2051,2.3252,"OK"
"TCGA-BLCA","TCGA-CF-A8HY-01A-11R-A36F-07","TCGA-CF-A8HY","Primary Tumor","9a59cb30-89ee-4061-be7f-b5d6f268b86a","ENSG00000105639.20","JAK3",326,3.2482,1.2529,1.7247,"OK"
"TCGA-BLCA","TCGA-KQ-A41N-01A-11R-A33J-07","TCGA-KQ-A41N","Primary Tumor","f4e3ab79-7ff4-4d67-9b94-527c41f6c98c","ENSG00000105639.20","JAK3",254,1.8714,0.9158,1.1926,"OK"
"TCGA-BLCA","TCGA-CF-A9FF-01A-11R-A38B-07","TCGA-CF-A9FF","Primary Tumor","9b55a95a-4c3c-4864-9872-0557ddde6515","ENSG00000105639.20","JAK3",583,5.213,2.6918,3.4833,"OK"
"TCGA-BLCA","TCGA-XF-AAMQ-01A-11R-A42T-07","TCGA-XF-AAMQ","Primary Tumor","237bada3-a0f0-4604-a492-e3182f46a074","ENSG00000105639.20","JAK3",1307,8.5403,2.55,2.4959,"OK"
"TCGA-BLCA","TCGA-C4-A0F7-01A-11R-A084-07","TCGA-C4-A0F7","Primary Tumor","225e500f-d447-4561-b878-d8fda3f0fa6a","ENSG00000105639.20","JAK3",312,1.9,0.6204,0.7135,"OK"
"TCGA-BLCA","TCGA-GV-A40G-01A-11R-A23N-07","TCGA-GV-A40G","Primary Tumor","432d16d9-616e-43bb-ba3c-abaddb10573e","ENSG00000105639.20","JAK3",677,5.0715,1.6873,1.636,"OK"
"TCGA-BLCA","TCGA-GC-A3BM-11A-11R-A22U-07","TCGA-GC-A3BM","Solid Tissue Normal","0494aded-dab8-4ad7-a884-ab4536520a6d","ENSG00000105639.20","JAK3",421,4.5499,1.5048,1.7513,"OK"
"TCGA-BLCA","TCGA-FD-A3SQ-01A-21R-A22U-07","TCGA-FD-A3SQ","Primary Tumor","df5f1b7c-8439-45d3-b73e-abdee5e06f7e","ENSG00000105639.20","JAK3",1014,10.0573,3.1478,3.197,"OK"
"TCGA-BLCA","TCGA-E7-A7PW-01A-11R-A352-07","TCGA-E7-A7PW","Primary Tumor","a918f42d-99a5-4735-9542-7088d1a60743","ENSG00000105639.20","JAK3",239,2.1982,1.0136,1.3368,"OK"
"TCGA-BLCA","TCGA-H4-A2HO-01A-11R-A180-07","TCGA-H4-A2HO","Primary Tumor","5d248c5c-e008-4510-bdef-2417b97c864c","ENSG00000105639.20","JAK3",448,3.5681,1.5262,2.0375,"OK"
"TCGA-BLCA","TCGA-DK-A6B1-01A-12R-A30C-07","TCGA-DK-A6B1","Primary Tumor","19bc1add-e899-47fe-a536-8fcfdc110f19","ENSG00000105639.20","JAK3",267,2.1771,0.6716,0.6586,"OK"
"TCGA-BLCA","TCGA-ZF-AA58-01A-12R-A42T-07","TCGA-ZF-AA58","Primary Tumor","ab30d269-4c07-40c8-81d0-3212a8e94b22","ENSG00000105639.20","JAK3",2530,26.0145,7.7227,8.0723,"OK"
"TCGA-BLCA","TCGA-CU-A3YL-01A-11R-A22U-07","TCGA-CU-A3YL","Primary Tumor","3c68c701-fac4-428c-b6a9-c17a56f56e33","ENSG00000105639.20","JAK3",968,7.9295,3.0955,3.3023,"OK"
"TCGA-BLCA","TCGA-FD-A6TH-01A-11R-A32O-07","TCGA-FD-A6TH","Primary Tumor","54d3e578-c36e-4a04-b3b8-d6e40de39c6a","ENSG00000105639.20","JAK3",912,7.3457,2.014,2.2247,"OK"
"TCGA-BLCA","TCGA-FD-A43U-01A-11R-A23W-07","TCGA-FD-A43U","Primary Tumor","f263d517-208d-4048-850e-dbc477cedb92","ENSG00000105639.20","JAK3",2749,19.848,9.3011,11.8525,"OK"
"TCGA-BLCA","TCGA-4Z-AA82-01A-11R-A39I-07","TCGA-4Z-AA82","Primary Tumor","43e7705a-76b5-4715-8110-051aade5599f","ENSG00000105639.20","JAK3",388,4.3601,1.3592,1.4194,"OK"
"TCGA-BLCA","TCGA-E7-A678-01A-11R-A30C-07","TCGA-E7-A678","Primary Tumor","e9d4152e-50a9-4811-a932-90dd83e8f7ea","ENSG00000105639.20","JAK3",494,6.1966,2.2473,2.4743,"OK"
"TCGA-BLCA","TCGA-K4-A5RI-11A-11R-A28M-07","TCGA-K4-A5RI","Solid Tissue Normal","cc1b9d9f-e507-4067-8bfe-3162af3376ef","ENSG00000105639.20","JAK3",2775,26.5199,9.2754,9.9649,"OK"
"TCGA-BLCA","TCGA-G2-A2EL-01A-12R-A18C-07","TCGA-G2-A2EL","Primary Tumor","7d6ccd03-8e72-4213-92e6-e919ad2b3d6e","ENSG00000105639.20","JAK3",101,0.79,0.2358,0.228,"OK"
"TCGA-BLCA","TCGA-G2-A2EF-01A-12R-A18C-07","TCGA-G2-A2EF","Primary Tumor","c5d03736-e541-4e69-bac1-91560edbac0e","ENSG00000105639.20","JAK3",6552,45.6425,13.1072,12.7172,"OK"
"TCGA-BLCA","TCGA-ZF-A9R4-01A-11R-A38B-07","TCGA-ZF-A9R4","Primary Tumor","8618d34e-2e2c-46b1-a36b-89d8968534ce","ENSG00000105639.20","JAK3",423,4.1238,1.3069,1.3103,"OK"
"TCGA-BLCA","TCGA-DK-A3IK-01A-32R-A21D-07","TCGA-DK-A3IK","Primary Tumor","0d9f45b0-f107-46cf-8683-8d9cbb93a8bf","ENSG00000105639.20","JAK3",1223,6.4398,3.1082,3.8829,"OK"
"TCGA-BLCA","TCGA-XF-AAMG-01A-11R-A42T-07","TCGA-XF-AAMG","Primary Tumor","83db339e-52be-4880-b824-386d2a2f6c3f","ENSG00000105639.20","JAK3",401,4.1273,1.4856,1.43,"OK"
"TCGA-BLCA","TCGA-UY-A9PF-01A-11R-A38B-07","TCGA-UY-A9PF","Primary Tumor","905a53ea-fdac-4a68-a59c-6e879bf6bef0","ENSG00000105639.20","JAK3",311,3.9428,1.7489,2.0896,"OK"
"TCGA-BLCA","TCGA-GV-A3JW-01A-11R-A20F-07","TCGA-GV-A3JW","Primary Tumor","52ecadbc-442a-45c4-8f50-46ddbf019f25","ENSG00000105639.20","JAK3",233,1.7274,0.6003,0.586,"OK"
"TCGA-BLCA","TCGA-4Z-AA87-01A-11R-A39I-07","TCGA-4Z-AA87","Primary Tumor","314c8761-290b-4cca-913f-8b7b3e39fe0c","ENSG00000105639.20","JAK3",645,5.2659,1.857,2.065,"OK"
"TCGA-BLCA","TCGA-DK-AA6S-01A-21R-A39I-07","TCGA-DK-AA6S","Primary Tumor","65ddebff-ab5c-4d45-967b-74f211274363","ENSG00000105639.20","JAK3",1722,19.5284,6.92,7.8259,"OK"
"TCGA-BLCA","TCGA-GD-A2C5-01A-12R-A180-07","TCGA-GD-A2C5","Primary Tumor","d7340acb-9a98-4153-9766-a6748933441d","ENSG00000105639.20","JAK3",476,3.5329,1.3282,1.378,"OK"
"TCGA-BLCA","TCGA-K4-A54R-11A-11R-A26T-07","TCGA-K4-A54R","Solid Tissue Normal","91383643-c0b3-42b6-8169-d9363a35806c","ENSG00000105639.20","JAK3",384,4.5529,1.4307,1.6531,"OK"
"TCGA-BLCA","TCGA-UY-A78K-01A-11R-A33J-07","TCGA-UY-A78K","Primary Tumor","eeefab43-73ac-4506-9d38-587f9e6d1394","ENSG00000105639.20","JAK3",2298,18.7177,6.8282,6.8903,"OK"
"TCGA-BLCA","TCGA-DK-A2I4-01A-11R-A21D-07","TCGA-DK-A2I4","Primary Tumor","097c2575-7a0d-4d3e-ad4e-00926dcfe44a","ENSG00000105639.20","JAK3",4215,30.6693,9.5061,9.7619,"OK"
"TCGA-BLCA","TCGA-K4-A6MB-01A-11R-A31N-07","TCGA-K4-A6MB","Primary Tumor","c7c6b31c-ef94-4dde-85ab-33d6c1eeee5c","ENSG00000105639.20","JAK3",383,3.3516,1.0194,1.0135,"OK"
"TCGA-BLCA","TCGA-FD-A3SR-01A-11R-A22U-07","TCGA-FD-A3SR","Primary Tumor","3e65a4ef-4253-4224-b9f0-af7ce585ffed","ENSG00000105639.20","JAK3",971,12.1369,3.0764,2.9545,"OK"
"TCGA-BLCA","TCGA-4Z-AA7R-01A-11R-A39I-07","TCGA-4Z-AA7R","Primary Tumor","ba46c317-226e-42a6-8836-8d8b6158933b","ENSG00000105639.20","JAK3",357,3.3135,1.2021,1.19,"OK"
"TCGA-BLCA","TCGA-E7-A519-01A-11R-A26T-07","TCGA-E7-A519","Primary Tumor","0b4e6a1c-99aa-45e3-a343-c16c26923d40","ENSG00000105639.20","JAK3",1721,19.1703,8.573,13.4632,"OK"
"TCGA-BLCA","TCGA-YC-A9TC-01A-22R-A39I-07","TCGA-YC-A9TC","Primary Tumor","123dbb78-446c-4172-bc3e-a5fe1255a7d8","ENSG00000105639.20","JAK3",339,3.1013,1.0515,1.1901,"OK"
"TCGA-BLCA","TCGA-BT-A20J-01A-11R-A14Y-07","TCGA-BT-A20J","Primary Tumor","a40af2c3-357a-4b23-8ed8-2982f5a5ff65","ENSG00000105639.20","JAK3",1822,21.4466,7.3731,8.3703,"OK"
"TCGA-BLCA","TCGA-DK-A3X1-01A-12R-A22U-07","TCGA-DK-A3X1","Primary Tumor","07355e77-912a-458c-abb0-01533f5d4a9e","ENSG00000105639.20","JAK3",460,2.8662,1.507,1.9571,"OK"
"TCGA-BLCA","TCGA-SY-A9G5-01A-11R-A38B-07","TCGA-SY-A9G5","Primary Tumor","c3859e83-cce1-4fd0-9088-575850145632","ENSG00000105639.20","JAK3",1207,15.5289,4.8261,5.1494,"OK"
"TCGA-BLCA","TCGA-XF-A9T6-01A-11R-A42T-07","TCGA-XF-A9T6","Primary Tumor","c1bc2c7c-09e9-4977-8222-93d5ee3e6967","ENSG00000105639.20","JAK3",609,7.1757,2.3056,2.2814,"OK"
"TCGA-BLCA","TCGA-CF-A27C-01A-11R-A16R-07","TCGA-CF-A27C","Primary Tumor","2877f6c0-649f-44d2-89a1-4a6ef2c8ec19","ENSG00000105639.20","JAK3",528,3.9133,1.3804,1.4692,"OK"
"TCGA-BLCA","TCGA-XF-A9SP-01A-11R-A39I-07","TCGA-XF-A9SP","Primary Tumor","5ecf522e-b9e0-4499-8e48-df0a6fc88e59","ENSG00000105639.20","JAK3",612,5.953,2.2929,2.5163,"OK"
"TCGA-BLCA","TCGA-GC-A3YS-01A-11R-A23N-07","TCGA-GC-A3YS","Primary Tumor","20b3a2ac-5086-48f2-81d1-8f65d92a2c29","ENSG00000105639.20","JAK3",735,7.5907,2.4322,2.5426,"OK"
"TCGA-BLCA","TCGA-DK-A3IV-01A-22R-A21D-07","TCGA-DK-A3IV","Primary Tumor","7cb7395b-d017-4af9-a456-0f4e4a14b672","ENSG00000105639.20","JAK3",2882,23.0148,6.9067,6.1139,"OK"
"TCGA-BLCA","TCGA-XF-A9SK-01A-11R-A42T-07","TCGA-XF-A9SK","Primary Tumor","796b5af5-3ea6-49e3-abc1-ea02ff426a00","ENSG00000105639.20","JAK3",2240,27.612,9.0255,9.2297,"OK"
"TCGA-BLCA","TCGA-G2-A3IE-01A-11R-A20F-07","TCGA-G2-A3IE","Primary Tumor","9c3cc0a6-19cb-4f91-a24f-570a80328908","ENSG00000105639.20","JAK3",828,5.8673,2.3441,2.6869,"OK"
"TCGA-BLCA","TCGA-4Z-AA84-01A-11R-A39I-07","TCGA-4Z-AA84","Primary Tumor","3547d430-08cf-460b-8604-c88e96d70667","ENSG00000105639.20","JAK3",937,9.5194,3.4563,3.7026,"OK"
"TCGA-BLCA","TCGA-ZF-AA53-01A-11R-A39I-07","TCGA-ZF-AA53","Primary Tumor","42c7c9bf-d71a-42f1-8dca-aca2da1950b3","ENSG00000105639.20","JAK3",605,7.7822,2.6532,3.1919,"OK"
"TCGA-BLCA","TCGA-HQ-A2OE-01A-11R-A206-07","TCGA-HQ-A2OE","Primary Tumor","66db3c55-5648-44d5-893b-a3037e1c2f9d","ENSG00000105639.20","JAK3",491,2.957,0.8647,0.8379,"OK"
"TCGA-BLCA","TCGA-ZF-AA5H-01A-11R-A39I-07","TCGA-ZF-AA5H","Primary Tumor","545e71df-0c44-4d78-ab21-c7a570528c4f","ENSG00000105639.20","JAK3",1235,9.0056,2.7895,3.0008,"OK"
"TCGA-BLCA","TCGA-UY-A78M-01A-21R-A352-07","TCGA-UY-A78M","Primary Tumor","748f006b-11dc-4a2f-b857-705e19b511a0","ENSG00000105639.20","JAK3",451,3.8092,1.4486,1.6585,"OK"
"TCGA-BLCA","TCGA-XF-A8HH-01A-11R-A38B-07","TCGA-XF-A8HH","Primary Tumor","0240ae8f-9354-4123-b791-5333317ae9f0","ENSG00000105639.20","JAK3",822,8.5874,3.1455,3.4245,"OK"
"TCGA-BLCA","TCGA-FD-A5C0-01A-11R-A28M-07","TCGA-FD-A5C0","Primary Tumor","ee91dbfe-125f-48c3-95fc-58bc4f33f530","ENSG00000105639.20","JAK3",534,5.6524,1.7127,1.6371,"OK"
"TCGA-BLCA","TCGA-XF-A8HC-01A-11R-A36F-07","TCGA-XF-A8HC","Primary Tumor","5bd14c65-859a-4e3c-ba5b-225ecb2a8f56","ENSG00000105639.20","JAK3",180,1.9307,0.761,0.8037,"OK"
"TCGA-BLCA","TCGA-ZF-AA4T-01A-11R-A38B-07","TCGA-ZF-AA4T","Primary Tumor","5c773161-8a5d-4d0d-93b7-0f7d584350c8","ENSG00000105639.20","JAK3",152,1.7805,0.5939,0.5584,"OK"
"TCGA-BLCA","TCGA-BT-A0YX-01A-11R-A10U-07","TCGA-BT-A0YX","Primary Tumor","ac7d309a-ae43-4906-9be1-9c09d3de5427","ENSG00000105639.20","JAK3",641,6.0173,2.1338,2.5819,"OK"
"TCGA-BLCA","TCGA-DK-AA71-01A-31R-A39I-07","TCGA-DK-AA71","Primary Tumor","aefa5671-fdd8-4d18-a301-89570f9b02ec","ENSG00000105639.20","JAK3",218,2.8877,0.9347,1.0373,"OK"
"TCGA-BLCA","TCGA-DK-A3WW-01A-22R-A23N-07","TCGA-DK-A3WW","Primary Tumor","10a9933f-e28e-463b-ad62-68622cc1b539","ENSG00000105639.20","JAK3",1334,12.1571,4.0649,4.8559,"OK"
"TCGA-BLCA","TCGA-CF-A7I0-01A-22R-A352-07","TCGA-CF-A7I0","Primary Tumor","1272d054-b190-487f-83d5-77a8cfda9c0c","ENSG00000105639.20","JAK3",798,6.9774,2.9379,3.329,"OK"
"TCGA-BLCA","TCGA-GU-AATP-01A-11R-A39I-07","TCGA-GU-AATP","Primary Tumor","a4362780-266c-4912-bfb5-ffbff4661e4a","ENSG00000105639.20","JAK3",499,5.9446,2.3016,2.7259,"OK"
"TCGA-BLCA","TCGA-2F-A9KW-01A-11R-A38B-07","TCGA-2F-A9KW","Primary Tumor","34adff41-4eb8-4d9d-8cdf-b21b43f40062","ENSG00000105639.20","JAK3",668,8.2419,2.5962,2.602,"OK"
"TCGA-BLCA","TCGA-CF-A1HR-01A-11R-A13Y-07","TCGA-CF-A1HR","Primary Tumor","01d381c7-6398-47cb-925c-078cd538852f","ENSG00000105639.20","JAK3",354,3.995,1.4661,1.5003,"OK"
"TCGA-BLCA","TCGA-FD-A62O-01A-11R-A30C-07","TCGA-FD-A62O","Primary Tumor","1de8df86-f564-44c1-91ad-a58df8004911","ENSG00000105639.20","JAK3",1264,12.8045,4.5384,4.9285,"OK"
"TCGA-BLCA","TCGA-E5-A2PC-01A-11R-A206-07","TCGA-E5-A2PC","Primary Tumor","fc84a25f-3de3-4ae1-b918-e62a1a685428","ENSG00000105639.20","JAK3",607,3.6965,1.3097,1.452,"OK"
"TCGA-BLCA","TCGA-FD-A3B3-01A-12R-A206-07","TCGA-FD-A3B3","Primary Tumor","38a7c5bd-8d0f-45e1-86b9-12b81c8f9664","ENSG00000105639.20","JAK3",3501,20.9883,7.0321,7.7466,"OK"
"TCGA-BLCA","TCGA-CF-A5U8-01A-11R-A28M-07","TCGA-CF-A5U8","Primary Tumor","b9c44531-dfff-4774-b906-47986e819f33","ENSG00000105639.20","JAK3",755,7.0752,2.7216,2.9754,"OK"
"TCGA-BLCA","TCGA-4Z-AA7Y-01A-11R-A39I-07","TCGA-4Z-AA7Y","Primary Tumor","6f61614f-6903-4ca9-ad1c-1055d67b6780","ENSG00000105639.20","JAK3",164,2.028,0.5786,0.5684,"OK"
"TCGA-BLCA","TCGA-E7-A5KE-01A-11R-A28M-07","TCGA-E7-A5KE","Primary Tumor","a1277826-2975-4368-8221-e3cd58f97008","ENSG00000105639.20","JAK3",354,3.9139,1.2225,1.0922,"OK"
"TCGA-BLCA","TCGA-BL-A13J-01B-04R-A277-07","TCGA-BL-A13J","Primary Tumor","33506269-8eac-4273-8ea5-0d8a4d82d329","ENSG00000105639.20","JAK3",651,12.565,3.9242,3.5263,"OK"
"TCGA-BLCA","TCGA-GC-A3WC-01A-31R-A22U-07","TCGA-GC-A3WC","Primary Tumor","ca6e88bc-2456-4987-beb0-d3700e7e71dc","ENSG00000105639.20","JAK3",1333,13.1157,4.4708,4.723,"OK"
"TCGA-BLCA","TCGA-K4-A5RJ-01A-11R-A28M-07","TCGA-K4-A5RJ","Primary Tumor","13624e34-f4d6-43d0-8fea-36dc5b731f2a","ENSG00000105639.20","JAK3",2214,31.4054,9.5677,9.5352,"OK"
"TCGA-BLCA","TCGA-K4-A54R-01A-11R-A26T-07","TCGA-K4-A54R","Primary Tumor","a236c850-5a1a-43af-aaf6-fe0c8246a5c0","ENSG00000105639.20","JAK3",1285,18.3684,5.4644,5.6477,"OK"
"TCGA-BLCA","TCGA-DK-AA6Q-01A-11R-A39I-07","TCGA-DK-AA6Q","Primary Tumor","a71fe12b-33e5-4ce6-a39f-c506c7e1d44e","ENSG00000105639.20","JAK3",399,5.1906,1.6247,1.6423,"OK"
"TCGA-BLCA","TCGA-XF-A9T3-01A-11R-A42T-07","TCGA-XF-A9T3","Primary Tumor","586d971a-7150-4a98-bb9b-68695f6a8a7d","ENSG00000105639.20","JAK3",514,13.1254,4.1046,4.021,"OK"
"TCGA-BLCA","TCGA-UY-A8OC-01A-11R-A36F-07","TCGA-UY-A8OC","Primary Tumor","64875e7b-c609-4f64-b2ab-283bdbbf0543","ENSG00000105639.20","JAK3",880,10.0557,3.1853,3.7921,"OK"
"TCGA-BLCA","TCGA-GD-A76B-01A-11R-A32O-07","TCGA-GD-A76B","Primary Tumor","e9f5fd86-6744-43db-9b13-d9b5a57f9f4a","ENSG00000105639.20","JAK3",1309,8.5154,3.6359,4.3181,"OK"
"TCGA-BLCA","TCGA-FJ-A3Z7-01A-12R-A23N-07","TCGA-FJ-A3Z7","Primary Tumor","bac5cad8-043b-490f-86e8-b26325ad5499","ENSG00000105639.20","JAK3",1134,5.3279,3.2104,4.9113,"OK"
"TCGA-BLCA","TCGA-DK-AA6W-01A-12R-A39I-07","TCGA-DK-AA6W","Primary Tumor","56bf7d6b-f075-4548-9d5d-452358d1018d","ENSG00000105639.20","JAK3",503,6.2314,1.9653,1.8399,"OK"
"TCGA-BLCA","TCGA-FD-A43S-01A-21R-A23W-07","TCGA-FD-A43S","Primary Tumor","aa60f7c7-fa2f-483e-8c4b-26f9bc4b72c3","ENSG00000105639.20","JAK3",4604,39.8936,15.3341,17.9447,"OK"
"TCGA-BLCA","TCGA-4Z-AA7O-01A-31R-A39I-07","TCGA-4Z-AA7O","Primary Tumor","5581bfdc-8192-4e79-bf83-0c61d504dc62","ENSG00000105639.20","JAK3",549,7.1867,2.6261,2.7303,"OK"
"TCGA-BLCA","TCGA-BT-A2LA-01A-11R-A18C-07","TCGA-BT-A2LA","Primary Tumor","e23bcf27-4748-42c9-8088-ddf12055b43a","ENSG00000105639.20","JAK3",964,7.4309,2.1411,2.1052,"OK"
"TCGA-BLCA","TCGA-XF-AAMR-01A-31R-A42T-07","TCGA-XF-AAMR","Primary Tumor","4d99171a-0545-4eb4-b99a-ee0d4db75920","ENSG00000105639.20","JAK3",1234,6.3242,1.8329,1.8789,"OK"
"TCGA-BLCA","TCGA-4Z-AA7W-01A-11R-A39I-07","TCGA-4Z-AA7W","Primary Tumor","f61fb2f4-d12a-4452-8c20-9679dee50937","ENSG00000105639.20","JAK3",3088,28.0798,12.63,16.0181,"OK"
"TCGA-BLCA","TCGA-CF-A47X-01A-31R-A23W-07","TCGA-CF-A47X","Primary Tumor","5e5d8a76-04b4-4946-8715-6b61ac46783f","ENSG00000105639.20","JAK3",234,1.2673,0.5231,0.6022,"OK"
"TCGA-BLCA","TCGA-4Z-AA86-01A-11R-A39I-07","TCGA-4Z-AA86","Primary Tumor","3a7de853-78e4-437b-893b-cc2b7879ede8","ENSG00000105639.20","JAK3",2045,17.6807,5.1702,5.1481,"OK"
"TCGA-BLCA","TCGA-FD-A3SO-01A-11R-A22U-07","TCGA-FD-A3SO","Primary Tumor","bf5f0863-853a-4c34-bc0d-bfdef8c14739","ENSG00000105639.20","JAK3",708,7.5552,2.2757,2.3278,"OK"
"TCGA-BLCA","TCGA-YC-A89H-01A-11R-A36F-07","TCGA-YC-A89H","Primary Tumor","677f2370-e186-4842-b410-345a07c0fdad","ENSG00000105639.20","JAK3",552,5.2029,1.802,2.0074,"OK"
"TCGA-BLCA","TCGA-CF-A9FL-01A-11R-A38B-07","TCGA-CF-A9FL","Primary Tumor","9ac4c236-3dd9-4549-86be-fd8c0b4cb7d6","ENSG00000105639.20","JAK3",329,2.7235,1.1754,1.4005,"OK"
"TCGA-BLCA","TCGA-5N-A9KM-01A-11R-A42T-07","TCGA-5N-A9KM","Primary Tumor","88862227-9d1b-4849-b99d-4c26835e4a82","ENSG00000105639.20","JAK3",701,6.73,2.4058,2.5675,"OK"
"TCGA-BLCA","TCGA-YC-A8S6-01A-31R-A38B-07","TCGA-YC-A8S6","Primary Tumor","8e7ea117-cc02-4827-8be3-d99488389bb8","ENSG00000105639.20","JAK3",1104,16.5137,5.413,5.4274,"OK"
"TCGA-BLCA","TCGA-FD-A5BU-01A-31R-A26T-07","TCGA-FD-A5BU","Primary Tumor","78129339-7b80-4dd6-bd93-2df9eed2bfce","ENSG00000105639.20","JAK3",705,8.2506,2.5993,2.8264,"OK"
"TCGA-BLCA","TCGA-XF-AAN2-01A-11R-A42T-07","TCGA-XF-AAN2","Primary Tumor","7f84b583-d817-4e6b-ba5a-eefeea0696a1","ENSG00000105639.20","JAK3",325,5.7353,1.7545,1.687,"OK"
"TCGA-BLCA","TCGA-G2-AA3F-01A-12R-A42T-07","TCGA-G2-AA3F","Primary Tumor","540d3370-ee6b-41df-9670-650800b9596a","ENSG00000105639.20","JAK3",361,3.0614,1.1243,1.0592,"OK"
"TCGA-BLCA","TCGA-G2-A2EO-01A-11R-A180-07","TCGA-G2-A2EO","Primary Tumor","adeb51ae-8d35-417a-92b2-940f803d8ede","ENSG00000105639.20","JAK3",1001,9.8617,3.3851,3.7673,"OK"
"TCGA-BLCA","TCGA-DK-A3WY-01A-11R-A22U-07","TCGA-DK-A3WY","Primary Tumor","1f517491-321e-44e9-9aa8-082267ec9607","ENSG00000105639.20","JAK3",8520,75.2884,26.9527,27.5086,"OK"
"TCGA-BLCA","TCGA-CF-A47Y-01A-11R-A23W-07","TCGA-CF-A47Y","Primary Tumor","1cd41b2d-6f24-4478-851a-5e20e456173d","ENSG00000105639.20","JAK3",1145,6.0966,3.2725,4.7817,"OK"
"TCGA-BLCA","TCGA-DK-A1A6-01A-11R-A13Y-07","TCGA-DK-A1A6","Primary Tumor","31721dee-f673-4ae8-9bd0-a5d2f45ae915","ENSG00000105639.20","JAK3",669,5.6331,1.6896,1.7015,"OK"
"TCGA-BLCA","TCGA-GU-A42Q-01A-11R-A23W-07","TCGA-GU-A42Q","Primary Tumor","221dac32-9dcb-414d-a68d-238cde1178e1","ENSG00000105639.20","JAK3",152,1.3687,0.413,0.4592,"OK"
"TCGA-BLCA","TCGA-GV-A3JZ-01A-11R-A21D-07","TCGA-GV-A3JZ","Primary Tumor","6e8f03bd-2f61-4afc-b104-b4a512cb3a10","ENSG00000105639.20","JAK3",571,3.6277,1.2769,1.3143,"OK"
"TCGA-BLCA","TCGA-XF-AAMY-01A-11R-A42T-07","TCGA-XF-AAMY","Primary Tumor","9b7ee08d-b03c-4c4e-a295-d27cdeff5e92","ENSG00000105639.20","JAK3",401,7.064,2.209,2.1782,"OK"
"TCGA-BLCA","TCGA-XF-AAN7-01A-11R-A42T-07","TCGA-XF-AAN7","Primary Tumor","3bc655bf-2b44-4d75-b1d6-47c12e1af743","ENSG00000105639.20","JAK3",126,3.1102,0.843,0.8113,"OK"
"TCGA-BLCA","TCGA-KQ-A41O-01A-12R-A352-07","TCGA-KQ-A41O","Primary Tumor","b7ee9c20-cf93-4c93-be18-623a05620ebb","ENSG00000105639.20","JAK3",620,5.0052,2.2984,2.8585,"OK"
"TCGA-BLCA","TCGA-BT-A2LD-01A-12R-A20F-07","TCGA-BT-A2LD","Primary Tumor","43cb9ea5-98f6-4e90-be7c-41929ebbffd1","ENSG00000105639.20","JAK3",789,8.3114,2.7748,2.976,"OK"
"TCGA-BLCA","TCGA-UY-A9PD-01A-11R-A38B-07","TCGA-UY-A9PD","Primary Tumor","d8384652-223f-406d-ac4d-4bb0d668032c","ENSG00000105639.20","JAK3",317,4.5641,1.6703,1.8059,"OK"
"TCGA-BLCA","TCGA-E7-A6ME-01A-22R-A32O-07","TCGA-E7-A6ME","Primary Tumor","d675b344-9a99-4ebc-8297-397bf1674e25","ENSG00000105639.20","JAK3",444,5.7488,1.761,1.622,"OK"
"TCGA-BLCA","TCGA-KQ-A41Q-01A-11R-A33J-07","TCGA-KQ-A41Q","Primary Tumor","f792eb0c-3d43-4bcc-a6f5-9bb72551c54a","ENSG00000105639.20","JAK3",646,6.0534,2.2903,2.3864,"OK"
"TCGA-BLCA","TCGA-PQ-A6FN-01A-11R-A31N-07","TCGA-PQ-A6FN","Primary Tumor","e2740bdf-ff53-485c-8c3d-7b0fc34688c2","ENSG00000105639.20","JAK3",684,7.3701,2.6539,2.9879,"OK"
"TCGA-BLCA","TCGA-XF-A8HE-01A-11R-A36F-07","TCGA-XF-A8HE","Primary Tumor","b6a87adc-699d-41a4-b774-6b6062de6077","ENSG00000105639.20","JAK3",1002,9.9031,3.2644,3.5782,"OK"
"TCGA-BLCA","TCGA-FD-A3B4-01A-12R-A206-07","TCGA-FD-A3B4","Primary Tumor","bab2f26d-e9ef-4faa-b834-b3025764ab2d","ENSG00000105639.20","JAK3",1624,12.4159,3.5883,3.9479,"OK"
"TCGA-BLCA","TCGA-FD-A3N6-01A-11R-A21D-07","TCGA-FD-A3N6","Primary Tumor","46d529e1-d5d8-4c11-8383-c0fbf61e07f7","ENSG00000105639.20","JAK3",315,2.262,0.6969,0.8173,"OK"
"TCGA-BLCA","TCGA-CF-A1HS-01A-11R-A13Y-07","TCGA-CF-A1HS","Primary Tumor","9fa569e3-0c99-4fbb-b01a-e5e8e8115954","ENSG00000105639.20","JAK3",235,2.8302,0.9459,1.0562,"OK"
"TCGA-BLCA","TCGA-DK-A6B6-01A-11R-A30C-07","TCGA-DK-A6B6","Primary Tumor","5595d7c4-5d84-4e45-92d6-b51bcbc87204","ENSG00000105639.20","JAK3",632,6.3423,2.6448,2.7449,"OK"
"TCGA-BLCA","TCGA-XF-AAN8-01A-11R-A42T-07","TCGA-XF-AAN8","Primary Tumor","fc636994-9829-4662-a3d2-d38d17abb8df","ENSG00000105639.20","JAK3",1208,20.0873,6.2623,8.6336,"OK"
"TCGA-BLCA","TCGA-FD-A5BZ-01A-11R-A28M-07","TCGA-FD-A5BZ","Primary Tumor","532690cb-760c-480d-902c-2aaf768d28c5","ENSG00000105639.20","JAK3",464,6.3184,1.8721,2.0232,"OK"
"TCGA-BLCA","TCGA-CU-A5W6-01A-11R-A28M-07","TCGA-CU-A5W6","Primary Tumor","06fa3d61-9460-4edf-8711-370536d645bc","ENSG00000105639.20","JAK3",627,5.7539,2.1154,2.3409,"OK"
"TCGA-BLCA","TCGA-CF-A9FH-01A-11R-A38B-07","TCGA-CF-A9FH","Primary Tumor","f7728bbc-7ef6-45a9-b1b9-f7f57f2ed2ce","ENSG00000105639.20","JAK3",145,1.7508,0.6037,0.6236,"OK"
"TCGA-BLCA","TCGA-S5-AA26-01A-11R-A38B-07","TCGA-S5-AA26","Primary Tumor","61e0673f-1e54-4e53-bab3-80117d5f8841","ENSG00000105639.20","JAK3",305,3.3859,1.4294,1.5856,"OK"
"TCGA-BLCA","TCGA-BT-A20U-11A-11R-A14Y-07","TCGA-BT-A20U","Solid Tissue Normal","d11cd62b-2e3c-4f5c-9122-14ea55b8b1be","ENSG00000105639.20","JAK3",376,4.2985,1.6629,2.1583,"OK"
"TCGA-BLCA","TCGA-XF-A9SX-01A-21R-A39I-07","TCGA-XF-A9SX","Primary Tumor","261d8a9c-19a7-4ad4-b338-c018d9b86772","ENSG00000105639.20","JAK3",1037,16.4435,5.2565,5.7421,"OK"
"TCGA-BLCA","TCGA-FD-A5BY-01A-31R-A28M-07","TCGA-FD-A5BY","Primary Tumor","b14bcc5f-6c85-465b-9d01-04acd13d77bd","ENSG00000105639.20","JAK3",609,6.9926,1.9965,1.9244,"OK"
"TCGA-BLCA","TCGA-XF-AAMJ-01A-11R-A42T-07","TCGA-XF-AAMJ","Primary Tumor","ff95132b-c85d-42e1-bd4f-70a1e1171d80","ENSG00000105639.20","JAK3",760,10.1087,3.6243,4.0541,"OK"
"TCGA-BLCA","TCGA-FJ-A3ZE-01A-11R-A23N-07","TCGA-FJ-A3ZE","Primary Tumor","8dbbe608-37d6-499d-8df2-424ddef9d56a","ENSG00000105639.20","JAK3",526,4.2802,1.4969,1.515,"OK"
"TCGA-BLCA","TCGA-BT-A42E-01A-11R-A23W-07","TCGA-BT-A42E","Primary Tumor","4db5b08c-f015-4cd3-b0ce-3bdb4d124b15","ENSG00000105639.20","JAK3",2024,12.5595,5.2866,6.611,"OK"
"TCGA-BLCA","TCGA-E7-A6MD-01A-41R-A352-07","TCGA-E7-A6MD","Primary Tumor","9af3d59a-70f4-4bab-b3dc-eb76648272d7","ENSG00000105639.20","JAK3",1321,13.9253,4.7927,4.968,"OK"
"TCGA-BLCA","TCGA-ZF-AA54-01A-11R-A39I-07","TCGA-ZF-AA54","Primary Tumor","6b746dee-fb0c-46e8-a27b-2d6816c63490","ENSG00000105639.20","JAK3",1736,25.5028,6.5665,6.5898,"OK"
"TCGA-BLCA","TCGA-GC-A3RC-01A-11R-A22U-07","TCGA-GC-A3RC","Primary Tumor","fc2c2d9b-9a57-4f6c-a84a-c42f8218cb9c","ENSG00000105639.20","JAK3",538,5.8566,1.69,1.791,"OK"
"TCGA-BLCA","TCGA-BT-A20X-01A-11R-A16R-07","TCGA-BT-A20X","Primary Tumor","eb5e573d-46b3-47f4-a761-df02765bd899","ENSG00000105639.20","JAK3",498,3.4278,1.1843,1.4206,"OK"
"TCGA-BLCA","TCGA-ZF-AA4R-01A-11R-A38B-07","TCGA-ZF-AA4R","Primary Tumor","6e051237-5800-4b19-b95c-ed8409c5b6a0","ENSG00000105639.20","JAK3",221,3.1815,0.9619,0.9481,"OK"
"TCGA-BLCA","TCGA-G2-A2EJ-01A-11R-A180-07","TCGA-G2-A2EJ","Primary Tumor","bb263179-e0fc-4982-99b5-fe36cbbc5d97","ENSG00000105639.20","JAK3",490,3.5011,1.1647,1.2544,"OK"
"TCGA-BLCA","TCGA-ZF-AA4V-01A-11R-A38B-07","TCGA-ZF-AA4V","Primary Tumor","a4301a19-9d37-4298-bf6f-08d72f083e40","ENSG00000105639.20","JAK3",679,5.8083,1.9565,2.1759,"OK"
"TCGA-BLCA","TCGA-E7-A3X6-01A-12R-A22U-07","TCGA-E7-A3X6","Primary Tumor","f881311a-b8fb-4a72-ac39-5fe6becbbf7b","ENSG00000105639.20","JAK3",922,9.1395,2.8461,2.9522,"OK"
"TCGA-BLCA","TCGA-E7-A85H-01A-11R-A352-07","TCGA-E7-A85H","Primary Tumor","e474edea-089b-4b2d-9911-211514cc2629","ENSG00000105639.20","JAK3",603,4.9328,1.7087,1.7732,"OK"
"TCGA-BLCA","TCGA-GU-AATO-01A-11R-A39I-07","TCGA-GU-AATO","Primary Tumor","51175a4e-4f07-4670-9e14-4faf0c1d0ba5","ENSG00000105639.20","JAK3",578,7.3941,2.9737,3.2307,"OK"
"TCGA-BLCA","TCGA-G2-A3VY-01A-11R-A22U-07","TCGA-G2-A3VY","Primary Tumor","ca1840c9-5470-4e53-8841-37da75196bff","ENSG00000105639.20","JAK3",623,5.2326,1.5597,1.4581,"OK"
"TCGA-BLCA","TCGA-DK-AA75-01A-11R-A39I-07","TCGA-DK-AA75","Primary Tumor","6a88deba-d856-47ec-8fdd-0fa4fcec1c46","ENSG00000105639.20","JAK3",126,1.9428,0.7588,0.8787,"OK"
"TCGA-BLCA","TCGA-2F-A9KO-01A-11R-A38B-07","TCGA-2F-A9KO","Primary Tumor","0be0d83b-9baa-4898-967c-81c466e8fb78","ENSG00000105639.20","JAK3",1210,14.3259,4.9393,5.1909,"OK"
"TCGA-BLCA","TCGA-GU-A766-01A-11R-A32O-07","TCGA-GU-A766","Primary Tumor","63c812a4-c084-4689-876a-a34db611aeef","ENSG00000105639.20","JAK3",3281,27.8509,9.7846,11.0562,"OK"
"TCGA-BLCA","TCGA-BT-A20N-11A-11R-A14Y-07","TCGA-BT-A20N","Solid Tissue Normal","369d20fb-7c1a-4386-8732-c1c5bce0a344","ENSG00000105639.20","JAK3",205,3.7964,1.0157,1.3166,"OK"
"TCGA-BLCA","TCGA-C4-A0F1-01A-11R-A034-07","TCGA-C4-A0F1","Primary Tumor","0dd57486-1eb3-4711-b4ec-8e9de0c4c5a2","ENSG00000105639.20","JAK3",228,1.8902,0.6566,0.9051,"OK"
"TCGA-BLCA","TCGA-K4-A4AB-01B-12R-A28M-07","TCGA-K4-A4AB","Primary Tumor","f152c7d0-14ce-403b-b3e3-163bf3e08507","ENSG00000105639.20","JAK3",726,7.8624,2.4862,2.5185,"OK"
"TCGA-BLCA","TCGA-XF-A8HB-01A-11R-A36F-07","TCGA-XF-A8HB","Primary Tumor","4a152654-5dac-461e-a760-ebcf379b437b","ENSG00000105639.20","JAK3",154,1.1981,0.4074,0.4055,"OK"
"TCGA-BLCA","TCGA-GC-A4ZW-01A-11R-A26T-07","TCGA-GC-A4ZW","Primary Tumor","956c801e-1ac3-4b8e-b26b-0074e5087b5e","ENSG00000105639.20","JAK3",244,3.3497,0.919,0.8192,"OK"
"TCGA-BLCA","TCGA-XF-AAMT-01A-11R-A42T-07","TCGA-XF-AAMT","Primary Tumor","a9244207-0090-465b-ac79-20f4c66066b5","ENSG00000105639.20","JAK3",1620,15.381,4.6045,5.1296,"OK"
"TCGA-BLCA","TCGA-BT-A3PH-01A-11R-A220-07","TCGA-BT-A3PH","Primary Tumor","df4dc655-5b3c-4443-afa6-48f4dcab9d0b","ENSG00000105639.20","JAK3",640,4.7059,1.5185,1.6689,"OK"
"TCGA-BLCA","TCGA-FT-A61P-01A-11R-A30C-07","TCGA-FT-A61P","Primary Tumor","c6035ac1-1356-4e1a-bec1-d950b3711f67","ENSG00000105639.20","JAK3",781,9.1152,2.7471,2.9102,"OK"
"TCGA-BLCA","TCGA-GU-AATQ-01A-11R-A39I-07","TCGA-GU-AATQ","Primary Tumor","cc1fbf31-0db0-44eb-b18b-3ce5bf323d66","ENSG00000105639.20","JAK3",167,3.2803,1.0966,1.129,"OK"
"TCGA-BLCA","TCGA-XF-A9SH-01A-11R-A39I-07","TCGA-XF-A9SH","Primary Tumor","98602ec7-f83c-49c7-a233-1376d3c87f6e","ENSG00000105639.20","JAK3",384,4.6941,2.1853,2.5982,"OK"
"TCGA-BLCA","TCGA-BL-A5ZZ-01A-31R-A30C-07","TCGA-BL-A5ZZ","Primary Tumor","60c2f887-6ef8-46f4-83e0-98186ac62ad0","ENSG00000105639.20","JAK3",1625,16.0884,4.9678,5.5932,"OK"
"TCGA-BLCA","TCGA-FD-A5BT-01A-11R-A26T-07","TCGA-FD-A5BT","Primary Tumor","e380cfd8-3677-4517-9117-08b4f3bd505d","ENSG00000105639.20","JAK3",3617,40.8392,14.4054,19.7099,"OK"
"TCGA-BLCA","TCGA-FJ-A871-01A-11R-A352-07","TCGA-FJ-A871","Primary Tumor","4beaecff-c266-41a3-981a-27d9b049196b","ENSG00000105639.20","JAK3",2027,19.5427,5.9512,6.7538,"OK"
"TCGA-BLCA","TCGA-XF-AAN5-01A-11R-A42T-07","TCGA-XF-AAN5","Primary Tumor","99d9ed5a-e689-47cb-abb2-0c6a69772fe2","ENSG00000105639.20","JAK3",426,9.3235,2.9812,2.9683,"OK"
"TCGA-BLCA","TCGA-UY-A9PH-01A-11R-A38B-07","TCGA-UY-A9PH","Primary Tumor","0faf322c-e776-45ea-9b14-ce8129173697","ENSG00000105639.20","JAK3",873,12.7423,4.9876,5.319,"OK"
"TCGA-BLCA","TCGA-MV-A51V-01A-11R-A26T-07","TCGA-MV-A51V","Primary Tumor","89cbbe72-9061-41dc-ab10-d05112727eb5","ENSG00000105639.20","JAK3",327,3.0784,1.2758,1.4951,"OK"
"TCGA-BLCA","TCGA-XF-A9SV-01A-21R-A42T-07","TCGA-XF-A9SV","Primary Tumor","f34ead46-31b4-462a-aa33-58be37aab6dd","ENSG00000105639.20","JAK3",276,5.1482,1.8198,1.95,"OK"
"TCGA-BLCA","TCGA-DK-A6B5-01A-11R-A31N-07","TCGA-DK-A6B5","Primary Tumor","3e8e666c-0c7b-4fcc-9fbc-2a8b1cfb4c61","ENSG00000105639.20","JAK3",1126,8.9814,2.9001,2.7918,"OK"
"TCGA-BLCA","TCGA-H4-A2HQ-01A-11R-A180-07","TCGA-H4-A2HQ","Primary Tumor","a9bc7aa9-93b4-463a-b465-cb67ba106cf3","ENSG00000105639.20","JAK3",452,5.3234,1.5485,1.4539,"OK"
"TCGA-BLCA","TCGA-E7-A677-01A-11R-A30C-07","TCGA-E7-A677","Primary Tumor","62162b44-2b73-4125-beda-4d238da07b57","ENSG00000105639.20","JAK3",1356,9.5371,2.7489,2.6737,"OK"
"TCGA-BLCA","TCGA-ZF-AA4X-01A-11R-A38B-07","TCGA-ZF-AA4X","Primary Tumor","77fd28e9-00a8-42fe-b10e-42826bbcf0ae","ENSG00000105639.20","JAK3",364,3.4533,1.1916,1.0803,"OK"
"TCGA-BLCA","TCGA-BL-A13I-01B-04R-A277-07","TCGA-BL-A13I","Primary Tumor","3a11c2ab-7b56-4a01-91ab-20c618b9d445","ENSG00000105639.20","JAK3",1942,33.8844,9.8792,8.9751,"OK"
"TCGA-BLCA","TCGA-K4-A3WV-01A-11R-A22U-07","TCGA-K4-A3WV","Primary Tumor","ed0715a2-f284-4224-9db5-fa6bdb70a4ef","ENSG00000105639.20","JAK3",1419,16.0335,4.8353,4.4858,"OK"
"TCGA-BLCA","TCGA-K4-A3WV-11A-21R-A22U-07","TCGA-K4-A3WV","Solid Tissue Normal","2cbb7e35-46d4-4370-82f6-8b82103806f9","ENSG00000105639.20","JAK3",585,6.2941,2.1355,2.16,"OK"
"TCGA-BLCA","TCGA-BT-A20U-01A-11R-A14Y-07","TCGA-BT-A20U","Primary Tumor","51526f32-bbcd-438b-af02-1ee4572d3504","ENSG00000105639.20","JAK3",216,3.7135,1.0765,1.0472,"OK"
"TCGA-BLCA","TCGA-DK-A1AD-01A-11R-A13Y-07","TCGA-DK-A1AD","Primary Tumor","31a6d364-7e0c-4b23-8fa3-2d58d46dc8c5","ENSG00000105639.20","JAK3",417,2.5869,1.0306,1.2343,"OK"
"TCGA-BLCA","TCGA-E7-A8O8-01A-11R-A36F-07","TCGA-E7-A8O8","Primary Tumor","698cc2fb-8b17-4b82-938d-835f703fe850","ENSG00000105639.20","JAK3",319,2.1044,1.0872,1.5407,"OK"
"TCGA-BLCA","TCGA-XF-A9SY-01A-21R-A42T-07","TCGA-XF-A9SY","Primary Tumor","ff6b582d-e2ac-4cca-b436-8e886e6cb518","ENSG00000105639.20","JAK3",1780,24.0739,7.5851,7.9363,"OK"
"TCGA-BLCA","TCGA-XF-A8HF-01A-11R-A36F-07","TCGA-XF-A8HF","Primary Tumor","fc7c869c-a5ac-45af-a397-4c6709cbc271","ENSG00000105639.20","JAK3",470,3.5832,1.6164,2.0347,"OK"
"TCGA-BLCA","TCGA-FD-A3N5-01A-11R-A21D-07","TCGA-FD-A3N5","Primary Tumor","b4849657-e1bc-4992-9ace-f69c32b014ee","ENSG00000105639.20","JAK3",283,2.0788,0.6148,0.6676,"OK"
"TCGA-BLCA","TCGA-E7-A4XJ-01A-11R-A26T-07","TCGA-E7-A4XJ","Primary Tumor","95767ca7-d51b-4210-9980-4daa889168fd","ENSG00000105639.20","JAK3",449,4.3574,2.0125,2.4151,"OK"
"TCGA-BLCA","TCGA-GC-A6I3-01A-11R-A31N-07","TCGA-GC-A6I3","Primary Tumor","cc4ae8fa-575a-4151-bdfd-2a21f4b9c23d","ENSG00000105639.20","JAK3",1398,14.3234,5.9814,7.4419,"OK"
"TCGA-BLCA","TCGA-XF-A9SM-01A-11R-A42T-07","TCGA-XF-A9SM","Primary Tumor","21992c62-7349-47f8-91d0-3e55f2f8deda","ENSG00000105639.20","JAK3",2393,27.8369,8.8243,8.9095,"OK"
"TCGA-BLCA","TCGA-XF-A9T2-01A-11R-A42T-07","TCGA-XF-A9T2","Primary Tumor","b03b7b9b-00ef-4e0d-bac2-0b1059d57a87","ENSG00000105639.20","JAK3",287,6.586,1.9177,1.9944,"OK"
"TCGA-BLCA","TCGA-ZF-A9R5-01A-12R-A42T-07","TCGA-ZF-A9R5","Primary Tumor","acc53772-3f05-4d89-9cb2-3784007f96f6","ENSG00000105639.20","JAK3",1342,14.8465,4.6782,4.5168,"OK"
"TCGA-BLCA","TCGA-DK-AA6L-01A-11R-A39I-07","TCGA-DK-AA6L","Primary Tumor","c6514474-b8ae-44e9-96bc-a8b065dd29be","ENSG00000105639.20","JAK3",1170,16.8634,4.8961,4.5579,"OK"
"TCGA-BLCA","TCGA-CF-A5UA-01A-11R-A28M-07","TCGA-CF-A5UA","Primary Tumor","ae7d0fb2-9827-4769-9b64-da4d62ec694b","ENSG00000105639.20","JAK3",367,3.3377,1.2282,1.4353,"OK"
"TCGA-BLCA","TCGA-2F-A9KT-01A-11R-A38B-07","TCGA-2F-A9KT","Primary Tumor","a073f686-b7bb-4831-bd74-a5f6411c4098","ENSG00000105639.20","JAK3",516,7.9799,2.3257,2.1387,"OK"
"TCGA-BLCA","TCGA-FT-A3EE-01A-11R-A206-07","TCGA-FT-A3EE","Primary Tumor","6bc46915-4f60-4553-8db9-e136df580a54","ENSG00000105639.20","JAK3",823,4.5919,1.4707,1.5234,"OK"
"TCGA-BLCA","TCGA-ZF-A9R7-01A-11R-A38B-07","TCGA-ZF-A9R7","Primary Tumor","42e9c6af-e24d-4897-8178-d132055ec51e","ENSG00000105639.20","JAK3",2084,26.159,10.5171,10.7308,"OK"
"TCGA-BLCA","TCGA-FD-A43Y-01A-21R-A26T-07","TCGA-FD-A43Y","Primary Tumor","7c01fcae-dec1-4d7a-892e-b5d76ad81e17","ENSG00000105639.20","JAK3",302,3.8609,1.2324,1.4291,"OK"
"TCGA-BLCA","TCGA-DK-AA76-01A-11R-A39I-07","TCGA-DK-AA76","Primary Tumor","3f8e9328-2b3d-4f66-a5ee-77690a590d5f","ENSG00000105639.20","JAK3",156,1.9253,0.6151,0.5995,"OK"
"TCGA-BLCA","TCGA-BT-A2LB-01A-11R-A18C-07","TCGA-BT-A2LB","Primary Tumor","6b3b49fb-5c2a-4906-bc17-1710e0f823d5","ENSG00000105639.20","JAK3",992,7.3276,2.5048,2.6342,"OK"
"TCGA-BLCA","TCGA-CF-A47S-01A-11R-A23W-07","TCGA-CF-A47S","Primary Tumor","25a410f8-b6f6-4883-8551-4e2515606cd6","ENSG00000105639.20","JAK3",1112,4.2628,1.7659,2.1184,"OK"
"TCGA-BLCA","TCGA-BL-A13I-01A-11R-A277-07","TCGA-BL-A13I","Primary Tumor","f36b3cb3-b632-43c6-a6e3-c325c9e7026f","ENSG00000105639.20","JAK3",235,41.5843,13.2137,10.7896,"OK"
"TCGA-BLCA","TCGA-KQ-A41P-01A-12R-A33J-07","TCGA-KQ-A41P","Primary Tumor","2e4d5e4c-9112-42db-af91-ef424862b568","ENSG00000105639.20","JAK3",989,7.3721,3.3187,3.9753,"OK"
"TCGA-BLCA","TCGA-XF-A8HD-01A-11R-A36F-07","TCGA-XF-A8HD","Primary Tumor","54991bf3-8da2-4bbd-a101-b9a7a038a05a","ENSG00000105639.20","JAK3",1969,15.1894,5.0965,5.4339,"OK"
"TCGA-BLCA","TCGA-ZF-A9RD-01A-11R-A42T-07","TCGA-ZF-A9RD","Primary Tumor","3e0cf0a5-3791-4baa-9adf-f5b752ea48a4","ENSG00000105639.20","JAK3",829,14.0125,5.1276,5.6538,"OK"
"TCGA-BLCA","TCGA-GV-A6ZA-01A-12R-A33J-07","TCGA-GV-A6ZA","Primary Tumor","ea475654-2b19-4630-96d2-c19dc4b41ff4","ENSG00000105639.20","JAK3",371,3.4399,1.2847,1.3147,"OK"
"TCGA-BLCA","TCGA-XF-A9SW-01A-11R-A42T-07","TCGA-XF-A9SW","Primary Tumor","b45de871-d65f-4f5e-bd80-aecd17b50296","ENSG00000105639.20","JAK3",470,9.4097,3.155,3.6154,"OK"
"TCGA-BLCA","TCGA-GU-A763-01A-11R-A32O-07","TCGA-GU-A763","Primary Tumor","8587b809-2355-461b-9d55-4c7952c128a2","ENSG00000105639.20","JAK3",456,2.8021,1.0572,1.4525,"OK"
"TCGA-BLCA","TCGA-2F-A9KR-01A-11R-A38B-07","TCGA-2F-A9KR","Primary Tumor","472e3377-06dc-42ff-9c0f-1c086144b637","ENSG00000105639.20","JAK3",269,3.0333,0.9413,0.9363,"OK"
"TCGA-BLCA","TCGA-ZF-AA5N-01A-11R-A42T-07","TCGA-ZF-AA5N","Primary Tumor","90fb6b38-0bc5-47ea-8142-d329503615fe","ENSG00000105639.20","JAK3",419,11.6982,3.4932,3.9655,"OK"
"TCGA-BLCA","TCGA-E7-A3Y1-01A-11R-A22U-07","TCGA-E7-A3Y1","Primary Tumor","42653f5c-0986-496c-b75b-63340fa7a3ac","ENSG00000105639.20","JAK3",445,3.3044,1.5408,1.8873,"OK"
"TCGA-BLCA","TCGA-BT-A20R-11A-11R-A16R-07","TCGA-BT-A20R","Solid Tissue Normal","db5ffcf5-d843-49dd-a7c9-929c17218f40","ENSG00000105639.20","JAK3",392,2.7158,0.7857,1.1279,"OK"
"TCGA-BLCA","TCGA-BT-A20R-01A-12R-A16R-07","TCGA-BT-A20R","Primary Tumor","a94c3c43-d23c-444f-b4d2-78cfa60aad3a","ENSG00000105639.20","JAK3",454,4.0553,1.3224,1.443,"OK"
"TCGA-BLCA","TCGA-DK-A1AG-01A-11R-A13Y-07","TCGA-DK-A1AG","Primary Tumor","0ae9c185-e126-4848-bf85-65cd2bd7f1b2","ENSG00000105639.20","JAK3",1908,17.1142,5.3845,5.2,"OK"
"TCGA-BLCA","TCGA-XF-A9T5-01A-11R-A42T-07","TCGA-XF-A9T5","Primary Tumor","a34b462b-acee-42e1-846f-cdf94360e19d","ENSG00000105639.20","JAK3",1301,12.8308,4.9198,5.8327,"OK"
"TCGA-BLCA","TCGA-DK-AA6M-01A-11R-A39I-07","TCGA-DK-AA6M","Primary Tumor","3c1cb2bb-6249-45d1-94f9-ac25b428219c","ENSG00000105639.20","JAK3",817,12.243,3.9852,4.287,"OK"
"TCGA-BLCA","TCGA-HQ-A5NE-01A-12R-A28M-07","TCGA-HQ-A5NE","Primary Tumor","b5a579fb-51e6-47d2-b681-a4f5c75dadba","ENSG00000105639.20","JAK3",544,6.4027,1.8548,1.7703,"OK"
"TCGA-BLCA","TCGA-DK-AA6T-01A-11R-A39I-07","TCGA-DK-AA6T","Primary Tumor","34f45ad7-bebd-4525-9102-911239d5b27d","ENSG00000105639.20","JAK3",2926,27.4913,10.9994,12.9079,"OK"
"TCGA-BLCA","TCGA-BT-A42F-01A-11R-A23W-07","TCGA-BT-A42F","Primary Tumor","d8ce29f1-3d83-4639-b02b-849510bc17d8","ENSG00000105639.20","JAK3",2000,12.8135,5.8613,7.1453,"OK"
"TCGA-BLCA","TCGA-KQ-A41R-01A-21R-A352-07","TCGA-KQ-A41R","Primary Tumor","c3bb09b6-f161-44d1-a4f4-9733ffd20207","ENSG00000105639.20","JAK3",237,2.3129,1.1917,1.5678,"OK"
"TCGA-BLCA","TCGA-UY-A8OD-01A-11R-A36F-07","TCGA-UY-A8OD","Primary Tumor","ba18b2a0-482c-4d51-8c88-3966d1b6b659","ENSG00000105639.20","JAK3",684,6.1179,2.534,3.1517,"OK"
"TCGA-BLCA","TCGA-E7-A6MF-01A-12R-A32O-07","TCGA-E7-A6MF","Primary Tumor","55e88914-7b3c-4eb8-91ac-9a249e47c9e9","ENSG00000105639.20","JAK3",161,1.9542,0.5436,0.4987,"OK"
"TCGA-BLCA","TCGA-E7-A4IJ-01A-31R-A26T-07","TCGA-E7-A4IJ","Primary Tumor","4cedcaf0-2806-4f70-98bd-a3a9053e79a4","ENSG00000105639.20","JAK3",466,5.2056,1.9034,1.9283,"OK"
"TCGA-BLCA","TCGA-FD-A6TA-01A-12R-A33J-07","TCGA-FD-A6TA","Primary Tumor","bf6cd84a-ef98-4bed-a16b-5a81d2834cac","ENSG00000105639.20","JAK3",901,9.3542,3.507,3.6616,"OK"
"TCGA-BLCA","TCGA-UY-A8OB-01A-12R-A42T-07","TCGA-UY-A8OB","Primary Tumor","11e9f587-e1cd-446e-bba0-9991b1540e83","ENSG00000105639.20","JAK3",189,2.6337,0.8276,0.9309,"OK"
"TCGA-BLCA","TCGA-LT-A5Z6-01A-11R-A28M-07","TCGA-LT-A5Z6","Primary Tumor","676db5bd-e3c3-4bc6-ac5c-0240f2a9278a","ENSG00000105639.20","JAK3",525,5.298,2.049,1.9554,"OK"
"TCGA-BLCA","TCGA-XF-AAMZ-01A-11R-A42T-07","TCGA-XF-AAMZ","Primary Tumor","4d356fe2-d8c0-4e7a-bc54-98887c7d0847","ENSG00000105639.20","JAK3",408,7.7704,2.5525,2.6182,"OK"
"TCGA-BLCA","TCGA-FD-A5BR-01A-11R-A26T-07","TCGA-FD-A5BR","Primary Tumor","65b5577d-5de3-45b2-8e3a-39a0b4ae01f1","ENSG00000105639.20","JAK3",1474,14.1576,5.6298,5.7169,"OK"
"TCGA-BLCA","TCGA-UY-A9PB-01A-11R-A38B-07","TCGA-UY-A9PB","Primary Tumor","ff3910aa-45a9-42b9-a988-f35a7bb401fa","ENSG00000105639.20","JAK3",1274,15.6973,5.2989,5.3429,"OK"
"TCGA-BLCA","TCGA-XF-A9T4-01A-11R-A39I-07","TCGA-XF-A9T4","Primary Tumor","292d4147-6b4e-46d5-b678-03f33b55e1b2","ENSG00000105639.20","JAK3",588,4.4715,1.1704,1.2328,"OK"
"TCGA-BLCA","TCGA-GV-A3JX-01A-11R-A20F-07","TCGA-GV-A3JX","Primary Tumor","ad22b08f-0bc2-4bf3-96c2-9cb3d65c0718","ENSG00000105639.20","JAK3",1255,9.8482,2.9738,2.686,"OK"
"TCGA-BLCA","TCGA-ZF-A9RF-01A-11R-A38B-07","TCGA-ZF-A9RF","Primary Tumor","e138614d-91b9-4a50-8859-97bc23d41d6c","ENSG00000105639.20","JAK3",1868,20.1744,6.2343,6.2187,"OK"
"TCGA-BLCA","TCGA-G2-AA3D-01A-11R-A39I-07","TCGA-G2-AA3D","Primary Tumor","860b5719-8396-47cb-b70a-016f121240fe","ENSG00000105639.20","JAK3",800,7.9036,2.905,2.9915,"OK"
"TCGA-BLCA","TCGA-ZF-AA56-01A-31R-A39I-07","TCGA-ZF-AA56","Primary Tumor","11528963-2ae3-44cc-a1fa-3a1ef205570c","ENSG00000105639.20","JAK3",1165,12.2947,3.7342,3.8892,"OK"
"TCGA-BLCA","TCGA-DK-AA77-01A-11R-A39I-07","TCGA-DK-AA77","Primary Tumor","59ad9fc4-6584-4d95-b4d0-2b2b99b85efa","ENSG00000105639.20","JAK3",533,6.5344,1.906,1.9171,"OK"
"TCGA-BLCA","TCGA-XF-AAMX-01A-11R-A42T-07","TCGA-XF-AAMX","Primary Tumor","670c590f-ab3a-4da6-a725-21ab5ae09286","ENSG00000105639.20","JAK3",505,6.3784,2.0635,1.9869,"OK"
"TCGA-BLCA","TCGA-K4-A5RH-01A-11R-A30C-07","TCGA-K4-A5RH","Primary Tumor","10fd912f-aa39-41a9-a412-45c280ee6825","ENSG00000105639.20","JAK3",5131,31.2971,8.966,9.2812,"OK"
"TCGA-BLCA","TCGA-XF-A8HI-01A-11R-A38B-07","TCGA-XF-A8HI","Primary Tumor","a836a46a-1d54-476b-be66-8fb9e13059f5","ENSG00000105639.20","JAK3",408,4.3508,1.4525,1.4506,"OK"
"TCGA-BLCA","TCGA-4Z-AA7S-01A-11R-A39I-07","TCGA-4Z-AA7S","Primary Tumor","0c884015-1384-42a9-b74e-79e525d562da","ENSG00000105639.20","JAK3",296,3.1611,0.9962,1.022,"OK"
"TCGA-BLCA","TCGA-DK-A1AB-01A-11R-A13Y-07","TCGA-DK-A1AB","Primary Tumor","fb9fb5e4-e0e0-4d13-9628-898ed183f1d9","ENSG00000105639.20","JAK3",926,6.8657,1.9189,2.1763,"OK"
"TCGA-BLCA","TCGA-ZF-A9R1-01A-11R-A39I-07","TCGA-ZF-A9R1","Primary Tumor","0c1581e7-b516-4eae-83d6-e6b12d778be9","ENSG00000105639.20","JAK3",417,4.9428,1.4715,1.4782,"OK"
"TCGA-BLCA","TCGA-CF-A3MI-01A-11R-A20F-07","TCGA-CF-A3MI","Primary Tumor","16618053-5ef2-48d4-aeca-2adac22b0835","ENSG00000105639.20","JAK3",330,1.6156,1.0376,1.7331,"OK"
"TCGA-BLCA","TCGA-DK-A1AF-01A-11R-A13Y-07","TCGA-DK-A1AF","Primary Tumor","4f21ab62-06c5-4b62-b709-2134ef0247d5","ENSG00000105639.20","JAK3",2398,17.8132,5.3729,5.5864,"OK"
"TCGA-BLCA","TCGA-BT-A20P-01A-11R-A14Y-07","TCGA-BT-A20P","Primary Tumor","c8457ee8-a843-4b60-a7b0-0c802c547d43","ENSG00000105639.20","JAK3",176,2.8686,1.0103,1.0983,"OK"
"TCGA-BLCA","TCGA-S5-A6DX-01A-11R-A31N-07","TCGA-S5-A6DX","Primary Tumor","8d382ecb-aa96-4b5d-820c-25ca61a545c4","ENSG00000105639.20","JAK3",1543,15.4469,6.7227,9.5597,"OK"
"TCGA-BLCA","TCGA-GD-A6C6-01A-21R-A31N-07","TCGA-GD-A6C6","Primary Tumor","f4633f46-6081-4ab3-a53c-9497df3c4616","ENSG00000105639.20","JAK3",373,3.5409,1.4368,2.1355,"OK"
"TCGA-BLCA","TCGA-ZF-A9R3-01A-11R-A38B-07","TCGA-ZF-A9R3","Primary Tumor","add7c773-bee8-4932-ac9d-b68da21a075a","ENSG00000105639.20","JAK3",603,5.1251,1.7216,1.668,"OK"
"TCGA-BLCA","TCGA-CU-A72E-01A-12R-A33J-07","TCGA-CU-A72E","Primary Tumor","e53ef6c8-f873-4aab-a1e4-983e5faaead1","ENSG00000105639.20","JAK3",359,2.4495,0.9077,1.0819,"OK"
"TCGA-BLCA","TCGA-K4-A83P-01A-11R-A352-07","TCGA-K4-A83P","Primary Tumor","6f4576f3-571b-4e51-85d1-78ffeb174303","ENSG00000105639.20","JAK3",4442,30.2285,13.2156,14.1964,"OK"
"TCGA-BLCA","TCGA-CU-A3QU-01A-11R-A22U-07","TCGA-CU-A3QU","Primary Tumor","cab65bb2-c00e-49b0-a7da-1096939debef","ENSG00000105639.20","JAK3",599,4.9735,1.536,1.4322,"OK"
"TCGA-BLCA","TCGA-GC-A6I3-11A-11R-A31N-07","TCGA-GC-A6I3","Solid Tissue Normal","aa463feb-707d-4f3f-b8ed-ca51d0054302","ENSG00000105639.20","JAK3",5784,61.3329,26.111,29.5166,"OK"
"TCGA-BLCA","TCGA-BT-A2LA-11A-11R-A18C-07","TCGA-BT-A2LA","Solid Tissue Normal","560f0fec-b04d-40f2-b575-b9dde46fa704","ENSG00000105639.20","JAK3",609,4.568,1.5721,1.9315,"OK"
"TCGA-BLCA","TCGA-ZF-A9R2-01A-11R-A39I-07","TCGA-ZF-A9R2","Primary Tumor","fcb16c0f-d69d-4656-9963-8721f2f5066b","ENSG00000105639.20","JAK3",139,1.7768,0.5578,0.5377,"OK"
"TCGA-BLCA","TCGA-XF-A9SJ-01A-11R-A39I-07","TCGA-XF-A9SJ","Primary Tumor","e72ffb47-2cbf-4cde-9431-fffbf50f5013","ENSG00000105639.20","JAK3",1092,9.7614,3.8389,4.387,"OK"
"TCGA-BLCA","TCGA-CF-A3MH-01A-11R-A20F-07","TCGA-CF-A3MH","Primary Tumor","5aeaa0ca-e8f3-494d-a6a2-e4f3d58074ba","ENSG00000105639.20","JAK3",366,2.5603,0.9675,1.0968,"OK"
"TCGA-BLCA","TCGA-E5-A4TZ-01A-11R-A31N-07","TCGA-E5-A4TZ","Primary Tumor","10587870-10fd-408b-bf8f-f97bbf668952","ENSG00000105639.20","JAK3",258,2.1346,0.6268,0.5993,"OK"
"TCGA-BLCA","TCGA-DK-A1A3-01A-11R-A13Y-07","TCGA-DK-A1A3","Primary Tumor","e1ff1fc1-7938-4d9b-89bf-5b7ca2d8b016","ENSG00000105639.20","JAK3",624,7.1205,2.2781,2.5423,"OK"
"TCGA-BLCA","TCGA-UY-A78P-01A-12R-A36F-07","TCGA-UY-A78P","Primary Tumor","9a3f6a97-e978-4132-85d0-5b86e4f289b5","ENSG00000105639.20","JAK3",1126,10.1657,3.8271,4.5479,"OK"
"TCGA-BLCA","TCGA-XF-AAME-01A-12R-A42T-07","TCGA-XF-AAME","Primary Tumor","6d492b0e-8e87-43d7-b9cb-7a57eca9494f","ENSG00000105639.20","JAK3",3690,30.3403,10.7074,11.7759,"OK"
"TCGA-BLCA","TCGA-CF-A47V-01A-11R-A23W-07","TCGA-CF-A47V","Primary Tumor","400d229e-aa12-4276-ba02-682e26bd3ebc","ENSG00000105639.20","JAK3",1110,7.6207,3.2821,3.9095,"OK"
"TCGA-BLCA","TCGA-BT-A2LB-11A-11R-A18C-07","TCGA-BT-A2LB","Solid Tissue Normal","683d0af9-e330-4d12-9dcd-28f0fcd30678","ENSG00000105639.20","JAK3",997,6.4614,2.4323,3.3994,"OK"
"TCGA-BLCA","TCGA-BL-A13I-01A-11R-A13Y-07","TCGA-BL-A13I","Primary Tumor","3c5d447f-7b0a-48db-a155-189f73e7f7da","ENSG00000105639.20","JAK3",2004,21.3477,6.1854,6.1831,"OK"
"TCGA-BLCA","TCGA-E7-A541-01A-11R-A26T-07","TCGA-E7-A541","Primary Tumor","7de76992-4942-4011-afdf-7225842a9294","ENSG00000105639.20","JAK3",1066,11.3188,4.0366,3.9145,"OK"
"TCGA-BLCA","TCGA-XF-AAN4-01A-11R-A42T-07","TCGA-XF-AAN4","Primary Tumor","bde8adb0-674a-46a3-b9c3-079bc55e6b84","ENSG00000105639.20","JAK3",1428,22.8557,6.7205,7.3999,"OK"
"TCGA-BLCA","TCGA-FD-A62N-01A-11R-A30C-07","TCGA-FD-A62N","Primary Tumor","b503684b-9de0-48c7-bceb-cfc45dc7d86e","ENSG00000105639.20","JAK3",4150,38.2427,14.8169,16.9817,"OK"
"TCGA-BLCA","TCGA-G2-A3IB-01A-11R-A20F-07","TCGA-G2-A3IB","Primary Tumor","9d85ecd9-deef-474f-8dca-7fbbee531e7f","ENSG00000105639.20","JAK3",237,1.8335,0.5932,0.6749,"OK"
"TCGA-BLCA","TCGA-GU-A767-01A-11R-A32O-07","TCGA-GU-A767","Primary Tumor","9c91197a-5784-4e76-a94a-ed53ad3f02fc","ENSG00000105639.20","JAK3",656,6.0476,2.1851,2.6646,"OK"
"TCGA-BLCA","TCGA-DK-A6AV-01A-12R-A30C-07","TCGA-DK-A6AV","Primary Tumor","2209d173-1628-4001-9278-7f495f4065aa","ENSG00000105639.20","JAK3",449,5.5564,2.0266,2.1313,"OK"
"TCGA-BLCA","TCGA-G2-AA3C-01A-21R-A39I-07","TCGA-G2-AA3C","Primary Tumor","1abd183c-a740-42d6-b913-7c41a794a3a8",NA,"JAK3",NA,NA,NA,NA,"DOWNLOAD_FAILED"
"TCGA-BLCA","TCGA-XF-A8HG-01A-11R-A36F-07","TCGA-XF-A8HG","Primary Tumor","d0d8533b-7284-49cb-96ff-f0145017084d","ENSG00000105639.20","JAK3",276,2.1578,1.0245,1.2354,"OK"
"TCGA-BLCA","TCGA-BT-A20O-01A-21R-A14Y-07","TCGA-BT-A20O","Primary Tumor","efec9ce7-6478-4af4-9d66-5b554e715bcb","ENSG00000105639.20","JAK3",3478,41.7108,13.5381,13.1441,"OK"
"TCGA-BLCA","TCGA-KQ-A41S-01A-12R-A33J-07","TCGA-KQ-A41S","Primary Tumor","3a45133a-ac40-473c-9c32-015a837965cb","ENSG00000105639.20","JAK3",526,4.338,1.5788,1.6715,"OK"
"TCGA-BLCA","TCGA-FD-A6TD-01A-51R-A33J-07","TCGA-FD-A6TD","Primary Tumor","74c60b29-cbf2-4398-aae0-372561a98682","ENSG00000105639.20","JAK3",906,8.5429,3.0467,3.312,"OK"
"TCGA-BLCA","TCGA-FD-A5BS-01A-21R-A26T-07","TCGA-FD-A5BS","Primary Tumor","339643c4-b114-415e-83f4-3d45cb212e9e","ENSG00000105639.20","JAK3",3582,27.136,21.5887,25.072,"OK"
"TCGA-BLCA","TCGA-DK-A3WX-01A-22R-A22U-07","TCGA-DK-A3WX","Primary Tumor","b4ae8845-cb08-41d4-8a34-9ab77bebe819","ENSG00000105639.20","JAK3",2307,21.8384,6.7005,7.098,"OK"
"TCGA-BLCA","TCGA-XF-AAN0-01A-11R-A42T-07","TCGA-XF-AAN0","Primary Tumor","ac728bb8-2b0c-4a0a-9c80-23e0fb768393","ENSG00000105639.20","JAK3",959,6.3019,2.3323,2.5651,"OK"
"TCGA-BLCA","TCGA-XF-A9SZ-01A-11R-A39I-07","TCGA-XF-A9SZ","Primary Tumor","0b2988c8-f381-40f2-903b-3a0a8ccde0bc","ENSG00000105639.20","JAK3",1062,13.6958,4.2468,4.6703,"OK"
"TCGA-BLCA","TCGA-FJ-A3ZF-01A-11R-A23N-07","TCGA-FJ-A3ZF","Primary Tumor","6ca2f84e-afd4-4017-9e8c-2a1d82b65b79","ENSG00000105639.20","JAK3",320,1.7304,0.6674,0.6892,"OK"
"TCGA-BLCA","TCGA-BT-A20N-01A-11R-A14Y-07","TCGA-BT-A20N","Primary Tumor","1f8056d2-b99e-4a81-bb13-999bda6719d6","ENSG00000105639.20","JAK3",213,3.017,0.8857,0.8615,"OK"
"TCGA-BLCA","TCGA-UY-A9PE-01A-11R-A38B-07","TCGA-UY-A9PE","Primary Tumor","82a8941a-7095-45d3-a2bf-e833b0521eb6","ENSG00000105639.20","JAK3",447,6.3922,2.6381,2.993,"OK"
"TCGA-BLCA","TCGA-ZF-A9R9-01A-11R-A38B-07","TCGA-ZF-A9R9","Primary Tumor","5346db5a-6468-45c0-bf01-e0cd60b31365","ENSG00000105639.20","JAK3",492,4.5896,2.4058,3.1704,"OK"
"TCGA-BLCA","TCGA-4Z-AA7Q-01A-11R-A39I-07","TCGA-4Z-AA7Q","Primary Tumor","66d069a4-5e9d-466d-b2e4-0f99369c359b","ENSG00000105639.20","JAK3",1917,17.2896,8.0522,9.4047,"OK"
"TCGA-BRCA","TCGA-A8-A09E-01A-11R-A00Z-07","TCGA-A8-A09E","Primary Tumor","ead53b27-6ad9-4b96-b5d4-0d4f06fb2d13","ENSG00000105639.20","JAK3",189,1.906,0.5524,0.5317,"OK"
"TCGA-BRCA","TCGA-A7-A0DC-01A-11R-A00Z-07","TCGA-A7-A0DC","Primary Tumor","0e1999e0-9c02-4804-88b6-60b46d100739","ENSG00000105639.20","JAK3",189,0.6321,0.5579,0.5919,"OK"
"TCGA-BRCA","TCGA-A7-A0DC-11A-41R-A089-07","TCGA-A7-A0DC","Solid Tissue Normal","9e056a2a-a643-478a-b96c-85d5221f487a","ENSG00000105639.20","JAK3",322,3.4048,0.9996,1.0441,"OK"
"TCGA-BRCA","TCGA-A7-A0DC-01B-04R-A22O-07","TCGA-A7-A0DC","Primary Tumor","3e8cff80-ed17-479c-8327-ca8e71ee7482","ENSG00000105639.20","JAK3",290,5.607,2.3841,2.223,"OK"
"TCGA-BRCA","TCGA-A8-A08F-01A-11R-A00Z-07","TCGA-A8-A08F","Primary Tumor","385ddd6f-c126-4c4f-acde-1ef2d74d3639","ENSG00000105639.20","JAK3",726,8.2945,2.2826,2.1824,"OK"
"TCGA-BRCA","TCGA-A8-A091-01A-11R-A00Z-07","TCGA-A8-A091","Primary Tumor","91060c43-f1e3-49ea-a3c9-96def417716b","ENSG00000105639.20","JAK3",770,4.9498,1.2948,1.3087,"OK"
"TCGA-BRCA","TCGA-GI-A2C8-11A-22R-A16F-07","TCGA-GI-A2C8","Solid Tissue Normal","84cff855-d17a-4c09-b432-53893ae69c1e","ENSG00000105639.20","JAK3",31,0.1582,0.0582,0.115,"OK"
"TCGA-BRCA","TCGA-E2-A1L7-11A-33R-A144-07","TCGA-E2-A1L7","Solid Tissue Normal","d796de5e-4512-4b3a-93d4-2a006e79084f","ENSG00000105639.20","JAK3",1230,13.7804,3.7626,3.5201,"OK"
"TCGA-BRCA","TCGA-AO-A0JI-01A-21R-A056-07","TCGA-AO-A0JI","Primary Tumor","e12f17ae-dc1f-4e91-93bd-b827ad276dde","ENSG00000105639.20","JAK3",261,2.7694,0.7489,0.7339,"OK"
"TCGA-BRCA","TCGA-A2-A0D4-01A-11R-A00Z-07","TCGA-A2-A0D4","Primary Tumor","7ba3b335-cd4c-4b44-a4da-44fa1109a6f0","ENSG00000105639.20","JAK3",270,1.6452,0.5087,0.5091,"OK"
"TCGA-BRCA","TCGA-AC-A62V-01A-11R-A31O-07","TCGA-AC-A62V","Primary Tumor","db5aadbb-3042-4c20-8235-ccd19634d9d3","ENSG00000105639.20","JAK3",220,1.9841,0.6274,0.7103,"OK"
"TCGA-BRCA","TCGA-D8-A1XB-01A-11R-A14D-07","TCGA-D8-A1XB","Primary Tumor","176e739b-87e2-49b7-80e1-c27a6a632576","ENSG00000105639.20","JAK3",258,3.6182,0.8644,0.8362,"OK"
"TCGA-BRCA","TCGA-OL-A6VQ-01A-12R-A41B-07","TCGA-OL-A6VQ","Primary Tumor","2c74854f-4afe-48c3-9c81-d64634c14677","ENSG00000105639.20","JAK3",230,6.8695,1.7842,1.7157,"OK"
"TCGA-BRCA","TCGA-B6-A0WV-01A-11R-A109-07","TCGA-B6-A0WV","Primary Tumor","cd47d9e9-8072-4681-93ac-6c1420f6624c","ENSG00000105639.20","JAK3",78,1.1343,0.281,0.2495,"OK"
"TCGA-BRCA","TCGA-LL-A442-01A-11R-A24H-07","TCGA-LL-A442","Primary Tumor","2291d3f5-8269-4f31-adad-4b873c7ac770","ENSG00000105639.20","JAK3",146,1.1263,0.2864,0.2823,"OK"
"TCGA-BRCA","TCGA-E9-A22G-01A-11R-A157-07","TCGA-E9-A22G","Primary Tumor","51aab02d-11b1-4ef3-a8f3-8146b6c24aad","ENSG00000105639.20","JAK3",450,3.0152,0.9732,0.9897,"OK"
"TCGA-BRCA","TCGA-PE-A5DC-01A-12R-A27Q-07","TCGA-PE-A5DC","Primary Tumor","25294e7a-1f15-411c-a2fd-93097e387db2","ENSG00000105639.20","JAK3",1041,9.6206,3.2065,3.2548,"OK"
"TCGA-BRCA","TCGA-A2-A0EP-01A-52R-A22U-07","TCGA-A2-A0EP","Primary Tumor","28aa7b6c-d5ec-4aa1-9c39-70d571efe6fb","ENSG00000105639.20","JAK3",6390,46.7144,14.6028,15.5105,"OK"
"TCGA-BRCA","TCGA-AN-A0AK-01A-21R-A00Z-07","TCGA-AN-A0AK","Primary Tumor","d2007230-83cb-4f12-bec5-e42afc4a58cd","ENSG00000105639.20","JAK3",252,3.0387,0.8348,0.7742,"OK"
"TCGA-BRCA","TCGA-BH-A28Q-01A-11R-A16F-07","TCGA-BH-A28Q","Primary Tumor","7afb1455-c2b6-4ae2-95ec-682ae7df34a2","ENSG00000105639.20","JAK3",642,4.9635,1.2083,1.1346,"OK"
"TCGA-BRCA","TCGA-A2-A259-01A-11R-A16F-07","TCGA-A2-A259","Primary Tumor","69f5df3f-273f-4e02-934b-af9c9ec52067","ENSG00000105639.20","JAK3",1889,16.5006,4.326,4.1009,"OK"
"TCGA-BRCA","TCGA-AC-A2FF-01A-11R-A17B-07","TCGA-AC-A2FF","Primary Tumor","05aa6d12-6d48-4ecb-8211-036e647ef72e","ENSG00000105639.20","JAK3",1158,8.8798,2.6381,2.6536,"OK"
"TCGA-BRCA","TCGA-AC-A2FG-01A-11R-A17B-07","TCGA-AC-A2FG","Primary Tumor","6c3f2469-50ea-48a7-bb17-043e74e54535","ENSG00000105639.20","JAK3",502,3.5931,0.9943,0.9277,"OK"
"TCGA-BRCA","TCGA-BH-A0B0-01A-21R-A115-07","TCGA-BH-A0B0","Primary Tumor","88a16056-cc45-4fee-99e0-f7fc7e1971df","ENSG00000105639.20","JAK3",718,6.9514,1.9766,2.1617,"OK"
"TCGA-BRCA","TCGA-AO-A0JD-01A-11R-A056-07","TCGA-AO-A0JD","Primary Tumor","16ffdede-3d07-431a-a4ed-318c7a66c096","ENSG00000105639.20","JAK3",358,3.5844,0.9908,1.0053,"OK"
"TCGA-BRCA","TCGA-AO-A128-01A-11R-A10J-07","TCGA-AO-A128","Primary Tumor","e173c170-b7c6-4aa9-9f34-33cd02702d75","ENSG00000105639.20","JAK3",7197,55.2068,14.857,14.3048,"OK"
"TCGA-BRCA","TCGA-BH-A1FE-01A-11R-A13Q-07","TCGA-BH-A1FE","Primary Tumor","195c9f03-31c3-465a-ac58-3949246b173b","ENSG00000105639.20","JAK3",2512,19.0944,4.9214,4.7875,"OK"
"TCGA-BRCA","TCGA-BH-A0BM-01A-11R-A056-07","TCGA-BH-A0BM","Primary Tumor","9a6563cf-557b-4f26-b6a2-6c6f1eb03654","ENSG00000105639.20","JAK3",240,2.6943,1.0082,1.0896,"OK"
"TCGA-BRCA","TCGA-AN-A0FZ-01A-11R-A034-07","TCGA-AN-A0FZ","Primary Tumor","c5e46ae9-c4c1-4afd-a772-392ede15808d","ENSG00000105639.20","JAK3",810,4.8566,1.4355,1.4545,"OK"
"TCGA-BRCA","TCGA-BH-A1FE-11B-14R-A13Q-07","TCGA-BH-A1FE","Solid Tissue Normal","4f54add3-c33d-4bc9-9e1f-c75f52d15f1e","ENSG00000105639.20","JAK3",706,6.3109,1.7533,1.6819,"OK"
"TCGA-BRCA","TCGA-A8-A07F-01A-11R-A00Z-07","TCGA-A8-A07F","Primary Tumor","fc0e74d2-ab94-48b1-8e31-808bde7a3fe6","ENSG00000105639.20","JAK3",508,4.7755,1.1203,0.9887,"OK"
"TCGA-BRCA","TCGA-A2-A0EO-01A-11R-A034-07","TCGA-A2-A0EO","Primary Tumor","31e1dbf5-8c97-4e4d-a488-d6737ab304c2","ENSG00000105639.20","JAK3",651,4.9974,1.5563,1.6772,"OK"
"TCGA-BRCA","TCGA-A1-A0SP-01A-11R-A084-07","TCGA-A1-A0SP","Primary Tumor","222b562a-3ef7-4e69-a60d-54aac5104102","ENSG00000105639.20","JAK3",548,4.7897,1.4408,1.4702,"OK"
"TCGA-BRCA","TCGA-BH-A1F8-11B-21R-A13Q-07","TCGA-BH-A1F8","Solid Tissue Normal","0d11c50a-8648-48ea-a107-e138a1d3e086","ENSG00000105639.20","JAK3",405,5.7288,1.7004,1.6697,"OK"
"TCGA-BRCA","TCGA-A2-A3XT-01A-11R-A22U-07","TCGA-A2-A3XT","Primary Tumor","0c068d5a-ccad-47a5-bfe0-0dc5f136d6aa","ENSG00000105639.20","JAK3",1730,12.1017,3.8881,3.9233,"OK"
"TCGA-BRCA","TCGA-BH-A5J0-01A-11R-A27Q-07","TCGA-BH-A5J0","Primary Tumor","d5358d17-4c49-46fa-8a96-4af9ab298ab4","ENSG00000105639.20","JAK3",819,7.6881,2.5964,2.8291,"OK"
"TCGA-BRCA","TCGA-A8-A08I-01A-11R-A00Z-07","TCGA-A8-A08I","Primary Tumor","20e90b8d-aa05-4918-8e54-1b969488148f","ENSG00000105639.20","JAK3",3319,18.6661,5.2602,5.0675,"OK"
"TCGA-BRCA","TCGA-A7-A26F-01A-21R-A169-07","TCGA-A7-A26F","Primary Tumor","3c70b5af-2238-4fbe-991b-dc68975cc7f1","ENSG00000105639.20","JAK3",1589,4.1118,3.8351,4.1789,"OK"
"TCGA-BRCA","TCGA-AR-A255-01A-11R-A169-07","TCGA-AR-A255","Primary Tumor","be65c37e-7aa8-466d-a1fe-102e8e25e2e9","ENSG00000105639.20","JAK3",864,8.3678,2.0065,1.9383,"OK"
"TCGA-BRCA","TCGA-AO-A0J8-01A-21R-A034-07","TCGA-AO-A0J8","Primary Tumor","051a1102-a815-4b39-b903-80d8b4a2348f","ENSG00000105639.20","JAK3",648,4.4912,1.199,1.1891,"OK"
"TCGA-BRCA","TCGA-C8-A278-01A-11R-A169-07","TCGA-C8-A278","Primary Tumor","5711aa8f-5cd6-41d0-b469-40f049556693","ENSG00000105639.20","JAK3",1451,8.0145,3.3433,3.4424,"OK"
"TCGA-BRCA","TCGA-AC-A3W7-01A-11R-A22K-07","TCGA-AC-A3W7","Primary Tumor","be10214b-9a03-4556-b28b-5775028c782b","ENSG00000105639.20","JAK3",700,6.0371,1.5817,1.5167,"OK"
"TCGA-BRCA","TCGA-B6-A0IE-01A-11R-A034-07","TCGA-B6-A0IE","Primary Tumor","70ea9273-29f3-425a-ba66-5b75db62c9b7","ENSG00000105639.20","JAK3",267,1.4953,0.6126,0.6858,"OK"
"TCGA-BRCA","TCGA-UL-AAZ6-01A-11R-A41B-07","TCGA-UL-AAZ6","Primary Tumor","06fc39a9-8059-4ac7-9b2b-64f6c7d3b8a1","ENSG00000105639.20","JAK3",317,2.2706,0.8245,0.9495,"OK"
"TCGA-BRCA","TCGA-A2-A0CL-01A-11R-A115-07","TCGA-A2-A0CL","Primary Tumor","4c8d0d1a-dbd3-4124-8458-dfb61f61f11c","ENSG00000105639.20","JAK3",5052,48.5465,14.6192,13.2635,"OK"
"TCGA-BRCA","TCGA-BH-A6R8-01A-21R-A33J-07","TCGA-BH-A6R8","Primary Tumor","b26b27b0-5209-483c-a359-9a5d3ae920e9","ENSG00000105639.20","JAK3",375,3.4693,0.9877,0.9558,"OK"
"TCGA-BRCA","TCGA-AC-A23E-01A-11R-A157-07","TCGA-AC-A23E","Primary Tumor","73ac99d6-d01b-45d9-8df2-205610109911","ENSG00000105639.20","JAK3",560,4.6046,1.1079,1.2289,"OK"
"TCGA-BRCA","TCGA-AC-A3HN-01A-11R-A213-07","TCGA-AC-A3HN","Primary Tumor","2e6baa15-85d7-43b0-8a89-a0dc169ae16a","ENSG00000105639.20","JAK3",1424,10.6076,2.8298,2.7252,"OK"
"TCGA-BRCA","TCGA-E2-A108-01A-13R-A10J-07","TCGA-E2-A108","Primary Tumor","7b9b6f5f-bd99-421a-a22c-d3fbe110ee73","ENSG00000105639.20","JAK3",3064,32.2537,9.7011,9.5183,"OK"
"TCGA-BRCA","TCGA-3C-AALK-01A-11R-A41B-07","TCGA-3C-AALK","Primary Tumor","7b4d770a-2b8c-4ca5-bf51-c4745c5de39a","ENSG00000105639.20","JAK3",651,6.2209,1.8698,1.9863,"OK"
"TCGA-BRCA","TCGA-BH-A0DP-11A-12R-A089-07","TCGA-BH-A0DP","Solid Tissue Normal","934935ae-037b-451d-a696-0679b07bd401","ENSG00000105639.20","JAK3",532,4.9287,1.3405,1.2805,"OK"
"TCGA-BRCA","TCGA-AO-A0J9-01A-11R-A034-07","TCGA-AO-A0J9","Primary Tumor","537ec810-35bc-47d8-8242-72ef91cd63e0","ENSG00000105639.20","JAK3",1197,5.496,2.6037,3.5769,"OK"
"TCGA-BRCA","TCGA-A7-A26G-01A-21R-A169-07","TCGA-A7-A26G","Primary Tumor","cd417f4e-c065-4e73-a7c7-955b2fe71add","ENSG00000105639.20","JAK3",2223,13.8773,3.9061,4.2482,"OK"
"TCGA-BRCA","TCGA-E2-A1IJ-01A-11R-A144-07","TCGA-E2-A1IJ","Primary Tumor","783b4e4f-d65d-4025-a7ce-99a7e86255e9","ENSG00000105639.20","JAK3",806,12.2935,3.5274,3.6924,"OK"
"TCGA-BRCA","TCGA-BH-A0B4-01A-11R-A00Z-07","TCGA-BH-A0B4","Primary Tumor","280141da-fd54-4901-bc15-5d106c56fb23","ENSG00000105639.20","JAK3",356,4.3546,1.6061,1.7037,"OK"
"TCGA-BRCA","TCGA-BH-A0B6-01A-11R-A19W-07","TCGA-BH-A0B6","Primary Tumor","81801e72-d293-42e0-8871-5468e33b6d89","ENSG00000105639.20","JAK3",1885,16.6001,5.3025,5.6312,"OK"
"TCGA-BRCA","TCGA-BH-A0B5-11A-23R-A12P-07","TCGA-BH-A0B5","Solid Tissue Normal","b01d7dfd-b577-48b8-8bf2-3c74bb617601","ENSG00000105639.20","JAK3",179,1.1744,0.43,0.5708,"OK"
"TCGA-BRCA","TCGA-BH-A1F6-11B-94R-A13Q-07","TCGA-BH-A1F6","Solid Tissue Normal","d757b1cc-31a6-495a-ae82-c63b031ece49","ENSG00000105639.20","JAK3",612,3.8561,1.1856,1.2551,"OK"
"TCGA-BRCA","TCGA-A8-A07R-01A-21R-A034-07","TCGA-A8-A07R","Primary Tumor","b0e906d2-e2ae-49fa-8d7a-8a00f1d6d0a1","ENSG00000105639.20","JAK3",602,4.4116,1.2725,1.3271,"OK"
"TCGA-BRCA","TCGA-E9-A54Y-01A-11R-A466-07","TCGA-E9-A54Y","Primary Tumor","ddd1c3de-8266-4f56-a982-bcc20b868e90","ENSG00000105639.20","JAK3",218,1.7661,0.8046,1.0093,"OK"
"TCGA-BRCA","TCGA-E2-A1L6-01A-11R-A13Q-07","TCGA-E2-A1L6","Primary Tumor","82004d79-07d3-4a01-b266-4d36353ba561","ENSG00000105639.20","JAK3",803,7.3575,1.8916,1.7663,"OK"
"TCGA-BRCA","TCGA-EW-A1J5-01A-11R-A13Q-07","TCGA-EW-A1J5","Primary Tumor","1cf56202-05e5-41ad-9f27-3519bee045f4","ENSG00000105639.20","JAK3",2087,15.158,4.0312,3.71,"OK"
"TCGA-BRCA","TCGA-EW-A6S9-01A-22R-A33J-07","TCGA-EW-A6S9","Primary Tumor","ca6e4602-bcd4-4299-bd31-37f585658b8a","ENSG00000105639.20","JAK3",296,2.9916,0.7909,0.8111,"OK"
"TCGA-BRCA","TCGA-AC-A6IV-01A-12R-A33J-07","TCGA-AC-A6IV","Primary Tumor","ec9fb459-42b7-47eb-8c3a-48f492a7b2dc","ENSG00000105639.20","JAK3",2046,17.8683,5.2579,5.2102,"OK"
"TCGA-BRCA","TCGA-E2-A1LB-01A-11R-A144-07","TCGA-E2-A1LB","Primary Tumor","63454d5d-a654-4be0-b812-dd5c98d07ea1","ENSG00000105639.20","JAK3",150,1.5131,0.4534,0.4907,"OK"
"TCGA-BRCA","TCGA-A8-A07J-01A-11R-A00Z-07","TCGA-A8-A07J","Primary Tumor","c64a0adb-56a8-4966-9dd9-1acd789c1bb3","ENSG00000105639.20","JAK3",230,2.992,0.7991,0.765,"OK"
"TCGA-BRCA","TCGA-EW-A6SB-01A-12R-A32P-07","TCGA-EW-A6SB","Primary Tumor","83f2e26b-fefd-4027-ac5e-fa204ec9f084","ENSG00000105639.20","JAK3",1281,8.9457,5.8313,6.1182,"OK"
"TCGA-BRCA","TCGA-A8-A06X-01A-21R-A00Z-07","TCGA-A8-A06X","Primary Tumor","be4d1c31-e925-4eb0-aa96-974b6f6bcc07","ENSG00000105639.20","JAK3",402,5.1293,1.5382,1.4755,"OK"
"TCGA-BRCA","TCGA-A2-A0YI-01A-31R-A10J-07","TCGA-A2-A0YI","Primary Tumor","6d488c27-ae90-41d4-8ddb-01a8eb731f0e","ENSG00000105639.20","JAK3",1261,9.5706,2.7087,2.7013,"OK"
"TCGA-BRCA","TCGA-C8-A26X-01A-31R-A16F-07","TCGA-C8-A26X","Primary Tumor","c782b873-2727-4fe4-9c9a-741964290349","ENSG00000105639.20","JAK3",1455,7.912,4.3707,4.9462,"OK"
"TCGA-BRCA","TCGA-BH-A0BV-11A-31R-A089-07","TCGA-BH-A0BV","Solid Tissue Normal","3448aa6c-0de2-4d47-9bac-19507aee7492","ENSG00000105639.20","JAK3",666,5.78,1.482,1.4119,"OK"
"TCGA-BRCA","TCGA-C8-A12T-01A-11R-A115-07","TCGA-C8-A12T","Primary Tumor","befa225f-9fe9-412f-a503-449874cf52d8","ENSG00000105639.20","JAK3",312,3.4335,0.8891,1.0167,"OK"
"TCGA-BRCA","TCGA-D8-A1XA-01A-11R-A14D-07","TCGA-D8-A1XA","Primary Tumor","26415014-f0fe-4b7c-b9dc-2a6f85d47a5e","ENSG00000105639.20","JAK3",290,3.6136,0.8697,0.8509,"OK"
"TCGA-BRCA","TCGA-E2-A1IF-01A-11R-A144-07","TCGA-E2-A1IF","Primary Tumor","664d7ba8-9b87-4f17-b98d-8e07dea3c488","ENSG00000105639.20","JAK3",725,6.2707,2.0988,2.2112,"OK"
"TCGA-BRCA","TCGA-AR-A24S-01A-11R-A169-07","TCGA-AR-A24S","Primary Tumor","2abc5233-1389-4efb-ba21-de05251ab25a","ENSG00000105639.20","JAK3",1103,8.441,2.2982,2.359,"OK"
"TCGA-BRCA","TCGA-B6-A408-01A-12R-A24H-07","TCGA-B6-A408","Primary Tumor","02a11397-2a9b-4dba-8c6a-6b9f0aa24372","ENSG00000105639.20","JAK3",1365,10.2584,3.6175,3.4352,"OK"
"TCGA-BRCA","TCGA-PL-A8LY-01A-11R-A41B-07","TCGA-PL-A8LY","Primary Tumor","1a4e1855-911d-4eb4-bc77-547bc3b8e063","ENSG00000105639.20","JAK3",796,9.9437,3.1606,3.2798,"OK"
"TCGA-BRCA","TCGA-A7-A0CE-01A-11R-A00Z-07","TCGA-A7-A0CE","Primary Tumor","04e03ae1-b2f3-446d-862d-172fea6320de","ENSG00000105639.20","JAK3",528,4.4021,1.2898,1.3118,"OK"
"TCGA-BRCA","TCGA-AC-A6IX-01A-12R-A32P-07","TCGA-AC-A6IX","Primary Tumor","f43b97fd-8953-4a5e-bafb-eb572145abe3","ENSG00000105639.20","JAK3",574,5.7312,1.6196,1.5304,"OK"
"TCGA-BRCA","TCGA-AR-A24W-01A-11R-A169-07","TCGA-AR-A24W","Primary Tumor","452e9e11-5545-4e7a-abfb-2486e70206bd","ENSG00000105639.20","JAK3",353,3.494,0.9395,0.9249,"OK"
"TCGA-BRCA","TCGA-BH-A18V-11A-52R-A12D-07","TCGA-BH-A18V","Solid Tissue Normal","040d00da-2bc9-49d4-bf6c-b4515b6a2bbf","ENSG00000105639.20","JAK3",527,5.1777,1.7627,1.9,"OK"
"TCGA-BRCA","TCGA-AN-A0FS-01A-11R-A034-07","TCGA-AN-A0FS","Primary Tumor","15d7e135-acb7-46ef-a8b1-f424e40a9e4d","ENSG00000105639.20","JAK3",203,1.45,0.3807,0.3705,"OK"
"TCGA-BRCA","TCGA-AR-A0TY-01A-12R-A115-07","TCGA-AR-A0TY","Primary Tumor","5a827399-307b-412b-a2ce-f6c81d2750a6","ENSG00000105639.20","JAK3",1020,7.871,2.2725,2.3827,"OK"
"TCGA-BRCA","TCGA-EW-A1PG-01A-11R-A144-07","TCGA-EW-A1PG","Primary Tumor","cd2dcf58-da3a-4070-b42f-07d0102a342e","ENSG00000105639.20","JAK3",792,11.4292,3.1365,3.0932,"OK"
"TCGA-BRCA","TCGA-A7-A3J0-01A-11R-A213-07","TCGA-A7-A3J0","Primary Tumor","0b4cae8e-1a2c-4ba9-b126-5abf35f73b36","ENSG00000105639.20","JAK3",1077,7.3272,2.0232,2.0593,"OK"
"TCGA-BRCA","TCGA-E2-A1BD-01A-11R-A12P-07","TCGA-E2-A1BD","Primary Tumor","57a43ef5-102a-4cd9-833d-00a2daf4e56a","ENSG00000105639.20","JAK3",331,1.9933,0.6148,0.6276,"OK"
"TCGA-BRCA","TCGA-OL-A5D8-01A-11R-A27Q-07","TCGA-OL-A5D8","Primary Tumor","fecd341d-a370-4092-be40-e07fc44500e5","ENSG00000105639.20","JAK3",435,4.9599,1.3745,1.3132,"OK"
"TCGA-BRCA","TCGA-BH-A18Q-01A-12R-A12D-07","TCGA-BH-A18Q","Primary Tumor","c7aeba7e-b78e-4586-a4dd-8a04cc440737","ENSG00000105639.20","JAK3",671,8.0747,2.12,2.0005,"OK"
"TCGA-BRCA","TCGA-BH-A18Q-11A-34R-A12D-07","TCGA-BH-A18Q","Solid Tissue Normal","336f0e3e-878e-4ee8-b2aa-cc536f3432f3","ENSG00000105639.20","JAK3",895,8.045,2.1601,1.9772,"OK"
"TCGA-BRCA","TCGA-E2-A10E-01A-21R-A10J-07","TCGA-E2-A10E","Primary Tumor","03891509-3109-450d-8564-77b024a6128e","ENSG00000105639.20","JAK3",436,3.7489,0.9872,0.9611,"OK"
"TCGA-BRCA","TCGA-A8-A08H-01A-21R-A00Z-07","TCGA-A8-A08H","Primary Tumor","30ff778c-844b-4140-9025-7ab1938f10a9","ENSG00000105639.20","JAK3",1703,19.6931,5.3254,5.5625,"OK"
"TCGA-BRCA","TCGA-BH-A0DD-11A-23R-A12P-07","TCGA-BH-A0DD","Solid Tissue Normal","c9230a1c-9844-43ef-a2c3-95ea6061000b","ENSG00000105639.20","JAK3",329,2.7493,0.8642,1.0409,"OK"
"TCGA-BRCA","TCGA-C8-A1HG-01A-11R-A137-07","TCGA-C8-A1HG","Primary Tumor","0d669e80-cb31-4afb-bd3f-07d69f10eb3f","ENSG00000105639.20","JAK3",663,9.6811,3.6595,3.6065,"OK"
"TCGA-BRCA","TCGA-D8-A1JS-01A-11R-A13Q-07","TCGA-D8-A1JS","Primary Tumor","20110ed9-8b45-4a62-bd13-e0281915a06b","ENSG00000105639.20","JAK3",51,0.4006,0.1236,0.1258,"OK"
"TCGA-BRCA","TCGA-E2-A15G-01A-11R-A12D-07","TCGA-E2-A15G","Primary Tumor","b5f2a171-35a3-4b7f-9221-199c589f3147","ENSG00000105639.20","JAK3",145,1.9297,0.4869,0.4289,"OK"
"TCGA-BRCA","TCGA-BH-A0HW-01A-11R-A034-07","TCGA-BH-A0HW","Primary Tumor","3a0c96d3-4cea-44a3-99e5-71622279700f","ENSG00000105639.20","JAK3",101,0.8024,0.2195,0.2199,"OK"
"TCGA-BRCA","TCGA-A2-A25E-01A-11R-A169-07","TCGA-A2-A25E","Primary Tumor","d721071e-6c0e-46df-9158-1fe37a64f1ed","ENSG00000105639.20","JAK3",396,3.3661,0.9494,0.879,"OK"
"TCGA-BRCA","TCGA-A8-A08C-01A-11R-A00Z-07","TCGA-A8-A08C","Primary Tumor","c4241ab5-95b7-4870-aaed-55541756c42f","ENSG00000105639.20","JAK3",817,8.1955,2.082,1.9638,"OK"
"TCGA-BRCA","TCGA-A2-A25C-01A-11R-A169-07","TCGA-A2-A25C","Primary Tumor","fd4bd1de-fc4a-42bc-aca5-5ac16ec14118","ENSG00000105639.20","JAK3",922,6.0509,1.5215,1.4313,"OK"
"TCGA-BRCA","TCGA-UU-A93S-01A-21R-A41B-07","TCGA-UU-A93S","Primary Tumor","a7091211-3bf5-4d3b-8625-57281bc0cd56","ENSG00000105639.20","JAK3",668,8.4335,3.2751,3.6962,"OK"
"TCGA-BRCA","TCGA-BH-A0C3-11A-23R-A12P-07","TCGA-BH-A0C3","Solid Tissue Normal","7000e222-556a-4548-9542-9337ba70f79c","ENSG00000105639.20","JAK3",745,7.0826,2.2013,2.1394,"OK"
"TCGA-BRCA","TCGA-BH-A0WA-01A-11R-A109-07","TCGA-BH-A0WA","Primary Tumor","7789d241-991c-4cc9-a557-69d5c439b930","ENSG00000105639.20","JAK3",762,7.8528,1.9316,1.85,"OK"
"TCGA-BRCA","TCGA-BH-A6R9-01A-21R-A32P-07","TCGA-BH-A6R9","Primary Tumor","bb1ee078-38d1-4e5d-af50-50754fce7112","ENSG00000105639.20","JAK3",2301,22.1563,5.72,6.9195,"OK"
"TCGA-BRCA","TCGA-GM-A2DN-01A-11R-A180-07","TCGA-GM-A2DN","Primary Tumor","7140b89b-50b6-42ed-a69d-1cbc7901d530","ENSG00000105639.20","JAK3",1542,12.0656,4.4959,4.3087,"OK"
"TCGA-BRCA","TCGA-C8-A12L-01A-11R-A115-07","TCGA-C8-A12L","Primary Tumor","d3badb09-df1e-488e-ade9-97f1925b5649","ENSG00000105639.20","JAK3",450,4.4584,1.3169,1.3054,"OK"
"TCGA-BRCA","TCGA-AR-A1AN-01A-11R-A12P-07","TCGA-AR-A1AN","Primary Tumor","f69ca0e5-201f-4066-81a5-c5b9c8a5012c","ENSG00000105639.20","JAK3",624,5.311,1.4913,1.5894,"OK"
"TCGA-BRCA","TCGA-BH-A18S-11A-43R-A12D-07","TCGA-BH-A18S","Solid Tissue Normal","0e89f9f0-419f-46e7-981d-781a1302e4be","ENSG00000105639.20","JAK3",564,6.7153,2.0141,1.9301,"OK"
"TCGA-BRCA","TCGA-A8-A08O-01A-21R-A056-07","TCGA-A8-A08O","Primary Tumor","cee1efda-644b-4cee-aad2-d7f5ca93cdec","ENSG00000105639.20","JAK3",245,3.3399,0.8074,0.7373,"OK"
"TCGA-BRCA","TCGA-AQ-A54N-01A-11R-A266-07","TCGA-AQ-A54N","Primary Tumor","ea5c9d47-1803-4bd5-88da-352e172bc45d","ENSG00000105639.20","JAK3",242,3.1801,1.187,1.2545,"OK"
"TCGA-BRCA","TCGA-A8-A09W-01A-11R-A00Z-07","TCGA-A8-A09W","Primary Tumor","819746a4-f2c1-4fc2-8dbe-b9c34892d510","ENSG00000105639.20","JAK3",238,2.4219,0.7261,0.7406,"OK"
"TCGA-BRCA","TCGA-AR-A0TU-01A-31R-A109-07","TCGA-AR-A0TU","Primary Tumor","017d71aa-0999-4d8e-9cb4-88b9013e61eb","ENSG00000105639.20","JAK3",938,8.057,2.3482,2.1747,"OK"
"TCGA-BRCA","TCGA-E2-A1LA-01A-11R-A144-07","TCGA-E2-A1LA","Primary Tumor","5113a198-1bfe-4d4e-8e17-4c8e3359061a","ENSG00000105639.20","JAK3",962,7.6448,3.035,3.127,"OK"
"TCGA-BRCA","TCGA-A7-A13E-01A-11R-A12P-07","TCGA-A7-A13E","Primary Tumor","0a511373-8fd3-433a-a5e1-877530d6a239","ENSG00000105639.20","JAK3",288,3.1927,0.9224,0.864,"OK"
"TCGA-BRCA","TCGA-EW-A1OZ-01A-11R-A144-07","TCGA-EW-A1OZ","Primary Tumor","3e3125cd-a554-4a76-a9e2-b9187e0db6ab","ENSG00000105639.20","JAK3",391,2.8823,0.8878,0.9983,"OK"
"TCGA-BRCA","TCGA-BH-A0DZ-01A-11R-A00Z-07","TCGA-BH-A0DZ","Primary Tumor","be6f8b24-e668-41c6-89f7-f4cdc8533cae","ENSG00000105639.20","JAK3",225,4.4449,1.301,1.3818,"OK"
"TCGA-BRCA","TCGA-AR-A24X-01A-11R-A169-07","TCGA-AR-A24X","Primary Tumor","7be570ba-7f69-431e-88c2-614e92bc88ae","ENSG00000105639.20","JAK3",367,5.7604,1.4095,1.3106,"OK"
"TCGA-BRCA","TCGA-S3-AA14-01A-11R-A41B-07","TCGA-S3-AA14","Primary Tumor","e6ea1343-0da3-43f3-9845-4845db02edb8","ENSG00000105639.20","JAK3",326,4.359,1.2482,1.3397,"OK"
"TCGA-BRCA","TCGA-AO-A12F-01A-11R-A115-07","TCGA-AO-A12F","Primary Tumor","d6882616-b77d-4d4c-90dc-7318c57876e1","ENSG00000105639.20","JAK3",556,4.1621,1.3259,1.3484,"OK"
"TCGA-BRCA","TCGA-S3-AA0Z-01A-11R-A41B-07","TCGA-S3-AA0Z","Primary Tumor","44c12577-af9f-4f8c-8b18-24269d6604cb","ENSG00000105639.20","JAK3",1589,15.3206,4.104,3.9315,"OK"
"TCGA-BRCA","TCGA-E2-A10F-01A-11R-A10J-07","TCGA-E2-A10F","Primary Tumor","a7d3a4c0-36ee-43ff-bdcc-37db4b11df76","ENSG00000105639.20","JAK3",516,5.4035,1.3771,1.3352,"OK"
"TCGA-BRCA","TCGA-A7-A2KD-01A-31R-A21T-07","TCGA-A7-A2KD","Primary Tumor","79d67844-5389-40ee-a1fd-5b19ecf81b73","ENSG00000105639.20","JAK3",1291,10.4095,2.6369,2.4989,"OK"
"TCGA-BRCA","TCGA-E9-A3X8-01A-31R-A22U-07","TCGA-E9-A3X8","Primary Tumor","9b2a1467-775c-48cf-9a3c-e259ccd344e4","ENSG00000105639.20","JAK3",1473,11.2457,4.3774,5.539,"OK"
"TCGA-BRCA","TCGA-D8-A73U-01A-11R-A33J-07","TCGA-D8-A73U","Primary Tumor","a8fa9282-6695-477a-8202-73882cdfa8f7","ENSG00000105639.20","JAK3",2701,24.1345,8.9698,9.1931,"OK"
"TCGA-BRCA","TCGA-B6-A0IG-01A-11R-A034-07","TCGA-B6-A0IG","Primary Tumor","f36e613e-af30-4b1c-aaf3-89540e05ddb1","ENSG00000105639.20","JAK3",478,3.2491,1.023,1.1016,"OK"
"TCGA-BRCA","TCGA-OL-A66I-01A-21R-A29R-07","TCGA-OL-A66I","Primary Tumor","3f44f7ab-7299-4b8e-b2b9-16ed5291e727","ENSG00000105639.20","JAK3",2613,27.0456,8.1671,8.0556,"OK"
"TCGA-BRCA","TCGA-EW-A6SC-01A-12R-A32P-07","TCGA-EW-A6SC","Primary Tumor","9d487523-ce75-4146-98d9-aed08dc2f632","ENSG00000105639.20","JAK3",406,4.4797,1.2554,1.2349,"OK"
"TCGA-BRCA","TCGA-AN-A0XS-01A-22R-A109-07","TCGA-AN-A0XS","Primary Tumor","e3569a42-412b-405d-a1ca-5c89b1ea36d0","ENSG00000105639.20","JAK3",1235,9.9523,3.1414,2.9713,"OK"
"TCGA-BRCA","TCGA-LD-A74U-01A-13R-A33J-07","TCGA-LD-A74U","Primary Tumor","478a40b1-0f88-401d-92b6-4b58b2c56798","ENSG00000105639.20","JAK3",800,8.3628,2.3304,2.3521,"OK"
"TCGA-BRCA","TCGA-E9-A22B-01A-11R-A157-07","TCGA-E9-A22B","Primary Tumor","5e05ff45-9f44-484d-889f-529e2bfe2a48","ENSG00000105639.20","JAK3",473,2.8935,0.9231,1.1009,"OK"
"TCGA-BRCA","TCGA-BH-A1EV-01A-11R-A137-07","TCGA-BH-A1EV","Primary Tumor","0a7421d4-5722-427a-9643-da1074e5c25c","ENSG00000105639.20","JAK3",322,3.1652,0.8461,0.9068,"OK"
"TCGA-BRCA","TCGA-BH-A1FC-11A-32R-A13Q-07","TCGA-BH-A1FC","Solid Tissue Normal","248ac510-a5af-4608-9cdc-5c8673633b82","ENSG00000105639.20","JAK3",590,8.6133,2.617,2.4882,"OK"
"TCGA-BRCA","TCGA-LL-A5YO-01A-21R-A28M-07","TCGA-LL-A5YO","Primary Tumor","e0b65eec-7c30-4607-9cae-c8e8463c80c5","ENSG00000105639.20","JAK3",2763,28.2191,11.5314,11.5764,"OK"
"TCGA-BRCA","TCGA-BH-A0E1-01A-11R-A056-07","TCGA-BH-A0E1","Primary Tumor","c1ac2f8b-9ff2-47b9-a685-6cf10a7a925f","ENSG00000105639.20","JAK3",211,2.2064,0.6129,0.6202,"OK"
"TCGA-BRCA","TCGA-BH-A0E1-11A-13R-A089-07","TCGA-BH-A0E1","Solid Tissue Normal","dafb2454-1ea7-4cb6-8b3b-2b5b6f19aa89","ENSG00000105639.20","JAK3",287,3.3809,0.9865,1.0185,"OK"
"TCGA-BRCA","TCGA-AR-A1AQ-01A-11R-A12P-07","TCGA-AR-A1AQ","Primary Tumor","ef181439-d071-40e0-a185-f29343085f8c","ENSG00000105639.20","JAK3",1233,10.4933,4.7897,4.5812,"OK"
"TCGA-BRCA","TCGA-A7-A6VW-01A-21R-A33J-07","TCGA-A7-A6VW","Primary Tumor","b4835808-46fa-4b6c-a933-92acc9908319","ENSG00000105639.20","JAK3",389,3.6385,1.1884,1.3282,"OK"
"TCGA-BRCA","TCGA-XX-A899-01A-11R-A36F-07","TCGA-XX-A899","Primary Tumor","e0cb738d-854a-4033-b370-79fa28d7cef8","ENSG00000105639.20","JAK3",2435,26.5409,7.2279,6.9692,"OK"
"TCGA-BRCA","TCGA-AC-A3TN-01A-11R-A22K-07","TCGA-AC-A3TN","Primary Tumor","a9b2ff1a-3b37-4388-a1e6-826e2edea49b","ENSG00000105639.20","JAK3",261,2.1565,0.7069,0.7208,"OK"
"TCGA-BRCA","TCGA-EW-A1PF-01A-11R-A144-07","TCGA-EW-A1PF","Primary Tumor","f90e51cb-b862-4a76-acb0-cc882bfb4ee6","ENSG00000105639.20","JAK3",910,8.6149,2.2649,2.3634,"OK"
"TCGA-BRCA","TCGA-AN-A04D-01A-21R-A034-07","TCGA-AN-A04D","Primary Tumor","d141392c-757b-44f5-b531-0bcc136d8b17","ENSG00000105639.20","JAK3",314,2.0338,0.6636,0.6669,"OK"
"TCGA-BRCA","TCGA-BH-A0BA-01A-11R-A056-07","TCGA-BH-A0BA","Primary Tumor","9cf6e387-2b87-4f53-bb5a-d545a78f21cd","ENSG00000105639.20","JAK3",719,6.5462,1.9766,1.7818,"OK"
"TCGA-BRCA","TCGA-B6-A0RI-01A-11R-A056-07","TCGA-B6-A0RI","Primary Tumor","1c3a771f-43db-4b45-93f8-f8e6d2ab6847","ENSG00000105639.20","JAK3",321,2.9367,0.745,0.7514,"OK"
"TCGA-BRCA","TCGA-AR-A24N-01A-11R-A169-07","TCGA-AR-A24N","Primary Tumor","f7b5d569-1a46-4f23-bfca-a46daacda793","ENSG00000105639.20","JAK3",313,2.4456,0.653,0.6532,"OK"
"TCGA-BRCA","TCGA-BH-A0H5-11A-62R-A115-07","TCGA-BH-A0H5","Solid Tissue Normal","ab3475d0-e057-4512-8c01-a5383359a1ad","ENSG00000105639.20","JAK3",531,5.9512,1.6446,1.5631,"OK"
"TCGA-BRCA","TCGA-E2-A3DX-01A-21R-A213-07","TCGA-E2-A3DX","Primary Tumor","11631339-f447-4b28-97a8-3c7c6ccbc843","ENSG00000105639.20","JAK3",1823,15.0181,4.2108,4.2566,"OK"
"TCGA-BRCA","TCGA-AC-A3W6-01A-12R-A22K-07","TCGA-AC-A3W6","Primary Tumor","99ce2ebd-7a50-4808-ba75-8626ad6d7cfd","ENSG00000105639.20","JAK3",1657,17.2316,4.8755,5.0905,"OK"
"TCGA-BRCA","TCGA-A7-A425-01A-11R-A24H-07","TCGA-A7-A425","Primary Tumor","898920ea-31b3-4244-a413-4b957e93594f","ENSG00000105639.20","JAK3",847,7.909,2.3606,2.2521,"OK"
"TCGA-BRCA","TCGA-E2-A15C-01A-31R-A12D-07","TCGA-E2-A15C","Primary Tumor","35f78d43-917b-4a7b-b992-d004056a370f","ENSG00000105639.20","JAK3",708,7.4822,2.1063,1.9719,"OK"
"TCGA-BRCA","TCGA-LD-A7W6-01A-81R-A352-07","TCGA-LD-A7W6","Primary Tumor","8e60d7c9-0fee-415f-b7bd-072f1bcd0fac","ENSG00000105639.20","JAK3",470,5.1533,1.4514,1.2691,"OK"
"TCGA-BRCA","TCGA-A7-A5ZV-01A-11R-A28M-07","TCGA-A7-A5ZV","Primary Tumor","89fa8a0c-e046-4fbf-97c5-4ed5cc4e5e4c","ENSG00000105639.20","JAK3",166,2.4151,0.7241,0.788,"OK"
"TCGA-BRCA","TCGA-BH-A1FN-11A-34R-A13Q-07","TCGA-BH-A1FN","Solid Tissue Normal","d5664879-53a0-490a-a3cb-47c551b6bf34","ENSG00000105639.20","JAK3",1666,10.8521,3.45,3.4116,"OK"
"TCGA-BRCA","TCGA-E2-A1LH-01A-11R-A14D-07","TCGA-E2-A1LH","Primary Tumor","e99a371e-14fa-46f7-89c1-ad36bcd82994","ENSG00000105639.20","JAK3",1353,12.0538,6.5113,7.6456,"OK"
"TCGA-BRCA","TCGA-GM-A3NW-01A-21R-A22K-07","TCGA-GM-A3NW","Primary Tumor","798e4669-4ca3-4af1-b713-be2b1f30e4dc","ENSG00000105639.20","JAK3",439,3.8978,1.2147,1.1859,"OK"
"TCGA-BRCA","TCGA-D8-A1J9-01A-11R-A13Q-07","TCGA-D8-A1J9","Primary Tumor","5b4ec1fd-516d-4c32-a233-0699e591df1a","ENSG00000105639.20","JAK3",356,2.4965,0.617,0.6596,"OK"
"TCGA-BRCA","TCGA-C8-A8HR-01A-11R-A36F-07","TCGA-C8-A8HR","Primary Tumor","d80334e2-0ee0-432a-aa78-3d6ca1f017e5","ENSG00000105639.20","JAK3",1397,15.1068,4.6083,4.5049,"OK"
"TCGA-BRCA","TCGA-D8-A1JF-01A-11R-A13Q-07","TCGA-D8-A1JF","Primary Tumor","7300d49e-2e8c-42e0-873a-1674a19b71e6","ENSG00000105639.20","JAK3",1009,6.0322,1.9956,2.137,"OK"
"TCGA-BRCA","TCGA-E9-A1R7-11A-42R-A14M-07","TCGA-E9-A1R7","Solid Tissue Normal","808f4ac6-9bc9-402f-be36-b7ec8658c150","ENSG00000105639.20","JAK3",306,2.4622,0.7604,0.8624,"OK"
"TCGA-BRCA","TCGA-BH-A0BJ-11A-23R-A089-07","TCGA-BH-A0BJ","Solid Tissue Normal","a9f49b86-3801-420d-915c-0e09a15c6e59","ENSG00000105639.20","JAK3",408,4.7807,1.2244,1.1578,"OK"
"TCGA-BRCA","TCGA-E2-A1B4-01A-11R-A12P-07","TCGA-E2-A1B4","Primary Tumor","8d558ae5-f3a1-49fa-aa44-5abc6244b57a","ENSG00000105639.20","JAK3",334,2.2079,0.6811,0.6516,"OK"
"TCGA-BRCA","TCGA-EW-A423-01A-11R-A24H-07","TCGA-EW-A423","Primary Tumor","490df7f9-4b05-449d-bf47-d7de49aa50c0","ENSG00000105639.20","JAK3",464,3.023,1.0885,1.14,"OK"
"TCGA-BRCA","TCGA-D8-A27T-01A-11R-A16F-07","TCGA-D8-A27T","Primary Tumor","d880fcce-ad8a-4402-911c-11129d2225df","ENSG00000105639.20","JAK3",644,5.7446,1.4968,1.5332,"OK"
"TCGA-BRCA","TCGA-BH-A208-01A-11R-A157-07","TCGA-BH-A208","Primary Tumor","55214dd2-b3e8-444c-9d02-3db6008b1920","ENSG00000105639.20","JAK3",700,5.7336,1.663,2.1931,"OK"
"TCGA-BRCA","TCGA-AO-A03T-01A-21R-A034-07","TCGA-AO-A03T","Primary Tumor","a542178a-a338-40d4-be52-b9a71af89b58","ENSG00000105639.20","JAK3",640,3.3049,1.7292,2.4217,"OK"
"TCGA-BRCA","TCGA-BH-A208-11A-51R-A157-07","TCGA-BH-A208","Solid Tissue Normal","8849e5bf-ff35-4cbf-972c-01fb92201a73","ENSG00000105639.20","JAK3",447,3.4642,1.0197,1.0042,"OK"
"TCGA-BRCA","TCGA-BH-A0E9-01B-11R-A115-07","TCGA-BH-A0E9","Primary Tumor","363736c4-cc2d-4920-a10b-bd0de899cdb1","ENSG00000105639.20","JAK3",1032,10.2869,2.8011,2.5587,"OK"
"TCGA-BRCA","TCGA-BH-A2L8-01A-11R-A18M-07","TCGA-BH-A2L8","Primary Tumor","7e0c78b6-4020-47b6-a8bf-46cf290c5c85","ENSG00000105639.20","JAK3",2098,19.9397,5.6838,5.5783,"OK"
"TCGA-BRCA","TCGA-A2-A0YH-01A-11R-A109-07","TCGA-A2-A0YH","Primary Tumor","f6392b6f-24d9-4768-8269-c7c647f8ff8c","ENSG00000105639.20","JAK3",1031,8.7326,2.7069,2.6246,"OK"
"TCGA-BRCA","TCGA-AN-A0FT-01A-11R-A034-07","TCGA-AN-A0FT","Primary Tumor","2ff175d2-100f-4ce8-8d1e-b3b95b41ae56","ENSG00000105639.20","JAK3",484,2.7496,1.223,1.4886,"OK"
"TCGA-BRCA","TCGA-AO-A03V-01A-11R-A115-07","TCGA-AO-A03V","Primary Tumor","bc39baa2-786e-4d9a-874e-a7f4febc3be2","ENSG00000105639.20","JAK3",952,10.3684,2.7557,2.6118,"OK"
"TCGA-BRCA","TCGA-AR-A1AH-01A-11R-A12D-07","TCGA-AR-A1AH","Primary Tumor","59858555-bc6a-4286-8280-0f8341123cac","ENSG00000105639.20","JAK3",307,2.6808,0.7954,0.7619,"OK"
"TCGA-BRCA","TCGA-AC-A23H-11A-12R-A157-07","TCGA-AC-A23H","Solid Tissue Normal","f45af277-1f94-4cdd-97d4-8ccdbd7ff18e","ENSG00000105639.20","JAK3",347,2.3506,0.7735,0.8657,"OK"
"TCGA-BRCA","TCGA-EW-A1J3-01A-11R-A13Q-07","TCGA-EW-A1J3","Primary Tumor","b9549737-232d-446f-812f-e7e015bfb462","ENSG00000105639.20","JAK3",378,2.5837,0.8257,0.887,"OK"
"TCGA-BRCA","TCGA-AN-A0AS-01A-11R-A00Z-07","TCGA-AN-A0AS","Primary Tumor","d5120825-ab1f-446c-af1e-3be57846a15b","ENSG00000105639.20","JAK3",301,3.2047,0.875,0.9776,"OK"
"TCGA-BRCA","TCGA-B6-A0X7-01A-11R-A10J-07","TCGA-B6-A0X7","Primary Tumor","9054231e-9b1f-4ee4-b22c-1e9dbfdcfc03","ENSG00000105639.20","JAK3",362,3.0141,0.8937,0.8792,"OK"
"TCGA-BRCA","TCGA-D8-A141-01A-11R-A115-07","TCGA-D8-A141","Primary Tumor","51886a03-7aee-4b58-806f-906a29bfad0c","ENSG00000105639.20","JAK3",2570,23.6336,6.0408,6.2613,"OK"
"TCGA-BRCA","TCGA-E9-A1RC-11A-33R-A157-07","TCGA-E9-A1RC","Solid Tissue Normal","392edd04-fdec-4eb7-ba2e-cef02519c219","ENSG00000105639.20","JAK3",241,1.4013,0.4799,0.6115,"OK"
"TCGA-BRCA","TCGA-E9-A1RC-01A-11R-A157-07","TCGA-E9-A1RC","Primary Tumor","8c600781-5238-4b46-80bc-aa2710c1ed3f","ENSG00000105639.20","JAK3",119,0.895,0.2148,0.2127,"OK"
"TCGA-BRCA","TCGA-A2-A4RY-01A-31R-A266-07","TCGA-A2-A4RY","Primary Tumor","f55dbdb1-0301-4000-a854-717aed117a63","ENSG00000105639.20","JAK3",1407,20.6611,5.5443,4.9241,"OK"
"TCGA-BRCA","TCGA-OL-A5S0-01A-11R-A28M-07","TCGA-OL-A5S0","Primary Tumor","3fafe34a-38e2-4645-af4e-0d77fd5464c1","ENSG00000105639.20","JAK3",1038,12.3192,3.8868,4.0158,"OK"
"TCGA-BRCA","TCGA-AC-A8OR-01A-21R-A41B-07","TCGA-AC-A8OR","Primary Tumor","65264188-23f8-4214-a45a-574f47471bb3","ENSG00000105639.20","JAK3",274,4.0074,1.1105,1.0127,"OK"
"TCGA-BRCA","TCGA-A2-A0CK-01A-11R-A22K-07","TCGA-A2-A0CK","Primary Tumor","87b59374-da2d-41ba-bbde-43a9022eac2c","ENSG00000105639.20","JAK3",548,4.954,1.6089,1.5966,"OK"
"TCGA-BRCA","TCGA-E2-A56Z-01A-12R-A29R-07","TCGA-E2-A56Z","Primary Tumor","68814d4d-9db8-471f-b4b3-5c2fecb10773","ENSG00000105639.20","JAK3",350,3.2142,1.1368,1.1064,"OK"
"TCGA-BRCA","TCGA-A7-A13E-01A-11R-A277-07","TCGA-A7-A13E","Primary Tumor","4b96ee43-874c-4fa6-b5ce-08caf37ef2e1","ENSG00000105639.20","JAK3",329,3.9677,1.3132,1.2056,"OK"
"TCGA-BRCA","TCGA-B6-A0RV-01A-11R-A084-07","TCGA-B6-A0RV","Primary Tumor","d914654b-ec4f-4be5-a525-2997a4b39279","ENSG00000105639.20","JAK3",561,6.5162,1.7797,1.6656,"OK"
"TCGA-BRCA","TCGA-E9-A1R6-01A-11R-A14D-07","TCGA-E9-A1R6","Primary Tumor","4e98f490-cbdf-4864-8cc3-b5f9d3c95146","ENSG00000105639.20","JAK3",179,1.9132,0.5025,0.479,"OK"
"TCGA-BRCA","TCGA-BH-A0C7-01B-11R-A115-07","TCGA-BH-A0C7","Primary Tumor","7d0189e8-9726-439a-b5e4-b650bc33794b","ENSG00000105639.20","JAK3",513,4.0692,1.0092,0.9395,"OK"
"TCGA-BRCA","TCGA-E2-A570-01A-11R-A29R-07","TCGA-E2-A570","Primary Tumor","478c9754-5a19-477b-8b9d-0825f95f88ff","ENSG00000105639.20","JAK3",778,9.2979,2.7937,2.7528,"OK"
"TCGA-BRCA","TCGA-BH-A0AY-01A-21R-A00Z-07","TCGA-BH-A0AY","Primary Tumor","27513ce4-3807-481f-abcb-c59774a90519","ENSG00000105639.20","JAK3",826,6.5817,2.395,2.5722,"OK"
"TCGA-BRCA","TCGA-E2-A1LS-01A-12R-A157-07","TCGA-E2-A1LS","Primary Tumor","5755f322-5df5-4b88-9c79-640167775c12","ENSG00000105639.20","JAK3",170,0.709,0.3842,0.5999,"OK"
"TCGA-BRCA","TCGA-A8-A09N-01A-11R-A00Z-07","TCGA-A8-A09N","Primary Tumor","2a2d5de1-44d7-4c83-91d6-fc1b3c136143","ENSG00000105639.20","JAK3",289,3.8082,0.9754,0.9406,"OK"
"TCGA-BRCA","TCGA-A8-A09D-01A-11R-A00Z-07","TCGA-A8-A09D","Primary Tumor","78b9cc4c-a99b-4814-9538-3cf9515af75b","ENSG00000105639.20","JAK3",497,4.5074,1.3556,1.432,"OK"
"TCGA-BRCA","TCGA-C8-A135-01A-11R-A115-07","TCGA-C8-A135","Primary Tumor","0a74ea3f-dadc-4c9f-96ea-62a77c1e602c","ENSG00000105639.20","JAK3",544,5.2105,1.6547,1.8518,"OK"
"TCGA-BRCA","TCGA-A2-A0T5-01A-21R-A084-07","TCGA-A2-A0T5","Primary Tumor","d5d23d6a-c141-442f-ac4f-714e46b8d9ef","ENSG00000105639.20","JAK3",666,6.0951,1.7298,1.8082,"OK"
"TCGA-BRCA","TCGA-D8-A1J8-01A-11R-A13Q-07","TCGA-D8-A1J8","Primary Tumor","19264a73-b106-4b24-be01-0a9a137c6de9","ENSG00000105639.20","JAK3",1702,13.7456,3.514,3.2862,"OK"
"TCGA-BRCA","TCGA-C8-A133-01A-32R-A12D-07","TCGA-C8-A133","Primary Tumor","e20d0db7-984a-4bcf-9f1e-54ec63d55a2f","ENSG00000105639.20","JAK3",39,0.406,0.1194,0.1281,"OK"
"TCGA-BRCA","TCGA-EW-A1IY-01A-11R-A13Q-07","TCGA-EW-A1IY","Primary Tumor","9b13d7e4-d265-4c0b-8aa3-5b4af70ff87d","ENSG00000105639.20","JAK3",1718,13.1903,3.4429,3.3599,"OK"
"TCGA-BRCA","TCGA-BH-A1FC-01A-11R-A13Q-07","TCGA-BH-A1FC","Primary Tumor","09f9ebad-e7cd-4c20-9eab-8fd2066d9051","ENSG00000105639.20","JAK3",1481,8.0924,3.4958,3.2361,"OK"
"TCGA-BRCA","TCGA-AR-A0TV-01A-21R-A084-07","TCGA-AR-A0TV","Primary Tumor","fc203d80-6254-402c-8c8b-a5500bfa909e","ENSG00000105639.20","JAK3",908,7.8129,2.4265,2.3898,"OK"
"TCGA-BRCA","TCGA-E9-A1N9-11A-71R-A14D-07","TCGA-E9-A1N9","Solid Tissue Normal","63adf5e2-d5cb-4937-a0ee-f2914e130b25","ENSG00000105639.20","JAK3",426,3.7535,1.1398,1.118,"OK"
"TCGA-BRCA","TCGA-D8-A4Z1-01A-21R-A266-07","TCGA-D8-A4Z1","Primary Tumor","1277b2ec-0374-403f-8bba-cb57aeeb0d01","ENSG00000105639.20","JAK3",598,9.5667,2.5402,2.216,"OK"
"TCGA-BRCA","TCGA-AO-A1KR-01A-12R-A144-07","TCGA-AO-A1KR","Primary Tumor","707414cc-7f34-41c6-8803-6641521a4069","ENSG00000105639.20","JAK3",477,4.5073,1.9037,2.3707,"OK"
"TCGA-BRCA","TCGA-E2-A14X-01A-11R-A115-07","TCGA-E2-A14X","Primary Tumor","ada5cdcf-f9e0-4209-aa92-ac3b921bbdf4","ENSG00000105639.20","JAK3",2107,9.5822,3.688,3.8028,"OK"
"TCGA-BRCA","TCGA-OL-A5RU-01A-11R-A28M-07","TCGA-OL-A5RU","Primary Tumor","6185d5c4-f757-4baa-bd82-fd4050c57312","ENSG00000105639.20","JAK3",1509,15.6334,5.1698,4.7503,"OK"
"TCGA-BRCA","TCGA-PL-A8LX-01A-11R-A41B-07","TCGA-PL-A8LX","Primary Tumor","ac16e2b7-9566-4330-8e13-4b31b92410e4","ENSG00000105639.20","JAK3",337,3.3487,1.0566,1.1543,"OK"
"TCGA-BRCA","TCGA-E9-A1N5-01A-11R-A14D-07","TCGA-E9-A1N5","Primary Tumor","d9126541-4eb3-48fc-88ed-2e0ecea0d9d4","ENSG00000105639.20","JAK3",623,8.9277,2.3463,2.1993,"OK"
"TCGA-BRCA","TCGA-S3-AA17-01A-11R-A41B-07","TCGA-S3-AA17","Primary Tumor","da93e1a9-6863-4c98-b1fd-52d22ecbca45","ENSG00000105639.20","JAK3",2773,22.9787,8.9827,8.8678,"OK"
"TCGA-BRCA","TCGA-A2-A0YE-01A-11R-A109-07","TCGA-A2-A0YE","Primary Tumor","c94fb480-7f46-4c24-bcb1-26f66a57c45a","ENSG00000105639.20","JAK3",1350,12.3856,3.2715,3.2319,"OK"
"TCGA-BRCA","TCGA-AC-A3EH-01A-22R-A22K-07","TCGA-AC-A3EH","Primary Tumor","d93c4b85-2617-43d9-8017-ed3a82dc4117","ENSG00000105639.20","JAK3",324,2.754,0.8218,0.833,"OK"
"TCGA-BRCA","TCGA-B6-A40B-01A-11R-A239-07","TCGA-B6-A40B","Primary Tumor","80c3e656-26e4-4b45-acce-fac1a0c09d28","ENSG00000105639.20","JAK3",454,3.4276,1.0322,1.0883,"OK"
"TCGA-BRCA","TCGA-D8-A147-01A-11R-A115-07","TCGA-D8-A147","Primary Tumor","abefed1d-9f40-4a97-9435-4d9df47f7ebd","ENSG00000105639.20","JAK3",1516,15.899,3.9008,3.5446,"OK"
"TCGA-BRCA","TCGA-BH-A0HO-01A-11R-A034-07","TCGA-BH-A0HO","Primary Tumor","90e074a0-ca6d-4031-aa26-f79e5c662ba7","ENSG00000105639.20","JAK3",437,3.2707,0.8399,0.9111,"OK"
"TCGA-BRCA","TCGA-AN-A049-01A-21R-A00Z-07","TCGA-AN-A049","Primary Tumor","89dfc6f3-9f78-4e03-a2e7-e9010c7814a2","ENSG00000105639.20","JAK3",530,5.9841,1.6434,1.6755,"OK"
"TCGA-BRCA","TCGA-A2-A0CP-01A-11R-A034-07","TCGA-A2-A0CP","Primary Tumor","9b980569-4da2-43ee-a06a-18ee09baf41d","ENSG00000105639.20","JAK3",386,4.9778,1.6601,1.8964,"OK"
"TCGA-BRCA","TCGA-C8-A1HM-01A-12R-A137-07","TCGA-C8-A1HM","Primary Tumor","2c3000b7-4db9-4f00-a82a-ca6802806631","ENSG00000105639.20","JAK3",1661,20.3462,6.0747,5.8462,"OK"
"TCGA-BRCA","TCGA-BH-A0BC-01A-22R-A084-07","TCGA-BH-A0BC","Primary Tumor","de6f1503-33d7-4f86-b835-bdffba7ea4e3","ENSG00000105639.20","JAK3",818,6.2089,1.8234,1.8525,"OK"
"TCGA-BRCA","TCGA-A8-A08L-01A-11R-A00Z-07","TCGA-A8-A08L","Primary Tumor","cf089a52-2196-422d-affa-a5f434edd134","ENSG00000105639.20","JAK3",1198,9.4883,2.7927,2.6968,"OK"
"TCGA-BRCA","TCGA-E2-A14Q-01A-11R-A12D-07","TCGA-E2-A14Q","Primary Tumor","a03952ab-2ac1-43a5-a438-1f022bcd0b16","ENSG00000105639.20","JAK3",555,4.8418,1.4079,1.3378,"OK"
"TCGA-BRCA","TCGA-BH-A0H5-01A-21R-A115-07","TCGA-BH-A0H5","Primary Tumor","03d18286-1038-4c0c-9c05-d1269e280250","ENSG00000105639.20","JAK3",4928,41.187,14.4025,13.6475,"OK"
"TCGA-BRCA","TCGA-PE-A5DE-01A-11R-A27Q-07","TCGA-PE-A5DE","Primary Tumor","386ce911-e1c2-4d68-b0a3-aac157e1a555","ENSG00000105639.20","JAK3",2758,30.2887,9.735,9.0238,"OK"
"TCGA-BRCA","TCGA-LQ-A4E4-01A-11R-A266-07","TCGA-LQ-A4E4","Primary Tumor","d53192c4-2356-4b6c-b98f-19eded7b7e29","ENSG00000105639.20","JAK3",350,4.2778,1.3404,1.2493,"OK"
"TCGA-BRCA","TCGA-BH-A1FN-01A-11R-A13Q-07","TCGA-BH-A1FN","Primary Tumor","ab06e3b7-52ef-45e4-8fc6-dbb4f63b110e","ENSG00000105639.20","JAK3",264,3.5772,0.9279,0.9082,"OK"
"TCGA-BRCA","TCGA-E2-A1LH-11A-22R-A14D-07","TCGA-E2-A1LH","Solid Tissue Normal","18b0bd2d-505f-4ecb-9bea-b52e6a74cebd","ENSG00000105639.20","JAK3",565,7.5972,2.1236,1.9499,"OK"
"TCGA-BRCA","TCGA-BH-A0BO-01A-23R-A12D-07","TCGA-BH-A0BO","Primary Tumor","4ef3b472-5fce-4e6a-a835-659cc3fee694","ENSG00000105639.20","JAK3",1338,12.6328,3.2247,3.1123,"OK"
"TCGA-BRCA","TCGA-BH-A0BJ-01A-11R-A056-07","TCGA-BH-A0BJ","Primary Tumor","4660cd29-08ac-452c-9bb8-10e9d9e906ab","ENSG00000105639.20","JAK3",497,4.9846,1.3496,1.3169,"OK"
"TCGA-BRCA","TCGA-A8-A09X-01A-11R-A00Z-07","TCGA-A8-A09X","Primary Tumor","09f1c0ee-ee22-435f-88c9-d9f5c936c45c","ENSG00000105639.20","JAK3",1229,10.581,3.4812,3.6321,"OK"
"TCGA-BRCA","TCGA-GM-A2DC-01A-11R-A18M-07","TCGA-GM-A2DC","Primary Tumor","97dbbbc5-cd1a-4bb8-99c5-600870ccd35d","ENSG00000105639.20","JAK3",149,1.76,0.5998,0.6011,"OK"
"TCGA-BRCA","TCGA-E2-A153-01A-12R-A12D-07","TCGA-E2-A153","Primary Tumor","aa2ab118-b3cc-4452-a29c-104f80f16f8d","ENSG00000105639.20","JAK3",321,4.3121,1.1583,1.2951,"OK"
"TCGA-BRCA","TCGA-D8-A1JN-01A-11R-A13Q-07","TCGA-D8-A1JN","Primary Tumor","4f89dad8-a12e-47d2-a7d9-c1b90f1bd61b","ENSG00000105639.20","JAK3",208,2.6534,0.7902,0.7853,"OK"
"TCGA-BRCA","TCGA-A2-A4S0-01A-21R-A266-07","TCGA-A2-A4S0","Primary Tumor","383b947b-6824-4c75-b4f3-ccfa933d3d33","ENSG00000105639.20","JAK3",156,2.3314,0.6281,0.5995,"OK"
"TCGA-BRCA","TCGA-BH-A0AV-01A-31R-A115-07","TCGA-BH-A0AV","Primary Tumor","f03677e2-11ab-40b2-8499-591357c2c9d6","ENSG00000105639.20","JAK3",859,7.6718,1.9024,2.0958,"OK"
"TCGA-BRCA","TCGA-A2-A0YJ-01A-11R-A109-07","TCGA-A2-A0YJ","Primary Tumor","6ac73ea5-48e8-40d8-8383-fa28991813fd","ENSG00000105639.20","JAK3",316,3.5894,0.9423,0.9312,"OK"
"TCGA-BRCA","TCGA-E2-A10A-01A-21R-A115-07","TCGA-E2-A10A","Primary Tumor","1a8d6cfd-095d-4461-875a-56d27816a0f5","ENSG00000105639.20","JAK3",355,3.7138,0.8904,0.8037,"OK"
"TCGA-BRCA","TCGA-BH-A1FM-11B-23R-A13Q-07","TCGA-BH-A1FM","Solid Tissue Normal","1ce0d66a-176d-4d8a-b1c4-64d847e299be","ENSG00000105639.20","JAK3",719,5.3979,1.5796,1.5363,"OK"
"TCGA-BRCA","TCGA-OL-A5RX-01A-11R-A28M-07","TCGA-OL-A5RX","Primary Tumor","f73d3dce-d75f-4f76-b49c-99348ee641cc","ENSG00000105639.20","JAK3",717,8.6318,2.4214,2.1782,"OK"
"TCGA-BRCA","TCGA-E2-A15M-11A-22R-A12D-07","TCGA-E2-A15M","Solid Tissue Normal","ccb87d7a-2729-4017-bc17-10e5a67bd5cc","ENSG00000105639.20","JAK3",439,4.7207,1.3939,1.453,"OK"
"TCGA-BRCA","TCGA-BH-A42V-01A-11R-A24H-07","TCGA-BH-A42V","Primary Tumor","c4a9a1df-4397-409e-85ec-30e0789377c2","ENSG00000105639.20","JAK3",1352,10.26,3.0181,2.8948,"OK"
"TCGA-BRCA","TCGA-A7-A13E-01B-06R-A277-07","TCGA-A7-A13E","Primary Tumor","06952c59-978d-4ef4-b716-c55dd6747699","ENSG00000105639.20","JAK3",618,10.4931,4.127,4.3296,"OK"
"TCGA-BRCA","TCGA-A8-A082-01A-11R-A00Z-07","TCGA-A8-A082","Primary Tumor","0a06329d-82cd-41a9-822e-43cfd49e63a2","ENSG00000105639.20","JAK3",156,1.6771,0.4545,0.4468,"OK"
"TCGA-BRCA","TCGA-A2-A04P-01A-31R-A034-07","TCGA-A2-A04P","Primary Tumor","c95a37a1-d3cd-421c-bc5f-0f8dc448f64c","ENSG00000105639.20","JAK3",901,5.1623,2.6024,3.4401,"OK"
"TCGA-BRCA","TCGA-BH-A0DH-11A-31R-A089-07","TCGA-BH-A0DH","Solid Tissue Normal","90116c25-271c-4be2-b20f-295448e6e421","ENSG00000105639.20","JAK3",504,3.7633,1.3397,1.539,"OK"
"TCGA-BRCA","TCGA-D8-A1JT-01A-31R-A13Q-07","TCGA-D8-A1JT","Primary Tumor","9c99e8d0-a96d-4252-8ea8-e15bfae278c3","ENSG00000105639.20","JAK3",275,2.0522,0.586,0.58,"OK"
"TCGA-BRCA","TCGA-OK-A5Q2-01A-11R-A27Q-07","TCGA-OK-A5Q2","Primary Tumor","c25c7ca5-8d03-4bba-b42b-c8b1042c0d48","ENSG00000105639.20","JAK3",1770,18.731,5.3849,4.8948,"OK"
"TCGA-BRCA","TCGA-PL-A8LZ-01A-31R-A36F-07","TCGA-PL-A8LZ","Primary Tumor","3c2914f4-200f-4bec-93f0-b0fdb6460378","ENSG00000105639.20","JAK3",2261,26.0383,7.6902,7.2425,"OK"
"TCGA-BRCA","TCGA-D8-A1XJ-01A-11R-A14M-07","TCGA-D8-A1XJ","Primary Tumor","97387357-c741-43a6-9b3a-55c925f9a516","ENSG00000105639.20","JAK3",290,2.2516,0.5947,0.6605,"OK"
"TCGA-BRCA","TCGA-E2-A1LS-11A-32R-A157-07","TCGA-E2-A1LS","Solid Tissue Normal","9e5ecae5-faf0-41a2-a795-d1b4db79486a","ENSG00000105639.20","JAK3",230,1.1522,0.4696,0.6169,"OK"
"TCGA-BRCA","TCGA-D8-A142-01A-11R-A115-07","TCGA-D8-A142","Primary Tumor","c8c7b9cc-7015-4405-a7f5-f60587de285a","ENSG00000105639.20","JAK3",1390,8.0707,2.5744,2.7185,"OK"
"TCGA-BRCA","TCGA-E9-A1RB-11A-33R-A157-07","TCGA-E9-A1RB","Solid Tissue Normal","447e3faf-a5f2-4739-b2aa-c907f33b634a","ENSG00000105639.20","JAK3",691,4.367,1.3932,1.5373,"OK"
"TCGA-BRCA","TCGA-D8-A1XM-01A-21R-A14M-07","TCGA-D8-A1XM","Primary Tumor","4c941474-f3e0-4735-bad0-cff8894fb08d","ENSG00000105639.20","JAK3",864,6.9724,1.7064,1.6125,"OK"
"TCGA-BRCA","TCGA-B6-A0RS-01A-11R-A084-07","TCGA-B6-A0RS","Primary Tumor","9c0043c4-b65a-42ca-9f02-fe1cef04beaf","ENSG00000105639.20","JAK3",930,6.0514,2.0414,2.1731,"OK"
"TCGA-BRCA","TCGA-BH-A0DV-11A-22R-A12P-07","TCGA-BH-A0DV","Solid Tissue Normal","739fe30a-4fae-4f4d-a360-3ab300a4848a","ENSG00000105639.20","JAK3",461,4.257,1.1276,1.0637,"OK"
"TCGA-BRCA","TCGA-B6-A3ZX-01A-11R-A239-07","TCGA-B6-A3ZX","Primary Tumor","f6565f25-4317-4615-a437-af79da929ecd","ENSG00000105639.20","JAK3",7633,57.7216,19.704,18.2676,"OK"
"TCGA-BRCA","TCGA-C8-A3M7-01A-12R-A21T-07","TCGA-C8-A3M7","Primary Tumor","7aff89e2-86cb-43d8-96cd-341c02ebdd49","ENSG00000105639.20","JAK3",912,6.9871,2.3266,2.1638,"OK"
"TCGA-BRCA","TCGA-AR-A1AK-01A-21R-A12P-07","TCGA-AR-A1AK","Primary Tumor","5405b59e-44cc-4745-b838-ca279210cbed","ENSG00000105639.20","JAK3",1289,14.8788,4.0337,3.6433,"OK"
"TCGA-BRCA","TCGA-E9-A1RB-01A-11R-A157-07","TCGA-E9-A1RB","Primary Tumor","c9920595-31f2-4977-b6bd-c0fa3ffcf461","ENSG00000105639.20","JAK3",587,3.7632,1.0842,1.1068,"OK"
"TCGA-BRCA","TCGA-AO-A0JE-01A-11R-A056-07","TCGA-AO-A0JE","Primary Tumor","7f1cbb4f-aecf-42be-91cc-fb35d03447df","ENSG00000105639.20","JAK3",1030,9.0141,2.7982,3.1402,"OK"
"TCGA-BRCA","TCGA-A2-A0T0-01A-22R-A084-07","TCGA-A2-A0T0","Primary Tumor","bbd09e9b-84ba-458f-a595-b03069b843dd","ENSG00000105639.20","JAK3",722,5.5289,1.6854,1.7751,"OK"
"TCGA-BRCA","TCGA-A8-A09G-01A-21R-A00Z-07","TCGA-A8-A09G","Primary Tumor","575ef8e2-dfbc-48b3-9836-089b94498e09","ENSG00000105639.20","JAK3",1601,11.4156,3.4156,3.4796,"OK"
"TCGA-BRCA","TCGA-A2-A0CT-01A-31R-A056-07","TCGA-A2-A0CT","Primary Tumor","1d7789a1-1ff1-4865-a9c9-dfb40e57aff5","ENSG00000105639.20","JAK3",118,1.2797,0.3806,0.3642,"OK"
"TCGA-BRCA","TCGA-A8-A09M-01A-11R-A00Z-07","TCGA-A8-A09M","Primary Tumor","56e43b33-6dc7-496b-bdee-75e5fed5d502","ENSG00000105639.20","JAK3",773,5.8935,2.0551,2.0064,"OK"
"TCGA-BRCA","TCGA-AR-A1AY-01A-21R-A12P-07","TCGA-AR-A1AY","Primary Tumor","58764dda-7c61-4705-a834-4d654c60ef2b","ENSG00000105639.20","JAK3",403,4.4993,1.1125,1.0396,"OK"
"TCGA-BRCA","TCGA-BH-A0BR-01A-21R-A115-07","TCGA-BH-A0BR","Primary Tumor","196aed5b-6812-47c5-ad7b-4dd1743ed0b5","ENSG00000105639.20","JAK3",1004,11.5956,2.9777,3.1519,"OK"
"TCGA-BRCA","TCGA-AO-A1KP-01A-11R-A13Q-07","TCGA-AO-A1KP","Primary Tumor","fbdb3ca1-c7c8-437e-a315-25e3bc623236","ENSG00000105639.20","JAK3",161,1.1635,0.3798,0.3809,"OK"
"TCGA-BRCA","TCGA-A2-A0SW-01A-11R-A084-07","TCGA-A2-A0SW","Primary Tumor","e748021e-b8ec-4b17-8b59-ce9d0a3d42e1","ENSG00000105639.20","JAK3",1370,8.5034,4.4381,4.5412,"OK"
"TCGA-BRCA","TCGA-A8-A09Z-01A-11R-A00Z-07","TCGA-A8-A09Z","Primary Tumor","12b68e56-a83f-4b65-bb66-59e8522acbc9","ENSG00000105639.20","JAK3",623,6.0348,1.6618,1.6808,"OK"
"TCGA-BRCA","TCGA-AR-A1AI-01A-11R-A12P-07","TCGA-AR-A1AI","Primary Tumor","7774e389-c3c5-4abf-846c-4e8eead7e521","ENSG00000105639.20","JAK3",1868,14.3645,4.9313,4.6375,"OK"
"TCGA-BRCA","TCGA-B6-A2IU-01A-32R-A18M-07","TCGA-B6-A2IU","Primary Tumor","e8149278-3269-4dbe-9500-7045fd56cd2f","ENSG00000105639.20","JAK3",84,1.5777,0.4751,0.4429,"OK"
"TCGA-BRCA","TCGA-A2-A1FZ-01A-51R-A14D-07","TCGA-A2-A1FZ","Primary Tumor","fd121fe6-7529-4a92-a324-2186622180b3","ENSG00000105639.20","JAK3",393,5.0044,1.2425,1.151,"OK"
"TCGA-BRCA","TCGA-OL-A66P-01A-11R-A31O-07","TCGA-OL-A66P","Primary Tumor","1af79ae6-8b40-40ae-8f68-195d8367ac38","ENSG00000105639.20","JAK3",1487,10.0429,6.4614,8.1927,"OK"
"TCGA-BRCA","TCGA-E9-A3HO-01A-11R-A213-07","TCGA-E9-A3HO","Primary Tumor","75a7e5eb-1db8-4858-9a9f-78abea32ccd4","ENSG00000105639.20","JAK3",840,5.2058,2.4231,2.6011,"OK"
"TCGA-BRCA","TCGA-BH-A0DS-01A-11R-A056-07","TCGA-BH-A0DS","Primary Tumor","158cc60a-89b0-40f0-8536-8c0f0e31429b","ENSG00000105639.20","JAK3",339,3.188,1.1159,1.1864,"OK"
"TCGA-BRCA","TCGA-E9-A245-01A-22R-A16F-07","TCGA-E9-A245","Primary Tumor","243fe98b-3355-4b09-8094-b9e06a2b8329","ENSG00000105639.20","JAK3",118,1.8003,0.5051,0.6039,"OK"
"TCGA-BRCA","TCGA-AO-A0JJ-01A-11R-A056-07","TCGA-AO-A0JJ","Primary Tumor","c7646bc5-436b-4ad5-b5ae-894b2e843cda","ENSG00000105639.20","JAK3",1024,8.9848,2.7947,2.6804,"OK"
"TCGA-BRCA","TCGA-BH-A0HP-01A-12R-A084-07","TCGA-BH-A0HP","Primary Tumor","95775d9a-4f7f-47c9-806b-acea8e01d40e","ENSG00000105639.20","JAK3",550,4.2239,1.2757,1.3033,"OK"
"TCGA-BRCA","TCGA-A2-A0D3-01A-11R-A115-07","TCGA-A2-A0D3","Primary Tumor","7d904415-9887-4738-99ae-66dcd60084ac","ENSG00000105639.20","JAK3",606,5.6831,1.5009,1.4151,"OK"
"TCGA-BRCA","TCGA-BH-A18F-01A-11R-A12D-07","TCGA-BH-A18F","Primary Tumor","ac7c3a38-5d88-488e-86f7-1c72a26fe5ef","ENSG00000105639.20","JAK3",825,9.5842,2.5858,2.3736,"OK"
"TCGA-BRCA","TCGA-E2-A150-01A-11R-A12D-07","TCGA-E2-A150","Primary Tumor","7860a938-e43a-4c3a-83b4-6578cea95df8","ENSG00000105639.20","JAK3",823,8.6431,2.3923,2.4276,"OK"
"TCGA-BRCA","TCGA-A8-A0A6-01A-12R-A056-07","TCGA-A8-A0A6","Primary Tumor","b4d6811f-cb5c-4ad9-8f13-5d58f0b6afd4","ENSG00000105639.20","JAK3",772,9.4953,3.0099,2.9136,"OK"
"TCGA-BRCA","TCGA-B6-A0I2-01A-11R-A034-07","TCGA-B6-A0I2","Primary Tumor","ccd3b6f5-b425-47fb-b48e-0e24a4d6a4b2","ENSG00000105639.20","JAK3",1695,12.4359,4.9978,5.6562,"OK"
"TCGA-BRCA","TCGA-AO-A12D-01A-11R-A115-07","TCGA-AO-A12D","Primary Tumor","a58e2ae3-a236-4209-8292-70465216cb85","ENSG00000105639.20","JAK3",1421,13.0806,4.4145,4.9041,"OK"
"TCGA-BRCA","TCGA-E9-A1RA-01A-11R-A14D-07","TCGA-E9-A1RA","Primary Tumor","7baccc3d-54ba-4a3f-8ec0-b54ccd92df45","ENSG00000105639.20","JAK3",618,7.5114,2.1366,2.0926,"OK"
"TCGA-BRCA","TCGA-B6-A0X4-01A-11R-A109-07","TCGA-B6-A0X4","Primary Tumor","2dc5eb24-fb84-455a-ae05-3b58ad2fc284","ENSG00000105639.20","JAK3",58,0.8341,0.229,0.2377,"OK"
"TCGA-BRCA","TCGA-AO-A03R-01A-21R-A034-07","TCGA-AO-A03R","Primary Tumor","3bc9d1c0-b57f-44b5-8624-b3ee99aeafe4","ENSG00000105639.20","JAK3",976,8.684,3.9761,4.789,"OK"
"TCGA-BRCA","TCGA-C8-A132-01A-31R-A115-07","TCGA-C8-A132","Primary Tumor","4dc3285f-fd32-4a3e-ad59-28597ab5323a","ENSG00000105639.20","JAK3",1901,19.3924,5.2368,5.3301,"OK"
"TCGA-BRCA","TCGA-EW-A1J6-01A-11R-A13Q-07","TCGA-EW-A1J6","Primary Tumor","d7e1d1f4-3189-401d-91dc-048ab13ce5df","ENSG00000105639.20","JAK3",973,4.0565,2.4943,3.2504,"OK"
"TCGA-BRCA","TCGA-BH-A0DG-01A-21R-A12P-07","TCGA-BH-A0DG","Primary Tumor","39b28d5e-fc51-4dfc-bcbe-0285c3bad830","ENSG00000105639.20","JAK3",917,9.189,2.6981,2.7996,"OK"
"TCGA-BRCA","TCGA-BH-A0DG-11A-43R-A12P-07","TCGA-BH-A0DG","Solid Tissue Normal","1479c033-ebe7-423d-8460-bbe84fd5ffb6","ENSG00000105639.20","JAK3",456,4.2649,1.1174,1.0521,"OK"
"TCGA-BRCA","TCGA-BH-A0HU-01A-11R-A034-07","TCGA-BH-A0HU","Primary Tumor","5978f5bd-575c-4b95-9265-654af1127685","ENSG00000105639.20","JAK3",286,2.2127,0.7149,0.7011,"OK"
"TCGA-BRCA","TCGA-A7-A0CJ-01A-21R-A00Z-07","TCGA-A7-A0CJ","Primary Tumor","c55e6460-fea1-468e-951e-bf45bbddd7a6","ENSG00000105639.20","JAK3",295,2.854,0.868,0.8062,"OK"
"TCGA-BRCA","TCGA-A8-A097-01A-11R-A034-07","TCGA-A8-A097","Primary Tumor","c1778b3c-5649-4e26-b937-fd00ffd58387","ENSG00000105639.20","JAK3",803,5.1609,1.482,1.5466,"OK"
"TCGA-BRCA","TCGA-D8-A27H-01A-11R-A16F-07","TCGA-D8-A27H","Primary Tumor","427a04c9-9b48-49de-8a47-2adc4e1dd32a","ENSG00000105639.20","JAK3",672,6.0521,1.4989,1.6073,"OK"
"TCGA-BRCA","TCGA-BH-A0DL-11A-13R-A115-07","TCGA-BH-A0DL","Solid Tissue Normal","b9a1e2f1-e5c4-4855-9720-4c168474dd26","ENSG00000105639.20","JAK3",1484,11.9942,3.3385,3.2073,"OK"
"TCGA-BRCA","TCGA-A7-A4SE-01A-11R-A266-07","TCGA-A7-A4SE","Primary Tumor","87b7171a-7340-4e1e-849b-c52351f23ab0","ENSG00000105639.20","JAK3",565,9.9442,2.472,2.4442,"OK"
"TCGA-BRCA","TCGA-E2-A153-11A-31R-A12D-07","TCGA-E2-A153","Solid Tissue Normal","a04fdd52-6d4c-4dc6-b63d-fa67ecfe4744","ENSG00000105639.20","JAK3",921,10.8317,3.0778,2.9328,"OK"
"TCGA-BRCA","TCGA-A2-A1G6-01A-11R-A13Q-07","TCGA-A2-A1G6","Primary Tumor","0c3ddae2-366f-4b21-ab46-a2cfe1963e42","ENSG00000105639.20","JAK3",837,8.1365,2.2223,2.0133,"OK"
"TCGA-BRCA","TCGA-AC-A23H-01A-11R-A157-07","TCGA-AC-A23H","Primary Tumor","de98339e-9b13-4def-b3d9-234fdc784cec","ENSG00000105639.20","JAK3",299,2.4787,0.6299,0.635,"OK"
"TCGA-BRCA","TCGA-BH-A1EX-01A-11R-A13Q-07","TCGA-BH-A1EX","Primary Tumor","17ff23ff-17b3-4ed1-b10c-2d922c045807","ENSG00000105639.20","JAK3",922,5.6265,1.6082,1.5675,"OK"
"TCGA-BRCA","TCGA-GM-A2DM-01A-11R-A180-07","TCGA-GM-A2DM","Primary Tumor","a39993c2-0b95-4df1-b501-b1a746633449","ENSG00000105639.20","JAK3",313,3.4203,0.864,0.8892,"OK"
"TCGA-BRCA","TCGA-AQ-A04L-01B-21R-A10J-07","TCGA-AQ-A04L","Primary Tumor","0427af63-b665-4c57-874b-65222c200bfe","ENSG00000105639.20","JAK3",318,2.5127,0.8216,0.9492,"OK"
"TCGA-BRCA","TCGA-A2-A0CY-01A-12R-A034-07","TCGA-A2-A0CY","Primary Tumor","c96ef17c-52c1-43d9-a7e5-730fd8f3641f","ENSG00000105639.20","JAK3",1052,8.4693,3.384,4.7342,"OK"
"TCGA-BRCA","TCGA-BH-A1EO-01A-11R-A137-07","TCGA-BH-A1EO","Primary Tumor","c84958db-e7a3-4cd5-9b5e-a5435a86021d","ENSG00000105639.20","JAK3",351,6.1545,1.4359,1.4478,"OK"
"TCGA-BRCA","TCGA-D8-A13Z-01A-11R-A115-07","TCGA-D8-A13Z","Primary Tumor","fd371070-c312-4eca-b3da-d41b1c8a86a7","ENSG00000105639.20","JAK3",1383,10.6978,2.8372,2.7592,"OK"
"TCGA-BRCA","TCGA-GM-A2DH-01A-11R-A180-07","TCGA-GM-A2DH","Primary Tumor","4ad2cbb3-5bca-462b-af1f-8a292c317722","ENSG00000105639.20","JAK3",2481,20.663,5.2716,4.6102,"OK"
"TCGA-BRCA","TCGA-BH-A18S-01A-11R-A12D-07","TCGA-BH-A18S","Primary Tumor","dbbacb2c-b675-4a35-a6ff-157865f24945","ENSG00000105639.20","JAK3",159,1.3246,0.4037,0.3801,"OK"
"TCGA-BRCA","TCGA-B6-A0I9-01A-11R-A034-07","TCGA-B6-A0I9","Primary Tumor","0710056c-2f04-4182-90ca-45492dd6444c","ENSG00000105639.20","JAK3",595,4.7237,1.3461,1.3803,"OK"
"TCGA-BRCA","TCGA-B6-A0I1-01A-11R-A21T-07","TCGA-B6-A0I1","Primary Tumor","1852f5d0-ce76-4f0d-87a7-0383f338c96b","ENSG00000105639.20","JAK3",234,1.576,0.5244,0.581,"OK"
"TCGA-BRCA","TCGA-BH-A0B9-01A-11R-A056-07","TCGA-BH-A0B9","Primary Tumor","4f464ced-080f-41f1-9a00-955db0d5fda6","ENSG00000105639.20","JAK3",3885,21.9145,6.2439,6.549,"OK"
"TCGA-BRCA","TCGA-A2-A1FV-01A-11R-A13Q-07","TCGA-A2-A1FV","Primary Tumor","8c6fa126-82a0-4290-a657-8466959585c4","ENSG00000105639.20","JAK3",196,1.2893,0.4036,0.4112,"OK"
"TCGA-BRCA","TCGA-AN-A0XL-01A-11R-A10J-07","TCGA-AN-A0XL","Primary Tumor","10d1a1f0-c89b-4b1e-93fa-7c6fd7f5bb8f","ENSG00000105639.20","JAK3",297,3.0329,0.8229,0.7701,"OK"
"TCGA-BRCA","TCGA-BH-A0DZ-11A-22R-A089-07","TCGA-BH-A0DZ","Solid Tissue Normal","b70b68a1-28c4-4ed3-a04c-b622e583f10b","ENSG00000105639.20","JAK3",464,4.9961,1.4986,1.5357,"OK"
"TCGA-BRCA","TCGA-A7-A3J1-01A-11R-A213-07","TCGA-A7-A3J1","Primary Tumor","9928c491-426a-4507-8ddd-999d6b892e29","ENSG00000105639.20","JAK3",2061,15.6462,4.274,3.8457,"OK"
"TCGA-BRCA","TCGA-D8-A145-01A-11R-A115-07","TCGA-D8-A145","Primary Tumor","3ecfecef-4180-4b7a-8d9a-5532b47ef500","ENSG00000105639.20","JAK3",682,7.116,2.1501,1.925,"OK"
"TCGA-BRCA","TCGA-BH-A0AY-11A-23R-A089-07","TCGA-BH-A0AY","Solid Tissue Normal","1320db11-22a5-417f-8ec7-65c0bf4681a2","ENSG00000105639.20","JAK3",391,4.0099,1.2268,1.1915,"OK"
"TCGA-BRCA","TCGA-A2-A0CS-01A-11R-A115-07","TCGA-A2-A0CS","Primary Tumor","e21262db-a694-4461-b1b0-e52c0891113a","ENSG00000105639.20","JAK3",158,1.8405,0.5249,0.549,"OK"
"TCGA-BRCA","TCGA-AN-A0AJ-01A-11R-A00Z-07","TCGA-AN-A0AJ","Primary Tumor","fc0a2d23-31a3-4aab-bdd9-0abb51880043","ENSG00000105639.20","JAK3",1284,10.0318,2.7273,2.7875,"OK"
"TCGA-BRCA","TCGA-BH-A0DV-01A-21R-A12P-07","TCGA-BH-A0DV","Primary Tumor","287a036d-5b2d-4faf-93a0-cf0be006fa6b","ENSG00000105639.20","JAK3",838,6.2791,1.6695,1.8239,"OK"
"TCGA-BRCA","TCGA-D8-A1Y1-01A-21R-A14M-07","TCGA-D8-A1Y1","Primary Tumor","a6f9b537-d843-4181-9ba8-712c44986581","ENSG00000105639.20","JAK3",437,3.0901,0.8281,0.8467,"OK"
"TCGA-BRCA","TCGA-LD-A66U-01A-11R-A31O-07","TCGA-LD-A66U","Primary Tumor","d67b8114-b70f-4e69-bae5-4f2f982c4b1b","ENSG00000105639.20","JAK3",1448,12.0643,3.7511,4.0307,"OK"
"TCGA-BRCA","TCGA-AC-A3QQ-01B-06R-A22O-07","TCGA-AC-A3QQ","Primary Tumor","150cf3db-44a8-4553-a648-66913d68adde","ENSG00000105639.20","JAK3",397,4.5468,2.8795,3.5238,"OK"
"TCGA-BRCA","TCGA-AR-A1AO-01A-11R-A12P-07","TCGA-AR-A1AO","Primary Tumor","f88ba6a1-27bf-43fa-a2c7-05db1eb9e8ea","ENSG00000105639.20","JAK3",2750,20.6976,6.1735,6.3168,"OK"
"TCGA-BRCA","TCGA-D8-A1XK-01A-21R-A14M-07","TCGA-D8-A1XK","Primary Tumor","7d496f9f-8a04-496a-ad25-68b1b72f864a","ENSG00000105639.20","JAK3",812,6.639,1.7128,1.6453,"OK"
"TCGA-BRCA","TCGA-AQ-A54O-01A-11R-A266-07","TCGA-AQ-A54O","Primary Tumor","da8c5f1e-a4e3-46bd-adb3-ce758e654983","ENSG00000105639.20","JAK3",239,2.3906,0.9871,1.0129,"OK"
"TCGA-BRCA","TCGA-BH-A0AU-11A-11R-A12P-07","TCGA-BH-A0AU","Solid Tissue Normal","f24d6e88-634e-4d86-b993-76a40f1190d0","ENSG00000105639.20","JAK3",645,7.2898,2.0038,1.8309,"OK"
"TCGA-BRCA","TCGA-E9-A1RD-01A-11R-A157-07","TCGA-E9-A1RD","Primary Tumor","467cc312-373e-4655-a07e-533ccb133b22","ENSG00000105639.20","JAK3",304,2.1498,0.5757,0.5603,"OK"
"TCGA-BRCA","TCGA-E9-A1RD-11A-33R-A157-07","TCGA-E9-A1RD","Solid Tissue Normal","4376b78e-bfec-4142-8407-b967883d7b6b","ENSG00000105639.20","JAK3",543,3.4006,1.0566,1.2015,"OK"
"TCGA-BRCA","TCGA-E2-A573-01A-11R-A29R-07","TCGA-E2-A573","Primary Tumor","b3eb0ef4-66e8-48df-9acc-fd252dc2ac61","ENSG00000105639.20","JAK3",1570,13.8899,4.9788,4.8693,"OK"
"TCGA-BRCA","TCGA-A2-A4S3-01A-21R-A266-07","TCGA-A2-A4S3","Primary Tumor","d14d5953-f379-4adb-9a1b-028f91b1a9e6","ENSG00000105639.20","JAK3",1119,15.5202,4.6411,4.4583,"OK"
"TCGA-BRCA","TCGA-A8-A0A7-01A-11R-A00Z-07","TCGA-A8-A0A7","Primary Tumor","e4e099ea-7207-48b8-a578-d5e6d83054b0","ENSG00000105639.20","JAK3",2920,19.0715,7.8257,8.2141,"OK"
"TCGA-BRCA","TCGA-E2-A14O-01A-31R-A115-07","TCGA-E2-A14O","Primary Tumor","5b318f75-dda6-4410-bfc0-2fd52030cae7","ENSG00000105639.20","JAK3",239,1.8355,0.6283,0.7128,"OK"
"TCGA-BRCA","TCGA-AC-A6IW-01A-12R-A33J-07","TCGA-AC-A6IW","Primary Tumor","3208ca18-f70a-415e-8d10-5e9cb8a24b52","ENSG00000105639.20","JAK3",2096,14.7451,4.6767,4.993,"OK"
"TCGA-BRCA","TCGA-A2-A3XZ-01A-42R-A239-07","TCGA-A2-A3XZ","Primary Tumor","3974a62d-d399-42f3-b550-336e793b0cfe","ENSG00000105639.20","JAK3",3485,28.0973,8.8871,8.6889,"OK"
"TCGA-BRCA","TCGA-E9-A1N5-11A-41R-A14D-07","TCGA-E9-A1N5","Solid Tissue Normal","247f1d7d-fc33-4f35-aca7-60aa1c9631ad","ENSG00000105639.20","JAK3",349,7.0201,1.7961,1.6752,"OK"
"TCGA-BRCA","TCGA-A2-A0EU-01A-22R-A056-07","TCGA-A2-A0EU","Primary Tumor","c7019746-2fcf-4b4b-b7e5-025413e1014f","ENSG00000105639.20","JAK3",250,2.9345,0.7574,0.7163,"OK"
"TCGA-BRCA","TCGA-EW-A1P0-01A-11R-A144-07","TCGA-EW-A1P0","Primary Tumor","dcac8f3c-d282-4ac9-9194-b1461966c795","ENSG00000105639.20","JAK3",284,3.7181,0.9758,0.9128,"OK"
"TCGA-BRCA","TCGA-E9-A295-01A-11R-A16F-07","TCGA-E9-A295","Primary Tumor","477f941f-1fb8-438f-802e-2e7fe6552fab","ENSG00000105639.20","JAK3",259,2.902,0.8963,0.9164,"OK"
"TCGA-BRCA","TCGA-S3-AA15-01A-11R-A41B-07","TCGA-S3-AA15","Primary Tumor","a572e59c-096f-4054-bbb4-90f2e2461d99","ENSG00000105639.20","JAK3",2785,19.8144,12.6989,12.4388,"OK"
"TCGA-BRCA","TCGA-C8-A26W-01A-11R-A16F-07","TCGA-C8-A26W","Primary Tumor","800ca72f-4bd7-46d7-904b-bcda2fa3500c","ENSG00000105639.20","JAK3",1079,7.5449,2.2475,2.1354,"OK"
"TCGA-BRCA","TCGA-BH-A1FR-11B-42R-A13Q-07","TCGA-BH-A1FR","Solid Tissue Normal","a930c017-565f-49ad-893a-37cc394c269d","ENSG00000105639.20","JAK3",680,8.3284,2.5111,2.4204,"OK"
"TCGA-BRCA","TCGA-A8-A079-01A-21R-A00Z-07","TCGA-A8-A079","Primary Tumor","16786247-5ff5-47e0-83e2-fee15779e522","ENSG00000105639.20","JAK3",331,2.4077,0.7718,0.8268,"OK"
"TCGA-BRCA","TCGA-B6-A40C-01A-11R-A239-07","TCGA-B6-A40C","Primary Tumor","641c4e5d-4880-4f5e-9d1e-702cab91a6b4","ENSG00000105639.20","JAK3",888,5.3632,1.8376,1.7879,"OK"
"TCGA-BRCA","TCGA-E9-A2JS-01A-11R-A180-07","TCGA-E9-A2JS","Primary Tumor","2ea0b718-c634-4692-9cf0-4f118adfafbd","ENSG00000105639.20","JAK3",315,2.4468,0.7695,0.7738,"OK"
"TCGA-BRCA","TCGA-BH-A0BC-11A-22R-A089-07","TCGA-BH-A0BC","Solid Tissue Normal","f11c5295-697a-46f7-91fe-b760dc9f1029","ENSG00000105639.20","JAK3",429,4.3878,1.3344,1.3667,"OK"
"TCGA-BRCA","TCGA-A2-A0CW-01A-21R-A115-07","TCGA-A2-A0CW","Primary Tumor","5aba8f7f-c815-45e9-bee0-4dda9bfac07f","ENSG00000105639.20","JAK3",625,4.8941,1.3957,1.3143,"OK"
"TCGA-BRCA","TCGA-A8-A09R-01A-11R-A00Z-07","TCGA-A8-A09R","Primary Tumor","577dde85-20c6-44c0-bf77-bda22a7f58c0","ENSG00000105639.20","JAK3",788,6.893,1.6532,1.6317,"OK"
"TCGA-BRCA","TCGA-AN-A0FV-01A-11R-A00Z-07","TCGA-AN-A0FV","Primary Tumor","a4589532-53e0-4025-b8d3-e11e79e1fc9c","ENSG00000105639.20","JAK3",502,4.4961,1.2827,1.4151,"OK"
"TCGA-BRCA","TCGA-AC-A3YJ-01A-11R-A22U-07","TCGA-AC-A3YJ","Primary Tumor","6d17023b-03fd-4e66-9c7e-72395f09e87f","ENSG00000105639.20","JAK3",188,2.1918,0.6732,0.6889,"OK"
"TCGA-BRCA","TCGA-C8-A26Z-01A-11R-A16F-07","TCGA-C8-A26Z","Primary Tumor","39e5a93f-7474-44f8-974a-7ce44f909002","ENSG00000105639.20","JAK3",313,2.5351,0.6786,0.671,"OK"
"TCGA-BRCA","TCGA-AR-A24R-01A-11R-A169-07","TCGA-AR-A24R","Primary Tumor","7e035247-3586-443f-a94c-0addbaf3b17f","ENSG00000105639.20","JAK3",743,5.9549,1.5739,1.4882,"OK"
"TCGA-BRCA","TCGA-LL-A7T0-01A-31R-A352-07","TCGA-LL-A7T0","Primary Tumor","515f8866-8744-44d8-9e4b-0e734d0c201b","ENSG00000105639.20","JAK3",635,7.2751,2.2561,2.2582,"OK"
"TCGA-BRCA","TCGA-E9-A1R7-01A-11R-A14M-07","TCGA-E9-A1R7","Primary Tumor","86d6bd3f-d1a8-4b12-bd4f-009cd707ad8b","ENSG00000105639.20","JAK3",142,1.2159,0.3481,0.3505,"OK"
"TCGA-BRCA","TCGA-GM-A3NY-01A-11R-A21T-07","TCGA-GM-A3NY","Primary Tumor","ea7281b8-a53c-453a-93e9-69549c5f0fe8","ENSG00000105639.20","JAK3",569,3.359,1.3373,1.4395,"OK"
"TCGA-BRCA","TCGA-D8-A1JB-01A-11R-A13Q-07","TCGA-D8-A1JB","Primary Tumor","5039a492-4dc7-4191-9edd-187cb181da2d","ENSG00000105639.20","JAK3",1569,18.6205,5.5366,5.0659,"OK"
"TCGA-BRCA","TCGA-E9-A226-01A-21R-A157-07","TCGA-E9-A226","Primary Tumor","461fda5d-d6e6-4354-b035-c302cc43b03f","ENSG00000105639.20","JAK3",280,2.9957,0.7017,0.639,"OK"
"TCGA-BRCA","TCGA-BH-A0DL-01A-11R-A115-07","TCGA-BH-A0DL","Primary Tumor","683e004b-7992-4250-a94b-c355c45725d2","ENSG00000105639.20","JAK3",1710,10.3169,3.6698,3.7586,"OK"
"TCGA-BRCA","TCGA-A7-A5ZX-01A-12R-A29R-07","TCGA-A7-A5ZX","Primary Tumor","934aa789-6d42-4b2d-8a74-7d482d79ed8b","ENSG00000105639.20","JAK3",779,8.8535,2.441,2.2821,"OK"
"TCGA-BRCA","TCGA-A2-A1G1-01A-21R-A13Q-07","TCGA-A2-A1G1","Primary Tumor","269215ae-9040-4ac6-9d3d-017c0cbb2811","ENSG00000105639.20","JAK3",1385,9.6536,2.5795,2.7701,"OK"
"TCGA-BRCA","TCGA-JL-A3YX-01A-11R-A22U-07","TCGA-JL-A3YX","Primary Tumor","5064b439-81da-4ef3-b2de-bbca8d3a07e7","ENSG00000105639.20","JAK3",344,2.6077,0.7848,0.8,"OK"
"TCGA-BRCA","TCGA-OL-A66H-01A-11R-A29R-07","TCGA-OL-A66H","Primary Tumor","ec2687cf-9496-4232-9a96-41b935d6ffb3","ENSG00000105639.20","JAK3",688,7.3493,2.1825,2.1381,"OK"
"TCGA-BRCA","TCGA-D8-A3Z5-01A-41R-A24H-07","TCGA-D8-A3Z5","Primary Tumor","19318058-604e-4c3b-a037-eab07708ff82","ENSG00000105639.20","JAK3",490,4.1161,1.326,1.2184,"OK"
"TCGA-BRCA","TCGA-OL-A5RZ-01A-11R-A28M-07","TCGA-OL-A5RZ","Primary Tumor","0fc096b2-7fb5-4dc6-ae94-aa7dae6f885f","ENSG00000105639.20","JAK3",150,1.8348,0.5331,0.5869,"OK"
"TCGA-BRCA","TCGA-A8-A075-01A-11R-A084-07","TCGA-A8-A075","Primary Tumor","27aab1a6-96af-4dc1-b9ce-4690ead0d355","ENSG00000105639.20","JAK3",1064,8.6895,2.8528,2.8174,"OK"
"TCGA-BRCA","TCGA-B6-A402-01A-11R-A239-07","TCGA-B6-A402","Primary Tumor","c4ceaaf8-4803-45d7-9937-42d25db60148","ENSG00000105639.20","JAK3",409,3.2594,1.1178,1.1562,"OK"
"TCGA-BRCA","TCGA-BH-A1FM-01A-11R-A13Q-07","TCGA-BH-A1FM","Primary Tumor","a3e73f16-dc65-4c2e-9846-052b8fae144c","ENSG00000105639.20","JAK3",465,3.4398,1.061,1.1996,"OK"
"TCGA-BRCA","TCGA-BH-A1EO-11A-31R-A137-07","TCGA-BH-A1EO","Solid Tissue Normal","cbfb8ffe-ae83-4a16-aaa6-f21ea893cb8d","ENSG00000105639.20","JAK3",969,4.4805,1.4657,1.6895,"OK"
"TCGA-BRCA","TCGA-BH-A0C3-01A-21R-A12P-07","TCGA-BH-A0C3","Primary Tumor","5461f36b-c2a2-4a6a-8b17-444c143655fc","ENSG00000105639.20","JAK3",918,9.8247,2.7929,2.8021,"OK"
"TCGA-BRCA","TCGA-E2-A15M-01A-11R-A12D-07","TCGA-E2-A15M","Primary Tumor","309dcac2-7efa-467c-9dc7-222c130b0fec","ENSG00000105639.20","JAK3",2872,15.7687,4.3284,4.1609,"OK"
"TCGA-BRCA","TCGA-E2-A9RU-01A-11R-A41B-07","TCGA-E2-A9RU","Primary Tumor","6487c7e6-38ad-417c-8009-6c899fe74a64","ENSG00000105639.20","JAK3",199,2.5928,0.8489,1.0201,"OK"
"TCGA-BRCA","TCGA-EW-A1IW-01A-11R-A13Q-07","TCGA-EW-A1IW","Primary Tumor","a835cfe4-9359-4178-9c9a-44ecb4173e47","ENSG00000105639.20","JAK3",942,7.5734,1.9459,1.8703,"OK"
"TCGA-BRCA","TCGA-A2-A0EN-01A-13R-A084-07","TCGA-A2-A0EN","Primary Tumor","e4f80aa3-eace-4ab4-afff-69d952ed5442","ENSG00000105639.20","JAK3",2172,14.2433,4.7649,5.2387,"OK"
"TCGA-BRCA","TCGA-E2-A1L9-01A-11R-A13Q-07","TCGA-E2-A1L9","Primary Tumor","ea01e210-0d45-4c23-8644-904771672188","ENSG00000105639.20","JAK3",771,5.4899,1.4908,1.5049,"OK"
"TCGA-BRCA","TCGA-E9-A229-01A-31R-A157-07","TCGA-E9-A229","Primary Tumor","6129ca9a-5466-4cf5-be19-a4e3134659cb","ENSG00000105639.20","JAK3",645,5.2091,1.2811,1.2535,"OK"
"TCGA-BRCA","TCGA-D8-A1Y0-01A-11R-A14M-07","TCGA-D8-A1Y0","Primary Tumor","6084a2ac-a342-4378-b4ba-a2d7e6af9124","ENSG00000105639.20","JAK3",1706,11.8802,3.0931,2.9483,"OK"
"TCGA-BRCA","TCGA-E2-A14T-01A-11R-A115-07","TCGA-E2-A14T","Primary Tumor","7ae79f8e-a8fa-4030-b46a-458db80a36c1","ENSG00000105639.20","JAK3",640,4.0756,1.1978,1.2779,"OK"
"TCGA-BRCA","TCGA-E2-A1B6-01A-31R-A12P-07","TCGA-E2-A1B6","Primary Tumor","c28e4bbf-6ddc-42fd-9268-826edc17aee5","ENSG00000105639.20","JAK3",11182,49.912,18.8312,18.7911,"OK"
"TCGA-BRCA","TCGA-AN-A0FW-01A-11R-A034-07","TCGA-AN-A0FW","Primary Tumor","1dacccf9-58ae-490f-9f3f-31c82f93b3b8","ENSG00000105639.20","JAK3",337,2.4386,0.7121,0.7681,"OK"
"TCGA-BRCA","TCGA-D8-A1X7-01A-11R-A14M-07","TCGA-D8-A1X7","Primary Tumor","cdd283b5-8dea-4736-859c-f1a2bbda57c2","ENSG00000105639.20","JAK3",589,5.0171,1.2402,1.1743,"OK"
"TCGA-BRCA","TCGA-AO-A0J7-01A-11R-A034-07","TCGA-AO-A0J7","Primary Tumor","cbbbb1af-8bf4-4bb6-9258-33bf416190e7","ENSG00000105639.20","JAK3",109,0.9944,0.2857,0.2878,"OK"
"TCGA-BRCA","TCGA-AR-A1AP-01A-11R-A12P-07","TCGA-AR-A1AP","Primary Tumor","5728b421-9832-417b-8963-b7b17decc58e","ENSG00000105639.20","JAK3",477,6.1556,1.6054,1.563,"OK"
"TCGA-BRCA","TCGA-D8-A1X9-01A-12R-A157-07","TCGA-D8-A1X9","Primary Tumor","3728cb73-4a8a-4392-8140-f027ad876cf2","ENSG00000105639.20","JAK3",527,3.7074,0.9755,0.9688,"OK"
"TCGA-BRCA","TCGA-D8-A1XQ-01A-11R-A14M-07","TCGA-D8-A1XQ","Primary Tumor","ec7b77d4-41a2-4892-be79-23cb24f986d3","ENSG00000105639.20","JAK3",1669,11.7715,3.7412,3.4995,"OK"
"TCGA-BRCA","TCGA-AN-A0G0-01A-11R-A034-07","TCGA-AN-A0G0","Primary Tumor","e94299a9-67bc-4c30-963c-1476fbb7d5ff","ENSG00000105639.20","JAK3",561,4.4581,1.1927,1.182,"OK"
"TCGA-BRCA","TCGA-A2-A0CU-01A-12R-A034-07","TCGA-A2-A0CU","Primary Tumor","1dd898ab-3b85-4932-b889-0eb0a494f2b6","ENSG00000105639.20","JAK3",524,4.3993,1.3338,1.4117,"OK"
"TCGA-BRCA","TCGA-A8-A0A1-01A-11R-A00Z-07","TCGA-A8-A0A1","Primary Tumor","121a48ed-798d-4102-bb8f-e736570e18d6","ENSG00000105639.20","JAK3",615,9.1882,2.3886,2.2113,"OK"
"TCGA-BRCA","TCGA-A8-A08R-01A-11R-A034-07","TCGA-A8-A08R","Primary Tumor","f6cb208f-cc43-4245-8392-dc5ada57bb9b","ENSG00000105639.20","JAK3",1386,10.1745,3.102,3.0521,"OK"
"TCGA-BRCA","TCGA-EW-A1OX-01A-11R-A144-07","TCGA-EW-A1OX","Primary Tumor","6f3bd40b-98b5-431b-a0b3-c7767b479d7d","ENSG00000105639.20","JAK3",50,0.6247,0.1602,0.1539,"OK"
"TCGA-BRCA","TCGA-E9-A228-01A-31R-A157-07","TCGA-E9-A228","Primary Tumor","74b16304-eb3f-4311-9b2e-dbf5eac89b44","ENSG00000105639.20","JAK3",724,5.4488,1.4914,1.5109,"OK"
"TCGA-BRCA","TCGA-E9-A1RH-11A-34R-A169-07","TCGA-E9-A1RH","Solid Tissue Normal","958813f4-8036-42f7-856d-7a69c4175adc","ENSG00000105639.20","JAK3",240,1.5242,0.5725,0.7257,"OK"
"TCGA-BRCA","TCGA-A8-A094-01A-11R-A00Z-07","TCGA-A8-A094","Primary Tumor","0c279a15-1250-4923-bcde-96cc3fd32d42","ENSG00000105639.20","JAK3",546,7.8867,2.5702,2.5188,"OK"
"TCGA-BRCA","TCGA-AR-A254-01A-21R-A169-07","TCGA-AR-A254","Primary Tumor","bdee019c-38ae-4686-84fe-2454ba4c70dc","ENSG00000105639.20","JAK3",1238,8.5591,2.3812,2.5156,"OK"
"TCGA-BRCA","TCGA-D8-A27L-01A-11R-A16F-07","TCGA-D8-A27L","Primary Tumor","26702590-872f-4e36-a631-ee6cb3f61ec4","ENSG00000105639.20","JAK3",1371,10.9163,2.7227,2.5439,"OK"
"TCGA-BRCA","TCGA-E9-A1N9-01A-11R-A14D-07","TCGA-E9-A1N9","Primary Tumor","4c57cb4f-b4dc-4cfa-9af5-1447422c5b95","ENSG00000105639.20","JAK3",444,5.2968,1.4798,1.4334,"OK"
"TCGA-BRCA","TCGA-A8-A08A-01A-11R-A32Y-07","TCGA-A8-A08A","Primary Tumor","2a73a18d-eca4-475b-9c37-283feb92915f","ENSG00000105639.20","JAK3",373,3.3937,0.9953,0.9948,"OK"
"TCGA-BRCA","TCGA-E9-A249-01A-11R-A169-07","TCGA-E9-A249","Primary Tumor","76d94448-4fd0-4476-af15-3c845d70851d","ENSG00000105639.20","JAK3",324,2.2508,0.6435,0.6191,"OK"
"TCGA-BRCA","TCGA-AQ-A1H3-01A-31R-A13Q-07","TCGA-AQ-A1H3","Primary Tumor","77cdf045-d52d-4cc1-b2f1-e2b0d106af0f","ENSG00000105639.20","JAK3",860,7.2015,1.8149,1.7172,"OK"
"TCGA-BRCA","TCGA-BH-A0BA-11A-22R-A19E-07","TCGA-BH-A0BA","Solid Tissue Normal","165fe176-2dea-489f-92d6-34b0c6848312","ENSG00000105639.20","JAK3",605,6.994,2.121,1.9994,"OK"
