"project","file_id","sample_barcode","patient_id","sample_type","gene_name","ensembl_id","unstranded","TPM","FPKM","FPKM_UQ","extraction_status"
"TCGA-LUAD","9a64a124-9787-4378-ba01-b79aa183f25f","TCGA-44-6147-01A-11R-1755-07","TCGA-44-6147","Primary Tumor","JAK3","ENSG00000105639",1219,13.8476,4.7145,4.4373,"OK"
"TCGA-LUAD","9a64a124-9787-4378-ba01-b79aa183f25f","TCGA-44-6147-01A-11R-1755-07","TCGA-44-6147","Primary Tumor","EPHB2","ENSG00000133216",1698,10.4998,3.5747,3.3645,"OK"
"TCGA-LUAD","cab5b00a-9cf2-4e1f-b2f3-93d27b73631e","TCGA-38-4631-01A-01R-1755-07","TCGA-38-4631","Primary Tumor","JAK3","ENSG00000105639",720,9.3342,3.8952,4.2671,"OK"
"TCGA-LUAD","cab5b00a-9cf2-4e1f-b2f3-93d27b73631e","TCGA-38-4631-01A-01R-1755-07","TCGA-38-4631","Primary Tumor","EPHB2","ENSG00000133216",195,1.3761,0.5743,0.6291,"OK"
"TCGA-LUAD","9a6d8661-241e-4a3e-a6fa-e2eb1962b758","TCGA-44-6147-01B-06R-A277-07","TCGA-44-6147","Primary Tumor","JAK3","ENSG00000105639",550,12.1185,4.6322,4.5276,"OK"
"TCGA-LUAD","9a6d8661-241e-4a3e-a6fa-e2eb1962b758","TCGA-44-6147-01B-06R-A277-07","TCGA-44-6147","Primary Tumor","EPHB2","ENSG00000133216",197,2.3628,0.9032,0.8828,"OK"
"TCGA-LUAD","f6582ef5-5f6d-41d7-850a-614257c9e3b2","TCGA-50-6597-01A-11R-1858-07","TCGA-50-6597","Primary Tumor","JAK3","ENSG00000105639",772,10.788,4.4277,5.5085,"OK"
"TCGA-LUAD","f6582ef5-5f6d-41d7-850a-614257c9e3b2","TCGA-50-6597-01A-11R-1858-07","TCGA-50-6597","Primary Tumor","EPHB2","ENSG00000133216",1088,8.2761,3.3967,4.2259,"OK"
"TCGA-LUAD","4b2e6f07-59e6-47c0-85ea-1e73f3354a01","TCGA-55-8511-01A-11R-2403-07","TCGA-55-8511","Primary Tumor","JAK3","ENSG00000105639",1964,22.9473,8.1845,7.6588,"OK"
"TCGA-LUAD","4b2e6f07-59e6-47c0-85ea-1e73f3354a01","TCGA-55-8511-01A-11R-2403-07","TCGA-55-8511","Primary Tumor","EPHB2","ENSG00000133216",3491,22.203,7.9191,7.4104,"OK"
"TCGA-LUAD","e4988cad-67b9-41a6-9640-2226d6b7424a","TCGA-73-4676-11A-01R-1755-07","TCGA-73-4676","Solid Tissue Normal","JAK3","ENSG00000105639",211,3.1396,1.0582,1.3138,"OK"
"TCGA-LUAD","e4988cad-67b9-41a6-9640-2226d6b7424a","TCGA-73-4676-11A-01R-1755-07","TCGA-73-4676","Solid Tissue Normal","EPHB2","ENSG00000133216",100,0.81,0.273,0.3389,"OK"
"TCGA-LUAD","8a898b7d-6f1b-4d2a-9f5d-0751ced1d7bf","TCGA-95-7947-01A-11R-2187-07","TCGA-95-7947","Primary Tumor","JAK3","ENSG00000105639",1842,16.1474,4.6632,4.101,"OK"
"TCGA-LUAD","8a898b7d-6f1b-4d2a-9f5d-0751ced1d7bf","TCGA-95-7947-01A-11R-2187-07","TCGA-95-7947","Primary Tumor","EPHB2","ENSG00000133216",1907,9.0999,2.628,2.3112,"OK"
"TCGA-LUAD","2f6e63bb-17bd-4b53-8666-45c7159aa1f4","TCGA-55-8090-01A-11R-2241-07","TCGA-55-8090","Primary Tumor","JAK3","ENSG00000105639",1331,8.4234,2.6227,2.9506,"OK"
"TCGA-LUAD","2f6e63bb-17bd-4b53-8666-45c7159aa1f4","TCGA-55-8090-01A-11R-2241-07","TCGA-55-8090","Primary Tumor","EPHB2","ENSG00000133216",2433,8.3815,2.6096,2.9359,"OK"
"TCGA-LUAD","906a6a3f-91ce-4433-9a0d-e010a61782f0","TCGA-44-7661-01A-11R-2066-07","TCGA-44-7661","Primary Tumor","JAK3","ENSG00000105639",2518,21.8682,5.5994,5.731,"OK"
"TCGA-LUAD","906a6a3f-91ce-4433-9a0d-e010a61782f0","TCGA-44-7661-01A-11R-2066-07","TCGA-44-7661","Primary Tumor","EPHB2","ENSG00000133216",15056,71.1769,18.225,18.6533,"OK"
"TCGA-LUAD","e21fc8e8-1f42-4c08-a54b-0bcc0f70d816","TCGA-44-6146-01B-04R-A277-07","TCGA-44-6146","Primary Tumor","JAK3","ENSG00000105639",240,5.6941,1.6405,1.607,"OK"
"TCGA-LUAD","e21fc8e8-1f42-4c08-a54b-0bcc0f70d816","TCGA-44-6146-01B-04R-A277-07","TCGA-44-6146","Primary Tumor","EPHB2","ENSG00000133216",153,1.976,0.5693,0.5576,"OK"
"TCGA-LUAD","81152340-ffac-4122-8b21-bef3a474a18e","TCGA-50-5939-11A-01R-1628-07","TCGA-50-5939","Solid Tissue Normal","JAK3","ENSG00000105639",241,3.6078,1.0108,1.0745,"OK"
"TCGA-LUAD","81152340-ffac-4122-8b21-bef3a474a18e","TCGA-50-5939-11A-01R-1628-07","TCGA-50-5939","Solid Tissue Normal","EPHB2","ENSG00000133216",297,2.4202,0.6781,0.7208,"OK"
"TCGA-LUAD","7a2e7511-e77e-4805-82a3-cb9f5939ed26","TCGA-44-6146-01A-11R-1755-07","TCGA-44-6146","Primary Tumor","JAK3","ENSG00000105639",265,2.9261,0.7932,0.8287,"OK"
"TCGA-LUAD","7a2e7511-e77e-4805-82a3-cb9f5939ed26","TCGA-44-6146-01A-11R-1755-07","TCGA-44-6146","Primary Tumor","EPHB2","ENSG00000133216",673,4.0451,1.0966,1.1457,"OK"
"TCGA-LUAD","d88c062b-3c19-46e9-92b8-b80f6c3eef56","TCGA-J2-8194-01A-11R-2241-07","TCGA-J2-8194","Primary Tumor","JAK3","ENSG00000105639",1400,12.5379,3.2443,3.2694,"OK"
"TCGA-LUAD","d88c062b-3c19-46e9-92b8-b80f6c3eef56","TCGA-J2-8194-01A-11R-2241-07","TCGA-J2-8194","Primary Tumor","EPHB2","ENSG00000133216",3640,17.7448,4.5916,4.6271,"OK"
"TCGA-LUAD","c96036a1-2f21-47fc-a5ea-54389bf26502","TCGA-55-8203-01A-11R-2241-07","TCGA-55-8203","Primary Tumor","JAK3","ENSG00000105639",2638,14.2682,5.9216,5.8496,"OK"
"TCGA-LUAD","c96036a1-2f21-47fc-a5ea-54389bf26502","TCGA-55-8203-01A-11R-2241-07","TCGA-55-8203","Primary Tumor","EPHB2","ENSG00000133216",767,2.2582,0.9372,0.9258,"OK"
"TCGA-LUAD","3f474548-c7b2-4d5e-9f8d-03c800a094fe","TCGA-55-6986-11A-01R-1949-07","TCGA-55-6986","Solid Tissue Normal","JAK3","ENSG00000105639",982,6.4492,1.9678,1.958,"OK"
"TCGA-LUAD","3f474548-c7b2-4d5e-9f8d-03c800a094fe","TCGA-55-6986-11A-01R-1949-07","TCGA-55-6986","Solid Tissue Normal","EPHB2","ENSG00000133216",710,2.5382,0.7745,0.7706,"OK"
"TCGA-LUAD","8b26e78c-f162-48fc-8c1b-9628baa3ca62","TCGA-55-8621-01A-11R-2403-07","TCGA-55-8621","Primary Tumor","JAK3","ENSG00000105639",1452,14.9443,5.3429,5.5253,"OK"
"TCGA-LUAD","8b26e78c-f162-48fc-8c1b-9628baa3ca62","TCGA-55-8621-01A-11R-2403-07","TCGA-55-8621","Primary Tumor","EPHB2","ENSG00000133216",1128,6.3196,2.2594,2.3365,"OK"
"TCGA-LUAD","8b55c916-963b-41d6-b7ce-7e8ccf958c80","TCGA-49-4501-01A-01R-1206-07","TCGA-49-4501","Primary Tumor","JAK3","ENSG00000105639",1365,7.6017,2.429,2.6904,"OK"
"TCGA-LUAD","8b55c916-963b-41d6-b7ce-7e8ccf958c80","TCGA-49-4501-01A-01R-1206-07","TCGA-49-4501","Primary Tumor","EPHB2","ENSG00000133216",1711,5.1868,1.6574,1.8357,"OK"
"TCGA-LUAD","03680aea-84a2-4775-bb9c-24f8c5907247","TCGA-62-A471-01A-12R-A24H-07","TCGA-62-A471","Primary Tumor","JAK3","ENSG00000105639",1005,10.4271,3.5379,3.7631,"OK"
"TCGA-LUAD","03680aea-84a2-4775-bb9c-24f8c5907247","TCGA-62-A471-01A-12R-A24H-07","TCGA-62-A471","Primary Tumor","EPHB2","ENSG00000133216",465,2.6262,0.891,0.9478,"OK"
"TCGA-LUAD","477d7181-e081-4577-ac06-e508b1239989","TCGA-78-7540-01A-11R-2066-07","TCGA-78-7540","Primary Tumor","JAK3","ENSG00000105639",691,4.2988,1.46,1.6835,"OK"
"TCGA-LUAD","477d7181-e081-4577-ac06-e508b1239989","TCGA-78-7540-01A-11R-2066-07","TCGA-78-7540","Primary Tumor","EPHB2","ENSG00000133216",358,1.2123,0.4117,0.4748,"OK"
"TCGA-LUAD","3c421a7f-8bde-4b4b-90e5-cf0ea11274ab","TCGA-NJ-A7XG-01A-12R-A39D-07","TCGA-NJ-A7XG","Primary Tumor","JAK3","ENSG00000105639",1213,12.7017,3.7124,4.007,"OK"
"TCGA-LUAD","3c421a7f-8bde-4b4b-90e5-cf0ea11274ab","TCGA-NJ-A7XG-01A-12R-A39D-07","TCGA-NJ-A7XG","Primary Tumor","EPHB2","ENSG00000133216",838,4.7766,1.3961,1.5069,"OK"
"TCGA-LUAD","3d08a99f-46c1-4e06-a042-521a54ebbe1e","TCGA-91-6848-01A-11R-1949-07","TCGA-91-6848","Primary Tumor","JAK3","ENSG00000105639",1406,27.6977,8.1051,7.4639,"OK"
"TCGA-LUAD","3d08a99f-46c1-4e06-a042-521a54ebbe1e","TCGA-91-6848-01A-11R-1949-07","TCGA-91-6848","Primary Tumor","EPHB2","ENSG00000133216",2153,23.0874,6.756,6.2215,"OK"
"TCGA-LUAD","b0b5b05d-f782-449d-94cf-8fd74a4bd30c","TCGA-44-3917-01A-01R-A278-07","TCGA-44-3917","Primary Tumor","JAK3","ENSG00000105639",623,3.9769,3.4483,3.1306,"OK"
"TCGA-LUAD","b0b5b05d-f782-449d-94cf-8fd74a4bd30c","TCGA-44-3917-01A-01R-A278-07","TCGA-44-3917","Primary Tumor","EPHB2","ENSG00000133216",280,0.9729,0.8436,0.7659,"OK"
"TCGA-LUAD","1529d8e6-10d2-4e7c-bfb1-66820434c835","TCGA-91-A4BD-01A-11R-A24H-07","TCGA-91-A4BD","Primary Tumor","JAK3","ENSG00000105639",717,9.159,3.6407,4.6543,"OK"
"TCGA-LUAD","1529d8e6-10d2-4e7c-bfb1-66820434c835","TCGA-91-A4BD-01A-11R-A24H-07","TCGA-91-A4BD","Primary Tumor","EPHB2","ENSG00000133216",229,1.5923,0.633,0.8092,"OK"
"TCGA-LUAD","aab3583f-37ca-4f2f-8428-aa8eda2c2274","TCGA-55-6981-11A-01R-1949-07","TCGA-55-6981","Solid Tissue Normal","JAK3","ENSG00000105639",370,8.3877,2.3812,2.3222,"OK"
"TCGA-LUAD","aab3583f-37ca-4f2f-8428-aa8eda2c2274","TCGA-55-6981-11A-01R-1949-07","TCGA-55-6981","Solid Tissue Normal","EPHB2","ENSG00000133216",224,2.7642,0.7847,0.7653,"OK"
"TCGA-LUAD","555bdfe8-80bb-46db-80f1-421038f5c2b4","TCGA-MP-A4SW-01A-21R-A24X-07","TCGA-MP-A4SW","Primary Tumor","JAK3","ENSG00000105639",2345,21.0066,7.4175,7.6482,"OK"
"TCGA-LUAD","555bdfe8-80bb-46db-80f1-421038f5c2b4","TCGA-MP-A4SW-01A-21R-A24X-07","TCGA-MP-A4SW","Primary Tumor","EPHB2","ENSG00000133216",832,4.057,1.4326,1.4771,"OK"
"TCGA-LUAD","932ccb56-ad41-40a0-9ab3-21f490c60af5","TCGA-97-7552-01A-11R-2039-07","TCGA-97-7552","Primary Tumor","JAK3","ENSG00000105639",2719,24.32,8.6365,8.359,"OK"
"TCGA-LUAD","932ccb56-ad41-40a0-9ab3-21f490c60af5","TCGA-97-7552-01A-11R-2039-07","TCGA-97-7552","Primary Tumor","EPHB2","ENSG00000133216",978,4.7618,1.691,1.6367,"OK"
"TCGA-LUAD","94613d97-0a68-4212-beef-3c97a0b363ef","TCGA-50-5931-11A-01R-1858-07","TCGA-50-5931","Solid Tissue Normal","JAK3","ENSG00000105639",182,2.7278,0.8325,0.9508,"OK"
"TCGA-LUAD","94613d97-0a68-4212-beef-3c97a0b363ef","TCGA-50-5931-11A-01R-1858-07","TCGA-50-5931","Solid Tissue Normal","EPHB2","ENSG00000133216",293,2.3904,0.7296,0.8332,"OK"
"TCGA-LUAD","8af996d7-2c5e-4d17-b1a5-8751f4784eba","TCGA-55-8089-01A-11R-2241-07","TCGA-55-8089","Primary Tumor","JAK3","ENSG00000105639",4384,29.7183,10.2298,10.3601,"OK"
"TCGA-LUAD","8af996d7-2c5e-4d17-b1a5-8751f4784eba","TCGA-55-8089-01A-11R-2241-07","TCGA-55-8089","Primary Tumor","EPHB2","ENSG00000133216",3825,14.1142,4.8585,4.9204,"OK"
"TCGA-LUAD","06a639d9-ade5-4cbb-91b0-a41449ce4f49","TCGA-78-8662-01A-11R-2403-07","TCGA-78-8662","Primary Tumor","JAK3","ENSG00000105639",130,2.0277,0.6287,0.619,"OK"
"TCGA-LUAD","06a639d9-ade5-4cbb-91b0-a41449ce4f49","TCGA-78-8662-01A-11R-2403-07","TCGA-78-8662","Primary Tumor","EPHB2","ENSG00000133216",163,1.3839,0.4291,0.4225,"OK"
"TCGA-LUAD","c7ee3fa6-4a2f-4824-a098-91ce6c1223c3","TCGA-55-8512-01A-11R-2403-07","TCGA-55-8512","Primary Tumor","JAK3","ENSG00000105639",559,6.4521,2.0512,2.0901,"OK"
"TCGA-LUAD","c7ee3fa6-4a2f-4824-a098-91ce6c1223c3","TCGA-55-8512-01A-11R-2403-07","TCGA-55-8512","Primary Tumor","EPHB2","ENSG00000133216",554,3.4807,1.1066,1.1275,"OK"
"TCGA-LUAD","b6a0d742-e7bc-4d67-8014-675e62f1ddd0","TCGA-MN-A4N5-01A-11R-A24X-07","TCGA-MN-A4N5","Primary Tumor","JAK3","ENSG00000105639",2719,25.1881,7.6324,7.6564,"OK"
"TCGA-LUAD","b6a0d742-e7bc-4d67-8014-675e62f1ddd0","TCGA-MN-A4N5-01A-11R-A24X-07","TCGA-MN-A4N5","Primary Tumor","EPHB2","ENSG00000133216",2367,11.9359,3.6168,3.6281,"OK"
"TCGA-LUAD","169b5555-f64c-4bbd-9c07-af0c42ddb6aa","TCGA-78-8640-01A-11R-2403-07","TCGA-78-8640","Primary Tumor","JAK3","ENSG00000105639",2514,29.6131,10.7977,10.6547,"OK"
"TCGA-LUAD","169b5555-f64c-4bbd-9c07-af0c42ddb6aa","TCGA-78-8640-01A-11R-2403-07","TCGA-78-8640","Primary Tumor","EPHB2","ENSG00000133216",499,3.1996,1.1666,1.1512,"OK"
"TCGA-LUAD","b817c1a8-7e62-423e-b7e0-eb9136fe0455","TCGA-64-5779-01A-01R-1628-07","TCGA-64-5779","Primary Tumor","JAK3","ENSG00000105639",1760,19.0022,9.6113,9.0807,"OK"
"TCGA-LUAD","b817c1a8-7e62-423e-b7e0-eb9136fe0455","TCGA-64-5779-01A-01R-1628-07","TCGA-64-5779","Primary Tumor","EPHB2","ENSG00000133216",1636,9.615,4.8633,4.5947,"OK"
"TCGA-LUAD","de0b900f-151a-4173-a070-3ec31ec05aed","TCGA-83-5908-01A-21R-2287-07","TCGA-83-5908","Primary Tumor","JAK3","ENSG00000105639",3107,32.5708,8.5646,8.2151,"OK"
"TCGA-LUAD","de0b900f-151a-4173-a070-3ec31ec05aed","TCGA-83-5908-01A-21R-2287-07","TCGA-83-5908","Primary Tumor","EPHB2","ENSG00000133216",3747,21.3818,5.6224,5.393,"OK"
"TCGA-LUAD","7bc6d1c2-7d78-4b67-9c0d-8a836047f721","TCGA-L4-A4E6-01A-11R-A24H-07","TCGA-L4-A4E6","Primary Tumor","JAK3","ENSG00000105639",1148,11.6417,4.0048,4.5621,"OK"
"TCGA-LUAD","7bc6d1c2-7d78-4b67-9c0d-8a836047f721","TCGA-L4-A4E6-01A-11R-A24H-07","TCGA-L4-A4E6","Primary Tumor","EPHB2","ENSG00000133216",1041,5.7464,1.9768,2.2519,"OK"
"TCGA-LUAD","dc782ae2-13ec-4fcd-bae7-cafa8280d5ee","TCGA-44-6144-11A-01R-1755-07","TCGA-44-6144","Solid Tissue Normal","JAK3","ENSG00000105639",539,7.1809,2.1411,2.3542,"OK"
"TCGA-LUAD","dc782ae2-13ec-4fcd-bae7-cafa8280d5ee","TCGA-44-6144-11A-01R-1755-07","TCGA-44-6144","Solid Tissue Normal","EPHB2","ENSG00000133216",230,1.668,0.4973,0.5468,"OK"
"TCGA-LUAD","667a9066-debb-4f43-94f7-3277e66d8991","TCGA-75-6211-01A-11R-1755-07","TCGA-75-6211","Primary Tumor","JAK3","ENSG00000105639",685,9.8412,3.5452,3.359,"OK"
"TCGA-LUAD","667a9066-debb-4f43-94f7-3277e66d8991","TCGA-75-6211-01A-11R-1755-07","TCGA-75-6211","Primary Tumor","EPHB2","ENSG00000133216",204,1.5954,0.5747,0.5445,"OK"
"TCGA-LUAD","f7d58012-79f4-440f-add6-8a00728e96ba","TCGA-73-A9RS-01A-11R-A41B-07","TCGA-73-A9RS","Primary Tumor","JAK3","ENSG00000105639",413,8.2816,2.8156,2.7089,"OK"
"TCGA-LUAD","f7d58012-79f4-440f-add6-8a00728e96ba","TCGA-73-A9RS-01A-11R-A41B-07","TCGA-73-A9RS","Primary Tumor","EPHB2","ENSG00000133216",48,0.5239,0.1781,0.1714,"OK"
"TCGA-LUAD","a6298ad5-dd68-44f6-85cf-f1d2c7673aa3","TCGA-44-6777-11A-01R-1858-07","TCGA-44-6777","Solid Tissue Normal","JAK3","ENSG00000105639",434,6.6535,2.1259,2.4084,"OK"
"TCGA-LUAD","a6298ad5-dd68-44f6-85cf-f1d2c7673aa3","TCGA-44-6777-11A-01R-1858-07","TCGA-44-6777","Solid Tissue Normal","EPHB2","ENSG00000133216",337,2.8123,0.8986,1.018,"OK"
"TCGA-LUAD","71ac888b-0acc-4cfd-a21a-4c9ff8d06bf9","TCGA-86-8585-01A-11R-2403-07","TCGA-86-8585","Primary Tumor","JAK3","ENSG00000105639",1665,21.4171,8.0615,8.5024,"OK"
"TCGA-LUAD","71ac888b-0acc-4cfd-a21a-4c9ff8d06bf9","TCGA-86-8585-01A-11R-2403-07","TCGA-86-8585","Primary Tumor","EPHB2","ENSG00000133216",192,1.3444,0.506,0.5337,"OK"
"TCGA-LUAD","9bdba133-a1e0-4482-add2-af6493ebdbe5","TCGA-86-8055-01A-11R-2241-07","TCGA-86-8055","Primary Tumor","JAK3","ENSG00000105639",2003,16.0894,4.6024,4.6946,"OK"
"TCGA-LUAD","9bdba133-a1e0-4482-add2-af6493ebdbe5","TCGA-86-8055-01A-11R-2241-07","TCGA-86-8055","Primary Tumor","EPHB2","ENSG00000133216",3529,15.4306,4.414,4.5024,"OK"
"TCGA-LUAD","3cd897bd-893e-4497-b9a5-56141816cff4","TCGA-44-6774-01A-21R-1858-07","TCGA-44-6774","Primary Tumor","JAK3","ENSG00000105639",679,14.0521,4.1168,4.6825,"OK"
"TCGA-LUAD","3cd897bd-893e-4497-b9a5-56141816cff4","TCGA-44-6774-01A-21R-1858-07","TCGA-44-6774","Primary Tumor","EPHB2","ENSG00000133216",1178,13.2706,3.8878,4.4221,"OK"
"TCGA-LUAD","a308da6a-7eec-4a96-8884-d6ea49637744","TCGA-05-4398-01A-01R-1206-07","TCGA-05-4398","Primary Tumor","JAK3","ENSG00000105639",3842,17.5587,5.8804,5.9323,"OK"
"TCGA-LUAD","a308da6a-7eec-4a96-8884-d6ea49637744","TCGA-05-4398-01A-01R-1206-07","TCGA-05-4398","Primary Tumor","EPHB2","ENSG00000133216",6285,15.6356,5.2363,5.2826,"OK"
"TCGA-LUAD","18be89fe-3383-45a2-9c0e-b1246e88c82d","TCGA-55-8096-01A-11R-2241-07","TCGA-55-8096","Primary Tumor","JAK3","ENSG00000105639",3181,18.3075,6.6233,7.0471,"OK"
"TCGA-LUAD","18be89fe-3383-45a2-9c0e-b1246e88c82d","TCGA-55-8096-01A-11R-2241-07","TCGA-55-8096","Primary Tumor","EPHB2","ENSG00000133216",1980,6.203,2.2441,2.3877,"OK"
"TCGA-LUAD","df452e00-a7e9-4045-83fb-623885a542d4","TCGA-MP-A4TD-01A-32R-A262-07","TCGA-MP-A4TD","Primary Tumor","JAK3","ENSG00000105639",2248,18.7677,7.8185,8.08,"OK"
"TCGA-LUAD","df452e00-a7e9-4045-83fb-623885a542d4","TCGA-MP-A4TD-01A-32R-A262-07","TCGA-MP-A4TD","Primary Tumor","EPHB2","ENSG00000133216",1566,7.1167,2.9648,3.0639,"OK"
"TCGA-LUAD","270a13b3-158c-4251-8c6a-5bc5275e0ebb","TCGA-97-A4M2-01A-12R-A24X-07","TCGA-97-A4M2","Primary Tumor","JAK3","ENSG00000105639",1864,16.4153,6.1365,6.1807,"OK"
"TCGA-LUAD","270a13b3-158c-4251-8c6a-5bc5275e0ebb","TCGA-97-A4M2-01A-12R-A24X-07","TCGA-97-A4M2","Primary Tumor","EPHB2","ENSG00000133216",891,4.2712,1.5967,1.6082,"OK"
"TCGA-LUAD","9796354a-6ac6-466b-a82b-f1e9785bc447","TCGA-L9-A443-01A-12R-A24H-07","TCGA-L9-A443","Primary Tumor","JAK3","ENSG00000105639",1496,18.4698,5.8873,6.0383,"OK"
"TCGA-LUAD","9796354a-6ac6-466b-a82b-f1e9785bc447","TCGA-L9-A443-01A-12R-A24H-07","TCGA-L9-A443","Primary Tumor","EPHB2","ENSG00000133216",1577,10.5983,3.3782,3.4649,"OK"
"TCGA-LUAD","b5b25f89-cd67-44e5-89bd-be2bc1def4d8","TCGA-95-7567-01A-11R-2066-07","TCGA-95-7567","Primary Tumor","JAK3","ENSG00000105639",2728,16.6733,5.7796,5.7414,"OK"
"TCGA-LUAD","b5b25f89-cd67-44e5-89bd-be2bc1def4d8","TCGA-95-7567-01A-11R-2066-07","TCGA-95-7567","Primary Tumor","EPHB2","ENSG00000133216",1880,6.2547,2.1681,2.1538,"OK"
"TCGA-LUAD","0ece8b9b-d1c3-4f03-b70d-6bc06c6f52ce","TCGA-55-A492-01A-11R-A24H-07","TCGA-55-A492","Primary Tumor","JAK3","ENSG00000105639",547,4.7731,1.7748,2.2183,"OK"
"TCGA-LUAD","0ece8b9b-d1c3-4f03-b70d-6bc06c6f52ce","TCGA-55-A492-01A-11R-A24H-07","TCGA-55-A492","Primary Tumor","EPHB2","ENSG00000133216",319,1.5152,0.5634,0.7042,"OK"
"TCGA-LUAD","bbb70a6e-a91c-4c67-9ec0-b33185ab4f8d","TCGA-44-3396-01A-01R-1206-07","TCGA-44-3396","Primary Tumor","JAK3","ENSG00000105639",4404,17.1684,7.3477,7.2477,"OK"
"TCGA-LUAD","bbb70a6e-a91c-4c67-9ec0-b33185ab4f8d","TCGA-44-3396-01A-01R-1206-07","TCGA-44-3396","Primary Tumor","EPHB2","ENSG00000133216",8786,18.6444,7.9794,7.8707,"OK"
"TCGA-LUAD","475fdbbb-3d3a-4d56-8d0e-34dfb8cb6346","TCGA-44-7672-01A-11R-2066-07","TCGA-44-7672","Primary Tumor","JAK3","ENSG00000105639",2673,14.9218,7.2692,7.7033,"OK"
"TCGA-LUAD","475fdbbb-3d3a-4d56-8d0e-34dfb8cb6346","TCGA-44-7672-01A-11R-2066-07","TCGA-44-7672","Primary Tumor","EPHB2","ENSG00000133216",1532,4.6554,2.2679,2.4033,"OK"
"TCGA-LUAD","87d1edd3-df03-4046-a888-86baa85639b6","TCGA-69-7974-01A-11R-2187-07","TCGA-69-7974","Primary Tumor","JAK3","ENSG00000105639",3022,23.1189,6.3303,6.5717,"OK"
"TCGA-LUAD","87d1edd3-df03-4046-a888-86baa85639b6","TCGA-69-7974-01A-11R-2187-07","TCGA-69-7974","Primary Tumor","EPHB2","ENSG00000133216",5456,22.7206,6.2212,6.4585,"OK"
"TCGA-LUAD","dfc3bc40-b667-4f75-a932-4074c0b0c408","TCGA-64-5781-01A-01R-1628-07","TCGA-64-5781","Primary Tumor","JAK3","ENSG00000105639",845,9.7081,3.7856,4.1031,"OK"
"TCGA-LUAD","dfc3bc40-b667-4f75-a932-4074c0b0c408","TCGA-64-5781-01A-01R-1628-07","TCGA-64-5781","Primary Tumor","EPHB2","ENSG00000133216",1154,7.217,2.8142,3.0503,"OK"
"TCGA-LUAD","3baa9c28-dfb3-4ec3-9e3c-1d2f1421b00f","TCGA-55-A4DG-01A-11R-A24H-07","TCGA-55-A4DG","Primary Tumor","JAK3","ENSG00000105639",1877,20.1366,7.3786,6.8341,"OK"
"TCGA-LUAD","3baa9c28-dfb3-4ec3-9e3c-1d2f1421b00f","TCGA-55-A4DG-01A-11R-A24H-07","TCGA-55-A4DG","Primary Tumor","EPHB2","ENSG00000133216",566,3.3053,1.2112,1.1218,"OK"
"TCGA-LUAD","77b2c8e8-d630-4b66-be6e-db594df4e0ec","TCGA-67-4679-01B-01R-1755-07","TCGA-67-4679","Primary Tumor","JAK3","ENSG00000105639",479,5.6596,1.833,1.9864,"OK"
"TCGA-LUAD","77b2c8e8-d630-4b66-be6e-db594df4e0ec","TCGA-67-4679-01B-01R-1755-07","TCGA-67-4679","Primary Tumor","EPHB2","ENSG00000133216",623,4.0069,1.2977,1.4064,"OK"
"TCGA-LUAD","d54e9279-578f-40cd-8e55-fbd7af5279dd","TCGA-MP-A4T7-01A-11R-A24X-07","TCGA-MP-A4T7","Primary Tumor","JAK3","ENSG00000105639",1081,9.7341,3.2786,3.4359,"OK"
"TCGA-LUAD","d54e9279-578f-40cd-8e55-fbd7af5279dd","TCGA-MP-A4T7-01A-11R-A24X-07","TCGA-MP-A4T7","Primary Tumor","EPHB2","ENSG00000133216",679,3.3282,1.121,1.1748,"OK"
"TCGA-LUAD","15998b11-5041-4e2d-94d9-cf714c796c13","TCGA-69-8253-01A-11R-2287-07","TCGA-69-8253","Primary Tumor","JAK3","ENSG00000105639",1083,6.0524,1.9832,2.278,"OK"
"TCGA-LUAD","15998b11-5041-4e2d-94d9-cf714c796c13","TCGA-69-8253-01A-11R-2287-07","TCGA-69-8253","Primary Tumor","EPHB2","ENSG00000133216",1296,3.9425,1.2918,1.4839,"OK"
"TCGA-LUAD","bbb426a9-806b-4417-a3cd-4dd1b0c87792","TCGA-55-6978-11A-01R-1949-07","TCGA-55-6978","Solid Tissue Normal","JAK3","ENSG00000105639",446,8.0135,2.3995,2.4095,"OK"
"TCGA-LUAD","bbb426a9-806b-4417-a3cd-4dd1b0c87792","TCGA-55-6978-11A-01R-1949-07","TCGA-55-6978","Solid Tissue Normal","EPHB2","ENSG00000133216",140,1.3693,0.41,0.4117,"OK"
"TCGA-LUAD","201c0fbc-124c-4ef0-b767-393443a47892","TCGA-44-2656-01A-02R-A278-07","TCGA-44-2656","Primary Tumor","JAK3","ENSG00000105639",1503,12.19,4.6418,4.504,"OK"
"TCGA-LUAD","201c0fbc-124c-4ef0-b767-393443a47892","TCGA-44-2656-01A-02R-A278-07","TCGA-44-2656","Primary Tumor","EPHB2","ENSG00000133216",495,2.1854,0.8322,0.8074,"OK"
"TCGA-LUAD","1d8df3eb-b059-47f7-b3fa-f4eb3f568423","TCGA-80-5611-01A-01R-1628-07","TCGA-80-5611","Primary Tumor","JAK3","ENSG00000105639",849,12.2707,3.674,3.5795,"OK"
"TCGA-LUAD","1d8df3eb-b059-47f7-b3fa-f4eb3f568423","TCGA-80-5611-01A-01R-1628-07","TCGA-80-5611","Primary Tumor","EPHB2","ENSG00000133216",1503,11.8248,3.5405,3.4494,"OK"
"TCGA-LUAD","5ecec8fc-845f-43cf-82c3-73dea85cc53c","TCGA-86-8358-01A-11R-2326-07","TCGA-86-8358","Primary Tumor","JAK3","ENSG00000105639",570,10.6524,3.0893,2.6821,"OK"
"TCGA-LUAD","5ecec8fc-845f-43cf-82c3-73dea85cc53c","TCGA-86-8358-01A-11R-2326-07","TCGA-86-8358","Primary Tumor","EPHB2","ENSG00000133216",775,7.884,2.2865,1.9851,"OK"
"TCGA-LUAD","bb69e798-8c83-4c12-b622-3155e1972e6f","TCGA-75-7031-01A-11R-1949-07","TCGA-75-7031","Primary Tumor","JAK3","ENSG00000105639",457,7.6955,2.8264,3.1209,"OK"
"TCGA-LUAD","bb69e798-8c83-4c12-b622-3155e1972e6f","TCGA-75-7031-01A-11R-1949-07","TCGA-75-7031","Primary Tumor","EPHB2","ENSG00000133216",404,3.7032,1.3601,1.5018,"OK"
"TCGA-LUAD","7b3f1e0a-2d0a-40a6-9ccd-deb403fd2f16","TCGA-73-4666-01A-01R-1206-07","TCGA-73-4666","Primary Tumor","JAK3","ENSG00000105639",3266,22.2549,6.2773,6.1384,"OK"
"TCGA-LUAD","7b3f1e0a-2d0a-40a6-9ccd-deb403fd2f16","TCGA-73-4666-01A-01R-1206-07","TCGA-73-4666","Primary Tumor","EPHB2","ENSG00000133216",3937,14.6032,4.119,4.0279,"OK"
"TCGA-LUAD","5b99d571-43d2-4d26-9a3b-0a299a0ce048","TCGA-49-6761-01A-31R-1949-07","TCGA-49-6761","Primary Tumor","JAK3","ENSG00000105639",1360,19.3623,6.5917,7.0976,"OK"
"TCGA-LUAD","5b99d571-43d2-4d26-9a3b-0a299a0ce048","TCGA-49-6761-01A-31R-1949-07","TCGA-49-6761","Primary Tumor","EPHB2","ENSG00000133216",246,1.9065,0.649,0.6988,"OK"
"TCGA-LUAD","ca8dc4e0-e8d2-4574-b3a0-74b058bd2b96","TCGA-49-6761-11A-01R-1949-07","TCGA-49-6761","Solid Tissue Normal","JAK3","ENSG00000105639",256,4.9798,1.502,1.658,"OK"
"TCGA-LUAD","ca8dc4e0-e8d2-4574-b3a0-74b058bd2b96","TCGA-49-6761-11A-01R-1949-07","TCGA-49-6761","Solid Tissue Normal","EPHB2","ENSG00000133216",114,1.2071,0.3641,0.4019,"OK"
"TCGA-LUAD","249b6388-cdcd-477a-9461-cf0e41146230","TCGA-91-8499-01A-11R-2403-07","TCGA-91-8499","Primary Tumor","JAK3","ENSG00000105639",387,6.1982,1.8596,1.7126,"OK"
"TCGA-LUAD","249b6388-cdcd-477a-9461-cf0e41146230","TCGA-91-8499-01A-11R-2403-07","TCGA-91-8499","Primary Tumor","EPHB2","ENSG00000133216",96,0.837,0.2511,0.2313,"OK"
"TCGA-LUAD","1d7b2b60-11d7-4803-8c7f-45fc6ce45a25","TCGA-78-7158-01A-11R-2039-07","TCGA-78-7158","Primary Tumor","JAK3","ENSG00000105639",298,3.0228,0.8597,0.8548,"OK"
"TCGA-LUAD","1d7b2b60-11d7-4803-8c7f-45fc6ce45a25","TCGA-78-7158-01A-11R-2039-07","TCGA-78-7158","Primary Tumor","EPHB2","ENSG00000133216",160,0.8835,0.2513,0.2498,"OK"
"TCGA-LUAD","43b8c3f7-2d0b-4020-807d-b7386825ecc0","TCGA-49-4507-01A-01R-1206-07","TCGA-49-4507","Primary Tumor","JAK3","ENSG00000105639",2212,11.1887,4.8293,5.7857,"OK"
"TCGA-LUAD","43b8c3f7-2d0b-4020-807d-b7386825ecc0","TCGA-49-4507-01A-01R-1206-07","TCGA-49-4507","Primary Tumor","EPHB2","ENSG00000133216",4813,13.252,5.7198,6.8527,"OK"
"TCGA-LUAD","8be349eb-2407-4f51-809a-ceb5542e0cf1","TCGA-86-7953-01A-11R-2187-07","TCGA-86-7953","Primary Tumor","JAK3","ENSG00000105639",2385,20.6824,5.529,5.1704,"OK"
"TCGA-LUAD","8be349eb-2407-4f51-809a-ceb5542e0cf1","TCGA-86-7953-01A-11R-2187-07","TCGA-86-7953","Primary Tumor","EPHB2","ENSG00000133216",20341,96.0192,25.6687,24.0041,"OK"
"TCGA-LUAD","3ca2ec6c-4134-4595-9c5e-68c886d3aa1c","TCGA-49-AARO-01A-12R-A41B-07","TCGA-49-AARO","Primary Tumor","JAK3","ENSG00000105639",2597,29.207,10.5671,11.104,"OK"
"TCGA-LUAD","3ca2ec6c-4134-4595-9c5e-68c886d3aa1c","TCGA-49-AARO-01A-12R-A41B-07","TCGA-49-AARO","Primary Tumor","EPHB2","ENSG00000133216",2143,13.1193,4.7466,4.9877,"OK"
"TCGA-LUAD","46ef57a2-e2ce-4ffe-9ce8-c043c6065863","TCGA-55-6983-11A-01R-1949-07","TCGA-55-6983","Solid Tissue Normal","JAK3","ENSG00000105639",435,7.9541,2.4337,2.7346,"OK"
"TCGA-LUAD","46ef57a2-e2ce-4ffe-9ce8-c043c6065863","TCGA-55-6983-11A-01R-1949-07","TCGA-55-6983","Solid Tissue Normal","EPHB2","ENSG00000133216",156,1.5527,0.4751,0.5338,"OK"
"TCGA-LUAD","15a57d06-841c-473e-b89e-389f1df3504a","TCGA-86-A4D0-01A-11R-A24H-07","TCGA-86-A4D0","Primary Tumor","JAK3","ENSG00000105639",593,5.3807,1.9442,2.0123,"OK"
"TCGA-LUAD","15a57d06-841c-473e-b89e-389f1df3504a","TCGA-86-A4D0-01A-11R-A24H-07","TCGA-86-A4D0","Primary Tumor","EPHB2","ENSG00000133216",1070,5.285,1.9096,1.9765,"OK"
"TCGA-LUAD","b45e937f-da60-4259-8fa2-e64ee4fdbe95","TCGA-62-A46Y-01A-11R-A24H-07","TCGA-62-A46Y","Primary Tumor","JAK3","ENSG00000105639",1464,15.4455,4.8741,5.2183,"OK"
"TCGA-LUAD","b45e937f-da60-4259-8fa2-e64ee4fdbe95","TCGA-62-A46Y-01A-11R-A24H-07","TCGA-62-A46Y","Primary Tumor","EPHB2","ENSG00000133216",1387,7.9654,2.5136,2.6911,"OK"
"TCGA-LUAD","472406b3-cc1a-407e-bf38-a79046cfa952","TCGA-91-6830-01A-11R-1949-07","TCGA-91-6830","Primary Tumor","JAK3","ENSG00000105639",1208,23.4858,6.8146,6.7325,"OK"
"TCGA-LUAD","472406b3-cc1a-407e-bf38-a79046cfa952","TCGA-91-6830-01A-11R-1949-07","TCGA-91-6830","Primary Tumor","EPHB2","ENSG00000133216",1100,11.6413,3.3778,3.3371,"OK"
"TCGA-LUAD","842cb3d6-6ca5-4924-a7bb-98720352b548","TCGA-49-AAR3-01A-11R-A41B-07","TCGA-49-AAR3","Primary Tumor","JAK3","ENSG00000105639",2254,31.8407,14.073,14.6717,"OK"
"TCGA-LUAD","842cb3d6-6ca5-4924-a7bb-98720352b548","TCGA-49-AAR3-01A-11R-A41B-07","TCGA-49-AAR3","Primary Tumor","EPHB2","ENSG00000133216",3427,26.3522,11.6471,12.1427,"OK"
"TCGA-LUAD","0052ae83-7ae5-470a-a125-5cd94a9fa9e9","TCGA-35-5375-01A-01R-1628-07","TCGA-35-5375","Primary Tumor","JAK3","ENSG00000105639",268,4.5502,1.7578,2.2276,"OK"
"TCGA-LUAD","0052ae83-7ae5-470a-a125-5cd94a9fa9e9","TCGA-35-5375-01A-01R-1628-07","TCGA-35-5375","Primary Tumor","EPHB2","ENSG00000133216",639,5.9057,2.2815,2.8912,"OK"
"TCGA-LUAD","895ca581-915e-4057-b66a-dc2d5213d7e4","TCGA-44-6145-01A-11R-1755-07","TCGA-44-6145","Primary Tumor","JAK3","ENSG00000105639",1424,18.7575,6.6293,6.5468,"OK"
"TCGA-LUAD","895ca581-915e-4057-b66a-dc2d5213d7e4","TCGA-44-6145-01A-11R-1755-07","TCGA-44-6145","Primary Tumor","EPHB2","ENSG00000133216",639,4.5818,1.6193,1.5992,"OK"
"TCGA-LUAD","ba3e1d1e-3193-4770-9c57-b4ff1502af38","TCGA-05-4397-01A-01R-1206-07","TCGA-05-4397","Primary Tumor","JAK3","ENSG00000105639",1874,9.6387,2.981,2.8214,"OK"
"TCGA-LUAD","ba3e1d1e-3193-4770-9c57-b4ff1502af38","TCGA-05-4397-01A-01R-1206-07","TCGA-05-4397","Primary Tumor","EPHB2","ENSG00000133216",654,1.831,0.5663,0.536,"OK"
"TCGA-LUAD","3ceb828a-3612-46e8-89c5-397cb20e5356","TCGA-49-AAR4-01A-12R-A41B-07","TCGA-49-AAR4","Primary Tumor","JAK3","ENSG00000105639",2715,27.3869,12.7163,12.5476,"OK"
"TCGA-LUAD","3ceb828a-3612-46e8-89c5-397cb20e5356","TCGA-49-AAR4-01A-12R-A41B-07","TCGA-49-AAR4","Primary Tumor","EPHB2","ENSG00000133216",5197,28.5364,13.25,13.0742,"OK"
"TCGA-LUAD","cba15984-128b-4bd9-8202-14afbf1f74b2","TCGA-73-7499-01A-11R-2187-07","TCGA-73-7499","Primary Tumor","JAK3","ENSG00000105639",1627,11.2784,4.2751,4.4232,"OK"
"TCGA-LUAD","cba15984-128b-4bd9-8202-14afbf1f74b2","TCGA-73-7499-01A-11R-2187-07","TCGA-73-7499","Primary Tumor","EPHB2","ENSG00000133216",1951,7.3619,2.7905,2.8872,"OK"
"TCGA-LUAD","e6629c88-a050-41ed-afe7-e74255f4d3b1","TCGA-05-4425-01A-01R-1755-07","TCGA-05-4425","Primary Tumor","JAK3","ENSG00000105639",1248,18.5752,5.2066,5.1713,"OK"
"TCGA-LUAD","e6629c88-a050-41ed-afe7-e74255f4d3b1","TCGA-05-4425-01A-01R-1755-07","TCGA-05-4425","Primary Tumor","EPHB2","ENSG00000133216",872,7.0649,1.9803,1.9669,"OK"
"TCGA-LUAD","cc1174cd-f902-46f0-9e69-b285b2b1317c","TCGA-44-3918-01A-01R-1107-07","TCGA-44-3918","Primary Tumor","JAK3","ENSG00000105639",3100,19.4546,8.1374,8.4471,"OK"
"TCGA-LUAD","cc1174cd-f902-46f0-9e69-b285b2b1317c","TCGA-44-3918-01A-01R-1107-07","TCGA-44-3918","Primary Tumor","EPHB2","ENSG00000133216",1438,4.9124,2.0547,2.1329,"OK"
"TCGA-LUAD","361e4878-4535-499d-9987-7295a078bbee","TCGA-50-5942-01A-21R-1755-07","TCGA-50-5942","Primary Tumor","JAK3","ENSG00000105639",351,4.6202,1.4463,1.5486,"OK"
"TCGA-LUAD","361e4878-4535-499d-9987-7295a078bbee","TCGA-50-5942-01A-21R-1755-07","TCGA-50-5942","Primary Tumor","EPHB2","ENSG00000133216",357,2.558,0.8008,0.8574,"OK"
"TCGA-LUAD","360ebab8-859c-4286-b613-befa0fa306f0","TCGA-53-A4EZ-01A-12R-A24X-07","TCGA-53-A4EZ","Primary Tumor","JAK3","ENSG00000105639",912,6.6567,2.5508,2.5787,"OK"
"TCGA-LUAD","360ebab8-859c-4286-b613-befa0fa306f0","TCGA-53-A4EZ-01A-12R-A24X-07","TCGA-53-A4EZ","Primary Tumor","EPHB2","ENSG00000133216",147,0.5841,0.2238,0.2263,"OK"
"TCGA-LUAD","9bf51961-c60a-43df-87eb-a64dae9e4e10","TCGA-55-6970-01A-11R-1949-07","TCGA-55-6970","Primary Tumor","JAK3","ENSG00000105639",1723,12.814,4.0693,4.031,"OK"
"TCGA-LUAD","9bf51961-c60a-43df-87eb-a64dae9e4e10","TCGA-55-6970-01A-11R-1949-07","TCGA-55-6970","Primary Tumor","EPHB2","ENSG00000133216",670,2.7124,0.8613,0.8532,"OK"
"TCGA-LUAD","89bdfb20-8991-4bc4-b112-6e9be096b566","TCGA-55-6970-11A-01R-1949-07","TCGA-55-6970","Solid Tissue Normal","JAK3","ENSG00000105639",877,16.0489,4.6706,4.7388,"OK"
"TCGA-LUAD","89bdfb20-8991-4bc4-b112-6e9be096b566","TCGA-55-6970-11A-01R-1949-07","TCGA-55-6970","Solid Tissue Normal","EPHB2","ENSG00000133216",208,2.072,0.603,0.6118,"OK"
"TCGA-LUAD","84f2b69e-86e5-4bf6-a11c-289b1971775f","TCGA-05-4395-01A-01R-1206-07","TCGA-05-4395","Primary Tumor","JAK3","ENSG00000105639",1168,6.4232,1.9652,2.3221,"OK"
"TCGA-LUAD","84f2b69e-86e5-4bf6-a11c-289b1971775f","TCGA-05-4395-01A-01R-1206-07","TCGA-05-4395","Primary Tumor","EPHB2","ENSG00000133216",11168,33.4317,10.2283,12.0862,"OK"
"TCGA-LUAD","8ddad1cb-d2ab-4fbf-865e-f134fcce0194","TCGA-MP-A4T9-01A-11R-A24X-07","TCGA-MP-A4T9","Primary Tumor","JAK3","ENSG00000105639",2031,21.8982,6.2997,5.968,"OK"
"TCGA-LUAD","8ddad1cb-d2ab-4fbf-865e-f134fcce0194","TCGA-MP-A4T9-01A-11R-A24X-07","TCGA-MP-A4T9","Primary Tumor","EPHB2","ENSG00000133216",2489,14.6082,4.2025,3.9812,"OK"
"TCGA-LUAD","503df94c-0048-4f7b-b957-3f8304be73f0","TCGA-64-1679-01A-21R-2066-07","TCGA-64-1679","Primary Tumor","JAK3","ENSG00000105639",1499,11.0633,2.8884,3.202,"OK"
"TCGA-LUAD","503df94c-0048-4f7b-b957-3f8304be73f0","TCGA-64-1679-01A-21R-2066-07","TCGA-64-1679","Primary Tumor","EPHB2","ENSG00000133216",14899,59.8565,15.6276,17.324,"OK"
"TCGA-LUAD","a412b415-0692-4adf-8447-067ad69913d7","TCGA-50-5933-01A-11R-1755-07","TCGA-50-5933","Primary Tumor","JAK3","ENSG00000105639",987,14.5953,3.8062,3.6975,"OK"
"TCGA-LUAD","a412b415-0692-4adf-8447-067ad69913d7","TCGA-50-5933-01A-11R-1755-07","TCGA-50-5933","Primary Tumor","EPHB2","ENSG00000133216",2327,18.7311,4.8847,4.7452,"OK"
"TCGA-LUAD","29dd3ad7-f2c6-4abf-8e81-6734e4bd8a6a","TCGA-55-6968-11A-01R-1949-07","TCGA-55-6968","Solid Tissue Normal","JAK3","ENSG00000105639",1036,15.9744,5.3304,6.0538,"OK"
"TCGA-LUAD","29dd3ad7-f2c6-4abf-8e81-6734e4bd8a6a","TCGA-55-6968-11A-01R-1949-07","TCGA-55-6968","Solid Tissue Normal","EPHB2","ENSG00000133216",253,2.1235,0.7086,0.8048,"OK"
"TCGA-LUAD","c343f781-c1df-4349-aab3-f159329a11da","TCGA-MP-A4T8-01A-11R-A24X-07","TCGA-MP-A4T8","Primary Tumor","JAK3","ENSG00000105639",874,8.3848,2.6805,2.6811,"OK"
"TCGA-LUAD","c343f781-c1df-4349-aab3-f159329a11da","TCGA-MP-A4T8-01A-11R-A24X-07","TCGA-MP-A4T8","Primary Tumor","EPHB2","ENSG00000133216",706,3.6869,1.1787,1.1789,"OK"
"TCGA-LUAD","b5df8e57-5822-4192-a4a4-398d11e9d968","TCGA-55-8302-01A-11R-2326-07","TCGA-55-8302","Primary Tumor","JAK3","ENSG00000105639",913,11.2169,3.5832,3.774,"OK"
"TCGA-LUAD","b5df8e57-5822-4192-a4a4-398d11e9d968","TCGA-55-8302-01A-11R-2326-07","TCGA-55-8302","Primary Tumor","EPHB2","ENSG00000133216",5149,34.4348,11,11.5859,"OK"
"TCGA-LUAD","030d778f-ecb4-44eb-8baa-4286e18c9fdd","TCGA-95-8039-01A-11R-2241-07","TCGA-95-8039","Primary Tumor","JAK3","ENSG00000105639",3662,25.0259,7.6498,7.91,"OK"
"TCGA-LUAD","030d778f-ecb4-44eb-8baa-4286e18c9fdd","TCGA-95-8039-01A-11R-2241-07","TCGA-95-8039","Primary Tumor","EPHB2","ENSG00000133216",9455,35.1727,10.7515,11.1171,"OK"
"TCGA-LUAD","d72c21fe-ff33-4f1e-a138-420968f1daf4","TCGA-55-6971-01A-11R-1949-07","TCGA-55-6971","Primary Tumor","JAK3","ENSG00000105639",1979,29.0263,12.0647,11.7603,"OK"
"TCGA-LUAD","d72c21fe-ff33-4f1e-a138-420968f1daf4","TCGA-55-6971-01A-11R-1949-07","TCGA-55-6971","Primary Tumor","EPHB2","ENSG00000133216",390,3.1137,1.2942,1.2616,"OK"
"TCGA-LUAD","8be16a1a-383f-4365-b1e5-139b1625e3ce","TCGA-L9-A8F4-01A-11R-A39D-07","TCGA-L9-A8F4","Primary Tumor","JAK3","ENSG00000105639",5126,40.0968,15.7681,15.2719,"OK"
"TCGA-LUAD","8be16a1a-383f-4365-b1e5-139b1625e3ce","TCGA-L9-A8F4-01A-11R-A39D-07","TCGA-L9-A8F4","Primary Tumor","EPHB2","ENSG00000133216",2921,12.4376,4.8911,4.7372,"OK"
"TCGA-LUAD","ed3bcbbc-0f04-415f-a083-e34cefa9e310","TCGA-MP-A4TF-01A-11R-A262-07","TCGA-MP-A4TF","Primary Tumor","JAK3","ENSG00000105639",568,9.644,2.9892,2.8157,"OK"
"TCGA-LUAD","ed3bcbbc-0f04-415f-a083-e34cefa9e310","TCGA-MP-A4TF-01A-11R-A262-07","TCGA-MP-A4TF","Primary Tumor","EPHB2","ENSG00000133216",1011,9.344,2.8963,2.7281,"OK"
"TCGA-LUAD","648b0d02-f264-4d88-9997-baed8f000a60","TCGA-MP-A5C7-01A-11R-A262-07","TCGA-MP-A5C7","Primary Tumor","JAK3","ENSG00000105639",537,4.6139,1.3968,1.355,"OK"
"TCGA-LUAD","648b0d02-f264-4d88-9997-baed8f000a60","TCGA-MP-A5C7-01A-11R-A262-07","TCGA-MP-A5C7","Primary Tumor","EPHB2","ENSG00000133216",228,1.0663,0.3228,0.3132,"OK"
"TCGA-LUAD","16dc015e-0f5b-4278-a0cb-9ae30a280161","TCGA-97-8174-01A-11R-2287-07","TCGA-97-8174","Primary Tumor","JAK3","ENSG00000105639",2412,14.976,4.2255,4.6958,"OK"
"TCGA-LUAD","16dc015e-0f5b-4278-a0cb-9ae30a280161","TCGA-97-8174-01A-11R-2287-07","TCGA-97-8174","Primary Tumor","EPHB2","ENSG00000133216",615,2.0786,0.5865,0.6517,"OK"
"TCGA-LUAD","bca264e4-3883-409f-ad4e-f56f81c7c93e","TCGA-62-8397-01A-11R-2326-07","TCGA-62-8397","Primary Tumor","JAK3","ENSG00000105639",383,7.1522,3.1867,4.1638,"OK"
"TCGA-LUAD","bca264e4-3883-409f-ad4e-f56f81c7c93e","TCGA-62-8397-01A-11R-2326-07","TCGA-62-8397","Primary Tumor","EPHB2","ENSG00000133216",57,0.5794,0.2582,0.3373,"OK"
"TCGA-LUAD","c79162f6-be6e-46b1-aca7-438423fed6c3","TCGA-55-8205-01A-11R-2241-07","TCGA-55-8205","Primary Tumor","JAK3","ENSG00000105639",3164,27.611,7.7129,7.2178,"OK"
"TCGA-LUAD","c79162f6-be6e-46b1-aca7-438423fed6c3","TCGA-55-8205-01A-11R-2241-07","TCGA-55-8205","Primary Tumor","EPHB2","ENSG00000133216",13433,63.8104,17.8248,16.6807,"OK"
"TCGA-LUAD","da428df4-37ee-43d6-9090-7b94d67968e9","TCGA-55-8510-01A-11R-2403-07","TCGA-55-8510","Primary Tumor","JAK3","ENSG00000105639",1796,20.5216,7.6085,7.9207,"OK"
"TCGA-LUAD","da428df4-37ee-43d6-9090-7b94d67968e9","TCGA-55-8510-01A-11R-2403-07","TCGA-55-8510","Primary Tumor","EPHB2","ENSG00000133216",5627,34.9989,12.976,13.5085,"OK"
"TCGA-LUAD","119e7a6c-7fd1-4a2d-bfdc-35cb13d39414","TCGA-49-AARN-01A-21R-A41B-07","TCGA-49-AARN","Primary Tumor","JAK3","ENSG00000105639",1119,18.2696,6.3631,6.1302,"OK"
"TCGA-LUAD","119e7a6c-7fd1-4a2d-bfdc-35cb13d39414","TCGA-49-AARN-01A-21R-A41B-07","TCGA-49-AARN","Primary Tumor","EPHB2","ENSG00000133216",1881,16.7171,5.8224,5.6092,"OK"
"TCGA-LUAD","e20ecad8-f22d-4e2d-99af-bc1be98c5128","TCGA-49-4512-01A-21R-1858-07","TCGA-49-4512","Primary Tumor","JAK3","ENSG00000105639",741,8.5238,3.5153,4.2338,"OK"
"TCGA-LUAD","e20ecad8-f22d-4e2d-99af-bc1be98c5128","TCGA-49-4512-01A-21R-1858-07","TCGA-49-4512","Primary Tumor","EPHB2","ENSG00000133216",603,3.7758,1.5572,1.8754,"OK"
"TCGA-LUAD","d3986831-ba2a-4a25-8eb0-b074cbd7edac","TCGA-55-7574-01A-11R-2039-07","TCGA-55-7574","Primary Tumor","JAK3","ENSG00000105639",2312,37.7823,13.1876,12.9134,"OK"
"TCGA-LUAD","d3986831-ba2a-4a25-8eb0-b074cbd7edac","TCGA-55-7574-01A-11R-2039-07","TCGA-55-7574","Primary Tumor","EPHB2","ENSG00000133216",600,5.3373,1.863,1.8242,"OK"
"TCGA-LUAD","f19a1a66-ddc9-4567-80db-d009bb455b25","TCGA-97-7554-01A-11R-2039-07","TCGA-97-7554","Primary Tumor","JAK3","ENSG00000105639",1183,10.2396,3.7405,3.8017,"OK"
"TCGA-LUAD","f19a1a66-ddc9-4567-80db-d009bb455b25","TCGA-97-7554-01A-11R-2039-07","TCGA-97-7554","Primary Tumor","EPHB2","ENSG00000133216",543,2.5584,0.9346,0.9499,"OK"
"TCGA-LUAD","62560d5c-0cae-4fc7-820a-9c1236eb2c80","TCGA-05-4417-01A-22R-1858-07","TCGA-05-4417","Primary Tumor","JAK3","ENSG00000105639",1230,15.2049,5.5053,5.8143,"OK"
"TCGA-LUAD","62560d5c-0cae-4fc7-820a-9c1236eb2c80","TCGA-05-4417-01A-22R-1858-07","TCGA-05-4417","Primary Tumor","EPHB2","ENSG00000133216",568,3.8221,1.3839,1.4615,"OK"
"TCGA-LUAD","404b3699-4707-49aa-b0d2-a0999bbd48e6","TCGA-50-6673-01A-11R-1949-07","TCGA-50-6673","Primary Tumor","JAK3","ENSG00000105639",735,8.7729,2.9102,2.9913,"OK"
"TCGA-LUAD","404b3699-4707-49aa-b0d2-a0999bbd48e6","TCGA-50-6673-01A-11R-1949-07","TCGA-50-6673","Primary Tumor","EPHB2","ENSG00000133216",1287,8.362,2.7739,2.8512,"OK"
"TCGA-LUAD","3aa81439-d4cc-41ef-9568-e6a11c8b1b52","TCGA-05-4433-01A-22R-1858-07","TCGA-05-4433","Primary Tumor","JAK3","ENSG00000105639",575,9.8735,2.8314,2.9141,"OK"
"TCGA-LUAD","3aa81439-d4cc-41ef-9568-e6a11c8b1b52","TCGA-05-4433-01A-22R-1858-07","TCGA-05-4433","Primary Tumor","EPHB2","ENSG00000133216",341,3.1873,0.914,0.9407,"OK"
"TCGA-LUAD","668d7295-629a-496a-b525-b5b8157baf11","TCGA-69-7979-01A-11R-2187-07","TCGA-69-7979","Primary Tumor","JAK3","ENSG00000105639",717,5.1243,1.5828,1.536,"OK"
"TCGA-LUAD","668d7295-629a-496a-b525-b5b8157baf11","TCGA-69-7979-01A-11R-2187-07","TCGA-69-7979","Primary Tumor","EPHB2","ENSG00000133216",4560,17.74,5.4795,5.3177,"OK"
"TCGA-LUAD","a14f02d4-6d07-409d-af7a-5d5f23640ad6","TCGA-95-7944-01A-11R-2187-07","TCGA-95-7944","Primary Tumor","JAK3","ENSG00000105639",3595,23.7367,8.5827,9.6585,"OK"
"TCGA-LUAD","a14f02d4-6d07-409d-af7a-5d5f23640ad6","TCGA-95-7944-01A-11R-2187-07","TCGA-95-7944","Primary Tumor","EPHB2","ENSG00000133216",482,1.7324,0.6264,0.7049,"OK"
"TCGA-LUAD","3563bce2-6547-4081-883e-1e7e498c83be","TCGA-55-7727-01A-11R-2170-07","TCGA-55-7727","Primary Tumor","JAK3","ENSG00000105639",971,20.7076,6.5528,6.3688,"OK"
"TCGA-LUAD","3563bce2-6547-4081-883e-1e7e498c83be","TCGA-55-7727-01A-11R-2170-07","TCGA-55-7727","Primary Tumor","EPHB2","ENSG00000133216",274,3.1808,1.0065,0.9783,"OK"
"TCGA-LUAD","d86a1079-2f10-4c42-9b6a-14498715c4ad","TCGA-93-8067-01A-11R-2287-07","TCGA-93-8067","Primary Tumor","JAK3","ENSG00000105639",941,5.9461,1.7877,1.9454,"OK"
"TCGA-LUAD","d86a1079-2f10-4c42-9b6a-14498715c4ad","TCGA-93-8067-01A-11R-2287-07","TCGA-93-8067","Primary Tumor","EPHB2","ENSG00000133216",1192,4.1001,1.2327,1.3414,"OK"
"TCGA-LUAD","7429ab01-a223-4be3-9b41-99100ea06d99","TCGA-05-4418-01A-01R-1206-07","TCGA-05-4418","Primary Tumor","JAK3","ENSG00000105639",1716,8.4185,3.6293,4.1496,"OK"
"TCGA-LUAD","7429ab01-a223-4be3-9b41-99100ea06d99","TCGA-05-4418-01A-01R-1206-07","TCGA-05-4418","Primary Tumor","EPHB2","ENSG00000133216",766,2.0456,0.8819,1.0083,"OK"
"TCGA-LUAD","7a26df49-5d12-4dc2-b686-07e015a415b0","TCGA-67-6217-01A-11R-1755-07","TCGA-67-6217","Primary Tumor","JAK3","ENSG00000105639",913,11.4462,3.6523,3.7781,"OK"
"TCGA-LUAD","7a26df49-5d12-4dc2-b686-07e015a415b0","TCGA-67-6217-01A-11R-1755-07","TCGA-67-6217","Primary Tumor","EPHB2","ENSG00000133216",1452,9.909,3.1618,3.2707,"OK"
"TCGA-LUAD","aabb1f03-8a4e-4d38-b09e-d9b56b5b921c","TCGA-55-1595-01A-01R-0946-07","TCGA-55-1595","Primary Tumor","JAK3","ENSG00000105639",1789,12.0118,3.8612,3.8959,"OK"
"TCGA-LUAD","aabb1f03-8a4e-4d38-b09e-d9b56b5b921c","TCGA-55-1595-01A-01R-0946-07","TCGA-55-1595","Primary Tumor","EPHB2","ENSG00000133216",754,2.7558,0.8858,0.8938,"OK"
"TCGA-LUAD","739b3fc4-0924-4d13-aecc-acc93cb9f486","TCGA-38-4630-01A-01R-1206-07","TCGA-38-4630","Primary Tumor","JAK3","ENSG00000105639",1537,9.249,2.5263,2.4807,"OK"
"TCGA-LUAD","739b3fc4-0924-4d13-aecc-acc93cb9f486","TCGA-38-4630-01A-01R-1206-07","TCGA-38-4630","Primary Tumor","EPHB2","ENSG00000133216",10622,34.7938,9.5036,9.3323,"OK"
"TCGA-LUAD","3e752bb7-c91d-46f8-ba39-a40e26357b4d","TCGA-55-8091-01A-11R-2241-07","TCGA-55-8091","Primary Tumor","JAK3","ENSG00000105639",1691,13.1252,4.2998,4.5943,"OK"
"TCGA-LUAD","3e752bb7-c91d-46f8-ba39-a40e26357b4d","TCGA-55-8091-01A-11R-2241-07","TCGA-55-8091","Primary Tumor","EPHB2","ENSG00000133216",6535,27.6108,9.0454,9.6649,"OK"
"TCGA-LUAD","369058a0-4e50-43b3-b3e0-e2a7eafd5c76","TCGA-05-4245-01A-01R-A96R-41","TCGA-05-4245","Primary Tumor","JAK3","ENSG00000105639",790,3.3667,3.5165,3.6775,"OK"
"TCGA-LUAD","369058a0-4e50-43b3-b3e0-e2a7eafd5c76","TCGA-05-4245-01A-01R-A96R-41","TCGA-05-4245","Primary Tumor","EPHB2","ENSG00000133216",532,1.2341,1.2891,1.3481,"OK"
"TCGA-LUAD","b4de06a8-883b-4d02-afc6-d926c588c4ee","TCGA-05-4384-01A-01R-1755-07","TCGA-05-4384","Primary Tumor","JAK3","ENSG00000105639",581,9.3529,2.6489,2.551,"OK"
"TCGA-LUAD","b4de06a8-883b-4d02-afc6-d926c588c4ee","TCGA-05-4384-01A-01R-1755-07","TCGA-05-4384","Primary Tumor","EPHB2","ENSG00000133216",365,3.1984,0.9058,0.8724,"OK"
"TCGA-LUAD","bdae198f-aedf-46cc-8156-c1ec37eac88f","TCGA-44-6147-11A-01R-1858-07","TCGA-44-6147","Solid Tissue Normal","JAK3","ENSG00000105639",663,7.9136,2.2217,2.5936,"OK"
"TCGA-LUAD","bdae198f-aedf-46cc-8156-c1ec37eac88f","TCGA-44-6147-11A-01R-1858-07","TCGA-44-6147","Solid Tissue Normal","EPHB2","ENSG00000133216",263,1.7088,0.4797,0.56,"OK"
"TCGA-LUAD","a03c9de0-7526-4942-8a7a-5fe03ea191f6","TCGA-49-6742-01A-11R-1858-07","TCGA-49-6742","Primary Tumor","JAK3","ENSG00000105639",629,9.008,3.128,3.2983,"OK"
"TCGA-LUAD","a03c9de0-7526-4942-8a7a-5fe03ea191f6","TCGA-49-6742-01A-11R-1858-07","TCGA-49-6742","Primary Tumor","EPHB2","ENSG00000133216",1889,14.7259,5.1135,5.3918,"OK"
"TCGA-LUAD","148c1368-6302-4daf-b389-2c92f5da0529","TCGA-50-5072-01A-21R-1858-07","TCGA-50-5072","Primary Tumor","JAK3","ENSG00000105639",758,7.8998,2.4192,2.4785,"OK"
"TCGA-LUAD","148c1368-6302-4daf-b389-2c92f5da0529","TCGA-50-5072-01A-21R-1858-07","TCGA-50-5072","Primary Tumor","EPHB2","ENSG00000133216",1448,8.2146,2.5156,2.5773,"OK"
"TCGA-LUAD","6ac6539b-76a3-4b1c-8da3-6d621308454a","TCGA-55-7725-01A-11R-2170-07","TCGA-55-7725","Primary Tumor","JAK3","ENSG00000105639",648,13.0286,4.2463,4.775,"OK"
"TCGA-LUAD","6ac6539b-76a3-4b1c-8da3-6d621308454a","TCGA-55-7725-01A-11R-2170-07","TCGA-55-7725","Primary Tumor","EPHB2","ENSG00000133216",96,1.0507,0.3424,0.3851,"OK"
"TCGA-LUAD","6855a406-c085-45c7-b789-981786f0c775","TCGA-38-4629-01A-02R-1206-07","TCGA-38-4629","Primary Tumor","JAK3","ENSG00000105639",1388,7.9122,2.7627,3.2335,"OK"
"TCGA-LUAD","6855a406-c085-45c7-b789-981786f0c775","TCGA-38-4629-01A-02R-1206-07","TCGA-38-4629","Primary Tumor","EPHB2","ENSG00000133216",12254,38.0242,13.2768,15.5395,"OK"
"TCGA-LUAD","3ce6800e-9df0-45a7-9e18-7e141911e4e9","TCGA-55-6979-11A-01R-1949-07","TCGA-55-6979","Solid Tissue Normal","JAK3","ENSG00000105639",452,8.9658,2.9068,3.184,"OK"
"TCGA-LUAD","3ce6800e-9df0-45a7-9e18-7e141911e4e9","TCGA-55-6979-11A-01R-1949-07","TCGA-55-6979","Solid Tissue Normal","EPHB2","ENSG00000133216",204,2.2027,0.7141,0.7822,"OK"
"TCGA-LUAD","4f00f94a-f0db-4840-a230-3bc9866bc184","TCGA-55-7573-01A-11R-2039-07","TCGA-55-7573","Primary Tumor","JAK3","ENSG00000105639",1150,19.4652,5.4319,5.2597,"OK"
"TCGA-LUAD","4f00f94a-f0db-4840-a230-3bc9866bc184","TCGA-55-7573-01A-11R-2039-07","TCGA-55-7573","Primary Tumor","EPHB2","ENSG00000133216",979,9.0202,2.5171,2.4373,"OK"
"TCGA-LUAD","2ff24c33-39c6-4171-af42-f54e4ee8b021","TCGA-50-5935-11A-01R-1858-07","TCGA-50-5935","Solid Tissue Normal","JAK3","ENSG00000105639",316,5.503,1.5622,1.6447,"OK"
"TCGA-LUAD","2ff24c33-39c6-4171-af42-f54e4ee8b021","TCGA-50-5935-11A-01R-1858-07","TCGA-50-5935","Solid Tissue Normal","EPHB2","ENSG00000133216",429,4.0667,1.1545,1.2154,"OK"
"TCGA-LUAD","efc4983d-f573-4996-bf5c-5aaa1aafd730","TCGA-73-4677-01A-01R-1206-07","TCGA-73-4677","Primary Tumor","JAK3","ENSG00000105639",569,3.2269,1.0193,1.1671,"OK"
"TCGA-LUAD","efc4983d-f573-4996-bf5c-5aaa1aafd730","TCGA-73-4677-01A-01R-1206-07","TCGA-73-4677","Primary Tumor","EPHB2","ENSG00000133216",935,2.8864,0.9118,1.044,"OK"
"TCGA-LUAD","911a72ec-dcb3-4454-8f22-7bd4f9d29b21","TCGA-J2-A4AD-01A-11R-A24H-07","TCGA-J2-A4AD","Primary Tumor","JAK3","ENSG00000105639",1013,8.7185,2.9221,2.895,"OK"
"TCGA-LUAD","911a72ec-dcb3-4454-8f22-7bd4f9d29b21","TCGA-J2-A4AD-01A-11R-A24H-07","TCGA-J2-A4AD","Primary Tumor","EPHB2","ENSG00000133216",3258,15.2636,5.1157,5.0684,"OK"
"TCGA-LUAD","f201ba16-5cb7-42d0-9865-e413fffa3532","TCGA-97-8176-01A-11R-2403-07","TCGA-97-8176","Primary Tumor","JAK3","ENSG00000105639",669,8.8834,2.8604,2.9399,"OK"
"TCGA-LUAD","f201ba16-5cb7-42d0-9865-e413fffa3532","TCGA-97-8176-01A-11R-2403-07","TCGA-97-8176","Primary Tumor","EPHB2","ENSG00000133216",958,6.9246,2.2297,2.2916,"OK"
"TCGA-LUAD","75719c78-9935-40e0-bd30-1f8eec34badf","TCGA-55-7284-01B-11R-2241-07","TCGA-55-7284","Primary Tumor","JAK3","ENSG00000105639",1083,8.2714,2.4144,2.4372,"OK"
"TCGA-LUAD","75719c78-9935-40e0-bd30-1f8eec34badf","TCGA-55-7284-01B-11R-2241-07","TCGA-55-7284","Primary Tumor","EPHB2","ENSG00000133216",503,2.0912,0.6104,0.6162,"OK"
"TCGA-LUAD","5edfb99b-ef38-4f97-a59b-efea8738442c","TCGA-78-7162-01A-21R-2066-07","TCGA-78-7162","Primary Tumor","JAK3","ENSG00000105639",1242,9.9433,3.1013,3.3816,"OK"
"TCGA-LUAD","5edfb99b-ef38-4f97-a59b-efea8738442c","TCGA-78-7162-01A-21R-2066-07","TCGA-78-7162","Primary Tumor","EPHB2","ENSG00000133216",848,3.6955,1.1527,1.2568,"OK"
"TCGA-LUAD","51c0568a-3e54-42a0-b805-0a90905cc865","TCGA-86-8054-01A-11R-2241-07","TCGA-86-8054","Primary Tumor","JAK3","ENSG00000105639",416,3.8858,1.0173,0.978,"OK"
"TCGA-LUAD","51c0568a-3e54-42a0-b805-0a90905cc865","TCGA-86-8054-01A-11R-2241-07","TCGA-86-8054","Primary Tumor","EPHB2","ENSG00000133216",420,2.1355,0.5591,0.5375,"OK"
"TCGA-LUAD","cb6a3198-2662-4150-bee9-51b692968209","TCGA-50-5066-01A-01R-1628-07","TCGA-50-5066","Primary Tumor","JAK3","ENSG00000105639",486,5.2192,2.6272,3.2372,"OK"
"TCGA-LUAD","cb6a3198-2662-4150-bee9-51b692968209","TCGA-50-5066-01A-01R-1628-07","TCGA-50-5066","Primary Tumor","EPHB2","ENSG00000133216",920,5.3781,2.7072,3.3358,"OK"
"TCGA-LUAD","f1b1d4ff-2556-44c0-80b0-1fd3b659c227","TCGA-05-4426-01A-01R-1206-07","TCGA-05-4426","Primary Tumor","JAK3","ENSG00000105639",3275,21.4627,5.8189,6.66,"OK"
"TCGA-LUAD","f1b1d4ff-2556-44c0-80b0-1fd3b659c227","TCGA-05-4426-01A-01R-1206-07","TCGA-05-4426","Primary Tumor","EPHB2","ENSG00000133216",6335,22.5992,6.1271,7.0127,"OK"
"TCGA-LUAD","1a06f92b-21c5-4666-b666-8b9135a4482a","TCGA-55-6982-11A-01R-1949-07","TCGA-55-6982","Solid Tissue Normal","JAK3","ENSG00000105639",957,18.1084,5.0102,4.8692,"OK"
"TCGA-LUAD","1a06f92b-21c5-4666-b666-8b9135a4482a","TCGA-55-6982-11A-01R-1949-07","TCGA-55-6982","Solid Tissue Normal","EPHB2","ENSG00000133216",278,2.8634,0.7922,0.77,"OK"
"TCGA-LUAD","2ab0f01f-2f66-4489-9de7-2a0d61b6ea04","TCGA-93-A4JO-01A-21R-A24X-07","TCGA-93-A4JO","Primary Tumor","JAK3","ENSG00000105639",2653,28.021,9.8372,9.4129,"OK"
"TCGA-LUAD","2ab0f01f-2f66-4489-9de7-2a0d61b6ea04","TCGA-93-A4JO-01A-21R-A24X-07","TCGA-93-A4JO","Primary Tumor","EPHB2","ENSG00000133216",804,4.6225,1.6228,1.5528,"OK"
"TCGA-LUAD","ab24be1b-969c-48f2-bc98-8b89bc719b4c","TCGA-62-8402-01A-11R-2326-07","TCGA-62-8402","Primary Tumor","JAK3","ENSG00000105639",2472,30.4128,9.1285,8.9856,"OK"
"TCGA-LUAD","ab24be1b-969c-48f2-bc98-8b89bc719b4c","TCGA-62-8402-01A-11R-2326-07","TCGA-62-8402","Primary Tumor","EPHB2","ENSG00000133216",2595,17.3787,5.2163,5.1346,"OK"
"TCGA-LUAD","f51ce896-53bf-4f3b-ac5f-a499b84a7add","TCGA-55-8506-01A-11R-2403-07","TCGA-55-8506","Primary Tumor","JAK3","ENSG00000105639",1593,21.572,6.5732,6.5428,"OK"
"TCGA-LUAD","f51ce896-53bf-4f3b-ac5f-a499b84a7add","TCGA-55-8506-01A-11R-2403-07","TCGA-55-8506","Primary Tumor","EPHB2","ENSG00000133216",2827,20.8388,6.3498,6.3205,"OK"
"TCGA-LUAD","58dcd45a-714f-4a22-b367-813dd41829de","TCGA-35-4122-01A-01R-1107-07","TCGA-35-4122","Primary Tumor","JAK3","ENSG00000105639",552,3.7246,1.5972,2.0392,"OK"
"TCGA-LUAD","58dcd45a-714f-4a22-b367-813dd41829de","TCGA-35-4122-01A-01R-1107-07","TCGA-35-4122","Primary Tumor","EPHB2","ENSG00000133216",4444,16.3225,6.9996,8.9364,"OK"
"TCGA-LUAD","77819b24-ea90-427b-8a99-c9a90417c903","TCGA-44-2656-01A-02R-0946-07","TCGA-44-2656","Primary Tumor","JAK3","ENSG00000105639",3315,18.0443,6.3797,6.577,"OK"
"TCGA-LUAD","77819b24-ea90-427b-8a99-c9a90417c903","TCGA-44-2656-01A-02R-0946-07","TCGA-44-2656","Primary Tumor","EPHB2","ENSG00000133216",1461,4.3289,1.5305,1.5779,"OK"
"TCGA-LUAD","deddc259-f962-468a-bfcf-60da1e695833","TCGA-55-6978-01A-11R-1949-07","TCGA-55-6978","Primary Tumor","JAK3","ENSG00000105639",4101,38.0141,10.2506,10.1778,"OK"
"TCGA-LUAD","deddc259-f962-468a-bfcf-60da1e695833","TCGA-55-6978-01A-11R-1949-07","TCGA-55-6978","Primary Tumor","EPHB2","ENSG00000133216",8208,41.4157,11.1679,11.0886,"OK"
"TCGA-LUAD","c4bcc6b0-96a1-452b-9169-b4a16bcb9403","TCGA-44-2656-01B-06R-A277-07","TCGA-44-2656","Primary Tumor","JAK3","ENSG00000105639",641,15.32,5.7476,5.4937,"OK"
"TCGA-LUAD","c4bcc6b0-96a1-452b-9169-b4a16bcb9403","TCGA-44-2656-01B-06R-A277-07","TCGA-44-2656","Primary Tumor","EPHB2","ENSG00000133216",243,3.1614,1.1861,1.1337,"OK"
"TCGA-LUAD","ad636e79-be59-4821-8303-7d2e7389b22f","TCGA-78-7535-01A-11R-2066-07","TCGA-78-7535","Primary Tumor","JAK3","ENSG00000105639",4908,24.7089,10.5149,12.903,"OK"
"TCGA-LUAD","ad636e79-be59-4821-8303-7d2e7389b22f","TCGA-78-7535-01A-11R-2066-07","TCGA-78-7535","Primary Tumor","EPHB2","ENSG00000133216",2247,6.1578,2.6204,3.2156,"OK"
"TCGA-LUAD","bbbd3cd5-cfd3-418b-ab3a-243de430a5e1","TCGA-86-8281-01A-11R-2287-07","TCGA-86-8281","Primary Tumor","JAK3","ENSG00000105639",1142,9.6675,2.8605,2.8707,"OK"
"TCGA-LUAD","bbbd3cd5-cfd3-418b-ab3a-243de430a5e1","TCGA-86-8281-01A-11R-2287-07","TCGA-86-8281","Primary Tumor","EPHB2","ENSG00000133216",1974,9.0963,2.6915,2.7011,"OK"
"TCGA-LUAD","37fe51a0-c056-492e-b0c5-eb0502d73416","TCGA-62-8395-01A-11R-2326-07","TCGA-62-8395","Primary Tumor","JAK3","ENSG00000105639",1109,13.6002,3.8102,3.5784,"OK"
"TCGA-LUAD","37fe51a0-c056-492e-b0c5-eb0502d73416","TCGA-62-8395-01A-11R-2326-07","TCGA-62-8395","Primary Tumor","EPHB2","ENSG00000133216",1252,8.3578,2.3415,2.199,"OK"
"TCGA-LUAD","07a53d2a-ebf6-4517-880a-064bae5ee972","TCGA-05-4424-01A-22R-1858-07","TCGA-05-4424","Primary Tumor","JAK3","ENSG00000105639",901,11.7524,3.2638,3.177,"OK"
"TCGA-LUAD","07a53d2a-ebf6-4517-880a-064bae5ee972","TCGA-05-4424-01A-22R-1858-07","TCGA-05-4424","Primary Tumor","EPHB2","ENSG00000133216",7026,49.8865,13.8543,13.4859,"OK"
"TCGA-LUAD","978939fa-a27f-46ff-9120-7a43e3588b28","TCGA-44-4112-01B-06R-A277-07","TCGA-44-4112","Primary Tumor","JAK3","ENSG00000105639",829,15.4112,6.0119,5.6388,"OK"
"TCGA-LUAD","978939fa-a27f-46ff-9120-7a43e3588b28","TCGA-44-4112-01B-06R-A277-07","TCGA-44-4112","Primary Tumor","EPHB2","ENSG00000133216",295,2.9852,1.1645,1.0923,"OK"
"TCGA-LUAD","2a9f6775-bb04-4262-9eb2-d64a8e027010","TCGA-05-5429-01A-01R-1628-07","TCGA-05-5429","Primary Tumor","JAK3","ENSG00000105639",138,2.1756,0.7055,0.773,"OK"
"TCGA-LUAD","2a9f6775-bb04-4262-9eb2-d64a8e027010","TCGA-05-5429-01A-01R-1628-07","TCGA-05-5429","Primary Tumor","EPHB2","ENSG00000133216",55,0.472,0.1531,0.1677,"OK"
"TCGA-LUAD","55bbaa27-e618-48d6-bac3-80e9cfbcdf2c","TCGA-44-3919-01A-02R-1107-07","TCGA-44-3919","Primary Tumor","JAK3","ENSG00000105639",2455,16.8841,5.5594,5.6696,"OK"
"TCGA-LUAD","55bbaa27-e618-48d6-bac3-80e9cfbcdf2c","TCGA-44-3919-01A-02R-1107-07","TCGA-44-3919","Primary Tumor","EPHB2","ENSG00000133216",8238,30.8405,10.1548,10.356,"OK"
"TCGA-LUAD","f90939c7-6e24-4aa5-8c34-c1fc1b79e485","TCGA-97-A4M5-01A-11R-A24X-07","TCGA-97-A4M5","Primary Tumor","JAK3","ENSG00000105639",1439,13.2266,4.2076,4.2633,"OK"
"TCGA-LUAD","f90939c7-6e24-4aa5-8c34-c1fc1b79e485","TCGA-97-A4M5-01A-11R-A24X-07","TCGA-97-A4M5","Primary Tumor","EPHB2","ENSG00000133216",700,3.5023,1.1142,1.1289,"OK"
"TCGA-LUAD","25857230-7253-4929-a790-90815194b213","TCGA-78-7537-01A-11R-2066-07","TCGA-78-7537","Primary Tumor","JAK3","ENSG00000105639",1795,11.3003,3.9881,4.7678,"OK"
"TCGA-LUAD","25857230-7253-4929-a790-90815194b213","TCGA-78-7537-01A-11R-2066-07","TCGA-78-7537","Primary Tumor","EPHB2","ENSG00000133216",1051,3.6016,1.2711,1.5196,"OK"
"TCGA-LUAD","7f67633b-3eba-4891-94aa-b3e38f6927ae","TCGA-55-7281-01A-11R-2039-07","TCGA-55-7281","Primary Tumor","JAK3","ENSG00000105639",527,5.6077,1.8445,2.1474,"OK"
"TCGA-LUAD","7f67633b-3eba-4891-94aa-b3e38f6927ae","TCGA-55-7281-01A-11R-2039-07","TCGA-55-7281","Primary Tumor","EPHB2","ENSG00000133216",4921,28.5035,9.3756,10.9149,"OK"
"TCGA-LUAD","44d8e988-1a2b-4588-a64a-cf5a6c164e03","TCGA-93-A4JQ-01A-11R-A24X-07","TCGA-93-A4JQ","Primary Tumor","JAK3","ENSG00000105639",5642,53.7532,17.0151,16.8157,"OK"
"TCGA-LUAD","44d8e988-1a2b-4588-a64a-cf5a6c164e03","TCGA-93-A4JQ-01A-11R-A24X-07","TCGA-93-A4JQ","Primary Tumor","EPHB2","ENSG00000133216",2814,14.5938,4.6195,4.5654,"OK"
"TCGA-LUAD","44964e02-9283-4a48-a9e4-006a75d4120e","TCGA-55-8514-01A-11R-2403-07","TCGA-55-8514","Primary Tumor","JAK3","ENSG00000105639",664,7.8004,2.955,3.0863,"OK"
"TCGA-LUAD","44964e02-9283-4a48-a9e4-006a75d4120e","TCGA-55-8514-01A-11R-2403-07","TCGA-55-8514","Primary Tumor","EPHB2","ENSG00000133216",2108,13.48,5.1066,5.3335,"OK"
"TCGA-LUAD","9ee64463-e09f-4983-b83d-a6a5481cab9a","TCGA-MP-A4TH-01A-31R-A262-07","TCGA-MP-A4TH","Primary Tumor","JAK3","ENSG00000105639",3429,32.31,10.8948,11.2168,"OK"
"TCGA-LUAD","9ee64463-e09f-4983-b83d-a6a5481cab9a","TCGA-MP-A4TH-01A-31R-A262-07","TCGA-MP-A4TH","Primary Tumor","EPHB2","ENSG00000133216",582,2.9851,1.0066,1.0363,"OK"
"TCGA-LUAD","129f7ee5-6342-4a24-9317-d52462ce6a70","TCGA-78-7156-01A-11R-2039-07","TCGA-78-7156","Primary Tumor","JAK3","ENSG00000105639",287,3.8526,1.1734,1.2395,"OK"
"TCGA-LUAD","129f7ee5-6342-4a24-9317-d52462ce6a70","TCGA-78-7156-01A-11R-2039-07","TCGA-78-7156","Primary Tumor","EPHB2","ENSG00000133216",130,0.9499,0.2893,0.3056,"OK"
"TCGA-LUAD","87b32d0a-6e9c-466d-a563-688142d3df95","TCGA-55-8208-01A-11R-2241-07","TCGA-55-8208","Primary Tumor","JAK3","ENSG00000105639",4071,26.7282,11.6437,11.6549,"OK"
"TCGA-LUAD","87b32d0a-6e9c-466d-a563-688142d3df95","TCGA-55-8208-01A-11R-2241-07","TCGA-55-8208","Primary Tumor","EPHB2","ENSG00000133216",5743,20.5248,8.9413,8.9499,"OK"
"TCGA-LUAD","e98c7df6-1a65-41a0-9182-c752c89eafc7","TCGA-99-8032-01A-11R-2241-07","TCGA-99-8032","Primary Tumor","JAK3","ENSG00000105639",1789,11.4156,4.6129,5.051,"OK"
"TCGA-LUAD","e98c7df6-1a65-41a0-9182-c752c89eafc7","TCGA-99-8032-01A-11R-2241-07","TCGA-99-8032","Primary Tumor","EPHB2","ENSG00000133216",1055,3.6645,1.4808,1.6214,"OK"
"TCGA-LUAD","f700b996-2ccf-4f59-9249-da7f087054ba","TCGA-50-6595-11A-01R-1858-07","TCGA-50-6595","Solid Tissue Normal","JAK3","ENSG00000105639",1073,9.1557,2.6552,2.7989,"OK"
"TCGA-LUAD","f700b996-2ccf-4f59-9249-da7f087054ba","TCGA-50-6595-11A-01R-1858-07","TCGA-50-6595","Solid Tissue Normal","EPHB2","ENSG00000133216",492,2.2852,0.6627,0.6986,"OK"
"TCGA-LUAD","f7c8bdd7-48f6-4ecd-a4ae-78ffcb2fb28d","TCGA-50-6594-01A-11R-1755-07","TCGA-50-6594","Primary Tumor","JAK3","ENSG00000105639",500,8.7885,2.6236,2.6147,"OK"
"TCGA-LUAD","f7c8bdd7-48f6-4ecd-a4ae-78ffcb2fb28d","TCGA-50-6594-01A-11R-1755-07","TCGA-50-6594","Primary Tumor","EPHB2","ENSG00000133216",397,3.7985,1.1339,1.1301,"OK"
"TCGA-LUAD","850bb68e-cea7-4d66-b044-24dbef74e255","TCGA-44-A479-01A-31R-A24H-07","TCGA-44-A479","Primary Tumor","JAK3","ENSG00000105639",3353,31.0725,14.4532,13.2563,"OK"
"TCGA-LUAD","850bb68e-cea7-4d66-b044-24dbef74e255","TCGA-44-A479-01A-31R-A24H-07","TCGA-44-A479","Primary Tumor","EPHB2","ENSG00000133216",2413,12.1723,5.6619,5.193,"OK"
"TCGA-LUAD","51054c11-8e2f-4f52-bdaf-ebb515508a28","TCGA-86-8075-01A-11R-2241-07","TCGA-86-8075","Primary Tumor","JAK3","ENSG00000105639",1724,12.9612,3.6601,3.5482,"OK"
"TCGA-LUAD","51054c11-8e2f-4f52-bdaf-ebb515508a28","TCGA-86-8075-01A-11R-2241-07","TCGA-86-8075","Primary Tumor","EPHB2","ENSG00000133216",4343,17.7734,5.019,4.8656,"OK"
"TCGA-LUAD","52d91ece-345c-4c5d-800a-121955b93c66","TCGA-86-A456-01A-11R-A24H-07","TCGA-86-A456","Primary Tumor","JAK3","ENSG00000105639",1276,16.6223,5.3379,5.4079,"OK"
"TCGA-LUAD","52d91ece-345c-4c5d-800a-121955b93c66","TCGA-86-A456-01A-11R-A24H-07","TCGA-86-A456","Primary Tumor","EPHB2","ENSG00000133216",417,2.957,0.9496,0.962,"OK"
"TCGA-LUAD","b0a1b626-c44b-4a95-b4a4-383fc63f8649","TCGA-NJ-A55O-01A-11R-A262-07","TCGA-NJ-A55O","Primary Tumor","JAK3","ENSG00000105639",832,9.4203,3.1801,3.5088,"OK"
"TCGA-LUAD","b0a1b626-c44b-4a95-b4a4-383fc63f8649","TCGA-NJ-A55O-01A-11R-A262-07","TCGA-NJ-A55O","Primary Tumor","EPHB2","ENSG00000133216",472,2.9091,0.9821,1.0835,"OK"
"TCGA-LUAD","9f0a9ce9-6258-4a82-84c1-dc017a7eb760","TCGA-99-7458-01A-11R-2039-07","TCGA-99-7458","Primary Tumor","JAK3","ENSG00000105639",2210,18.897,5.2143,5.2678,"OK"
"TCGA-LUAD","9f0a9ce9-6258-4a82-84c1-dc017a7eb760","TCGA-99-7458-01A-11R-2039-07","TCGA-99-7458","Primary Tumor","EPHB2","ENSG00000133216",1963,9.1368,2.5211,2.547,"OK"
"TCGA-LUAD","ad8bf3fe-2831-4c1c-81f9-c65e09b2d45e","TCGA-91-6849-01A-11R-1949-07","TCGA-91-6849","Primary Tumor","JAK3","ENSG00000105639",587,10.0807,3.8399,4.0754,"OK"
"TCGA-LUAD","ad8bf3fe-2831-4c1c-81f9-c65e09b2d45e","TCGA-91-6849-01A-11R-1949-07","TCGA-91-6849","Primary Tumor","EPHB2","ENSG00000133216",751,7.0204,2.6742,2.8382,"OK"
"TCGA-LUAD","22cae278-eb88-4685-9ff7-667e53b50a34","TCGA-99-8033-01A-11R-2241-07","TCGA-99-8033","Primary Tumor","JAK3","ENSG00000105639",2777,18.6375,5.7975,6.0321,"OK"
"TCGA-LUAD","22cae278-eb88-4685-9ff7-667e53b50a34","TCGA-99-8033-01A-11R-2241-07","TCGA-99-8033","Primary Tumor","EPHB2","ENSG00000133216",3998,14.6059,4.5434,4.7273,"OK"
"TCGA-LUAD","8dbb93bd-bf45-4148-acdb-6609d5c4a1e3","TCGA-55-6975-11A-01R-1949-07","TCGA-55-6975","Solid Tissue Normal","JAK3","ENSG00000105639",399,8.1559,2.3638,2.5884,"OK"
"TCGA-LUAD","8dbb93bd-bf45-4148-acdb-6609d5c4a1e3","TCGA-55-6975-11A-01R-1949-07","TCGA-55-6975","Solid Tissue Normal","EPHB2","ENSG00000133216",130,1.4465,0.4192,0.4591,"OK"
"TCGA-LUAD","cfac28bf-001d-4db8-942a-d244f93139a7","TCGA-50-8459-01A-11R-2326-07","TCGA-50-8459","Primary Tumor","JAK3","ENSG00000105639",1576,15.7908,5.3664,6.4183,"OK"
"TCGA-LUAD","cfac28bf-001d-4db8-942a-d244f93139a7","TCGA-50-8459-01A-11R-2326-07","TCGA-50-8459","Primary Tumor","EPHB2","ENSG00000133216",1540,8.3993,2.8545,3.414,"OK"
"TCGA-LUAD","8a518a19-2c85-42ec-b027-47139aa442d4","TCGA-78-7150-01A-21R-2039-07","TCGA-78-7150","Primary Tumor","JAK3","ENSG00000105639",784,9.4163,2.6522,2.6687,"OK"
"TCGA-LUAD","8a518a19-2c85-42ec-b027-47139aa442d4","TCGA-78-7150-01A-21R-2039-07","TCGA-78-7150","Primary Tumor","EPHB2","ENSG00000133216",329,2.151,0.6059,0.6096,"OK"
"TCGA-LUAD","692a5c89-8f1a-4e23-a490-b092c6bb37c5","TCGA-MP-A4TA-01A-21R-A24X-07","TCGA-MP-A4TA","Primary Tumor","JAK3","ENSG00000105639",1603,14.6222,5.0447,4.7814,"OK"
"TCGA-LUAD","692a5c89-8f1a-4e23-a490-b092c6bb37c5","TCGA-MP-A4TA-01A-21R-A24X-07","TCGA-MP-A4TA","Primary Tumor","EPHB2","ENSG00000133216",1770,8.7887,3.0321,2.8738,"OK"
"TCGA-LUAD","09fb135f-1c19-45d6-ae31-a8c32a0e06bf","TCGA-49-4512-11A-01R-1858-07","TCGA-49-4512","Solid Tissue Normal","JAK3","ENSG00000105639",253,3.2733,1.225,1.6141,"OK"
"TCGA-LUAD","09fb135f-1c19-45d6-ae31-a8c32a0e06bf","TCGA-49-4512-11A-01R-1858-07","TCGA-49-4512","Solid Tissue Normal","EPHB2","ENSG00000133216",151,1.0635,0.398,0.5244,"OK"
"TCGA-LUAD","e4bb1f41-bf42-43f3-aba5-98f3a02a7e03","TCGA-50-5045-01A-01R-1628-07","TCGA-50-5045","Primary Tumor","JAK3","ENSG00000105639",1574,10.9855,4.4777,4.9454,"OK"
"TCGA-LUAD","e4bb1f41-bf42-43f3-aba5-98f3a02a7e03","TCGA-50-5045-01A-01R-1628-07","TCGA-50-5045","Primary Tumor","EPHB2","ENSG00000133216",1751,6.6523,2.7115,2.9947,"OK"
"TCGA-LUAD","64101504-305f-4c62-bc27-40493e3c9575","TCGA-75-6203-01A-11R-1755-07","TCGA-75-6203","Primary Tumor","JAK3","ENSG00000105639",430,5.4738,1.8827,2.2057,"OK"
"TCGA-LUAD","64101504-305f-4c62-bc27-40493e3c9575","TCGA-75-6203-01A-11R-1755-07","TCGA-75-6203","Primary Tumor","EPHB2","ENSG00000133216",630,4.3655,1.5015,1.7591,"OK"
"TCGA-LUAD","736227d9-3cee-40ed-bdec-0e88968ef179","TCGA-44-6776-01A-11R-1858-07","TCGA-44-6776","Primary Tumor","JAK3","ENSG00000105639",204,3.2018,0.9853,1.0854,"OK"
"TCGA-LUAD","736227d9-3cee-40ed-bdec-0e88968ef179","TCGA-44-6776-01A-11R-1858-07","TCGA-44-6776","Primary Tumor","EPHB2","ENSG00000133216",373,3.1867,0.9807,1.0803,"OK"
"TCGA-LUAD","a5c19494-731c-4519-b8a7-b7307aea2f9c","TCGA-44-6776-11A-01R-1858-07","TCGA-44-6776","Solid Tissue Normal","JAK3","ENSG00000105639",231,3.9235,1.1048,1.18,"OK"
"TCGA-LUAD","a5c19494-731c-4519-b8a7-b7307aea2f9c","TCGA-44-6776-11A-01R-1858-07","TCGA-44-6776","Solid Tissue Normal","EPHB2","ENSG00000133216",142,1.3129,0.3697,0.3948,"OK"
"TCGA-LUAD","942673a7-5072-466f-985c-42d38aeb5c2c","TCGA-97-8172-01A-11R-2287-07","TCGA-97-8172","Primary Tumor","JAK3","ENSG00000105639",4570,28.5728,8.8737,8.4391,"OK"
"TCGA-LUAD","942673a7-5072-466f-985c-42d38aeb5c2c","TCGA-97-8172-01A-11R-2287-07","TCGA-97-8172","Primary Tumor","EPHB2","ENSG00000133216",2034,6.9225,2.1499,2.0446,"OK"
"TCGA-LUAD","5ddf8f4a-edd8-4b97-8d4d-76655d9018c5","TCGA-05-4396-01A-21R-1858-07","TCGA-05-4396","Primary Tumor","JAK3","ENSG00000105639",497,9.8581,2.7314,2.7054,"OK"
"TCGA-LUAD","5ddf8f4a-edd8-4b97-8d4d-76655d9018c5","TCGA-05-4396-01A-21R-1858-07","TCGA-05-4396","Primary Tumor","EPHB2","ENSG00000133216",740,7.9899,2.2137,2.1927,"OK"
"TCGA-LUAD","765f26d4-120a-459d-90c7-74a8532b407c","TCGA-55-6979-01A-11R-1949-07","TCGA-55-6979","Primary Tumor","JAK3","ENSG00000105639",1760,23.549,9.2442,8.9711,"OK"
"TCGA-LUAD","765f26d4-120a-459d-90c7-74a8532b407c","TCGA-55-6979-01A-11R-1949-07","TCGA-55-6979","Primary Tumor","EPHB2","ENSG00000133216",4028,29.3374,11.5164,11.1763,"OK"
"TCGA-LUAD","074b0792-df3c-4b59-9f50-793bc14bcb81","TCGA-44-6146-01A-11R-A278-07","TCGA-44-6146","Primary Tumor","JAK3","ENSG00000105639",152,2.1072,0.9587,0.9103,"OK"
"TCGA-LUAD","074b0792-df3c-4b59-9f50-793bc14bcb81","TCGA-44-6146-01A-11R-A278-07","TCGA-44-6146","Primary Tumor","EPHB2","ENSG00000133216",397,2.9958,1.3631,1.2942,"OK"
"TCGA-LUAD","a4ed7fd8-e220-46e6-90f7-3b208dbf4e05","TCGA-91-7771-01A-11R-2170-07","TCGA-91-7771","Primary Tumor","JAK3","ENSG00000105639",1415,17.0366,5.4747,5.6728,"OK"
"TCGA-LUAD","a4ed7fd8-e220-46e6-90f7-3b208dbf4e05","TCGA-91-7771-01A-11R-2170-07","TCGA-91-7771","Primary Tumor","EPHB2","ENSG00000133216",444,2.9099,0.9351,0.9689,"OK"
"TCGA-LUAD","8148f34c-1ddd-454a-8761-8b76e97e8534","TCGA-50-5939-01A-11R-1628-07","TCGA-50-5939","Primary Tumor","JAK3","ENSG00000105639",1027,15.8535,5.2169,5.215,"OK"
"TCGA-LUAD","8148f34c-1ddd-454a-8761-8b76e97e8534","TCGA-50-5939-01A-11R-1628-07","TCGA-50-5939","Primary Tumor","EPHB2","ENSG00000133216",3125,26.2589,8.641,8.638,"OK"
"TCGA-LUAD","0f01f50f-495a-455d-986d-28c65e345a80","TCGA-78-7633-01A-11R-2066-07","TCGA-78-7633","Primary Tumor","JAK3","ENSG00000105639",202,1.3528,0.3739,0.4305,"OK"
"TCGA-LUAD","0f01f50f-495a-455d-986d-28c65e345a80","TCGA-78-7633-01A-11R-2066-07","TCGA-78-7633","Primary Tumor","EPHB2","ENSG00000133216",1132,4.1268,1.1404,1.3133,"OK"
"TCGA-LUAD","49453e81-56b8-43b7-b56f-6195038a1142","TCGA-64-1677-01A-01R-0946-07","TCGA-64-1677","Primary Tumor","JAK3","ENSG00000105639",551,9.3043,3.79,4.2984,"OK"
"TCGA-LUAD","49453e81-56b8-43b7-b56f-6195038a1142","TCGA-64-1677-01A-01R-0946-07","TCGA-64-1677","Primary Tumor","EPHB2","ENSG00000133216",101,0.9284,0.3782,0.4289,"OK"
"TCGA-LUAD","97541ffe-94e7-4130-9bac-65528de8d6f5","TCGA-86-7955-01A-11R-2187-07","TCGA-86-7955","Primary Tumor","JAK3","ENSG00000105639",1962,13.312,4.3667,4.4721,"OK"
"TCGA-LUAD","97541ffe-94e7-4130-9bac-65528de8d6f5","TCGA-86-7955-01A-11R-2187-07","TCGA-86-7955","Primary Tumor","EPHB2","ENSG00000133216",126,0.4654,0.1527,0.1563,"OK"
"TCGA-LUAD","8e510682-b05c-4792-a149-d713db6d082d","TCGA-50-6590-01A-12R-1858-07","TCGA-50-6590","Primary Tumor","JAK3","ENSG00000105639",1565,15.5885,6.5527,6.1715,"OK"
"TCGA-LUAD","8e510682-b05c-4792-a149-d713db6d082d","TCGA-50-6590-01A-12R-1858-07","TCGA-50-6590","Primary Tumor","EPHB2","ENSG00000133216",2717,14.7317,6.1926,5.8323,"OK"
"TCGA-LUAD","3604ee2d-3fdc-40fa-95ab-a3f420334ac5","TCGA-86-8674-01A-21R-2403-07","TCGA-86-8674","Primary Tumor","JAK3","ENSG00000105639",497,6.2161,2.0044,2.0948,"OK"
"TCGA-LUAD","3604ee2d-3fdc-40fa-95ab-a3f420334ac5","TCGA-86-8674-01A-21R-2403-07","TCGA-86-8674","Primary Tumor","EPHB2","ENSG00000133216",777,5.29,1.7058,1.7827,"OK"
"TCGA-LUAD","29bb005f-53d0-44e6-8626-d6bbe0dba8be","TCGA-67-3771-01A-01R-0946-07","TCGA-67-3771","Primary Tumor","JAK3","ENSG00000105639",1616,21.8959,8.0295,7.5056,"OK"
"TCGA-LUAD","29bb005f-53d0-44e6-8626-d6bbe0dba8be","TCGA-67-3771-01A-01R-0946-07","TCGA-67-3771","Primary Tumor","EPHB2","ENSG00000133216",1202,8.8654,3.2511,3.0389,"OK"
"TCGA-LUAD","661b6fed-d56a-452b-adaa-4b48ee9f4dbb","TCGA-38-4625-11A-01R-1758-07","TCGA-38-4625","Solid Tissue Normal","JAK3","ENSG00000105639",288,1.8992,0.6464,0.8116,"OK"
"TCGA-LUAD","661b6fed-d56a-452b-adaa-4b48ee9f4dbb","TCGA-38-4625-11A-01R-1758-07","TCGA-38-4625","Solid Tissue Normal","EPHB2","ENSG00000133216",283,1.0159,0.3458,0.4341,"OK"
"TCGA-LUAD","69933ac8-e7a7-43b6-8231-2ecb35f88d52","TCGA-50-5931-01A-11R-1755-07","TCGA-50-5931","Primary Tumor","JAK3","ENSG00000105639",461,8.1473,2.1485,2.0638,"OK"
"TCGA-LUAD","69933ac8-e7a7-43b6-8231-2ecb35f88d52","TCGA-50-5931-01A-11R-1755-07","TCGA-50-5931","Primary Tumor","EPHB2","ENSG00000133216",1559,14.998,3.955,3.7991,"OK"
"TCGA-LUAD","3f441cc8-98bd-4650-b5ad-19ae8542b666","TCGA-91-6829-11A-01R-1858-07","TCGA-91-6829","Solid Tissue Normal","JAK3","ENSG00000105639",270,3.1117,1.1305,1.3164,"OK"
"TCGA-LUAD","3f441cc8-98bd-4650-b5ad-19ae8542b666","TCGA-91-6829-11A-01R-1858-07","TCGA-91-6829","Solid Tissue Normal","EPHB2","ENSG00000133216",347,2.1769,0.7909,0.921,"OK"
"TCGA-LUAD","8a884668-03c2-44bb-8ea0-5b0d0bc68aa4","TCGA-69-7763-01A-11R-2170-07","TCGA-69-7763","Primary Tumor","JAK3","ENSG00000105639",729,8.34,2.8446,3.0407,"OK"
"TCGA-LUAD","8a884668-03c2-44bb-8ea0-5b0d0bc68aa4","TCGA-69-7763-01A-11R-2170-07","TCGA-69-7763","Primary Tumor","EPHB2","ENSG00000133216",671,4.1786,1.4252,1.5235,"OK"
"TCGA-LUAD","ffec28dd-cc44-4057-bcc3-ccc0cd2331c2","TCGA-91-6829-01A-21R-1858-07","TCGA-91-6829","Primary Tumor","JAK3","ENSG00000105639",562,8.7867,2.1617,2.0633,"OK"
"TCGA-LUAD","ffec28dd-cc44-4057-bcc3-ccc0cd2331c2","TCGA-91-6829-01A-21R-1858-07","TCGA-91-6829","Primary Tumor","EPHB2","ENSG00000133216",3706,31.5405,7.7594,7.4062,"OK"
"TCGA-LUAD","62cdda72-a90e-49e7-9423-24540d696049","TCGA-75-5146-01A-01R-1628-07","TCGA-75-5146","Primary Tumor","JAK3","ENSG00000105639",449,6.8412,2.1879,2.3885,"OK"
"TCGA-LUAD","62cdda72-a90e-49e7-9423-24540d696049","TCGA-75-5146-01A-01R-1628-07","TCGA-75-5146","Primary Tumor","EPHB2","ENSG00000133216",716,5.9385,1.8991,2.0733,"OK"
"TCGA-LUAD","c2accf79-6461-4082-b201-c6f881dc6ea2","TCGA-78-7149-01A-11R-2039-07","TCGA-78-7149","Primary Tumor","JAK3","ENSG00000105639",606,5.5357,2.044,2.3794,"OK"
"TCGA-LUAD","c2accf79-6461-4082-b201-c6f881dc6ea2","TCGA-78-7149-01A-11R-2039-07","TCGA-78-7149","Primary Tumor","EPHB2","ENSG00000133216",552,2.7448,1.0135,1.1798,"OK"
"TCGA-LUAD","bb5264e1-0dbf-4b28-9fbe-0a8602c13369","TCGA-75-6212-01A-11R-1755-07","TCGA-75-6212","Primary Tumor","JAK3","ENSG00000105639",771,11.6178,3.8225,4.5328,"OK"
"TCGA-LUAD","bb5264e1-0dbf-4b28-9fbe-0a8602c13369","TCGA-75-6212-01A-11R-1755-07","TCGA-75-6212","Primary Tumor","EPHB2","ENSG00000133216",847,6.9475,2.2858,2.7106,"OK"
"TCGA-LUAD","1860869f-ecb5-43ae-9714-328ff5748c2a","TCGA-55-6987-01A-11R-1949-07","TCGA-55-6987","Primary Tumor","JAK3","ENSG00000105639",5877,24.6284,12.1842,12.893,"OK"
"TCGA-LUAD","1860869f-ecb5-43ae-9714-328ff5748c2a","TCGA-55-6987-01A-11R-1949-07","TCGA-55-6987","Primary Tumor","EPHB2","ENSG00000133216",1315,2.9997,1.484,1.5703,"OK"
"TCGA-LUAD","0344d3bb-8bb2-459e-bc1f-ba31c7470d08","TCGA-MP-A4T4-01A-11R-A262-07","TCGA-MP-A4T4","Primary Tumor","JAK3","ENSG00000105639",3235,28.2307,11.6214,11.3512,"OK"
"TCGA-LUAD","0344d3bb-8bb2-459e-bc1f-ba31c7470d08","TCGA-MP-A4T4-01A-11R-A262-07","TCGA-MP-A4T4","Primary Tumor","EPHB2","ENSG00000133216",1320,6.2704,2.5812,2.5212,"OK"
"TCGA-LUAD","4b11527c-fb98-4ad4-aaac-6f0c6c1d185c","TCGA-55-6980-01A-11R-1949-07","TCGA-55-6980","Primary Tumor","JAK3","ENSG00000105639",619,11.8555,3.7422,4.0428,"OK"
"TCGA-LUAD","4b11527c-fb98-4ad4-aaac-6f0c6c1d185c","TCGA-55-6980-01A-11R-1949-07","TCGA-55-6980","Primary Tumor","EPHB2","ENSG00000133216",1115,11.6246,3.6693,3.9641,"OK"
"TCGA-LUAD","a8252e2f-1dbd-4f3c-9e11-599a33d6fd24","TCGA-55-6980-11A-01R-1949-07","TCGA-55-6980","Solid Tissue Normal","JAK3","ENSG00000105639",408,8.5994,2.6289,2.7318,"OK"
"TCGA-LUAD","a8252e2f-1dbd-4f3c-9e11-599a33d6fd24","TCGA-55-6980-11A-01R-1949-07","TCGA-55-6980","Solid Tissue Normal","EPHB2","ENSG00000133216",175,2.0078,0.6138,0.6378,"OK"
"TCGA-LUAD","b6d704be-2e8f-40cc-9c09-ffde6be5c814","TCGA-91-6835-11A-01R-1858-07","TCGA-91-6835","Solid Tissue Normal","JAK3","ENSG00000105639",521,7.8637,2.3522,2.3681,"OK"
"TCGA-LUAD","b6d704be-2e8f-40cc-9c09-ffde6be5c814","TCGA-91-6835-11A-01R-1858-07","TCGA-91-6835","Solid Tissue Normal","EPHB2","ENSG00000133216",661,5.4308,1.6245,1.6355,"OK"
"TCGA-LUAD","b0dc4a18-3099-46fc-a518-9e411c6c15f3","TCGA-05-5423-01A-01R-1628-07","TCGA-05-5423","Primary Tumor","JAK3","ENSG00000105639",676,9.5752,3.126,3.5184,"OK"
"TCGA-LUAD","b0dc4a18-3099-46fc-a518-9e411c6c15f3","TCGA-05-5423-01A-01R-1628-07","TCGA-05-5423","Primary Tumor","EPHB2","ENSG00000133216",305,2.3517,0.7677,0.8641,"OK"
"TCGA-LUAD","df504497-a30e-4a11-a62f-dcb46e741dfb","TCGA-50-5930-01A-11R-1755-07","TCGA-50-5930","Primary Tumor","JAK3","ENSG00000105639",472,9.2325,4.1006,4.4892,"OK"
"TCGA-LUAD","df504497-a30e-4a11-a62f-dcb46e741dfb","TCGA-50-5930-01A-11R-1755-07","TCGA-50-5930","Primary Tumor","EPHB2","ENSG00000133216",436,4.6424,2.0619,2.2573,"OK"
"TCGA-LUAD","e3339500-9481-4a24-a3b8-65b86dabc920","TCGA-NJ-A4YP-01A-11R-A262-07","TCGA-NJ-A4YP","Primary Tumor","JAK3","ENSG00000105639",3108,15.4719,4.6295,4.8875,"OK"
"TCGA-LUAD","e3339500-9481-4a24-a3b8-65b86dabc920","TCGA-NJ-A4YP-01A-11R-A262-07","TCGA-NJ-A4YP","Primary Tumor","EPHB2","ENSG00000133216",695,1.8833,0.5635,0.5949,"OK"
"TCGA-LUAD","1a4c524e-8e75-436e-8ccf-cce6ae3d6eb3","TCGA-44-7671-01A-11R-2066-07","TCGA-44-7671","Primary Tumor","JAK3","ENSG00000105639",345,2.5989,0.7392,0.8017,"OK"
"TCGA-LUAD","1a4c524e-8e75-436e-8ccf-cce6ae3d6eb3","TCGA-44-7671-01A-11R-2066-07","TCGA-44-7671","Primary Tumor","EPHB2","ENSG00000133216",892,3.6577,1.0403,1.1283,"OK"
"TCGA-LUAD","320660cd-100a-4f5a-a604-4de3ced7f042","TCGA-05-4249-01A-01R-1107-07","TCGA-05-4249","Primary Tumor","JAK3","ENSG00000105639",1160,9.6402,2.7594,2.6612,"OK"
"TCGA-LUAD","320660cd-100a-4f5a-a604-4de3ced7f042","TCGA-05-4249-01A-01R-1107-07","TCGA-05-4249","Primary Tumor","EPHB2","ENSG00000133216",1893,8.5635,2.4512,2.364,"OK"
"TCGA-LUAD","1f911a28-0d7a-4f57-b358-cc6277b2008b","TCGA-71-6725-01A-11R-1858-07","TCGA-71-6725","Primary Tumor","JAK3","ENSG00000105639",360,2.3858,0.762,0.785,"OK"
"TCGA-LUAD","1f911a28-0d7a-4f57-b358-cc6277b2008b","TCGA-71-6725-01A-11R-1858-07","TCGA-71-6725","Primary Tumor","EPHB2","ENSG00000133216",7285,26.2802,8.3943,8.6467,"OK"
"TCGA-LUAD","140633c2-a8e9-4a2d-a044-082cd099ff98","TCGA-NJ-A4YQ-01A-11R-A262-07","TCGA-NJ-A4YQ","Primary Tumor","JAK3","ENSG00000105639",2969,28.986,13.3939,13.5911,"OK"
"TCGA-LUAD","140633c2-a8e9-4a2d-a044-082cd099ff98","TCGA-NJ-A4YQ-01A-11R-A262-07","TCGA-NJ-A4YQ","Primary Tumor","EPHB2","ENSG00000133216",487,2.5881,1.1959,1.2135,"OK"
"TCGA-LUAD","4f59681b-3811-4569-aa50-ed031f7e370a","TCGA-86-7714-01A-12R-2170-07","TCGA-86-7714","Primary Tumor","JAK3","ENSG00000105639",221,5.1697,1.4676,1.4173,"OK"
"TCGA-LUAD","4f59681b-3811-4569-aa50-ed031f7e370a","TCGA-86-7714-01A-12R-2170-07","TCGA-86-7714","Primary Tumor","EPHB2","ENSG00000133216",782,9.9575,2.8268,2.7299,"OK"
"TCGA-LUAD","231aa983-3ef3-476b-bdb3-bab9d66f71e6","TCGA-78-7143-01A-11R-2039-07","TCGA-78-7143","Primary Tumor","JAK3","ENSG00000105639",1478,17.2234,4.8548,4.4411,"OK"
"TCGA-LUAD","231aa983-3ef3-476b-bdb3-bab9d66f71e6","TCGA-78-7143-01A-11R-2039-07","TCGA-78-7143","Primary Tumor","EPHB2","ENSG00000133216",1887,11.9698,3.374,3.0865,"OK"
"TCGA-LUAD","e0d8cd2d-967f-4b04-afa9-3aca54bcaf5d","TCGA-78-7159-01A-11R-2039-07","TCGA-78-7159","Primary Tumor","JAK3","ENSG00000105639",1009,9.8175,3.6774,3.7132,"OK"
"TCGA-LUAD","e0d8cd2d-967f-4b04-afa9-3aca54bcaf5d","TCGA-78-7159-01A-11R-2039-07","TCGA-78-7159","Primary Tumor","EPHB2","ENSG00000133216",1092,5.7837,2.1664,2.1875,"OK"
"TCGA-LUAD","0c212a58-9a27-4850-bb22-540502e893dc","TCGA-55-8620-01A-11R-2403-07","TCGA-55-8620","Primary Tumor","JAK3","ENSG00000105639",1052,13.398,4.7077,4.5282,"OK"
"TCGA-LUAD","0c212a58-9a27-4850-bb22-540502e893dc","TCGA-55-8620-01A-11R-2403-07","TCGA-55-8620","Primary Tumor","EPHB2","ENSG00000133216",271,1.8787,0.6601,0.635,"OK"
"TCGA-LUAD","157223aa-aab5-4522-8ff2-8104ea3561d9","TCGA-69-8255-01A-11R-2287-07","TCGA-69-8255","Primary Tumor","JAK3","ENSG00000105639",5187,23.1152,8.5872,10.551,"OK"
"TCGA-LUAD","157223aa-aab5-4522-8ff2-8104ea3561d9","TCGA-69-8255-01A-11R-2287-07","TCGA-69-8255","Primary Tumor","EPHB2","ENSG00000133216",421,1.0213,0.3794,0.4662,"OK"
"TCGA-LUAD","6d4fc521-df92-4d04-8118-d363ac31bfa8","TCGA-50-5068-01A-01R-1628-07","TCGA-50-5068","Primary Tumor","JAK3","ENSG00000105639",610,8.8062,3.3559,3.9706,"OK"
"TCGA-LUAD","6d4fc521-df92-4d04-8118-d363ac31bfa8","TCGA-50-5068-01A-01R-1628-07","TCGA-50-5068","Primary Tumor","EPHB2","ENSG00000133216",388,3.049,1.162,1.3748,"OK"
"TCGA-LUAD","46a5c6c0-f460-4036-b3e6-eea9ec82ea14","TCGA-NJ-A4YF-01A-12R-A262-07","TCGA-NJ-A4YF","Primary Tumor","JAK3","ENSG00000105639",835,7.7107,3.4943,3.8156,"OK"
"TCGA-LUAD","46a5c6c0-f460-4036-b3e6-eea9ec82ea14","TCGA-NJ-A4YF-01A-12R-A262-07","TCGA-NJ-A4YF","Primary Tumor","EPHB2","ENSG00000133216",495,2.4882,1.1276,1.2313,"OK"
"TCGA-LUAD","92b4ef29-b45a-4ec4-9251-8d6fb32cde90","TCGA-97-A4M3-01A-11R-A24X-07","TCGA-97-A4M3","Primary Tumor","JAK3","ENSG00000105639",793,8.2557,2.6338,2.867,"OK"
"TCGA-LUAD","92b4ef29-b45a-4ec4-9251-8d6fb32cde90","TCGA-97-A4M3-01A-11R-A24X-07","TCGA-97-A4M3","Primary Tumor","EPHB2","ENSG00000133216",589,3.3379,1.0649,1.1592,"OK"
"TCGA-LUAD","669ce970-42a3-4797-bf9c-0de40a021bbf","TCGA-78-7163-01A-12R-2066-07","TCGA-78-7163","Primary Tumor","JAK3","ENSG00000105639",470,3.8921,1.1889,1.2344,"OK"
"TCGA-LUAD","669ce970-42a3-4797-bf9c-0de40a021bbf","TCGA-78-7163-01A-12R-2066-07","TCGA-78-7163","Primary Tumor","EPHB2","ENSG00000133216",2539,11.4453,3.4962,3.6298,"OK"
"TCGA-LUAD","5695292b-7c39-4ee6-94e8-987f4a456635","TCGA-80-5608-01A-31R-1949-07","TCGA-80-5608","Primary Tumor","JAK3","ENSG00000105639",816,5.575,1.8699,2.1832,"OK"
"TCGA-LUAD","5695292b-7c39-4ee6-94e8-987f4a456635","TCGA-80-5608-01A-31R-1949-07","TCGA-80-5608","Primary Tumor","EPHB2","ENSG00000133216",723,2.6888,0.9019,1.053,"OK"
"TCGA-LUAD","9af8b2eb-3dbb-4688-a5fd-15abc0460f57","TCGA-44-4112-01A-01R-A278-07","TCGA-44-4112","Primary Tumor","JAK3","ENSG00000105639",705,4.3814,3.9777,3.6157,"OK"
"TCGA-LUAD","9af8b2eb-3dbb-4688-a5fd-15abc0460f57","TCGA-44-4112-01A-01R-A278-07","TCGA-44-4112","Primary Tumor","EPHB2","ENSG00000133216",240,0.8119,0.7371,0.67,"OK"
"TCGA-LUAD","58b3d72d-6cff-4c5c-9317-13d88cd17b79","TCGA-67-3772-01A-01R-0946-07","TCGA-67-3772","Primary Tumor","JAK3","ENSG00000105639",494,3.9709,1.5138,1.7363,"OK"
"TCGA-LUAD","58b3d72d-6cff-4c5c-9317-13d88cd17b79","TCGA-67-3772-01A-01R-0946-07","TCGA-67-3772","Primary Tumor","EPHB2","ENSG00000133216",748,3.2729,1.2477,1.4311,"OK"
"TCGA-LUAD","968c4aa2-2bcd-4823-b7fa-fbedc41ddb25","TCGA-MP-A4SV-01A-11R-A24X-07","TCGA-MP-A4SV","Primary Tumor","JAK3","ENSG00000105639",2160,22.8779,7.2714,6.4602,"OK"
"TCGA-LUAD","968c4aa2-2bcd-4823-b7fa-fbedc41ddb25","TCGA-MP-A4SV-01A-11R-A24X-07","TCGA-MP-A4SV","Primary Tumor","EPHB2","ENSG00000133216",694,4.0012,1.2717,1.1299,"OK"
"TCGA-LUAD","7f827e47-e374-4c0e-8fec-b53018bfad03","TCGA-62-8394-01A-11R-2326-07","TCGA-62-8394","Primary Tumor","JAK3","ENSG00000105639",940,9.5495,2.9662,2.9667,"OK"
"TCGA-LUAD","7f827e47-e374-4c0e-8fec-b53018bfad03","TCGA-62-8394-01A-11R-2326-07","TCGA-62-8394","Primary Tumor","EPHB2","ENSG00000133216",2742,15.1632,4.71,4.7107,"OK"
"TCGA-LUAD","ac98f8d2-fdc4-4925-8fce-7e86d7b89dec","TCGA-44-3918-01B-02R-A277-07","TCGA-44-3918","Primary Tumor","JAK3","ENSG00000105639",1544,34.7249,11.8745,11.0786,"OK"
"TCGA-LUAD","ac98f8d2-fdc4-4925-8fce-7e86d7b89dec","TCGA-44-3918-01B-02R-A277-07","TCGA-44-3918","Primary Tumor","EPHB2","ENSG00000133216",313,3.8319,1.3103,1.2225,"OK"
"TCGA-LUAD","b7006975-82c2-4fcc-855d-5ef024ef3d4f","TCGA-95-8494-01A-11R-2326-07","TCGA-95-8494","Primary Tumor","JAK3","ENSG00000105639",846,13.8266,4.0257,3.9863,"OK"
"TCGA-LUAD","b7006975-82c2-4fcc-855d-5ef024ef3d4f","TCGA-95-8494-01A-11R-2326-07","TCGA-95-8494","Primary Tumor","EPHB2","ENSG00000133216",583,5.1866,1.5101,1.4953,"OK"
"TCGA-LUAD","fb60fc57-836c-42e1-bc96-042b82d1a878","TCGA-62-A46U-01A-11R-A24H-07","TCGA-62-A46U","Primary Tumor","JAK3","ENSG00000105639",3512,37.8312,10.8724,10.4835,"OK"
"TCGA-LUAD","fb60fc57-836c-42e1-bc96-042b82d1a878","TCGA-62-A46U-01A-11R-A24H-07","TCGA-62-A46U","Primary Tumor","EPHB2","ENSG00000133216",1656,9.7102,2.7907,2.6908,"OK"
"TCGA-LUAD","a71c722c-3483-4910-926d-c79b6c9a4e7d","TCGA-50-5933-11A-01R-1755-07","TCGA-50-5933","Solid Tissue Normal","JAK3","ENSG00000105639",491,6.389,1.7495,1.9912,"OK"
"TCGA-LUAD","a71c722c-3483-4910-926d-c79b6c9a4e7d","TCGA-50-5933-11A-01R-1755-07","TCGA-50-5933","Solid Tissue Normal","EPHB2","ENSG00000133216",183,1.2962,0.3549,0.404,"OK"
"TCGA-LUAD","515aa64c-316b-497e-b877-7ab0c89a58bd","TCGA-99-8025-01A-11R-2241-07","TCGA-99-8025","Primary Tumor","JAK3","ENSG00000105639",1028,6.996,2.4289,2.5157,"OK"
"TCGA-LUAD","515aa64c-316b-497e-b877-7ab0c89a58bd","TCGA-99-8025-01A-11R-2241-07","TCGA-99-8025","Primary Tumor","EPHB2","ENSG00000133216",5470,20.2636,7.0351,7.2865,"OK"
"TCGA-LUAD","db5e9553-ca85-4dcd-9229-2ac1ba208d52","TCGA-NJ-A55R-01A-11R-A262-07","TCGA-NJ-A55R","Primary Tumor","JAK3","ENSG00000105639",1936,7.5468,3.1006,3.2637,"OK"
"TCGA-LUAD","db5e9553-ca85-4dcd-9229-2ac1ba208d52","TCGA-NJ-A55R-01A-11R-A262-07","TCGA-NJ-A55R","Primary Tumor","EPHB2","ENSG00000133216",2692,5.7122,2.3468,2.4703,"OK"
"TCGA-LUAD","6b6751a5-2dad-4bb4-bfae-b2239770fad8","TCGA-MP-A4SY-01A-21R-A24X-07","TCGA-MP-A4SY","Primary Tumor","JAK3","ENSG00000105639",773,8.7034,2.3628,2.3802,"OK"
"TCGA-LUAD","6b6751a5-2dad-4bb4-bfae-b2239770fad8","TCGA-MP-A4SY-01A-21R-A24X-07","TCGA-MP-A4SY","Primary Tumor","EPHB2","ENSG00000133216",3003,18.405,4.9967,5.0335,"OK"
"TCGA-LUAD","d21e7461-c76d-4ae7-be02-313c3c34118d","TCGA-69-7760-01A-11R-2170-07","TCGA-69-7760","Primary Tumor","JAK3","ENSG00000105639",520,4.918,1.9421,2.2999,"OK"
"TCGA-LUAD","d21e7461-c76d-4ae7-be02-313c3c34118d","TCGA-69-7760-01A-11R-2170-07","TCGA-69-7760","Primary Tumor","EPHB2","ENSG00000133216",245,1.2613,0.4981,0.5898,"OK"
"TCGA-LUAD","4756b201-87c2-4428-b2cd-f933422fe8cf","TCGA-44-6148-11A-01R-1858-07","TCGA-44-6148","Solid Tissue Normal","JAK3","ENSG00000105639",533,5.4137,1.5891,1.6224,"OK"
"TCGA-LUAD","4756b201-87c2-4428-b2cd-f933422fe8cf","TCGA-44-6148-11A-01R-1858-07","TCGA-44-6148","Solid Tissue Normal","EPHB2","ENSG00000133216",301,1.6642,0.4885,0.4987,"OK"
"TCGA-LUAD","ca34be5f-799c-4df4-af91-ec8a9e958d6c","TCGA-44-A47B-01A-11R-A24H-07","TCGA-44-A47B","Primary Tumor","JAK3","ENSG00000105639",906,10.2724,2.791,2.8744,"OK"
"TCGA-LUAD","ca34be5f-799c-4df4-af91-ec8a9e958d6c","TCGA-44-A47B-01A-11R-A24H-07","TCGA-44-A47B","Primary Tumor","EPHB2","ENSG00000133216",598,3.6908,1.0028,1.0327,"OK"
"TCGA-LUAD","9f01664c-19be-4841-afb4-297483d22ec8","TCGA-91-6847-11A-01R-1949-07","TCGA-91-6847","Solid Tissue Normal","JAK3","ENSG00000105639",158,2.7104,0.8199,0.8909,"OK"
"TCGA-LUAD","9f01664c-19be-4841-afb4-297483d22ec8","TCGA-91-6847-11A-01R-1949-07","TCGA-91-6847","Solid Tissue Normal","EPHB2","ENSG00000133216",157,1.466,0.4435,0.4819,"OK"
"TCGA-LUAD","82a68e91-48cc-400b-8520-4abcbff1a163","TCGA-49-AARQ-01A-11R-A41B-07","TCGA-49-AARQ","Primary Tumor","JAK3","ENSG00000105639",1182,8.9461,4.374,4.8677,"OK"
"TCGA-LUAD","82a68e91-48cc-400b-8520-4abcbff1a163","TCGA-49-AARQ-01A-11R-A41B-07","TCGA-49-AARQ","Primary Tumor","EPHB2","ENSG00000133216",3541,14.5886,7.1328,7.9379,"OK"
"TCGA-LUAD","32046abb-8476-4e4f-8090-1ce003107490","TCGA-91-6847-01A-11R-1949-07","TCGA-91-6847","Primary Tumor","JAK3","ENSG00000105639",488,4.4124,1.2634,1.1688,"OK"
"TCGA-LUAD","32046abb-8476-4e4f-8090-1ce003107490","TCGA-91-6847-01A-11R-1949-07","TCGA-91-6847","Primary Tumor","EPHB2","ENSG00000133216",4457,21.9367,6.2809,5.8108,"OK"
"TCGA-LUAD","385d903b-bab4-4c2e-8334-3a304d1a56fa","TCGA-55-6975-01A-11R-1949-07","TCGA-55-6975","Primary Tumor","JAK3","ENSG00000105639",574,10.398,3.508,3.4671,"OK"
"TCGA-LUAD","385d903b-bab4-4c2e-8334-3a304d1a56fa","TCGA-55-6975-01A-11R-1949-07","TCGA-55-6975","Primary Tumor","EPHB2","ENSG00000133216",471,4.6444,1.5669,1.5486,"OK"
"TCGA-LUAD","63f5b69e-2307-4be6-98e4-b0f57b6394d0","TCGA-97-8552-01A-11R-2403-07","TCGA-97-8552","Primary Tumor","JAK3","ENSG00000105639",1105,12.8169,4.493,4.8263,"OK"
"TCGA-LUAD","63f5b69e-2307-4be6-98e4-b0f57b6394d0","TCGA-97-8552-01A-11R-2403-07","TCGA-97-8552","Primary Tumor","EPHB2","ENSG00000133216",883,5.5751,1.9544,2.0994,"OK"
"TCGA-LUAD","1aff8a31-97b2-4bde-ac5a-f3a958bf74dc","TCGA-93-A4JN-01A-11R-A24X-07","TCGA-93-A4JN","Primary Tumor","JAK3","ENSG00000105639",1946,18.4612,6.316,5.5241,"OK"
"TCGA-LUAD","1aff8a31-97b2-4bde-ac5a-f3a958bf74dc","TCGA-93-A4JN-01A-11R-A24X-07","TCGA-93-A4JN","Primary Tumor","EPHB2","ENSG00000133216",2584,13.3439,4.5652,3.9928,"OK"
"TCGA-LUAD","ea47f0f6-aad1-4149-afb6-2026f64935f5","TCGA-44-7662-01A-11R-2066-07","TCGA-44-7662","Primary Tumor","JAK3","ENSG00000105639",2472,16.1528,5.2432,5.3437,"OK"
"TCGA-LUAD","ea47f0f6-aad1-4149-afb6-2026f64935f5","TCGA-44-7662-01A-11R-2066-07","TCGA-44-7662","Primary Tumor","EPHB2","ENSG00000133216",5772,20.5305,6.6642,6.7919,"OK"
"TCGA-LUAD","fe20855f-d3ce-4e02-b2dd-3df15eab44bf","TCGA-69-8453-01A-12R-2326-07","TCGA-69-8453","Primary Tumor","JAK3","ENSG00000105639",1481,14.9932,4.7488,5.2868,"OK"
"TCGA-LUAD","fe20855f-d3ce-4e02-b2dd-3df15eab44bf","TCGA-69-8453-01A-12R-2326-07","TCGA-69-8453","Primary Tumor","EPHB2","ENSG00000133216",897,4.9432,1.5656,1.743,"OK"
"TCGA-LUAD","e9d3cac1-3a16-4e21-8fe8-a4944ce82cb8","TCGA-49-6743-01A-11R-1858-07","TCGA-49-6743","Primary Tumor","JAK3","ENSG00000105639",1247,16.5761,4.901,4.7312,"OK"
"TCGA-LUAD","e9d3cac1-3a16-4e21-8fe8-a4944ce82cb8","TCGA-49-6743-01A-11R-1858-07","TCGA-49-6743","Primary Tumor","EPHB2","ENSG00000133216",2670,19.3197,5.7122,5.5143,"OK"
"TCGA-LUAD","5fa5664e-daf5-4082-8d39-703a5d650e43","TCGA-55-8301-01A-11R-2287-07","TCGA-55-8301","Primary Tumor","JAK3","ENSG00000105639",2964,20.799,9.1063,9.2937,"OK"
"TCGA-LUAD","5fa5664e-daf5-4082-8d39-703a5d650e43","TCGA-55-8301-01A-11R-2287-07","TCGA-55-8301","Primary Tumor","EPHB2","ENSG00000133216",1793,6.8489,2.9986,3.0603,"OK"
"TCGA-LUAD","81d92351-c619-4585-9281-de33eaaabba4","TCGA-38-7271-01A-11R-2039-07","TCGA-38-7271","Primary Tumor","JAK3","ENSG00000105639",1909,25.539,10.0874,10.7855,"OK"
"TCGA-LUAD","81d92351-c619-4585-9281-de33eaaabba4","TCGA-38-7271-01A-11R-2039-07","TCGA-38-7271","Primary Tumor","EPHB2","ENSG00000133216",1041,7.5809,2.9943,3.2015,"OK"
"TCGA-LUAD","359d07bf-89e3-49fd-8237-723ffb299cfb","TCGA-44-2661-11A-01R-1758-07","TCGA-44-2661","Solid Tissue Normal","JAK3","ENSG00000105639",604,6.7084,1.8629,1.9838,"OK"
"TCGA-LUAD","359d07bf-89e3-49fd-8237-723ffb299cfb","TCGA-44-2661-11A-01R-1758-07","TCGA-44-2661","Solid Tissue Normal","EPHB2","ENSG00000133216",969,5.8584,1.6269,1.7324,"OK"
"TCGA-LUAD","2e5071ce-d8cf-46e5-9cc0-91353f0d643c","TCGA-55-7914-01A-11R-2170-07","TCGA-55-7914","Primary Tumor","JAK3","ENSG00000105639",948,10.0121,3.5573,3.3046,"OK"
"TCGA-LUAD","2e5071ce-d8cf-46e5-9cc0-91353f0d643c","TCGA-55-7914-01A-11R-2170-07","TCGA-55-7914","Primary Tumor","EPHB2","ENSG00000133216",436,2.5065,0.8906,0.8273,"OK"
"TCGA-LUAD","9ffe0bdc-838e-4715-8fd3-31f032c8f46e","TCGA-55-1594-01A-01R-0946-07","TCGA-55-1594","Primary Tumor","JAK3","ENSG00000105639",1155,11.5977,3.4829,3.3193,"OK"
"TCGA-LUAD","9ffe0bdc-838e-4715-8fd3-31f032c8f46e","TCGA-55-1594-01A-01R-0946-07","TCGA-55-1594","Primary Tumor","EPHB2","ENSG00000133216",1564,8.5487,2.5672,2.4467,"OK"
"TCGA-LUAD","9711a58c-08fc-428f-93a1-3d3db7df213e","TCGA-55-7726-01A-11R-2170-07","TCGA-55-7726","Primary Tumor","JAK3","ENSG00000105639",355,6.4889,2.1,2.2953,"OK"
"TCGA-LUAD","9711a58c-08fc-428f-93a1-3d3db7df213e","TCGA-55-7726-01A-11R-2170-07","TCGA-55-7726","Primary Tumor","EPHB2","ENSG00000133216",2768,27.5412,8.9132,9.7419,"OK"
"TCGA-LUAD","b080156e-0711-42f5-83c7-a34de25cbba9","TCGA-50-5932-01A-11R-1755-07","TCGA-50-5932","Primary Tumor","JAK3","ENSG00000105639",201,2.1734,0.5875,0.592,"OK"
"TCGA-LUAD","b080156e-0711-42f5-83c7-a34de25cbba9","TCGA-50-5932-01A-11R-1755-07","TCGA-50-5932","Primary Tumor","EPHB2","ENSG00000133216",575,3.3844,0.9148,0.9218,"OK"
"TCGA-LUAD","d3f1b81f-37ce-47b6-b98d-8530076007c7","TCGA-95-7043-01A-11R-1949-07","TCGA-95-7043","Primary Tumor","JAK3","ENSG00000105639",228,3.2773,1.2591,1.3364,"OK"
"TCGA-LUAD","d3f1b81f-37ce-47b6-b98d-8530076007c7","TCGA-95-7043-01A-11R-1949-07","TCGA-95-7043","Primary Tumor","EPHB2","ENSG00000133216",3676,28.7631,11.0507,11.7284,"OK"
"TCGA-LUAD","218eb2f2-24b1-4e41-9071-26ed97a2edc1","TCGA-95-7948-01A-11R-2187-07","TCGA-95-7948","Primary Tumor","JAK3","ENSG00000105639",1313,10.9114,3.2014,3.2375,"OK"
"TCGA-LUAD","218eb2f2-24b1-4e41-9071-26ed97a2edc1","TCGA-95-7948-01A-11R-2187-07","TCGA-95-7948","Primary Tumor","EPHB2","ENSG00000133216",6042,27.332,8.019,8.1096,"OK"
"TCGA-LUAD","38259364-ebcb-4f5f-8471-8ffe7e3267a7","TCGA-05-4410-01A-21R-1858-07","TCGA-05-4410","Primary Tumor","JAK3","ENSG00000105639",1128,16.8458,6.5931,6.3324,"OK"
"TCGA-LUAD","38259364-ebcb-4f5f-8471-8ffe7e3267a7","TCGA-05-4410-01A-21R-1858-07","TCGA-05-4410","Primary Tumor","EPHB2","ENSG00000133216",1110,9.0236,3.5316,3.392,"OK"
"TCGA-LUAD","e585878b-98af-4e3f-b03c-6b5a4e7a202c","TCGA-44-8119-01A-11R-2241-07","TCGA-44-8119","Primary Tumor","JAK3","ENSG00000105639",2384,13.0053,4.1285,4.4289,"OK"
"TCGA-LUAD","e585878b-98af-4e3f-b03c-6b5a4e7a202c","TCGA-44-8119-01A-11R-2241-07","TCGA-44-8119","Primary Tumor","EPHB2","ENSG00000133216",8724,25.9061,8.2237,8.8222,"OK"
"TCGA-LUAD","b91d8293-6331-4f76-98f0-335ebce83539","TCGA-49-4505-01A-01R-1206-07","TCGA-49-4505","Primary Tumor","JAK3","ENSG00000105639",2810,13.4498,5.0517,5.9776,"OK"
"TCGA-LUAD","b91d8293-6331-4f76-98f0-335ebce83539","TCGA-49-4505-01A-01R-1206-07","TCGA-49-4505","Primary Tumor","EPHB2","ENSG00000133216",2608,6.795,2.5522,3.0199,"OK"
"TCGA-LUAD","88885dc7-5edd-4fac-95f8-9586880078a8","TCGA-44-3917-01B-02R-A277-07","TCGA-44-3917","Primary Tumor","JAK3","ENSG00000105639",932,18.9142,6.3892,5.4867,"OK"
"TCGA-LUAD","88885dc7-5edd-4fac-95f8-9586880078a8","TCGA-44-3917-01B-02R-A277-07","TCGA-44-3917","Primary Tumor","EPHB2","ENSG00000133216",193,2.1321,0.7202,0.6185,"OK"
"TCGA-LUAD","371fd35f-eb3c-4346-8197-8ecf4c9ce220","TCGA-50-6592-01A-11R-1755-07","TCGA-50-6592","Primary Tumor","JAK3","ENSG00000105639",2673,27.8158,8.1591,8.2521,"OK"
"TCGA-LUAD","371fd35f-eb3c-4346-8197-8ecf4c9ce220","TCGA-50-6592-01A-11R-1755-07","TCGA-50-6592","Primary Tumor","EPHB2","ENSG00000133216",1074,6.0837,1.7845,1.8049,"OK"
"TCGA-LUAD","8d308359-6f2a-4c2a-a2e7-b1a3b8d79de9","TCGA-55-A48Y-01A-11R-A24H-07","TCGA-55-A48Y","Primary Tumor","JAK3","ENSG00000105639",821,7.6044,2.9325,3.2064,"OK"
"TCGA-LUAD","8d308359-6f2a-4c2a-a2e7-b1a3b8d79de9","TCGA-55-A48Y-01A-11R-A24H-07","TCGA-55-A48Y","Primary Tumor","EPHB2","ENSG00000133216",548,2.763,1.0655,1.165,"OK"
"TCGA-LUAD","a777fb14-4498-4f32-bccb-1e8521567302","TCGA-55-6981-01A-11R-1949-07","TCGA-55-6981","Primary Tumor","JAK3","ENSG00000105639",429,7.749,2.6694,2.7398,"OK"
"TCGA-LUAD","a777fb14-4498-4f32-bccb-1e8521567302","TCGA-55-6981-01A-11R-1949-07","TCGA-55-6981","Primary Tumor","EPHB2","ENSG00000133216",2094,20.5892,7.0926,7.2798,"OK"
"TCGA-LUAD","242a2880-95da-453f-892d-fafd49a4865e","TCGA-38-4625-01A-01R-1206-07","TCGA-38-4625","Primary Tumor","JAK3","ENSG00000105639",1762,9.2444,2.8228,2.9517,"OK"
"TCGA-LUAD","242a2880-95da-453f-892d-fafd49a4865e","TCGA-38-4625-01A-01R-1206-07","TCGA-38-4625","Primary Tumor","EPHB2","ENSG00000133216",8571,24.4781,7.4745,7.8157,"OK"
"TCGA-LUAD","d1a18468-9c02-4d61-8e3e-43a6d23d402e","TCGA-38-4626-01A-01R-1206-07","TCGA-38-4626","Primary Tumor","JAK3","ENSG00000105639",1983,9.5087,2.8564,3.3043,"OK"
"TCGA-LUAD","d1a18468-9c02-4d61-8e3e-43a6d23d402e","TCGA-38-4626-01A-01R-1206-07","TCGA-38-4626","Primary Tumor","EPHB2","ENSG00000133216",3598,9.3914,2.8211,3.2636,"OK"
"TCGA-LUAD","2a7831f2-aa57-4e6f-92b3-0a7a727d5637","TCGA-55-8299-01A-11R-2287-07","TCGA-55-8299","Primary Tumor","JAK3","ENSG00000105639",3212,30.927,9.5657,9.7321,"OK"
"TCGA-LUAD","2a7831f2-aa57-4e6f-92b3-0a7a727d5637","TCGA-55-8299-01A-11R-2287-07","TCGA-55-8299","Primary Tumor","EPHB2","ENSG00000133216",1845,9.6701,2.991,3.043,"OK"
"TCGA-LUAD","975121d2-ba5d-4b2c-bd50-278311c7144a","TCGA-97-A4M6-01A-11R-A24X-07","TCGA-97-A4M6","Primary Tumor","JAK3","ENSG00000105639",2539,28.6808,8.8406,8.2218,"OK"
"TCGA-LUAD","975121d2-ba5d-4b2c-bd50-278311c7144a","TCGA-97-A4M6-01A-11R-A24X-07","TCGA-97-A4M6","Primary Tumor","EPHB2","ENSG00000133216",888,5.4603,1.6831,1.5653,"OK"
"TCGA-LUAD","04778fc1-a821-4029-a383-d88e711f3bee","TCGA-L9-A5IP-01A-21R-A39D-07","TCGA-L9-A5IP","Primary Tumor","JAK3","ENSG00000105639",750,6.7821,2.2278,2.4084,"OK"
"TCGA-LUAD","04778fc1-a821-4029-a383-d88e711f3bee","TCGA-L9-A5IP-01A-21R-A39D-07","TCGA-L9-A5IP","Primary Tumor","EPHB2","ENSG00000133216",1262,6.2121,2.0406,2.206,"OK"
"TCGA-LUAD","de82c428-0b33-48e0-a337-42ac0a434a24","TCGA-93-A4JP-01A-11R-A24X-07","TCGA-93-A4JP","Primary Tumor","JAK3","ENSG00000105639",665,6.4715,1.9272,1.8411,"OK"
"TCGA-LUAD","de82c428-0b33-48e0-a337-42ac0a434a24","TCGA-93-A4JP-01A-11R-A24X-07","TCGA-93-A4JP","Primary Tumor","EPHB2","ENSG00000133216",1594,8.444,2.5146,2.4023,"OK"
"TCGA-LUAD","d00354a6-0cdd-42c0-8d0c-1f87f4fdc843","TCGA-67-3774-01A-01R-0946-07","TCGA-67-3774","Primary Tumor","JAK3","ENSG00000105639",899,11.678,3.6107,3.7991,"OK"
"TCGA-LUAD","d00354a6-0cdd-42c0-8d0c-1f87f4fdc843","TCGA-67-3774-01A-01R-0946-07","TCGA-67-3774","Primary Tumor","EPHB2","ENSG00000133216",570,4.0305,1.2462,1.3112,"OK"
"TCGA-LUAD","5c32fbb8-55ee-4bc9-a0db-d8ac0b04bdc4","TCGA-55-6982-01A-11R-1949-07","TCGA-55-6982","Primary Tumor","JAK3","ENSG00000105639",460,8.0316,2.6175,2.8847,"OK"
"TCGA-LUAD","5c32fbb8-55ee-4bc9-a0db-d8ac0b04bdc4","TCGA-55-6982-01A-11R-1949-07","TCGA-55-6982","Primary Tumor","EPHB2","ENSG00000133216",594,5.6455,1.8399,2.0277,"OK"
"TCGA-LUAD","023a34d9-c000-4053-b695-5b984b4a6fc1","TCGA-55-A4DF-01A-11R-A24H-07","TCGA-55-A4DF","Primary Tumor","JAK3","ENSG00000105639",2269,25.5834,7.9704,7.3444,"OK"
"TCGA-LUAD","023a34d9-c000-4053-b695-5b984b4a6fc1","TCGA-55-A4DF-01A-11R-A24H-07","TCGA-55-A4DF","Primary Tumor","EPHB2","ENSG00000133216",1482,9.0959,2.8338,2.6112,"OK"
"TCGA-LUAD","cc640c34-516e-4cd8-a32c-d6f9b856696d","TCGA-49-AAR0-01A-21R-A39D-07","TCGA-49-AAR0","Primary Tumor","JAK3","ENSG00000105639",1844,16.9175,6.1676,6.7506,"OK"
"TCGA-LUAD","cc640c34-516e-4cd8-a32c-d6f9b856696d","TCGA-49-AAR0-01A-21R-A39D-07","TCGA-49-AAR0","Primary Tumor","EPHB2","ENSG00000133216",823,4.1101,1.4984,1.64,"OK"
"TCGA-LUAD","65b91a69-f98e-49b5-8f87-667dd0aeafdf","TCGA-05-4420-01A-01R-1206-07","TCGA-05-4420","Primary Tumor","JAK3","ENSG00000105639",1970,9.8261,3.5109,3.7584,"OK"
"TCGA-LUAD","65b91a69-f98e-49b5-8f87-667dd0aeafdf","TCGA-05-4420-01A-01R-1206-07","TCGA-05-4420","Primary Tumor","EPHB2","ENSG00000133216",2642,7.1733,2.563,2.7438,"OK"
"TCGA-LUAD","f8cee5c6-bfd7-439d-8ba7-20ee2dfa5d68","TCGA-44-3396-11A-01R-1758-07","TCGA-44-3396","Solid Tissue Normal","JAK3","ENSG00000105639",1377,9.5996,2.6852,2.9514,"OK"
"TCGA-LUAD","f8cee5c6-bfd7-439d-8ba7-20ee2dfa5d68","TCGA-44-3396-11A-01R-1758-07","TCGA-44-3396","Solid Tissue Normal","EPHB2","ENSG00000133216",768,2.9144,0.8152,0.896,"OK"
"TCGA-LUAD","38bc7dc7-3a4f-4fd9-ad6d-306dc8a3b7f6","TCGA-73-4662-01A-01R-1206-07","TCGA-73-4662","Primary Tumor","JAK3","ENSG00000105639",2528,13.7756,4.2249,4.3436,"OK"
"TCGA-LUAD","38bc7dc7-3a4f-4fd9-ad6d-306dc8a3b7f6","TCGA-73-4662-01A-01R-1206-07","TCGA-73-4662","Primary Tumor","EPHB2","ENSG00000133216",626,1.8569,0.5695,0.5855,"OK"
"TCGA-LUAD","e17426a8-cf69-4ed4-b54e-cc33cbadf095","TCGA-05-5428-01A-01R-1628-07","TCGA-05-5428","Primary Tumor","JAK3","ENSG00000105639",317,4.6275,1.5565,1.9006,"OK"
"TCGA-LUAD","e17426a8-cf69-4ed4-b54e-cc33cbadf095","TCGA-05-5428-01A-01R-1628-07","TCGA-05-5428","Primary Tumor","EPHB2","ENSG00000133216",727,5.777,1.9431,2.3727,"OK"
"TCGA-LUAD","1bcb7da3-a08e-4f9d-a960-fe7bdfe4222c","TCGA-49-AAR9-01A-21R-A41B-07","TCGA-49-AAR9","Primary Tumor","JAK3","ENSG00000105639",825,9.869,2.7096,2.8101,"OK"
"TCGA-LUAD","1bcb7da3-a08e-4f9d-a960-fe7bdfe4222c","TCGA-49-AAR9-01A-21R-A41B-07","TCGA-49-AAR9","Primary Tumor","EPHB2","ENSG00000133216",10722,69.8179,19.1688,19.8803,"OK"
"TCGA-LUAD","60477322-5657-495a-8ce3-4f806acd3dcb","TCGA-05-4422-01A-01R-1206-07","TCGA-05-4422","Primary Tumor","JAK3","ENSG00000105639",2529,13.3493,4.9559,5.2922,"OK"
"TCGA-LUAD","60477322-5657-495a-8ce3-4f806acd3dcb","TCGA-05-4422-01A-01R-1206-07","TCGA-05-4422","Primary Tumor","EPHB2","ENSG00000133216",891,2.5601,0.9504,1.0149,"OK"
"TCGA-LUAD","64c35a37-5b92-4e2e-831d-9bbe50401dd5","TCGA-86-8074-01A-11R-2241-07","TCGA-86-8074","Primary Tumor","JAK3","ENSG00000105639",2266,15.6341,4.2884,4.0591,"OK"
"TCGA-LUAD","64c35a37-5b92-4e2e-831d-9bbe50401dd5","TCGA-86-8074-01A-11R-2241-07","TCGA-86-8074","Primary Tumor","EPHB2","ENSG00000133216",9239,34.6986,9.5176,9.0089,"OK"
"TCGA-LUAD","9ffe8343-d98f-4c5f-b29a-cbcbdac0c008","TCGA-44-7669-01A-21R-2066-07","TCGA-44-7669","Primary Tumor","JAK3","ENSG00000105639",1202,10.436,2.8447,2.6265,"OK"
"TCGA-LUAD","9ffe8343-d98f-4c5f-b29a-cbcbdac0c008","TCGA-44-7669-01A-21R-2066-07","TCGA-44-7669","Primary Tumor","EPHB2","ENSG00000133216",9817,46.3962,12.6469,11.6768,"OK"
"TCGA-LUAD","19bb0296-340e-4594-9a87-4134b15c7187","TCGA-J2-8192-01A-11R-2241-07","TCGA-J2-8192","Primary Tumor","JAK3","ENSG00000105639",1907,13.4631,3.6851,3.7857,"OK"
"TCGA-LUAD","19bb0296-340e-4594-9a87-4134b15c7187","TCGA-J2-8192-01A-11R-2241-07","TCGA-J2-8192","Primary Tumor","EPHB2","ENSG00000133216",5475,21.0402,5.7591,5.9164,"OK"
"TCGA-LUAD","3d6cb261-d0c4-4e98-8918-d7d678cb97ae","TCGA-50-8460-01A-11R-2326-07","TCGA-50-8460","Primary Tumor","JAK3","ENSG00000105639",1301,12.9395,4.8654,5.9697,"OK"
"TCGA-LUAD","3d6cb261-d0c4-4e98-8918-d7d678cb97ae","TCGA-50-8460-01A-11R-2326-07","TCGA-50-8460","Primary Tumor","EPHB2","ENSG00000133216",913,4.9429,1.8586,2.2805,"OK"
"TCGA-LUAD","9835daf0-92cc-4237-838d-b122a15aa1f1","TCGA-53-7813-01A-11R-2170-07","TCGA-53-7813","Primary Tumor","JAK3","ENSG00000105639",619,8.2868,4.0783,4.4916,"OK"
"TCGA-LUAD","9835daf0-92cc-4237-838d-b122a15aa1f1","TCGA-53-7813-01A-11R-2170-07","TCGA-53-7813","Primary Tumor","EPHB2","ENSG00000133216",205,1.4939,0.7352,0.8097,"OK"
"TCGA-LUAD","50966d1a-3934-4fb5-9fc4-71f399cf5105","TCGA-78-7145-01A-11R-2039-07","TCGA-78-7145","Primary Tumor","JAK3","ENSG00000105639",851,12.3047,3.2147,3.1865,"OK"
"TCGA-LUAD","50966d1a-3934-4fb5-9fc4-71f399cf5105","TCGA-78-7145-01A-11R-2039-07","TCGA-78-7145","Primary Tumor","EPHB2","ENSG00000133216",1670,13.1441,3.4339,3.4038,"OK"
"TCGA-LUAD","133bfadb-ed2e-4b10-a5bf-46d31ade6dd4","TCGA-55-8092-01A-11R-2241-07","TCGA-55-8092","Primary Tumor","JAK3","ENSG00000105639",3334,17.6752,8.6192,8.1304,"OK"
"TCGA-LUAD","133bfadb-ed2e-4b10-a5bf-46d31ade6dd4","TCGA-55-8092-01A-11R-2241-07","TCGA-55-8092","Primary Tumor","EPHB2","ENSG00000133216",638,1.8412,0.8978,0.8469,"OK"
"TCGA-LUAD","ab3c7d7c-7ad0-4f26-9991-ddd288598936","TCGA-78-8648-01A-11R-2403-07","TCGA-78-8648","Primary Tumor","JAK3","ENSG00000105639",1950,22.5462,9.8093,10.6675,"OK"
"TCGA-LUAD","ab3c7d7c-7ad0-4f26-9991-ddd288598936","TCGA-78-8648-01A-11R-2403-07","TCGA-78-8648","Primary Tumor","EPHB2","ENSG00000133216",1611,10.1393,4.4113,4.7973,"OK"
"TCGA-LUAD","2d99f93c-797e-49a5-8892-a4e31e17b9c3","TCGA-44-6778-11A-01R-1858-07","TCGA-44-6778","Solid Tissue Normal","JAK3","ENSG00000105639",750,10.4988,2.9994,3.1664,"OK"
"TCGA-LUAD","2d99f93c-797e-49a5-8892-a4e31e17b9c3","TCGA-44-6778-11A-01R-1858-07","TCGA-44-6778","Solid Tissue Normal","EPHB2","ENSG00000133216",122,0.9296,0.2656,0.2804,"OK"
"TCGA-LUAD","313f5ae9-bbea-41d6-82d5-9242b2610d91","TCGA-49-4486-01A-01R-1206-07","TCGA-49-4486","Primary Tumor","JAK3","ENSG00000105639",1023,5.1597,1.8817,2.598,"OK"
"TCGA-LUAD","313f5ae9-bbea-41d6-82d5-9242b2610d91","TCGA-49-4486-01A-01R-1206-07","TCGA-49-4486","Primary Tumor","EPHB2","ENSG00000133216",1166,3.2013,1.1675,1.6119,"OK"
"TCGA-LUAD","7f70c9bb-a18a-45e8-8177-34145a6c0dc9","TCGA-97-7547-01A-11R-2039-07","TCGA-97-7547","Primary Tumor","JAK3","ENSG00000105639",714,6.8821,1.9481,2.0885,"OK"
"TCGA-LUAD","7f70c9bb-a18a-45e8-8177-34145a6c0dc9","TCGA-97-7547-01A-11R-2039-07","TCGA-97-7547","Primary Tumor","EPHB2","ENSG00000133216",1306,6.8523,1.9396,2.0795,"OK"
"TCGA-LUAD","1e2233cf-4391-433c-9ef0-c215056ad02e","TCGA-44-4112-01A-01R-1107-07","TCGA-44-4112","Primary Tumor","JAK3","ENSG00000105639",1228,10.6444,3.4426,3.5137,"OK"
"TCGA-LUAD","1e2233cf-4391-433c-9ef0-c215056ad02e","TCGA-44-4112-01A-01R-1107-07","TCGA-44-4112","Primary Tumor","EPHB2","ENSG00000133216",416,1.9629,0.6348,0.6479,"OK"
"TCGA-LUAD","bd98b566-f179-4be8-8b4d-672149eedcba","TCGA-44-6145-11A-01R-1858-07","TCGA-44-6145","Solid Tissue Normal","JAK3","ENSG00000105639",473,6.5235,2.0289,2.3,"OK"
"TCGA-LUAD","bd98b566-f179-4be8-8b4d-672149eedcba","TCGA-44-6145-11A-01R-1858-07","TCGA-44-6145","Solid Tissue Normal","EPHB2","ENSG00000133216",160,1.2012,0.3736,0.4235,"OK"
"TCGA-LUAD","36432508-6673-489b-aefe-d172b83abac2","TCGA-69-A59K-01A-11R-A262-07","TCGA-69-A59K","Primary Tumor","JAK3","ENSG00000105639",1931,16.9968,6.0942,6.2953,"OK"
"TCGA-LUAD","36432508-6673-489b-aefe-d172b83abac2","TCGA-69-A59K-01A-11R-A262-07","TCGA-69-A59K","Primary Tumor","EPHB2","ENSG00000133216",857,4.1062,1.4723,1.5208,"OK"
"TCGA-LUAD","0766019a-c9b7-4224-973e-f1cfa16082ac","TCGA-75-7025-01A-12R-1949-07","TCGA-75-7025","Primary Tumor","JAK3","ENSG00000105639",1950,13.5023,4.896,5.2118,"OK"
"TCGA-LUAD","0766019a-c9b7-4224-973e-f1cfa16082ac","TCGA-75-7025-01A-12R-1949-07","TCGA-75-7025","Primary Tumor","EPHB2","ENSG00000133216",1383,5.2128,1.8902,2.0121,"OK"
"TCGA-LUAD","76ac1fee-bf40-463f-a4d8-cb9affe0e7c5","TCGA-55-8204-01A-11R-2241-07","TCGA-55-8204","Primary Tumor","JAK3","ENSG00000105639",1120,7.9235,3.1855,3.281,"OK"
"TCGA-LUAD","76ac1fee-bf40-463f-a4d8-cb9affe0e7c5","TCGA-55-8204-01A-11R-2241-07","TCGA-55-8204","Primary Tumor","EPHB2","ENSG00000133216",3684,14.187,5.7037,5.8747,"OK"
"TCGA-LUAD","2f2cc9dc-1d0a-4302-b674-02d56c259ff3","TCGA-49-4490-01A-21R-1858-07","TCGA-49-4490","Primary Tumor","JAK3","ENSG00000105639",731,12.5518,4.2378,4.5545,"OK"
"TCGA-LUAD","2f2cc9dc-1d0a-4302-b674-02d56c259ff3","TCGA-49-4490-01A-21R-1858-07","TCGA-49-4490","Primary Tumor","EPHB2","ENSG00000133216",884,8.2625,2.7896,2.9981,"OK"
"TCGA-LUAD","bae501f3-c0ba-4646-8027-0623869176f4","TCGA-86-8359-01A-11R-2326-07","TCGA-86-8359","Primary Tumor","JAK3","ENSG00000105639",1885,24.4749,8.3244,8.3514,"OK"
"TCGA-LUAD","bae501f3-c0ba-4646-8027-0623869176f4","TCGA-86-8359-01A-11R-2326-07","TCGA-86-8359","Primary Tumor","EPHB2","ENSG00000133216",2074,14.6585,4.9856,5.0018,"OK"
"TCGA-LUAD","13f74ba9-96c5-4074-9589-3ce0e183c0e9","TCGA-75-5122-01A-01R-1755-07","TCGA-75-5122","Primary Tumor","JAK3","ENSG00000105639",2286,28.7246,9.2286,9.8645,"OK"
"TCGA-LUAD","13f74ba9-96c5-4074-9589-3ce0e183c0e9","TCGA-75-5122-01A-01R-1755-07","TCGA-75-5122","Primary Tumor","EPHB2","ENSG00000133216",1921,13.1395,4.2214,4.5123,"OK"
"TCGA-LUAD","508c6166-6095-4133-a42a-79d75b0c0e31","TCGA-86-8669-01A-11R-2403-07","TCGA-86-8669","Primary Tumor","JAK3","ENSG00000105639",647,9.307,2.9855,3.0027,"OK"
"TCGA-LUAD","508c6166-6095-4133-a42a-79d75b0c0e31","TCGA-86-8669-01A-11R-2403-07","TCGA-86-8669","Primary Tumor","EPHB2","ENSG00000133216",346,2.7093,0.8691,0.8741,"OK"
"TCGA-LUAD","0e9c2659-4131-4274-b0b4-3e191239f5f3","TCGA-50-6595-01A-12R-1858-07","TCGA-50-6595","Primary Tumor","JAK3","ENSG00000105639",929,15.4998,4.2501,4.4267,"OK"
"TCGA-LUAD","0e9c2659-4131-4274-b0b4-3e191239f5f3","TCGA-50-6595-01A-12R-1858-07","TCGA-50-6595","Primary Tumor","EPHB2","ENSG00000133216",4691,42.6037,11.6822,12.1676,"OK"
"TCGA-LUAD","e173308d-ac80-4c15-9b0e-e5cb09321a56","TCGA-50-7109-01A-11R-2039-07","TCGA-50-7109","Primary Tumor","JAK3","ENSG00000105639",957,9.7962,3.6299,3.6185,"OK"
"TCGA-LUAD","e173308d-ac80-4c15-9b0e-e5cb09321a56","TCGA-50-7109-01A-11R-2039-07","TCGA-50-7109","Primary Tumor","EPHB2","ENSG00000133216",1230,6.8537,2.5396,2.5316,"OK"
"TCGA-LUAD","27884724-a2c0-4b3e-921a-54e5f8bf1faa","TCGA-78-7539-01A-11R-2066-07","TCGA-78-7539","Primary Tumor","JAK3","ENSG00000105639",1983,14.7012,4.3527,4.3423,"OK"
"TCGA-LUAD","27884724-a2c0-4b3e-921a-54e5f8bf1faa","TCGA-78-7539-01A-11R-2066-07","TCGA-78-7539","Primary Tumor","EPHB2","ENSG00000133216",337,1.36,0.4027,0.4017,"OK"
"TCGA-LUAD","a35c257e-f8b8-4d58-8ecb-92b1b0bc59f3","TCGA-78-7161-01A-11R-2039-07","TCGA-78-7161","Primary Tumor","JAK3","ENSG00000105639",1397,10.1625,3.2209,3.6995,"OK"
"TCGA-LUAD","a35c257e-f8b8-4d58-8ecb-92b1b0bc59f3","TCGA-78-7161-01A-11R-2039-07","TCGA-78-7161","Primary Tumor","EPHB2","ENSG00000133216",1146,4.538,1.4383,1.652,"OK"
"TCGA-LUAD","89bf9c33-c1b4-4786-821f-802cf36eed43","TCGA-44-7667-01A-31R-2066-07","TCGA-44-7667","Primary Tumor","JAK3","ENSG00000105639",1320,11.0075,3.3523,3.2932,"OK"
"TCGA-LUAD","89bf9c33-c1b4-4786-821f-802cf36eed43","TCGA-44-7667-01A-31R-2066-07","TCGA-44-7667","Primary Tumor","EPHB2","ENSG00000133216",222,1.0077,0.3069,0.3015,"OK"
"TCGA-LUAD","665a7af8-9c2d-4a31-9a22-da89fc7107b2","TCGA-38-4632-01A-01R-1755-07","TCGA-38-4632","Primary Tumor","JAK3","ENSG00000105639",600,9.5504,3.198,3.4641,"OK"
"TCGA-LUAD","665a7af8-9c2d-4a31-9a22-da89fc7107b2","TCGA-38-4632-01A-01R-1755-07","TCGA-38-4632","Primary Tumor","EPHB2","ENSG00000133216",1457,12.6242,4.2273,4.579,"OK"
"TCGA-LUAD","3973bbdc-bc07-4deb-955b-3c40e88a68be","TCGA-NJ-A4YG-01A-22R-A262-07","TCGA-NJ-A4YG","Primary Tumor","JAK3","ENSG00000105639",1252,14.4264,4.7223,5.2671,"OK"
"TCGA-LUAD","3973bbdc-bc07-4deb-955b-3c40e88a68be","TCGA-NJ-A4YG-01A-22R-A262-07","TCGA-NJ-A4YG","Primary Tumor","EPHB2","ENSG00000133216",284,1.7813,0.5831,0.6504,"OK"
"TCGA-LUAD","c36f84e5-8c59-46fe-af32-7f70684383b2","TCGA-55-6971-11A-01R-1949-07","TCGA-55-6971","Solid Tissue Normal","JAK3","ENSG00000105639",351,5.0342,1.5146,1.66,"OK"
"TCGA-LUAD","c36f84e5-8c59-46fe-af32-7f70684383b2","TCGA-55-6971-11A-01R-1949-07","TCGA-55-6971","Solid Tissue Normal","EPHB2","ENSG00000133216",164,1.2804,0.3852,0.4222,"OK"
"TCGA-LUAD","e1638627-67cc-44f9-9a79-6748968a06af","TCGA-75-5126-01A-01R-1755-07","TCGA-75-5126","Primary Tumor","JAK3","ENSG00000105639",744,12.6068,3.8221,4.0729,"OK"
"TCGA-LUAD","e1638627-67cc-44f9-9a79-6748968a06af","TCGA-75-5126-01A-01R-1755-07","TCGA-75-5126","Primary Tumor","EPHB2","ENSG00000133216",1821,16.7964,5.0923,5.4265,"OK"
"TCGA-LUAD","3361d7bc-344b-44b2-97bd-ac0dc79b221f","TCGA-50-5049-01A-01R-1628-07","TCGA-50-5049","Primary Tumor","JAK3","ENSG00000105639",1563,13.7223,6.3883,6.5727,"OK"
"TCGA-LUAD","3361d7bc-344b-44b2-97bd-ac0dc79b221f","TCGA-50-5049-01A-01R-1628-07","TCGA-50-5049","Primary Tumor","EPHB2","ENSG00000133216",1587,7.5844,3.5308,3.6328,"OK"
"TCGA-LUAD","d05a80fc-d08a-47df-b7cd-0172b9977d46","TCGA-49-AAQV-01A-11R-A39D-07","TCGA-49-AAQV","Primary Tumor","JAK3","ENSG00000105639",3628,23.2056,8.6082,8.9058,"OK"
"TCGA-LUAD","d05a80fc-d08a-47df-b7cd-0172b9977d46","TCGA-49-AAQV-01A-11R-A39D-07","TCGA-49-AAQV","Primary Tumor","EPHB2","ENSG00000133216",1595,5.5534,2.0601,2.1313,"OK"
"TCGA-LUAD","2fa40914-d149-4f67-aa78-64723258314f","TCGA-MP-A4TC-01A-11R-A24X-07","TCGA-MP-A4TC","Primary Tumor","JAK3","ENSG00000105639",1885,20.9935,6.135,6.3299,"OK"
"TCGA-LUAD","2fa40914-d149-4f67-aa78-64723258314f","TCGA-MP-A4TC-01A-11R-A24X-07","TCGA-MP-A4TC","Primary Tumor","EPHB2","ENSG00000133216",2645,16.0351,4.686,4.8349,"OK"
"TCGA-LUAD","8b071bf3-0d85-4aba-aa46-d0800dcc8640","TCGA-86-7711-01A-11R-2066-07","TCGA-86-7711","Primary Tumor","JAK3","ENSG00000105639",2217,13.0242,4.5945,4.831,"OK"
"TCGA-LUAD","8b071bf3-0d85-4aba-aa46-d0800dcc8640","TCGA-86-7711-01A-11R-2066-07","TCGA-86-7711","Primary Tumor","EPHB2","ENSG00000133216",12152,38.8604,13.7085,14.4143,"OK"
"TCGA-LUAD","cde8569f-d0a0-4f05-a86e-0f9d84361faf","TCGA-75-6205-01A-11R-1755-07","TCGA-75-6205","Primary Tumor","JAK3","ENSG00000105639",1479,32.3936,9.4592,9.2523,"OK"
"TCGA-LUAD","cde8569f-d0a0-4f05-a86e-0f9d84361faf","TCGA-75-6205-01A-11R-1755-07","TCGA-75-6205","Primary Tumor","EPHB2","ENSG00000133216",6570,78.3302,22.873,22.3728,"OK"
"TCGA-LUAD","7d27e93b-f225-4b30-91b7-5b968d04d783","TCGA-05-4389-01A-01R-1206-07","TCGA-05-4389","Primary Tumor","JAK3","ENSG00000105639",1752,12.9967,4.2558,4.4293,"OK"
"TCGA-LUAD","7d27e93b-f225-4b30-91b7-5b968d04d783","TCGA-05-4389-01A-01R-1206-07","TCGA-05-4389","Primary Tumor","EPHB2","ENSG00000133216",3557,14.3633,4.7033,4.8951,"OK"
"TCGA-LUAD","a5e1a78c-7e7a-41e8-8c45-872028f6b5a0","TCGA-95-A4VP-01A-21R-A262-07","TCGA-95-A4VP","Primary Tumor","JAK3","ENSG00000105639",2781,22.3561,9.3746,10.7524,"OK"
"TCGA-LUAD","a5e1a78c-7e7a-41e8-8c45-872028f6b5a0","TCGA-95-A4VP-01A-21R-A262-07","TCGA-95-A4VP","Primary Tumor","EPHB2","ENSG00000133216",1002,4.3847,1.8386,2.1088,"OK"
"TCGA-LUAD","66e79734-9053-4f61-9a32-bee376f5dab0","TCGA-86-7701-01A-11R-2170-07","TCGA-86-7701","Primary Tumor","JAK3","ENSG00000105639",1343,24.7938,10.3787,9.8284,"OK"
"TCGA-LUAD","66e79734-9053-4f61-9a32-bee376f5dab0","TCGA-86-7701-01A-11R-2170-07","TCGA-86-7701","Primary Tumor","EPHB2","ENSG00000133216",934,9.3861,3.929,3.7207,"OK"
"TCGA-LUAD","901c6ff1-19bf-48d8-894d-766f1995a916","TCGA-55-8206-01A-11R-2241-07","TCGA-55-8206","Primary Tumor","JAK3","ENSG00000105639",1186,8.4181,2.596,2.4758,"OK"
"TCGA-LUAD","901c6ff1-19bf-48d8-894d-766f1995a916","TCGA-55-8206-01A-11R-2241-07","TCGA-55-8206","Primary Tumor","EPHB2","ENSG00000133216",2640,10.2002,3.1455,2.9999,"OK"
"TCGA-LUAD","05fa4573-6ca5-40dc-a48b-ec847b7c58ad","TCGA-49-AARR-01A-11R-A41B-07","TCGA-49-AARR","Primary Tumor","JAK3","ENSG00000105639",1743,18.2252,6.5833,6.4174,"OK"
"TCGA-LUAD","05fa4573-6ca5-40dc-a48b-ec847b7c58ad","TCGA-49-AARR-01A-11R-A41B-07","TCGA-49-AARR","Primary Tumor","EPHB2","ENSG00000133216",650,3.6997,1.3364,1.3027,"OK"
"TCGA-LUAD","a60f0ff5-6f4c-43a1-8dda-10b882880bfc","TCGA-73-4675-01A-01R-1206-07","TCGA-73-4675","Primary Tumor","JAK3","ENSG00000105639",1864,11.4668,3.5972,4.0892,"OK"
"TCGA-LUAD","a60f0ff5-6f4c-43a1-8dda-10b882880bfc","TCGA-73-4675-01A-01R-1206-07","TCGA-73-4675","Primary Tumor","EPHB2","ENSG00000133216",1951,6.5332,2.0495,2.3298,"OK"
"TCGA-LUAD","bec02792-06e1-4789-871d-b5b4a5989786","TCGA-78-7152-01A-11R-2039-07","TCGA-78-7152","Primary Tumor","JAK3","ENSG00000105639",984,20.8735,6.4312,6.7572,"OK"
"TCGA-LUAD","bec02792-06e1-4789-871d-b5b4a5989786","TCGA-78-7152-01A-11R-2039-07","TCGA-78-7152","Primary Tumor","EPHB2","ENSG00000133216",188,2.1709,0.6689,0.7027,"OK"
"TCGA-LUAD","dcff773b-20f4-4c90-9a3f-78ef2e0f484e","TCGA-4B-A93V-01A-11R-A39D-07","TCGA-4B-A93V","Primary Tumor","JAK3","ENSG00000105639",1177,8.04,3.7269,4.2109,"OK"
"TCGA-LUAD","dcff773b-20f4-4c90-9a3f-78ef2e0f484e","TCGA-4B-A93V-01A-11R-A39D-07","TCGA-4B-A93V","Primary Tumor","EPHB2","ENSG00000133216",263,0.9779,0.4533,0.5122,"OK"
"TCGA-LUAD","85c794c1-3fd0-4a10-a613-9db7eff3c78f","TCGA-49-4514-01A-21R-1858-07","TCGA-49-4514","Primary Tumor","JAK3","ENSG00000105639",1195,10.1382,5.4837,7.0309,"OK"
"TCGA-LUAD","85c794c1-3fd0-4a10-a613-9db7eff3c78f","TCGA-49-4514-01A-21R-1858-07","TCGA-49-4514","Primary Tumor","EPHB2","ENSG00000133216",1512,6.9826,3.7769,4.8425,"OK"
"TCGA-LUAD","864c2830-c699-433c-bcba-20f0c692854a","TCGA-55-A490-01A-11R-A466-07","TCGA-55-A490","Primary Tumor","JAK3","ENSG00000105639",821,7.267,2.8081,3.0088,"OK"
"TCGA-LUAD","864c2830-c699-433c-bcba-20f0c692854a","TCGA-55-A490-01A-11R-A466-07","TCGA-55-A490","Primary Tumor","EPHB2","ENSG00000133216",2304,11.1011,4.2896,4.5962,"OK"
"TCGA-LUAD","5f2d965a-25df-4736-a675-efeb59341a04","TCGA-44-2668-01A-01R-A278-07","TCGA-44-2668","Primary Tumor","JAK3","ENSG00000105639",987,10.7178,5.3225,5.2396,"OK"
"TCGA-LUAD","5f2d965a-25df-4736-a675-efeb59341a04","TCGA-44-2668-01A-01R-A278-07","TCGA-44-2668","Primary Tumor","EPHB2","ENSG00000133216",4170,24.6488,12.2406,12.0501,"OK"
"TCGA-LUAD","72db648d-0ff7-418b-b7bd-590eda282f74","TCGA-05-4250-01A-01R-1107-07","TCGA-05-4250","Primary Tumor","JAK3","ENSG00000105639",1259,10.5029,2.9949,3.0671,"OK"
"TCGA-LUAD","72db648d-0ff7-418b-b7bd-590eda282f74","TCGA-05-4250-01A-01R-1107-07","TCGA-05-4250","Primary Tumor","EPHB2","ENSG00000133216",4700,21.3429,6.0859,6.2326,"OK"
"TCGA-LUAD","7a59e84b-2d4a-4148-966d-7eadeb61ef38","TCGA-MP-A4TK-01A-11R-A24X-07","TCGA-MP-A4TK","Primary Tumor","JAK3","ENSG00000105639",2191,21.0059,7.5429,7.8341,"OK"
"TCGA-LUAD","7a59e84b-2d4a-4148-966d-7eadeb61ef38","TCGA-MP-A4TK-01A-11R-A24X-07","TCGA-MP-A4TK","Primary Tumor","EPHB2","ENSG00000133216",2084,10.876,3.9054,4.0562,"OK"
"TCGA-LUAD","db9bab18-a465-445f-a4fd-dc90faa1da6d","TCGA-64-5774-01A-01R-1628-07","TCGA-64-5774","Primary Tumor","JAK3","ENSG00000105639",774,8.1911,2.8214,2.7112,"OK"
"TCGA-LUAD","db9bab18-a465-445f-a4fd-dc90faa1da6d","TCGA-64-5774-01A-01R-1628-07","TCGA-64-5774","Primary Tumor","EPHB2","ENSG00000133216",1061,6.1121,2.1053,2.0231,"OK"
"TCGA-LUAD","f73807f5-edf8-4a4d-8550-048d9c5413e5","TCGA-44-3398-01A-01R-1107-07","TCGA-44-3398","Primary Tumor","JAK3","ENSG00000105639",1138,8.666,2.8885,3.4695,"OK"
"TCGA-LUAD","f73807f5-edf8-4a4d-8550-048d9c5413e5","TCGA-44-3398-01A-01R-1107-07","TCGA-44-3398","Primary Tumor","EPHB2","ENSG00000133216",1013,4.1991,1.3996,1.6812,"OK"
"TCGA-LUAD","a62db40f-4e4f-496c-84ed-ab9500b89757","TCGA-64-1676-01A-01R-0946-07","TCGA-64-1676","Primary Tumor","JAK3","ENSG00000105639",665,7.1963,2.7731,3.3635,"OK"
"TCGA-LUAD","a62db40f-4e4f-496c-84ed-ab9500b89757","TCGA-64-1676-01A-01R-0946-07","TCGA-64-1676","Primary Tumor","EPHB2","ENSG00000133216",1687,9.9374,3.8294,4.6448,"OK"
"TCGA-LUAD","4bd86df0-6768-4741-8d01-51fe34dd57fd","TCGA-78-7167-01A-11R-2066-07","TCGA-78-7167","Primary Tumor","JAK3","ENSG00000105639",610,4.3371,1.1972,1.2734,"OK"
"TCGA-LUAD","4bd86df0-6768-4741-8d01-51fe34dd57fd","TCGA-78-7167-01A-11R-2066-07","TCGA-78-7167","Primary Tumor","EPHB2","ENSG00000133216",446,1.7261,0.4765,0.5068,"OK"
"TCGA-LUAD","ad62355a-f287-49b2-84a9-64c0f5847c20","TCGA-50-5936-11A-01R-1628-07","TCGA-50-5936","Solid Tissue Normal","JAK3","ENSG00000105639",396,6.1765,1.7191,1.8034,"OK"
"TCGA-LUAD","ad62355a-f287-49b2-84a9-64c0f5847c20","TCGA-50-5936-11A-01R-1628-07","TCGA-50-5936","Solid Tissue Normal","EPHB2","ENSG00000133216",226,1.9188,0.534,0.5602,"OK"
"TCGA-LUAD","614afd6a-05ff-4914-896c-3ac4280e510d","TCGA-49-4506-01A-01R-1206-07","TCGA-49-4506","Primary Tumor","JAK3","ENSG00000105639",1178,5.6791,2.3199,3.5239,"OK"
"TCGA-LUAD","614afd6a-05ff-4914-896c-3ac4280e510d","TCGA-49-4506-01A-01R-1206-07","TCGA-49-4506","Primary Tumor","EPHB2","ENSG00000133216",322,0.845,0.3452,0.5243,"OK"
"TCGA-LUAD","f8d97584-0c4f-4bb1-b4a7-77d87aabc852","TCGA-55-8505-01A-11R-2403-07","TCGA-55-8505","Primary Tumor","JAK3","ENSG00000105639",684,9.0789,2.8766,2.9005,"OK"
"TCGA-LUAD","f8d97584-0c4f-4bb1-b4a7-77d87aabc852","TCGA-55-8505-01A-11R-2403-07","TCGA-55-8505","Primary Tumor","EPHB2","ENSG00000133216",628,4.5374,1.4377,1.4496,"OK"
"TCGA-LUAD","5eefc0d2-90b4-495f-803b-cfe9f158b980","TCGA-NJ-A55A-01A-11R-A262-07","TCGA-NJ-A55A","Primary Tumor","JAK3","ENSG00000105639",1153,25.3469,7.9537,7.1035,"OK"
"TCGA-LUAD","5eefc0d2-90b4-495f-803b-cfe9f158b980","TCGA-NJ-A55A-01A-11R-A262-07","TCGA-NJ-A55A","Primary Tumor","EPHB2","ENSG00000133216",475,5.6841,1.7836,1.593,"OK"
"TCGA-LUAD","e8da0b02-8b75-4a85-b91a-6f8d1582a95c","TCGA-44-2665-01A-01R-A278-07","TCGA-44-2665","Primary Tumor","JAK3","ENSG00000105639",1452,11.5192,5.4103,5.4263,"OK"
"TCGA-LUAD","e8da0b02-8b75-4a85-b91a-6f8d1582a95c","TCGA-44-2665-01A-01R-A278-07","TCGA-44-2665","Primary Tumor","EPHB2","ENSG00000133216",733,3.1654,1.4867,1.4911,"OK"
"TCGA-LUAD","93db566e-8ff9-45b0-afa2-0fbe82b8f580","TCGA-44-2657-01A-01R-1107-07","TCGA-44-2657","Primary Tumor","JAK3","ENSG00000105639",2447,24.4634,11.5032,11.8337,"OK"
"TCGA-LUAD","93db566e-8ff9-45b0-afa2-0fbe82b8f580","TCGA-44-2657-01A-01R-1107-07","TCGA-44-2657","Primary Tumor","EPHB2","ENSG00000133216",557,3.0312,1.4253,1.4663,"OK"
"TCGA-LUAD","d7439e19-2ab4-4209-9628-16e6ae6bc11e","TCGA-78-7155-01A-11R-2039-07","TCGA-78-7155","Primary Tumor","JAK3","ENSG00000105639",239,4.0849,1.0435,0.9028,"OK"
"TCGA-LUAD","d7439e19-2ab4-4209-9628-16e6ae6bc11e","TCGA-78-7155-01A-11R-2039-07","TCGA-78-7155","Primary Tumor","EPHB2","ENSG00000133216",770,7.1639,1.8301,1.5833,"OK"
"TCGA-LUAD","82e982fc-138a-48f8-8127-fb20caa019a2","TCGA-64-1678-01A-01R-0946-07","TCGA-64-1678","Primary Tumor","JAK3","ENSG00000105639",194,2.427,0.9492,1.3457,"OK"
"TCGA-LUAD","82e982fc-138a-48f8-8127-fb20caa019a2","TCGA-64-1678-01A-01R-0946-07","TCGA-64-1678","Primary Tumor","EPHB2","ENSG00000133216",159,1.0828,0.4235,0.6004,"OK"
"TCGA-LUAD","ece9f585-2710-4e10-b292-c5fbf588eda9","TCGA-86-8673-01A-11R-2403-07","TCGA-86-8673","Primary Tumor","JAK3","ENSG00000105639",1809,21.5203,7.816,7.9871,"OK"
"TCGA-LUAD","ece9f585-2710-4e10-b292-c5fbf588eda9","TCGA-86-8673-01A-11R-2403-07","TCGA-86-8673","Primary Tumor","EPHB2","ENSG00000133216",854,5.5302,2.0085,2.0525,"OK"
"TCGA-LUAD","6508912f-5f91-43e6-8e63-9233bf3e81eb","TCGA-97-7937-01A-11R-2170-07","TCGA-97-7937","Primary Tumor","JAK3","ENSG00000105639",884,7.4911,2.5831,2.5395,"OK"
"TCGA-LUAD","6508912f-5f91-43e6-8e63-9233bf3e81eb","TCGA-97-7937-01A-11R-2170-07","TCGA-97-7937","Primary Tumor","EPHB2","ENSG00000133216",3679,16.9705,5.8519,5.7531,"OK"
"TCGA-LUAD","0905662e-ae14-4807-94ef-69db108fa2ee","TCGA-69-7765-01A-11R-2170-07","TCGA-69-7765","Primary Tumor","JAK3","ENSG00000105639",1366,16.2929,5.6204,5.9528,"OK"
"TCGA-LUAD","0905662e-ae14-4807-94ef-69db108fa2ee","TCGA-69-7765-01A-11R-2170-07","TCGA-69-7765","Primary Tumor","EPHB2","ENSG00000133216",266,1.727,0.5958,0.631,"OK"
"TCGA-LUAD","42be8d70-f8a0-49ea-94a9-58e320337843","TCGA-49-4487-01A-21R-1858-07","TCGA-49-4487","Primary Tumor","JAK3","ENSG00000105639",1698,24.559,10.1755,10.3947,"OK"
"TCGA-LUAD","42be8d70-f8a0-49ea-94a9-58e320337843","TCGA-49-4487-01A-21R-1858-07","TCGA-49-4487","Primary Tumor","EPHB2","ENSG00000133216",909,7.1567,2.9652,3.0291,"OK"
"TCGA-LUAD","1098101e-1770-4055-ae41-d6c15e1c7b90","TCGA-78-7220-01A-11R-2039-07","TCGA-78-7220","Primary Tumor","JAK3","ENSG00000105639",561,7.2717,1.9464,1.857,"OK"
"TCGA-LUAD","1098101e-1770-4055-ae41-d6c15e1c7b90","TCGA-78-7220-01A-11R-2039-07","TCGA-78-7220","Primary Tumor","EPHB2","ENSG00000133216",180,1.27,0.3399,0.3243,"OK"
"TCGA-LUAD","fc732523-d387-4a1d-ab81-34e44e869bac","TCGA-44-2665-01B-06R-A277-07","TCGA-44-2665","Primary Tumor","JAK3","ENSG00000105639",399,23.8406,8.119,7.5804,"OK"
"TCGA-LUAD","fc732523-d387-4a1d-ab81-34e44e869bac","TCGA-44-2665-01B-06R-A277-07","TCGA-44-2665","Primary Tumor","EPHB2","ENSG00000133216",51,1.6588,0.5649,0.5274,"OK"
"TCGA-LUAD","927beddd-e0e7-4695-b744-79f27519389e","TCGA-55-8616-01A-11R-2403-07","TCGA-55-8616","Primary Tumor","JAK3","ENSG00000105639",602,6.8612,2.2683,2.274,"OK"
"TCGA-LUAD","927beddd-e0e7-4695-b744-79f27519389e","TCGA-55-8616-01A-11R-2403-07","TCGA-55-8616","Primary Tumor","EPHB2","ENSG00000133216",2921,18.122,5.9912,6.0061,"OK"
"TCGA-LUAD","87b1a89f-591c-4d6b-929d-2eae2951740e","TCGA-55-8097-01A-11R-2241-07","TCGA-55-8097","Primary Tumor","JAK3","ENSG00000105639",1339,9.6108,2.8835,2.8725,"OK"
"TCGA-LUAD","87b1a89f-591c-4d6b-929d-2eae2951740e","TCGA-55-8097-01A-11R-2241-07","TCGA-55-8097","Primary Tumor","EPHB2","ENSG00000133216",2703,10.5608,3.1685,3.1565,"OK"
"TCGA-LUAD","239d18cb-2886-48a0-9a3d-76558819dabd","TCGA-73-4668-01A-01R-1206-07","TCGA-73-4668","Primary Tumor","JAK3","ENSG00000105639",1018,5.0291,1.7322,1.8437,"OK"
"TCGA-LUAD","239d18cb-2886-48a0-9a3d-76558819dabd","TCGA-73-4668-01A-01R-1206-07","TCGA-73-4668","Primary Tumor","EPHB2","ENSG00000133216",7560,20.33,7.0022,7.453,"OK"
"TCGA-LUAD","d4eb86d5-1952-449c-a5d7-20ccc04f0d07","TCGA-97-7941-01A-11R-2187-07","TCGA-97-7941","Primary Tumor","JAK3","ENSG00000105639",2043,15.0176,4.8055,4.828,"OK"
"TCGA-LUAD","d4eb86d5-1952-449c-a5d7-20ccc04f0d07","TCGA-97-7941-01A-11R-2187-07","TCGA-97-7941","Primary Tumor","EPHB2","ENSG00000133216",988,3.9533,1.265,1.2709,"OK"
"TCGA-LUAD","b5b3c685-304f-4279-904a-c86c18f61576","TCGA-55-7910-01A-11R-2170-07","TCGA-55-7910","Primary Tumor","JAK3","ENSG00000105639",592,9.1012,3.6075,3.7223,"OK"
"TCGA-LUAD","b5b3c685-304f-4279-904a-c86c18f61576","TCGA-55-7910-01A-11R-2170-07","TCGA-55-7910","Primary Tumor","EPHB2","ENSG00000133216",214,1.7909,0.7099,0.7324,"OK"
"TCGA-LUAD","09296d1f-9877-438d-96d8-7b4cc52940dd","TCGA-55-6984-01A-11R-1949-07","TCGA-55-6984","Primary Tumor","JAK3","ENSG00000105639",660,8.9802,3.3581,3.845,"OK"
"TCGA-LUAD","09296d1f-9877-438d-96d8-7b4cc52940dd","TCGA-55-6984-01A-11R-1949-07","TCGA-55-6984","Primary Tumor","EPHB2","ENSG00000133216",698,5.1697,1.9332,2.2135,"OK"
"TCGA-LUAD","e39f6bf6-2206-45f2-a1c0-81fc1d858fd2","TCGA-44-2657-11A-01R-1758-07","TCGA-44-2657","Solid Tissue Normal","JAK3","ENSG00000105639",2682,30.545,9.705,10.7859,"OK"
"TCGA-LUAD","e39f6bf6-2206-45f2-a1c0-81fc1d858fd2","TCGA-44-2657-11A-01R-1758-07","TCGA-44-2657","Solid Tissue Normal","EPHB2","ENSG00000133216",550,3.4097,1.0834,1.204,"OK"
"TCGA-LUAD","780617e8-6a28-4774-b1e6-3135e1932327","TCGA-05-4390-01A-02R-1755-07","TCGA-05-4390","Primary Tumor","JAK3","ENSG00000105639",573,8.1992,2.6936,2.7249,"OK"
"TCGA-LUAD","780617e8-6a28-4774-b1e6-3135e1932327","TCGA-05-4390-01A-02R-1755-07","TCGA-05-4390","Primary Tumor","EPHB2","ENSG00000133216",366,2.8508,0.9365,0.9474,"OK"
"TCGA-LUAD","7f9624e7-0e7b-4a2b-8413-1737f0f7c1d0","TCGA-86-8668-01A-11R-2403-07","TCGA-86-8668","Primary Tumor","JAK3","ENSG00000105639",1003,18.1041,5.3507,5.4064,"OK"
"TCGA-LUAD","7f9624e7-0e7b-4a2b-8413-1737f0f7c1d0","TCGA-86-8668-01A-11R-2403-07","TCGA-86-8668","Primary Tumor","EPHB2","ENSG00000133216",709,6.9662,2.0589,2.0803,"OK"
"TCGA-LUAD","f47927c5-e1e9-4152-9817-79aa6e64111a","TCGA-44-2668-01A-01R-0946-07","TCGA-44-2668","Primary Tumor","JAK3","ENSG00000105639",1906,13.3082,3.58,3.7969,"OK"
"TCGA-LUAD","f47927c5-e1e9-4152-9817-79aa6e64111a","TCGA-44-2668-01A-01R-0946-07","TCGA-44-2668","Primary Tumor","EPHB2","ENSG00000133216",10405,39.5468,10.6382,11.283,"OK"
"TCGA-LUAD","fd52d8a9-e044-4f17-861a-9780752b20ee","TCGA-62-A46V-01A-11R-A24H-07","TCGA-62-A46V","Primary Tumor","JAK3","ENSG00000105639",1744,20.6106,6.1645,6.2307,"OK"
"TCGA-LUAD","fd52d8a9-e044-4f17-861a-9780752b20ee","TCGA-62-A46V-01A-11R-A24H-07","TCGA-62-A46V","Primary Tumor","EPHB2","ENSG00000133216",179,1.1515,0.3444,0.3481,"OK"
"TCGA-LUAD","3e6105ba-3a23-4ac6-bf0d-1193fb2e679e","TCGA-44-2668-01B-02R-A277-07","TCGA-44-2668","Primary Tumor","JAK3","ENSG00000105639",1757,29.9225,10.998,9.9285,"OK"
"TCGA-LUAD","3e6105ba-3a23-4ac6-bf0d-1193fb2e679e","TCGA-44-2668-01B-02R-A277-07","TCGA-44-2668","Primary Tumor","EPHB2","ENSG00000133216",1588,14.7214,5.4108,4.8847,"OK"
"TCGA-LUAD","56e9a740-ee72-4c10-a90d-921034141b42","TCGA-44-2665-11A-01R-1758-07","TCGA-44-2665","Solid Tissue Normal","JAK3","ENSG00000105639",608,4.7759,1.3516,1.5632,"OK"
"TCGA-LUAD","56e9a740-ee72-4c10-a90d-921034141b42","TCGA-44-2665-11A-01R-1758-07","TCGA-44-2665","Solid Tissue Normal","EPHB2","ENSG00000133216",589,2.5185,0.7127,0.8244,"OK"
"TCGA-LUAD","d2436cea-20c9-4c32-98d3-61eb445865be","TCGA-55-8614-01A-11R-2403-07","TCGA-55-8614","Primary Tumor","JAK3","ENSG00000105639",1039,15.2454,4.6028,4.6867,"OK"
"TCGA-LUAD","d2436cea-20c9-4c32-98d3-61eb445865be","TCGA-55-8614-01A-11R-2403-07","TCGA-55-8614","Primary Tumor","EPHB2","ENSG00000133216",3194,25.5112,7.7021,7.8425,"OK"
"TCGA-LUAD","08971a88-cb64-4030-93e5-08d77d2ed654","TCGA-38-4627-01A-01R-1206-07","TCGA-38-4627","Primary Tumor","JAK3","ENSG00000105639",1056,8.3425,2.458,2.9031,"OK"
"TCGA-LUAD","08971a88-cb64-4030-93e5-08d77d2ed654","TCGA-38-4627-01A-01R-1206-07","TCGA-38-4627","Primary Tumor","EPHB2","ENSG00000133216",3358,14.4406,4.2546,5.0252,"OK"
"TCGA-LUAD","5a37129a-9672-4fda-8576-e7de1db7b2c2","TCGA-38-4627-11A-01R-1758-07","TCGA-38-4627","Solid Tissue Normal","JAK3","ENSG00000105639",445,4.6979,1.5521,1.8037,"OK"
"TCGA-LUAD","5a37129a-9672-4fda-8576-e7de1db7b2c2","TCGA-38-4627-11A-01R-1758-07","TCGA-38-4627","Solid Tissue Normal","EPHB2","ENSG00000133216",326,1.8734,0.619,0.7193,"OK"
"TCGA-LUAD","e824e07e-86cd-43eb-8f36-c60f36194f3c","TCGA-49-4488-01A-01R-1755-07","TCGA-49-4488","Primary Tumor","JAK3","ENSG00000105639",1205,20.1466,6.4301,6.549,"OK"
"TCGA-LUAD","e824e07e-86cd-43eb-8f36-c60f36194f3c","TCGA-49-4488-01A-01R-1755-07","TCGA-49-4488","Primary Tumor","EPHB2","ENSG00000133216",320,2.9123,0.9295,0.9467,"OK"
"TCGA-LUAD","edfdd711-4764-43a7-9948-4320dc17b2b1","TCGA-67-6215-01A-11R-1755-07","TCGA-67-6215","Primary Tumor","JAK3","ENSG00000105639",1268,8.8515,2.4617,2.7305,"OK"
"TCGA-LUAD","edfdd711-4764-43a7-9948-4320dc17b2b1","TCGA-67-6215-01A-11R-1755-07","TCGA-67-6215","Primary Tumor","EPHB2","ENSG00000133216",589,2.2381,0.6225,0.6904,"OK"
"TCGA-LUAD","577f10d0-c9a2-47c3-aa2f-b1bd5bd86d90","TCGA-69-7973-01A-11R-2187-07","TCGA-69-7973","Primary Tumor","JAK3","ENSG00000105639",1442,10.6036,2.8762,2.7746,"OK"
"TCGA-LUAD","577f10d0-c9a2-47c3-aa2f-b1bd5bd86d90","TCGA-69-7973-01A-11R-2187-07","TCGA-69-7973","Primary Tumor","EPHB2","ENSG00000133216",1155,4.6232,1.254,1.2097,"OK"
"TCGA-LUAD","091d2c9e-a8cb-4212-a434-7c7d4fd75f7b","TCGA-44-5645-01B-04R-A277-07","TCGA-44-5645","Primary Tumor","JAK3","ENSG00000105639",650,13.5433,4.2875,3.8273,"OK"
"TCGA-LUAD","091d2c9e-a8cb-4212-a434-7c7d4fd75f7b","TCGA-44-5645-01B-04R-A277-07","TCGA-44-5645","Primary Tumor","EPHB2","ENSG00000133216",422,4.7863,1.5152,1.3526,"OK"
"TCGA-LUAD","5ecf82a3-8658-4a64-a14c-fc5d1d6f56f8","TCGA-55-7815-01A-11R-2170-07","TCGA-55-7815","Primary Tumor","JAK3","ENSG00000105639",611,13.5292,4.0587,4.3317,"OK"
"TCGA-LUAD","5ecf82a3-8658-4a64-a14c-fc5d1d6f56f8","TCGA-55-7815-01A-11R-2170-07","TCGA-55-7815","Primary Tumor","EPHB2","ENSG00000133216",100,1.2053,0.3616,0.3859,"OK"
"TCGA-LUAD","df86c451-62c7-43bc-9b11-463181a5a98a","TCGA-44-5645-11A-01R-1628-07","TCGA-44-5645","Solid Tissue Normal","JAK3","ENSG00000105639",472,5.4143,1.5624,1.621,"OK"
"TCGA-LUAD","df86c451-62c7-43bc-9b11-463181a5a98a","TCGA-44-5645-11A-01R-1628-07","TCGA-44-5645","Solid Tissue Normal","EPHB2","ENSG00000133216",352,2.1979,0.6343,0.658,"OK"
"TCGA-LUAD","1c9ada61-d900-4498-9ef1-14a91212faf6","TCGA-44-5645-01A-01R-A278-07","TCGA-44-5645","Primary Tumor","JAK3","ENSG00000105639",1325,12.3,4.7238,4.5292,"OK"
"TCGA-LUAD","1c9ada61-d900-4498-9ef1-14a91212faf6","TCGA-44-5645-01A-01R-A278-07","TCGA-44-5645","Primary Tumor","EPHB2","ENSG00000133216",2454,12.4004,4.7624,4.5662,"OK"
"TCGA-LUAD","89785c02-2345-4fa3-b73b-4d9da706c972","TCGA-75-7030-01A-11R-1949-07","TCGA-75-7030","Primary Tumor","JAK3","ENSG00000105639",678,12.6558,4.2751,4.6199,"OK"
"TCGA-LUAD","89785c02-2345-4fa3-b73b-4d9da706c972","TCGA-75-7030-01A-11R-1949-07","TCGA-75-7030","Primary Tumor","EPHB2","ENSG00000133216",1106,11.238,3.7962,4.1023,"OK"
"TCGA-LUAD","85feefbe-6aad-430b-a882-c71e4a5d1e07","TCGA-62-A46S-01A-11R-A24H-07","TCGA-62-A46S","Primary Tumor","JAK3","ENSG00000105639",1085,9.374,3.2767,3.4254,"OK"
"TCGA-LUAD","85feefbe-6aad-430b-a882-c71e4a5d1e07","TCGA-62-A46S-01A-11R-A24H-07","TCGA-62-A46S","Primary Tumor","EPHB2","ENSG00000133216",859,4.0398,1.4121,1.4762,"OK"
"TCGA-LUAD","36c7d3a4-193f-49fd-b367-e7aacc4eebe2","TCGA-44-2666-01A-01R-A278-07","TCGA-44-2666","Primary Tumor","JAK3","ENSG00000105639",543,4.2177,2.2529,2.1089,"OK"
"TCGA-LUAD","36c7d3a4-193f-49fd-b367-e7aacc4eebe2","TCGA-44-2666-01A-01R-A278-07","TCGA-44-2666","Primary Tumor","EPHB2","ENSG00000133216",224,0.9471,0.5059,0.4736,"OK"
"TCGA-LUAD","f0890456-1013-4e8a-9132-f05e2a1be5f2","TCGA-44-2666-01B-02R-A277-07","TCGA-44-2666","Primary Tumor","JAK3","ENSG00000105639",551,10.5402,4.0179,3.4695,"OK"
"TCGA-LUAD","f0890456-1013-4e8a-9132-f05e2a1be5f2","TCGA-44-2666-01B-02R-A277-07","TCGA-44-2666","Primary Tumor","EPHB2","ENSG00000133216",139,1.4474,0.5517,0.4764,"OK"
"TCGA-LUAD","2c81c69f-e08a-4586-b3f9-33d4af417d1f","TCGA-86-A4JF-01A-11R-A24X-07","TCGA-86-A4JF","Primary Tumor","JAK3","ENSG00000105639",1326,12.0844,4.1039,4.244,"OK"
"TCGA-LUAD","2c81c69f-e08a-4586-b3f9-33d4af417d1f","TCGA-86-A4JF-01A-11R-A24X-07","TCGA-86-A4JF","Primary Tumor","EPHB2","ENSG00000133216",463,2.2969,0.78,0.8066,"OK"
"TCGA-LUAD","20daa4af-7d88-42c8-9279-34372e687e5d","TCGA-05-5715-01A-01R-1628-07","TCGA-05-5715","Primary Tumor","JAK3","ENSG00000105639",356,6.1452,1.8745,1.9956,"OK"
"TCGA-LUAD","20daa4af-7d88-42c8-9279-34372e687e5d","TCGA-05-5715-01A-01R-1628-07","TCGA-05-5715","Primary Tumor","EPHB2","ENSG00000133216",383,3.5988,1.0978,1.1687,"OK"
"TCGA-LUAD","0f37f5ba-3582-4c61-8c70-bf9b0ede6e71","TCGA-97-A4LX-01A-11R-A24X-07","TCGA-97-A4LX","Primary Tumor","JAK3","ENSG00000105639",4264,41.2246,14.0612,13.378,"OK"
"TCGA-LUAD","0f37f5ba-3582-4c61-8c70-bf9b0ede6e71","TCGA-97-A4LX-01A-11R-A24X-07","TCGA-97-A4LX","Primary Tumor","EPHB2","ENSG00000133216",1000,5.2627,1.7951,1.7078,"OK"
"TCGA-LUAD","ce886e9b-2167-486f-8d8a-d4fec39d86c9","TCGA-50-6593-01A-11R-1755-07","TCGA-50-6593","Primary Tumor","JAK3","ENSG00000105639",850,12.6125,3.8713,3.9808,"OK"
"TCGA-LUAD","ce886e9b-2167-486f-8d8a-d4fec39d86c9","TCGA-50-6593-01A-11R-1755-07","TCGA-50-6593","Primary Tumor","EPHB2","ENSG00000133216",2012,16.2511,4.9882,5.1292,"OK"
"TCGA-LUAD","7666bfbe-6803-4b5d-b3b4-e9069fc4bea5","TCGA-62-A472-01A-11R-A24H-07","TCGA-62-A472","Primary Tumor","JAK3","ENSG00000105639",641,15.1673,4.5981,4.3794,"OK"
"TCGA-LUAD","7666bfbe-6803-4b5d-b3b4-e9069fc4bea5","TCGA-62-A472-01A-11R-A24H-07","TCGA-62-A472","Primary Tumor","EPHB2","ENSG00000133216",226,2.9109,0.8825,0.8405,"OK"
"TCGA-LUAD","6c20a899-c806-46d0-b744-a26e53a9cb45","TCGA-55-6985-11A-01R-1949-07","TCGA-55-6985","Solid Tissue Normal","JAK3","ENSG00000105639",827,6.5612,2.1834,2.353,"OK"
"TCGA-LUAD","6c20a899-c806-46d0-b744-a26e53a9cb45","TCGA-55-6985-11A-01R-1949-07","TCGA-55-6985","Solid Tissue Normal","EPHB2","ENSG00000133216",580,2.5048,0.8336,0.8983,"OK"
"TCGA-LUAD","40dba5d9-ce2e-483b-b4a7-19fbca8158e5","TCGA-55-6985-01A-11R-1949-07","TCGA-55-6985","Primary Tumor","JAK3","ENSG00000105639",1259,17.3533,6.4043,6.4633,"OK"
"TCGA-LUAD","40dba5d9-ce2e-483b-b4a7-19fbca8158e5","TCGA-55-6985-01A-11R-1949-07","TCGA-55-6985","Primary Tumor","EPHB2","ENSG00000133216",1864,13.9854,5.1614,5.2089,"OK"
"TCGA-LUAD","51f545d2-3da2-46c1-9ed4-204133701dad","TCGA-62-A470-01A-11R-A24H-07","TCGA-62-A470","Primary Tumor","JAK3","ENSG00000105639",147,3.4108,1.2572,1.2529,"OK"
"TCGA-LUAD","51f545d2-3da2-46c1-9ed4-204133701dad","TCGA-62-A470-01A-11R-A24H-07","TCGA-62-A470","Primary Tumor","EPHB2","ENSG00000133216",569,7.1867,2.6489,2.6399,"OK"
"TCGA-LUAD","72d9c332-92e3-4f9c-899d-1de9969b1bd6","TCGA-78-7542-01A-21R-2066-07","TCGA-78-7542","Primary Tumor","JAK3","ENSG00000105639",879,6.3426,1.7626,1.8452,"OK"
"TCGA-LUAD","72d9c332-92e3-4f9c-899d-1de9969b1bd6","TCGA-78-7542-01A-21R-2066-07","TCGA-78-7542","Primary Tumor","EPHB2","ENSG00000133216",11961,46.9809,13.0559,13.6675,"OK"
"TCGA-LUAD","4dbd91d6-8d7b-4e6d-9dc1-3347c3f3996d","TCGA-78-7147-01A-11R-2039-07","TCGA-78-7147","Primary Tumor","JAK3","ENSG00000105639",933,8.5496,2.6355,2.6122,"OK"
"TCGA-LUAD","4dbd91d6-8d7b-4e6d-9dc1-3347c3f3996d","TCGA-78-7147-01A-11R-2039-07","TCGA-78-7147","Primary Tumor","EPHB2","ENSG00000133216",2079,10.3703,3.1968,3.1685,"OK"
"TCGA-LUAD","443ccb95-79d0-47ea-9915-18d5bc10eac4","TCGA-78-7148-01A-11R-2039-07","TCGA-78-7148","Primary Tumor","JAK3","ENSG00000105639",571,6.2355,1.9394,2.1464,"OK"
"TCGA-LUAD","443ccb95-79d0-47ea-9915-18d5bc10eac4","TCGA-78-7148-01A-11R-2039-07","TCGA-78-7148","Primary Tumor","EPHB2","ENSG00000133216",700,4.1611,1.2942,1.4323,"OK"
"TCGA-LUAD","9726aa3d-8a66-4568-92e5-c092c05a9a5d","TCGA-35-3615-01A-01R-0946-07","TCGA-35-3615","Primary Tumor","JAK3","ENSG00000105639",829,4.9083,1.6435,1.9736,"OK"
"TCGA-LUAD","9726aa3d-8a66-4568-92e5-c092c05a9a5d","TCGA-35-3615-01A-01R-0946-07","TCGA-35-3615","Primary Tumor","EPHB2","ENSG00000133216",655,2.111,0.7068,0.8488,"OK"
"TCGA-LUAD","86757083-5e47-423f-91e3-5f2ad6779b27","TCGA-97-7938-01A-11R-2170-07","TCGA-97-7938","Primary Tumor","JAK3","ENSG00000105639",540,8.5791,2.2933,2.2798,"OK"
"TCGA-LUAD","86757083-5e47-423f-91e3-5f2ad6779b27","TCGA-97-7938-01A-11R-2170-07","TCGA-97-7938","Primary Tumor","EPHB2","ENSG00000133216",1202,10.395,2.7787,2.7624,"OK"
"TCGA-LUAD","754343b4-f9f5-478a-a076-2791b8857c3e","TCGA-55-7995-01A-11R-2187-07","TCGA-55-7995","Primary Tumor","JAK3","ENSG00000105639",5411,39.3711,11.6299,11.2069,"OK"
"TCGA-LUAD","754343b4-f9f5-478a-a076-2791b8857c3e","TCGA-55-7995-01A-11R-2187-07","TCGA-55-7995","Primary Tumor","EPHB2","ENSG00000133216",5547,21.9701,6.4898,6.2537,"OK"
"TCGA-LUAD","bb47dbbf-75f5-4bbf-bd1a-ca81383f211b","TCGA-97-8547-01A-11R-2403-07","TCGA-97-8547","Primary Tumor","JAK3","ENSG00000105639",1163,19.251,5.948,6.4958,"OK"
"TCGA-LUAD","bb47dbbf-75f5-4bbf-bd1a-ca81383f211b","TCGA-97-8547-01A-11R-2403-07","TCGA-97-8547","Primary Tumor","EPHB2","ENSG00000133216",528,4.7575,1.4699,1.6053,"OK"
"TCGA-LUAD","4c37a5fe-812f-42ac-aa56-259b31df6894","TCGA-55-A494-01A-11R-A24X-07","TCGA-55-A494","Primary Tumor","JAK3","ENSG00000105639",892,10.1626,2.8946,2.7588,"OK"
"TCGA-LUAD","4c37a5fe-812f-42ac-aa56-259b31df6894","TCGA-55-A494-01A-11R-A24X-07","TCGA-55-A494","Primary Tumor","EPHB2","ENSG00000133216",257,1.5939,0.454,0.4327,"OK"
"TCGA-LUAD","6525f4e0-ba79-4576-89b3-df0ab6e45309","TCGA-97-8175-01A-11R-2287-07","TCGA-97-8175","Primary Tumor","JAK3","ENSG00000105639",1260,9.6757,2.9811,3.1409,"OK"
"TCGA-LUAD","6525f4e0-ba79-4576-89b3-df0ab6e45309","TCGA-97-8175-01A-11R-2287-07","TCGA-97-8175","Primary Tumor","EPHB2","ENSG00000133216",6118,25.5738,7.8792,8.3018,"OK"
"TCGA-LUAD","dba9c344-546c-49db-91df-abd25ae4b0cc","TCGA-55-6712-01A-11R-1858-07","TCGA-55-6712","Primary Tumor","JAK3","ENSG00000105639",1077,18.1008,5.6487,6.0078,"OK"
"TCGA-LUAD","dba9c344-546c-49db-91df-abd25ae4b0cc","TCGA-55-6712-01A-11R-1858-07","TCGA-55-6712","Primary Tumor","EPHB2","ENSG00000133216",4368,39.961,12.4706,13.2635,"OK"
"TCGA-LUAD","9f1c581d-42a9-4067-8b91-5d309457b5e8","TCGA-55-8508-01A-11R-2403-07","TCGA-55-8508","Primary Tumor","JAK3","ENSG00000105639",707,7.8961,4.4462,4.4773,"OK"
"TCGA-LUAD","9f1c581d-42a9-4067-8b91-5d309457b5e8","TCGA-55-8508-01A-11R-2403-07","TCGA-55-8508","Primary Tumor","EPHB2","ENSG00000133216",537,3.2647,1.8383,1.8512,"OK"
"TCGA-LUAD","0737eb23-c066-4522-8f5c-dbb4b3b516b0","TCGA-44-7659-01A-11R-2066-07","TCGA-44-7659","Primary Tumor","JAK3","ENSG00000105639",403,6.7137,2.1299,2.1497,"OK"
"TCGA-LUAD","0737eb23-c066-4522-8f5c-dbb4b3b516b0","TCGA-44-7659-01A-11R-2066-07","TCGA-44-7659","Primary Tumor","EPHB2","ENSG00000133216",183,1.6595,0.5265,0.5314,"OK"
"TCGA-LUAD","775f63d2-d752-4d68-abc1-129fce5c3301","TCGA-MP-A4TI-01A-21R-A24X-07","TCGA-MP-A4TI","Primary Tumor","JAK3","ENSG00000105639",5053,62.3092,18.3921,18.6576,"OK"
"TCGA-LUAD","775f63d2-d752-4d68-abc1-129fce5c3301","TCGA-MP-A4TI-01A-21R-A24X-07","TCGA-MP-A4TI","Primary Tumor","EPHB2","ENSG00000133216",5870,39.4016,11.6303,11.7983,"OK"
"TCGA-LUAD","55831884-c907-457d-bb2c-7c7b3f7c4cd1","TCGA-44-2668-11A-01R-1758-07","TCGA-44-2668","Solid Tissue Normal","JAK3","ENSG00000105639",819,6.8753,1.9895,2.3302,"OK"
"TCGA-LUAD","55831884-c907-457d-bb2c-7c7b3f7c4cd1","TCGA-44-2668-11A-01R-1758-07","TCGA-44-2668","Solid Tissue Normal","EPHB2","ENSG00000133216",864,3.9481,1.1425,1.3381,"OK"
"TCGA-LUAD","ba8aebd8-07de-46c0-a28f-b2408c36f07f","TCGA-44-2665-01A-01R-0946-07","TCGA-44-2665","Primary Tumor","JAK3","ENSG00000105639",3346,32.5252,9.3217,9.8433,"OK"
"TCGA-LUAD","ba8aebd8-07de-46c0-a28f-b2408c36f07f","TCGA-44-2665-01A-01R-0946-07","TCGA-44-2665","Primary Tumor","EPHB2","ENSG00000133216",1004,5.3125,1.5226,1.6078,"OK"
"TCGA-LUAD","de18a680-86a5-4319-a332-42227d490aa5","TCGA-44-A4SS-01A-11R-A24X-07","TCGA-44-A4SS","Primary Tumor","JAK3","ENSG00000105639",2150,27.8572,8.3887,8.3926,"OK"
"TCGA-LUAD","de18a680-86a5-4319-a332-42227d490aa5","TCGA-44-A4SS-01A-11R-A24X-07","TCGA-44-A4SS","Primary Tumor","EPHB2","ENSG00000133216",4071,28.7126,8.6463,8.6503,"OK"
"TCGA-LUAD","334cc9fa-3e9b-4462-b84d-dc595e89d537","TCGA-55-7570-01A-11R-2039-07","TCGA-55-7570","Primary Tumor","JAK3","ENSG00000105639",446,4.477,1.4693,1.3679,"OK"
"TCGA-LUAD","334cc9fa-3e9b-4462-b84d-dc595e89d537","TCGA-55-7570-01A-11R-2039-07","TCGA-55-7570","Primary Tumor","EPHB2","ENSG00000133216",4646,25.3868,8.3316,7.7564,"OK"
"TCGA-LUAD","d8334fd5-d042-48b4-95f5-4d5e3c5166e9","TCGA-MP-A4TE-01A-22R-A466-07","TCGA-MP-A4TE","Primary Tumor","JAK3","ENSG00000105639",393,3.0657,1.1531,1.3027,"OK"
"TCGA-LUAD","d8334fd5-d042-48b4-95f5-4d5e3c5166e9","TCGA-MP-A4TE-01A-22R-A466-07","TCGA-MP-A4TE","Primary Tumor","EPHB2","ENSG00000133216",2021,8.5816,3.2279,3.6466,"OK"
"TCGA-LUAD","5caf3127-967f-4d07-b49d-7126728e2048","TCGA-44-A4SU-01A-11R-A24X-07","TCGA-44-A4SU","Primary Tumor","JAK3","ENSG00000105639",2230,17.9798,7.4387,7.3524,"OK"
"TCGA-LUAD","5caf3127-967f-4d07-b49d-7126728e2048","TCGA-44-A4SU-01A-11R-A24X-07","TCGA-44-A4SU","Primary Tumor","EPHB2","ENSG00000133216",2206,9.6818,4.0056,3.9591,"OK"
"TCGA-LUAD","94d8b11e-0198-4f40-987a-44691b3b03fa","TCGA-55-7907-01A-11R-2170-07","TCGA-55-7907","Primary Tumor","JAK3","ENSG00000105639",1455,22.5024,8.0253,7.7856,"OK"
"TCGA-LUAD","94d8b11e-0198-4f40-987a-44691b3b03fa","TCGA-55-7907-01A-11R-2170-07","TCGA-55-7907","Primary Tumor","EPHB2","ENSG00000133216",1198,10.0855,3.5969,3.4895,"OK"
"TCGA-LUAD","b53ceb0c-a338-46e2-a0e6-224dec5ea807","TCGA-97-A4M1-01A-11R-A24X-07","TCGA-97-A4M1","Primary Tumor","JAK3","ENSG00000105639",1169,11.7553,3.9132,4.0856,"OK"
"TCGA-LUAD","b53ceb0c-a338-46e2-a0e6-224dec5ea807","TCGA-97-A4M1-01A-11R-A24X-07","TCGA-97-A4M1","Primary Tumor","EPHB2","ENSG00000133216",540,2.9559,0.984,1.0273,"OK"
"TCGA-LUAD","3362c701-3af3-4947-983a-6039b67d1526","TCGA-86-8672-01A-21R-2403-07","TCGA-86-8672","Primary Tumor","JAK3","ENSG00000105639",924,13.8052,4.8184,4.761,"OK"
"TCGA-LUAD","3362c701-3af3-4947-983a-6039b67d1526","TCGA-86-8672-01A-21R-2403-07","TCGA-86-8672","Primary Tumor","EPHB2","ENSG00000133216",1100,8.9462,3.1225,3.0852,"OK"
"TCGA-LUAD","aaa72a07-5214-4145-9fb5-99c22b7c248a","TCGA-78-7160-01A-11R-2039-07","TCGA-78-7160","Primary Tumor","JAK3","ENSG00000105639",1275,18.7788,5.3723,5.1843,"OK"
"TCGA-LUAD","aaa72a07-5214-4145-9fb5-99c22b7c248a","TCGA-78-7160-01A-11R-2039-07","TCGA-78-7160","Primary Tumor","EPHB2","ENSG00000133216",1607,12.8839,3.6859,3.5569,"OK"
"TCGA-LUAD","c2371da5-868b-4788-91ec-c9d4bd8d8085","TCGA-78-7153-01A-11R-2039-07","TCGA-78-7153","Primary Tumor","JAK3","ENSG00000105639",247,2.2579,0.8823,1.0107,"OK"
"TCGA-LUAD","c2371da5-868b-4788-91ec-c9d4bd8d8085","TCGA-78-7153-01A-11R-2039-07","TCGA-78-7153","Primary Tumor","EPHB2","ENSG00000133216",505,2.5129,0.982,1.1249,"OK"
"TCGA-LUAD","12272d02-341e-43a2-aa23-7232a8dde730","TCGA-62-A46R-01A-11R-A24H-07","TCGA-62-A46R","Primary Tumor","JAK3","ENSG00000105639",820,8.2909,3.0139,2.9584,"OK"
"TCGA-LUAD","12272d02-341e-43a2-aa23-7232a8dde730","TCGA-62-A46R-01A-11R-A24H-07","TCGA-62-A46R","Primary Tumor","EPHB2","ENSG00000133216",3245,17.8598,6.4924,6.3727,"OK"
"TCGA-LUAD","9123a775-d686-49ab-90e7-0dc572c2fcaf","TCGA-75-6206-01A-11R-1755-07","TCGA-75-6206","Primary Tumor","JAK3","ENSG00000105639",525,9.1025,2.4571,2.4083,"OK"
"TCGA-LUAD","9123a775-d686-49ab-90e7-0dc572c2fcaf","TCGA-75-6206-01A-11R-1755-07","TCGA-75-6206","Primary Tumor","EPHB2","ENSG00000133216",264,2.4916,0.6726,0.6592,"OK"
"TCGA-LUAD","58390e08-43b2-4517-b57c-ff899594e55a","TCGA-86-8671-01A-11R-2403-07","TCGA-86-8671","Primary Tumor","JAK3","ENSG00000105639",4973,57.3479,19.4565,19.937,"OK"
"TCGA-LUAD","58390e08-43b2-4517-b57c-ff899594e55a","TCGA-86-8671-01A-11R-2403-07","TCGA-86-8671","Primary Tumor","EPHB2","ENSG00000133216",1299,8.1542,2.7665,2.8348,"OK"
"TCGA-LUAD","68b00cb6-4335-4c64-a3e0-0c29ed574480","TCGA-55-6972-01A-11R-1949-07","TCGA-55-6972","Primary Tumor","JAK3","ENSG00000105639",383,7.4495,2.5857,2.8991,"OK"
"TCGA-LUAD","68b00cb6-4335-4c64-a3e0-0c29ed574480","TCGA-55-6972-01A-11R-1949-07","TCGA-55-6972","Primary Tumor","EPHB2","ENSG00000133216",34,0.36,0.1249,0.1401,"OK"
"TCGA-LUAD","a4b8b2f2-6a56-4999-bd95-c2c8e4aa3bd0","TCGA-55-6972-11A-01R-1949-07","TCGA-55-6972","Solid Tissue Normal","JAK3","ENSG00000105639",521,9.8382,2.9196,2.9398,"OK"
"TCGA-LUAD","a4b8b2f2-6a56-4999-bd95-c2c8e4aa3bd0","TCGA-55-6972-11A-01R-1949-07","TCGA-55-6972","Solid Tissue Normal","EPHB2","ENSG00000133216",171,1.7577,0.5216,0.5252,"OK"
"TCGA-LUAD","306febc7-f9b2-493a-9520-b9700d0f3e47","TCGA-64-1681-01A-11R-2066-07","TCGA-64-1681","Primary Tumor","JAK3","ENSG00000105639",1286,9.7776,3.2134,3.5141,"OK"
"TCGA-LUAD","306febc7-f9b2-493a-9520-b9700d0f3e47","TCGA-64-1681-01A-11R-2066-07","TCGA-64-1681","Primary Tumor","EPHB2","ENSG00000133216",1687,6.982,2.2946,2.5093,"OK"
"TCGA-LUAD","656fd74d-49d8-40a5-8eb9-dac0fbe4ea2d","TCGA-97-A4M7-01A-11R-A24X-07","TCGA-97-A4M7","Primary Tumor","JAK3","ENSG00000105639",2890,24.274,8.5539,8.6873,"OK"
"TCGA-LUAD","656fd74d-49d8-40a5-8eb9-dac0fbe4ea2d","TCGA-97-A4M7-01A-11R-A24X-07","TCGA-97-A4M7","Primary Tumor","EPHB2","ENSG00000133216",1626,7.4343,2.6198,2.6606,"OK"
"TCGA-LUAD","3c0ce8a7-a730-4f1a-9e03-335b3e36849b","TCGA-49-4494-01A-01R-1206-07","TCGA-49-4494","Primary Tumor","JAK3","ENSG00000105639",1028,5.7571,1.9774,2.2371,"OK"
"TCGA-LUAD","3c0ce8a7-a730-4f1a-9e03-335b3e36849b","TCGA-49-4494-01A-01R-1206-07","TCGA-49-4494","Primary Tumor","EPHB2","ENSG00000133216",5829,17.7695,6.1033,6.9049,"OK"
"TCGA-LUAD","caa4bc15-6e54-4d5e-9d91-c25e800b71b9","TCGA-50-5946-01A-11R-1755-07","TCGA-50-5946","Primary Tumor","JAK3","ENSG00000105639",1126,8.7368,2.6785,2.5116,"OK"
"TCGA-LUAD","caa4bc15-6e54-4d5e-9d91-c25e800b71b9","TCGA-50-5946-01A-11R-1755-07","TCGA-50-5946","Primary Tumor","EPHB2","ENSG00000133216",2912,12.2992,3.7707,3.5358,"OK"
"TCGA-LUAD","a0fce6cc-a525-4970-82b7-8512bb0708b3","TCGA-55-7913-01B-11R-2241-07","TCGA-55-7913","Primary Tumor","JAK3","ENSG00000105639",988,6.2044,2.0318,2.0382,"OK"
"TCGA-LUAD","a0fce6cc-a525-4970-82b7-8512bb0708b3","TCGA-55-7913-01B-11R-2241-07","TCGA-55-7913","Primary Tumor","EPHB2","ENSG00000133216",499,1.7058,0.5586,0.5604,"OK"
"TCGA-LUAD","254bed99-398d-4c34-a804-67516d257e70","TCGA-44-6779-01A-11R-1858-07","TCGA-44-6779","Primary Tumor","JAK3","ENSG00000105639",824,16.6181,4.8372,4.9347,"OK"
"TCGA-LUAD","254bed99-398d-4c34-a804-67516d257e70","TCGA-44-6779-01A-11R-1858-07","TCGA-44-6779","Primary Tumor","EPHB2","ENSG00000133216",2537,27.8515,8.107,8.2703,"OK"
"TCGA-LUAD","fdcad604-c1b4-40ff-a652-3c1e5fe5f9a1","TCGA-50-5055-01A-01R-1628-07","TCGA-50-5055","Primary Tumor","JAK3","ENSG00000105639",1805,27.4448,10.7494,11.1627,"OK"
"TCGA-LUAD","fdcad604-c1b4-40ff-a652-3c1e5fe5f9a1","TCGA-50-5055-01A-01R-1628-07","TCGA-50-5055","Primary Tumor","EPHB2","ENSG00000133216",1038,8.5912,3.3649,3.4943,"OK"
"TCGA-LUAD","8cdb3ed5-5922-4833-b255-30d9322f8fe9","TCGA-38-4628-01A-01R-1206-07","TCGA-38-4628","Primary Tumor","JAK3","ENSG00000105639",394,2.2915,0.7901,0.8663,"OK"
"TCGA-LUAD","8cdb3ed5-5922-4833-b255-30d9322f8fe9","TCGA-38-4628-01A-01R-1206-07","TCGA-38-4628","Primary Tumor","EPHB2","ENSG00000133216",3662,11.5938,3.9973,4.3827,"OK"
"TCGA-LUAD","db0caa6a-e863-4dad-a911-0c69127be9df","TCGA-86-7713-01A-11R-2066-07","TCGA-86-7713","Primary Tumor","JAK3","ENSG00000105639",1437,10.8165,2.7819,2.5525,"OK"
"TCGA-LUAD","db0caa6a-e863-4dad-a911-0c69127be9df","TCGA-86-7713-01A-11R-2066-07","TCGA-86-7713","Primary Tumor","EPHB2","ENSG00000133216",629,2.5772,0.6628,0.6082,"OK"
"TCGA-LUAD","1ab1279d-7ccd-4450-8de8-9987bf6627dd","TCGA-44-2662-01B-02R-A277-07","TCGA-44-2662","Primary Tumor","JAK3","ENSG00000105639",476,15.8249,4.4411,4.3683,"OK"
"TCGA-LUAD","1ab1279d-7ccd-4450-8de8-9987bf6627dd","TCGA-44-2662-01B-02R-A277-07","TCGA-44-2662","Primary Tumor","EPHB2","ENSG00000133216",1410,25.5168,7.161,7.0437,"OK"
"TCGA-LUAD","a4377fa6-f7e2-4289-ac2d-3cc87b6cc289","TCGA-44-2662-11A-01R-1758-07","TCGA-44-2662","Solid Tissue Normal","JAK3","ENSG00000105639",749,7.1116,2.0423,2.4817,"OK"
"TCGA-LUAD","a4377fa6-f7e2-4289-ac2d-3cc87b6cc289","TCGA-44-2662-11A-01R-1758-07","TCGA-44-2662","Solid Tissue Normal","EPHB2","ENSG00000133216",665,3.437,0.987,1.1994,"OK"
"TCGA-LUAD","946692ad-ed52-4bd8-85ac-efe5178b15b4","TCGA-44-2662-01A-01R-A278-07","TCGA-44-2662","Primary Tumor","JAK3","ENSG00000105639",1121,8.9723,4.14,3.909,"OK"
"TCGA-LUAD","946692ad-ed52-4bd8-85ac-efe5178b15b4","TCGA-44-2662-01A-01R-A278-07","TCGA-44-2662","Primary Tumor","EPHB2","ENSG00000133216",16559,72.1451,33.2893,31.4317,"OK"
"TCGA-LUAD","2bf191f1-b880-427e-996c-0e75df13d738","TCGA-44-2662-01A-01R-0946-07","TCGA-44-2662","Primary Tumor","JAK3","ENSG00000105639",1831,14.766,4.1034,4.1375,"OK"
"TCGA-LUAD","2bf191f1-b880-427e-996c-0e75df13d738","TCGA-44-2662-01A-01R-0946-07","TCGA-44-2662","Primary Tumor","EPHB2","ENSG00000133216",26270,115.3205,32.047,32.3131,"OK"
"TCGA-LUAD","a5407526-9c45-427b-abcc-65d6e1f87158","TCGA-67-6216-01A-11R-1755-07","TCGA-67-6216","Primary Tumor","JAK3","ENSG00000105639",779,9.7778,3.0475,3.3719,"OK"
"TCGA-LUAD","a5407526-9c45-427b-abcc-65d6e1f87158","TCGA-67-6216-01A-11R-1755-07","TCGA-67-6216","Primary Tumor","EPHB2","ENSG00000133216",770,5.261,1.6397,1.8143,"OK"
"TCGA-LUAD","cce2b6af-bff9-4ad0-805d-b32aa6fae985","TCGA-55-7283-01A-11R-2039-07","TCGA-55-7283","Primary Tumor","JAK3","ENSG00000105639",1030,12.4194,3.5509,3.6663,"OK"
"TCGA-LUAD","cce2b6af-bff9-4ad0-805d-b32aa6fae985","TCGA-55-7283-01A-11R-2039-07","TCGA-55-7283","Primary Tumor","EPHB2","ENSG00000133216",263,1.7262,0.4935,0.5096,"OK"
"TCGA-LUAD","6d0c282d-43d7-44fb-94e6-25771385e326","TCGA-73-4659-01A-01R-1206-07","TCGA-73-4659","Primary Tumor","JAK3","ENSG00000105639",1636,7.9032,2.3727,2.5777,"OK"
"TCGA-LUAD","6d0c282d-43d7-44fb-94e6-25771385e326","TCGA-73-4659-01A-01R-1206-07","TCGA-73-4659","Primary Tumor","EPHB2","ENSG00000133216",2945,7.7443,2.325,2.5258,"OK"
"TCGA-LUAD","08d83462-5fcb-40c6-9d44-dbc42faa4df6","TCGA-86-8073-01A-11R-2241-07","TCGA-86-8073","Primary Tumor","JAK3","ENSG00000105639",1545,11.7363,3.0606,2.9191,"OK"
"TCGA-LUAD","08d83462-5fcb-40c6-9d44-dbc42faa4df6","TCGA-86-8073-01A-11R-2241-07","TCGA-86-8073","Primary Tumor","EPHB2","ENSG00000133216",1625,6.7194,1.7523,1.6713,"OK"
"TCGA-LUAD","4089d037-ab25-47a6-be68-19742473cbc6","TCGA-49-AARE-01A-11R-A41B-07","TCGA-49-AARE","Primary Tumor","JAK3","ENSG00000105639",2049,14.1128,5.9825,6.967,"OK"
"TCGA-LUAD","4089d037-ab25-47a6-be68-19742473cbc6","TCGA-49-AARE-01A-11R-A41B-07","TCGA-49-AARE","Primary Tumor","EPHB2","ENSG00000133216",2031,7.6147,3.2279,3.7591,"OK"
"TCGA-LUAD","4981d1f3-2824-4cd0-81b8-e12a9727a248","TCGA-05-4403-01A-01R-1206-07","TCGA-05-4403","Primary Tumor","JAK3","ENSG00000105639",608,3.0415,0.9764,1.1548,"OK"
"TCGA-LUAD","4981d1f3-2824-4cd0-81b8-e12a9727a248","TCGA-05-4403-01A-01R-1206-07","TCGA-05-4403","Primary Tumor","EPHB2","ENSG00000133216",2234,6.0832,1.953,2.3098,"OK"
"TCGA-LUAD","7abd9747-a947-4b15-b51c-c82cda9f065c","TCGA-MN-A4N4-01A-12R-A24X-07","TCGA-MN-A4N4","Primary Tumor","JAK3","ENSG00000105639",2579,24.5969,8.7452,8.9206,"OK"
"TCGA-LUAD","7abd9747-a947-4b15-b51c-c82cda9f065c","TCGA-MN-A4N4-01A-12R-A24X-07","TCGA-MN-A4N4","Primary Tumor","EPHB2","ENSG00000133216",5445,28.2684,10.0506,10.2521,"OK"
"TCGA-LUAD","892294a6-6b94-4284-bae3-9eb0bdc853f6","TCGA-05-4415-01A-22R-1858-07","TCGA-05-4415","Primary Tumor","JAK3","ENSG00000105639",470,5.5835,1.5291,1.5631,"OK"
"TCGA-LUAD","892294a6-6b94-4284-bae3-9eb0bdc853f6","TCGA-05-4415-01A-22R-1858-07","TCGA-05-4415","Primary Tumor","EPHB2","ENSG00000133216",510,3.298,0.9032,0.9233,"OK"
"TCGA-LUAD","a912206f-60e9-4564-9d84-db9c3ee75343","TCGA-75-5147-01A-01R-1628-07","TCGA-75-5147","Primary Tumor","JAK3","ENSG00000105639",1823,11.9943,4.0771,4.0526,"OK"
"TCGA-LUAD","a912206f-60e9-4564-9d84-db9c3ee75343","TCGA-75-5147-01A-01R-1628-07","TCGA-75-5147","Primary Tumor","EPHB2","ENSG00000133216",3318,11.8833,4.0394,4.0151,"OK"
"TCGA-LUAD","6c66987a-38f6-4125-8ac1-aa55921fcc26","TCGA-78-7154-01A-11R-2039-07","TCGA-78-7154","Primary Tumor","JAK3","ENSG00000105639",457,5.6883,1.6581,1.7579,"OK"
"TCGA-LUAD","6c66987a-38f6-4125-8ac1-aa55921fcc26","TCGA-78-7154-01A-11R-2039-07","TCGA-78-7154","Primary Tumor","EPHB2","ENSG00000133216",1999,13.5441,3.9481,4.1856,"OK"
"TCGA-LUAD","b6c69243-9731-4578-b037-ac997cbdc7dc","TCGA-95-A4VK-01A-11R-A262-07","TCGA-95-A4VK","Primary Tumor","JAK3","ENSG00000105639",2512,28.4375,8.809,8.6616,"OK"
"TCGA-LUAD","b6c69243-9731-4578-b037-ac997cbdc7dc","TCGA-95-A4VK-01A-11R-A262-07","TCGA-95-A4VK","Primary Tumor","EPHB2","ENSG00000133216",1317,8.1158,2.514,2.4719,"OK"
"TCGA-LUAD","30e51b69-6778-4125-bb18-86694d42a6e9","TCGA-99-AA5R-01A-11R-A39D-07","TCGA-99-AA5R","Primary Tumor","JAK3","ENSG00000105639",2900,27.8433,10.7934,11.2463,"OK"
"TCGA-LUAD","30e51b69-6778-4125-bb18-86694d42a6e9","TCGA-99-AA5R-01A-11R-A39D-07","TCGA-99-AA5R","Primary Tumor","EPHB2","ENSG00000133216",833,4.3535,1.6876,1.7584,"OK"
"TCGA-LUAD","f8670621-43a9-491c-81b7-8999ca9975a7","TCGA-53-7626-01A-12R-2066-07","TCGA-53-7626","Primary Tumor","JAK3","ENSG00000105639",2763,18.555,5.865,5.76,"OK"
"TCGA-LUAD","f8670621-43a9-491c-81b7-8999ca9975a7","TCGA-53-7626-01A-12R-2066-07","TCGA-53-7626","Primary Tumor","EPHB2","ENSG00000133216",5187,18.9614,5.9934,5.8862,"OK"
"TCGA-LUAD","12c95903-cae1-4f9f-97c7-05ab05f4fd7f","TCGA-50-8457-01A-11R-2326-07","TCGA-50-8457","Primary Tumor","JAK3","ENSG00000105639",1590,12.7243,5.0479,5.1101,"OK"
"TCGA-LUAD","12c95903-cae1-4f9f-97c7-05ab05f4fd7f","TCGA-50-8457-01A-11R-2326-07","TCGA-50-8457","Primary Tumor","EPHB2","ENSG00000133216",1042,4.5392,1.8007,1.823,"OK"
"TCGA-LUAD","94861d8a-3b40-4334-9fb5-c9df71a1e1da","TCGA-91-6840-01A-11R-1949-07","TCGA-91-6840","Primary Tumor","JAK3","ENSG00000105639",1037,19.6886,5.9977,5.83,"OK"
"TCGA-LUAD","94861d8a-3b40-4334-9fb5-c9df71a1e1da","TCGA-91-6840-01A-11R-1949-07","TCGA-91-6840","Primary Tumor","EPHB2","ENSG00000133216",1833,18.944,5.7709,5.6095,"OK"
"TCGA-LUAD","3976128b-36ba-4bf0-8121-867e89aba2c9","TCGA-55-8507-01A-11R-2403-07","TCGA-55-8507","Primary Tumor","JAK3","ENSG00000105639",642,8.148,2.5642,2.5035,"OK"
"TCGA-LUAD","3976128b-36ba-4bf0-8121-867e89aba2c9","TCGA-55-8507-01A-11R-2403-07","TCGA-55-8507","Primary Tumor","EPHB2","ENSG00000133216",369,2.5493,0.8023,0.7833,"OK"
"TCGA-LUAD","45d4b468-9089-46fd-8b5e-ad80a5148abd","TCGA-55-6969-01A-11R-1949-07","TCGA-55-6969","Primary Tumor","JAK3","ENSG00000105639",3364,17.4535,8.6245,8.3838,"OK"
"TCGA-LUAD","45d4b468-9089-46fd-8b5e-ad80a5148abd","TCGA-55-6969-01A-11R-1949-07","TCGA-55-6969","Primary Tumor","EPHB2","ENSG00000133216",1106,3.1236,1.5435,1.5004,"OK"
"TCGA-LUAD","9ad544f6-b684-4a97-8d05-f812267962bb","TCGA-55-6969-11A-01R-1949-07","TCGA-55-6969","Solid Tissue Normal","JAK3","ENSG00000105639",624,9.8711,3.3454,3.5378,"OK"
"TCGA-LUAD","9ad544f6-b684-4a97-8d05-f812267962bb","TCGA-55-6969-11A-01R-1949-07","TCGA-55-6969","Solid Tissue Normal","EPHB2","ENSG00000133216",182,1.5672,0.5311,0.5617,"OK"
"TCGA-LUAD","9940e2a8-6a68-4482-a1bc-2a6edb7d52cd","TCGA-78-8655-01A-11R-2403-07","TCGA-78-8655","Primary Tumor","JAK3","ENSG00000105639",756,12.2116,3.6354,3.4976,"OK"
"TCGA-LUAD","9940e2a8-6a68-4482-a1bc-2a6edb7d52cd","TCGA-78-8655-01A-11R-2403-07","TCGA-78-8655","Primary Tumor","EPHB2","ENSG00000133216",1026,9.0213,2.6856,2.5838,"OK"
"TCGA-LUAD","7cf36ebf-b16e-49ac-bcc4-b127b1f2a3da","TCGA-78-7536-01A-11R-2066-07","TCGA-78-7536","Primary Tumor","JAK3","ENSG00000105639",1446,9.8745,2.8888,2.7049,"OK"
"TCGA-LUAD","7cf36ebf-b16e-49ac-bcc4-b127b1f2a3da","TCGA-78-7536-01A-11R-2066-07","TCGA-78-7536","Primary Tumor","EPHB2","ENSG00000133216",1891,7.0293,2.0564,1.9255,"OK"
"TCGA-LUAD","7671d2c4-d6da-46d5-8ef0-baab496456d2","TCGA-91-6831-11A-02R-1858-07","TCGA-91-6831","Solid Tissue Normal","JAK3","ENSG00000105639",320,8.207,2.3953,2.492,"OK"
"TCGA-LUAD","7671d2c4-d6da-46d5-8ef0-baab496456d2","TCGA-91-6831-11A-02R-1858-07","TCGA-91-6831","Solid Tissue Normal","EPHB2","ENSG00000133216",119,1.6613,0.4849,0.5044,"OK"
"TCGA-LUAD","14d76abd-84f2-4875-8d03-5a27b4505715","TCGA-91-6831-01A-11R-1858-07","TCGA-91-6831","Primary Tumor","JAK3","ENSG00000105639",780,11.0985,3.9721,3.6764,"OK"
"TCGA-LUAD","14d76abd-84f2-4875-8d03-5a27b4505715","TCGA-91-6831-01A-11R-1858-07","TCGA-91-6831","Primary Tumor","EPHB2","ENSG00000133216",2123,16.4434,5.885,5.4469,"OK"
"TCGA-LUAD","63a884f4-0d20-4cb5-b485-72e066b6490f","TCGA-62-A46O-01A-11R-A24H-07","TCGA-62-A46O","Primary Tumor","JAK3","ENSG00000105639",184,2.3473,0.7442,0.738,"OK"
"TCGA-LUAD","63a884f4-0d20-4cb5-b485-72e066b6490f","TCGA-62-A46O-01A-11R-A24H-07","TCGA-62-A46O","Primary Tumor","EPHB2","ENSG00000133216",353,2.4513,0.7772,0.7708,"OK"
"TCGA-LUAD","a43e0f24-382c-431f-9bdb-94b3fa5c52a1","TCGA-55-7728-01A-11R-2187-07","TCGA-55-7728","Primary Tumor","JAK3","ENSG00000105639",3031,15.9847,7.0117,8.0259,"OK"
"TCGA-LUAD","a43e0f24-382c-431f-9bdb-94b3fa5c52a1","TCGA-55-7728-01A-11R-2187-07","TCGA-55-7728","Primary Tumor","EPHB2","ENSG00000133216",1134,3.2554,1.428,1.6345,"OK"
"TCGA-LUAD","afa5c7c4-02f8-4417-873c-378937f5fbbb","TCGA-86-8280-01A-11R-2287-07","TCGA-86-8280","Primary Tumor","JAK3","ENSG00000105639",2287,18.557,6.0717,5.9981,"OK"
"TCGA-LUAD","afa5c7c4-02f8-4417-873c-378937f5fbbb","TCGA-86-8280-01A-11R-2287-07","TCGA-86-8280","Primary Tumor","EPHB2","ENSG00000133216",1031,4.5538,1.49,1.4719,"OK"
"TCGA-LUAD","38ec487d-0a4a-4287-9c14-4bfdb959b402","TCGA-44-A47G-01A-21R-A24H-07","TCGA-44-A47G","Primary Tumor","JAK3","ENSG00000105639",2122,20.7529,8.2879,8.6146,"OK"
"TCGA-LUAD","38ec487d-0a4a-4287-9c14-4bfdb959b402","TCGA-44-A47G-01A-21R-A24H-07","TCGA-44-A47G","Primary Tumor","EPHB2","ENSG00000133216",2758,14.6825,5.8636,6.0948,"OK"
"TCGA-LUAD","a135a2b4-bc6a-4dd6-baa9-f08ab2d4971a","TCGA-86-6562-01A-11R-1755-07","TCGA-86-6562","Primary Tumor","JAK3","ENSG00000105639",1169,16.2138,4.8191,4.6011,"OK"
"TCGA-LUAD","a135a2b4-bc6a-4dd6-baa9-f08ab2d4971a","TCGA-86-6562-01A-11R-1755-07","TCGA-86-6562","Primary Tumor","EPHB2","ENSG00000133216",1508,11.3853,3.384,3.2309,"OK"
"TCGA-LUAD","5601dc73-ba9b-4f53-95ef-5fc3de23640c","TCGA-44-5645-01A-01R-1628-07","TCGA-44-5645","Primary Tumor","JAK3","ENSG00000105639",1346,20.7863,5.7277,5.6333,"OK"
"TCGA-LUAD","5601dc73-ba9b-4f53-95ef-5fc3de23640c","TCGA-44-5645-01A-01R-1628-07","TCGA-44-5645","Primary Tumor","EPHB2","ENSG00000133216",1741,14.6354,4.0328,3.9664,"OK"
"TCGA-LUAD","4e27513c-172b-4d19-a397-ade6df353e6c","TCGA-97-A4M0-01A-11R-A24X-07","TCGA-97-A4M0","Primary Tumor","JAK3","ENSG00000105639",2801,31.4507,8.8636,8.937,"OK"
"TCGA-LUAD","4e27513c-172b-4d19-a397-ade6df353e6c","TCGA-97-A4M0-01A-11R-A24X-07","TCGA-97-A4M0","Primary Tumor","EPHB2","ENSG00000133216",2485,15.1885,4.2805,4.316,"OK"
"TCGA-LUAD","52363b7b-f157-4fbe-8388-169b6152c9fe","TCGA-44-2666-01A-01R-0946-07","TCGA-44-2666","Primary Tumor","JAK3","ENSG00000105639",985,8.1044,2.4772,2.5139,"OK"
"TCGA-LUAD","52363b7b-f157-4fbe-8388-169b6152c9fe","TCGA-44-2666-01A-01R-0946-07","TCGA-44-2666","Primary Tumor","EPHB2","ENSG00000133216",351,1.572,0.4805,0.4876,"OK"
"TCGA-LUAD","bd820f5e-c8fd-4af5-b81c-2c51715cd759","TCGA-J2-A4AG-01A-11R-A24H-07","TCGA-J2-A4AG","Primary Tumor","JAK3","ENSG00000105639",1525,20.9277,6.4357,6.0979,"OK"
"TCGA-LUAD","bd820f5e-c8fd-4af5-b81c-2c51715cd759","TCGA-J2-A4AG-01A-11R-A24H-07","TCGA-J2-A4AG","Primary Tumor","EPHB2","ENSG00000133216",1855,13.857,4.2613,4.0377,"OK"
"TCGA-LUAD","a4c14abb-5b10-41df-9da5-39f1ee194b7c","TCGA-55-8087-01A-11R-2241-07","TCGA-55-8087","Primary Tumor","JAK3","ENSG00000105639",666,5.3065,1.4022,1.3192,"OK"
"TCGA-LUAD","a4c14abb-5b10-41df-9da5-39f1ee194b7c","TCGA-55-8087-01A-11R-2241-07","TCGA-55-8087","Primary Tumor","EPHB2","ENSG00000133216",2723,11.8102,3.1207,2.9361,"OK"
"TCGA-LUAD","f2dbb2df-c98b-42d1-9fad-9708bc42fa03","TCGA-J2-A4AE-01A-21R-A24H-07","TCGA-J2-A4AE","Primary Tumor","JAK3","ENSG00000105639",1077,11.3407,4.2904,4.4071,"OK"
"TCGA-LUAD","f2dbb2df-c98b-42d1-9fad-9708bc42fa03","TCGA-J2-A4AE-01A-21R-A24H-07","TCGA-J2-A4AE","Primary Tumor","EPHB2","ENSG00000133216",418,2.3959,0.9064,0.9311,"OK"
"TCGA-LUAD","af2c7fc6-003d-4c41-bba5-95a005699a57","TCGA-55-A493-01A-11R-A24H-07","TCGA-55-A493","Primary Tumor","JAK3","ENSG00000105639",3705,43.5697,12.8255,12.9562,"OK"
"TCGA-LUAD","af2c7fc6-003d-4c41-bba5-95a005699a57","TCGA-55-A493-01A-11R-A24H-07","TCGA-55-A493","Primary Tumor","EPHB2","ENSG00000133216",9787,62.6497,18.442,18.63,"OK"
"TCGA-LUAD","bfecde55-3ed3-4977-899b-d7c22b6df15b","TCGA-93-7348-01A-21R-2039-07","TCGA-93-7348","Primary Tumor","JAK3","ENSG00000105639",1785,19.2595,7.4896,7.6279,"OK"
"TCGA-LUAD","bfecde55-3ed3-4977-899b-d7c22b6df15b","TCGA-93-7348-01A-21R-2039-07","TCGA-93-7348","Primary Tumor","EPHB2","ENSG00000133216",1872,10.9948,4.2756,4.3546,"OK"
"TCGA-LUAD","cb93a89c-f291-4042-a988-0fb1b392e4d7","TCGA-55-6543-01A-11R-1755-07","TCGA-55-6543","Primary Tumor","JAK3","ENSG00000105639",519,6.7067,2.0571,2.1237,"OK"
"TCGA-LUAD","cb93a89c-f291-4042-a988-0fb1b392e4d7","TCGA-55-6543-01A-11R-1755-07","TCGA-55-6543","Primary Tumor","EPHB2","ENSG00000133216",3246,22.8331,7.0033,7.2303,"OK"
"TCGA-LUAD","2281a9d6-bd48-418a-9ad1-04b06a251e47","TCGA-05-4432-01A-01R-1206-07","TCGA-05-4432","Primary Tumor","JAK3","ENSG00000105639",1785,10.4358,3.7198,3.7445,"OK"
"TCGA-LUAD","2281a9d6-bd48-418a-9ad1-04b06a251e47","TCGA-05-4432-01A-01R-1206-07","TCGA-05-4432","Primary Tumor","EPHB2","ENSG00000133216",3238,10.3047,3.6731,3.6974,"OK"
"TCGA-LUAD","32876f27-f304-4be0-8881-f9842a9fbb67","TCGA-91-A4BC-01A-11R-A24H-07","TCGA-91-A4BC","Primary Tumor","JAK3","ENSG00000105639",4201,35.8875,19.7652,19.5205,"OK"
"TCGA-LUAD","32876f27-f304-4be0-8881-f9842a9fbb67","TCGA-91-A4BC-01A-11R-A24H-07","TCGA-91-A4BC","Primary Tumor","EPHB2","ENSG00000133216",1312,6.1009,3.3601,3.3185,"OK"
"TCGA-LUAD","53b14fb6-9f29-412a-921b-49e270fa2039","TCGA-55-6984-11A-01R-1949-07","TCGA-55-6984","Solid Tissue Normal","JAK3","ENSG00000105639",396,2.9675,0.9449,1.0786,"OK"
"TCGA-LUAD","53b14fb6-9f29-412a-921b-49e270fa2039","TCGA-55-6984-11A-01R-1949-07","TCGA-55-6984","Solid Tissue Normal","EPHB2","ENSG00000133216",1321,5.3885,1.7159,1.9585,"OK"
"TCGA-LUAD","45fe5e83-1e4a-4e0a-ac03-62ef32a90e77","TCGA-93-7347-01A-11R-2187-07","TCGA-93-7347","Primary Tumor","JAK3","ENSG00000105639",2564,20.7788,6.8216,7.3412,"OK"
"TCGA-LUAD","45fe5e83-1e4a-4e0a-ac03-62ef32a90e77","TCGA-93-7347-01A-11R-2187-07","TCGA-93-7347","Primary Tumor","EPHB2","ENSG00000133216",1109,4.8922,1.6061,1.7284,"OK"
"TCGA-LUAD","055fcce9-7448-4a16-ad18-d235dac7ce97","TCGA-50-5936-01A-11R-1628-07","TCGA-50-5936","Primary Tumor","JAK3","ENSG00000105639",716,13.7112,4.0006,3.9113,"OK"
"TCGA-LUAD","055fcce9-7448-4a16-ad18-d235dac7ce97","TCGA-50-5936-01A-11R-1628-07","TCGA-50-5936","Primary Tumor","EPHB2","ENSG00000133216",569,5.9313,1.7306,1.692,"OK"
"TCGA-LUAD","e0ff7e04-078a-46a4-ac8c-8a287c1d608e","TCGA-69-8254-01A-11R-2287-07","TCGA-69-8254","Primary Tumor","JAK3","ENSG00000105639",1926,9.4902,3.3442,3.4509,"OK"
"TCGA-LUAD","e0ff7e04-078a-46a4-ac8c-8a287c1d608e","TCGA-69-8254-01A-11R-2287-07","TCGA-69-8254","Primary Tumor","EPHB2","ENSG00000133216",655,1.7568,0.6191,0.6388,"OK"
"TCGA-LUAD","466db517-921b-47e8-b249-b4c9bd714bfd","TCGA-69-7978-01A-11R-2187-07","TCGA-69-7978","Primary Tumor","JAK3","ENSG00000105639",4623,34.5311,11.4054,11.3033,"OK"
"TCGA-LUAD","466db517-921b-47e8-b249-b4c9bd714bfd","TCGA-69-7978-01A-11R-2187-07","TCGA-69-7978","Primary Tumor","EPHB2","ENSG00000133216",8366,34.0155,11.2351,11.1345,"OK"
"TCGA-LUAD","e37ffff5-f795-4ca9-b46b-f59344db48af","TCGA-49-AAR2-01A-11R-A39D-07","TCGA-49-AAR2","Primary Tumor","JAK3","ENSG00000105639",1432,9.3653,5.2087,6.5895,"OK"
"TCGA-LUAD","e37ffff5-f795-4ca9-b46b-f59344db48af","TCGA-49-AAR2-01A-11R-A39D-07","TCGA-49-AAR2","Primary Tumor","EPHB2","ENSG00000133216",2486,8.8502,4.9222,6.227,"OK"
"TCGA-LUAD","27450388-ffc7-4812-b5b4-9819b0a74a0b","TCGA-50-5941-01A-11R-1755-07","TCGA-50-5941","Primary Tumor","JAK3","ENSG00000105639",1390,18.8397,6.4039,6.27,"OK"
"TCGA-LUAD","27450388-ffc7-4812-b5b4-9819b0a74a0b","TCGA-50-5941-01A-11R-1755-07","TCGA-50-5941","Primary Tumor","EPHB2","ENSG00000133216",1276,9.4142,3.2,3.1331,"OK"
"TCGA-LUAD","951f2356-17f4-4f4f-a8ec-855c7e93dce1","TCGA-49-4510-01A-01R-1206-07","TCGA-49-4510","Primary Tumor","JAK3","ENSG00000105639",1578,8.3428,2.9123,3.6951,"OK"
"TCGA-LUAD","951f2356-17f4-4f4f-a8ec-855c7e93dce1","TCGA-49-4510-01A-01R-1206-07","TCGA-49-4510","Primary Tumor","EPHB2","ENSG00000133216",555,1.5972,0.5576,0.7074,"OK"
"TCGA-LUAD","df03bdab-42a9-4467-a767-b584bb60e926","TCGA-78-7146-01A-11R-2039-07","TCGA-78-7146","Primary Tumor","JAK3","ENSG00000105639",1135,14.3458,3.5669,3.6169,"OK"
"TCGA-LUAD","df03bdab-42a9-4467-a767-b584bb60e926","TCGA-78-7146-01A-11R-2039-07","TCGA-78-7146","Primary Tumor","EPHB2","ENSG00000133216",5619,38.6599,9.6124,9.747,"OK"
"TCGA-LUAD","db61f20e-e44a-4992-a9f6-b54fc2dedfb6","TCGA-50-5044-01A-21R-1858-07","TCGA-50-5044","Primary Tumor","JAK3","ENSG00000105639",386,5.6913,2.1605,2.7036,"OK"
"TCGA-LUAD","db61f20e-e44a-4992-a9f6-b54fc2dedfb6","TCGA-50-5044-01A-21R-1858-07","TCGA-50-5044","Primary Tumor","EPHB2","ENSG00000133216",4938,39.6324,15.0451,18.8271,"OK"
"TCGA-LUAD","5d65e761-0cb3-4e52-b14f-79be5850dba4","TCGA-44-3398-11B-01R-1758-07","TCGA-44-3398","Solid Tissue Normal","JAK3","ENSG00000105639",810,6.7697,1.9231,2.0572,"OK"
"TCGA-LUAD","5d65e761-0cb3-4e52-b14f-79be5850dba4","TCGA-44-3398-11B-01R-1758-07","TCGA-44-3398","Solid Tissue Normal","EPHB2","ENSG00000133216",426,1.9381,0.5505,0.589,"OK"
"TCGA-LUAD","c3e2e99a-537a-4263-a835-fef5ed2c3588","TCGA-44-2661-01A-01R-1107-07","TCGA-44-2661","Primary Tumor","JAK3","ENSG00000105639",1919,13.8925,5.774,6.5992,"OK"
"TCGA-LUAD","c3e2e99a-537a-4263-a835-fef5ed2c3588","TCGA-44-2661-01A-01R-1107-07","TCGA-44-2661","Primary Tumor","EPHB2","ENSG00000133216",1453,5.7259,2.3798,2.7199,"OK"
"TCGA-LUAD","b5c6258a-8591-4f96-81d5-8ecc931b57a8","TCGA-55-8619-01A-11R-2403-07","TCGA-55-8619","Primary Tumor","JAK3","ENSG00000105639",2023,19.4948,7.856,8.5269,"OK"
"TCGA-LUAD","b5c6258a-8591-4f96-81d5-8ecc931b57a8","TCGA-55-8619-01A-11R-2403-07","TCGA-55-8619","Primary Tumor","EPHB2","ENSG00000133216",1012,5.3085,2.1392,2.3219,"OK"
"TCGA-LUAD","3c9960fd-92f3-4bab-9771-933c95edc37f","TCGA-44-6147-01A-11R-A278-07","TCGA-44-6147","Primary Tumor","JAK3","ENSG00000105639",957,9.7272,4.2882,3.8287,"OK"
"TCGA-LUAD","3c9960fd-92f3-4bab-9771-933c95edc37f","TCGA-44-6147-01A-11R-A278-07","TCGA-44-6147","Primary Tumor","EPHB2","ENSG00000133216",1723,9.5331,4.2026,3.7523,"OK"
"TCGA-LUAD","dc8e99bb-f021-44e4-8c60-213405ee156a","TCGA-44-2659-01A-01R-0946-07","TCGA-44-2659","Primary Tumor","JAK3","ENSG00000105639",1649,9.0026,3.6232,3.8667,"OK"
"TCGA-LUAD","dc8e99bb-f021-44e4-8c60-213405ee156a","TCGA-44-2659-01A-01R-0946-07","TCGA-44-2659","Primary Tumor","EPHB2","ENSG00000133216",1401,4.1635,1.6756,1.7882,"OK"
"TCGA-LUAD","0d1f21df-73b3-4dd0-9ad4-fd5c7a5d2424","TCGA-49-6742-11A-01R-1858-07","TCGA-49-6742","Solid Tissue Normal","JAK3","ENSG00000105639",225,2.6978,0.8382,1.0049,"OK"
"TCGA-LUAD","0d1f21df-73b3-4dd0-9ad4-fd5c7a5d2424","TCGA-49-6742-11A-01R-1858-07","TCGA-49-6742","Solid Tissue Normal","EPHB2","ENSG00000133216",293,1.9123,0.5942,0.7124,"OK"
"TCGA-LUAD","d2000aa0-a3c5-4155-8995-80ec5f4436e2","TCGA-95-7562-01A-11R-2241-07","TCGA-95-7562","Primary Tumor","JAK3","ENSG00000105639",737,5.6175,1.7311,1.6915,"OK"
"TCGA-LUAD","d2000aa0-a3c5-4155-8995-80ec5f4436e2","TCGA-95-7562-01A-11R-2241-07","TCGA-95-7562","Primary Tumor","EPHB2","ENSG00000133216",4243,17.6043,5.4249,5.301,"OK"
"TCGA-LUAD","4320b770-69f3-4dd2-afea-8b7f7cdf44c2","TCGA-73-4676-01A-01R-1755-07","TCGA-73-4676","Primary Tumor","JAK3","ENSG00000105639",424,5.1552,1.5705,1.7101,"OK"
"TCGA-LUAD","4320b770-69f3-4dd2-afea-8b7f7cdf44c2","TCGA-73-4676-01A-01R-1755-07","TCGA-73-4676","Primary Tumor","EPHB2","ENSG00000133216",1718,11.3705,3.464,3.7717,"OK"
"TCGA-LUAD","7181e057-0ec7-410b-b0fe-ff8de3d14d98","TCGA-73-7498-01A-12R-2187-07","TCGA-73-7498","Primary Tumor","JAK3","ENSG00000105639",1794,11.8613,3.5407,3.5283,"OK"
"TCGA-LUAD","7181e057-0ec7-410b-b0fe-ff8de3d14d98","TCGA-73-7498-01A-12R-2187-07","TCGA-73-7498","Primary Tumor","EPHB2","ENSG00000133216",736,2.6489,0.7907,0.7879,"OK"
"TCGA-LUAD","69e97c5b-4c8a-4710-a0f6-48ebfd917f5a","TCGA-55-7724-01A-11R-2170-07","TCGA-55-7724","Primary Tumor","JAK3","ENSG00000105639",526,9.2477,3.5858,3.7742,"OK"
"TCGA-LUAD","69e97c5b-4c8a-4710-a0f6-48ebfd917f5a","TCGA-55-7724-01A-11R-2170-07","TCGA-55-7724","Primary Tumor","EPHB2","ENSG00000133216",551,5.2732,2.0446,2.1521,"OK"
"TCGA-LUAD","9dffc7c0-da78-48a9-b438-a4886a45048e","TCGA-05-4405-01A-21R-1858-07","TCGA-05-4405","Primary Tumor","JAK3","ENSG00000105639",1772,28.6481,9.0364,8.5001,"OK"
"TCGA-LUAD","9dffc7c0-da78-48a9-b438-a4886a45048e","TCGA-05-4405-01A-21R-1858-07","TCGA-05-4405","Primary Tumor","EPHB2","ENSG00000133216",793,6.9788,2.2013,2.0706,"OK"
"TCGA-LUAD","f2d6b758-501e-447a-a3d0-f899e532ac84","TCGA-05-4382-01A-01R-1206-07","TCGA-05-4382","Primary Tumor","JAK3","ENSG00000105639",3573,16.4089,6.1215,6.27,"OK"
"TCGA-LUAD","f2d6b758-501e-447a-a3d0-f899e532ac84","TCGA-05-4382-01A-01R-1206-07","TCGA-05-4382","Primary Tumor","EPHB2","ENSG00000133216",3694,9.2346,3.445,3.5286,"OK"
"TCGA-LUAD","ace52699-f049-4a11-ab3d-ce3719c62e41","TCGA-38-6178-01A-11R-1755-07","TCGA-38-6178","Primary Tumor","JAK3","ENSG00000105639",805,18.2529,4.9571,4.5648,"OK"
"TCGA-LUAD","ace52699-f049-4a11-ab3d-ce3719c62e41","TCGA-38-6178-01A-11R-1755-07","TCGA-38-6178","Primary Tumor","EPHB2","ENSG00000133216",1367,16.8724,4.5822,4.2196,"OK"
"TCGA-LUAD","c140ee8e-c45f-47fb-b214-c3c8cdde972e","TCGA-64-5775-01A-01R-1628-07","TCGA-64-5775","Primary Tumor","JAK3","ENSG00000105639",659,8.398,2.1704,2.3189,"OK"
"TCGA-LUAD","c140ee8e-c45f-47fb-b214-c3c8cdde972e","TCGA-64-5775-01A-01R-1628-07","TCGA-64-5775","Primary Tumor","EPHB2","ENSG00000133216",7558,52.4291,13.5499,14.4772,"OK"
"TCGA-LUAD","c69e8ef1-57a7-439a-9b05-66f14b019322","TCGA-44-7670-01A-11R-2066-07","TCGA-44-7670","Primary Tumor","JAK3","ENSG00000105639",1236,10.4728,2.8795,2.8107,"OK"
"TCGA-LUAD","c69e8ef1-57a7-439a-9b05-66f14b019322","TCGA-44-7670-01A-11R-2066-07","TCGA-44-7670","Primary Tumor","EPHB2","ENSG00000133216",2425,11.1849,3.0753,3.0017,"OK"
"TCGA-LUAD","24fa0c9f-c679-486d-846a-66fbc8d30b0a","TCGA-86-6851-01A-11R-1949-07","TCGA-86-6851","Primary Tumor","JAK3","ENSG00000105639",6520,32.6477,14.2183,13.3169,"OK"
"TCGA-LUAD","24fa0c9f-c679-486d-846a-66fbc8d30b0a","TCGA-86-6851-01A-11R-1949-07","TCGA-86-6851","Primary Tumor","EPHB2","ENSG00000133216",6665,18.1668,7.9118,7.4102,"OK"
"TCGA-LUAD","7c802f6c-03bd-4612-835f-c82f6b8f2137","TCGA-55-8207-01A-11R-2241-07","TCGA-55-8207","Primary Tumor","JAK3","ENSG00000105639",686,5.3524,1.5689,1.7786,"OK"
"TCGA-LUAD","7c802f6c-03bd-4612-835f-c82f6b8f2137","TCGA-55-8207-01A-11R-2241-07","TCGA-55-8207","Primary Tumor","EPHB2","ENSG00000133216",2609,11.0808,3.2481,3.6822,"OK"
"TCGA-LUAD","269a7c8d-f4d6-4f1a-a85b-874934f214b9","TCGA-67-3773-01A-01R-0946-07","TCGA-67-3773","Primary Tumor","JAK3","ENSG00000105639",278,4.4926,1.4738,1.839,"OK"
"TCGA-LUAD","269a7c8d-f4d6-4f1a-a85b-874934f214b9","TCGA-67-3773-01A-01R-0946-07","TCGA-67-3773","Primary Tumor","EPHB2","ENSG00000133216",134,1.1788,0.3867,0.4825,"OK"
"TCGA-LUAD","4297f902-2495-48fb-af36-31e61f727215","TCGA-05-4427-01A-21R-1858-07","TCGA-05-4427","Primary Tumor","JAK3","ENSG00000105639",649,9.5625,2.5771,2.3649,"OK"
"TCGA-LUAD","4297f902-2495-48fb-af36-31e61f727215","TCGA-05-4427-01A-21R-1858-07","TCGA-05-4427","Primary Tumor","EPHB2","ENSG00000133216",2202,17.6611,4.7597,4.3678,"OK"
"TCGA-LUAD","0869efb9-b167-45af-8b2c-67433e39baad","TCGA-62-A46P-01A-11R-A24H-07","TCGA-62-A46P","Primary Tumor","JAK3","ENSG00000105639",526,7.2659,2.6228,2.9379,"OK"
"TCGA-LUAD","0869efb9-b167-45af-8b2c-67433e39baad","TCGA-62-A46P-01A-11R-A24H-07","TCGA-62-A46P","Primary Tumor","EPHB2","ENSG00000133216",494,3.7145,1.3409,1.5019,"OK"
"TCGA-LUAD","0e6fc8f1-34ca-4f3b-9d71-5a867e5efb07","TCGA-97-8177-01A-11R-2287-07","TCGA-97-8177","Primary Tumor","JAK3","ENSG00000105639",1923,12.5263,4.3004,4.7648,"OK"
"TCGA-LUAD","0e6fc8f1-34ca-4f3b-9d71-5a867e5efb07","TCGA-97-8177-01A-11R-2287-07","TCGA-97-8177","Primary Tumor","EPHB2","ENSG00000133216",2401,8.5135,2.9228,3.2384,"OK"
"TCGA-LUAD","4c2a4d47-67dd-4c12-8f3b-1c55eb6fd00e","TCGA-55-8615-01A-11R-2403-07","TCGA-55-8615","Primary Tumor","JAK3","ENSG00000105639",958,10.3121,3.5772,3.7453,"OK"
"TCGA-LUAD","4c2a4d47-67dd-4c12-8f3b-1c55eb6fd00e","TCGA-55-8615-01A-11R-2403-07","TCGA-55-8615","Primary Tumor","EPHB2","ENSG00000133216",206,1.207,0.4187,0.4384,"OK"
"TCGA-LUAD","cb59cd67-2756-45e1-80c7-67ad6d6823d4","TCGA-86-7954-01A-11R-2187-07","TCGA-86-7954","Primary Tumor","JAK3","ENSG00000105639",4043,31.0524,8.169,7.9799,"OK"
"TCGA-LUAD","cb59cd67-2756-45e1-80c7-67ad6d6823d4","TCGA-86-7954-01A-11R-2187-07","TCGA-86-7954","Primary Tumor","EPHB2","ENSG00000133216",13170,55.0618,14.4852,14.1498,"OK"
"TCGA-LUAD","bae11f13-84a4-4fe3-b9e4-9d48b74896af","TCGA-55-A48Z-01A-12R-A24X-07","TCGA-55-A48Z","Primary Tumor","JAK3","ENSG00000105639",1879,17.3608,6.5748,6.4501,"OK"
"TCGA-LUAD","bae11f13-84a4-4fe3-b9e4-9d48b74896af","TCGA-55-A48Z-01A-12R-A24X-07","TCGA-55-A48Z","Primary Tumor","EPHB2","ENSG00000133216",1873,9.4201,3.5675,3.4999,"OK"
"TCGA-LUAD","36e8195f-72b1-4d87-9be5-a487689aba5e","TCGA-50-5944-01A-11R-1755-07","TCGA-50-5944","Primary Tumor","JAK3","ENSG00000105639",427,6.0757,1.7769,1.9205,"OK"
"TCGA-LUAD","36e8195f-72b1-4d87-9be5-a487689aba5e","TCGA-50-5944-01A-11R-1755-07","TCGA-50-5944","Primary Tumor","EPHB2","ENSG00000133216",684,5.2978,1.5494,1.6746,"OK"
"TCGA-LUAD","505bfb1f-dc96-4f7e-ba2c-8e20eb0e1f6c","TCGA-64-1680-01A-02R-0946-07","TCGA-64-1680","Primary Tumor","JAK3","ENSG00000105639",840,12.7536,3.8281,4.6231,"OK"
"TCGA-LUAD","505bfb1f-dc96-4f7e-ba2c-8e20eb0e1f6c","TCGA-64-1680-01A-02R-0946-07","TCGA-64-1680","Primary Tumor","EPHB2","ENSG00000133216",387,3.1984,0.96,1.1594,"OK"
"TCGA-LUAD","e6e83fd4-2f80-44e1-8dce-588a37308dbb","TCGA-38-4626-11A-01R-1758-07","TCGA-38-4626","Solid Tissue Normal","JAK3","ENSG00000105639",452,2.9537,1.0246,1.2368,"OK"
"TCGA-LUAD","e6e83fd4-2f80-44e1-8dce-588a37308dbb","TCGA-38-4626-11A-01R-1758-07","TCGA-38-4626","Solid Tissue Normal","EPHB2","ENSG00000133216",645,2.2943,0.7959,0.9607,"OK"
"TCGA-LUAD","5dd8168d-fe35-4a32-8520-1deaef953b10","TCGA-86-8279-01A-11R-2287-07","TCGA-86-8279","Primary Tumor","JAK3","ENSG00000105639",2544,19.6656,5.4707,5.4372,"OK"
"TCGA-LUAD","5dd8168d-fe35-4a32-8520-1deaef953b10","TCGA-86-8279-01A-11R-2287-07","TCGA-86-8279","Primary Tumor","EPHB2","ENSG00000133216",2910,12.2449,3.4064,3.3855,"OK"
"TCGA-LUAD","7cb19688-bac4-41bf-b69e-977ac0da0aa1","TCGA-38-A44F-01A-11R-A24H-07","TCGA-38-A44F","Primary Tumor","JAK3","ENSG00000105639",2105,21.1056,8.4699,8.6792,"OK"
"TCGA-LUAD","7cb19688-bac4-41bf-b69e-977ac0da0aa1","TCGA-38-A44F-01A-11R-A24H-07","TCGA-38-A44F","Primary Tumor","EPHB2","ENSG00000133216",922,5.0321,2.0194,2.0693,"OK"
"TCGA-LUAD","ef2621f5-ec61-42ee-879f-9d7615372a5e","TCGA-75-6214-01A-41R-1949-07","TCGA-75-6214","Primary Tumor","JAK3","ENSG00000105639",1951,11.6066,4.0875,4.3734,"OK"
"TCGA-LUAD","ef2621f5-ec61-42ee-879f-9d7615372a5e","TCGA-75-6214-01A-41R-1949-07","TCGA-75-6214","Primary Tumor","EPHB2","ENSG00000133216",7867,25.4759,8.9718,9.5994,"OK"
"TCGA-LUAD","06d5f913-5f62-4200-8a51-26c8fa2052b4","TCGA-05-4430-01A-02R-1206-07","TCGA-05-4430","Primary Tumor","JAK3","ENSG00000105639",1172,8.4255,2.5752,2.7629,"OK"
"TCGA-LUAD","06d5f913-5f62-4200-8a51-26c8fa2052b4","TCGA-05-4430-01A-02R-1206-07","TCGA-05-4430","Primary Tumor","EPHB2","ENSG00000133216",3032,11.865,3.6264,3.8908,"OK"
"TCGA-LUAD","ef337612-6a73-4c29-a8b0-85557cbeaff4","TCGA-05-4244-01A-01R-1107-07","TCGA-05-4244","Primary Tumor","JAK3","ENSG00000105639",2093,17.4282,4.9665,5.1827,"OK"
"TCGA-LUAD","ef337612-6a73-4c29-a8b0-85557cbeaff4","TCGA-05-4244-01A-01R-1107-07","TCGA-05-4244","Primary Tumor","EPHB2","ENSG00000133216",2224,10.0807,2.8727,2.9977,"OK"
"TCGA-LUAD","aca8bace-37c5-4ec0-958c-13907ae97d1f","TCGA-55-A57B-01A-12R-A39D-07","TCGA-55-A57B","Primary Tumor","JAK3","ENSG00000105639",876,8.0166,2.265,2.23,"OK"
"TCGA-LUAD","aca8bace-37c5-4ec0-958c-13907ae97d1f","TCGA-55-A57B-01A-12R-A39D-07","TCGA-55-A57B","Primary Tumor","EPHB2","ENSG00000133216",2845,14.1724,4.0043,3.9424,"OK"
"TCGA-LUAD","beb3712d-76e3-4c3a-becb-c94048ea8a7f","TCGA-44-6775-01A-11R-1858-07","TCGA-44-6775","Primary Tumor","JAK3","ENSG00000105639",1553,19.6163,5.8707,5.6907,"OK"
"TCGA-LUAD","beb3712d-76e3-4c3a-becb-c94048ea8a7f","TCGA-44-6775-01A-11R-1858-07","TCGA-44-6775","Primary Tumor","EPHB2","ENSG00000133216",4517,31.0576,9.2949,9.0098,"OK"
"TCGA-LUAD","94913b2f-256e-4487-90ed-2c9b3869ca6b","TCGA-50-5930-11A-01R-1755-07","TCGA-50-5930","Solid Tissue Normal","JAK3","ENSG00000105639",246,3.7031,1.1548,1.3339,"OK"
"TCGA-LUAD","94913b2f-256e-4487-90ed-2c9b3869ca6b","TCGA-50-5930-11A-01R-1755-07","TCGA-50-5930","Solid Tissue Normal","EPHB2","ENSG00000133216",95,0.7784,0.2428,0.2804,"OK"
"TCGA-LUAD","bbea4239-0ce8-4540-8818-d73d076b3aa6","TCGA-44-6775-01A-11R-A278-07","TCGA-44-6775","Primary Tumor","JAK3","ENSG00000105639",1603,22.5221,7.3465,6.79,"OK"
"TCGA-LUAD","bbea4239-0ce8-4540-8818-d73d076b3aa6","TCGA-44-6775-01A-11R-A278-07","TCGA-44-6775","Primary Tumor","EPHB2","ENSG00000133216",4792,36.6493,11.9546,11.0491,"OK"
"TCGA-LUAD","b9610938-1f47-4556-ae92-794df8ae6401","TCGA-44-6775-01C-02R-A277-07","TCGA-44-6775","Primary Tumor","JAK3","ENSG00000105639",639,17.6859,5.3113,4.7359,"OK"
"TCGA-LUAD","b9610938-1f47-4556-ae92-794df8ae6401","TCGA-44-6775-01C-02R-A277-07","TCGA-44-6775","Primary Tumor","EPHB2","ENSG00000133216",429,6.4633,1.941,1.7307,"OK"
"TCGA-LUAD","7a176670-7636-4329-951b-c118b816cfca","TCGA-O1-A52J-01A-11R-A262-07","TCGA-O1-A52J","Primary Tumor","JAK3","ENSG00000105639",1104,12.4824,3.6296,3.9571,"OK"
"TCGA-LUAD","7a176670-7636-4329-951b-c118b816cfca","TCGA-O1-A52J-01A-11R-A262-07","TCGA-O1-A52J","Primary Tumor","EPHB2","ENSG00000133216",1069,6.5793,1.9131,2.0857,"OK"
"TCGA-LUAD","40e350a6-fda3-43ff-9405-bda7a7c534ae","TCGA-55-6642-01A-11R-1858-07","TCGA-55-6642","Primary Tumor","JAK3","ENSG00000105639",968,9.1065,4.5596,4.6405,"OK"
"TCGA-LUAD","40e350a6-fda3-43ff-9405-bda7a7c534ae","TCGA-55-6642-01A-11R-1858-07","TCGA-55-6642","Primary Tumor","EPHB2","ENSG00000133216",283,1.4492,0.7256,0.7385,"OK"
"TCGA-LUAD","c97d6c2a-9866-4893-8cff-ee747c4a4550","TCGA-78-8660-01A-11R-2403-07","TCGA-78-8660","Primary Tumor","JAK3","ENSG00000105639",2136,26.6088,8.8115,9.0526,"OK"
"TCGA-LUAD","c97d6c2a-9866-4893-8cff-ee747c4a4550","TCGA-78-8660-01A-11R-2403-07","TCGA-78-8660","Primary Tumor","EPHB2","ENSG00000133216",2710,18.3767,6.0854,6.252,"OK"
"TCGA-LUAD","b7b898c7-f63f-43d3-864a-406e842db2fe","TCGA-75-7027-01A-11R-1949-07","TCGA-75-7027","Primary Tumor","JAK3","ENSG00000105639",1124,7.1092,2.2021,2.2631,"OK"
"TCGA-LUAD","b7b898c7-f63f-43d3-864a-406e842db2fe","TCGA-75-7027-01A-11R-1949-07","TCGA-75-7027","Primary Tumor","EPHB2","ENSG00000133216",1127,3.8802,1.2019,1.2352,"OK"
"TCGA-LUAD","12f5eaa4-9f64-4465-bfa6-3d9307e9f980","TCGA-91-8496-01A-11R-2403-07","TCGA-91-8496","Primary Tumor","JAK3","ENSG00000105639",239,3.1689,1.1034,1.3732,"OK"
"TCGA-LUAD","12f5eaa4-9f64-4465-bfa6-3d9307e9f980","TCGA-91-8496-01A-11R-2403-07","TCGA-91-8496","Primary Tumor","EPHB2","ENSG00000133216",122,0.8805,0.3066,0.3816,"OK"
"TCGA-LUAD","51ec5a15-11e8-435a-a3e0-2a99690309b9","TCGA-55-8094-01A-11R-2241-07","TCGA-55-8094","Primary Tumor","JAK3","ENSG00000105639",452,4.4959,1.6521,1.938,"OK"
"TCGA-LUAD","51ec5a15-11e8-435a-a3e0-2a99690309b9","TCGA-55-8094-01A-11R-2241-07","TCGA-55-8094","Primary Tumor","EPHB2","ENSG00000133216",555,3.005,1.1042,1.2953,"OK"
"TCGA-LUAD","36101746-9c10-478e-96fb-8b47d057a6d4","TCGA-69-7761-01A-11R-2170-07","TCGA-69-7761","Primary Tumor","JAK3","ENSG00000105639",2027,19.9499,7.7278,7.455,"OK"
"TCGA-LUAD","36101746-9c10-478e-96fb-8b47d057a6d4","TCGA-69-7761-01A-11R-2170-07","TCGA-69-7761","Primary Tumor","EPHB2","ENSG00000133216",831,4.4521,1.7245,1.6637,"OK"
"TCGA-LUAD","5ef157e9-bb3d-4214-a946-f5bc2bbf74b6","TCGA-MN-A4N1-01A-11R-A24X-07","TCGA-MN-A4N1","Primary Tumor","JAK3","ENSG00000105639",952,7.7564,2.8511,2.8967,"OK"
"TCGA-LUAD","5ef157e9-bb3d-4214-a946-f5bc2bbf74b6","TCGA-MN-A4N1-01A-11R-A24X-07","TCGA-MN-A4N1","Primary Tumor","EPHB2","ENSG00000133216",890,3.9472,1.4509,1.4741,"OK"
"TCGA-LUAD","ae037177-0902-4c94-8e3c-632e240d3945","TCGA-55-7903-01A-11R-2170-07","TCGA-55-7903","Primary Tumor","JAK3","ENSG00000105639",1425,15.8981,4.7839,4.8082,"OK"
"TCGA-LUAD","ae037177-0902-4c94-8e3c-632e240d3945","TCGA-55-7903-01A-11R-2170-07","TCGA-55-7903","Primary Tumor","EPHB2","ENSG00000133216",2478,15.0489,4.5284,4.5514,"OK"
"TCGA-LUAD","0c09a94d-8885-49fb-91c1-aa0ebf52386a","TCGA-86-A4P7-01A-11R-A24X-07","TCGA-86-A4P7","Primary Tumor","JAK3","ENSG00000105639",2318,22.7655,8.1838,7.6556,"OK"
"TCGA-LUAD","0c09a94d-8885-49fb-91c1-aa0ebf52386a","TCGA-86-A4P7-01A-11R-A24X-07","TCGA-86-A4P7","Primary Tumor","EPHB2","ENSG00000133216",1229,6.5704,2.3619,2.2095,"OK"
"TCGA-LUAD","d52fa71c-9f59-407e-8481-d0ac47ba88b2","TCGA-44-7660-01A-11R-2066-07","TCGA-44-7660","Primary Tumor","JAK3","ENSG00000105639",784,6.0517,2.2131,2.3622,"OK"
"TCGA-LUAD","d52fa71c-9f59-407e-8481-d0ac47ba88b2","TCGA-44-7660-01A-11R-2066-07","TCGA-44-7660","Primary Tumor","EPHB2","ENSG00000133216",2642,11.1011,4.0596,4.3332,"OK"
"TCGA-LUAD","987832ae-aab4-430f-abc1-8783736fbe69","TCGA-55-A491-01A-11R-A24H-07","TCGA-55-A491","Primary Tumor","JAK3","ENSG00000105639",1775,15.7031,6.5208,6.9148,"OK"
"TCGA-LUAD","987832ae-aab4-430f-abc1-8783736fbe69","TCGA-55-A491-01A-11R-A24H-07","TCGA-55-A491","Primary Tumor","EPHB2","ENSG00000133216",3718,17.9048,7.435,7.8843,"OK"
"TCGA-LUAD","c48eecc3-0099-4dd4-b319-f13ad65bdc7e","TCGA-49-6743-11A-01R-1858-07","TCGA-49-6743","Solid Tissue Normal","JAK3","ENSG00000105639",182,2.7172,0.8025,0.8913,"OK"
"TCGA-LUAD","c48eecc3-0099-4dd4-b319-f13ad65bdc7e","TCGA-49-6743-11A-01R-1858-07","TCGA-49-6743","Solid Tissue Normal","EPHB2","ENSG00000133216",257,2.0886,0.6169,0.6851,"OK"
"TCGA-LUAD","4b98f37e-33fc-4bf0-b6cd-4c900bcc9d2a","TCGA-86-8278-01A-11R-2287-07","TCGA-86-8278","Primary Tumor","JAK3","ENSG00000105639",2030,12.5711,3.6947,3.7835,"OK"
"TCGA-LUAD","4b98f37e-33fc-4bf0-b6cd-4c900bcc9d2a","TCGA-86-8278-01A-11R-2287-07","TCGA-86-8278","Primary Tumor","EPHB2","ENSG00000133216",9115,30.7261,9.0306,9.2477,"OK"
"TCGA-LUAD","51847dea-489f-4df9-84f8-26a6f2579620","TCGA-L9-A743-01A-43R-A39D-07","TCGA-L9-A743","Primary Tumor","JAK3","ENSG00000105639",3018,27.8618,10.3406,10.1833,"OK"
"TCGA-LUAD","51847dea-489f-4df9-84f8-26a6f2579620","TCGA-L9-A743-01A-43R-A39D-07","TCGA-L9-A743","Primary Tumor","EPHB2","ENSG00000133216",2140,10.7542,3.9913,3.9306,"OK"
"TCGA-LUAD","6feef177-114c-4285-b242-481fe0aea551","TCGA-69-7980-01A-11R-2187-07","TCGA-69-7980","Primary Tumor","JAK3","ENSG00000105639",4320,33.2594,9.7434,9.5987,"OK"
"TCGA-LUAD","6feef177-114c-4285-b242-481fe0aea551","TCGA-69-7980-01A-11R-2187-07","TCGA-69-7980","Primary Tumor","EPHB2","ENSG00000133216",6717,28.15,8.2466,8.1241,"OK"
"TCGA-LUAD","c568fdc8-6942-44ff-a9d9-3f7a03fdc62a","TCGA-73-4658-01A-01R-1755-07","TCGA-73-4658","Primary Tumor","JAK3","ENSG00000105639",845,10.8251,3.3696,3.6311,"OK"
"TCGA-LUAD","c568fdc8-6942-44ff-a9d9-3f7a03fdc62a","TCGA-73-4658-01A-01R-1755-07","TCGA-73-4658","Primary Tumor","EPHB2","ENSG00000133216",507,3.5355,1.1005,1.1859,"OK"
"TCGA-LUAD","9db8b103-5f3a-439b-993c-14879744c30a","TCGA-49-6745-01A-11R-1858-07","TCGA-49-6745","Primary Tumor","JAK3","ENSG00000105639",788,10.7443,2.8302,2.8166,"OK"
"TCGA-LUAD","9db8b103-5f3a-439b-993c-14879744c30a","TCGA-49-6745-01A-11R-1858-07","TCGA-49-6745","Primary Tumor","EPHB2","ENSG00000133216",3762,27.9217,7.3551,7.3196,"OK"
"TCGA-LUAD","24079217-3899-4843-81fc-638293771d93","TCGA-49-6745-11A-01R-1858-07","TCGA-49-6745","Solid Tissue Normal","JAK3","ENSG00000105639",171,2.2662,0.712,0.8504,"OK"
"TCGA-LUAD","24079217-3899-4843-81fc-638293771d93","TCGA-49-6745-11A-01R-1858-07","TCGA-49-6745","Solid Tissue Normal","EPHB2","ENSG00000133216",161,1.1614,0.3649,0.4358,"OK"
"TCGA-LUAD","b9ac77d6-9a1b-443d-8ef5-e8ef2e3008dd","TCGA-55-1592-01A-01R-0946-07","TCGA-55-1592","Primary Tumor","JAK3","ENSG00000105639",1921,11.5716,3.8691,3.7694,"OK"
"TCGA-LUAD","b9ac77d6-9a1b-443d-8ef5-e8ef2e3008dd","TCGA-55-1592-01A-01R-0946-07","TCGA-55-1592","Primary Tumor","EPHB2","ENSG00000133216",6499,21.3101,7.1253,6.9416,"OK"
"TCGA-LUAD","75473987-65e2-43eb-a5bb-04cb7a40c902","TCGA-50-5932-11A-01R-1755-07","TCGA-50-5932","Solid Tissue Normal","JAK3","ENSG00000105639",200,3.9799,1.0768,1.1136,"OK"
"TCGA-LUAD","75473987-65e2-43eb-a5bb-04cb7a40c902","TCGA-50-5932-11A-01R-1755-07","TCGA-50-5932","Solid Tissue Normal","EPHB2","ENSG00000133216",136,1.4732,0.3986,0.4122,"OK"
"TCGA-LUAD","dd6ec250-8d4d-4129-9664-7451c1760f4b","TCGA-86-8076-01A-31R-2241-07","TCGA-86-8076","Primary Tumor","JAK3","ENSG00000105639",2691,17.7591,7.1044,7.5328,"OK"
"TCGA-LUAD","dd6ec250-8d4d-4129-9664-7451c1760f4b","TCGA-86-8076-01A-31R-2241-07","TCGA-86-8076","Primary Tumor","EPHB2","ENSG00000133216",1563,5.6149,2.2462,2.3816,"OK"
"TCGA-LUAD","41f852c7-01e8-46b3-8082-da2e00a4ef9d","TCGA-78-7166-01A-12R-2066-07","TCGA-78-7166","Primary Tumor","JAK3","ENSG00000105639",1370,6.4683,3.2362,4.5667,"OK"
"TCGA-LUAD","41f852c7-01e8-46b3-8082-da2e00a4ef9d","TCGA-78-7166-01A-12R-2066-07","TCGA-78-7166","Primary Tumor","EPHB2","ENSG00000133216",641,1.6474,0.8242,1.1631,"OK"
"TCGA-LUAD","e6b0ab3e-2b95-4803-91f8-cfa385fe0386","TCGA-55-1596-01A-01R-0946-07","TCGA-55-1596","Primary Tumor","JAK3","ENSG00000105639",859,12.0907,3.7059,3.6607,"OK"
"TCGA-LUAD","e6b0ab3e-2b95-4803-91f8-cfa385fe0386","TCGA-55-1596-01A-01R-0946-07","TCGA-55-1596","Primary Tumor","EPHB2","ENSG00000133216",1800,13.7912,4.2271,4.1755,"OK"
"TCGA-LUAD","f4288244-7a1c-4a61-98f6-6c1a06ccde2d","TCGA-73-4670-01A-01R-1206-07","TCGA-73-4670","Primary Tumor","JAK3","ENSG00000105639",652,3.417,1.087,1.2763,"OK"
"TCGA-LUAD","f4288244-7a1c-4a61-98f6-6c1a06ccde2d","TCGA-73-4670-01A-01R-1206-07","TCGA-73-4670","Primary Tumor","EPHB2","ENSG00000133216",2353,6.7126,2.1354,2.5074,"OK"
"TCGA-LUAD","ac9d6b6d-37e9-44ca-9f70-0e6351c39341","TCGA-80-5607-01A-31R-1949-07","TCGA-80-5607","Primary Tumor","JAK3","ENSG00000105639",652,12.3442,3.7119,3.8006,"OK"
"TCGA-LUAD","ac9d6b6d-37e9-44ca-9f70-0e6351c39341","TCGA-80-5607-01A-31R-1949-07","TCGA-80-5607","Primary Tumor","EPHB2","ENSG00000133216",610,6.2866,1.8904,1.9356,"OK"
"TCGA-LUAD","e1a4e922-876b-45d1-8fb6-5d39dbf6ff60","TCGA-91-6836-11A-01R-1858-07","TCGA-91-6836","Solid Tissue Normal","JAK3","ENSG00000105639",415,6.7991,2.1755,2.3348,"OK"
"TCGA-LUAD","e1a4e922-876b-45d1-8fb6-5d39dbf6ff60","TCGA-91-6836-11A-01R-1858-07","TCGA-91-6836","Solid Tissue Normal","EPHB2","ENSG00000133216",276,2.4614,0.7876,0.8453,"OK"
"TCGA-LUAD","e7ae9253-4c2d-41bd-9d3a-c37e9841f479","TCGA-91-6836-01A-21R-1858-07","TCGA-91-6836","Primary Tumor","JAK3","ENSG00000105639",632,7.7739,2.1775,2.0539,"OK"
"TCGA-LUAD","e7ae9253-4c2d-41bd-9d3a-c37e9841f479","TCGA-91-6836-01A-21R-1858-07","TCGA-91-6836","Primary Tumor","EPHB2","ENSG00000133216",390,2.6113,0.7314,0.6899,"OK"
"TCGA-LUAD","b0eade9b-2ce4-4ffd-9db3-56958b452af6","TCGA-05-5420-01A-01R-1628-07","TCGA-05-5420","Primary Tumor","JAK3","ENSG00000105639",948,9.5341,5.5308,6.2605,"OK"
"TCGA-LUAD","b0eade9b-2ce4-4ffd-9db3-56958b452af6","TCGA-05-5420-01A-01R-1628-07","TCGA-05-5420","Primary Tumor","EPHB2","ENSG00000133216",172,0.9416,0.5462,0.6183,"OK"
"TCGA-LUAD","efb3bf8d-7d14-42d6-8845-e81af909d47f","TCGA-44-6146-11A-01R-1858-07","TCGA-44-6146","Solid Tissue Normal","JAK3","ENSG00000105639",371,6.9068,1.8944,1.9193,"OK"
"TCGA-LUAD","efb3bf8d-7d14-42d6-8845-e81af909d47f","TCGA-44-6146-11A-01R-1858-07","TCGA-44-6146","Solid Tissue Normal","EPHB2","ENSG00000133216",244,2.4727,0.6782,0.6871,"OK"
"TCGA-LUAD","67543f50-3821-4723-842d-3924b9a32142","TCGA-67-3770-01A-01R-0946-07","TCGA-67-3770","Primary Tumor","JAK3","ENSG00000105639",350,6.1167,2.002,2.4454,"OK"
"TCGA-LUAD","67543f50-3821-4723-842d-3924b9a32142","TCGA-67-3770-01A-01R-0946-07","TCGA-67-3770","Primary Tumor","EPHB2","ENSG00000133216",135,1.2843,0.4203,0.5134,"OK"
"TCGA-LUAD","25f44be3-2e4f-4121-ac23-21bd3866dbce","TCGA-05-4434-01A-01R-1206-07","TCGA-05-4434","Primary Tumor","JAK3","ENSG00000105639",5693,29.7094,9.1419,9.3193,"OK"
"TCGA-LUAD","25f44be3-2e4f-4121-ac23-21bd3866dbce","TCGA-05-4434-01A-01R-1206-07","TCGA-05-4434","Primary Tumor","EPHB2","ENSG00000133216",6878,19.5383,6.0122,6.1288,"OK"
"TCGA-LUAD","ad6ae9d2-c6f5-4686-9b3c-45ea130493f3","TCGA-55-6986-01A-11R-1949-07","TCGA-55-6986","Primary Tumor","JAK3","ENSG00000105639",537,9.2135,2.655,2.7949,"OK"
"TCGA-LUAD","ad6ae9d2-c6f5-4686-9b3c-45ea130493f3","TCGA-55-6986-01A-11R-1949-07","TCGA-55-6986","Primary Tumor","EPHB2","ENSG00000133216",740,6.9112,1.9916,2.0965,"OK"
"TCGA-LUAD","d3d249ab-0483-4e9c-99f3-07afb5b6dabc","TCGA-50-5935-01A-11R-1755-07","TCGA-50-5935","Primary Tumor","JAK3","ENSG00000105639",1133,16.994,5.2294,5.303,"OK"
"TCGA-LUAD","d3d249ab-0483-4e9c-99f3-07afb5b6dabc","TCGA-50-5935-01A-11R-1755-07","TCGA-50-5935","Primary Tumor","EPHB2","ENSG00000133216",870,7.1033,2.1858,2.2166,"OK"
"TCGA-LUAD","929473bf-434c-438e-b16c-c34bfb0b98ea","TCGA-50-5051-01A-21R-1858-07","TCGA-50-5051","Primary Tumor","JAK3","ENSG00000105639",611,7.5528,2.937,3.3407,"OK"
"TCGA-LUAD","929473bf-434c-438e-b16c-c34bfb0b98ea","TCGA-50-5051-01A-21R-1858-07","TCGA-50-5051","Primary Tumor","EPHB2","ENSG00000133216",520,3.499,1.3606,1.5476,"OK"
"TCGA-LUAD","458042ad-bec8-4433-80da-70f517a440f7","TCGA-55-7576-01A-11R-2066-07","TCGA-55-7576","Primary Tumor","JAK3","ENSG00000105639",1743,10.0151,3.1127,3.1273,"OK"
"TCGA-LUAD","458042ad-bec8-4433-80da-70f517a440f7","TCGA-55-7576-01A-11R-2066-07","TCGA-55-7576","Primary Tumor","EPHB2","ENSG00000133216",4871,15.2353,4.7351,4.7574,"OK"
"TCGA-LUAD","2e0c7cfb-2794-4c86-b43e-8215c39186d8","TCGA-05-4402-01A-01R-1206-07","TCGA-05-4402","Primary Tumor","JAK3","ENSG00000105639",1432,7.1774,2.3706,2.3769,"OK"
"TCGA-LUAD","2e0c7cfb-2794-4c86-b43e-8215c39186d8","TCGA-05-4402-01A-01R-1206-07","TCGA-05-4402","Primary Tumor","EPHB2","ENSG00000133216",6603,18.0152,5.9503,5.9661,"OK"
"TCGA-LUAD","2e2eb2df-d002-49ac-86e7-5ed33e9eabf3","TCGA-97-8179-01A-11R-2287-07","TCGA-97-8179","Primary Tumor","JAK3","ENSG00000105639",531,4.7611,1.5285,1.4977,"OK"
"TCGA-LUAD","2e2eb2df-d002-49ac-86e7-5ed33e9eabf3","TCGA-97-8179-01A-11R-2287-07","TCGA-97-8179","Primary Tumor","EPHB2","ENSG00000133216",366,1.7863,0.5735,0.5619,"OK"
"TCGA-LUAD","23ab7447-ba7a-4947-bacf-2c0b209b38cf","TCGA-44-5644-01A-21R-2039-07","TCGA-44-5644","Primary Tumor","JAK3","ENSG00000105639",408,5.9302,2.0026,1.959,"OK"
"TCGA-LUAD","23ab7447-ba7a-4947-bacf-2c0b209b38cf","TCGA-44-5644-01A-21R-2039-07","TCGA-44-5644","Primary Tumor","EPHB2","ENSG00000133216",2067,16.3539,5.5228,5.4023,"OK"
"TCGA-LUAD","1876b908-e911-464f-be23-2b4eae0a43b6","TCGA-49-6744-01A-11R-1858-07","TCGA-49-6744","Primary Tumor","JAK3","ENSG00000105639",1423,14.4632,5.1628,5.1903,"OK"
"TCGA-LUAD","1876b908-e911-464f-be23-2b4eae0a43b6","TCGA-49-6744-01A-11R-1858-07","TCGA-49-6744","Primary Tumor","EPHB2","ENSG00000133216",2687,14.8662,5.3067,5.3349,"OK"
"TCGA-LUAD","9c7f6057-8225-4447-adb3-aed12aa974ad","TCGA-49-6744-11A-01R-1858-07","TCGA-49-6744","Solid Tissue Normal","JAK3","ENSG00000105639",185,3.1027,0.8281,0.856,"OK"
"TCGA-LUAD","9c7f6057-8225-4447-adb3-aed12aa974ad","TCGA-49-6744-11A-01R-1858-07","TCGA-49-6744","Solid Tissue Normal","EPHB2","ENSG00000133216",363,3.3139,0.8845,0.9143,"OK"
"TCGA-LUAD","f93cc1fb-b3d9-4b1e-94bf-54e40b505b34","TCGA-75-5125-01A-01R-1755-07","TCGA-75-5125","Primary Tumor","JAK3","ENSG00000105639",1652,22.3233,6.5598,6.2732,"OK"
"TCGA-LUAD","f93cc1fb-b3d9-4b1e-94bf-54e40b505b34","TCGA-75-5125-01A-01R-1755-07","TCGA-75-5125","Primary Tumor","EPHB2","ENSG00000133216",1246,9.1651,2.6932,2.5756,"OK"
"TCGA-LUAD","6bec00ac-81d0-4f29-bb4d-99102992914c","TCGA-97-7546-01A-11R-2039-07","TCGA-97-7546","Primary Tumor","JAK3","ENSG00000105639",1037,11.8581,3.4904,3.4657,"OK"
"TCGA-LUAD","6bec00ac-81d0-4f29-bb4d-99102992914c","TCGA-97-7546-01A-11R-2039-07","TCGA-97-7546","Primary Tumor","EPHB2","ENSG00000133216",1090,6.7848,1.9971,1.9829,"OK"
"TCGA-LUAD","eeacf4ac-09cf-41a8-8066-c38a173e61b4","TCGA-55-7911-01A-11R-2170-07","TCGA-55-7911","Primary Tumor","JAK3","ENSG00000105639",1832,21.9922,6.682,6.6671,"OK"
"TCGA-LUAD","eeacf4ac-09cf-41a8-8066-c38a173e61b4","TCGA-55-7911-01A-11R-2170-07","TCGA-55-7911","Primary Tumor","EPHB2","ENSG00000133216",1056,6.9005,2.0966,2.0919,"OK"
"TCGA-LUAD","eac5ebd0-d788-4908-8eb7-976d6b611667","TCGA-44-2655-01A-01R-0946-07","TCGA-44-2655","Primary Tumor","JAK3","ENSG00000105639",1827,10.1075,3.1876,3.4583,"OK"
"TCGA-LUAD","eac5ebd0-d788-4908-8eb7-976d6b611667","TCGA-44-2655-01A-01R-0946-07","TCGA-44-2655","Primary Tumor","EPHB2","ENSG00000133216",857,2.5808,0.8139,0.883,"OK"
"TCGA-LUAD","db07bd22-cf7a-4504-9491-1bdeb1e14339","TCGA-44-5643-01A-01R-1628-07","TCGA-44-5643","Primary Tumor","JAK3","ENSG00000105639",896,13.577,3.8113,3.7398,"OK"
"TCGA-LUAD","db07bd22-cf7a-4504-9491-1bdeb1e14339","TCGA-44-5643-01A-01R-1628-07","TCGA-44-5643","Primary Tumor","EPHB2","ENSG00000133216",1106,9.1227,2.5609,2.5129,"OK"
"TCGA-LUAD","09f9f414-db5b-4b54-9e8e-234bf9d7c678","TCGA-69-7764-01A-11R-2170-07","TCGA-69-7764","Primary Tumor","JAK3","ENSG00000105639",643,8.9461,2.9966,3.0316,"OK"
"TCGA-LUAD","09f9f414-db5b-4b54-9e8e-234bf9d7c678","TCGA-69-7764-01A-11R-2170-07","TCGA-69-7764","Primary Tumor","EPHB2","ENSG00000133216",342,2.5901,0.8676,0.8777,"OK"
"TCGA-LUAD","8e14dba9-6132-483c-892b-b244704fdc38","TCGA-91-6835-01A-11R-1858-07","TCGA-91-6835","Primary Tumor","JAK3","ENSG00000105639",3628,49.9388,12.6609,11.6674,"OK"
"TCGA-LUAD","8e14dba9-6132-483c-892b-b244704fdc38","TCGA-91-6835-01A-11R-1858-07","TCGA-91-6835","Primary Tumor","EPHB2","ENSG00000133216",4411,33.0507,8.3793,7.7218,"OK"
"TCGA-LUAD","0b73f593-b6e8-4897-9b9b-f09e65e436b7","TCGA-NJ-A4YI-01A-11R-A262-07","TCGA-NJ-A4YI","Primary Tumor","JAK3","ENSG00000105639",1413,23.4411,6.8066,6.6417,"OK"
"TCGA-LUAD","0b73f593-b6e8-4897-9b9b-f09e65e436b7","TCGA-NJ-A4YI-01A-11R-A262-07","TCGA-NJ-A4YI","Primary Tumor","EPHB2","ENSG00000133216",1511,13.645,3.9621,3.8661,"OK"
"TCGA-LUAD","deb2d529-5ea7-4a41-be07-f9239d7ac759","TCGA-S2-AA1A-01A-12R-A39D-07","TCGA-S2-AA1A","Primary Tumor","JAK3","ENSG00000105639",2918,27.6271,13.5307,13.6825,"OK"
"TCGA-LUAD","deb2d529-5ea7-4a41-be07-f9239d7ac759","TCGA-S2-AA1A-01A-12R-A39D-07","TCGA-S2-AA1A","Primary Tumor","EPHB2","ENSG00000133216",467,2.4068,1.1788,1.192,"OK"
"TCGA-LUAD","de26de4a-c738-4a8b-a44a-0eab208c0db2","TCGA-L4-A4E5-01A-11R-A24X-07","TCGA-L4-A4E5","Primary Tumor","JAK3","ENSG00000105639",1220,10.7613,4.0306,3.9887,"OK"
"TCGA-LUAD","de26de4a-c738-4a8b-a44a-0eab208c0db2","TCGA-L4-A4E5-01A-11R-A24X-07","TCGA-L4-A4E5","Primary Tumor","EPHB2","ENSG00000133216",2654,12.7432,4.7729,4.7233,"OK"
"TCGA-LUAD","5f4fa91b-489e-4ac9-b685-53952f77bd7a","TCGA-44-6777-01A-11R-1858-07","TCGA-44-6777","Primary Tumor","JAK3","ENSG00000105639",1355,14.2694,4.602,5.34,"OK"
"TCGA-LUAD","5f4fa91b-489e-4ac9-b685-53952f77bd7a","TCGA-44-6777-01A-11R-1858-07","TCGA-44-6777","Primary Tumor","EPHB2","ENSG00000133216",1077,6.1738,1.9911,2.3104,"OK"
"TCGA-LUAD","76cc364e-8214-4a17-8083-9ea80e74c400","TCGA-62-8398-01A-11R-2326-07","TCGA-62-8398","Primary Tumor","JAK3","ENSG00000105639",1539,14.6932,4.1621,4.2487,"OK"
"TCGA-LUAD","76cc364e-8214-4a17-8083-9ea80e74c400","TCGA-62-8398-01A-11R-2326-07","TCGA-62-8398","Primary Tumor","EPHB2","ENSG00000133216",1070,5.5608,1.5752,1.608,"OK"
"TCGA-LUAD","d4778869-f3f2-481b-ab02-65a654128766","TCGA-44-2655-11A-01R-1758-07","TCGA-44-2655","Solid Tissue Normal","JAK3","ENSG00000105639",578,4.2667,1.2023,1.3078,"OK"
"TCGA-LUAD","d4778869-f3f2-481b-ab02-65a654128766","TCGA-44-2655-11A-01R-1758-07","TCGA-44-2655","Solid Tissue Normal","EPHB2","ENSG00000133216",809,3.2508,0.916,0.9964,"OK"
"TCGA-LUAD","b06a3383-3a16-4f91-91c4-71cad60dae4b","TCGA-55-A48X-01A-11R-A24H-07","TCGA-55-A48X","Primary Tumor","JAK3","ENSG00000105639",3024,34.0986,11.3268,10.6899,"OK"
"TCGA-LUAD","b06a3383-3a16-4f91-91c4-71cad60dae4b","TCGA-55-A48X-01A-11R-A24H-07","TCGA-55-A48X","Primary Tumor","EPHB2","ENSG00000133216",2266,13.9087,4.6202,4.3604,"OK"
"TCGA-LUAD","d23c89e5-b295-40b7-a5e8-ee1d4a584dd4","TCGA-71-8520-01A-11R-2403-07","TCGA-71-8520","Primary Tumor","JAK3","ENSG00000105639",631,11.0153,2.9234,2.8297,"OK"
"TCGA-LUAD","d23c89e5-b295-40b7-a5e8-ee1d4a584dd4","TCGA-71-8520-01A-11R-2403-07","TCGA-71-8520","Primary Tumor","EPHB2","ENSG00000133216",996,9.4646,2.5118,2.4314,"OK"
"TCGA-LUAD","8a2d17e2-4ec1-42b6-8825-6d80ffe4b916","TCGA-97-7553-01A-21R-2039-07","TCGA-97-7553","Primary Tumor","JAK3","ENSG00000105639",1794,17.7596,5.3947,5.3346,"OK"
"TCGA-LUAD","8a2d17e2-4ec1-42b6-8825-6d80ffe4b916","TCGA-97-7553-01A-21R-2039-07","TCGA-97-7553","Primary Tumor","EPHB2","ENSG00000133216",1275,6.8706,2.087,2.0638,"OK"
"TCGA-LUAD","d84121c5-5421-43a4-825a-40f357ecc97b","TCGA-95-A4VN-01A-11R-A262-07","TCGA-95-A4VN","Primary Tumor","JAK3","ENSG00000105639",2504,26.1841,8.2887,8.3144,"OK"
"TCGA-LUAD","d84121c5-5421-43a4-825a-40f357ecc97b","TCGA-95-A4VN-01A-11R-A262-07","TCGA-95-A4VN","Primary Tumor","EPHB2","ENSG00000133216",2765,15.7388,4.9822,4.9976,"OK"
"TCGA-LUAD","de38d138-723c-4256-98f4-2788f7cf1e87","TCGA-97-8171-01A-11R-2287-07","TCGA-97-8171","Primary Tumor","JAK3","ENSG00000105639",354,1.9557,0.6544,0.729,"OK"
"TCGA-LUAD","de38d138-723c-4256-98f4-2788f7cf1e87","TCGA-97-8171-01A-11R-2287-07","TCGA-97-8171","Primary Tumor","EPHB2","ENSG00000133216",349,1.0496,0.3512,0.3912,"OK"
"TCGA-LUAD","990303de-eff3-4418-b305-9bf63236826f","TCGA-86-8056-01A-11R-2241-07","TCGA-86-8056","Primary Tumor","JAK3","ENSG00000105639",1009,8.3903,2.1387,1.9212,"OK"
"TCGA-LUAD","990303de-eff3-4418-b305-9bf63236826f","TCGA-86-8056-01A-11R-2241-07","TCGA-86-8056","Primary Tumor","EPHB2","ENSG00000133216",1074,4.8614,1.2392,1.1132,"OK"
"TCGA-LUAD","47fc2fd2-84ce-49e2-8481-407d7a639042","TCGA-55-7227-01A-11R-2039-07","TCGA-55-7227","Primary Tumor","JAK3","ENSG00000105639",1134,14.7683,4.6954,4.9127,"OK"
"TCGA-LUAD","47fc2fd2-84ce-49e2-8481-407d7a639042","TCGA-55-7227-01A-11R-2039-07","TCGA-55-7227","Primary Tumor","EPHB2","ENSG00000133216",1332,9.4427,3.0022,3.1411,"OK"
"TCGA-LUAD","9bd26335-dd71-4821-b7d1-a4e24430fbb3","TCGA-L9-A444-01A-21R-A24H-07","TCGA-L9-A444","Primary Tumor","JAK3","ENSG00000105639",2701,28.5009,13.2452,13.5417,"OK"
"TCGA-LUAD","9bd26335-dd71-4821-b7d1-a4e24430fbb3","TCGA-L9-A444-01A-21R-A24H-07","TCGA-L9-A444","Primary Tumor","EPHB2","ENSG00000133216",720,4.1356,1.9219,1.965,"OK"
"TCGA-LUAD","65f85615-96a2-4b3c-ac05-ab67d0bf9e99","TCGA-91-8497-01A-11R-2403-07","TCGA-91-8497","Primary Tumor","JAK3","ENSG00000105639",1711,22.4696,8.2909,8.1618,"OK"
"TCGA-LUAD","65f85615-96a2-4b3c-ac05-ab67d0bf9e99","TCGA-91-8497-01A-11R-2403-07","TCGA-91-8497","Primary Tumor","EPHB2","ENSG00000133216",446,3.1883,1.1764,1.1581,"OK"
"TCGA-LUAD","215f38d1-a17c-4189-97f6-ae20361b0f3f","TCGA-55-7816-01A-11R-2170-07","TCGA-55-7816","Primary Tumor","JAK3","ENSG00000105639",1611,14.8062,4.321,4.6332,"OK"
"TCGA-LUAD","215f38d1-a17c-4189-97f6-ae20361b0f3f","TCGA-55-7816-01A-11R-2170-07","TCGA-55-7816","Primary Tumor","EPHB2","ENSG00000133216",2312,11.5667,3.3756,3.6195,"OK"
"TCGA-LUAD","26c96b62-02b6-4108-9a2d-bec3d880db2a","TCGA-55-6983-01A-11R-1949-07","TCGA-55-6983","Primary Tumor","JAK3","ENSG00000105639",2757,19.376,6.3003,6.6141,"OK"
"TCGA-LUAD","26c96b62-02b6-4108-9a2d-bec3d880db2a","TCGA-55-6983-01A-11R-1949-07","TCGA-55-6983","Primary Tumor","EPHB2","ENSG00000133216",1467,5.6122,1.8248,1.9157,"OK"
"TCGA-LUAD","1120d776-47df-4f72-862e-427d3c44dd43","TCGA-53-7624-01A-11R-2066-07","TCGA-53-7624","Primary Tumor","JAK3","ENSG00000105639",881,10.7702,2.9297,2.8535,"OK"
"TCGA-LUAD","1120d776-47df-4f72-862e-427d3c44dd43","TCGA-53-7624-01A-11R-2066-07","TCGA-53-7624","Primary Tumor","EPHB2","ENSG00000133216",882,5.8694,1.5966,1.555,"OK"
"TCGA-LUAD","a9e3a464-50ea-49a0-9482-1513ed167bf4","TCGA-L9-A7SV-01A-11R-A39D-07","TCGA-L9-A7SV","Primary Tumor","JAK3","ENSG00000105639",608,4.9816,1.6577,1.6194,"OK"
"TCGA-LUAD","a9e3a464-50ea-49a0-9482-1513ed167bf4","TCGA-L9-A7SV-01A-11R-A39D-07","TCGA-L9-A7SV","Primary Tumor","EPHB2","ENSG00000133216",3648,16.2701,5.4142,5.289,"OK"
"TCGA-LUAD","c5a1245e-f3c5-4f42-afd6-9b12f01a6445","TCGA-44-6778-01A-11R-1858-07","TCGA-44-6778","Primary Tumor","JAK3","ENSG00000105639",2098,28.713,10.1191,9.5025,"OK"
"TCGA-LUAD","c5a1245e-f3c5-4f42-afd6-9b12f01a6445","TCGA-44-6778-01A-11R-1858-07","TCGA-44-6778","Primary Tumor","EPHB2","ENSG00000133216",502,3.7398,1.318,1.2377,"OK"
"TCGA-LUAD","576ad342-ce70-4c3c-b69d-8f1f5c4cd358","TCGA-75-6207-01A-11R-1755-07","TCGA-75-6207","Primary Tumor","JAK3","ENSG00000105639",406,5.923,1.5207,1.3169,"OK"
"TCGA-LUAD","576ad342-ce70-4c3c-b69d-8f1f5c4cd358","TCGA-75-6207-01A-11R-1755-07","TCGA-75-6207","Primary Tumor","EPHB2","ENSG00000133216",3101,24.6258,6.3224,5.4753,"OK"
"TCGA-LUAD","48d5fe32-37ca-4717-af64-1343a3561849","TCGA-MP-A4T6-01A-32R-A262-07","TCGA-MP-A4T6","Primary Tumor","JAK3","ENSG00000105639",3915,34.5551,10.9149,10.3453,"OK"
"TCGA-LUAD","48d5fe32-37ca-4717-af64-1343a3561849","TCGA-MP-A4T6-01A-32R-A262-07","TCGA-MP-A4T6","Primary Tumor","EPHB2","ENSG00000133216",1884,9.0518,2.8592,2.71,"OK"
"TCGA-LUAD","cc481383-4ebf-410c-8dd7-ef0b117bd035","TCGA-62-8399-01A-21R-2326-07","TCGA-62-8399","Primary Tumor","JAK3","ENSG00000105639",1117,11.0703,3.3136,3.087,"OK"
"TCGA-LUAD","cc481383-4ebf-410c-8dd7-ef0b117bd035","TCGA-62-8399-01A-21R-2326-07","TCGA-62-8399","Primary Tumor","EPHB2","ENSG00000133216",498,2.6866,0.8042,0.7492,"OK"
"TCGA-LUAD","74b6cce1-6a5b-4f86-8f41-d842106bfe8f","TCGA-55-8085-01A-11R-2241-07","TCGA-55-8085","Primary Tumor","JAK3","ENSG00000105639",2087,14.0822,5.0002,5.256,"OK"
"TCGA-LUAD","74b6cce1-6a5b-4f86-8f41-d842106bfe8f","TCGA-55-8085-01A-11R-2241-07","TCGA-55-8085","Primary Tumor","EPHB2","ENSG00000133216",978,3.5922,1.2755,1.3407,"OK"
"TCGA-LUAD","eac45bfd-6795-47a4-8d6b-5a7c8bc76cd1","TCGA-49-4490-11A-01R-1858-07","TCGA-49-4490","Solid Tissue Normal","JAK3","ENSG00000105639",235,3.0151,0.9853,1.2204,"OK"
"TCGA-LUAD","eac45bfd-6795-47a4-8d6b-5a7c8bc76cd1","TCGA-49-4490-11A-01R-1858-07","TCGA-49-4490","Solid Tissue Normal","EPHB2","ENSG00000133216",171,1.1943,0.3903,0.4834,"OK"
"TCGA-LUAD","5a7bd024-3d92-4e64-86bd-b6eea34f6526","TCGA-35-4123-01A-01R-1107-07","TCGA-35-4123","Primary Tumor","JAK3","ENSG00000105639",1745,15.2448,5.1957,5.5711,"OK"
"TCGA-LUAD","5a7bd024-3d92-4e64-86bd-b6eea34f6526","TCGA-35-4123-01A-01R-1107-07","TCGA-35-4123","Primary Tumor","EPHB2","ENSG00000133216",2514,11.9554,4.0746,4.369,"OK"
"TCGA-LUAD","1c5de7db-7e05-4289-ace6-b59b6e2392e7","TCGA-86-A4P8-01A-11R-A24X-07","TCGA-86-A4P8","Primary Tumor","JAK3","ENSG00000105639",1885,20.0075,5.9676,5.851,"OK"
"TCGA-LUAD","1c5de7db-7e05-4289-ace6-b59b6e2392e7","TCGA-86-A4P8-01A-11R-A24X-07","TCGA-86-A4P8","Primary Tumor","EPHB2","ENSG00000133216",469,2.7097,0.8082,0.7924,"OK"
"TCGA-LUAD","e6543906-a4e3-447c-8040-310979304204","TCGA-44-8117-01A-11R-2241-07","TCGA-44-8117","Primary Tumor","JAK3","ENSG00000105639",1796,12.3845,3.5908,3.6969,"OK"
"TCGA-LUAD","e6543906-a4e3-447c-8040-310979304204","TCGA-44-8117-01A-11R-2241-07","TCGA-44-8117","Primary Tumor","EPHB2","ENSG00000133216",562,2.1095,0.6116,0.6297,"OK"
"TCGA-LUAD","69a379e5-c8ba-43ed-b267-bad111c851fb","TCGA-55-7994-01A-11R-2187-07","TCGA-55-7994","Primary Tumor","JAK3","ENSG00000105639",3742,33.1427,8.7934,8.5923,"OK"
"TCGA-LUAD","69a379e5-c8ba-43ed-b267-bad111c851fb","TCGA-55-7994-01A-11R-2187-07","TCGA-55-7994","Primary Tumor","EPHB2","ENSG00000133216",4473,21.5653,5.7217,5.5908,"OK"
"TCGA-LUAD","38cc1ced-6874-4aed-ab73-8c6344564cd6","TCGA-49-6767-01A-11R-1858-07","TCGA-49-6767","Primary Tumor","JAK3","ENSG00000105639",1361,20.3123,6.093,6.0577,"OK"
"TCGA-LUAD","38cc1ced-6874-4aed-ab73-8c6344564cd6","TCGA-49-6767-01A-11R-1858-07","TCGA-49-6767","Primary Tumor","EPHB2","ENSG00000133216",3867,31.4158,9.4237,9.369,"OK"
"TCGA-LUAD","cff4fca2-d0e1-4e90-9d3c-639f995fc9ed","TCGA-44-3918-01A-01R-A278-07","TCGA-44-3918","Primary Tumor","JAK3","ENSG00000105639",1477,12.061,5.8459,5.571,"OK"
"TCGA-LUAD","cff4fca2-d0e1-4e90-9d3c-639f995fc9ed","TCGA-44-3918-01A-01R-A278-07","TCGA-44-3918","Primary Tumor","EPHB2","ENSG00000133216",510,2.267,1.0988,1.0471,"OK"
"TCGA-LUAD","2bbe47a1-f055-43e7-94d3-06aafb5af6e8","TCGA-44-A47A-01A-21R-A24H-07","TCGA-44-A47A","Primary Tumor","JAK3","ENSG00000105639",1193,15.6709,4.372,4.4029,"OK"
"TCGA-LUAD","2bbe47a1-f055-43e7-94d3-06aafb5af6e8","TCGA-44-A47A-01A-21R-A24H-07","TCGA-44-A47A","Primary Tumor","EPHB2","ENSG00000133216",220,1.5731,0.4389,0.442,"OK"
"TCGA-LUAD","883bbed6-0216-48c2-9694-5dba83ce65c7","TCGA-55-6968-01A-11R-1949-07","TCGA-55-6968","Primary Tumor","JAK3","ENSG00000105639",1191,14.1055,5.6375,4.9126,"OK"
"TCGA-LUAD","883bbed6-0216-48c2-9694-5dba83ce65c7","TCGA-55-6968-01A-11R-1949-07","TCGA-55-6968","Primary Tumor","EPHB2","ENSG00000133216",1356,8.742,3.4939,3.0446,"OK"
"TCGA-LUAD","78d70b30-8812-4802-bca7-f1b8135b9cbd","TCGA-44-8120-01A-11R-2241-07","TCGA-44-8120","Primary Tumor","JAK3","ENSG00000105639",1030,8.1211,2.2296,2.1379,"OK"
"TCGA-LUAD","78d70b30-8812-4802-bca7-f1b8135b9cbd","TCGA-44-8120-01A-11R-2241-07","TCGA-44-8120","Primary Tumor","EPHB2","ENSG00000133216",4524,19.4165,5.3306,5.1114,"OK"
"TCGA-LUAD","54a00dd0-503f-471f-88e4-8d6fcdcf8483","TCGA-38-4632-11A-01R-1755-07","TCGA-38-4632","Solid Tissue Normal","JAK3","ENSG00000105639",313,4.9184,1.6605,2.0254,"OK"
"TCGA-LUAD","54a00dd0-503f-471f-88e4-8d6fcdcf8483","TCGA-38-4632-11A-01R-1755-07","TCGA-38-4632","Solid Tissue Normal","EPHB2","ENSG00000133216",599,5.1237,1.7298,2.1099,"OK"
"TCGA-LUAD","4a5c811e-d5d9-48d7-9bcc-4c9dc72df8f4","TCGA-44-6148-01A-11R-1755-07","TCGA-44-6148","Primary Tumor","JAK3","ENSG00000105639",618,7.5888,2.4387,2.354,"OK"
"TCGA-LUAD","4a5c811e-d5d9-48d7-9bcc-4c9dc72df8f4","TCGA-44-6148-01A-11R-1755-07","TCGA-44-6148","Primary Tumor","EPHB2","ENSG00000133216",764,5.1068,1.6411,1.5841,"OK"
"TCGA-LUAD","2fe6f165-3396-4abd-a0cd-07968d826828","TCGA-91-6828-11A-01R-1858-07","TCGA-91-6828","Solid Tissue Normal","JAK3","ENSG00000105639",293,4.4102,1.2673,1.3501,"OK"
"TCGA-LUAD","2fe6f165-3396-4abd-a0cd-07968d826828","TCGA-91-6828-11A-01R-1858-07","TCGA-91-6828","Solid Tissue Normal","EPHB2","ENSG00000133216",132,1.0815,0.3108,0.3311,"OK"
"TCGA-LUAD","afdf58d1-5814-4e78-a92e-26fbcc97da32","TCGA-91-6828-01A-11R-1858-07","TCGA-91-6828","Primary Tumor","JAK3","ENSG00000105639",742,16.0643,4.7456,4.3441,"OK"
"TCGA-LUAD","afdf58d1-5814-4e78-a92e-26fbcc97da32","TCGA-91-6828-01A-11R-1858-07","TCGA-91-6828","Primary Tumor","EPHB2","ENSG00000133216",543,6.3993,1.8904,1.7305,"OK"
"TCGA-LUAD","fc757476-1d31-470b-b648-79608b201bdc","TCGA-MP-A4TJ-01A-51R-A262-07","TCGA-MP-A4TJ","Primary Tumor","JAK3","ENSG00000105639",3531,50.9794,19.2645,18.3655,"OK"
"TCGA-LUAD","fc757476-1d31-470b-b648-79608b201bdc","TCGA-MP-A4TJ-01A-51R-A262-07","TCGA-MP-A4TJ","Primary Tumor","EPHB2","ENSG00000133216",656,5.1555,1.9482,1.8573,"OK"
"TCGA-LUAD","bb64143e-c48a-45c7-914b-4ec5bcea9e27","TCGA-91-6849-11A-01R-1949-07","TCGA-91-6849","Solid Tissue Normal","JAK3","ENSG00000105639",188,3.3951,0.9754,0.9898,"OK"
"TCGA-LUAD","bb64143e-c48a-45c7-914b-4ec5bcea9e27","TCGA-91-6849-11A-01R-1949-07","TCGA-91-6849","Solid Tissue Normal","EPHB2","ENSG00000133216",155,1.5237,0.4377,0.4442,"OK"
"TCGA-LUAD","cb061496-b611-48bb-9484-c6ca07f9951e","TCGA-64-5778-01A-01R-1628-07","TCGA-64-5778","Primary Tumor","JAK3","ENSG00000105639",1165,11.5048,4.271,4.5871,"OK"
"TCGA-LUAD","cb061496-b611-48bb-9484-c6ca07f9951e","TCGA-64-5778-01A-01R-1628-07","TCGA-64-5778","Primary Tumor","EPHB2","ENSG00000133216",1673,8.9933,3.3387,3.5857,"OK"
"TCGA-LUAD","7a3f27a9-476d-43e2-abb8-db402f80dfcf","TCGA-55-5899-01A-11R-1628-07","TCGA-55-5899","Primary Tumor","JAK3","ENSG00000105639",594,8.18,2.6219,2.5314,"OK"
"TCGA-LUAD","7a3f27a9-476d-43e2-abb8-db402f80dfcf","TCGA-55-5899-01A-11R-1628-07","TCGA-55-5899","Primary Tumor","EPHB2","ENSG00000133216",2581,19.3476,6.2015,5.9873,"OK"
"TCGA-LUAD","490ee22a-f171-4f7f-9d49-835afe7388c1","TCGA-99-8028-01A-11R-2241-07","TCGA-99-8028","Primary Tumor","JAK3","ENSG00000105639",4106,24.7504,11.8496,13.0227,"OK"
"TCGA-LUAD","490ee22a-f171-4f7f-9d49-835afe7388c1","TCGA-99-8028-01A-11R-2241-07","TCGA-99-8028","Primary Tumor","EPHB2","ENSG00000133216",1468,4.8168,2.3061,2.5344,"OK"
"TCGA-LUAD","41e96482-bc24-4a1a-8ef2-8ef4d525ad40","TCGA-50-6591-01A-11R-1755-07","TCGA-50-6591","Primary Tumor","JAK3","ENSG00000105639",1093,18.7343,4.8177,4.7638,"OK"
"TCGA-LUAD","41e96482-bc24-4a1a-8ef2-8ef4d525ad40","TCGA-50-6591-01A-11R-1755-07","TCGA-50-6591","Primary Tumor","EPHB2","ENSG00000133216",2751,25.6673,6.6007,6.5268,"OK"
"TCGA-LUAD","26ea6a31-ea33-4bb9-814f-c0840dafe69e","TCGA-05-5425-01A-02R-1628-07","TCGA-05-5425","Primary Tumor","JAK3","ENSG00000105639",1117,13.1626,4.4964,4.6222,"OK"
"TCGA-LUAD","26ea6a31-ea33-4bb9-814f-c0840dafe69e","TCGA-05-5425-01A-02R-1628-07","TCGA-05-5425","Primary Tumor","EPHB2","ENSG00000133216",846,5.4267,1.8538,1.9056,"OK"
"TCGA-LUAD","21285d92-3596-4a82-91ae-a99e22479a3c","TCGA-64-5815-01A-01R-1628-07","TCGA-64-5815","Primary Tumor","JAK3","ENSG00000105639",586,10.0054,3.0011,3.477,"OK"
"TCGA-LUAD","21285d92-3596-4a82-91ae-a99e22479a3c","TCGA-64-5815-01A-01R-1628-07","TCGA-64-5815","Primary Tumor","EPHB2","ENSG00000133216",582,5.4092,1.6225,1.8797,"OK"
"TCGA-LUAD","593e91b8-cbcd-4dbf-95ed-9dce881a430b","TCGA-55-8513-01A-11R-2403-07","TCGA-55-8513","Primary Tumor","JAK3","ENSG00000105639",952,15.5222,4.9815,4.9818,"OK"
"TCGA-LUAD","593e91b8-cbcd-4dbf-95ed-9dce881a430b","TCGA-55-8513-01A-11R-2403-07","TCGA-55-8513","Primary Tumor","EPHB2","ENSG00000133216",361,3.204,1.0283,1.0283,"OK"
"TCGA-LUAD","8fadb6d4-de92-4301-9b6e-7dd857fec978","TCGA-95-7039-01A-11R-1949-07","TCGA-95-7039","Primary Tumor","JAK3","ENSG00000105639",409,6.8512,2.0525,2.0265,"OK"
"TCGA-LUAD","8fadb6d4-de92-4301-9b6e-7dd857fec978","TCGA-95-7039-01A-11R-1949-07","TCGA-95-7039","Primary Tumor","EPHB2","ENSG00000133216",556,5.0698,1.5189,1.4996,"OK"
"TCGA-LUAD","0765d9e8-0fec-46bc-832a-89945435d5b1","TCGA-L9-A50W-01A-12R-A39D-07","TCGA-L9-A50W","Primary Tumor","JAK3","ENSG00000105639",2036,17.1305,5.5393,5.6133,"OK"
"TCGA-LUAD","0765d9e8-0fec-46bc-832a-89945435d5b1","TCGA-L9-A50W-01A-12R-A39D-07","TCGA-L9-A50W","Primary Tumor","EPHB2","ENSG00000133216",1041,4.7678,1.5417,1.5623,"OK"
