"project","file_id","sample_barcode","patient_id","sample_type","gene_name","ensembl_id","unstranded","TPM","FPKM","FPKM_UQ","extraction_status"
"TCGA-BLCA","95b7f49a-ba2e-41a3-99aa-630c2520e5b9","TCGA-FD-A3NA-01A-11R-A21D-07","TCGA-FD-A3NA","Primary Tumor","JAK3","ENSG00000105639",850,6.4135,2.1256,2.1184,"OK"
"TCGA-BLCA","95b7f49a-ba2e-41a3-99aa-630c2520e5b9","TCGA-FD-A3NA-01A-11R-A21D-07","TCGA-FD-A3NA","Primary Tumor","EPHB2","ENSG00000133216",5518,22.6638,7.5113,7.4858,"OK"
"TCGA-BLCA","0aacd6c6-c2cb-4304-8d2d-ff63e15629c2","TCGA-DK-A6B2-01A-11R-A30C-07","TCGA-DK-A6B2","Primary Tumor","JAK3","ENSG00000105639",893,8.3437,2.7157,2.763,"OK"
"TCGA-BLCA","0aacd6c6-c2cb-4304-8d2d-ff63e15629c2","TCGA-DK-A6B2-01A-11R-A30C-07","TCGA-DK-A6B2","Primary Tumor","EPHB2","ENSG00000133216",2134,10.8536,3.5326,3.5941,"OK"
"TCGA-BLCA","91c2d903-e9f9-48de-b116-7b98c6940134","TCGA-GV-A3QG-01A-11R-A220-07","TCGA-GV-A3QG","Primary Tumor","JAK3","ENSG00000105639",6938,46.5672,15.9521,16.6378,"OK"
"TCGA-BLCA","91c2d903-e9f9-48de-b116-7b98c6940134","TCGA-GV-A3QG-01A-11R-A220-07","TCGA-GV-A3QG","Primary Tumor","EPHB2","ENSG00000133216",1675,6.1197,2.0964,2.1865,"OK"
"TCGA-BLCA","eebbde83-748b-4ca1-99f6-a3243d73d338","TCGA-DK-A3IU-01A-11R-A20F-07","TCGA-DK-A3IU","Primary Tumor","JAK3","ENSG00000105639",4329,34.1541,10.8125,12.2178,"OK"
"TCGA-BLCA","eebbde83-748b-4ca1-99f6-a3243d73d338","TCGA-DK-A3IU-01A-11R-A20F-07","TCGA-DK-A3IU","Primary Tumor","EPHB2","ENSG00000133216",597,2.5639,0.8117,0.9172,"OK"
"TCGA-BLCA","252d07c5-f0a0-43ca-911d-a7b1d903a975","TCGA-C4-A0EZ-01A-21R-A24X-07","TCGA-C4-A0EZ","Primary Tumor","JAK3","ENSG00000105639",177,1.8194,0.5266,0.4847,"OK"
"TCGA-BLCA","252d07c5-f0a0-43ca-911d-a7b1d903a975","TCGA-C4-A0EZ-01A-21R-A24X-07","TCGA-C4-A0EZ","Primary Tumor","EPHB2","ENSG00000133216",1324,7.4084,2.1443,1.9734,"OK"
"TCGA-BLCA","29efdff8-0a21-4955-bdd6-598c91fd2840","TCGA-HQ-A2OF-01A-11R-A26T-07","TCGA-HQ-A2OF","Primary Tumor","JAK3","ENSG00000105639",294,3.6358,0.948,0.8756,"OK"
"TCGA-BLCA","29efdff8-0a21-4955-bdd6-598c91fd2840","TCGA-HQ-A2OF-01A-11R-A26T-07","TCGA-HQ-A2OF","Primary Tumor","EPHB2","ENSG00000133216",747,5.0286,1.3112,1.211,"OK"
"TCGA-BLCA","1c69388f-5363-4762-ad0e-ecc431de99d2","TCGA-BT-A3PJ-01A-21R-A220-07","TCGA-BT-A3PJ","Primary Tumor","JAK3","ENSG00000105639",738,6.2593,1.7765,1.7763,"OK"
"TCGA-BLCA","1c69388f-5363-4762-ad0e-ecc431de99d2","TCGA-BT-A3PJ-01A-21R-A220-07","TCGA-BT-A3PJ","Primary Tumor","EPHB2","ENSG00000133216",10366,47.8576,13.5827,13.5811,"OK"
"TCGA-BLCA","aed471ec-47d4-4e8a-b5d7-182558c1a1d4","TCGA-K4-A3WU-01B-11R-A23N-07","TCGA-K4-A3WU","Primary Tumor","JAK3","ENSG00000105639",3037,20.8979,7.0391,6.9373,"OK"
"TCGA-BLCA","aed471ec-47d4-4e8a-b5d7-182558c1a1d4","TCGA-K4-A3WU-01B-11R-A23N-07","TCGA-K4-A3WU","Primary Tumor","EPHB2","ENSG00000133216",1443,5.405,1.8206,1.7943,"OK"
"TCGA-BLCA","d30946e4-eb06-43d5-838f-7b49aff86b06","TCGA-FD-A3B7-01A-31R-A20F-07","TCGA-FD-A3B7","Primary Tumor","JAK3","ENSG00000105639",2292,17.7264,5.9031,6.5783,"OK"
"TCGA-BLCA","d30946e4-eb06-43d5-838f-7b49aff86b06","TCGA-FD-A3B7-01A-31R-A20F-07","TCGA-FD-A3B7","Primary Tumor","EPHB2","ENSG00000133216",2763,11.6321,3.8736,4.3167,"OK"
"TCGA-BLCA","5839225c-030d-4435-83ba-5f8db75b9158","TCGA-GU-A42P-01A-11R-A23W-07","TCGA-GU-A42P","Primary Tumor","JAK3","ENSG00000105639",201,1.4551,0.4663,0.4573,"OK"
"TCGA-BLCA","5839225c-030d-4435-83ba-5f8db75b9158","TCGA-GU-A42P-01A-11R-A23W-07","TCGA-GU-A42P","Primary Tumor","EPHB2","ENSG00000133216",4345,17.1222,5.4864,5.3816,"OK"
"TCGA-BLCA","7bef9a78-a90f-447f-bdaa-3e9b821d5968","TCGA-GV-A40E-01A-12R-A23N-07","TCGA-GV-A40E","Primary Tumor","JAK3","ENSG00000105639",993,9.3132,2.9099,2.9966,"OK"
"TCGA-BLCA","7bef9a78-a90f-447f-bdaa-3e9b821d5968","TCGA-GV-A40E-01A-12R-A23N-07","TCGA-GV-A40E","Primary Tumor","EPHB2","ENSG00000133216",8533,43.5635,13.6113,14.0171,"OK"
"TCGA-BLCA","1dffefdd-9d5e-44f2-9646-a949b3a23972","TCGA-BL-A0C8-01B-04R-A277-07","TCGA-BL-A0C8","Primary Tumor","JAK3","ENSG00000105639",520,11.2748,3.7883,3.4078,"OK"
"TCGA-BLCA","1dffefdd-9d5e-44f2-9646-a949b3a23972","TCGA-BL-A0C8-01B-04R-A277-07","TCGA-BL-A0C8","Primary Tumor","EPHB2","ENSG00000133216",61,0.72,0.2419,0.2176,"OK"
"TCGA-BLCA","05e5accb-e761-4534-a81e-bf0354f7810c","TCGA-FD-A6TK-01A-42R-A33J-07","TCGA-FD-A6TK","Primary Tumor","JAK3","ENSG00000105639",1575,15.0655,4.4519,4.938,"OK"
"TCGA-BLCA","05e5accb-e761-4534-a81e-bf0354f7810c","TCGA-FD-A6TK-01A-42R-A33J-07","TCGA-FD-A6TK","Primary Tumor","EPHB2","ENSG00000133216",4563,23.7589,7.0208,7.7874,"OK"
"TCGA-BLCA","b8e668aa-1359-418b-9cd6-dc200dd91706","TCGA-ZF-AA4N-01A-11R-A38B-07","TCGA-ZF-AA4N","Primary Tumor","JAK3","ENSG00000105639",432,5.7695,1.7304,1.9052,"OK"
"TCGA-BLCA","b8e668aa-1359-418b-9cd6-dc200dd91706","TCGA-ZF-AA4N-01A-11R-A38B-07","TCGA-ZF-AA4N","Primary Tumor","EPHB2","ENSG00000133216",1272,9.2474,2.7735,3.0536,"OK"
"TCGA-BLCA","51a41e15-b4aa-414d-97df-5ea3b2311a8f","TCGA-DK-A1AA-01A-11R-A13Y-07","TCGA-DK-A1AA","Primary Tumor","JAK3","ENSG00000105639",433,3.1592,0.9827,1.0195,"OK"
"TCGA-BLCA","51a41e15-b4aa-414d-97df-5ea3b2311a8f","TCGA-DK-A1AA-01A-11R-A13Y-07","TCGA-DK-A1AA","Primary Tumor","EPHB2","ENSG00000133216",225,0.8936,0.278,0.2884,"OK"
"TCGA-BLCA","3eb51a70-fec9-4f37-9f16-ac74229f68e9","TCGA-HQ-A5ND-01A-11R-A26T-07","TCGA-HQ-A5ND","Primary Tumor","JAK3","ENSG00000105639",198,2.3773,0.6773,0.6629,"OK"
"TCGA-BLCA","3eb51a70-fec9-4f37-9f16-ac74229f68e9","TCGA-HQ-A5ND-01A-11R-A26T-07","TCGA-HQ-A5ND","Primary Tumor","EPHB2","ENSG00000133216",2259,14.764,4.2066,4.1172,"OK"
"TCGA-BLCA","2d300d54-7067-450d-b4c9-ad8c3642ba0a","TCGA-DK-AA74-01A-11R-A39I-07","TCGA-DK-AA74","Primary Tumor","JAK3","ENSG00000105639",2029,34.7205,11.7051,14.2019,"OK"
"TCGA-BLCA","2d300d54-7067-450d-b4c9-ad8c3642ba0a","TCGA-DK-AA74-01A-11R-A39I-07","TCGA-DK-AA74","Primary Tumor","EPHB2","ENSG00000133216",1866,17.3815,5.8597,7.1097,"OK"
"TCGA-BLCA","58508378-0fc5-45f9-bf10-1cb171c3e662","TCGA-GV-A3QI-01A-11R-A220-07","TCGA-GV-A3QI","Primary Tumor","JAK3","ENSG00000105639",423,3.532,0.9871,0.8453,"OK"
"TCGA-BLCA","58508378-0fc5-45f9-bf10-1cb171c3e662","TCGA-GV-A3QI-01A-11R-A220-07","TCGA-GV-A3QI","Primary Tumor","EPHB2","ENSG00000133216",708,3.218,0.8993,0.7701,"OK"
"TCGA-BLCA","762ea2fc-6b8d-4d68-9b2a-98a40b584065","TCGA-PQ-A6FI-01A-11R-A31N-07","TCGA-PQ-A6FI","Primary Tumor","JAK3","ENSG00000105639",910,7.1903,2.1852,2.4715,"OK"
"TCGA-BLCA","762ea2fc-6b8d-4d68-9b2a-98a40b584065","TCGA-PQ-A6FI-01A-11R-A31N-07","TCGA-PQ-A6FI","Primary Tumor","EPHB2","ENSG00000133216",1464,6.2968,1.9137,2.1644,"OK"
"TCGA-BLCA","7a47ff36-fa81-4b90-b88c-93f67128570e","TCGA-FD-A6TG-01A-11R-A32O-07","TCGA-FD-A6TG","Primary Tumor","JAK3","ENSG00000105639",672,5.3274,1.846,2.0367,"OK"
"TCGA-BLCA","7a47ff36-fa81-4b90-b88c-93f67128570e","TCGA-FD-A6TG-01A-11R-A32O-07","TCGA-FD-A6TG","Primary Tumor","EPHB2","ENSG00000133216",1260,5.4374,1.8841,2.0787,"OK"
"TCGA-BLCA","905e8f71-2689-4ce1-98e2-4cce62d2b095","TCGA-GV-A3JV-01A-11R-A220-07","TCGA-GV-A3JV","Primary Tumor","JAK3","ENSG00000105639",810,5.9659,2.029,2.1792,"OK"
"TCGA-BLCA","905e8f71-2689-4ce1-98e2-4cce62d2b095","TCGA-GV-A3JV-01A-11R-A220-07","TCGA-GV-A3JV","Primary Tumor","EPHB2","ENSG00000133216",2362,9.4699,3.2206,3.4592,"OK"
"TCGA-BLCA","a1abdff1-2677-4c32-a91c-cb1623ef462c","TCGA-FD-A62S-01A-11R-A30C-07","TCGA-FD-A62S","Primary Tumor","JAK3","ENSG00000105639",1739,17.5898,4.9503,5.2551,"OK"
"TCGA-BLCA","a1abdff1-2677-4c32-a91c-cb1623ef462c","TCGA-FD-A62S-01A-11R-A30C-07","TCGA-FD-A62S","Primary Tumor","EPHB2","ENSG00000133216",7311,40.2541,11.3288,12.0262,"OK"
"TCGA-BLCA","d7c791d1-bf6c-4542-a2b0-ae98db5aa653","TCGA-DK-AA6X-01A-12R-A42T-07","TCGA-DK-AA6X","Primary Tumor","JAK3","ENSG00000105639",649,10.7619,3.8441,3.6755,"OK"
"TCGA-BLCA","d7c791d1-bf6c-4542-a2b0-ae98db5aa653","TCGA-DK-AA6X-01A-12R-A42T-07","TCGA-DK-AA6X","Primary Tumor","EPHB2","ENSG00000133216",378,3.412,1.2187,1.1653,"OK"
"TCGA-BLCA","88281ea7-a99b-4164-a8f7-ec4395bdc816","TCGA-E7-A97P-01A-11R-A38B-07","TCGA-E7-A97P","Primary Tumor","JAK3","ENSG00000105639",2211,25.0405,7.6185,7.9814,"OK"
"TCGA-BLCA","88281ea7-a99b-4164-a8f7-ec4395bdc816","TCGA-E7-A97P-01A-11R-A38B-07","TCGA-E7-A97P","Primary Tumor","EPHB2","ENSG00000133216",884,5.4498,1.6581,1.7371,"OK"
"TCGA-BLCA","b1f22228-9e1b-42a3-8f60-ff0e60b4612b","TCGA-BT-A20T-01A-11R-A14Y-07","TCGA-BT-A20T","Primary Tumor","JAK3","ENSG00000105639",398,6.1902,2.2074,2.4003,"OK"
"TCGA-BLCA","b1f22228-9e1b-42a3-8f60-ff0e60b4612b","TCGA-BT-A20T-01A-11R-A14Y-07","TCGA-BT-A20T","Primary Tumor","EPHB2","ENSG00000133216",157,1.3292,0.474,0.5154,"OK"
"TCGA-BLCA","a4dbc388-4b0d-499a-82a8-77ca1aed53da","TCGA-XF-AAMH-01A-11R-A42T-07","TCGA-XF-AAMH","Primary Tumor","JAK3","ENSG00000105639",281,2.7756,0.9282,1.1254,"OK"
"TCGA-BLCA","a4dbc388-4b0d-499a-82a8-77ca1aed53da","TCGA-XF-AAMH-01A-11R-A42T-07","TCGA-XF-AAMH","Primary Tumor","EPHB2","ENSG00000133216",429,2.3066,0.7714,0.9352,"OK"
"TCGA-BLCA","2279f129-d06d-43f7-9f16-6e8d3a4feb56","TCGA-CF-A47W-01A-11R-A23W-07","TCGA-CF-A47W","Primary Tumor","JAK3","ENSG00000105639",673,4.5949,1.8921,2.4258,"OK"
"TCGA-BLCA","2279f129-d06d-43f7-9f16-6e8d3a4feb56","TCGA-CF-A47W-01A-11R-A23W-07","TCGA-CF-A47W","Primary Tumor","EPHB2","ENSG00000133216",161,0.5984,0.2464,0.3159,"OK"
"TCGA-BLCA","4355a25b-da41-4e70-8c23-1d5ddfdbf7ea","TCGA-4Z-AA7M-01A-11R-A39I-07","TCGA-4Z-AA7M","Primary Tumor","JAK3","ENSG00000105639",643,8.1159,2.6113,2.4986,"OK"
"TCGA-BLCA","4355a25b-da41-4e70-8c23-1d5ddfdbf7ea","TCGA-4Z-AA7M-01A-11R-A39I-07","TCGA-4Z-AA7M","Primary Tumor","EPHB2","ENSG00000133216",403,2.7689,0.8909,0.8524,"OK"
"TCGA-BLCA","5916b276-8e9d-41e6-8c41-3030c48cbdce","TCGA-E7-A8O7-01A-11R-A36F-07","TCGA-E7-A8O7","Primary Tumor","JAK3","ENSG00000105639",853,7.1036,2.224,2.0934,"OK"
"TCGA-BLCA","5916b276-8e9d-41e6-8c41-3030c48cbdce","TCGA-E7-A8O7-01A-11R-A36F-07","TCGA-E7-A8O7","Primary Tumor","EPHB2","ENSG00000133216",2587,11.7273,3.6716,3.456,"OK"
"TCGA-BLCA","8282ed85-8ba2-4a43-93cc-69bb7be57353","TCGA-ZF-A9RE-01A-11R-A38B-07","TCGA-ZF-A9RE","Primary Tumor","JAK3","ENSG00000105639",148,1.8239,0.5726,0.5795,"OK"
"TCGA-BLCA","8282ed85-8ba2-4a43-93cc-69bb7be57353","TCGA-ZF-A9RE-01A-11R-A38B-07","TCGA-ZF-A9RE","Primary Tumor","EPHB2","ENSG00000133216",215,1.4423,0.4528,0.4582,"OK"
"TCGA-BLCA","1b490f2b-97bb-4229-853d-d566ecc341d6","TCGA-XF-AAN3-01A-11R-A42T-07","TCGA-XF-AAN3","Primary Tumor","JAK3","ENSG00000105639",1637,6.973,2.1091,2.406,"OK"
"TCGA-BLCA","1b490f2b-97bb-4229-853d-d566ecc341d6","TCGA-XF-AAN3-01A-11R-A42T-07","TCGA-XF-AAN3","Primary Tumor","EPHB2","ENSG00000133216",7059,16.3676,4.9506,5.6477,"OK"
"TCGA-BLCA","b90c65f0-a8e2-4e44-96a6-fcaa6d71ebed","TCGA-G2-A2EC-01A-11R-A180-07","TCGA-G2-A2EC","Primary Tumor","JAK3","ENSG00000105639",1682,11.4123,4.5049,5.0131,"OK"
"TCGA-BLCA","b90c65f0-a8e2-4e44-96a6-fcaa6d71ebed","TCGA-G2-A2EC-01A-11R-A180-07","TCGA-G2-A2EC","Primary Tumor","EPHB2","ENSG00000133216",833,3.0766,1.2144,1.3514,"OK"
"TCGA-BLCA","a1d27fd6-5666-4124-a317-a1f6cd2b2935","TCGA-G2-AA3B-01A-11R-A39I-07","TCGA-G2-AA3B","Primary Tumor","JAK3","ENSG00000105639",674,3.5901,1.6237,1.8809,"OK"
"TCGA-BLCA","a1d27fd6-5666-4124-a317-a1f6cd2b2935","TCGA-G2-AA3B-01A-11R-A39I-07","TCGA-G2-AA3B","Primary Tumor","EPHB2","ENSG00000133216",417,1.2091,0.5468,0.6335,"OK"
"TCGA-BLCA","261618b0-d45b-4115-aab1-aebaf576d6ae","TCGA-ZF-AA5P-01A-11R-A39I-07","TCGA-ZF-AA5P","Primary Tumor","JAK3","ENSG00000105639",1277,12.4407,4.6435,5.3128,"OK"
"TCGA-BLCA","261618b0-d45b-4115-aab1-aebaf576d6ae","TCGA-ZF-AA5P-01A-11R-A39I-07","TCGA-ZF-AA5P","Primary Tumor","EPHB2","ENSG00000133216",321,1.7023,0.6354,0.727,"OK"
"TCGA-BLCA","e33cec2a-d24a-4fef-b5c6-dba7123a6005","TCGA-GD-A3OP-01A-21R-A220-07","TCGA-GD-A3OP","Primary Tumor","JAK3","ENSG00000105639",1045,7.2044,2.3938,2.3534,"OK"
"TCGA-BLCA","e33cec2a-d24a-4fef-b5c6-dba7123a6005","TCGA-GD-A3OP-01A-21R-A220-07","TCGA-GD-A3OP","Primary Tumor","EPHB2","ENSG00000133216",698,2.6195,0.8703,0.8557,"OK"
"TCGA-BLCA","627e89e2-8297-482b-9e59-2382e0e66da5","TCGA-DK-A1AC-01A-11R-A13Y-07","TCGA-DK-A1AC","Primary Tumor","JAK3","ENSG00000105639",1323,11.0124,3.3083,3.3757,"OK"
"TCGA-BLCA","627e89e2-8297-482b-9e59-2382e0e66da5","TCGA-DK-A1AC-01A-11R-A13Y-07","TCGA-DK-A1AC","Primary Tumor","EPHB2","ENSG00000133216",224,1.0149,0.3049,0.3111,"OK"
"TCGA-BLCA","93c4cd53-899b-421f-9bf4-360f8010aab4","TCGA-CF-A3MG-01A-11R-A20F-07","TCGA-CF-A3MG","Primary Tumor","JAK3","ENSG00000105639",93,1.1171,0.3437,0.3303,"OK"
"TCGA-BLCA","93c4cd53-899b-421f-9bf4-360f8010aab4","TCGA-CF-A3MG-01A-11R-A20F-07","TCGA-CF-A3MG","Primary Tumor","EPHB2","ENSG00000133216",766,5.0084,1.5409,1.4811,"OK"
"TCGA-BLCA","2fd4f1f9-57c6-4729-a541-6fa8a58950a6","TCGA-FD-A3B5-01A-11R-A20F-07","TCGA-FD-A3B5","Primary Tumor","JAK3","ENSG00000105639",331,2.4423,0.7733,0.9086,"OK"
"TCGA-BLCA","2fd4f1f9-57c6-4729-a541-6fa8a58950a6","TCGA-FD-A3B5-01A-11R-A20F-07","TCGA-FD-A3B5","Primary Tumor","EPHB2","ENSG00000133216",1928,7.7436,2.452,2.8808,"OK"
"TCGA-BLCA","06ea34ab-c935-429d-a2e8-f264a103138c","TCGA-DK-A1A7-01A-11R-A13Y-07","TCGA-DK-A1A7","Primary Tumor","JAK3","ENSG00000105639",532,1.9951,1.3199,2.3899,"OK"
"TCGA-BLCA","06ea34ab-c935-429d-a2e8-f264a103138c","TCGA-DK-A1A7-01A-11R-A13Y-07","TCGA-DK-A1A7","Primary Tumor","EPHB2","ENSG00000133216",2452,5.0054,3.3114,5.9961,"OK"
"TCGA-BLCA","78354679-491a-4177-af56-863fffbd7f23","TCGA-CF-A8HX-01A-11R-A36F-07","TCGA-CF-A8HX","Primary Tumor","JAK3","ENSG00000105639",563,3.4448,1.904,2.5425,"OK"
"TCGA-BLCA","78354679-491a-4177-af56-863fffbd7f23","TCGA-CF-A8HX-01A-11R-A36F-07","TCGA-CF-A8HX","Primary Tumor","EPHB2","ENSG00000133216",662,2.2049,1.2187,1.6274,"OK"
"TCGA-BLCA","db2d5d9c-248d-49ab-9058-0b7d2d5a6884","TCGA-FD-A3SL-01A-21R-A22U-07","TCGA-FD-A3SL","Primary Tumor","JAK3","ENSG00000105639",588,5.3895,1.8791,2.0939,"OK"
"TCGA-BLCA","db2d5d9c-248d-49ab-9058-0b7d2d5a6884","TCGA-FD-A3SL-01A-21R-A22U-07","TCGA-FD-A3SL","Primary Tumor","EPHB2","ENSG00000133216",348,1.7363,0.6054,0.6746,"OK"
"TCGA-BLCA","1f2028e7-ec61-4fe1-b8bc-26e909957068","TCGA-E7-A7DV-01A-11R-A33J-07","TCGA-E7-A7DV","Primary Tumor","JAK3","ENSG00000105639",973,7.4937,2.4814,2.8442,"OK"
"TCGA-BLCA","1f2028e7-ec61-4fe1-b8bc-26e909957068","TCGA-E7-A7DV-01A-11R-A33J-07","TCGA-E7-A7DV","Primary Tumor","EPHB2","ENSG00000133216",7240,30.3526,10.0506,11.5202,"OK"
"TCGA-BLCA","716e7829-401e-42de-b8c4-a07ca3e275cc","TCGA-BT-A20Q-11A-11R-A14Y-07","TCGA-BT-A20Q","Solid Tissue Normal","JAK3","ENSG00000105639",34,0.6257,0.1633,0.2232,"OK"
"TCGA-BLCA","716e7829-401e-42de-b8c4-a07ca3e275cc","TCGA-BT-A20Q-11A-11R-A14Y-07","TCGA-BT-A20Q","Solid Tissue Normal","EPHB2","ENSG00000133216",235,2.3542,0.6146,0.8397,"OK"
"TCGA-BLCA","d8a8fb13-b8db-4294-8f50-1f3087020ee9","TCGA-DK-A3IM-01A-11R-A20F-07","TCGA-DK-A3IM","Primary Tumor","JAK3","ENSG00000105639",291,2.1541,0.6752,0.7436,"OK"
"TCGA-BLCA","d8a8fb13-b8db-4294-8f50-1f3087020ee9","TCGA-DK-A3IM-01A-11R-A20F-07","TCGA-DK-A3IM","Primary Tumor","EPHB2","ENSG00000133216",2418,9.743,3.0539,3.3632,"OK"
"TCGA-BLCA","b483de59-dbd3-4fab-924f-2879bafff19b","TCGA-BT-A20W-01A-21R-A14Y-07","TCGA-BT-A20W","Primary Tumor","JAK3","ENSG00000105639",773,10.1348,3.5599,3.6535,"OK"
"TCGA-BLCA","b483de59-dbd3-4fab-924f-2879bafff19b","TCGA-BT-A20W-01A-21R-A14Y-07","TCGA-BT-A20W","Primary Tumor","EPHB2","ENSG00000133216",806,5.7523,2.0205,2.0736,"OK"
"TCGA-BLCA","2e7e37e4-d854-4c8f-bfdf-ba8ebb63d8c9","TCGA-C4-A0F6-01A-11R-A10U-07","TCGA-C4-A0F6","Primary Tumor","JAK3","ENSG00000105639",192,2.7175,1.0183,1.0609,"OK"
"TCGA-BLCA","2e7e37e4-d854-4c8f-bfdf-ba8ebb63d8c9","TCGA-C4-A0F6-01A-11R-A10U-07","TCGA-C4-A0F6","Primary Tumor","EPHB2","ENSG00000133216",717,5.524,2.0699,2.1565,"OK"
"TCGA-BLCA","ab504dbf-e1f0-46d2-83f9-0f4066055c71","TCGA-DK-AA6P-01A-11R-A39I-07","TCGA-DK-AA6P","Primary Tumor","JAK3","ENSG00000105639",244,2.9932,1.0184,1.01,"OK"
"TCGA-BLCA","ab504dbf-e1f0-46d2-83f9-0f4066055c71","TCGA-DK-AA6P-01A-11R-A39I-07","TCGA-DK-AA6P","Primary Tumor","EPHB2","ENSG00000133216",359,2.3972,0.8156,0.8089,"OK"
"TCGA-BLCA","d6d294a6-caa8-49d2-87a3-73b0aff9e07e","TCGA-GC-A3WC-11A-11R-A22U-07","TCGA-GC-A3WC","Solid Tissue Normal","JAK3","ENSG00000105639",1439,17.067,5.2311,5.9804,"OK"
"TCGA-BLCA","d6d294a6-caa8-49d2-87a3-73b0aff9e07e","TCGA-GC-A3WC-11A-11R-A22U-07","TCGA-GC-A3WC","Solid Tissue Normal","EPHB2","ENSG00000133216",468,3.0214,0.9261,1.0587,"OK"
"TCGA-BLCA","88e89f3e-3539-4d5d-b2e4-d22c8bd364d8","TCGA-ZF-A9RC-01A-11R-A38B-07","TCGA-ZF-A9RC","Primary Tumor","JAK3","ENSG00000105639",626,7.7758,2.7208,2.8024,"OK"
"TCGA-BLCA","88e89f3e-3539-4d5d-b2e4-d22c8bd364d8","TCGA-ZF-A9RC-01A-11R-A38B-07","TCGA-ZF-A9RC","Primary Tumor","EPHB2","ENSG00000133216",1558,10.5345,3.6861,3.7967,"OK"
"TCGA-BLCA","443fc087-28b0-408b-8e71-66198f1f15a1","TCGA-BL-A13J-11A-13R-A10U-07","TCGA-BL-A13J","Solid Tissue Normal","JAK3","ENSG00000105639",61,0.9894,0.2607,0.3314,"OK"
"TCGA-BLCA","443fc087-28b0-408b-8e71-66198f1f15a1","TCGA-BL-A13J-11A-13R-A10U-07","TCGA-BL-A13J","Solid Tissue Normal","EPHB2","ENSG00000133216",137,1.2096,0.3187,0.4051,"OK"
"TCGA-BLCA","4760b098-978b-4f2f-9bff-127d8edb48de","TCGA-BL-A13J-01A-11R-A277-07","TCGA-BL-A13J","Primary Tumor","JAK3","ENSG00000105639",478,4.4485,1.5743,1.5961,"OK"
"TCGA-BLCA","4760b098-978b-4f2f-9bff-127d8edb48de","TCGA-BL-A13J-01A-11R-A277-07","TCGA-BL-A13J","Primary Tumor","EPHB2","ENSG00000133216",1040,5.2685,1.8645,1.8903,"OK"
"TCGA-BLCA","c29d0f98-e33d-48df-a395-fa431cb1b1ba","TCGA-FD-A5BV-01A-11R-A26T-07","TCGA-FD-A5BV","Primary Tumor","JAK3","ENSG00000105639",494,5.8803,2.4656,2.5803,"OK"
"TCGA-BLCA","c29d0f98-e33d-48df-a395-fa431cb1b1ba","TCGA-FD-A5BV-01A-11R-A26T-07","TCGA-FD-A5BV","Primary Tumor","EPHB2","ENSG00000133216",1328,8.6049,3.608,3.7758,"OK"
"TCGA-BLCA","cb2a6de7-fbad-4101-aeae-c191e64818ae","TCGA-FD-A3SP-01A-31R-A22U-07","TCGA-FD-A3SP","Primary Tumor","JAK3","ENSG00000105639",2422,25.2959,6.9569,7.466,"OK"
"TCGA-BLCA","cb2a6de7-fbad-4101-aeae-c191e64818ae","TCGA-FD-A3SP-01A-31R-A22U-07","TCGA-FD-A3SP","Primary Tumor","EPHB2","ENSG00000133216",2731,15.5264,4.2701,4.5826,"OK"
"TCGA-BLCA","a0b6f91d-1921-4ec6-825f-c8a1cbc8649e","TCGA-UY-A78N-01A-12R-A33J-07","TCGA-UY-A78N","Primary Tumor","JAK3","ENSG00000105639",545,4.7368,1.5205,1.5591,"OK"
"TCGA-BLCA","a0b6f91d-1921-4ec6-825f-c8a1cbc8649e","TCGA-UY-A78N-01A-12R-A33J-07","TCGA-UY-A78N","Primary Tumor","EPHB2","ENSG00000133216",1136,5.3745,1.7252,1.769,"OK"
"TCGA-BLCA","fc157386-3d8e-432b-b2e4-643daaa05e58","TCGA-XF-A9T0-01A-11R-A39I-07","TCGA-XF-A9T0","Primary Tumor","JAK3","ENSG00000105639",804,9.0148,3.1879,3.1901,"OK"
"TCGA-BLCA","fc157386-3d8e-432b-b2e4-643daaa05e58","TCGA-XF-A9T0-01A-11R-A39I-07","TCGA-XF-A9T0","Primary Tumor","EPHB2","ENSG00000133216",210,1.2817,0.4533,0.4536,"OK"
"TCGA-BLCA","c31ed820-660d-4266-8b67-7a0228f2df77","TCGA-ZF-AA4U-01A-11R-A38B-07","TCGA-ZF-AA4U","Primary Tumor","JAK3","ENSG00000105639",135,1.5326,0.5029,0.5402,"OK"
"TCGA-BLCA","c31ed820-660d-4266-8b67-7a0228f2df77","TCGA-ZF-AA4U-01A-11R-A38B-07","TCGA-ZF-AA4U","Primary Tumor","EPHB2","ENSG00000133216",200,1.2359,0.4055,0.4357,"OK"
"TCGA-BLCA","3ba4be06-32ea-47aa-9f6f-2f4befd1bd6b","TCGA-E7-A5KF-01A-11R-A28M-07","TCGA-E7-A5KF","Primary Tumor","JAK3","ENSG00000105639",234,2.4375,0.708,0.6845,"OK"
"TCGA-BLCA","3ba4be06-32ea-47aa-9f6f-2f4befd1bd6b","TCGA-E7-A5KF-01A-11R-A28M-07","TCGA-E7-A5KF","Primary Tumor","EPHB2","ENSG00000133216",398,2.2568,0.6555,0.6337,"OK"
"TCGA-BLCA","152372fc-eebb-4fb5-b388-acdfec0f5e4d","TCGA-YF-AA3L-01A-11R-A38B-07","TCGA-YF-AA3L","Primary Tumor","JAK3","ENSG00000105639",665,5.9677,2.3837,2.6838,"OK"
"TCGA-BLCA","152372fc-eebb-4fb5-b388-acdfec0f5e4d","TCGA-YF-AA3L-01A-11R-A38B-07","TCGA-YF-AA3L","Primary Tumor","EPHB2","ENSG00000133216",1836,8.9687,3.5825,4.0334,"OK"
"TCGA-BLCA","b36498b1-cabf-45fb-965d-ef191b77a5a2","TCGA-4Z-AA89-01A-11R-A39I-07","TCGA-4Z-AA89","Primary Tumor","JAK3","ENSG00000105639",175,2.2768,0.7283,0.7474,"OK"
"TCGA-BLCA","b36498b1-cabf-45fb-965d-ef191b77a5a2","TCGA-4Z-AA89-01A-11R-A39I-07","TCGA-4Z-AA89","Primary Tumor","EPHB2","ENSG00000133216",381,2.6983,0.8631,0.8858,"OK"
"TCGA-BLCA","4e8b592f-d4ac-488c-94e4-a07387ec9724","TCGA-K4-A6FZ-01A-11R-A31N-07","TCGA-K4-A6FZ","Primary Tumor","JAK3","ENSG00000105639",835,6.6799,2.1084,2.1306,"OK"
"TCGA-BLCA","4e8b592f-d4ac-488c-94e4-a07387ec9724","TCGA-K4-A6FZ-01A-11R-A31N-07","TCGA-K4-A6FZ","Primary Tumor","EPHB2","ENSG00000133216",3817,16.6218,5.2463,5.3015,"OK"
"TCGA-BLCA","efc448d3-a3c6-4df9-a626-907ce3d5bcfc","TCGA-LT-A8JT-01A-11R-A36F-07","TCGA-LT-A8JT","Primary Tumor","JAK3","ENSG00000105639",728,6.1025,2.1043,2.1935,"OK"
"TCGA-BLCA","efc448d3-a3c6-4df9-a626-907ce3d5bcfc","TCGA-LT-A8JT-01A-11R-A36F-07","TCGA-LT-A8JT","Primary Tumor","EPHB2","ENSG00000133216",1493,6.8125,2.3492,2.4487,"OK"
"TCGA-BLCA","b6d78cef-254d-4d31-9749-e2fa1ad9abec","TCGA-XF-A9SI-01A-11R-A39I-07","TCGA-XF-A9SI","Primary Tumor","JAK3","ENSG00000105639",3364,35.6183,12.0025,12.3326,"OK"
"TCGA-BLCA","b6d78cef-254d-4d31-9749-e2fa1ad9abec","TCGA-XF-A9SI-01A-11R-A39I-07","TCGA-XF-A9SI","Primary Tumor","EPHB2","ENSG00000133216",908,5.2333,1.7635,1.812,"OK"
"TCGA-BLCA","0180b8ef-dbca-4edd-bce1-3f793f354f13","TCGA-ZF-A9RN-01A-11R-A42T-07","TCGA-ZF-A9RN","Primary Tumor","JAK3","ENSG00000105639",415,5.2438,1.5331,1.4903,"OK"
"TCGA-BLCA","0180b8ef-dbca-4edd-bce1-3f793f354f13","TCGA-ZF-A9RN-01A-11R-A42T-07","TCGA-ZF-A9RN","Primary Tumor","EPHB2","ENSG00000133216",35,0.2407,0.0704,0.0684,"OK"
"TCGA-BLCA","359de6d5-cc11-4b8b-add4-7d3577d66e2c","TCGA-FJ-A3Z9-01A-11R-A26T-07","TCGA-FJ-A3Z9","Primary Tumor","JAK3","ENSG00000105639",198,2.0513,0.8225,0.9042,"OK"
"TCGA-BLCA","359de6d5-cc11-4b8b-add4-7d3577d66e2c","TCGA-FJ-A3Z9-01A-11R-A26T-07","TCGA-FJ-A3Z9","Primary Tumor","EPHB2","ENSG00000133216",768,4.331,1.7367,1.9092,"OK"
"TCGA-BLCA","c0bc697a-ac64-4605-9abc-f0fe85eb481a","TCGA-BT-A3PK-01A-21R-A220-07","TCGA-BT-A3PK","Primary Tumor","JAK3","ENSG00000105639",2299,10.4408,3.8887,4.4422,"OK"
"TCGA-BLCA","c0bc697a-ac64-4605-9abc-f0fe85eb481a","TCGA-BT-A3PK-01A-21R-A220-07","TCGA-BT-A3PK","Primary Tumor","EPHB2","ENSG00000133216",2849,7.043,2.6232,2.9965,"OK"
"TCGA-BLCA","17c85380-56c8-42d6-8beb-ea4379155172","TCGA-DK-A6B0-01A-11R-A31N-07","TCGA-DK-A6B0","Primary Tumor","JAK3","ENSG00000105639",837,7.1609,2.519,2.6934,"OK"
"TCGA-BLCA","17c85380-56c8-42d6-8beb-ea4379155172","TCGA-DK-A6B0-01A-11R-A31N-07","TCGA-DK-A6B0","Primary Tumor","EPHB2","ENSG00000133216",1015,4.7269,1.6628,1.7779,"OK"
"TCGA-BLCA","20a68a0c-d0c3-4bf1-a1e1-0f0f2f1906b7","TCGA-G2-A2ES-01A-11R-A180-07","TCGA-G2-A2ES","Primary Tumor","JAK3","ENSG00000105639",622,4.5026,1.5389,1.7004,"OK"
"TCGA-BLCA","20a68a0c-d0c3-4bf1-a1e1-0f0f2f1906b7","TCGA-G2-A2ES-01A-11R-A180-07","TCGA-G2-A2ES","Primary Tumor","EPHB2","ENSG00000133216",191,0.7526,0.2572,0.2842,"OK"
"TCGA-BLCA","c60f5d01-ee5f-48ea-808f-f753ab98a850","TCGA-K4-AAQO-01A-11R-A38B-07","TCGA-K4-AAQO","Primary Tumor","JAK3","ENSG00000105639",640,7.3341,2.4504,2.6388,"OK"
"TCGA-BLCA","c60f5d01-ee5f-48ea-808f-f753ab98a850","TCGA-K4-AAQO-01A-11R-A38B-07","TCGA-K4-AAQO","Primary Tumor","EPHB2","ENSG00000133216",438,2.7322,0.9129,0.9831,"OK"
"TCGA-BLCA","57b8b640-efcf-426f-bc01-82c4c58ff02c","TCGA-GC-A3BM-01A-11R-A22U-07","TCGA-GC-A3BM","Primary Tumor","JAK3","ENSG00000105639",574,6.1302,1.7846,1.7495,"OK"
"TCGA-BLCA","57b8b640-efcf-426f-bc01-82c4c58ff02c","TCGA-GC-A3BM-01A-11R-A22U-07","TCGA-GC-A3BM","Primary Tumor","EPHB2","ENSG00000133216",718,4.174,1.2152,1.1912,"OK"
"TCGA-BLCA","7a8ce605-eb1c-4281-ac60-6a20a3e31eea","TCGA-GV-A3QK-01B-11R-A23N-07","TCGA-GV-A3QK","Primary Tumor","JAK3","ENSG00000105639",1148,6.0835,2.6404,3.0934,"OK"
"TCGA-BLCA","7a8ce605-eb1c-4281-ac60-6a20a3e31eea","TCGA-GV-A3QK-01B-11R-A23N-07","TCGA-GV-A3QK","Primary Tumor","EPHB2","ENSG00000133216",826,2.3827,1.0341,1.2116,"OK"
"TCGA-BLCA","a4af6581-9fa8-4520-a639-f9340c6a1e36","TCGA-CU-A0YN-01A-21R-A10U-07","TCGA-CU-A0YN","Primary Tumor","JAK3","ENSG00000105639",993,8.5162,3.0304,3.1183,"OK"
"TCGA-BLCA","a4af6581-9fa8-4520-a639-f9340c6a1e36","TCGA-CU-A0YN-01A-21R-A10U-07","TCGA-CU-A0YN","Primary Tumor","EPHB2","ENSG00000133216",2354,10.9895,3.9105,4.0239,"OK"
"TCGA-BLCA","cc0a4389-50a5-46e1-a793-565121b1f631","TCGA-GC-A3RB-01A-12R-A220-07","TCGA-GC-A3RB","Primary Tumor","JAK3","ENSG00000105639",406,3.4447,0.9685,0.9348,"OK"
"TCGA-BLCA","cc0a4389-50a5-46e1-a793-565121b1f631","TCGA-GC-A3RB-01A-12R-A220-07","TCGA-GC-A3RB","Primary Tumor","EPHB2","ENSG00000133216",4964,22.9259,6.446,6.2216,"OK"
"TCGA-BLCA","99516a60-a265-479e-a779-81703a4c494f","TCGA-UY-A78L-01A-12R-A33J-07","TCGA-UY-A78L","Primary Tumor","JAK3","ENSG00000105639",475,3.473,1.3033,1.5016,"OK"
"TCGA-BLCA","99516a60-a265-479e-a779-81703a4c494f","TCGA-UY-A78L-01A-12R-A33J-07","TCGA-UY-A78L","Primary Tumor","EPHB2","ENSG00000133216",3003,11.9521,4.4853,5.1675,"OK"
"TCGA-BLCA","a0e8a424-6341-4703-a76b-f414f951639e","TCGA-DK-A1A5-01A-11R-A13Y-07","TCGA-DK-A1A5","Primary Tumor","JAK3","ENSG00000105639",430,3.6139,0.9793,1.0243,"OK"
"TCGA-BLCA","a0e8a424-6341-4703-a76b-f414f951639e","TCGA-DK-A1A5-01A-11R-A13Y-07","TCGA-DK-A1A5","Primary Tumor","EPHB2","ENSG00000133216",1081,4.9455,1.3401,1.4017,"OK"
"TCGA-BLCA","498e5e18-7443-4799-af81-6d829f819da6","TCGA-FD-A6TC-01A-21R-A33J-07","TCGA-FD-A6TC","Primary Tumor","JAK3","ENSG00000105639",662,6.6994,1.9984,2.0979,"OK"
"TCGA-BLCA","498e5e18-7443-4799-af81-6d829f819da6","TCGA-FD-A6TC-01A-21R-A33J-07","TCGA-FD-A6TC","Primary Tumor","EPHB2","ENSG00000133216",2575,14.185,4.2313,4.442,"OK"
"TCGA-BLCA","ea54af34-feba-4605-bb2b-82f3b7db84da","TCGA-FD-A5C1-01A-11R-A28M-07","TCGA-FD-A5C1","Primary Tumor","JAK3","ENSG00000105639",895,8.0216,3.0245,3.5659,"OK"
"TCGA-BLCA","ea54af34-feba-4605-bb2b-82f3b7db84da","TCGA-FD-A5C1-01A-11R-A28M-07","TCGA-FD-A5C1","Primary Tumor","EPHB2","ENSG00000133216",2455,11.9774,4.516,5.3243,"OK"
"TCGA-BLCA","456db4ed-e648-416c-b327-e7106e4b8221","TCGA-DK-AA6U-01A-11R-A39I-07","TCGA-DK-AA6U","Primary Tumor","JAK3","ENSG00000105639",658,5.7476,1.8612,1.7211,"OK"
"TCGA-BLCA","456db4ed-e648-416c-b327-e7106e4b8221","TCGA-DK-AA6U-01A-11R-A39I-07","TCGA-DK-AA6U","Primary Tumor","EPHB2","ENSG00000133216",1765,8.3922,2.7176,2.513,"OK"
"TCGA-BLCA","d0856e8b-4552-4127-b410-4e3ef58d057c","TCGA-CF-A47T-01A-11R-A23W-07","TCGA-CF-A47T","Primary Tumor","JAK3","ENSG00000105639",178,1.5088,0.6383,0.8173,"OK"
"TCGA-BLCA","d0856e8b-4552-4127-b410-4e3ef58d057c","TCGA-CF-A47T-01A-11R-A23W-07","TCGA-CF-A47T","Primary Tumor","EPHB2","ENSG00000133216",765,3.5297,1.4934,1.9119,"OK"
"TCGA-BLCA","a422753c-ed27-46a4-a96f-fa2e3d301a2f","TCGA-XF-AAMW-01A-11R-A42T-07","TCGA-XF-AAMW","Primary Tumor","JAK3","ENSG00000105639",593,11.3482,3.2182,3.4327,"OK"
"TCGA-BLCA","a422753c-ed27-46a4-a96f-fa2e3d301a2f","TCGA-XF-AAMW-01A-11R-A42T-07","TCGA-XF-AAMW","Primary Tumor","EPHB2","ENSG00000133216",2202,22.9384,6.5049,6.9385,"OK"
"TCGA-BLCA","0eb7d661-320f-4b56-9a22-5750cfb4f34f","TCGA-DK-A3IS-01A-21R-A21D-07","TCGA-DK-A3IS","Primary Tumor","JAK3","ENSG00000105639",261,1.785,0.6196,0.6682,"OK"
"TCGA-BLCA","0eb7d661-320f-4b56-9a22-5750cfb4f34f","TCGA-DK-A3IS-01A-21R-A21D-07","TCGA-DK-A3IS","Primary Tumor","EPHB2","ENSG00000133216",82,0.3053,0.106,0.1143,"OK"
"TCGA-BLCA","c4a84877-1830-4d5c-914b-e70b28c94809","TCGA-GU-A764-01A-11R-A352-07","TCGA-GU-A764","Primary Tumor","JAK3","ENSG00000105639",1780,12.8727,5.2915,5.814,"OK"
"TCGA-BLCA","c4a84877-1830-4d5c-914b-e70b28c94809","TCGA-GU-A764-01A-11R-A352-07","TCGA-GU-A764","Primary Tumor","EPHB2","ENSG00000133216",7028,27.6666,11.3727,12.4957,"OK"
"TCGA-BLCA","5aa5487c-3782-4a9f-9b55-72f9d7d94684","TCGA-2F-A9KQ-01A-11R-A38B-07","TCGA-2F-A9KQ","Primary Tumor","JAK3","ENSG00000105639",483,4.3015,1.5673,1.6699,"OK"
"TCGA-BLCA","5aa5487c-3782-4a9f-9b55-72f9d7d94684","TCGA-2F-A9KQ-01A-11R-A38B-07","TCGA-2F-A9KQ","Primary Tumor","EPHB2","ENSG00000133216",612,2.9669,1.081,1.1518,"OK"
"TCGA-BLCA","4f9f672d-2d55-4500-a2ae-509b50fc134d","TCGA-FD-A6TB-01A-12R-A33J-07","TCGA-FD-A6TB","Primary Tumor","JAK3","ENSG00000105639",2560,23.6785,8.0298,7.9112,"OK"
"TCGA-BLCA","4f9f672d-2d55-4500-a2ae-509b50fc134d","TCGA-FD-A6TB-01A-12R-A33J-07","TCGA-FD-A6TB","Primary Tumor","EPHB2","ENSG00000133216",3495,17.5968,5.9674,5.8792,"OK"
"TCGA-BLCA","4c98cba9-9640-4e1f-8ae0-292b5d74f8c1","TCGA-UY-A9PA-01A-11R-A38B-07","TCGA-UY-A9PA","Primary Tumor","JAK3","ENSG00000105639",613,9.1385,2.7494,2.8111,"OK"
"TCGA-BLCA","4c98cba9-9640-4e1f-8ae0-292b5d74f8c1","TCGA-UY-A9PA-01A-11R-A38B-07","TCGA-UY-A9PA","Primary Tumor","EPHB2","ENSG00000133216",1673,13.5764,4.0846,4.1763,"OK"
"TCGA-BLCA","094bd0ca-5f46-4ff7-b674-04c5b9001951","TCGA-BT-A20V-01A-11R-A14Y-07","TCGA-BT-A20V","Primary Tumor","JAK3","ENSG00000105639",1869,31.0476,8.8708,8.5863,"OK"
"TCGA-BLCA","094bd0ca-5f46-4ff7-b674-04c5b9001951","TCGA-BT-A20V-01A-11R-A14Y-07","TCGA-BT-A20V","Primary Tumor","EPHB2","ENSG00000133216",6647,60.106,17.1733,16.6224,"OK"
"TCGA-BLCA","645e996a-b069-478d-b1ca-7764d5134581","TCGA-DK-A2HX-01A-12R-A18C-07","TCGA-DK-A2HX","Primary Tumor","JAK3","ENSG00000105639",829,6.7599,1.8722,2.0647,"OK"
"TCGA-BLCA","645e996a-b069-478d-b1ca-7764d5134581","TCGA-DK-A2HX-01A-12R-A18C-07","TCGA-DK-A2HX","Primary Tumor","EPHB2","ENSG00000133216",3821,16.9604,4.6973,5.1803,"OK"
"TCGA-BLCA","4b71a25a-f25b-4804-8b46-4e90bbbd839b","TCGA-XF-AAN1-01A-31R-A42T-07","TCGA-XF-AAN1","Primary Tumor","JAK3","ENSG00000105639",394,5.7036,2.0145,2.0315,"OK"
"TCGA-BLCA","4b71a25a-f25b-4804-8b46-4e90bbbd839b","TCGA-XF-AAN1-01A-31R-A42T-07","TCGA-XF-AAN1","Primary Tumor","EPHB2","ENSG00000133216",771,6.0755,2.1458,2.1639,"OK"
"TCGA-BLCA","934e6b81-7ea8-4575-ba51-44993cfda7c3","TCGA-5N-A9KI-01A-31R-A42T-07","TCGA-5N-A9KI","Primary Tumor","JAK3","ENSG00000105639",760,7.1695,2.366,2.5073,"OK"
"TCGA-BLCA","934e6b81-7ea8-4575-ba51-44993cfda7c3","TCGA-5N-A9KI-01A-31R-A42T-07","TCGA-5N-A9KI","Primary Tumor","EPHB2","ENSG00000133216",1564,8.0313,2.6504,2.8087,"OK"
"TCGA-BLCA","c8e705f2-4c12-4f61-8b9e-985516589a2c","TCGA-FD-A3SJ-01A-12R-A22U-07","TCGA-FD-A3SJ","Primary Tumor","JAK3","ENSG00000105639",590,4.0604,1.3034,1.3062,"OK"
"TCGA-BLCA","c8e705f2-4c12-4f61-8b9e-985516589a2c","TCGA-FD-A3SJ-01A-12R-A22U-07","TCGA-FD-A3SJ","Primary Tumor","EPHB2","ENSG00000133216",2805,10.5081,3.3732,3.3804,"OK"
"TCGA-BLCA","96870eaf-bb4e-4896-87a0-b1e0d2078d73","TCGA-R3-A69X-01A-22R-A30C-07","TCGA-R3-A69X","Primary Tumor","JAK3","ENSG00000105639",1203,12.6093,3.557,3.3345,"OK"
"TCGA-BLCA","96870eaf-bb4e-4896-87a0-b1e0d2078d73","TCGA-R3-A69X-01A-22R-A30C-07","TCGA-R3-A69X","Primary Tumor","EPHB2","ENSG00000133216",3563,20.329,5.7347,5.376,"OK"
"TCGA-BLCA","e5f4c2b3-d0b3-4c15-8dd8-a511cdeb3aee","TCGA-GU-A762-01A-11R-A33J-07","TCGA-GU-A762","Primary Tumor","JAK3","ENSG00000105639",2467,23.4362,7.9543,8.9464,"OK"
"TCGA-BLCA","e5f4c2b3-d0b3-4c15-8dd8-a511cdeb3aee","TCGA-GU-A762-01A-11R-A33J-07","TCGA-GU-A762","Primary Tumor","EPHB2","ENSG00000133216",5572,28.814,9.7795,10.9992,"OK"
"TCGA-BLCA","bd52f6c8-6f8b-4056-8a3e-8cdc96644952","TCGA-FD-A5BX-01A-11R-A26T-07","TCGA-FD-A5BX","Primary Tumor","JAK3","ENSG00000105639",3483,42.6742,13.7657,17.6285,"OK"
"TCGA-BLCA","bd52f6c8-6f8b-4056-8a3e-8cdc96644952","TCGA-FD-A5BX-01A-11R-A26T-07","TCGA-FD-A5BX","Primary Tumor","EPHB2","ENSG00000133216",529,3.5281,1.1381,1.4574,"OK"
"TCGA-BLCA","7a542299-ad43-4ea6-91a8-2597139e3250","TCGA-4Z-AA7N-01A-11R-A39I-07","TCGA-4Z-AA7N","Primary Tumor","JAK3","ENSG00000105639",2685,48.7839,17.2241,17.1586,"OK"
"TCGA-BLCA","7a542299-ad43-4ea6-91a8-2597139e3250","TCGA-4Z-AA7N-01A-11R-A39I-07","TCGA-4Z-AA7N","Primary Tumor","EPHB2","ENSG00000133216",690,6.8242,2.4094,2.4003,"OK"
"TCGA-BLCA","fdd30c10-1cff-49c4-8acc-a1fc9f3dda83","TCGA-ZF-A9RM-01A-11R-A38B-07","TCGA-ZF-A9RM","Primary Tumor","JAK3","ENSG00000105639",432,4.8678,1.3839,1.2308,"OK"
"TCGA-BLCA","fdd30c10-1cff-49c4-8acc-a1fc9f3dda83","TCGA-ZF-A9RM-01A-11R-A38B-07","TCGA-ZF-A9RM","Primary Tumor","EPHB2","ENSG00000133216",628,3.8519,1.0951,0.974,"OK"
"TCGA-BLCA","97b0d812-02d4-49b5-9865-d123d2d39f6d","TCGA-4Z-AA83-01A-11R-A39I-07","TCGA-4Z-AA83","Primary Tumor","JAK3","ENSG00000105639",556,7.0344,2.5551,2.6605,"OK"
"TCGA-BLCA","97b0d812-02d4-49b5-9865-d123d2d39f6d","TCGA-4Z-AA83-01A-11R-A39I-07","TCGA-4Z-AA83","Primary Tumor","EPHB2","ENSG00000133216",836,5.7574,2.0913,2.1775,"OK"
"TCGA-BLCA","2725f72c-af0a-40d0-a3eb-2288a0a1fa41","TCGA-CU-A0YR-11A-13R-A10U-07","TCGA-CU-A0YR","Solid Tissue Normal","JAK3","ENSG00000105639",491,6.3549,1.8636,2.1217,"OK"
"TCGA-BLCA","2725f72c-af0a-40d0-a3eb-2288a0a1fa41","TCGA-CU-A0YR-11A-13R-A10U-07","TCGA-CU-A0YR","Solid Tissue Normal","EPHB2","ENSG00000133216",494,3.4804,1.0206,1.162,"OK"
"TCGA-BLCA","35cfd54c-8c39-4f17-8bcb-3bff3ed2169a","TCGA-CU-A0YR-01A-12R-A10U-07","TCGA-CU-A0YR","Primary Tumor","JAK3","ENSG00000105639",577,5.8059,2.1807,2.3658,"OK"
"TCGA-BLCA","35cfd54c-8c39-4f17-8bcb-3bff3ed2169a","TCGA-CU-A0YR-01A-12R-A10U-07","TCGA-CU-A0YR","Primary Tumor","EPHB2","ENSG00000133216",2246,12.302,4.6206,5.0128,"OK"
"TCGA-BLCA","212e820f-8d2f-47e4-af5a-b9d5d0f828ea","TCGA-FD-A43X-01A-11R-A23W-07","TCGA-FD-A43X","Primary Tumor","JAK3","ENSG00000105639",590,4.6221,1.6055,1.7312,"OK"
"TCGA-BLCA","212e820f-8d2f-47e4-af5a-b9d5d0f828ea","TCGA-FD-A43X-01A-11R-A23W-07","TCGA-FD-A43X","Primary Tumor","EPHB2","ENSG00000133216",2434,10.3796,3.6054,3.8877,"OK"
"TCGA-BLCA","960daf2a-8884-43bd-ab4f-06dadf4f8f61","TCGA-DK-A3IT-01A-31R-A20F-07","TCGA-DK-A3IT","Primary Tumor","JAK3","ENSG00000105639",1279,11.1419,3.8125,3.7288,"OK"
"TCGA-BLCA","960daf2a-8884-43bd-ab4f-06dadf4f8f61","TCGA-DK-A3IT-01A-31R-A20F-07","TCGA-DK-A3IT","Primary Tumor","EPHB2","ENSG00000133216",1686,7.995,2.7357,2.6756,"OK"
"TCGA-BLCA","48c72fa3-43b5-4a3f-a712-afce30a963b4","TCGA-CU-A3KJ-01A-11R-A21D-07","TCGA-CU-A3KJ","Primary Tumor","JAK3","ENSG00000105639",1200,6.8457,2.2568,2.5286,"OK"
"TCGA-BLCA","48c72fa3-43b5-4a3f-a712-afce30a963b4","TCGA-CU-A3KJ-01A-11R-A21D-07","TCGA-CU-A3KJ","Primary Tumor","EPHB2","ENSG00000133216",3450,10.7135,3.5318,3.9573,"OK"
"TCGA-BLCA","a57fab5c-b3a2-46b8-be89-dbbd0444a2ad","TCGA-DK-A2I6-01A-12R-A18C-07","TCGA-DK-A2I6","Primary Tumor","JAK3","ENSG00000105639",894,5.3092,1.8729,2.0342,"OK"
"TCGA-BLCA","a57fab5c-b3a2-46b8-be89-dbbd0444a2ad","TCGA-DK-A2I6-01A-12R-A18C-07","TCGA-DK-A2I6","Primary Tumor","EPHB2","ENSG00000133216",5823,18.8239,6.6405,7.2122,"OK"
"TCGA-BLCA","a05117b2-0fd4-4f04-91b7-329a9862ce85","TCGA-DK-A3IN-01A-11R-A20F-07","TCGA-DK-A3IN","Primary Tumor","JAK3","ENSG00000105639",1197,10.5378,3.3302,3.2931,"OK"
"TCGA-BLCA","a05117b2-0fd4-4f04-91b7-329a9862ce85","TCGA-DK-A3IN-01A-11R-A20F-07","TCGA-DK-A3IN","Primary Tumor","EPHB2","ENSG00000133216",14810,70.9715,22.4287,22.1786,"OK"
"TCGA-BLCA","04be771c-5256-4c74-ab24-83ba23db4b8b","TCGA-DK-A3IQ-01A-31R-A32Y-07","TCGA-DK-A3IQ","Primary Tumor","JAK3","ENSG00000105639",511,5.3086,1.3983,1.8977,"OK"
"TCGA-BLCA","04be771c-5256-4c74-ab24-83ba23db4b8b","TCGA-DK-A3IQ-01A-31R-A32Y-07","TCGA-DK-A3IQ","Primary Tumor","EPHB2","ENSG00000133216",1824,10.3146,2.7169,3.6873,"OK"
"TCGA-BLCA","23c5c858-c993-4532-a343-9a39d10dba76","TCGA-K4-A3WS-01A-11R-A22U-07","TCGA-K4-A3WS","Primary Tumor","JAK3","ENSG00000105639",1258,12.6525,4.1931,4.3435,"OK"
"TCGA-BLCA","23c5c858-c993-4532-a343-9a39d10dba76","TCGA-K4-A3WS-01A-11R-A22U-07","TCGA-K4-A3WS","Primary Tumor","EPHB2","ENSG00000133216",577,3.159,1.0469,1.0845,"OK"
"TCGA-BLCA","085c6f32-93b3-4047-b165-bc486c3959db","TCGA-CF-A9FM-01A-11R-A38B-07","TCGA-CF-A9FM","Primary Tumor","JAK3","ENSG00000105639",390,4.7465,1.4371,1.3484,"OK"
"TCGA-BLCA","085c6f32-93b3-4047-b165-bc486c3959db","TCGA-CF-A9FM-01A-11R-A38B-07","TCGA-CF-A9FM","Primary Tumor","EPHB2","ENSG00000133216",892,5.9094,1.7892,1.6787,"OK"
"TCGA-BLCA","dd578d7c-9577-4bda-a1b1-1fd063206537","TCGA-BL-A0C8-01A-11R-A10U-07","TCGA-BL-A0C8","Primary Tumor","JAK3","ENSG00000105639",805,8.8751,3.2246,3.4549,"OK"
"TCGA-BLCA","dd578d7c-9577-4bda-a1b1-1fd063206537","TCGA-BL-A0C8-01A-11R-A10U-07","TCGA-BL-A0C8","Primary Tumor","EPHB2","ENSG00000133216",104,0.6241,0.2268,0.243,"OK"
"TCGA-BLCA","49a6de74-9360-4347-a594-d64d5aa5ce9e","TCGA-BL-A0C8-01A-11R-A277-07","TCGA-BL-A0C8","Primary Tumor","JAK3","ENSG00000105639",789,7.8114,3.6416,3.4114,"OK"
"TCGA-BLCA","49a6de74-9360-4347-a594-d64d5aa5ce9e","TCGA-BL-A0C8-01A-11R-A277-07","TCGA-BL-A0C8","Primary Tumor","EPHB2","ENSG00000133216",210,1.1317,0.5276,0.4942,"OK"
"TCGA-BLCA","b82f5de5-c3aa-4675-b2ce-46b2a773888b","TCGA-YF-AA3M-01A-11R-A42T-07","TCGA-YF-AA3M","Primary Tumor","JAK3","ENSG00000105639",595,10.3929,3.2647,3.2712,"OK"
"TCGA-BLCA","b82f5de5-c3aa-4675-b2ce-46b2a773888b","TCGA-YF-AA3M-01A-11R-A42T-07","TCGA-YF-AA3M","Primary Tumor","EPHB2","ENSG00000133216",4285,40.7421,12.7981,12.8236,"OK"
"TCGA-BLCA","1b70e7f7-f918-415f-bfee-039e445e2208","TCGA-CU-A0YO-01A-11R-A10U-07","TCGA-CU-A0YO","Primary Tumor","JAK3","ENSG00000105639",559,5.1168,1.987,2.1752,"OK"
"TCGA-BLCA","1b70e7f7-f918-415f-bfee-039e445e2208","TCGA-CU-A0YO-01A-11R-A10U-07","TCGA-CU-A0YO","Primary Tumor","EPHB2","ENSG00000133216",1604,7.9921,3.1036,3.3975,"OK"
"TCGA-BLCA","a8c61671-89cb-43bc-8c88-5c107954d11c","TCGA-DK-A2I1-01A-11R-A180-07","TCGA-DK-A2I1","Primary Tumor","JAK3","ENSG00000105639",1025,6.6024,2.8435,3.4753,"OK"
"TCGA-BLCA","a8c61671-89cb-43bc-8c88-5c107954d11c","TCGA-DK-A2I1-01A-11R-A180-07","TCGA-DK-A2I1","Primary Tumor","EPHB2","ENSG00000133216",497,1.7426,0.7505,0.9173,"OK"
"TCGA-BLCA","75d632c1-2a57-4a2b-850e-42a879fabe87","TCGA-GU-A42R-01A-11R-A23N-07","TCGA-GU-A42R","Primary Tumor","JAK3","ENSG00000105639",385,3.3906,1.1826,1.2056,"OK"
"TCGA-BLCA","75d632c1-2a57-4a2b-850e-42a879fabe87","TCGA-GU-A42R-01A-11R-A23N-07","TCGA-GU-A42R","Primary Tumor","EPHB2","ENSG00000133216",566,2.7133,0.9464,0.9648,"OK"
"TCGA-BLCA","7523828a-8a62-4d05-bb1d-8015e7622736","TCGA-ZF-AA51-01A-21R-A39I-07","TCGA-ZF-AA51","Primary Tumor","JAK3","ENSG00000105639",1116,12.0923,5.4606,6.248,"OK"
"TCGA-BLCA","7523828a-8a62-4d05-bb1d-8015e7622736","TCGA-ZF-AA51-01A-21R-A39I-07","TCGA-ZF-AA51","Primary Tumor","EPHB2","ENSG00000133216",1245,7.3432,3.316,3.7942,"OK"
"TCGA-BLCA","e3eb9c78-ef7a-4f68-8786-e76f5803846b","TCGA-BL-A3JM-01A-12R-A21D-07","TCGA-BL-A3JM","Primary Tumor","JAK3","ENSG00000105639",496,3.8324,1.0873,0.9795,"OK"
"TCGA-BLCA","e3eb9c78-ef7a-4f68-8786-e76f5803846b","TCGA-BL-A3JM-01A-12R-A21D-07","TCGA-BL-A3JM","Primary Tumor","EPHB2","ENSG00000133216",294,1.2365,0.3508,0.3161,"OK"
"TCGA-BLCA","fd5c6054-a277-425a-9f78-bb1135fde6d3","TCGA-E5-A4U1-01A-11R-A31N-07","TCGA-E5-A4U1","Primary Tumor","JAK3","ENSG00000105639",304,3.1931,1.1928,1.3407,"OK"
"TCGA-BLCA","fd5c6054-a277-425a-9f78-bb1135fde6d3","TCGA-E5-A4U1-01A-11R-A31N-07","TCGA-E5-A4U1","Primary Tumor","EPHB2","ENSG00000133216",1053,6.0206,2.2491,2.5279,"OK"
"TCGA-BLCA","48c06ad1-fb6f-4da9-9f29-f739b3c9eb5b","TCGA-CF-A3MF-01A-12R-A21D-07","TCGA-CF-A3MF","Primary Tumor","JAK3","ENSG00000105639",681,2.8272,2.2629,5.3072,"OK"
"TCGA-BLCA","48c06ad1-fb6f-4da9-9f29-f739b3c9eb5b","TCGA-CF-A3MF-01A-12R-A21D-07","TCGA-CF-A3MF","Primary Tumor","EPHB2","ENSG00000133216",419,0.9469,0.7579,1.7775,"OK"
"TCGA-BLCA","6f920efc-b660-43cc-b969-8d445c252004","TCGA-E7-A7XN-01A-11R-A352-07","TCGA-E7-A7XN","Primary Tumor","JAK3","ENSG00000105639",1451,15.1225,4.9343,5.3372,"OK"
"TCGA-BLCA","6f920efc-b660-43cc-b969-8d445c252004","TCGA-E7-A7XN-01A-11R-A352-07","TCGA-E7-A7XN","Primary Tumor","EPHB2","ENSG00000133216",3708,21.0363,6.8639,7.4244,"OK"
"TCGA-BLCA","cf56d43d-5384-4eb9-b4e0-d6c4bef5eb0a","TCGA-GD-A3OQ-01A-32R-A220-07","TCGA-GD-A3OQ","Primary Tumor","JAK3","ENSG00000105639",337,2.8182,0.7863,0.7555,"OK"
"TCGA-BLCA","cf56d43d-5384-4eb9-b4e0-d6c4bef5eb0a","TCGA-GD-A3OQ-01A-32R-A220-07","TCGA-GD-A3OQ","Primary Tumor","EPHB2","ENSG00000133216",6967,31.7143,8.8484,8.5024,"OK"
"TCGA-BLCA","0787f4dc-16a6-4f22-9c32-ce6e0bf7b38b","TCGA-XF-A9ST-01A-11R-A42T-07","TCGA-XF-A9ST","Primary Tumor","JAK3","ENSG00000105639",153,1.9637,0.6139,0.6195,"OK"
"TCGA-BLCA","0787f4dc-16a6-4f22-9c32-ce6e0bf7b38b","TCGA-XF-A9ST-01A-11R-A42T-07","TCGA-XF-A9ST","Primary Tumor","EPHB2","ENSG00000133216",49,0.3423,0.107,0.108,"OK"
"TCGA-BLCA","59fadaa4-90c8-4f4c-8a34-3b055a1f73a6","TCGA-XF-AAML-01A-11R-A42T-07","TCGA-XF-AAML","Primary Tumor","JAK3","ENSG00000105639",162,2.5739,0.7916,0.7592,"OK"
"TCGA-BLCA","59fadaa4-90c8-4f4c-8a34-3b055a1f73a6","TCGA-XF-AAML-01A-11R-A42T-07","TCGA-XF-AAML","Primary Tumor","EPHB2","ENSG00000133216",1665,14.4003,4.4285,4.2472,"OK"
"TCGA-BLCA","38ea8bf7-78be-4ab2-afc2-74d38be9a01b","TCGA-FD-A43N-01A-11R-A23W-07","TCGA-FD-A43N","Primary Tumor","JAK3","ENSG00000105639",984,6.1789,2.4566,2.898,"OK"
"TCGA-BLCA","38ea8bf7-78be-4ab2-afc2-74d38be9a01b","TCGA-FD-A43N-01A-11R-A23W-07","TCGA-FD-A43N","Primary Tumor","EPHB2","ENSG00000133216",4089,13.9767,5.5568,6.5554,"OK"
"TCGA-BLCA","bbc327c9-88f7-4f7c-b874-814496fefb38","TCGA-SY-A9G0-01A-12R-A38B-07","TCGA-SY-A9G0","Primary Tumor","JAK3","ENSG00000105639",870,12.4838,3.9803,4.2099,"OK"
"TCGA-BLCA","bbc327c9-88f7-4f7c-b874-814496fefb38","TCGA-SY-A9G0-01A-12R-A38B-07","TCGA-SY-A9G0","Primary Tumor","EPHB2","ENSG00000133216",1112,8.6857,2.7693,2.9291,"OK"
"TCGA-BLCA","3e4e441c-a556-4d7d-a8d5-9f49ee0d8b1d","TCGA-C4-A0F0-01A-12R-A10U-07","TCGA-C4-A0F0","Primary Tumor","JAK3","ENSG00000105639",312,4.7829,1.4064,1.575,"OK"
"TCGA-BLCA","3e4e441c-a556-4d7d-a8d5-9f49ee0d8b1d","TCGA-C4-A0F0-01A-12R-A10U-07","TCGA-C4-A0F0","Primary Tumor","EPHB2","ENSG00000133216",841,7.0179,2.0635,2.311,"OK"
"TCGA-BLCA","048da4d7-cab0-49c5-8bc9-78b1bf0b365b","TCGA-XF-A9SU-01A-31R-A39I-07","TCGA-XF-A9SU","Primary Tumor","JAK3","ENSG00000105639",939,10.7149,4.2876,4.96,"OK"
"TCGA-BLCA","048da4d7-cab0-49c5-8bc9-78b1bf0b365b","TCGA-XF-A9SU-01A-31R-A39I-07","TCGA-XF-A9SU","Primary Tumor","EPHB2","ENSG00000133216",665,4.1306,1.6529,1.9121,"OK"
"TCGA-BLCA","827a9b0c-9833-42b5-a27f-308e8107c14e","TCGA-LC-A66R-01A-41R-A30C-07","TCGA-LC-A66R","Primary Tumor","JAK3","ENSG00000105639",677,9.5769,3.8462,3.6678,"OK"
"TCGA-BLCA","827a9b0c-9833-42b5-a27f-308e8107c14e","TCGA-LC-A66R-01A-41R-A30C-07","TCGA-LC-A66R","Primary Tumor","EPHB2","ENSG00000133216",832,6.4066,2.573,2.4536,"OK"
"TCGA-BLCA","74e5163f-20ef-4858-8cfd-b28a00b933d1","TCGA-BT-A20Q-01A-11R-A14Y-07","TCGA-BT-A20Q","Primary Tumor","JAK3","ENSG00000105639",963,9.3171,3.2594,3.3779,"OK"
"TCGA-BLCA","74e5163f-20ef-4858-8cfd-b28a00b933d1","TCGA-BT-A20Q-01A-11R-A14Y-07","TCGA-BT-A20Q","Primary Tumor","EPHB2","ENSG00000133216",3630,19.1176,6.688,6.9311,"OK"
"TCGA-BLCA","efb97bb0-e227-4826-aaa7-ef0503f2cf5f","TCGA-DK-A1AE-01A-11R-A13Y-07","TCGA-DK-A1AE","Primary Tumor","JAK3","ENSG00000105639",230,1.3136,0.4323,0.4739,"OK"
"TCGA-BLCA","efb97bb0-e227-4826-aaa7-ef0503f2cf5f","TCGA-DK-A1AE-01A-11R-A13Y-07","TCGA-DK-A1AE","Primary Tumor","EPHB2","ENSG00000133216",1009,3.1369,1.0324,1.1318,"OK"
"TCGA-BLCA","c467bc76-6812-40eb-84b4-51bd07fda0db","TCGA-GC-A6I1-01A-12R-A31N-07","TCGA-GC-A6I1","Primary Tumor","JAK3","ENSG00000105639",2182,18.2279,7.8191,8.7568,"OK"
"TCGA-BLCA","c467bc76-6812-40eb-84b4-51bd07fda0db","TCGA-GC-A6I1-01A-12R-A31N-07","TCGA-GC-A6I1","Primary Tumor","EPHB2","ENSG00000133216",2298,10.4497,4.4826,5.0201,"OK"
"TCGA-BLCA","bc89c589-8a4f-4df9-963b-9d7a2cdedbdd","TCGA-G2-A2EK-01A-22R-A18C-07","TCGA-G2-A2EK","Primary Tumor","JAK3","ENSG00000105639",976,5.978,2.3799,2.641,"OK"
"TCGA-BLCA","bc89c589-8a4f-4df9-963b-9d7a2cdedbdd","TCGA-G2-A2EK-01A-22R-A18C-07","TCGA-G2-A2EK","Primary Tumor","EPHB2","ENSG00000133216",1979,6.5982,2.6268,2.915,"OK"
"TCGA-BLCA","b6b31a7a-dc07-4168-b147-2a67a0e4a73e","TCGA-DK-AA6R-01A-11R-A42T-07","TCGA-DK-AA6R","Primary Tumor","JAK3","ENSG00000105639",270,2.9268,0.939,0.9843,"OK"
"TCGA-BLCA","b6b31a7a-dc07-4168-b147-2a67a0e4a73e","TCGA-DK-AA6R-01A-11R-A42T-07","TCGA-DK-AA6R","Primary Tumor","EPHB2","ENSG00000133216",3216,18.9766,6.0882,6.3822,"OK"
"TCGA-BLCA","97d3ce96-9be7-4460-8729-53b991892c11","TCGA-ZF-A9R0-01A-11R-A38B-07","TCGA-ZF-A9R0","Primary Tumor","JAK3","ENSG00000105639",730,6.5594,3.119,3.837,"OK"
"TCGA-BLCA","97d3ce96-9be7-4460-8729-53b991892c11","TCGA-ZF-A9R0-01A-11R-A38B-07","TCGA-ZF-A9R0","Primary Tumor","EPHB2","ENSG00000133216",1522,7.4443,3.5398,4.3547,"OK"
"TCGA-BLCA","f8e47b7d-575a-432e-bba0-ced2903b9876","TCGA-XF-A9SL-01A-11R-A39I-07","TCGA-XF-A9SL","Primary Tumor","JAK3","ENSG00000105639",2504,26.1065,8.8494,9.9252,"OK"
"TCGA-BLCA","f8e47b7d-575a-432e-bba0-ced2903b9876","TCGA-XF-A9SL-01A-11R-A39I-07","TCGA-XF-A9SL","Primary Tumor","EPHB2","ENSG00000133216",2163,12.2756,4.1611,4.6669,"OK"
"TCGA-BLCA","2fd7f864-8f3a-4299-8890-d0347ff9b074","TCGA-4Z-AA80-01A-11R-A39I-07","TCGA-4Z-AA80","Primary Tumor","JAK3","ENSG00000105639",198,2.719,0.8004,0.7118,"OK"
"TCGA-BLCA","2fd7f864-8f3a-4299-8890-d0347ff9b074","TCGA-4Z-AA80-01A-11R-A39I-07","TCGA-4Z-AA80","Primary Tumor","EPHB2","ENSG00000133216",661,4.9411,1.4545,1.2936,"OK"
"TCGA-BLCA","30b0aa88-4e4f-4c03-8d48-6346abb93415","TCGA-FD-A3B6-01A-21R-A20F-07","TCGA-FD-A3B6","Primary Tumor","JAK3","ENSG00000105639",1236,12.2636,3.6286,3.5574,"OK"
"TCGA-BLCA","30b0aa88-4e4f-4c03-8d48-6346abb93415","TCGA-FD-A3B6-01A-21R-A20F-07","TCGA-FD-A3B6","Primary Tumor","EPHB2","ENSG00000133216",10331,55.7977,16.5094,16.1855,"OK"
"TCGA-BLCA","f2f0faf2-f758-48fc-ab5c-22742780b5ba","TCGA-FD-A6TE-01A-12R-A33J-07","TCGA-FD-A6TE","Primary Tumor","JAK3","ENSG00000105639",271,2.0006,0.6421,0.6309,"OK"
"TCGA-BLCA","f2f0faf2-f758-48fc-ab5c-22742780b5ba","TCGA-FD-A6TE-01A-12R-A33J-07","TCGA-FD-A6TE","Primary Tumor","EPHB2","ENSG00000133216",2334,9.3791,3.01,2.958,"OK"
"TCGA-BLCA","2660e6c6-b4c6-4d29-b048-4ce588b9e1e2","TCGA-FD-A3B8-01A-31R-A20F-07","TCGA-FD-A3B8","Primary Tumor","JAK3","ENSG00000105639",4179,38.3646,10.9011,11.7815,"OK"
"TCGA-BLCA","2660e6c6-b4c6-4d29-b048-4ce588b9e1e2","TCGA-FD-A3B8-01A-31R-A20F-07","TCGA-FD-A3B8","Primary Tumor","EPHB2","ENSG00000133216",5665,28.3094,8.044,8.6937,"OK"
"TCGA-BLCA","6a8f129f-936b-40ff-a631-bf3df5473456","TCGA-GD-A2C5-11A-11R-A180-07","TCGA-GD-A2C5","Solid Tissue Normal","JAK3","ENSG00000105639",1246,9.2566,3.3331,3.5556,"OK"
"TCGA-BLCA","6a8f129f-936b-40ff-a631-bf3df5473456","TCGA-GD-A2C5-11A-11R-A180-07","TCGA-GD-A2C5","Solid Tissue Normal","EPHB2","ENSG00000133216",963,3.8943,1.4022,1.4959,"OK"
"TCGA-BLCA","d0c7c4ce-3089-473b-9f78-97be72f8d69a","TCGA-ZF-AA52-01A-12R-A39I-07","TCGA-ZF-AA52","Primary Tumor","JAK3","ENSG00000105639",762,8.7713,3.2036,3.3789,"OK"
"TCGA-BLCA","d0c7c4ce-3089-473b-9f78-97be72f8d69a","TCGA-ZF-AA52-01A-12R-A39I-07","TCGA-ZF-AA52","Primary Tumor","EPHB2","ENSG00000133216",614,3.8472,1.4052,1.482,"OK"
"TCGA-BLCA","e6c6d387-dbaa-441a-a0d4-84e355926bcf","TCGA-FD-A6TF-01A-52R-A32O-07","TCGA-FD-A6TF","Primary Tumor","JAK3","ENSG00000105639",770,6.9904,2.319,2.4371,"OK"
"TCGA-BLCA","e6c6d387-dbaa-441a-a0d4-84e355926bcf","TCGA-FD-A6TF-01A-52R-A32O-07","TCGA-FD-A6TF","Primary Tumor","EPHB2","ENSG00000133216",6281,31.0394,10.2969,10.8216,"OK"
"TCGA-BLCA","fd6e9c41-8a8b-40c0-ac8f-230ed9b4d6f2","TCGA-BT-A0S7-01A-11R-A10U-07","TCGA-BT-A0S7","Primary Tumor","JAK3","ENSG00000105639",191,3.0811,0.9754,1.0849,"OK"
"TCGA-BLCA","fd6e9c41-8a8b-40c0-ac8f-230ed9b4d6f2","TCGA-BT-A0S7-01A-11R-A10U-07","TCGA-BT-A0S7","Primary Tumor","EPHB2","ENSG00000133216",1034,9.0797,2.8742,3.197,"OK"
"TCGA-BLCA","047dc5b6-c15e-4dad-b753-de55ca6e171c","TCGA-ZF-AA4W-01A-12R-A38B-07","TCGA-ZF-AA4W","Primary Tumor","JAK3","ENSG00000105639",761,8.7307,3.0232,3.6296,"OK"
"TCGA-BLCA","047dc5b6-c15e-4dad-b753-de55ca6e171c","TCGA-ZF-AA4W-01A-12R-A38B-07","TCGA-ZF-AA4W","Primary Tumor","EPHB2","ENSG00000133216",424,2.6479,0.9169,1.1008,"OK"
"TCGA-BLCA","447a666f-00f3-48d3-b839-222a5e18f79e","TCGA-FD-A62P-01A-32R-A30C-07","TCGA-FD-A62P","Primary Tumor","JAK3","ENSG00000105639",737,8.5507,2.9434,3.0335,"OK"
"TCGA-BLCA","447a666f-00f3-48d3-b839-222a5e18f79e","TCGA-FD-A62P-01A-32R-A30C-07","TCGA-FD-A62P","Primary Tumor","EPHB2","ENSG00000133216",2597,16.4014,5.6459,5.8186,"OK"
"TCGA-BLCA","97e7e11e-63ef-4de3-9bf4-182d1071b463","TCGA-GC-A3I6-01A-11R-A20F-07","TCGA-GC-A3I6","Primary Tumor","JAK3","ENSG00000105639",1691,16.9912,5.1065,4.9841,"OK"
"TCGA-BLCA","97e7e11e-63ef-4de3-9bf4-182d1071b463","TCGA-GC-A3I6-01A-11R-A20F-07","TCGA-GC-A3I6","Primary Tumor","EPHB2","ENSG00000133216",2022,11.0595,3.3238,3.2441,"OK"
"TCGA-BLCA","ff721df7-5306-47c6-a5ee-e771678decbd","TCGA-E7-A7DU-01A-11R-A32O-07","TCGA-E7-A7DU","Primary Tumor","JAK3","ENSG00000105639",130,1.9281,0.751,0.8644,"OK"
"TCGA-BLCA","ff721df7-5306-47c6-a5ee-e771678decbd","TCGA-E7-A7DU-01A-11R-A32O-07","TCGA-E7-A7DU","Primary Tumor","EPHB2","ENSG00000133216",69,0.5571,0.217,0.2498,"OK"
"TCGA-BLCA","c3fc2fca-efd6-46f2-8ec1-431758aff82b","TCGA-CU-A0YN-11A-11R-A10U-07","TCGA-CU-A0YN","Solid Tissue Normal","JAK3","ENSG00000105639",127,2.0867,0.5237,0.6855,"OK"
"TCGA-BLCA","c3fc2fca-efd6-46f2-8ec1-431758aff82b","TCGA-CU-A0YN-11A-11R-A10U-07","TCGA-CU-A0YN","Solid Tissue Normal","EPHB2","ENSG00000133216",303,2.71,0.6801,0.8903,"OK"
"TCGA-BLCA","e59d8133-5367-4356-ac8d-c7412ddbdce0","TCGA-FD-A3SN-01A-12R-A22U-07","TCGA-FD-A3SN","Primary Tumor","JAK3","ENSG00000105639",1189,11.3096,3.7798,3.9806,"OK"
"TCGA-BLCA","e59d8133-5367-4356-ac8d-c7412ddbdce0","TCGA-FD-A3SN-01A-12R-A22U-07","TCGA-FD-A3SN","Primary Tumor","EPHB2","ENSG00000133216",5553,28.7519,9.6091,10.1196,"OK"
"TCGA-BLCA","bf98764d-1604-4a14-8e06-1c785a085db9","TCGA-FD-A3SS-01A-12R-A22U-07","TCGA-FD-A3SS","Primary Tumor","JAK3","ENSG00000105639",417,2.8053,1.0176,1.0629,"OK"
"TCGA-BLCA","bf98764d-1604-4a14-8e06-1c785a085db9","TCGA-FD-A3SS-01A-12R-A22U-07","TCGA-FD-A3SS","Primary Tumor","EPHB2","ENSG00000133216",1458,5.3392,1.9368,2.0231,"OK"
"TCGA-BLCA","c0694ad0-b4f2-43c4-aef4-aa60c2f5baea","TCGA-FD-A43P-01A-31R-A23W-07","TCGA-FD-A43P","Primary Tumor","JAK3","ENSG00000105639",3001,22.4577,7.3579,7.4431,"OK"
"TCGA-BLCA","c0694ad0-b4f2-43c4-aef4-aa60c2f5baea","TCGA-FD-A43P-01A-31R-A23W-07","TCGA-FD-A43P","Primary Tumor","EPHB2","ENSG00000133216",3235,13.1779,4.3175,4.3675,"OK"
"TCGA-BLCA","09549fc0-c1a5-45a8-b053-dacfc261f40c","TCGA-GV-A3QF-01A-31R-A22U-07","TCGA-GV-A3QF","Primary Tumor","JAK3","ENSG00000105639",407,3.6932,1.3299,1.3999,"OK"
"TCGA-BLCA","09549fc0-c1a5-45a8-b053-dacfc261f40c","TCGA-GV-A3QF-01A-31R-A22U-07","TCGA-GV-A3QF","Primary Tumor","EPHB2","ENSG00000133216",2566,12.6748,4.564,4.8044,"OK"
"TCGA-BLCA","e8a28c61-858b-4904-bf49-196d4f264221","TCGA-ZF-A9RL-01A-11R-A38B-07","TCGA-ZF-A9RL","Primary Tumor","JAK3","ENSG00000105639",142,1.6416,0.5621,0.5247,"OK"
"TCGA-BLCA","e8a28c61-858b-4904-bf49-196d4f264221","TCGA-ZF-A9RL-01A-11R-A38B-07","TCGA-ZF-A9RL","Primary Tumor","EPHB2","ENSG00000133216",1409,8.8668,3.0359,2.834,"OK"
"TCGA-BLCA","5cd79afa-f5de-4f1a-aa52-d9c7a63c67c8","TCGA-FD-A6TI-01A-11R-A32O-07","TCGA-FD-A6TI","Primary Tumor","JAK3","ENSG00000105639",351,2.3354,0.8457,0.9291,"OK"
"TCGA-BLCA","5cd79afa-f5de-4f1a-aa52-d9c7a63c67c8","TCGA-FD-A6TI-01A-11R-A32O-07","TCGA-FD-A6TI","Primary Tumor","EPHB2","ENSG00000133216",2305,8.3484,3.0233,3.3212,"OK"
"TCGA-BLCA","d3ef39a7-6a70-4a2e-9138-80b60e6c0925","TCGA-DK-A3IL-01A-11R-A20F-07","TCGA-DK-A3IL","Primary Tumor","JAK3","ENSG00000105639",502,3.7712,1.6527,1.8562,"OK"
"TCGA-BLCA","d3ef39a7-6a70-4a2e-9138-80b60e6c0925","TCGA-DK-A3IL-01A-11R-A20F-07","TCGA-DK-A3IL","Primary Tumor","EPHB2","ENSG00000133216",3054,12.4888,5.473,6.1471,"OK"
"TCGA-BLCA","6a06c38c-e1a8-4fcd-a42c-0cec39d75e93","TCGA-GC-A3OO-01A-11R-A22U-07","TCGA-GC-A3OO","Primary Tumor","JAK3","ENSG00000105639",462,5.0861,1.5481,1.4976,"OK"
"TCGA-BLCA","6a06c38c-e1a8-4fcd-a42c-0cec39d75e93","TCGA-GC-A3OO-01A-11R-A22U-07","TCGA-GC-A3OO","Primary Tumor","EPHB2","ENSG00000133216",879,5.2675,1.6033,1.551,"OK"
"TCGA-BLCA","60832867-d7b9-4749-a536-847f46299e07","TCGA-K4-A4AC-01A-21R-A26T-07","TCGA-K4-A4AC","Primary Tumor","JAK3","ENSG00000105639",381,4.1782,1.4185,1.6007,"OK"
"TCGA-BLCA","60832867-d7b9-4749-a536-847f46299e07","TCGA-K4-A4AC-01A-21R-A26T-07","TCGA-K4-A4AC","Primary Tumor","EPHB2","ENSG00000133216",3190,19.0426,6.4652,7.2952,"OK"
"TCGA-BLCA","6f274dde-6b58-4ef3-8407-450bb3258a78","TCGA-DK-A2I2-01A-11R-A180-07","TCGA-DK-A2I2","Primary Tumor","JAK3","ENSG00000105639",1141,9.8032,3.4993,3.896,"OK"
"TCGA-BLCA","6f274dde-6b58-4ef3-8407-450bb3258a78","TCGA-DK-A2I2-01A-11R-A180-07","TCGA-DK-A2I2","Primary Tumor","EPHB2","ENSG00000133216",2378,11.1216,3.9699,4.4199,"OK"
"TCGA-BLCA","944dea08-22a6-4679-8548-d05426589a99","TCGA-GD-A3OQ-11A-21R-A220-07","TCGA-GD-A3OQ","Solid Tissue Normal","JAK3","ENSG00000105639",730,5.8024,1.7135,1.7574,"OK"
"TCGA-BLCA","944dea08-22a6-4679-8548-d05426589a99","TCGA-GD-A3OQ-11A-21R-A220-07","TCGA-GD-A3OQ","Solid Tissue Normal","EPHB2","ENSG00000133216",1655,7.1607,2.1146,2.1688,"OK"
"TCGA-BLCA","7b281a36-35de-4979-8684-b7399e9f7edb","TCGA-K4-A5RI-01A-11R-A28M-07","TCGA-K4-A5RI","Primary Tumor","JAK3","ENSG00000105639",203,2.0904,0.641,0.6615,"OK"
"TCGA-BLCA","7b281a36-35de-4979-8684-b7399e9f7edb","TCGA-K4-A5RI-01A-11R-A28M-07","TCGA-K4-A5RI","Primary Tumor","EPHB2","ENSG00000133216",2896,16.2329,4.9774,5.1371,"OK"
"TCGA-BLCA","913fd0a8-e639-41b6-bbac-d752621a8ab9","TCGA-XF-A9T8-01A-11R-A39I-07","TCGA-XF-A9T8","Primary Tumor","JAK3","ENSG00000105639",1260,11.5937,3.8885,4.3878,"OK"
"TCGA-BLCA","913fd0a8-e639-41b6-bbac-d752621a8ab9","TCGA-XF-A9T8-01A-11R-A39I-07","TCGA-XF-A9T8","Primary Tumor","EPHB2","ENSG00000133216",834,4.1773,1.401,1.5809,"OK"
"TCGA-BLCA","e6436e88-ce68-4600-b4fe-b2deb94798ff","TCGA-GV-A3QH-01A-11R-A220-07","TCGA-GV-A3QH","Primary Tumor","JAK3","ENSG00000105639",744,5.3673,1.7302,1.7219,"OK"
"TCGA-BLCA","e6436e88-ce68-4600-b4fe-b2deb94798ff","TCGA-GV-A3QH-01A-11R-A220-07","TCGA-GV-A3QH","Primary Tumor","EPHB2","ENSG00000133216",3452,13.5559,4.3699,4.349,"OK"
"TCGA-BLCA","79cbd304-58ee-450b-ba8b-7f0a41e5d298","TCGA-GD-A3OS-01A-12R-A220-07","TCGA-GD-A3OS","Primary Tumor","JAK3","ENSG00000105639",4733,37.7781,10.1642,10.3223,"OK"
"TCGA-BLCA","79cbd304-58ee-450b-ba8b-7f0a41e5d298","TCGA-GD-A3OS-01A-12R-A220-07","TCGA-GD-A3OS","Primary Tumor","EPHB2","ENSG00000133216",9712,42.1974,11.3533,11.5298,"OK"
"TCGA-BLCA","fb8555db-257d-44e0-9bd8-42d6cb84a6cd","TCGA-GD-A3OP-11A-11R-A220-07","TCGA-GD-A3OP","Solid Tissue Normal","JAK3","ENSG00000105639",862,6.0255,1.9984,2.2178,"OK"
"TCGA-BLCA","fb8555db-257d-44e0-9bd8-42d6cb84a6cd","TCGA-GD-A3OP-11A-11R-A220-07","TCGA-GD-A3OP","Solid Tissue Normal","EPHB2","ENSG00000133216",566,2.1536,0.7143,0.7927,"OK"
"TCGA-BLCA","f969aca2-3b08-4fbd-beea-82b5f1c7f981","TCGA-4Z-AA81-01A-11R-A39I-07","TCGA-4Z-AA81","Primary Tumor","JAK3","ENSG00000105639",409,4.9111,1.6302,1.7118,"OK"
"TCGA-BLCA","f969aca2-3b08-4fbd-beea-82b5f1c7f981","TCGA-4Z-AA81-01A-11R-A39I-07","TCGA-4Z-AA81","Primary Tumor","EPHB2","ENSG00000133216",3491,22.818,7.5744,7.9532,"OK"
"TCGA-BLCA","6cffeba2-09ae-44eb-8299-f16c1caba2cc","TCGA-DK-A3X2-01A-11R-A22U-07","TCGA-DK-A3X2","Primary Tumor","JAK3","ENSG00000105639",79,0.8491,0.2316,0.2212,"OK"
"TCGA-BLCA","6cffeba2-09ae-44eb-8299-f16c1caba2cc","TCGA-DK-A3X2-01A-11R-A22U-07","TCGA-DK-A3X2","Primary Tumor","EPHB2","ENSG00000133216",6447,37.7196,10.288,9.8255,"OK"
"TCGA-BLCA","b362e14a-00ff-4f53-be6a-99440b3cd0d5","TCGA-UY-A78O-01A-12R-A33J-07","TCGA-UY-A78O","Primary Tumor","JAK3","ENSG00000105639",569,5.1109,2.0133,2.4588,"OK"
"TCGA-BLCA","b362e14a-00ff-4f53-be6a-99440b3cd0d5","TCGA-UY-A78O-01A-12R-A33J-07","TCGA-UY-A78O","Primary Tumor","EPHB2","ENSG00000133216",555,2.7137,1.069,1.3055,"OK"
"TCGA-BLCA","b718ae00-45a5-4c73-8090-c9e4dc733b29","TCGA-BT-A42C-01A-11R-A23N-07","TCGA-BT-A42C","Primary Tumor","JAK3","ENSG00000105639",313,2.2247,0.761,0.7456,"OK"
"TCGA-BLCA","b718ae00-45a5-4c73-8090-c9e4dc733b29","TCGA-BT-A42C-01A-11R-A23N-07","TCGA-BT-A42C","Primary Tumor","EPHB2","ENSG00000133216",1023,3.958,1.354,1.3265,"OK"
"TCGA-BLCA","2df2d356-db5d-4c2c-b0e7-8ee7bc25e68c","TCGA-FD-A3SM-01A-11R-A22U-07","TCGA-FD-A3SM","Primary Tumor","JAK3","ENSG00000105639",434,3.9988,1.264,1.3714,"OK"
"TCGA-BLCA","2df2d356-db5d-4c2c-b0e7-8ee7bc25e68c","TCGA-FD-A3SM-01A-11R-A22U-07","TCGA-FD-A3SM","Primary Tumor","EPHB2","ENSG00000133216",680,3.4105,1.0781,1.1697,"OK"
"TCGA-BLCA","871e347d-aca1-4dd4-b8dd-85c1d5bbdfae","TCGA-BT-A20W-11A-11R-A14Y-07","TCGA-BT-A20W","Solid Tissue Normal","JAK3","ENSG00000105639",835,11.3398,3.2845,3.3845,"OK"
"TCGA-BLCA","871e347d-aca1-4dd4-b8dd-85c1d5bbdfae","TCGA-BT-A20W-11A-11R-A14Y-07","TCGA-BT-A20W","Solid Tissue Normal","EPHB2","ENSG00000133216",989,7.3112,2.1176,2.1821,"OK"
"TCGA-BLCA","0d50ca90-4dfc-4dc8-b353-0d2af65649d6","TCGA-BL-A13J-01A-11R-A10U-07","TCGA-BL-A13J","Primary Tumor","JAK3","ENSG00000105639",280,4.655,1.3761,1.4362,"OK"
"TCGA-BLCA","0d50ca90-4dfc-4dc8-b353-0d2af65649d6","TCGA-BL-A13J-01A-11R-A10U-07","TCGA-BL-A13J","Primary Tumor","EPHB2","ENSG00000133216",632,5.7194,1.6907,1.7647,"OK"
"TCGA-BLCA","70148228-2225-426d-998c-bc5fa1443881","TCGA-2F-A9KP-01A-11R-A38B-07","TCGA-2F-A9KP","Primary Tumor","JAK3","ENSG00000105639",553,5.9183,1.7488,1.6866,"OK"
"TCGA-BLCA","70148228-2225-426d-998c-bc5fa1443881","TCGA-2F-A9KP-01A-11R-A38B-07","TCGA-2F-A9KP","Primary Tumor","EPHB2","ENSG00000133216",2278,13.2709,3.9214,3.782,"OK"
"TCGA-BLCA","cded68ee-b3c2-47a4-a95a-265192af6b09","TCGA-GC-A3RD-01A-12R-A22U-07","TCGA-GC-A3RD","Primary Tumor","JAK3","ENSG00000105639",676,6.1224,2.2051,2.3252,"OK"
"TCGA-BLCA","cded68ee-b3c2-47a4-a95a-265192af6b09","TCGA-GC-A3RD-01A-12R-A22U-07","TCGA-GC-A3RD","Primary Tumor","EPHB2","ENSG00000133216",1181,5.8223,2.0971,2.2112,"OK"
"TCGA-BLCA","9a59cb30-89ee-4061-be7f-b5d6f268b86a","TCGA-CF-A8HY-01A-11R-A36F-07","TCGA-CF-A8HY","Primary Tumor","JAK3","ENSG00000105639",326,3.2482,1.2529,1.7247,"OK"
"TCGA-BLCA","9a59cb30-89ee-4061-be7f-b5d6f268b86a","TCGA-CF-A8HY-01A-11R-A36F-07","TCGA-CF-A8HY","Primary Tumor","EPHB2","ENSG00000133216",1671,9.0631,3.4958,4.8121,"OK"
"TCGA-BLCA","f4e3ab79-7ff4-4d67-9b94-527c41f6c98c","TCGA-KQ-A41N-01A-11R-A33J-07","TCGA-KQ-A41N","Primary Tumor","JAK3","ENSG00000105639",254,1.8714,0.9158,1.1926,"OK"
"TCGA-BLCA","f4e3ab79-7ff4-4d67-9b94-527c41f6c98c","TCGA-KQ-A41N-01A-11R-A33J-07","TCGA-KQ-A41N","Primary Tumor","EPHB2","ENSG00000133216",335,1.3435,0.6575,0.8562,"OK"
"TCGA-BLCA","9b55a95a-4c3c-4864-9872-0557ddde6515","TCGA-CF-A9FF-01A-11R-A38B-07","TCGA-CF-A9FF","Primary Tumor","JAK3","ENSG00000105639",583,5.213,2.6918,3.4833,"OK"
"TCGA-BLCA","9b55a95a-4c3c-4864-9872-0557ddde6515","TCGA-CF-A9FF-01A-11R-A38B-07","TCGA-CF-A9FF","Primary Tumor","EPHB2","ENSG00000133216",225,1.0952,0.5655,0.7318,"OK"
"TCGA-BLCA","237bada3-a0f0-4604-a492-e3182f46a074","TCGA-XF-AAMQ-01A-11R-A42T-07","TCGA-XF-AAMQ","Primary Tumor","JAK3","ENSG00000105639",1307,8.5403,2.55,2.4959,"OK"
"TCGA-BLCA","237bada3-a0f0-4604-a492-e3182f46a074","TCGA-XF-AAMQ-01A-11R-A42T-07","TCGA-XF-AAMQ","Primary Tumor","EPHB2","ENSG00000133216",3341,11.8836,3.5482,3.4729,"OK"
"TCGA-BLCA","225e500f-d447-4561-b878-d8fda3f0fa6a","TCGA-C4-A0F7-01A-11R-A084-07","TCGA-C4-A0F7","Primary Tumor","JAK3","ENSG00000105639",312,1.9,0.6204,0.7135,"OK"
"TCGA-BLCA","225e500f-d447-4561-b878-d8fda3f0fa6a","TCGA-C4-A0F7-01A-11R-A084-07","TCGA-C4-A0F7","Primary Tumor","EPHB2","ENSG00000133216",751,2.4895,0.8128,0.9349,"OK"
"TCGA-BLCA","432d16d9-616e-43bb-ba3c-abaddb10573e","TCGA-GV-A40G-01A-11R-A23N-07","TCGA-GV-A40G","Primary Tumor","JAK3","ENSG00000105639",677,5.0715,1.6873,1.636,"OK"
"TCGA-BLCA","432d16d9-616e-43bb-ba3c-abaddb10573e","TCGA-GV-A40G-01A-11R-A23N-07","TCGA-GV-A40G","Primary Tumor","EPHB2","ENSG00000133216",897,3.6578,1.2169,1.1799,"OK"
"TCGA-BLCA","0494aded-dab8-4ad7-a884-ab4536520a6d","TCGA-GC-A3BM-11A-11R-A22U-07","TCGA-GC-A3BM","Solid Tissue Normal","JAK3","ENSG00000105639",421,4.5499,1.5048,1.7513,"OK"
"TCGA-BLCA","0494aded-dab8-4ad7-a884-ab4536520a6d","TCGA-GC-A3BM-11A-11R-A22U-07","TCGA-GC-A3BM","Solid Tissue Normal","EPHB2","ENSG00000133216",389,2.2885,0.7569,0.8808,"OK"
"TCGA-BLCA","df5f1b7c-8439-45d3-b73e-abdee5e06f7e","TCGA-FD-A3SQ-01A-21R-A22U-07","TCGA-FD-A3SQ","Primary Tumor","JAK3","ENSG00000105639",1014,10.0573,3.1478,3.197,"OK"
"TCGA-BLCA","df5f1b7c-8439-45d3-b73e-abdee5e06f7e","TCGA-FD-A3SQ-01A-21R-A22U-07","TCGA-FD-A3SQ","Primary Tumor","EPHB2","ENSG00000133216",1651,8.9138,2.7899,2.8335,"OK"
"TCGA-BLCA","a918f42d-99a5-4735-9542-7088d1a60743","TCGA-E7-A7PW-01A-11R-A352-07","TCGA-E7-A7PW","Primary Tumor","JAK3","ENSG00000105639",239,2.1982,1.0136,1.3368,"OK"
"TCGA-BLCA","a918f42d-99a5-4735-9542-7088d1a60743","TCGA-E7-A7PW-01A-11R-A352-07","TCGA-E7-A7PW","Primary Tumor","EPHB2","ENSG00000133216",229,1.1465,0.5286,0.6973,"OK"
"TCGA-BLCA","5d248c5c-e008-4510-bdef-2417b97c864c","TCGA-H4-A2HO-01A-11R-A180-07","TCGA-H4-A2HO","Primary Tumor","JAK3","ENSG00000105639",448,3.5681,1.5262,2.0375,"OK"
"TCGA-BLCA","5d248c5c-e008-4510-bdef-2417b97c864c","TCGA-H4-A2HO-01A-11R-A180-07","TCGA-H4-A2HO","Primary Tumor","EPHB2","ENSG00000133216",477,2.068,0.8845,1.1809,"OK"
"TCGA-BLCA","19bc1add-e899-47fe-a536-8fcfdc110f19","TCGA-DK-A6B1-01A-12R-A30C-07","TCGA-DK-A6B1","Primary Tumor","JAK3","ENSG00000105639",267,2.1771,0.6716,0.6586,"OK"
"TCGA-BLCA","19bc1add-e899-47fe-a536-8fcfdc110f19","TCGA-DK-A6B1-01A-12R-A30C-07","TCGA-DK-A6B1","Primary Tumor","EPHB2","ENSG00000133216",199,0.8833,0.2725,0.2672,"OK"
"TCGA-BLCA","ab30d269-4c07-40c8-81d0-3212a8e94b22","TCGA-ZF-AA58-01A-12R-A42T-07","TCGA-ZF-AA58","Primary Tumor","JAK3","ENSG00000105639",2530,26.0145,7.7227,8.0723,"OK"
"TCGA-BLCA","ab30d269-4c07-40c8-81d0-3212a8e94b22","TCGA-ZF-AA58-01A-12R-A42T-07","TCGA-ZF-AA58","Primary Tumor","EPHB2","ENSG00000133216",3491,19.5397,5.8006,6.0632,"OK"
"TCGA-BLCA","3c68c701-fac4-428c-b6a9-c17a56f56e33","TCGA-CU-A3YL-01A-11R-A22U-07","TCGA-CU-A3YL","Primary Tumor","JAK3","ENSG00000105639",968,7.9295,3.0955,3.3023,"OK"
"TCGA-BLCA","3c68c701-fac4-428c-b6a9-c17a56f56e33","TCGA-CU-A3YL-01A-11R-A22U-07","TCGA-CU-A3YL","Primary Tumor","EPHB2","ENSG00000133216",1520,6.7778,2.6459,2.8227,"OK"
"TCGA-BLCA","54d3e578-c36e-4a04-b3b8-d6e40de39c6a","TCGA-FD-A6TH-01A-11R-A32O-07","TCGA-FD-A6TH","Primary Tumor","JAK3","ENSG00000105639",912,7.3457,2.014,2.2247,"OK"
"TCGA-BLCA","54d3e578-c36e-4a04-b3b8-d6e40de39c6a","TCGA-FD-A6TH-01A-11R-A32O-07","TCGA-FD-A6TH","Primary Tumor","EPHB2","ENSG00000133216",722,3.1655,0.8679,0.9587,"OK"
"TCGA-BLCA","f263d517-208d-4048-850e-dbc477cedb92","TCGA-FD-A43U-01A-11R-A23W-07","TCGA-FD-A43U","Primary Tumor","JAK3","ENSG00000105639",2749,19.848,9.3011,11.8525,"OK"
"TCGA-BLCA","f263d517-208d-4048-850e-dbc477cedb92","TCGA-FD-A43U-01A-11R-A23W-07","TCGA-FD-A43U","Primary Tumor","EPHB2","ENSG00000133216",684,2.6883,1.2598,1.6053,"OK"
"TCGA-BLCA","43e7705a-76b5-4715-8110-051aade5599f","TCGA-4Z-AA82-01A-11R-A39I-07","TCGA-4Z-AA82","Primary Tumor","JAK3","ENSG00000105639",388,4.3601,1.3592,1.4194,"OK"
"TCGA-BLCA","43e7705a-76b5-4715-8110-051aade5599f","TCGA-4Z-AA82-01A-11R-A39I-07","TCGA-4Z-AA82","Primary Tumor","EPHB2","ENSG00000133216",2222,13.5921,4.2372,4.4248,"OK"
"TCGA-BLCA","e9d4152e-50a9-4811-a932-90dd83e8f7ea","TCGA-E7-A678-01A-11R-A30C-07","TCGA-E7-A678","Primary Tumor","JAK3","ENSG00000105639",494,6.1966,2.2473,2.4743,"OK"
"TCGA-BLCA","e9d4152e-50a9-4811-a932-90dd83e8f7ea","TCGA-E7-A678-01A-11R-A30C-07","TCGA-E7-A678","Primary Tumor","EPHB2","ENSG00000133216",59,0.4029,0.1461,0.1609,"OK"
"TCGA-BLCA","cc1b9d9f-e507-4067-8bfe-3162af3376ef","TCGA-K4-A5RI-11A-11R-A28M-07","TCGA-K4-A5RI","Solid Tissue Normal","JAK3","ENSG00000105639",2775,26.5199,9.2754,9.9649,"OK"
"TCGA-BLCA","cc1b9d9f-e507-4067-8bfe-3162af3376ef","TCGA-K4-A5RI-11A-11R-A28M-07","TCGA-K4-A5RI","Solid Tissue Normal","EPHB2","ENSG00000133216",628,3.2669,1.1426,1.2276,"OK"
"TCGA-BLCA","7d6ccd03-8e72-4213-92e6-e919ad2b3d6e","TCGA-G2-A2EL-01A-12R-A18C-07","TCGA-G2-A2EL","Primary Tumor","JAK3","ENSG00000105639",101,0.79,0.2358,0.228,"OK"
"TCGA-BLCA","7d6ccd03-8e72-4213-92e6-e919ad2b3d6e","TCGA-G2-A2EL-01A-12R-A18C-07","TCGA-G2-A2EL","Primary Tumor","EPHB2","ENSG00000133216",6470,27.547,8.2218,7.9502,"OK"
"TCGA-BLCA","c5d03736-e541-4e69-bac1-91560edbac0e","TCGA-G2-A2EF-01A-12R-A18C-07","TCGA-G2-A2EF","Primary Tumor","JAK3","ENSG00000105639",6552,45.6425,13.1072,12.7172,"OK"
"TCGA-BLCA","c5d03736-e541-4e69-bac1-91560edbac0e","TCGA-G2-A2EF-01A-12R-A18C-07","TCGA-G2-A2EF","Primary Tumor","EPHB2","ENSG00000133216",4626,17.5418,5.0375,4.8876,"OK"
"TCGA-BLCA","8618d34e-2e2c-46b1-a36b-89d8968534ce","TCGA-ZF-A9R4-01A-11R-A38B-07","TCGA-ZF-A9R4","Primary Tumor","JAK3","ENSG00000105639",423,4.1238,1.3069,1.3103,"OK"
"TCGA-BLCA","8618d34e-2e2c-46b1-a36b-89d8968534ce","TCGA-ZF-A9R4-01A-11R-A38B-07","TCGA-ZF-A9R4","Primary Tumor","EPHB2","ENSG00000133216",478,2.5366,0.8039,0.806,"OK"
"TCGA-BLCA","0d9f45b0-f107-46cf-8683-8d9cbb93a8bf","TCGA-DK-A3IK-01A-32R-A21D-07","TCGA-DK-A3IK","Primary Tumor","JAK3","ENSG00000105639",1223,6.4398,3.1082,3.8829,"OK"
"TCGA-BLCA","0d9f45b0-f107-46cf-8683-8d9cbb93a8bf","TCGA-DK-A3IK-01A-32R-A21D-07","TCGA-DK-A3IK","Primary Tumor","EPHB2","ENSG00000133216",1781,5.1048,2.4638,3.078,"OK"
"TCGA-BLCA","83db339e-52be-4880-b824-386d2a2f6c3f","TCGA-XF-AAMG-01A-11R-A42T-07","TCGA-XF-AAMG","Primary Tumor","JAK3","ENSG00000105639",401,4.1273,1.4856,1.43,"OK"
"TCGA-BLCA","83db339e-52be-4880-b824-386d2a2f6c3f","TCGA-XF-AAMG-01A-11R-A42T-07","TCGA-XF-AAMG","Primary Tumor","EPHB2","ENSG00000133216",1283,7.1882,2.5874,2.4905,"OK"
"TCGA-BLCA","905a53ea-fdac-4a68-a59c-6e879bf6bef0","TCGA-UY-A9PF-01A-11R-A38B-07","TCGA-UY-A9PF","Primary Tumor","JAK3","ENSG00000105639",311,3.9428,1.7489,2.0896,"OK"
"TCGA-BLCA","905a53ea-fdac-4a68-a59c-6e879bf6bef0","TCGA-UY-A9PF-01A-11R-A38B-07","TCGA-UY-A9PF","Primary Tumor","EPHB2","ENSG00000133216",291,2.0082,0.8908,1.0643,"OK"
"TCGA-BLCA","52ecadbc-442a-45c4-8f50-46ddbf019f25","TCGA-GV-A3JW-01A-11R-A20F-07","TCGA-GV-A3JW","Primary Tumor","JAK3","ENSG00000105639",233,1.7274,0.6003,0.586,"OK"
"TCGA-BLCA","52ecadbc-442a-45c4-8f50-46ddbf019f25","TCGA-GV-A3JW-01A-11R-A20F-07","TCGA-GV-A3JW","Primary Tumor","EPHB2","ENSG00000133216",355,1.4326,0.4978,0.486,"OK"
"TCGA-BLCA","314c8761-290b-4cca-913f-8b7b3e39fe0c","TCGA-4Z-AA87-01A-11R-A39I-07","TCGA-4Z-AA87","Primary Tumor","JAK3","ENSG00000105639",645,5.2659,1.857,2.065,"OK"
"TCGA-BLCA","314c8761-290b-4cca-913f-8b7b3e39fe0c","TCGA-4Z-AA87-01A-11R-A39I-07","TCGA-4Z-AA87","Primary Tumor","EPHB2","ENSG00000133216",1162,5.1641,1.8211,2.0251,"OK"
"TCGA-BLCA","65ddebff-ab5c-4d45-967b-74f211274363","TCGA-DK-AA6S-01A-21R-A39I-07","TCGA-DK-AA6S","Primary Tumor","JAK3","ENSG00000105639",1722,19.5284,6.92,7.8259,"OK"
"TCGA-BLCA","65ddebff-ab5c-4d45-967b-74f211274363","TCGA-DK-AA6S-01A-21R-A39I-07","TCGA-DK-AA6S","Primary Tumor","EPHB2","ENSG00000133216",1068,6.5929,2.3362,2.6421,"OK"
"TCGA-BLCA","d7340acb-9a98-4153-9766-a6748933441d","TCGA-GD-A2C5-01A-12R-A180-07","TCGA-GD-A2C5","Primary Tumor","JAK3","ENSG00000105639",476,3.5329,1.3282,1.378,"OK"
"TCGA-BLCA","d7340acb-9a98-4153-9766-a6748933441d","TCGA-GD-A2C5-01A-12R-A180-07","TCGA-GD-A2C5","Primary Tumor","EPHB2","ENSG00000133216",96,0.3879,0.1458,0.1513,"OK"
"TCGA-BLCA","91383643-c0b3-42b6-8169-d9363a35806c","TCGA-K4-A54R-11A-11R-A26T-07","TCGA-K4-A54R","Solid Tissue Normal","JAK3","ENSG00000105639",384,4.5529,1.4307,1.6531,"OK"
"TCGA-BLCA","91383643-c0b3-42b6-8169-d9363a35806c","TCGA-K4-A54R-11A-11R-A26T-07","TCGA-K4-A54R","Solid Tissue Normal","EPHB2","ENSG00000133216",347,2.2395,0.7038,0.8131,"OK"
"TCGA-BLCA","eeefab43-73ac-4506-9d38-587f9e6d1394","TCGA-UY-A78K-01A-11R-A33J-07","TCGA-UY-A78K","Primary Tumor","JAK3","ENSG00000105639",2298,18.7177,6.8282,6.8903,"OK"
"TCGA-BLCA","eeefab43-73ac-4506-9d38-587f9e6d1394","TCGA-UY-A78K-01A-11R-A33J-07","TCGA-UY-A78K","Primary Tumor","EPHB2","ENSG00000133216",2832,12.5565,4.5806,4.6223,"OK"
"TCGA-BLCA","097c2575-7a0d-4d3e-ad4e-00926dcfe44a","TCGA-DK-A2I4-01A-11R-A21D-07","TCGA-DK-A2I4","Primary Tumor","JAK3","ENSG00000105639",4215,30.6693,9.5061,9.7619,"OK"
"TCGA-BLCA","097c2575-7a0d-4d3e-ad4e-00926dcfe44a","TCGA-DK-A2I4-01A-11R-A21D-07","TCGA-DK-A2I4","Primary Tumor","EPHB2","ENSG00000133216",7136,28.264,8.7606,8.9963,"OK"
"TCGA-BLCA","c7c6b31c-ef94-4dde-85ab-33d6c1eeee5c","TCGA-K4-A6MB-01A-11R-A31N-07","TCGA-K4-A6MB","Primary Tumor","JAK3","ENSG00000105639",383,3.3516,1.0194,1.0135,"OK"
"TCGA-BLCA","c7c6b31c-ef94-4dde-85ab-33d6c1eeee5c","TCGA-K4-A6MB-01A-11R-A31N-07","TCGA-K4-A6MB","Primary Tumor","EPHB2","ENSG00000133216",3103,14.7812,4.4959,4.4695,"OK"
"TCGA-BLCA","3e65a4ef-4253-4224-b9f0-af7ce585ffed","TCGA-FD-A3SR-01A-11R-A22U-07","TCGA-FD-A3SR","Primary Tumor","JAK3","ENSG00000105639",971,12.1369,3.0764,2.9545,"OK"
"TCGA-BLCA","3e65a4ef-4253-4224-b9f0-af7ce585ffed","TCGA-FD-A3SR-01A-11R-A22U-07","TCGA-FD-A3SR","Primary Tumor","EPHB2","ENSG00000133216",650,4.4226,1.121,1.0766,"OK"
"TCGA-BLCA","ba46c317-226e-42a6-8836-8d8b6158933b","TCGA-4Z-AA7R-01A-11R-A39I-07","TCGA-4Z-AA7R","Primary Tumor","JAK3","ENSG00000105639",357,3.3135,1.2021,1.19,"OK"
"TCGA-BLCA","ba46c317-226e-42a6-8836-8d8b6158933b","TCGA-4Z-AA7R-01A-11R-A39I-07","TCGA-4Z-AA7R","Primary Tumor","EPHB2","ENSG00000133216",1026,5.1837,1.8805,1.8617,"OK"
"TCGA-BLCA","0b4e6a1c-99aa-45e3-a343-c16c26923d40","TCGA-E7-A519-01A-11R-A26T-07","TCGA-E7-A519","Primary Tumor","JAK3","ENSG00000105639",1721,19.1703,8.573,13.4632,"OK"
"TCGA-BLCA","0b4e6a1c-99aa-45e3-a343-c16c26923d40","TCGA-E7-A519-01A-11R-A26T-07","TCGA-E7-A519","Primary Tumor","EPHB2","ENSG00000133216",347,2.104,0.9409,1.4776,"OK"
"TCGA-BLCA","123dbb78-446c-4172-bc3e-a5fe1255a7d8","TCGA-YC-A9TC-01A-22R-A39I-07","TCGA-YC-A9TC","Primary Tumor","JAK3","ENSG00000105639",339,3.1013,1.0515,1.1901,"OK"
"TCGA-BLCA","123dbb78-446c-4172-bc3e-a5fe1255a7d8","TCGA-YC-A9TC-01A-22R-A39I-07","TCGA-YC-A9TC","Primary Tumor","EPHB2","ENSG00000133216",125,0.6225,0.2111,0.2389,"OK"
"TCGA-BLCA","a40af2c3-357a-4b23-8ed8-2982f5a5ff65","TCGA-BT-A20J-01A-11R-A14Y-07","TCGA-BT-A20J","Primary Tumor","JAK3","ENSG00000105639",1822,21.4466,7.3731,8.3703,"OK"
"TCGA-BLCA","a40af2c3-357a-4b23-8ed8-2982f5a5ff65","TCGA-BT-A20J-01A-11R-A14Y-07","TCGA-BT-A20J","Primary Tumor","EPHB2","ENSG00000133216",1162,7.4454,2.5596,2.9059,"OK"
"TCGA-BLCA","07355e77-912a-458c-abb0-01533f5d4a9e","TCGA-DK-A3X1-01A-12R-A22U-07","TCGA-DK-A3X1","Primary Tumor","JAK3","ENSG00000105639",460,2.8662,1.507,1.9571,"OK"
"TCGA-BLCA","07355e77-912a-458c-abb0-01533f5d4a9e","TCGA-DK-A3X1-01A-12R-A22U-07","TCGA-DK-A3X1","Primary Tumor","EPHB2","ENSG00000133216",764,2.5913,1.3625,1.7694,"OK"
"TCGA-BLCA","c3859e83-cce1-4fd0-9088-575850145632","TCGA-SY-A9G5-01A-11R-A38B-07","TCGA-SY-A9G5","Primary Tumor","JAK3","ENSG00000105639",1207,15.5289,4.8261,5.1494,"OK"
"TCGA-BLCA","c3859e83-cce1-4fd0-9088-575850145632","TCGA-SY-A9G5-01A-11R-A38B-07","TCGA-SY-A9G5","Primary Tumor","EPHB2","ENSG00000133216",1009,7.0664,2.1961,2.3432,"OK"
"TCGA-BLCA","c1bc2c7c-09e9-4977-8222-93d5ee3e6967","TCGA-XF-A9T6-01A-11R-A42T-07","TCGA-XF-A9T6","Primary Tumor","JAK3","ENSG00000105639",609,7.1757,2.3056,2.2814,"OK"
"TCGA-BLCA","c1bc2c7c-09e9-4977-8222-93d5ee3e6967","TCGA-XF-A9T6-01A-11R-A42T-07","TCGA-XF-A9T6","Primary Tumor","EPHB2","ENSG00000133216",4392,28.1697,9.0511,8.9562,"OK"
"TCGA-BLCA","2877f6c0-649f-44d2-89a1-4a6ef2c8ec19","TCGA-CF-A27C-01A-11R-A16R-07","TCGA-CF-A27C","Primary Tumor","JAK3","ENSG00000105639",528,3.9133,1.3804,1.4692,"OK"
"TCGA-BLCA","2877f6c0-649f-44d2-89a1-4a6ef2c8ec19","TCGA-CF-A27C-01A-11R-A16R-07","TCGA-CF-A27C","Primary Tumor","EPHB2","ENSG00000133216",139,0.5608,0.1978,0.2105,"OK"
"TCGA-BLCA","5ecf522e-b9e0-4499-8e48-df0a6fc88e59","TCGA-XF-A9SP-01A-11R-A39I-07","TCGA-XF-A9SP","Primary Tumor","JAK3","ENSG00000105639",612,5.953,2.2929,2.5163,"OK"
"TCGA-BLCA","5ecf522e-b9e0-4499-8e48-df0a6fc88e59","TCGA-XF-A9SP-01A-11R-A39I-07","TCGA-XF-A9SP","Primary Tumor","EPHB2","ENSG00000133216",4700,24.8859,9.5855,10.5192,"OK"
"TCGA-BLCA","20b3a2ac-5086-48f2-81d1-8f65d92a2c29","TCGA-GC-A3YS-01A-11R-A23N-07","TCGA-GC-A3YS","Primary Tumor","JAK3","ENSG00000105639",735,7.5907,2.4322,2.5426,"OK"
"TCGA-BLCA","20b3a2ac-5086-48f2-81d1-8f65d92a2c29","TCGA-GC-A3YS-01A-11R-A23N-07","TCGA-GC-A3YS","Primary Tumor","EPHB2","ENSG00000133216",3084,17.3372,5.5551,5.8073,"OK"
"TCGA-BLCA","7cb7395b-d017-4af9-a456-0f4e4a14b672","TCGA-DK-A3IV-01A-22R-A21D-07","TCGA-DK-A3IV","Primary Tumor","JAK3","ENSG00000105639",2882,23.0148,6.9067,6.1139,"OK"
"TCGA-BLCA","7cb7395b-d017-4af9-a456-0f4e4a14b672","TCGA-DK-A3IV-01A-22R-A21D-07","TCGA-DK-A3IV","Primary Tumor","EPHB2","ENSG00000133216",590,2.5647,0.7697,0.6813,"OK"
"TCGA-BLCA","796b5af5-3ea6-49e3-abc1-ea02ff426a00","TCGA-XF-A9SK-01A-11R-A42T-07","TCGA-XF-A9SK","Primary Tumor","JAK3","ENSG00000105639",2240,27.612,9.0255,9.2297,"OK"
"TCGA-BLCA","796b5af5-3ea6-49e3-abc1-ea02ff426a00","TCGA-XF-A9SK-01A-11R-A42T-07","TCGA-XF-A9SK","Primary Tumor","EPHB2","ENSG00000133216",1276,8.562,2.7986,2.862,"OK"
"TCGA-BLCA","9c3cc0a6-19cb-4f91-a24f-570a80328908","TCGA-G2-A3IE-01A-11R-A20F-07","TCGA-G2-A3IE","Primary Tumor","JAK3","ENSG00000105639",828,5.8673,2.3441,2.6869,"OK"
"TCGA-BLCA","9c3cc0a6-19cb-4f91-a24f-570a80328908","TCGA-G2-A3IE-01A-11R-A20F-07","TCGA-G2-A3IE","Primary Tumor","EPHB2","ENSG00000133216",1431,5.5197,2.2052,2.5277,"OK"
"TCGA-BLCA","3547d430-08cf-460b-8604-c88e96d70667","TCGA-4Z-AA84-01A-11R-A39I-07","TCGA-4Z-AA84","Primary Tumor","JAK3","ENSG00000105639",937,9.5194,3.4563,3.7026,"OK"
"TCGA-BLCA","3547d430-08cf-460b-8604-c88e96d70667","TCGA-4Z-AA84-01A-11R-A39I-07","TCGA-4Z-AA84","Primary Tumor","EPHB2","ENSG00000133216",1036,5.7293,2.0802,2.2284,"OK"
"TCGA-BLCA","42c7c9bf-d71a-42f1-8dca-aca2da1950b3","TCGA-ZF-AA53-01A-11R-A39I-07","TCGA-ZF-AA53","Primary Tumor","JAK3","ENSG00000105639",605,7.7822,2.6532,3.1919,"OK"
"TCGA-BLCA","42c7c9bf-d71a-42f1-8dca-aca2da1950b3","TCGA-ZF-AA53-01A-11R-A39I-07","TCGA-ZF-AA53","Primary Tumor","EPHB2","ENSG00000133216",2114,14.8021,5.0466,6.0712,"OK"
"TCGA-BLCA","66db3c55-5648-44d5-893b-a3037e1c2f9d","TCGA-HQ-A2OE-01A-11R-A206-07","TCGA-HQ-A2OE","Primary Tumor","JAK3","ENSG00000105639",491,2.957,0.8647,0.8379,"OK"
"TCGA-BLCA","66db3c55-5648-44d5-893b-a3037e1c2f9d","TCGA-HQ-A2OE-01A-11R-A206-07","TCGA-HQ-A2OE","Primary Tumor","EPHB2","ENSG00000133216",5010,16.4241,4.803,4.6539,"OK"
"TCGA-BLCA","545e71df-0c44-4d78-ab21-c7a570528c4f","TCGA-ZF-AA5H-01A-11R-A39I-07","TCGA-ZF-AA5H","Primary Tumor","JAK3","ENSG00000105639",1235,9.0056,2.7895,3.0008,"OK"
"TCGA-BLCA","545e71df-0c44-4d78-ab21-c7a570528c4f","TCGA-ZF-AA5H-01A-11R-A39I-07","TCGA-ZF-AA5H","Primary Tumor","EPHB2","ENSG00000133216",12811,50.8511,15.7515,16.9444,"OK"
"TCGA-BLCA","748f006b-11dc-4a2f-b857-705e19b511a0","TCGA-UY-A78M-01A-21R-A352-07","TCGA-UY-A78M","Primary Tumor","JAK3","ENSG00000105639",451,3.8092,1.4486,1.6585,"OK"
"TCGA-BLCA","748f006b-11dc-4a2f-b857-705e19b511a0","TCGA-UY-A78M-01A-21R-A352-07","TCGA-UY-A78M","Primary Tumor","EPHB2","ENSG00000133216",2415,11.1033,4.2223,4.8343,"OK"
"TCGA-BLCA","0240ae8f-9354-4123-b791-5333317ae9f0","TCGA-XF-A8HH-01A-11R-A38B-07","TCGA-XF-A8HH","Primary Tumor","JAK3","ENSG00000105639",822,8.5874,3.1455,3.4245,"OK"
"TCGA-BLCA","0240ae8f-9354-4123-b791-5333317ae9f0","TCGA-XF-A8HH-01A-11R-A38B-07","TCGA-XF-A8HH","Primary Tumor","EPHB2","ENSG00000133216",431,2.451,0.8978,0.9774,"OK"
"TCGA-BLCA","ee91dbfe-125f-48c3-95fc-58bc4f33f530","TCGA-FD-A5C0-01A-11R-A28M-07","TCGA-FD-A5C0","Primary Tumor","JAK3","ENSG00000105639",534,5.6524,1.7127,1.6371,"OK"
"TCGA-BLCA","ee91dbfe-125f-48c3-95fc-58bc4f33f530","TCGA-FD-A5C0-01A-11R-A28M-07","TCGA-FD-A5C0","Primary Tumor","EPHB2","ENSG00000133216",178,1.0256,0.3108,0.297,"OK"
"TCGA-BLCA","5bd14c65-859a-4e3c-ba5b-225ecb2a8f56","TCGA-XF-A8HC-01A-11R-A36F-07","TCGA-XF-A8HC","Primary Tumor","JAK3","ENSG00000105639",180,1.9307,0.761,0.8037,"OK"
"TCGA-BLCA","5bd14c65-859a-4e3c-ba5b-225ecb2a8f56","TCGA-XF-A8HC-01A-11R-A36F-07","TCGA-XF-A8HC","Primary Tumor","EPHB2","ENSG00000133216",75,0.4379,0.1726,0.1823,"OK"
"TCGA-BLCA","5c773161-8a5d-4d0d-93b7-0f7d584350c8","TCGA-ZF-AA4T-01A-11R-A38B-07","TCGA-ZF-AA4T","Primary Tumor","JAK3","ENSG00000105639",152,1.7805,0.5939,0.5584,"OK"
"TCGA-BLCA","5c773161-8a5d-4d0d-93b7-0f7d584350c8","TCGA-ZF-AA4T-01A-11R-A38B-07","TCGA-ZF-AA4T","Primary Tumor","EPHB2","ENSG00000133216",3059,19.5053,6.506,6.1169,"OK"
"TCGA-BLCA","ac7d309a-ae43-4906-9be1-9c09d3de5427","TCGA-BT-A0YX-01A-11R-A10U-07","TCGA-BT-A0YX","Primary Tumor","JAK3","ENSG00000105639",641,6.0173,2.1338,2.5819,"OK"
"TCGA-BLCA","ac7d309a-ae43-4906-9be1-9c09d3de5427","TCGA-BT-A0YX-01A-11R-A10U-07","TCGA-BT-A0YX","Primary Tumor","EPHB2","ENSG00000133216",2181,11.1448,3.9521,4.782,"OK"
"TCGA-BLCA","aefa5671-fdd8-4d18-a301-89570f9b02ec","TCGA-DK-AA71-01A-31R-A39I-07","TCGA-DK-AA71","Primary Tumor","JAK3","ENSG00000105639",218,2.8877,0.9347,1.0373,"OK"
"TCGA-BLCA","aefa5671-fdd8-4d18-a301-89570f9b02ec","TCGA-DK-AA71-01A-31R-A39I-07","TCGA-DK-AA71","Primary Tumor","EPHB2","ENSG00000133216",900,6.4896,2.1006,2.3312,"OK"
"TCGA-BLCA","10a9933f-e28e-463b-ad62-68622cc1b539","TCGA-DK-A3WW-01A-22R-A23N-07","TCGA-DK-A3WW","Primary Tumor","JAK3","ENSG00000105639",1334,12.1571,4.0649,4.8559,"OK"
"TCGA-BLCA","10a9933f-e28e-463b-ad62-68622cc1b539","TCGA-DK-A3WW-01A-22R-A23N-07","TCGA-DK-A3WW","Primary Tumor","EPHB2","ENSG00000133216",409,2.0289,0.6784,0.8104,"OK"
"TCGA-BLCA","1272d054-b190-487f-83d5-77a8cfda9c0c","TCGA-CF-A7I0-01A-22R-A352-07","TCGA-CF-A7I0","Primary Tumor","JAK3","ENSG00000105639",798,6.9774,2.9379,3.329,"OK"
"TCGA-BLCA","1272d054-b190-487f-83d5-77a8cfda9c0c","TCGA-CF-A7I0-01A-22R-A352-07","TCGA-CF-A7I0","Primary Tumor","EPHB2","ENSG00000133216",902,4.2931,1.8076,2.0483,"OK"
"TCGA-BLCA","a4362780-266c-4912-bfb5-ffbff4661e4a","TCGA-GU-AATP-01A-11R-A39I-07","TCGA-GU-AATP","Primary Tumor","JAK3","ENSG00000105639",499,5.9446,2.3016,2.7259,"OK"
"TCGA-BLCA","a4362780-266c-4912-bfb5-ffbff4661e4a","TCGA-GU-AATP-01A-11R-A39I-07","TCGA-GU-AATP","Primary Tumor","EPHB2","ENSG00000133216",604,3.9168,1.5165,1.7961,"OK"
"TCGA-BLCA","34adff41-4eb8-4d9d-8cdf-b21b43f40062","TCGA-2F-A9KW-01A-11R-A38B-07","TCGA-2F-A9KW","Primary Tumor","JAK3","ENSG00000105639",668,8.2419,2.5962,2.602,"OK"
"TCGA-BLCA","34adff41-4eb8-4d9d-8cdf-b21b43f40062","TCGA-2F-A9KW-01A-11R-A38B-07","TCGA-2F-A9KW","Primary Tumor","EPHB2","ENSG00000133216",257,1.7261,0.5437,0.5449,"OK"
"TCGA-BLCA","01d381c7-6398-47cb-925c-078cd538852f","TCGA-CF-A1HR-01A-11R-A13Y-07","TCGA-CF-A1HR","Primary Tumor","JAK3","ENSG00000105639",354,3.995,1.4661,1.5003,"OK"
"TCGA-BLCA","01d381c7-6398-47cb-925c-078cd538852f","TCGA-CF-A1HR-01A-11R-A13Y-07","TCGA-CF-A1HR","Primary Tumor","EPHB2","ENSG00000133216",1491,9.1593,3.3614,3.4397,"OK"
"TCGA-BLCA","1de8df86-f564-44c1-91ad-a58df8004911","TCGA-FD-A62O-01A-11R-A30C-07","TCGA-FD-A62O","Primary Tumor","JAK3","ENSG00000105639",1264,12.8045,4.5384,4.9285,"OK"
"TCGA-BLCA","1de8df86-f564-44c1-91ad-a58df8004911","TCGA-FD-A62O-01A-11R-A30C-07","TCGA-FD-A62O","Primary Tumor","EPHB2","ENSG00000133216",1769,9.7547,3.4575,3.7546,"OK"
"TCGA-BLCA","fc84a25f-3de3-4ae1-b918-e62a1a685428","TCGA-E5-A2PC-01A-11R-A206-07","TCGA-E5-A2PC","Primary Tumor","JAK3","ENSG00000105639",607,3.6965,1.3097,1.452,"OK"
"TCGA-BLCA","fc84a25f-3de3-4ae1-b918-e62a1a685428","TCGA-E5-A2PC-01A-11R-A206-07","TCGA-E5-A2PC","Primary Tumor","EPHB2","ENSG00000133216",3276,10.8597,3.8477,4.2658,"OK"
"TCGA-BLCA","38a7c5bd-8d0f-45e1-86b9-12b81c8f9664","TCGA-FD-A3B3-01A-12R-A206-07","TCGA-FD-A3B3","Primary Tumor","JAK3","ENSG00000105639",3501,20.9883,7.0321,7.7466,"OK"
"TCGA-BLCA","38a7c5bd-8d0f-45e1-86b9-12b81c8f9664","TCGA-FD-A3B3-01A-12R-A206-07","TCGA-FD-A3B3","Primary Tumor","EPHB2","ENSG00000133216",1904,6.2133,2.0818,2.2933,"OK"
"TCGA-BLCA","b9c44531-dfff-4774-b906-47986e819f33","TCGA-CF-A5U8-01A-11R-A28M-07","TCGA-CF-A5U8","Primary Tumor","JAK3","ENSG00000105639",755,7.0752,2.7216,2.9754,"OK"
"TCGA-BLCA","b9c44531-dfff-4774-b906-47986e819f33","TCGA-CF-A5U8-01A-11R-A28M-07","TCGA-CF-A5U8","Primary Tumor","EPHB2","ENSG00000133216",75,0.3826,0.1472,0.1609,"OK"
"TCGA-BLCA","6f61614f-6903-4ca9-ad1c-1055d67b6780","TCGA-4Z-AA7Y-01A-11R-A39I-07","TCGA-4Z-AA7Y","Primary Tumor","JAK3","ENSG00000105639",164,2.028,0.5786,0.5684,"OK"
"TCGA-BLCA","6f61614f-6903-4ca9-ad1c-1055d67b6780","TCGA-4Z-AA7Y-01A-11R-A39I-07","TCGA-4Z-AA7Y","Primary Tumor","EPHB2","ENSG00000133216",270,1.8174,0.5186,0.5094,"OK"
"TCGA-BLCA","a1277826-2975-4368-8221-e3cd58f97008","TCGA-E7-A5KE-01A-11R-A28M-07","TCGA-E7-A5KE","Primary Tumor","JAK3","ENSG00000105639",354,3.9139,1.2225,1.0922,"OK"
"TCGA-BLCA","a1277826-2975-4368-8221-e3cd58f97008","TCGA-E7-A5KE-01A-11R-A28M-07","TCGA-E7-A5KE","Primary Tumor","EPHB2","ENSG00000133216",633,3.8097,1.1899,1.0631,"OK"
"TCGA-BLCA","33506269-8eac-4273-8ea5-0d8a4d82d329","TCGA-BL-A13J-01B-04R-A277-07","TCGA-BL-A13J","Primary Tumor","JAK3","ENSG00000105639",651,12.565,3.9242,3.5263,"OK"
"TCGA-BLCA","33506269-8eac-4273-8ea5-0d8a4d82d329","TCGA-BL-A13J-01B-04R-A277-07","TCGA-BL-A13J","Primary Tumor","EPHB2","ENSG00000133216",319,3.3516,1.0467,0.9406,"OK"
"TCGA-BLCA","ca6e88bc-2456-4987-beb0-d3700e7e71dc","TCGA-GC-A3WC-01A-31R-A22U-07","TCGA-GC-A3WC","Primary Tumor","JAK3","ENSG00000105639",1333,13.1157,4.4708,4.723,"OK"
"TCGA-BLCA","ca6e88bc-2456-4987-beb0-d3700e7e71dc","TCGA-GC-A3WC-01A-31R-A22U-07","TCGA-GC-A3WC","Primary Tumor","EPHB2","ENSG00000133216",1273,6.8181,2.3241,2.4552,"OK"
"TCGA-BLCA","13624e34-f4d6-43d0-8fea-36dc5b731f2a","TCGA-K4-A5RJ-01A-11R-A28M-07","TCGA-K4-A5RJ","Primary Tumor","JAK3","ENSG00000105639",2214,31.4054,9.5677,9.5352,"OK"
"TCGA-BLCA","13624e34-f4d6-43d0-8fea-36dc5b731f2a","TCGA-K4-A5RJ-01A-11R-A28M-07","TCGA-K4-A5RJ","Primary Tumor","EPHB2","ENSG00000133216",719,5.5517,1.6913,1.6856,"OK"
"TCGA-BLCA","a236c850-5a1a-43af-aaf6-fe0c8246a5c0","TCGA-K4-A54R-01A-11R-A26T-07","TCGA-K4-A54R","Primary Tumor","JAK3","ENSG00000105639",1285,18.3684,5.4644,5.6477,"OK"
"TCGA-BLCA","a236c850-5a1a-43af-aaf6-fe0c8246a5c0","TCGA-K4-A54R-01A-11R-A26T-07","TCGA-K4-A54R","Primary Tumor","EPHB2","ENSG00000133216",1654,12.8699,3.8286,3.9571,"OK"
"TCGA-BLCA","a71fe12b-33e5-4ce6-a39f-c506c7e1d44e","TCGA-DK-AA6Q-01A-11R-A39I-07","TCGA-DK-AA6Q","Primary Tumor","JAK3","ENSG00000105639",399,5.1906,1.6247,1.6423,"OK"
"TCGA-BLCA","a71fe12b-33e5-4ce6-a39f-c506c7e1d44e","TCGA-DK-AA6Q-01A-11R-A39I-07","TCGA-DK-AA6Q","Primary Tumor","EPHB2","ENSG00000133216",1694,11.9959,3.7548,3.7954,"OK"
"TCGA-BLCA","586d971a-7150-4a98-bb9b-68695f6a8a7d","TCGA-XF-A9T3-01A-11R-A42T-07","TCGA-XF-A9T3","Primary Tumor","JAK3","ENSG00000105639",514,13.1254,4.1046,4.021,"OK"
"TCGA-BLCA","586d971a-7150-4a98-bb9b-68695f6a8a7d","TCGA-XF-A9T3-01A-11R-A42T-07","TCGA-XF-A9T3","Primary Tumor","EPHB2","ENSG00000133216",5305,73.7408,23.0602,22.5906,"OK"
"TCGA-BLCA","64875e7b-c609-4f64-b2ab-283bdbbf0543","TCGA-UY-A8OC-01A-11R-A36F-07","TCGA-UY-A8OC","Primary Tumor","JAK3","ENSG00000105639",880,10.0557,3.1853,3.7921,"OK"
"TCGA-BLCA","64875e7b-c609-4f64-b2ab-283bdbbf0543","TCGA-UY-A8OC-01A-11R-A36F-07","TCGA-UY-A8OC","Primary Tumor","EPHB2","ENSG00000133216",1176,7.3149,2.3171,2.7585,"OK"
"TCGA-BLCA","e9f5fd86-6744-43db-9b13-d9b5a57f9f4a","TCGA-GD-A76B-01A-11R-A32O-07","TCGA-GD-A76B","Primary Tumor","JAK3","ENSG00000105639",1309,8.5154,3.6359,4.3181,"OK"
"TCGA-BLCA","e9f5fd86-6744-43db-9b13-d9b5a57f9f4a","TCGA-GD-A76B-01A-11R-A32O-07","TCGA-GD-A76B","Primary Tumor","EPHB2","ENSG00000133216",352,1.2465,0.5322,0.6321,"OK"
"TCGA-BLCA","bac5cad8-043b-490f-86e8-b26325ad5499","TCGA-FJ-A3Z7-01A-12R-A23N-07","TCGA-FJ-A3Z7","Primary Tumor","JAK3","ENSG00000105639",1134,5.3279,3.2104,4.9113,"OK"
"TCGA-BLCA","bac5cad8-043b-490f-86e8-b26325ad5499","TCGA-FJ-A3Z7-01A-12R-A23N-07","TCGA-FJ-A3Z7","Primary Tumor","EPHB2","ENSG00000133216",44,0.1125,0.0678,0.1037,"OK"
"TCGA-BLCA","56bf7d6b-f075-4548-9d5d-452358d1018d","TCGA-DK-AA6W-01A-12R-A39I-07","TCGA-DK-AA6W","Primary Tumor","JAK3","ENSG00000105639",503,6.2314,1.9653,1.8399,"OK"
"TCGA-BLCA","56bf7d6b-f075-4548-9d5d-452358d1018d","TCGA-DK-AA6W-01A-12R-A39I-07","TCGA-DK-AA6W","Primary Tumor","EPHB2","ENSG00000133216",1463,9.8659,3.1116,2.913,"OK"
"TCGA-BLCA","aa60f7c7-fa2f-483e-8c4b-26f9bc4b72c3","TCGA-FD-A43S-01A-21R-A23W-07","TCGA-FD-A43S","Primary Tumor","JAK3","ENSG00000105639",4604,39.8936,15.3341,17.9447,"OK"
"TCGA-BLCA","aa60f7c7-fa2f-483e-8c4b-26f9bc4b72c3","TCGA-FD-A43S-01A-21R-A23W-07","TCGA-FD-A43S","Primary Tumor","EPHB2","ENSG00000133216",1183,5.5799,2.1448,2.5099,"OK"
"TCGA-BLCA","5581bfdc-8192-4e79-bf83-0c61d504dc62","TCGA-4Z-AA7O-01A-31R-A39I-07","TCGA-4Z-AA7O","Primary Tumor","JAK3","ENSG00000105639",549,7.1867,2.6261,2.7303,"OK"
"TCGA-BLCA","5581bfdc-8192-4e79-bf83-0c61d504dc62","TCGA-4Z-AA7O-01A-31R-A39I-07","TCGA-4Z-AA7O","Primary Tumor","EPHB2","ENSG00000133216",52,0.3705,0.1354,0.1408,"OK"
"TCGA-BLCA","e23bcf27-4748-42c9-8088-ddf12055b43a","TCGA-BT-A2LA-01A-11R-A18C-07","TCGA-BT-A2LA","Primary Tumor","JAK3","ENSG00000105639",964,7.4309,2.1411,2.1052,"OK"
"TCGA-BLCA","e23bcf27-4748-42c9-8088-ddf12055b43a","TCGA-BT-A2LA-01A-11R-A18C-07","TCGA-BT-A2LA","Primary Tumor","EPHB2","ENSG00000133216",6100,25.5959,7.3749,7.2515,"OK"
"TCGA-BLCA","4d99171a-0545-4eb4-b99a-ee0d4db75920","TCGA-XF-AAMR-01A-31R-A42T-07","TCGA-XF-AAMR","Primary Tumor","JAK3","ENSG00000105639",1234,6.3242,1.8329,1.8789,"OK"
"TCGA-BLCA","4d99171a-0545-4eb4-b99a-ee0d4db75920","TCGA-XF-AAMR-01A-31R-A42T-07","TCGA-XF-AAMR","Primary Tumor","EPHB2","ENSG00000133216",2994,8.3525,2.4207,2.4814,"OK"
"TCGA-BLCA","f61fb2f4-d12a-4452-8c20-9679dee50937","TCGA-4Z-AA7W-01A-11R-A39I-07","TCGA-4Z-AA7W","Primary Tumor","JAK3","ENSG00000105639",3088,28.0798,12.63,16.0181,"OK"
"TCGA-BLCA","f61fb2f4-d12a-4452-8c20-9679dee50937","TCGA-4Z-AA7W-01A-11R-A39I-07","TCGA-4Z-AA7W","Primary Tumor","EPHB2","ENSG00000133216",3816,18.8886,8.4959,10.775,"OK"
"TCGA-BLCA","5e5d8a76-04b4-4946-8715-6b61ac46783f","TCGA-CF-A47X-01A-31R-A23W-07","TCGA-CF-A47X","Primary Tumor","JAK3","ENSG00000105639",234,1.2673,0.5231,0.6022,"OK"
"TCGA-BLCA","5e5d8a76-04b4-4946-8715-6b61ac46783f","TCGA-CF-A47X-01A-31R-A23W-07","TCGA-CF-A47X","Primary Tumor","EPHB2","ENSG00000133216",663,1.9545,0.8067,0.9288,"OK"
"TCGA-BLCA","3a7de853-78e4-437b-893b-cc2b7879ede8","TCGA-4Z-AA86-01A-11R-A39I-07","TCGA-4Z-AA86","Primary Tumor","JAK3","ENSG00000105639",2045,17.6807,5.1702,5.1481,"OK"
"TCGA-BLCA","3a7de853-78e4-437b-893b-cc2b7879ede8","TCGA-4Z-AA86-01A-11R-A39I-07","TCGA-4Z-AA86","Primary Tumor","EPHB2","ENSG00000133216",4712,22.1761,6.4848,6.4571,"OK"
"TCGA-BLCA","bf5f0863-853a-4c34-bc0d-bfdef8c14739","TCGA-FD-A3SO-01A-11R-A22U-07","TCGA-FD-A3SO","Primary Tumor","JAK3","ENSG00000105639",708,7.5552,2.2757,2.3278,"OK"
"TCGA-BLCA","bf5f0863-853a-4c34-bc0d-bfdef8c14739","TCGA-FD-A3SO-01A-11R-A22U-07","TCGA-FD-A3SO","Primary Tumor","EPHB2","ENSG00000133216",2150,12.4889,3.7618,3.8479,"OK"
"TCGA-BLCA","677f2370-e186-4842-b410-345a07c0fdad","TCGA-YC-A89H-01A-11R-A36F-07","TCGA-YC-A89H","Primary Tumor","JAK3","ENSG00000105639",552,5.2029,1.802,2.0074,"OK"
"TCGA-BLCA","677f2370-e186-4842-b410-345a07c0fdad","TCGA-YC-A89H-01A-11R-A36F-07","TCGA-YC-A89H","Primary Tumor","EPHB2","ENSG00000133216",5559,28.5218,9.8786,11.0046,"OK"
"TCGA-BLCA","9ac4c236-3dd9-4549-86be-fd8c0b4cb7d6","TCGA-CF-A9FL-01A-11R-A38B-07","TCGA-CF-A9FL","Primary Tumor","JAK3","ENSG00000105639",329,2.7235,1.1754,1.4005,"OK"
"TCGA-BLCA","9ac4c236-3dd9-4549-86be-fd8c0b4cb7d6","TCGA-CF-A9FL-01A-11R-A38B-07","TCGA-CF-A9FL","Primary Tumor","EPHB2","ENSG00000133216",952,4.2899,1.8514,2.206,"OK"
"TCGA-BLCA","88862227-9d1b-4849-b99d-4c26835e4a82","TCGA-5N-A9KM-01A-11R-A42T-07","TCGA-5N-A9KM","Primary Tumor","JAK3","ENSG00000105639",701,6.73,2.4058,2.5675,"OK"
"TCGA-BLCA","88862227-9d1b-4849-b99d-4c26835e4a82","TCGA-5N-A9KM-01A-11R-A42T-07","TCGA-5N-A9KM","Primary Tumor","EPHB2","ENSG00000133216",1694,8.8529,3.1646,3.3773,"OK"
"TCGA-BLCA","8e7ea117-cc02-4827-8be3-d99488389bb8","TCGA-YC-A8S6-01A-31R-A38B-07","TCGA-YC-A8S6","Primary Tumor","JAK3","ENSG00000105639",1104,16.5137,5.413,5.4274,"OK"
"TCGA-BLCA","8e7ea117-cc02-4827-8be3-d99488389bb8","TCGA-YC-A8S6-01A-31R-A38B-07","TCGA-YC-A8S6","Primary Tumor","EPHB2","ENSG00000133216",850,6.921,2.2686,2.2746,"OK"
"TCGA-BLCA","78129339-7b80-4dd6-bd93-2df9eed2bfce","TCGA-FD-A5BU-01A-31R-A26T-07","TCGA-FD-A5BU","Primary Tumor","JAK3","ENSG00000105639",705,8.2506,2.5993,2.8264,"OK"
"TCGA-BLCA","78129339-7b80-4dd6-bd93-2df9eed2bfce","TCGA-FD-A5BU-01A-31R-A26T-07","TCGA-FD-A5BU","Primary Tumor","EPHB2","ENSG00000133216",2004,12.7664,4.022,4.3733,"OK"
"TCGA-BLCA","7f84b583-d817-4e6b-ba5a-eefeea0696a1","TCGA-XF-AAN2-01A-11R-A42T-07","TCGA-XF-AAN2","Primary Tumor","JAK3","ENSG00000105639",325,5.7353,1.7545,1.687,"OK"
"TCGA-BLCA","7f84b583-d817-4e6b-ba5a-eefeea0696a1","TCGA-XF-AAN2-01A-11R-A42T-07","TCGA-XF-AAN2","Primary Tumor","EPHB2","ENSG00000133216",933,8.9624,2.7418,2.6362,"OK"
"TCGA-BLCA","540d3370-ee6b-41df-9670-650800b9596a","TCGA-G2-AA3F-01A-12R-A42T-07","TCGA-G2-AA3F","Primary Tumor","JAK3","ENSG00000105639",361,3.0614,1.1243,1.0592,"OK"
"TCGA-BLCA","540d3370-ee6b-41df-9670-650800b9596a","TCGA-G2-AA3F-01A-12R-A42T-07","TCGA-G2-AA3F","Primary Tumor","EPHB2","ENSG00000133216",1064,4.9116,1.8038,1.6993,"OK"
"TCGA-BLCA","adeb51ae-8d35-417a-92b2-940f803d8ede","TCGA-G2-A2EO-01A-11R-A180-07","TCGA-G2-A2EO","Primary Tumor","JAK3","ENSG00000105639",1001,9.8617,3.3851,3.7673,"OK"
"TCGA-BLCA","adeb51ae-8d35-417a-92b2-940f803d8ede","TCGA-G2-A2EO-01A-11R-A180-07","TCGA-G2-A2EO","Primary Tumor","EPHB2","ENSG00000133216",668,3.5823,1.2297,1.3685,"OK"
"TCGA-BLCA","1f517491-321e-44e9-9aa8-082267ec9607","TCGA-DK-A3WY-01A-11R-A22U-07","TCGA-DK-A3WY","Primary Tumor","JAK3","ENSG00000105639",8520,75.2884,26.9527,27.5086,"OK"
"TCGA-BLCA","1f517491-321e-44e9-9aa8-082267ec9607","TCGA-DK-A3WY-01A-11R-A22U-07","TCGA-DK-A3WY","Primary Tumor","EPHB2","ENSG00000133216",1717,8.2591,2.9567,3.0177,"OK"
"TCGA-BLCA","1cd41b2d-6f24-4478-851a-5e20e456173d","TCGA-CF-A47Y-01A-11R-A23W-07","TCGA-CF-A47Y","Primary Tumor","JAK3","ENSG00000105639",1145,6.0966,3.2725,4.7817,"OK"
"TCGA-BLCA","1cd41b2d-6f24-4478-851a-5e20e456173d","TCGA-CF-A47Y-01A-11R-A23W-07","TCGA-CF-A47Y","Primary Tumor","EPHB2","ENSG00000133216",213,0.6174,0.3314,0.4842,"OK"
"TCGA-BLCA","31721dee-f673-4ae8-9bd0-a5d2f45ae915","TCGA-DK-A1A6-01A-11R-A13Y-07","TCGA-DK-A1A6","Primary Tumor","JAK3","ENSG00000105639",669,5.6331,1.6896,1.7015,"OK"
"TCGA-BLCA","31721dee-f673-4ae8-9bd0-a5d2f45ae915","TCGA-DK-A1A6-01A-11R-A13Y-07","TCGA-DK-A1A6","Primary Tumor","EPHB2","ENSG00000133216",3140,14.3922,4.3169,4.3472,"OK"
"TCGA-BLCA","221dac32-9dcb-414d-a68d-238cde1178e1","TCGA-GU-A42Q-01A-11R-A23W-07","TCGA-GU-A42Q","Primary Tumor","JAK3","ENSG00000105639",152,1.3687,0.413,0.4592,"OK"
"TCGA-BLCA","221dac32-9dcb-414d-a68d-238cde1178e1","TCGA-GU-A42Q-01A-11R-A23W-07","TCGA-GU-A42Q","Primary Tumor","EPHB2","ENSG00000133216",709,3.4753,1.0486,1.166,"OK"
"TCGA-BLCA","6e8f03bd-2f61-4afc-b104-b4a512cb3a10","TCGA-GV-A3JZ-01A-11R-A21D-07","TCGA-GV-A3JZ","Primary Tumor","JAK3","ENSG00000105639",571,3.6277,1.2769,1.3143,"OK"
"TCGA-BLCA","6e8f03bd-2f61-4afc-b104-b4a512cb3a10","TCGA-GV-A3JZ-01A-11R-A21D-07","TCGA-GV-A3JZ","Primary Tumor","EPHB2","ENSG00000133216",4281,14.8052,5.2111,5.364,"OK"
"TCGA-BLCA","9b7ee08d-b03c-4c4e-a295-d27cdeff5e92","TCGA-XF-AAMY-01A-11R-A42T-07","TCGA-XF-AAMY","Primary Tumor","JAK3","ENSG00000105639",401,7.064,2.209,2.1782,"OK"
"TCGA-BLCA","9b7ee08d-b03c-4c4e-a295-d27cdeff5e92","TCGA-XF-AAMY-01A-11R-A42T-07","TCGA-XF-AAMY","Primary Tumor","EPHB2","ENSG00000133216",588,5.6384,1.7632,1.7386,"OK"
"TCGA-BLCA","3bc655bf-2b44-4d75-b1d6-47c12e1af743","TCGA-XF-AAN7-01A-11R-A42T-07","TCGA-XF-AAN7","Primary Tumor","JAK3","ENSG00000105639",126,3.1102,0.843,0.8113,"OK"
"TCGA-BLCA","3bc655bf-2b44-4d75-b1d6-47c12e1af743","TCGA-XF-AAN7-01A-11R-A42T-07","TCGA-XF-AAN7","Primary Tumor","EPHB2","ENSG00000133216",2041,27.4241,7.4329,7.1533,"OK"
"TCGA-BLCA","b7ee9c20-cf93-4c93-be18-623a05620ebb","TCGA-KQ-A41O-01A-12R-A352-07","TCGA-KQ-A41O","Primary Tumor","JAK3","ENSG00000105639",620,5.0052,2.2984,2.8585,"OK"
"TCGA-BLCA","b7ee9c20-cf93-4c93-be18-623a05620ebb","TCGA-KQ-A41O-01A-12R-A352-07","TCGA-KQ-A41O","Primary Tumor","EPHB2","ENSG00000133216",29,0.1274,0.0585,0.0728,"OK"
"TCGA-BLCA","43cb9ea5-98f6-4e90-be7c-41929ebbffd1","TCGA-BT-A2LD-01A-12R-A20F-07","TCGA-BT-A2LD","Primary Tumor","JAK3","ENSG00000105639",789,8.3114,2.7748,2.976,"OK"
"TCGA-BLCA","43cb9ea5-98f6-4e90-be7c-41929ebbffd1","TCGA-BT-A2LD-01A-12R-A20F-07","TCGA-BT-A2LD","Primary Tumor","EPHB2","ENSG00000133216",172,0.9863,0.3293,0.3531,"OK"
"TCGA-BLCA","d8384652-223f-406d-ac4d-4bb0d668032c","TCGA-UY-A9PD-01A-11R-A38B-07","TCGA-UY-A9PD","Primary Tumor","JAK3","ENSG00000105639",317,4.5641,1.6703,1.8059,"OK"
"TCGA-BLCA","d8384652-223f-406d-ac4d-4bb0d668032c","TCGA-UY-A9PD-01A-11R-A38B-07","TCGA-UY-A9PD","Primary Tumor","EPHB2","ENSG00000133216",468,3.6679,1.3423,1.4513,"OK"
"TCGA-BLCA","d675b344-9a99-4ebc-8297-397bf1674e25","TCGA-E7-A6ME-01A-22R-A32O-07","TCGA-E7-A6ME","Primary Tumor","JAK3","ENSG00000105639",444,5.7488,1.761,1.622,"OK"
"TCGA-BLCA","d675b344-9a99-4ebc-8297-397bf1674e25","TCGA-E7-A6ME-01A-22R-A32O-07","TCGA-E7-A6ME","Primary Tumor","EPHB2","ENSG00000133216",538,3.7918,1.1615,1.0698,"OK"
"TCGA-BLCA","f792eb0c-3d43-4bcc-a6f5-9bb72551c54a","TCGA-KQ-A41Q-01A-11R-A33J-07","TCGA-KQ-A41Q","Primary Tumor","JAK3","ENSG00000105639",646,6.0534,2.2903,2.3864,"OK"
"TCGA-BLCA","f792eb0c-3d43-4bcc-a6f5-9bb72551c54a","TCGA-KQ-A41Q-01A-11R-A33J-07","TCGA-KQ-A41Q","Primary Tumor","EPHB2","ENSG00000133216",1820,9.2835,3.5124,3.6598,"OK"
"TCGA-BLCA","e2740bdf-ff53-485c-8c3d-7b0fc34688c2","TCGA-PQ-A6FN-01A-11R-A31N-07","TCGA-PQ-A6FN","Primary Tumor","JAK3","ENSG00000105639",684,7.3701,2.6539,2.9879,"OK"
"TCGA-BLCA","e2740bdf-ff53-485c-8c3d-7b0fc34688c2","TCGA-PQ-A6FN-01A-11R-A31N-07","TCGA-PQ-A6FN","Primary Tumor","EPHB2","ENSG00000133216",1115,6.5398,2.3549,2.6513,"OK"
"TCGA-BLCA","b6a87adc-699d-41a4-b774-6b6062de6077","TCGA-XF-A8HE-01A-11R-A36F-07","TCGA-XF-A8HE","Primary Tumor","JAK3","ENSG00000105639",1002,9.9031,3.2644,3.5782,"OK"
"TCGA-BLCA","b6a87adc-699d-41a4-b774-6b6062de6077","TCGA-XF-A8HE-01A-11R-A36F-07","TCGA-XF-A8HE","Primary Tumor","EPHB2","ENSG00000133216",572,3.0773,1.0144,1.1119,"OK"
"TCGA-BLCA","bab2f26d-e9ef-4faa-b834-b3025764ab2d","TCGA-FD-A3B4-01A-12R-A206-07","TCGA-FD-A3B4","Primary Tumor","JAK3","ENSG00000105639",1624,12.4159,3.5883,3.9479,"OK"
"TCGA-BLCA","bab2f26d-e9ef-4faa-b834-b3025764ab2d","TCGA-FD-A3B4-01A-12R-A206-07","TCGA-FD-A3B4","Primary Tumor","EPHB2","ENSG00000133216",1606,6.6836,1.9316,2.1252,"OK"
"TCGA-BLCA","46d529e1-d5d8-4c11-8383-c0fbf61e07f7","TCGA-FD-A3N6-01A-11R-A21D-07","TCGA-FD-A3N6","Primary Tumor","JAK3","ENSG00000105639",315,2.262,0.6969,0.8173,"OK"
"TCGA-BLCA","46d529e1-d5d8-4c11-8383-c0fbf61e07f7","TCGA-FD-A3N6-01A-11R-A21D-07","TCGA-FD-A3N6","Primary Tumor","EPHB2","ENSG00000133216",840,3.2834,1.0116,1.1863,"OK"
"TCGA-BLCA","9fa569e3-0c99-4fbb-b01a-e5e8e8115954","TCGA-CF-A1HS-01A-11R-A13Y-07","TCGA-CF-A1HS","Primary Tumor","JAK3","ENSG00000105639",235,2.8302,0.9459,1.0562,"OK"
"TCGA-BLCA","9fa569e3-0c99-4fbb-b01a-e5e8e8115954","TCGA-CF-A1HS-01A-11R-A13Y-07","TCGA-CF-A1HS","Primary Tumor","EPHB2","ENSG00000133216",658,4.3136,1.4417,1.6098,"OK"
"TCGA-BLCA","5595d7c4-5d84-4e45-92d6-b51bcbc87204","TCGA-DK-A6B6-01A-11R-A30C-07","TCGA-DK-A6B6","Primary Tumor","JAK3","ENSG00000105639",632,6.3423,2.6448,2.7449,"OK"
"TCGA-BLCA","5595d7c4-5d84-4e45-92d6-b51bcbc87204","TCGA-DK-A6B6-01A-11R-A30C-07","TCGA-DK-A6B6","Primary Tumor","EPHB2","ENSG00000133216",756,4.1297,1.7222,1.7873,"OK"
"TCGA-BLCA","fc636994-9829-4662-a3d2-d38d17abb8df","TCGA-XF-AAN8-01A-11R-A42T-07","TCGA-XF-AAN8","Primary Tumor","JAK3","ENSG00000105639",1208,20.0873,6.2623,8.6336,"OK"
"TCGA-BLCA","fc636994-9829-4662-a3d2-d38d17abb8df","TCGA-XF-AAN8-01A-11R-A42T-07","TCGA-XF-AAN8","Primary Tumor","EPHB2","ENSG00000133216",1019,9.2236,2.8755,3.9643,"OK"
"TCGA-BLCA","532690cb-760c-480d-902c-2aaf768d28c5","TCGA-FD-A5BZ-01A-11R-A28M-07","TCGA-FD-A5BZ","Primary Tumor","JAK3","ENSG00000105639",464,6.3184,1.8721,2.0232,"OK"
"TCGA-BLCA","532690cb-760c-480d-902c-2aaf768d28c5","TCGA-FD-A5BZ-01A-11R-A28M-07","TCGA-FD-A5BZ","Primary Tumor","EPHB2","ENSG00000133216",1570,11.6375,3.448,3.7264,"OK"
"TCGA-BLCA","06fa3d61-9460-4edf-8711-370536d645bc","TCGA-CU-A5W6-01A-11R-A28M-07","TCGA-CU-A5W6","Primary Tumor","JAK3","ENSG00000105639",627,5.7539,2.1154,2.3409,"OK"
"TCGA-BLCA","06fa3d61-9460-4edf-8711-370536d645bc","TCGA-CU-A5W6-01A-11R-A28M-07","TCGA-CU-A5W6","Primary Tumor","EPHB2","ENSG00000133216",2072,10.3505,3.8053,4.2109,"OK"
"TCGA-BLCA","f7728bbc-7ef6-45a9-b1b9-f7f57f2ed2ce","TCGA-CF-A9FH-01A-11R-A38B-07","TCGA-CF-A9FH","Primary Tumor","JAK3","ENSG00000105639",145,1.7508,0.6037,0.6236,"OK"
"TCGA-BLCA","f7728bbc-7ef6-45a9-b1b9-f7f57f2ed2ce","TCGA-CF-A9FH-01A-11R-A38B-07","TCGA-CF-A9FH","Primary Tumor","EPHB2","ENSG00000133216",896,5.8891,2.0307,2.0976,"OK"
"TCGA-BLCA","61e0673f-1e54-4e53-bab3-80117d5f8841","TCGA-S5-AA26-01A-11R-A38B-07","TCGA-S5-AA26","Primary Tumor","JAK3","ENSG00000105639",305,3.3859,1.4294,1.5856,"OK"
"TCGA-BLCA","61e0673f-1e54-4e53-bab3-80117d5f8841","TCGA-S5-AA26-01A-11R-A38B-07","TCGA-S5-AA26","Primary Tumor","EPHB2","ENSG00000133216",211,1.2751,0.5383,0.5971,"OK"
"TCGA-BLCA","d11cd62b-2e3c-4f5c-9122-14ea55b8b1be","TCGA-BT-A20U-11A-11R-A14Y-07","TCGA-BT-A20U","Solid Tissue Normal","JAK3","ENSG00000105639",376,4.2985,1.6629,2.1583,"OK"
"TCGA-BLCA","d11cd62b-2e3c-4f5c-9122-14ea55b8b1be","TCGA-BT-A20U-11A-11R-A14Y-07","TCGA-BT-A20U","Solid Tissue Normal","EPHB2","ENSG00000133216",90,0.5601,0.2167,0.2812,"OK"
"TCGA-BLCA","261d8a9c-19a7-4ad4-b338-c018d9b86772","TCGA-XF-A9SX-01A-21R-A39I-07","TCGA-XF-A9SX","Primary Tumor","JAK3","ENSG00000105639",1037,16.4435,5.2565,5.7421,"OK"
"TCGA-BLCA","261d8a9c-19a7-4ad4-b338-c018d9b86772","TCGA-XF-A9SX-01A-21R-A39I-07","TCGA-XF-A9SX","Primary Tumor","EPHB2","ENSG00000133216",6938,59.8858,19.1435,20.9123,"OK"
"TCGA-BLCA","b14bcc5f-6c85-465b-9d01-04acd13d77bd","TCGA-FD-A5BY-01A-31R-A28M-07","TCGA-FD-A5BY","Primary Tumor","JAK3","ENSG00000105639",609,6.9926,1.9965,1.9244,"OK"
"TCGA-BLCA","b14bcc5f-6c85-465b-9d01-04acd13d77bd","TCGA-FD-A5BY-01A-31R-A28M-07","TCGA-FD-A5BY","Primary Tumor","EPHB2","ENSG00000133216",5733,35.8326,10.2309,9.8613,"OK"
"TCGA-BLCA","ff95132b-c85d-42e1-bd4f-70a1e1171d80","TCGA-XF-AAMJ-01A-11R-A42T-07","TCGA-XF-AAMJ","Primary Tumor","JAK3","ENSG00000105639",760,10.1087,3.6243,4.0541,"OK"
"TCGA-BLCA","ff95132b-c85d-42e1-bd4f-70a1e1171d80","TCGA-XF-AAMJ-01A-11R-A42T-07","TCGA-XF-AAMJ","Primary Tumor","EPHB2","ENSG00000133216",891,6.4511,2.3129,2.5872,"OK"
"TCGA-BLCA","8dbbe608-37d6-499d-8df2-424ddef9d56a","TCGA-FJ-A3ZE-01A-11R-A23N-07","TCGA-FJ-A3ZE","Primary Tumor","JAK3","ENSG00000105639",526,4.2802,1.4969,1.515,"OK"
"TCGA-BLCA","8dbbe608-37d6-499d-8df2-424ddef9d56a","TCGA-FJ-A3ZE-01A-11R-A23N-07","TCGA-FJ-A3ZE","Primary Tumor","EPHB2","ENSG00000133216",717,3.1759,1.1107,1.1242,"OK"
"TCGA-BLCA","4db5b08c-f015-4cd3-b0ce-3bdb4d124b15","TCGA-BT-A42E-01A-11R-A23W-07","TCGA-BT-A42E","Primary Tumor","JAK3","ENSG00000105639",2024,12.5595,5.2866,6.611,"OK"
"TCGA-BLCA","4db5b08c-f015-4cd3-b0ce-3bdb4d124b15","TCGA-BT-A42E-01A-11R-A23W-07","TCGA-BT-A42E","Primary Tumor","EPHB2","ENSG00000133216",1877,6.3401,2.6687,3.3373,"OK"
"TCGA-BLCA","9af3d59a-70f4-4bab-b3dc-eb76648272d7","TCGA-E7-A6MD-01A-41R-A352-07","TCGA-E7-A6MD","Primary Tumor","JAK3","ENSG00000105639",1321,13.9253,4.7927,4.968,"OK"
"TCGA-BLCA","9af3d59a-70f4-4bab-b3dc-eb76648272d7","TCGA-E7-A6MD-01A-41R-A352-07","TCGA-E7-A6MD","Primary Tumor","EPHB2","ENSG00000133216",773,4.4356,1.5266,1.5825,"OK"
"TCGA-BLCA","6b746dee-fb0c-46e8-a27b-2d6816c63490","TCGA-ZF-AA54-01A-11R-A39I-07","TCGA-ZF-AA54","Primary Tumor","JAK3","ENSG00000105639",1736,25.5028,6.5665,6.5898,"OK"
"TCGA-BLCA","6b746dee-fb0c-46e8-a27b-2d6816c63490","TCGA-ZF-AA54-01A-11R-A39I-07","TCGA-ZF-AA54","Primary Tumor","EPHB2","ENSG00000133216",2073,16.5772,4.2683,4.2835,"OK"
"TCGA-BLCA","fc2c2d9b-9a57-4f6c-a84a-c42f8218cb9c","TCGA-GC-A3RC-01A-11R-A22U-07","TCGA-GC-A3RC","Primary Tumor","JAK3","ENSG00000105639",538,5.8566,1.69,1.791,"OK"
"TCGA-BLCA","fc2c2d9b-9a57-4f6c-a84a-c42f8218cb9c","TCGA-GC-A3RC-01A-11R-A22U-07","TCGA-GC-A3RC","Primary Tumor","EPHB2","ENSG00000133216",3366,19.9459,5.7558,6.0997,"OK"
"TCGA-BLCA","eb5e573d-46b3-47f4-a761-df02765bd899","TCGA-BT-A20X-01A-11R-A16R-07","TCGA-BT-A20X","Primary Tumor","JAK3","ENSG00000105639",498,3.4278,1.1843,1.4206,"OK"
"TCGA-BLCA","eb5e573d-46b3-47f4-a761-df02765bd899","TCGA-BT-A20X-01A-11R-A16R-07","TCGA-BT-A20X","Primary Tumor","EPHB2","ENSG00000133216",138,0.5171,0.1786,0.2143,"OK"
"TCGA-BLCA","6e051237-5800-4b19-b95c-ed8409c5b6a0","TCGA-ZF-AA4R-01A-11R-A38B-07","TCGA-ZF-AA4R","Primary Tumor","JAK3","ENSG00000105639",221,3.1815,0.9619,0.9481,"OK"
"TCGA-BLCA","6e051237-5800-4b19-b95c-ed8409c5b6a0","TCGA-ZF-AA4R-01A-11R-A38B-07","TCGA-ZF-AA4R","Primary Tumor","EPHB2","ENSG00000133216",1658,12.9925,3.9284,3.8718,"OK"
"TCGA-BLCA","bb263179-e0fc-4982-99b5-fe36cbbc5d97","TCGA-G2-A2EJ-01A-11R-A180-07","TCGA-G2-A2EJ","Primary Tumor","JAK3","ENSG00000105639",490,3.5011,1.1647,1.2544,"OK"
"TCGA-BLCA","bb263179-e0fc-4982-99b5-fe36cbbc5d97","TCGA-G2-A2EJ-01A-11R-A180-07","TCGA-G2-A2EJ","Primary Tumor","EPHB2","ENSG00000133216",672,2.6137,0.8695,0.9365,"OK"
"TCGA-BLCA","a4301a19-9d37-4298-bf6f-08d72f083e40","TCGA-ZF-AA4V-01A-11R-A38B-07","TCGA-ZF-AA4V","Primary Tumor","JAK3","ENSG00000105639",679,5.8083,1.9565,2.1759,"OK"
"TCGA-BLCA","a4301a19-9d37-4298-bf6f-08d72f083e40","TCGA-ZF-AA4V-01A-11R-A38B-07","TCGA-ZF-AA4V","Primary Tumor","EPHB2","ENSG00000133216",1017,4.7356,1.5952,1.774,"OK"
"TCGA-BLCA","f881311a-b8fb-4a72-ac39-5fe6becbbf7b","TCGA-E7-A3X6-01A-12R-A22U-07","TCGA-E7-A3X6","Primary Tumor","JAK3","ENSG00000105639",922,9.1395,2.8461,2.9522,"OK"
"TCGA-BLCA","f881311a-b8fb-4a72-ac39-5fe6becbbf7b","TCGA-E7-A3X6-01A-12R-A22U-07","TCGA-E7-A3X6","Primary Tumor","EPHB2","ENSG00000133216",460,2.4821,0.7729,0.8018,"OK"
"TCGA-BLCA","e474edea-089b-4b2d-9911-211514cc2629","TCGA-E7-A85H-01A-11R-A352-07","TCGA-E7-A85H","Primary Tumor","JAK3","ENSG00000105639",603,4.9328,1.7087,1.7732,"OK"
"TCGA-BLCA","e474edea-089b-4b2d-9911-211514cc2629","TCGA-E7-A85H-01A-11R-A352-07","TCGA-E7-A85H","Primary Tumor","EPHB2","ENSG00000133216",1068,4.7557,1.6474,1.7096,"OK"
"TCGA-BLCA","51175a4e-4f07-4670-9e14-4faf0c1d0ba5","TCGA-GU-AATO-01A-11R-A39I-07","TCGA-GU-AATO","Primary Tumor","JAK3","ENSG00000105639",578,7.3941,2.9737,3.2307,"OK"
"TCGA-BLCA","51175a4e-4f07-4670-9e14-4faf0c1d0ba5","TCGA-GU-AATO-01A-11R-A39I-07","TCGA-GU-AATO","Primary Tumor","EPHB2","ENSG00000133216",1062,7.3953,2.9742,3.2312,"OK"
"TCGA-BLCA","ca1840c9-5470-4e53-8841-37da75196bff","TCGA-G2-A3VY-01A-11R-A22U-07","TCGA-G2-A3VY","Primary Tumor","JAK3","ENSG00000105639",623,5.2326,1.5597,1.4581,"OK"
"TCGA-BLCA","ca1840c9-5470-4e53-8841-37da75196bff","TCGA-G2-A3VY-01A-11R-A22U-07","TCGA-G2-A3VY","Primary Tumor","EPHB2","ENSG00000133216",3748,17.1357,5.1076,4.7749,"OK"
"TCGA-BLCA","6a88deba-d856-47ec-8fdd-0fa4fcec1c46","TCGA-DK-AA75-01A-11R-A39I-07","TCGA-DK-AA75","Primary Tumor","JAK3","ENSG00000105639",126,1.9428,0.7588,0.8787,"OK"
"TCGA-BLCA","6a88deba-d856-47ec-8fdd-0fa4fcec1c46","TCGA-DK-AA75-01A-11R-A39I-07","TCGA-DK-AA75","Primary Tumor","EPHB2","ENSG00000133216",342,2.8705,1.1211,1.2983,"OK"
"TCGA-BLCA","0be0d83b-9baa-4898-967c-81c466e8fb78","TCGA-2F-A9KO-01A-11R-A38B-07","TCGA-2F-A9KO","Primary Tumor","JAK3","ENSG00000105639",1210,14.3259,4.9393,5.1909,"OK"
"TCGA-BLCA","0be0d83b-9baa-4898-967c-81c466e8fb78","TCGA-2F-A9KO-01A-11R-A38B-07","TCGA-2F-A9KO","Primary Tumor","EPHB2","ENSG00000133216",209,1.347,0.4644,0.4881,"OK"
"TCGA-BLCA","63c812a4-c084-4689-876a-a34db611aeef","TCGA-GU-A766-01A-11R-A32O-07","TCGA-GU-A766","Primary Tumor","JAK3","ENSG00000105639",3281,27.8509,9.7846,11.0562,"OK"
"TCGA-BLCA","63c812a4-c084-4689-876a-a34db611aeef","TCGA-GU-A766-01A-11R-A32O-07","TCGA-GU-A766","Primary Tumor","EPHB2","ENSG00000133216",3186,14.7215,5.172,5.8441,"OK"
"TCGA-BLCA","369d20fb-7c1a-4386-8732-c1c5bce0a344","TCGA-BT-A20N-11A-11R-A14Y-07","TCGA-BT-A20N","Solid Tissue Normal","JAK3","ENSG00000105639",205,3.7964,1.0157,1.3166,"OK"
"TCGA-BLCA","369d20fb-7c1a-4386-8732-c1c5bce0a344","TCGA-BT-A20N-11A-11R-A14Y-07","TCGA-BT-A20N","Solid Tissue Normal","EPHB2","ENSG00000133216",159,1.6028,0.4288,0.5559,"OK"
"TCGA-BLCA","0dd57486-1eb3-4711-b4ec-8e9de0c4c5a2","TCGA-C4-A0F1-01A-11R-A034-07","TCGA-C4-A0F1","Primary Tumor","JAK3","ENSG00000105639",228,1.8902,0.6566,0.9051,"OK"
"TCGA-BLCA","0dd57486-1eb3-4711-b4ec-8e9de0c4c5a2","TCGA-C4-A0F1-01A-11R-A034-07","TCGA-C4-A0F1","Primary Tumor","EPHB2","ENSG00000133216",54,0.2437,0.0847,0.1167,"OK"
"TCGA-BLCA","f152c7d0-14ce-403b-b3e3-163bf3e08507","TCGA-K4-A4AB-01B-12R-A28M-07","TCGA-K4-A4AB","Primary Tumor","JAK3","ENSG00000105639",726,7.8624,2.4862,2.5185,"OK"
"TCGA-BLCA","f152c7d0-14ce-403b-b3e3-163bf3e08507","TCGA-K4-A4AB-01B-12R-A28M-07","TCGA-K4-A4AB","Primary Tumor","EPHB2","ENSG00000133216",1106,6.52,2.0617,2.0885,"OK"
"TCGA-BLCA","4a152654-5dac-461e-a760-ebcf379b437b","TCGA-XF-A8HB-01A-11R-A36F-07","TCGA-XF-A8HB","Primary Tumor","JAK3","ENSG00000105639",154,1.1981,0.4074,0.4055,"OK"
"TCGA-BLCA","4a152654-5dac-461e-a760-ebcf379b437b","TCGA-XF-A8HB-01A-11R-A36F-07","TCGA-XF-A8HB","Primary Tumor","EPHB2","ENSG00000133216",2103,8.9064,3.0284,3.0141,"OK"
"TCGA-BLCA","956c801e-1ac3-4b8e-b26b-0074e5087b5e","TCGA-GC-A4ZW-01A-11R-A26T-07","TCGA-GC-A4ZW","Primary Tumor","JAK3","ENSG00000105639",244,3.3497,0.919,0.8192,"OK"
"TCGA-BLCA","956c801e-1ac3-4b8e-b26b-0074e5087b5e","TCGA-GC-A4ZW-01A-11R-A26T-07","TCGA-GC-A4ZW","Primary Tumor","EPHB2","ENSG00000133216",692,5.1713,1.4188,1.2646,"OK"
"TCGA-BLCA","a9244207-0090-465b-ac79-20f4c66066b5","TCGA-XF-AAMT-01A-11R-A42T-07","TCGA-XF-AAMT","Primary Tumor","JAK3","ENSG00000105639",1620,15.381,4.6045,5.1296,"OK"
"TCGA-BLCA","a9244207-0090-465b-ac79-20f4c66066b5","TCGA-XF-AAMT-01A-11R-A42T-07","TCGA-XF-AAMT","Primary Tumor","EPHB2","ENSG00000133216",2454,12.6828,3.7968,4.2298,"OK"
"TCGA-BLCA","df4dc655-5b3c-4443-afa6-48f4dcab9d0b","TCGA-BT-A3PH-01A-11R-A220-07","TCGA-BT-A3PH","Primary Tumor","JAK3","ENSG00000105639",640,4.7059,1.5185,1.6689,"OK"
"TCGA-BLCA","df4dc655-5b3c-4443-afa6-48f4dcab9d0b","TCGA-BT-A3PH-01A-11R-A220-07","TCGA-BT-A3PH","Primary Tumor","EPHB2","ENSG00000133216",5444,21.7896,7.0313,7.7275,"OK"
"TCGA-BLCA","c6035ac1-1356-4e1a-bec1-d950b3711f67","TCGA-FT-A61P-01A-11R-A30C-07","TCGA-FT-A61P","Primary Tumor","JAK3","ENSG00000105639",781,9.1152,2.7471,2.9102,"OK"
"TCGA-BLCA","c6035ac1-1356-4e1a-bec1-d950b3711f67","TCGA-FT-A61P-01A-11R-A30C-07","TCGA-FT-A61P","Primary Tumor","EPHB2","ENSG00000133216",5713,36.2955,10.9387,11.5881,"OK"
"TCGA-BLCA","cc1fbf31-0db0-44eb-b18b-3ce5bf323d66","TCGA-GU-AATQ-01A-11R-A39I-07","TCGA-GU-AATQ","Primary Tumor","JAK3","ENSG00000105639",167,3.2803,1.0966,1.129,"OK"
"TCGA-BLCA","cc1fbf31-0db0-44eb-b18b-3ce5bf323d66","TCGA-GU-AATQ-01A-11R-A39I-07","TCGA-GU-AATQ","Primary Tumor","EPHB2","ENSG00000133216",1850,19.7808,6.6124,6.8078,"OK"
"TCGA-BLCA","98602ec7-f83c-49c7-a233-1376d3c87f6e","TCGA-XF-A9SH-01A-11R-A39I-07","TCGA-XF-A9SH","Primary Tumor","JAK3","ENSG00000105639",384,4.6941,2.1853,2.5982,"OK"
"TCGA-BLCA","98602ec7-f83c-49c7-a233-1376d3c87f6e","TCGA-XF-A9SH-01A-11R-A39I-07","TCGA-XF-A9SH","Primary Tumor","EPHB2","ENSG00000133216",1287,8.5639,3.9868,4.7402,"OK"
"TCGA-BLCA","60c2f887-6ef8-46f4-83e0-98186ac62ad0","TCGA-BL-A5ZZ-01A-31R-A30C-07","TCGA-BL-A5ZZ","Primary Tumor","JAK3","ENSG00000105639",1625,16.0884,4.9678,5.5932,"OK"
"TCGA-BLCA","60c2f887-6ef8-46f4-83e0-98186ac62ad0","TCGA-BL-A5ZZ-01A-31R-A30C-07","TCGA-BL-A5ZZ","Primary Tumor","EPHB2","ENSG00000133216",2571,13.8559,4.2785,4.817,"OK"
"TCGA-BLCA","e380cfd8-3677-4517-9117-08b4f3bd505d","TCGA-FD-A5BT-01A-11R-A26T-07","TCGA-FD-A5BT","Primary Tumor","JAK3","ENSG00000105639",3617,40.8392,14.4054,19.7099,"OK"
"TCGA-BLCA","e380cfd8-3677-4517-9117-08b4f3bd505d","TCGA-FD-A5BT-01A-11R-A26T-07","TCGA-FD-A5BT","Primary Tumor","EPHB2","ENSG00000133216",1242,7.6335,2.6926,3.6841,"OK"
"TCGA-BLCA","4beaecff-c266-41a3-981a-27d9b049196b","TCGA-FJ-A871-01A-11R-A352-07","TCGA-FJ-A871","Primary Tumor","JAK3","ENSG00000105639",2027,19.5427,5.9512,6.7538,"OK"
"TCGA-BLCA","4beaecff-c266-41a3-981a-27d9b049196b","TCGA-FJ-A871-01A-11R-A352-07","TCGA-FJ-A871","Primary Tumor","EPHB2","ENSG00000133216",1832,9.6146,2.9278,3.3227,"OK"
"TCGA-BLCA","99d9ed5a-e689-47cb-abb2-0c6a69772fe2","TCGA-XF-AAN5-01A-11R-A42T-07","TCGA-XF-AAN5","Primary Tumor","JAK3","ENSG00000105639",426,9.3235,2.9812,2.9683,"OK"
"TCGA-BLCA","99d9ed5a-e689-47cb-abb2-0c6a69772fe2","TCGA-XF-AAN5-01A-11R-A42T-07","TCGA-XF-AAN5","Primary Tumor","EPHB2","ENSG00000133216",1295,15.4282,4.9331,4.9118,"OK"
"TCGA-BLCA","0faf322c-e776-45ea-9b14-ce8129173697","TCGA-UY-A9PH-01A-11R-A38B-07","TCGA-UY-A9PH","Primary Tumor","JAK3","ENSG00000105639",873,12.7423,4.9876,5.319,"OK"
"TCGA-BLCA","0faf322c-e776-45ea-9b14-ce8129173697","TCGA-UY-A9PH-01A-11R-A38B-07","TCGA-UY-A9PH","Primary Tumor","EPHB2","ENSG00000133216",572,4.5447,1.7789,1.8971,"OK"
"TCGA-BLCA","89cbbe72-9061-41dc-ab10-d05112727eb5","TCGA-MV-A51V-01A-11R-A26T-07","TCGA-MV-A51V","Primary Tumor","JAK3","ENSG00000105639",327,3.0784,1.2758,1.4951,"OK"
"TCGA-BLCA","89cbbe72-9061-41dc-ab10-d05112727eb5","TCGA-MV-A51V-01A-11R-A26T-07","TCGA-MV-A51V","Primary Tumor","EPHB2","ENSG00000133216",1652,8.4656,3.5085,4.1116,"OK"
"TCGA-BLCA","f34ead46-31b4-462a-aa33-58be37aab6dd","TCGA-XF-A9SV-01A-21R-A42T-07","TCGA-XF-A9SV","Primary Tumor","JAK3","ENSG00000105639",276,5.1482,1.8198,1.95,"OK"
"TCGA-BLCA","f34ead46-31b4-462a-aa33-58be37aab6dd","TCGA-XF-A9SV-01A-21R-A42T-07","TCGA-XF-A9SV","Primary Tumor","EPHB2","ENSG00000133216",528,5.3611,1.8951,2.0306,"OK"
"TCGA-BLCA","3e8e666c-0c7b-4fcc-9fbc-2a8b1cfb4c61","TCGA-DK-A6B5-01A-11R-A31N-07","TCGA-DK-A6B5","Primary Tumor","JAK3","ENSG00000105639",1126,8.9814,2.9001,2.7918,"OK"
"TCGA-BLCA","3e8e666c-0c7b-4fcc-9fbc-2a8b1cfb4c61","TCGA-DK-A6B5-01A-11R-A31N-07","TCGA-DK-A6B5","Primary Tumor","EPHB2","ENSG00000133216",9142,39.6935,12.8173,12.3384,"OK"
"TCGA-BLCA","a9bc7aa9-93b4-463a-b465-cb67ba106cf3","TCGA-H4-A2HQ-01A-11R-A180-07","TCGA-H4-A2HQ","Primary Tumor","JAK3","ENSG00000105639",452,5.3234,1.5485,1.4539,"OK"
"TCGA-BLCA","a9bc7aa9-93b4-463a-b465-cb67ba106cf3","TCGA-H4-A2HQ-01A-11R-A180-07","TCGA-H4-A2HQ","Primary Tumor","EPHB2","ENSG00000133216",460,2.9491,0.8578,0.8054,"OK"
"TCGA-BLCA","62162b44-2b73-4125-beda-4d238da07b57","TCGA-E7-A677-01A-11R-A30C-07","TCGA-E7-A677","Primary Tumor","JAK3","ENSG00000105639",1356,9.5371,2.7489,2.6737,"OK"
"TCGA-BLCA","62162b44-2b73-4125-beda-4d238da07b57","TCGA-E7-A677-01A-11R-A30C-07","TCGA-E7-A677","Primary Tumor","EPHB2","ENSG00000133216",1865,7.1402,2.0581,2.0017,"OK"
"TCGA-BLCA","77fd28e9-00a8-42fe-b10e-42826bbcf0ae","TCGA-ZF-AA4X-01A-11R-A38B-07","TCGA-ZF-AA4X","Primary Tumor","JAK3","ENSG00000105639",364,3.4533,1.1916,1.0803,"OK"
"TCGA-BLCA","77fd28e9-00a8-42fe-b10e-42826bbcf0ae","TCGA-ZF-AA4X-01A-11R-A38B-07","TCGA-ZF-AA4X","Primary Tumor","EPHB2","ENSG00000133216",1346,6.9511,2.3985,2.1745,"OK"
"TCGA-BLCA","3a11c2ab-7b56-4a01-91ab-20c618b9d445","TCGA-BL-A13I-01B-04R-A277-07","TCGA-BL-A13I","Primary Tumor","JAK3","ENSG00000105639",1942,33.8844,9.8792,8.9751,"OK"
"TCGA-BLCA","3a11c2ab-7b56-4a01-91ab-20c618b9d445","TCGA-BL-A13I-01B-04R-A277-07","TCGA-BL-A13I","Primary Tumor","EPHB2","ENSG00000133216",1139,10.818,3.1541,2.8654,"OK"
"TCGA-BLCA","ed0715a2-f284-4224-9db5-fa6bdb70a4ef","TCGA-K4-A3WV-01A-11R-A22U-07","TCGA-K4-A3WV","Primary Tumor","JAK3","ENSG00000105639",1419,16.0335,4.8353,4.4858,"OK"
"TCGA-BLCA","ed0715a2-f284-4224-9db5-fa6bdb70a4ef","TCGA-K4-A3WV-01A-11R-A22U-07","TCGA-K4-A3WV","Primary Tumor","EPHB2","ENSG00000133216",2269,13.9558,4.2087,3.9045,"OK"
"TCGA-BLCA","2cbb7e35-46d4-4370-82f6-8b82103806f9","TCGA-K4-A3WV-11A-21R-A22U-07","TCGA-K4-A3WV","Solid Tissue Normal","JAK3","ENSG00000105639",585,6.2941,2.1355,2.16,"OK"
"TCGA-BLCA","2cbb7e35-46d4-4370-82f6-8b82103806f9","TCGA-K4-A3WV-11A-21R-A22U-07","TCGA-K4-A3WV","Solid Tissue Normal","EPHB2","ENSG00000133216",910,5.3296,1.8083,1.829,"OK"
"TCGA-BLCA","51526f32-bbcd-438b-af02-1ee4572d3504","TCGA-BT-A20U-01A-11R-A14Y-07","TCGA-BT-A20U","Primary Tumor","JAK3","ENSG00000105639",216,3.7135,1.0765,1.0472,"OK"
"TCGA-BLCA","51526f32-bbcd-438b-af02-1ee4572d3504","TCGA-BT-A20U-01A-11R-A14Y-07","TCGA-BT-A20U","Primary Tumor","EPHB2","ENSG00000133216",864,8.0856,2.344,2.2801,"OK"
"TCGA-BLCA","31a6d364-7e0c-4b23-8fa3-2d58d46dc8c5","TCGA-DK-A1AD-01A-11R-A13Y-07","TCGA-DK-A1AD","Primary Tumor","JAK3","ENSG00000105639",417,2.5869,1.0306,1.2343,"OK"
"TCGA-BLCA","31a6d364-7e0c-4b23-8fa3-2d58d46dc8c5","TCGA-DK-A1AD-01A-11R-A13Y-07","TCGA-DK-A1AD","Primary Tumor","EPHB2","ENSG00000133216",2226,7.5171,2.9946,3.5865,"OK"
"TCGA-BLCA","698cc2fb-8b17-4b82-938d-835f703fe850","TCGA-E7-A8O8-01A-11R-A36F-07","TCGA-E7-A8O8","Primary Tumor","JAK3","ENSG00000105639",319,2.1044,1.0872,1.5407,"OK"
"TCGA-BLCA","698cc2fb-8b17-4b82-938d-835f703fe850","TCGA-E7-A8O8-01A-11R-A36F-07","TCGA-E7-A8O8","Primary Tumor","EPHB2","ENSG00000133216",359,1.2892,0.666,0.9439,"OK"
"TCGA-BLCA","ff6b582d-e2ac-4cca-b436-8e886e6cb518","TCGA-XF-A9SY-01A-21R-A42T-07","TCGA-XF-A9SY","Primary Tumor","JAK3","ENSG00000105639",1780,24.0739,7.5851,7.9363,"OK"
"TCGA-BLCA","ff6b582d-e2ac-4cca-b436-8e886e6cb518","TCGA-XF-A9SY-01A-21R-A42T-07","TCGA-XF-A9SY","Primary Tumor","EPHB2","ENSG00000133216",4699,34.5943,10.8998,11.4045,"OK"
"TCGA-BLCA","fc7c869c-a5ac-45af-a397-4c6709cbc271","TCGA-XF-A8HF-01A-11R-A36F-07","TCGA-XF-A8HF","Primary Tumor","JAK3","ENSG00000105639",470,3.5832,1.6164,2.0347,"OK"
"TCGA-BLCA","fc7c869c-a5ac-45af-a397-4c6709cbc271","TCGA-XF-A8HF-01A-11R-A36F-07","TCGA-XF-A8HF","Primary Tumor","EPHB2","ENSG00000133216",1770,7.3455,3.3136,4.171,"OK"
"TCGA-BLCA","b4849657-e1bc-4992-9ace-f69c32b014ee","TCGA-FD-A3N5-01A-11R-A21D-07","TCGA-FD-A3N5","Primary Tumor","JAK3","ENSG00000105639",283,2.0788,0.6148,0.6676,"OK"
"TCGA-BLCA","b4849657-e1bc-4992-9ace-f69c32b014ee","TCGA-FD-A3N5-01A-11R-A21D-07","TCGA-FD-A3N5","Primary Tumor","EPHB2","ENSG00000133216",4327,17.302,5.1167,5.5559,"OK"
"TCGA-BLCA","95767ca7-d51b-4210-9980-4daa889168fd","TCGA-E7-A4XJ-01A-11R-A26T-07","TCGA-E7-A4XJ","Primary Tumor","JAK3","ENSG00000105639",449,4.3574,2.0125,2.4151,"OK"
"TCGA-BLCA","95767ca7-d51b-4210-9980-4daa889168fd","TCGA-E7-A4XJ-01A-11R-A26T-07","TCGA-E7-A4XJ","Primary Tumor","EPHB2","ENSG00000133216",1470,7.7655,3.5866,4.3041,"OK"
"TCGA-BLCA","cc4ae8fa-575a-4151-bdfd-2a21f4b9c23d","TCGA-GC-A6I3-01A-11R-A31N-07","TCGA-GC-A6I3","Primary Tumor","JAK3","ENSG00000105639",1398,14.3234,5.9814,7.4419,"OK"
"TCGA-BLCA","cc4ae8fa-575a-4151-bdfd-2a21f4b9c23d","TCGA-GC-A6I3-01A-11R-A31N-07","TCGA-GC-A6I3","Primary Tumor","EPHB2","ENSG00000133216",839,4.6792,1.954,2.4312,"OK"
"TCGA-BLCA","21992c62-7349-47f8-91d0-3e55f2f8deda","TCGA-XF-A9SM-01A-11R-A42T-07","TCGA-XF-A9SM","Primary Tumor","JAK3","ENSG00000105639",2393,27.8369,8.8243,8.9095,"OK"
"TCGA-BLCA","21992c62-7349-47f8-91d0-3e55f2f8deda","TCGA-XF-A9SM-01A-11R-A42T-07","TCGA-XF-A9SM","Primary Tumor","EPHB2","ENSG00000133216",6011,38.0625,12.0658,12.1823,"OK"
"TCGA-BLCA","b03b7b9b-00ef-4e0d-bac2-0b1059d57a87","TCGA-XF-A9T2-01A-11R-A42T-07","TCGA-XF-A9T2","Primary Tumor","JAK3","ENSG00000105639",287,6.586,1.9177,1.9944,"OK"
"TCGA-BLCA","b03b7b9b-00ef-4e0d-bac2-0b1059d57a87","TCGA-XF-A9T2-01A-11R-A42T-07","TCGA-XF-A9T2","Primary Tumor","EPHB2","ENSG00000133216",161,2.0111,0.5856,0.609,"OK"
"TCGA-BLCA","acc53772-3f05-4d89-9cb2-3784007f96f6","TCGA-ZF-A9R5-01A-12R-A42T-07","TCGA-ZF-A9R5","Primary Tumor","JAK3","ENSG00000105639",1342,14.8465,4.6782,4.5168,"OK"
"TCGA-BLCA","acc53772-3f05-4d89-9cb2-3784007f96f6","TCGA-ZF-A9R5-01A-12R-A42T-07","TCGA-ZF-A9R5","Primary Tumor","EPHB2","ENSG00000133216",213,1.2827,0.4042,0.3902,"OK"
"TCGA-BLCA","c6514474-b8ae-44e9-96bc-a8b065dd29be","TCGA-DK-AA6L-01A-11R-A39I-07","TCGA-DK-AA6L","Primary Tumor","JAK3","ENSG00000105639",1170,16.8634,4.8961,4.5579,"OK"
"TCGA-BLCA","c6514474-b8ae-44e9-96bc-a8b065dd29be","TCGA-DK-AA6L-01A-11R-A39I-07","TCGA-DK-AA6L","Primary Tumor","EPHB2","ENSG00000133216",346,2.7146,0.7882,0.7337,"OK"
"TCGA-BLCA","ae7d0fb2-9827-4769-9b64-da4d62ec694b","TCGA-CF-A5UA-01A-11R-A28M-07","TCGA-CF-A5UA","Primary Tumor","JAK3","ENSG00000105639",367,3.3377,1.2282,1.4353,"OK"
"TCGA-BLCA","ae7d0fb2-9827-4769-9b64-da4d62ec694b","TCGA-CF-A5UA-01A-11R-A28M-07","TCGA-CF-A5UA","Primary Tumor","EPHB2","ENSG00000133216",2375,11.7574,4.3267,5.0562,"OK"
"TCGA-BLCA","a073f686-b7bb-4831-bd74-a5f6411c4098","TCGA-2F-A9KT-01A-11R-A38B-07","TCGA-2F-A9KT","Primary Tumor","JAK3","ENSG00000105639",516,7.9799,2.3257,2.1387,"OK"
"TCGA-BLCA","a073f686-b7bb-4831-bd74-a5f6411c4098","TCGA-2F-A9KT-01A-11R-A38B-07","TCGA-2F-A9KT","Primary Tumor","EPHB2","ENSG00000133216",3228,27.1741,7.9199,7.2829,"OK"
"TCGA-BLCA","6bc46915-4f60-4553-8db9-e136df580a54","TCGA-FT-A3EE-01A-11R-A206-07","TCGA-FT-A3EE","Primary Tumor","JAK3","ENSG00000105639",823,4.5919,1.4707,1.5234,"OK"
"TCGA-BLCA","6bc46915-4f60-4553-8db9-e136df580a54","TCGA-FT-A3EE-01A-11R-A206-07","TCGA-FT-A3EE","Primary Tumor","EPHB2","ENSG00000133216",9526,28.9317,9.2661,9.5985,"OK"
"TCGA-BLCA","42e9c6af-e24d-4897-8178-d132055ec51e","TCGA-ZF-A9R7-01A-11R-A38B-07","TCGA-ZF-A9R7","Primary Tumor","JAK3","ENSG00000105639",2084,26.159,10.5171,10.7308,"OK"
"TCGA-BLCA","42e9c6af-e24d-4897-8178-d132055ec51e","TCGA-ZF-A9R7-01A-11R-A38B-07","TCGA-ZF-A9R7","Primary Tumor","EPHB2","ENSG00000133216",1095,7.4819,3.008,3.0692,"OK"
"TCGA-BLCA","7c01fcae-dec1-4d7a-892e-b5d76ad81e17","TCGA-FD-A43Y-01A-21R-A26T-07","TCGA-FD-A43Y","Primary Tumor","JAK3","ENSG00000105639",302,3.8609,1.2324,1.4291,"OK"
"TCGA-BLCA","7c01fcae-dec1-4d7a-892e-b5d76ad81e17","TCGA-FD-A43Y-01A-21R-A26T-07","TCGA-FD-A43Y","Primary Tumor","EPHB2","ENSG00000133216",1781,12.3943,3.9562,4.5877,"OK"
"TCGA-BLCA","3f8e9328-2b3d-4f66-a5ee-77690a590d5f","TCGA-DK-AA76-01A-11R-A39I-07","TCGA-DK-AA76","Primary Tumor","JAK3","ENSG00000105639",156,1.9253,0.6151,0.5995,"OK"
"TCGA-BLCA","3f8e9328-2b3d-4f66-a5ee-77690a590d5f","TCGA-DK-AA76-01A-11R-A39I-07","TCGA-DK-AA76","Primary Tumor","EPHB2","ENSG00000133216",173,1.1623,0.3713,0.3619,"OK"
"TCGA-BLCA","6b3b49fb-5c2a-4906-bc17-1710e0f823d5","TCGA-BT-A2LB-01A-11R-A18C-07","TCGA-BT-A2LB","Primary Tumor","JAK3","ENSG00000105639",992,7.3276,2.5048,2.6342,"OK"
"TCGA-BLCA","6b3b49fb-5c2a-4906-bc17-1710e0f823d5","TCGA-BT-A2LB-01A-11R-A18C-07","TCGA-BT-A2LB","Primary Tumor","EPHB2","ENSG00000133216",900,3.6188,1.237,1.3009,"OK"
"TCGA-BLCA","25a410f8-b6f6-4883-8551-4e2515606cd6","TCGA-CF-A47S-01A-11R-A23W-07","TCGA-CF-A47S","Primary Tumor","JAK3","ENSG00000105639",1112,4.2628,1.7659,2.1184,"OK"
"TCGA-BLCA","25a410f8-b6f6-4883-8551-4e2515606cd6","TCGA-CF-A47S-01A-11R-A23W-07","TCGA-CF-A47S","Primary Tumor","EPHB2","ENSG00000133216",2716,5.6675,2.3478,2.8164,"OK"
"TCGA-BLCA","f36b3cb3-b632-43c6-a6e3-c325c9e7026f","TCGA-BL-A13I-01A-11R-A277-07","TCGA-BL-A13I","Primary Tumor","JAK3","ENSG00000105639",235,41.5843,13.2137,10.7896,"OK"
"TCGA-BLCA","f36b3cb3-b632-43c6-a6e3-c325c9e7026f","TCGA-BL-A13I-01A-11R-A277-07","TCGA-BL-A13I","Primary Tumor","EPHB2","ENSG00000133216",269,25.9112,8.2335,6.723,"OK"
"TCGA-BLCA","2e4d5e4c-9112-42db-af91-ef424862b568","TCGA-KQ-A41P-01A-12R-A33J-07","TCGA-KQ-A41P","Primary Tumor","JAK3","ENSG00000105639",989,7.3721,3.3187,3.9753,"OK"
"TCGA-BLCA","2e4d5e4c-9112-42db-af91-ef424862b568","TCGA-KQ-A41P-01A-12R-A33J-07","TCGA-KQ-A41P","Primary Tumor","EPHB2","ENSG00000133216",1086,4.4066,1.9837,2.3761,"OK"
"TCGA-BLCA","54991bf3-8da2-4bbd-a101-b9a7a038a05a","TCGA-XF-A8HD-01A-11R-A36F-07","TCGA-XF-A8HD","Primary Tumor","JAK3","ENSG00000105639",1969,15.1894,5.0965,5.4339,"OK"
"TCGA-BLCA","54991bf3-8da2-4bbd-a101-b9a7a038a05a","TCGA-XF-A8HD-01A-11R-A36F-07","TCGA-XF-A8HD","Primary Tumor","EPHB2","ENSG00000133216",4406,18.5018,6.2078,6.6188,"OK"
"TCGA-BLCA","3e0cf0a5-3791-4baa-9adf-f5b752ea48a4","TCGA-ZF-A9RD-01A-11R-A42T-07","TCGA-ZF-A9RD","Primary Tumor","JAK3","ENSG00000105639",829,14.0125,5.1276,5.6538,"OK"
"TCGA-BLCA","3e0cf0a5-3791-4baa-9adf-f5b752ea48a4","TCGA-ZF-A9RD-01A-11R-A42T-07","TCGA-ZF-A9RD","Primary Tumor","EPHB2","ENSG00000133216",1687,15.5221,5.68,6.2628,"OK"
"TCGA-BLCA","ea475654-2b19-4630-96d2-c19dc4b41ff4","TCGA-GV-A6ZA-01A-12R-A33J-07","TCGA-GV-A6ZA","Primary Tumor","JAK3","ENSG00000105639",371,3.4399,1.2847,1.3147,"OK"
"TCGA-BLCA","ea475654-2b19-4630-96d2-c19dc4b41ff4","TCGA-GV-A6ZA-01A-12R-A33J-07","TCGA-GV-A6ZA","Primary Tumor","EPHB2","ENSG00000133216",755,3.8106,1.4231,1.4563,"OK"
"TCGA-BLCA","b45de871-d65f-4f5e-bd80-aecd17b50296","TCGA-XF-A9SW-01A-11R-A42T-07","TCGA-XF-A9SW","Primary Tumor","JAK3","ENSG00000105639",470,9.4097,3.155,3.6154,"OK"
"TCGA-BLCA","b45de871-d65f-4f5e-bd80-aecd17b50296","TCGA-XF-A9SW-01A-11R-A42T-07","TCGA-XF-A9SW","Primary Tumor","EPHB2","ENSG00000133216",652,7.1056,2.3824,2.7301,"OK"
"TCGA-BLCA","8587b809-2355-461b-9d55-4c7952c128a2","TCGA-GU-A763-01A-11R-A32O-07","TCGA-GU-A763","Primary Tumor","JAK3","ENSG00000105639",456,2.8021,1.0572,1.4525,"OK"
"TCGA-BLCA","8587b809-2355-461b-9d55-4c7952c128a2","TCGA-GU-A763-01A-11R-A32O-07","TCGA-GU-A763","Primary Tumor","EPHB2","ENSG00000133216",125,0.4181,0.1577,0.2167,"OK"
"TCGA-BLCA","472e3377-06dc-42ff-9c0f-1c086144b637","TCGA-2F-A9KR-01A-11R-A38B-07","TCGA-2F-A9KR","Primary Tumor","JAK3","ENSG00000105639",269,3.0333,0.9413,0.9363,"OK"
"TCGA-BLCA","472e3377-06dc-42ff-9c0f-1c086144b637","TCGA-2F-A9KR-01A-11R-A38B-07","TCGA-2F-A9KR","Primary Tumor","EPHB2","ENSG00000133216",428,2.6272,0.8152,0.8109,"OK"
"TCGA-BLCA","90fb6b38-0bc5-47ea-8142-d329503615fe","TCGA-ZF-AA5N-01A-11R-A42T-07","TCGA-ZF-AA5N","Primary Tumor","JAK3","ENSG00000105639",419,11.6982,3.4932,3.9655,"OK"
"TCGA-BLCA","90fb6b38-0bc5-47ea-8142-d329503615fe","TCGA-ZF-AA5N-01A-11R-A42T-07","TCGA-ZF-AA5N","Primary Tumor","EPHB2","ENSG00000133216",880,13.374,3.9936,4.5336,"OK"
"TCGA-BLCA","42653f5c-0986-496c-b75b-63340fa7a3ac","TCGA-E7-A3Y1-01A-11R-A22U-07","TCGA-E7-A3Y1","Primary Tumor","JAK3","ENSG00000105639",445,3.3044,1.5408,1.8873,"OK"
"TCGA-BLCA","42653f5c-0986-496c-b75b-63340fa7a3ac","TCGA-E7-A3Y1-01A-11R-A22U-07","TCGA-E7-A3Y1","Primary Tumor","EPHB2","ENSG00000133216",412,1.6653,0.7765,0.9511,"OK"
"TCGA-BLCA","db5ffcf5-d843-49dd-a7c9-929c17218f40","TCGA-BT-A20R-11A-11R-A16R-07","TCGA-BT-A20R","Solid Tissue Normal","JAK3","ENSG00000105639",392,2.7158,0.7857,1.1279,"OK"
"TCGA-BLCA","db5ffcf5-d843-49dd-a7c9-929c17218f40","TCGA-BT-A20R-11A-11R-A16R-07","TCGA-BT-A20R","Solid Tissue Normal","EPHB2","ENSG00000133216",401,1.5123,0.4375,0.6281,"OK"
"TCGA-BLCA","a94c3c43-d23c-444f-b4d2-78cfa60aad3a","TCGA-BT-A20R-01A-12R-A16R-07","TCGA-BT-A20R","Primary Tumor","JAK3","ENSG00000105639",454,4.0553,1.3224,1.443,"OK"
"TCGA-BLCA","a94c3c43-d23c-444f-b4d2-78cfa60aad3a","TCGA-BT-A20R-01A-12R-A16R-07","TCGA-BT-A20R","Primary Tumor","EPHB2","ENSG00000133216",4953,24.0827,7.8531,8.5696,"OK"
"TCGA-BLCA","0ae9c185-e126-4848-bf85-65cd2bd7f1b2","TCGA-DK-A1AG-01A-11R-A13Y-07","TCGA-DK-A1AG","Primary Tumor","JAK3","ENSG00000105639",1908,17.1142,5.3845,5.2,"OK"
"TCGA-BLCA","0ae9c185-e126-4848-bf85-65cd2bd7f1b2","TCGA-DK-A1AG-01A-11R-A13Y-07","TCGA-DK-A1AG","Primary Tumor","EPHB2","ENSG00000133216",2803,13.6859,4.3059,4.1583,"OK"
"TCGA-BLCA","a34b462b-acee-42e1-846f-cdf94360e19d","TCGA-XF-A9T5-01A-11R-A42T-07","TCGA-XF-A9T5","Primary Tumor","JAK3","ENSG00000105639",1301,12.8308,4.9198,5.8327,"OK"
"TCGA-BLCA","a34b462b-acee-42e1-846f-cdf94360e19d","TCGA-XF-A9T5-01A-11R-A42T-07","TCGA-XF-A9T5","Primary Tumor","EPHB2","ENSG00000133216",424,2.2762,0.8728,1.0347,"OK"
"TCGA-BLCA","3c1cb2bb-6249-45d1-94f9-ac25b428219c","TCGA-DK-AA6M-01A-11R-A39I-07","TCGA-DK-AA6M","Primary Tumor","JAK3","ENSG00000105639",817,12.243,3.9852,4.287,"OK"
"TCGA-BLCA","3c1cb2bb-6249-45d1-94f9-ac25b428219c","TCGA-DK-AA6M-01A-11R-A39I-07","TCGA-DK-AA6M","Primary Tumor","EPHB2","ENSG00000133216",5883,47.9887,15.6205,16.8035,"OK"
"TCGA-BLCA","b5a579fb-51e6-47d2-b681-a4f5c75dadba","TCGA-HQ-A5NE-01A-12R-A28M-07","TCGA-HQ-A5NE","Primary Tumor","JAK3","ENSG00000105639",544,6.4027,1.8548,1.7703,"OK"
"TCGA-BLCA","b5a579fb-51e6-47d2-b681-a4f5c75dadba","TCGA-HQ-A5NE-01A-12R-A28M-07","TCGA-HQ-A5NE","Primary Tumor","EPHB2","ENSG00000133216",4116,26.3701,7.6394,7.2912,"OK"
"TCGA-BLCA","34f45ad7-bebd-4525-9102-911239d5b27d","TCGA-DK-AA6T-01A-11R-A39I-07","TCGA-DK-AA6T","Primary Tumor","JAK3","ENSG00000105639",2926,27.4913,10.9994,12.9079,"OK"
"TCGA-BLCA","34f45ad7-bebd-4525-9102-911239d5b27d","TCGA-DK-AA6T-01A-11R-A39I-07","TCGA-DK-AA6T","Primary Tumor","EPHB2","ENSG00000133216",109,0.5575,0.223,0.2617,"OK"
"TCGA-BLCA","d8ce29f1-3d83-4639-b02b-849510bc17d8","TCGA-BT-A42F-01A-11R-A23W-07","TCGA-BT-A42F","Primary Tumor","JAK3","ENSG00000105639",2000,12.8135,5.8613,7.1453,"OK"
"TCGA-BLCA","d8ce29f1-3d83-4639-b02b-849510bc17d8","TCGA-BT-A42F-01A-11R-A23W-07","TCGA-BT-A42F","Primary Tumor","EPHB2","ENSG00000133216",1018,3.5502,1.624,1.9798,"OK"
"TCGA-BLCA","c3bb09b6-f161-44d1-a4f4-9733ffd20207","TCGA-KQ-A41R-01A-21R-A352-07","TCGA-KQ-A41R","Primary Tumor","JAK3","ENSG00000105639",237,2.3129,1.1917,1.5678,"OK"
"TCGA-BLCA","c3bb09b6-f161-44d1-a4f4-9733ffd20207","TCGA-KQ-A41R-01A-21R-A352-07","TCGA-KQ-A41R","Primary Tumor","EPHB2","ENSG00000133216",169,0.8978,0.4626,0.6086,"OK"
"TCGA-BLCA","ba18b2a0-482c-4d51-8c88-3966d1b6b659","TCGA-UY-A8OD-01A-11R-A36F-07","TCGA-UY-A8OD","Primary Tumor","JAK3","ENSG00000105639",684,6.1179,2.534,3.1517,"OK"
"TCGA-BLCA","ba18b2a0-482c-4d51-8c88-3966d1b6b659","TCGA-UY-A8OD-01A-11R-A36F-07","TCGA-UY-A8OD","Primary Tumor","EPHB2","ENSG00000133216",2221,10.8136,4.4789,5.5707,"OK"
"TCGA-BLCA","55e88914-7b3c-4eb8-91ac-9a249e47c9e9","TCGA-E7-A6MF-01A-12R-A32O-07","TCGA-E7-A6MF","Primary Tumor","JAK3","ENSG00000105639",161,1.9542,0.5436,0.4987,"OK"
"TCGA-BLCA","55e88914-7b3c-4eb8-91ac-9a249e47c9e9","TCGA-E7-A6MF-01A-12R-A32O-07","TCGA-E7-A6MF","Primary Tumor","EPHB2","ENSG00000133216",100,0.6607,0.1838,0.1686,"OK"
"TCGA-BLCA","4cedcaf0-2806-4f70-98bd-a3a9053e79a4","TCGA-E7-A4IJ-01A-31R-A26T-07","TCGA-E7-A4IJ","Primary Tumor","JAK3","ENSG00000105639",466,5.2056,1.9034,1.9283,"OK"
"TCGA-BLCA","4cedcaf0-2806-4f70-98bd-a3a9053e79a4","TCGA-E7-A4IJ-01A-31R-A26T-07","TCGA-E7-A4IJ","Primary Tumor","EPHB2","ENSG00000133216",278,1.6905,0.6181,0.6262,"OK"
"TCGA-BLCA","bf6cd84a-ef98-4bed-a16b-5a81d2834cac","TCGA-FD-A6TA-01A-12R-A33J-07","TCGA-FD-A6TA","Primary Tumor","JAK3","ENSG00000105639",901,9.3542,3.507,3.6616,"OK"
"TCGA-BLCA","bf6cd84a-ef98-4bed-a16b-5a81d2834cac","TCGA-FD-A6TA-01A-12R-A33J-07","TCGA-FD-A6TA","Primary Tumor","EPHB2","ENSG00000133216",653,3.6904,1.3836,1.4446,"OK"
"TCGA-BLCA","11e9f587-e1cd-446e-bba0-9991b1540e83","TCGA-UY-A8OB-01A-12R-A42T-07","TCGA-UY-A8OB","Primary Tumor","JAK3","ENSG00000105639",189,2.6337,0.8276,0.9309,"OK"
"TCGA-BLCA","11e9f587-e1cd-446e-bba0-9991b1540e83","TCGA-UY-A8OB-01A-12R-A42T-07","TCGA-UY-A8OB","Primary Tumor","EPHB2","ENSG00000133216",5084,38.5648,12.1177,13.6311,"OK"
"TCGA-BLCA","676db5bd-e3c3-4bc6-ac5c-0240f2a9278a","TCGA-LT-A5Z6-01A-11R-A28M-07","TCGA-LT-A5Z6","Primary Tumor","JAK3","ENSG00000105639",525,5.298,2.049,1.9554,"OK"
"TCGA-BLCA","676db5bd-e3c3-4bc6-ac5c-0240f2a9278a","TCGA-LT-A5Z6-01A-11R-A28M-07","TCGA-LT-A5Z6","Primary Tumor","EPHB2","ENSG00000133216",834,4.5813,1.7718,1.6908,"OK"
"TCGA-BLCA","4d356fe2-d8c0-4e7a-bc54-98887c7d0847","TCGA-XF-AAMZ-01A-11R-A42T-07","TCGA-XF-AAMZ","Primary Tumor","JAK3","ENSG00000105639",408,7.7704,2.5525,2.6182,"OK"
"TCGA-BLCA","4d356fe2-d8c0-4e7a-bc54-98887c7d0847","TCGA-XF-AAMZ-01A-11R-A42T-07","TCGA-XF-AAMZ","Primary Tumor","EPHB2","ENSG00000133216",1019,10.564,3.4701,3.5595,"OK"
"TCGA-BLCA","65b5577d-5de3-45b2-8e3a-39a0b4ae01f1","TCGA-FD-A5BR-01A-11R-A26T-07","TCGA-FD-A5BR","Primary Tumor","JAK3","ENSG00000105639",1474,14.1576,5.6298,5.7169,"OK"
"TCGA-BLCA","65b5577d-5de3-45b2-8e3a-39a0b4ae01f1","TCGA-FD-A5BR-01A-11R-A26T-07","TCGA-FD-A5BR","Primary Tumor","EPHB2","ENSG00000133216",591,3.09,1.2287,1.2477,"OK"
"TCGA-BLCA","ff3910aa-45a9-42b9-a988-f35a7bb401fa","TCGA-UY-A9PB-01A-11R-A38B-07","TCGA-UY-A9PB","Primary Tumor","JAK3","ENSG00000105639",1274,15.6973,5.2989,5.3429,"OK"
"TCGA-BLCA","ff3910aa-45a9-42b9-a988-f35a7bb401fa","TCGA-UY-A9PB-01A-11R-A38B-07","TCGA-UY-A9PB","Primary Tumor","EPHB2","ENSG00000133216",3912,26.2379,8.857,8.9305,"OK"
"TCGA-BLCA","292d4147-6b4e-46d5-b678-03f33b55e1b2","TCGA-XF-A9T4-01A-11R-A39I-07","TCGA-XF-A9T4","Primary Tumor","JAK3","ENSG00000105639",588,4.4715,1.1704,1.2328,"OK"
"TCGA-BLCA","292d4147-6b4e-46d5-b678-03f33b55e1b2","TCGA-XF-A9T4-01A-11R-A39I-07","TCGA-XF-A9T4","Primary Tumor","EPHB2","ENSG00000133216",6783,28.0782,7.3495,7.7412,"OK"
"TCGA-BLCA","ad22b08f-0bc2-4bf3-96c2-9cb3d65c0718","TCGA-GV-A3JX-01A-11R-A20F-07","TCGA-GV-A3JX","Primary Tumor","JAK3","ENSG00000105639",1255,9.8482,2.9738,2.686,"OK"
"TCGA-BLCA","ad22b08f-0bc2-4bf3-96c2-9cb3d65c0718","TCGA-GV-A3JX-01A-11R-A20F-07","TCGA-GV-A3JX","Primary Tumor","EPHB2","ENSG00000133216",4206,17.9662,5.4251,4.9001,"OK"
"TCGA-BLCA","e138614d-91b9-4a50-8859-97bc23d41d6c","TCGA-ZF-A9RF-01A-11R-A38B-07","TCGA-ZF-A9RF","Primary Tumor","JAK3","ENSG00000105639",1868,20.1744,6.2343,6.2187,"OK"
"TCGA-BLCA","e138614d-91b9-4a50-8859-97bc23d41d6c","TCGA-ZF-A9RF-01A-11R-A38B-07","TCGA-ZF-A9RF","Primary Tumor","EPHB2","ENSG00000133216",3265,19.1947,5.9316,5.9166,"OK"
"TCGA-BLCA","860b5719-8396-47cb-b70a-016f121240fe","TCGA-G2-AA3D-01A-11R-A39I-07","TCGA-G2-AA3D","Primary Tumor","JAK3","ENSG00000105639",800,7.9036,2.905,2.9915,"OK"
"TCGA-BLCA","860b5719-8396-47cb-b70a-016f121240fe","TCGA-G2-AA3D-01A-11R-A39I-07","TCGA-G2-AA3D","Primary Tumor","EPHB2","ENSG00000133216",1296,6.9696,2.5618,2.638,"OK"
"TCGA-BLCA","11528963-2ae3-44cc-a1fa-3a1ef205570c","TCGA-ZF-AA56-01A-31R-A39I-07","TCGA-ZF-AA56","Primary Tumor","JAK3","ENSG00000105639",1165,12.2947,3.7342,3.8892,"OK"
"TCGA-BLCA","11528963-2ae3-44cc-a1fa-3a1ef205570c","TCGA-ZF-AA56-01A-31R-A39I-07","TCGA-ZF-AA56","Primary Tumor","EPHB2","ENSG00000133216",2404,13.8102,4.1945,4.3686,"OK"
"TCGA-BLCA","59ad9fc4-6584-4d95-b4d0-2b2b99b85efa","TCGA-DK-AA77-01A-11R-A39I-07","TCGA-DK-AA77","Primary Tumor","JAK3","ENSG00000105639",533,6.5344,1.906,1.9171,"OK"
"TCGA-BLCA","59ad9fc4-6584-4d95-b4d0-2b2b99b85efa","TCGA-DK-AA77-01A-11R-A39I-07","TCGA-DK-AA77","Primary Tumor","EPHB2","ENSG00000133216",843,5.6257,1.641,1.6505,"OK"
"TCGA-BLCA","670c590f-ab3a-4da6-a725-21ab5ae09286","TCGA-XF-AAMX-01A-11R-A42T-07","TCGA-XF-AAMX","Primary Tumor","JAK3","ENSG00000105639",505,6.3784,2.0635,1.9869,"OK"
"TCGA-BLCA","670c590f-ab3a-4da6-a725-21ab5ae09286","TCGA-XF-AAMX-01A-11R-A42T-07","TCGA-XF-AAMX","Primary Tumor","EPHB2","ENSG00000133216",119,0.8182,0.2647,0.2549,"OK"
"TCGA-BLCA","10fd912f-aa39-41a9-a412-45c280ee6825","TCGA-K4-A5RH-01A-11R-A30C-07","TCGA-K4-A5RH","Primary Tumor","JAK3","ENSG00000105639",5131,31.2971,8.966,9.2812,"OK"
"TCGA-BLCA","10fd912f-aa39-41a9-a412-45c280ee6825","TCGA-K4-A5RH-01A-11R-A30C-07","TCGA-K4-A5RH","Primary Tumor","EPHB2","ENSG00000133216",6644,22.06,6.3197,6.5419,"OK"
"TCGA-BLCA","a836a46a-1d54-476b-be66-8fb9e13059f5","TCGA-XF-A8HI-01A-11R-A38B-07","TCGA-XF-A8HI","Primary Tumor","JAK3","ENSG00000105639",408,4.3508,1.4525,1.4506,"OK"
"TCGA-BLCA","a836a46a-1d54-476b-be66-8fb9e13059f5","TCGA-XF-A8HI-01A-11R-A38B-07","TCGA-XF-A8HI","Primary Tumor","EPHB2","ENSG00000133216",569,3.3029,1.1027,1.1012,"OK"
"TCGA-BLCA","0c884015-1384-42a9-b74e-79e525d562da","TCGA-4Z-AA7S-01A-11R-A39I-07","TCGA-4Z-AA7S","Primary Tumor","JAK3","ENSG00000105639",296,3.1611,0.9962,1.022,"OK"
"TCGA-BLCA","0c884015-1384-42a9-b74e-79e525d562da","TCGA-4Z-AA7S-01A-11R-A39I-07","TCGA-4Z-AA7S","Primary Tumor","EPHB2","ENSG00000133216",1053,6.1213,1.9291,1.9791,"OK"
"TCGA-BLCA","fb9fb5e4-e0e0-4d13-9628-898ed183f1d9","TCGA-DK-A1AB-01A-11R-A13Y-07","TCGA-DK-A1AB","Primary Tumor","JAK3","ENSG00000105639",926,6.8657,1.9189,2.1763,"OK"
"TCGA-BLCA","fb9fb5e4-e0e0-4d13-9628-898ed183f1d9","TCGA-DK-A1AB-01A-11R-A13Y-07","TCGA-DK-A1AB","Primary Tumor","EPHB2","ENSG00000133216",10928,44.1052,12.3268,13.9804,"OK"
"TCGA-BLCA","0c1581e7-b516-4eae-83d6-e6b12d778be9","TCGA-ZF-A9R1-01A-11R-A39I-07","TCGA-ZF-A9R1","Primary Tumor","JAK3","ENSG00000105639",417,4.9428,1.4715,1.4782,"OK"
"TCGA-BLCA","0c1581e7-b516-4eae-83d6-e6b12d778be9","TCGA-ZF-A9R1-01A-11R-A39I-07","TCGA-ZF-A9R1","Primary Tumor","EPHB2","ENSG00000133216",1239,7.9943,2.38,2.3907,"OK"
"TCGA-BLCA","16618053-5ef2-48d4-aeca-2adac22b0835","TCGA-CF-A3MI-01A-11R-A20F-07","TCGA-CF-A3MI","Primary Tumor","JAK3","ENSG00000105639",330,1.6156,1.0376,1.7331,"OK"
"TCGA-BLCA","16618053-5ef2-48d4-aeca-2adac22b0835","TCGA-CF-A3MI-01A-11R-A20F-07","TCGA-CF-A3MI","Primary Tumor","EPHB2","ENSG00000133216",1119,2.9821,1.9153,3.1989,"OK"
"TCGA-BLCA","4f21ab62-06c5-4b62-b709-2134ef0247d5","TCGA-DK-A1AF-01A-11R-A13Y-07","TCGA-DK-A1AF","Primary Tumor","JAK3","ENSG00000105639",2398,17.8132,5.3729,5.5864,"OK"
"TCGA-BLCA","4f21ab62-06c5-4b62-b709-2134ef0247d5","TCGA-DK-A1AF-01A-11R-A13Y-07","TCGA-DK-A1AF","Primary Tumor","EPHB2","ENSG00000133216",2156,8.718,2.6296,2.7341,"OK"
"TCGA-BLCA","c8457ee8-a843-4b60-a7b0-0c802c547d43","TCGA-BT-A20P-01A-11R-A14Y-07","TCGA-BT-A20P","Primary Tumor","JAK3","ENSG00000105639",176,2.8686,1.0103,1.0983,"OK"
"TCGA-BLCA","c8457ee8-a843-4b60-a7b0-0c802c547d43","TCGA-BT-A20P-01A-11R-A14Y-07","TCGA-BT-A20P","Primary Tumor","EPHB2","ENSG00000133216",978,8.677,3.056,3.3223,"OK"
"TCGA-BLCA","8d382ecb-aa96-4b5d-820c-25ca61a545c4","TCGA-S5-A6DX-01A-11R-A31N-07","TCGA-S5-A6DX","Primary Tumor","JAK3","ENSG00000105639",1543,15.4469,6.7227,9.5597,"OK"
"TCGA-BLCA","8d382ecb-aa96-4b5d-820c-25ca61a545c4","TCGA-S5-A6DX-01A-11R-A31N-07","TCGA-S5-A6DX","Primary Tumor","EPHB2","ENSG00000133216",458,2.4958,1.0862,1.5446,"OK"
"TCGA-BLCA","f4633f46-6081-4ab3-a53c-9497df3c4616","TCGA-GD-A6C6-01A-21R-A31N-07","TCGA-GD-A6C6","Primary Tumor","JAK3","ENSG00000105639",373,3.5409,1.4368,2.1355,"OK"
"TCGA-BLCA","f4633f46-6081-4ab3-a53c-9497df3c4616","TCGA-GD-A6C6-01A-21R-A31N-07","TCGA-GD-A6C6","Primary Tumor","EPHB2","ENSG00000133216",366,1.8913,0.7674,1.1406,"OK"
"TCGA-BLCA","add7c773-bee8-4932-ac9d-b68da21a075a","TCGA-ZF-A9R3-01A-11R-A38B-07","TCGA-ZF-A9R3","Primary Tumor","JAK3","ENSG00000105639",603,5.1251,1.7216,1.668,"OK"
"TCGA-BLCA","add7c773-bee8-4932-ac9d-b68da21a075a","TCGA-ZF-A9R3-01A-11R-A38B-07","TCGA-ZF-A9R3","Primary Tumor","EPHB2","ENSG00000133216",2197,10.1646,3.4145,3.3081,"OK"
"TCGA-BLCA","e53ef6c8-f873-4aab-a1e4-983e5faaead1","TCGA-CU-A72E-01A-12R-A33J-07","TCGA-CU-A72E","Primary Tumor","JAK3","ENSG00000105639",359,2.4495,0.9077,1.0819,"OK"
"TCGA-BLCA","e53ef6c8-f873-4aab-a1e4-983e5faaead1","TCGA-CU-A72E-01A-12R-A33J-07","TCGA-CU-A72E","Primary Tumor","EPHB2","ENSG00000133216",393,1.4596,0.5409,0.6447,"OK"
"TCGA-BLCA","6f4576f3-571b-4e51-85d1-78ffeb174303","TCGA-K4-A83P-01A-11R-A352-07","TCGA-K4-A83P","Primary Tumor","JAK3","ENSG00000105639",4442,30.2285,13.2156,14.1964,"OK"
"TCGA-BLCA","6f4576f3-571b-4e51-85d1-78ffeb174303","TCGA-K4-A83P-01A-11R-A352-07","TCGA-K4-A83P","Primary Tumor","EPHB2","ENSG00000133216",1861,6.8938,3.0139,3.2376,"OK"
"TCGA-BLCA","cab65bb2-c00e-49b0-a7da-1096939debef","TCGA-CU-A3QU-01A-11R-A22U-07","TCGA-CU-A3QU","Primary Tumor","JAK3","ENSG00000105639",599,4.9735,1.536,1.4322,"OK"
"TCGA-BLCA","cab65bb2-c00e-49b0-a7da-1096939debef","TCGA-CU-A3QU-01A-11R-A22U-07","TCGA-CU-A3QU","Primary Tumor","EPHB2","ENSG00000133216",1505,6.8022,2.1007,1.9588,"OK"
"TCGA-BLCA","aa463feb-707d-4f3f-b8ed-ca51d0054302","TCGA-GC-A6I3-11A-11R-A31N-07","TCGA-GC-A6I3","Solid Tissue Normal","JAK3","ENSG00000105639",5784,61.3329,26.111,29.5166,"OK"
"TCGA-BLCA","aa463feb-707d-4f3f-b8ed-ca51d0054302","TCGA-GC-A6I3-11A-11R-A31N-07","TCGA-GC-A6I3","Solid Tissue Normal","EPHB2","ENSG00000133216",719,4.1502,1.7668,1.9973,"OK"
"TCGA-BLCA","560f0fec-b04d-40f2-b575-b9dde46fa704","TCGA-BT-A2LA-11A-11R-A18C-07","TCGA-BT-A2LA","Solid Tissue Normal","JAK3","ENSG00000105639",609,4.568,1.5721,1.9315,"OK"
"TCGA-BLCA","560f0fec-b04d-40f2-b575-b9dde46fa704","TCGA-BT-A2LA-11A-11R-A18C-07","TCGA-BT-A2LA","Solid Tissue Normal","EPHB2","ENSG00000133216",1284,5.2426,1.8043,2.2168,"OK"
"TCGA-BLCA","fcb16c0f-d69d-4656-9963-8721f2f5066b","TCGA-ZF-A9R2-01A-11R-A39I-07","TCGA-ZF-A9R2","Primary Tumor","JAK3","ENSG00000105639",139,1.7768,0.5578,0.5377,"OK"
"TCGA-BLCA","fcb16c0f-d69d-4656-9963-8721f2f5066b","TCGA-ZF-A9R2-01A-11R-A39I-07","TCGA-ZF-A9R2","Primary Tumor","EPHB2","ENSG00000133216",991,6.8957,2.1648,2.0867,"OK"
"TCGA-BLCA","e72ffb47-2cbf-4cde-9431-fffbf50f5013","TCGA-XF-A9SJ-01A-11R-A39I-07","TCGA-XF-A9SJ","Primary Tumor","JAK3","ENSG00000105639",1092,9.7614,3.8389,4.387,"OK"
"TCGA-BLCA","e72ffb47-2cbf-4cde-9431-fffbf50f5013","TCGA-XF-A9SJ-01A-11R-A39I-07","TCGA-XF-A9SJ","Primary Tumor","EPHB2","ENSG00000133216",1433,6.9728,2.7422,3.1337,"OK"
"TCGA-BLCA","5aeaa0ca-e8f3-494d-a6a2-e4f3d58074ba","TCGA-CF-A3MH-01A-11R-A20F-07","TCGA-CF-A3MH","Primary Tumor","JAK3","ENSG00000105639",366,2.5603,0.9675,1.0968,"OK"
"TCGA-BLCA","5aeaa0ca-e8f3-494d-a6a2-e4f3d58074ba","TCGA-CF-A3MH-01A-11R-A20F-07","TCGA-CF-A3MH","Primary Tumor","EPHB2","ENSG00000133216",2147,8.1755,3.0894,3.5022,"OK"
"TCGA-BLCA","10587870-10fd-408b-bf8f-f97bbf668952","TCGA-E5-A4TZ-01A-11R-A31N-07","TCGA-E5-A4TZ","Primary Tumor","JAK3","ENSG00000105639",258,2.1346,0.6268,0.5993,"OK"
"TCGA-BLCA","10587870-10fd-408b-bf8f-f97bbf668952","TCGA-E5-A4TZ-01A-11R-A31N-07","TCGA-E5-A4TZ","Primary Tumor","EPHB2","ENSG00000133216",4389,19.7665,5.8046,5.5498,"OK"
"TCGA-BLCA","e1ff1fc1-7938-4d9b-89bf-5b7ca2d8b016","TCGA-DK-A1A3-01A-11R-A13Y-07","TCGA-DK-A1A3","Primary Tumor","JAK3","ENSG00000105639",624,7.1205,2.2781,2.5423,"OK"
"TCGA-BLCA","e1ff1fc1-7938-4d9b-89bf-5b7ca2d8b016","TCGA-DK-A1A3-01A-11R-A13Y-07","TCGA-DK-A1A3","Primary Tumor","EPHB2","ENSG00000133216",1372,8.5222,2.7266,3.0427,"OK"
"TCGA-BLCA","9a3f6a97-e978-4132-85d0-5b86e4f289b5","TCGA-UY-A78P-01A-12R-A36F-07","TCGA-UY-A78P","Primary Tumor","JAK3","ENSG00000105639",1126,10.1657,3.8271,4.5479,"OK"
"TCGA-BLCA","9a3f6a97-e978-4132-85d0-5b86e4f289b5","TCGA-UY-A78P-01A-12R-A36F-07","TCGA-UY-A78P","Primary Tumor","EPHB2","ENSG00000133216",1299,6.3838,2.4033,2.856,"OK"
"TCGA-BLCA","6d492b0e-8e87-43d7-b9cb-7a57eca9494f","TCGA-XF-AAME-01A-12R-A42T-07","TCGA-XF-AAME","Primary Tumor","JAK3","ENSG00000105639",3690,30.3403,10.7074,11.7759,"OK"
"TCGA-BLCA","6d492b0e-8e87-43d7-b9cb-7a57eca9494f","TCGA-XF-AAME-01A-12R-A42T-07","TCGA-XF-AAME","Primary Tumor","EPHB2","ENSG00000133216",1952,8.7367,3.0833,3.391,"OK"
"TCGA-BLCA","400d229e-aa12-4276-ba02-682e26bd3ebc","TCGA-CF-A47V-01A-11R-A23W-07","TCGA-CF-A47V","Primary Tumor","JAK3","ENSG00000105639",1110,7.6207,3.2821,3.9095,"OK"
"TCGA-BLCA","400d229e-aa12-4276-ba02-682e26bd3ebc","TCGA-CF-A47V-01A-11R-A23W-07","TCGA-CF-A47V","Primary Tumor","EPHB2","ENSG00000133216",1650,6.1664,2.6557,3.1634,"OK"
"TCGA-BLCA","683d0af9-e330-4d12-9dcd-28f0fcd30678","TCGA-BT-A2LB-11A-11R-A18C-07","TCGA-BT-A2LB","Solid Tissue Normal","JAK3","ENSG00000105639",997,6.4614,2.4323,3.3994,"OK"
"TCGA-BLCA","683d0af9-e330-4d12-9dcd-28f0fcd30678","TCGA-BT-A2LB-11A-11R-A18C-07","TCGA-BT-A2LB","Solid Tissue Normal","EPHB2","ENSG00000133216",97,0.3422,0.1288,0.18,"OK"
"TCGA-BLCA","3c5d447f-7b0a-48db-a155-189f73e7f7da","TCGA-BL-A13I-01A-11R-A13Y-07","TCGA-BL-A13I","Primary Tumor","JAK3","ENSG00000105639",2004,21.3477,6.1854,6.1831,"OK"
"TCGA-BLCA","3c5d447f-7b0a-48db-a155-189f73e7f7da","TCGA-BL-A13I-01A-11R-A13Y-07","TCGA-BL-A13I","Primary Tumor","EPHB2","ENSG00000133216",1948,11.2958,3.2729,3.2717,"OK"
"TCGA-BLCA","7de76992-4942-4011-afdf-7225842a9294","TCGA-E7-A541-01A-11R-A26T-07","TCGA-E7-A541","Primary Tumor","JAK3","ENSG00000105639",1066,11.3188,4.0366,3.9145,"OK"
"TCGA-BLCA","7de76992-4942-4011-afdf-7225842a9294","TCGA-E7-A541-01A-11R-A26T-07","TCGA-E7-A541","Primary Tumor","EPHB2","ENSG00000133216",3042,17.5823,6.2703,6.0807,"OK"
"TCGA-BLCA","bde8adb0-674a-46a3-b9c3-079bc55e6b84","TCGA-XF-AAN4-01A-11R-A42T-07","TCGA-XF-AAN4","Primary Tumor","JAK3","ENSG00000105639",1428,22.8557,6.7205,7.3999,"OK"
"TCGA-BLCA","bde8adb0-674a-46a3-b9c3-079bc55e6b84","TCGA-XF-AAN4-01A-11R-A42T-07","TCGA-XF-AAN4","Primary Tumor","EPHB2","ENSG00000133216",809,7.0483,2.0725,2.282,"OK"
"TCGA-BLCA","b503684b-9de0-48c7-bceb-cfc45dc7d86e","TCGA-FD-A62N-01A-11R-A30C-07","TCGA-FD-A62N","Primary Tumor","JAK3","ENSG00000105639",4150,38.2427,14.8169,16.9817,"OK"
"TCGA-BLCA","b503684b-9de0-48c7-bceb-cfc45dc7d86e","TCGA-FD-A62N-01A-11R-A30C-07","TCGA-FD-A62N","Primary Tumor","EPHB2","ENSG00000133216",3677,18.4445,7.1462,8.1903,"OK"
"TCGA-BLCA","9d85ecd9-deef-474f-8dca-7fbbee531e7f","TCGA-G2-A3IB-01A-11R-A20F-07","TCGA-G2-A3IB","Primary Tumor","JAK3","ENSG00000105639",237,1.8335,0.5932,0.6749,"OK"
"TCGA-BLCA","9d85ecd9-deef-474f-8dca-7fbbee531e7f","TCGA-G2-A3IB-01A-11R-A20F-07","TCGA-G2-A3IB","Primary Tumor","EPHB2","ENSG00000133216",726,3.0574,0.9892,1.1253,"OK"
"TCGA-BLCA","9c91197a-5784-4e76-a94a-ed53ad3f02fc","TCGA-GU-A767-01A-11R-A32O-07","TCGA-GU-A767","Primary Tumor","JAK3","ENSG00000105639",656,6.0476,2.1851,2.6646,"OK"
"TCGA-BLCA","9c91197a-5784-4e76-a94a-ed53ad3f02fc","TCGA-GU-A767-01A-11R-A32O-07","TCGA-GU-A767","Primary Tumor","EPHB2","ENSG00000133216",668,3.3522,1.2112,1.477,"OK"
"TCGA-BLCA","2209d173-1628-4001-9278-7f495f4065aa","TCGA-DK-A6AV-01A-12R-A30C-07","TCGA-DK-A6AV","Primary Tumor","JAK3","ENSG00000105639",449,5.5564,2.0266,2.1313,"OK"
"TCGA-BLCA","2209d173-1628-4001-9278-7f495f4065aa","TCGA-DK-A6AV-01A-12R-A30C-07","TCGA-DK-A6AV","Primary Tumor","EPHB2","ENSG00000133216",2501,16.8476,6.1447,6.4622,"OK"
"TCGA-BLCA","1abd183c-a740-42d6-b913-7c41a794a3a8","TCGA-G2-AA3C-01A-21R-A39I-07","TCGA-G2-AA3C","Primary Tumor","JAK3","ENSG00000105639",2112,25.4469,8.6701,10.4361,"OK"
"TCGA-BLCA","1abd183c-a740-42d6-b913-7c41a794a3a8","TCGA-G2-AA3C-01A-21R-A39I-07","TCGA-G2-AA3C","Primary Tumor","EPHB2","ENSG00000133216",3942,25.8541,8.8088,10.6031,"OK"
"TCGA-BLCA","d0d8533b-7284-49cb-96ff-f0145017084d","TCGA-XF-A8HG-01A-11R-A36F-07","TCGA-XF-A8HG","Primary Tumor","JAK3","ENSG00000105639",276,2.1578,1.0245,1.2354,"OK"
"TCGA-BLCA","d0d8533b-7284-49cb-96ff-f0145017084d","TCGA-XF-A8HG-01A-11R-A36F-07","TCGA-XF-A8HG","Primary Tumor","EPHB2","ENSG00000133216",763,3.2471,1.5417,1.8591,"OK"
"TCGA-BLCA","efec9ce7-6478-4af4-9d66-5b554e715bcb","TCGA-BT-A20O-01A-21R-A14Y-07","TCGA-BT-A20O","Primary Tumor","JAK3","ENSG00000105639",3478,41.7108,13.5381,13.1441,"OK"
"TCGA-BLCA","efec9ce7-6478-4af4-9d66-5b554e715bcb","TCGA-BT-A20O-01A-21R-A14Y-07","TCGA-BT-A20O","Primary Tumor","EPHB2","ENSG00000133216",3404,22.2219,7.2126,7.0027,"OK"
"TCGA-BLCA","3a45133a-ac40-473c-9c32-015a837965cb","TCGA-KQ-A41S-01A-12R-A33J-07","TCGA-KQ-A41S","Primary Tumor","JAK3","ENSG00000105639",526,4.338,1.5788,1.6715,"OK"
"TCGA-BLCA","3a45133a-ac40-473c-9c32-015a837965cb","TCGA-KQ-A41S-01A-12R-A33J-07","TCGA-KQ-A41S","Primary Tumor","EPHB2","ENSG00000133216",4043,18.15,6.6058,6.9937,"OK"
"TCGA-BLCA","74c60b29-cbf2-4398-aae0-372561a98682","TCGA-FD-A6TD-01A-51R-A33J-07","TCGA-FD-A6TD","Primary Tumor","JAK3","ENSG00000105639",906,8.5429,3.0467,3.312,"OK"
"TCGA-BLCA","74c60b29-cbf2-4398-aae0-372561a98682","TCGA-FD-A6TD-01A-51R-A33J-07","TCGA-FD-A6TD","Primary Tumor","EPHB2","ENSG00000133216",5473,28.0915,10.0183,10.8908,"OK"
"TCGA-BLCA","339643c4-b114-415e-83f4-3d45cb212e9e","TCGA-FD-A5BS-01A-21R-A26T-07","TCGA-FD-A5BS","Primary Tumor","JAK3","ENSG00000105639",3582,27.136,21.5887,25.072,"OK"
"TCGA-BLCA","339643c4-b114-415e-83f4-3d45cb212e9e","TCGA-FD-A5BS-01A-21R-A26T-07","TCGA-FD-A5BS","Primary Tumor","EPHB2","ENSG00000133216",556,2.2928,1.8241,2.1184,"OK"
"TCGA-BLCA","b4ae8845-cb08-41d4-8a34-9ab77bebe819","TCGA-DK-A3WX-01A-22R-A22U-07","TCGA-DK-A3WX","Primary Tumor","JAK3","ENSG00000105639",2307,21.8384,6.7005,7.098,"OK"
"TCGA-BLCA","b4ae8845-cb08-41d4-8a34-9ab77bebe819","TCGA-DK-A3WX-01A-22R-A22U-07","TCGA-DK-A3WX","Primary Tumor","EPHB2","ENSG00000133216",1664,8.5743,2.6308,2.7869,"OK"
"TCGA-BLCA","ac728bb8-2b0c-4a0a-9c80-23e0fb768393","TCGA-XF-AAN0-01A-11R-A42T-07","TCGA-XF-AAN0","Primary Tumor","JAK3","ENSG00000105639",959,6.3019,2.3323,2.5651,"OK"
"TCGA-BLCA","ac728bb8-2b0c-4a0a-9c80-23e0fb768393","TCGA-XF-AAN0-01A-11R-A42T-07","TCGA-XF-AAN0","Primary Tumor","EPHB2","ENSG00000133216",2420,8.6565,3.2038,3.5235,"OK"
"TCGA-BLCA","0b2988c8-f381-40f2-903b-3a0a8ccde0bc","TCGA-XF-A9SZ-01A-11R-A39I-07","TCGA-XF-A9SZ","Primary Tumor","JAK3","ENSG00000105639",1062,13.6958,4.2468,4.6703,"OK"
"TCGA-BLCA","0b2988c8-f381-40f2-903b-3a0a8ccde0bc","TCGA-XF-A9SZ-01A-11R-A39I-07","TCGA-XF-A9SZ","Primary Tumor","EPHB2","ENSG00000133216",1937,13.5977,4.2164,4.6368,"OK"
"TCGA-BLCA","6ca2f84e-afd4-4017-9e8c-2a1d82b65b79","TCGA-FJ-A3ZF-01A-11R-A23N-07","TCGA-FJ-A3ZF","Primary Tumor","JAK3","ENSG00000105639",320,1.7304,0.6674,0.6892,"OK"
"TCGA-BLCA","6ca2f84e-afd4-4017-9e8c-2a1d82b65b79","TCGA-FJ-A3ZF-01A-11R-A23N-07","TCGA-FJ-A3ZF","Primary Tumor","EPHB2","ENSG00000133216",858,2.5256,0.974,1.0059,"OK"
"TCGA-BLCA","1f8056d2-b99e-4a81-bb13-999bda6719d6","TCGA-BT-A20N-01A-11R-A14Y-07","TCGA-BT-A20N","Primary Tumor","JAK3","ENSG00000105639",213,3.017,0.8857,0.8615,"OK"
"TCGA-BLCA","1f8056d2-b99e-4a81-bb13-999bda6719d6","TCGA-BT-A20N-01A-11R-A14Y-07","TCGA-BT-A20N","Primary Tumor","EPHB2","ENSG00000133216",968,7.4636,2.1911,2.1313,"OK"
"TCGA-BLCA","82a8941a-7095-45d3-a2bf-e833b0521eb6","TCGA-UY-A9PE-01A-11R-A38B-07","TCGA-UY-A9PE","Primary Tumor","JAK3","ENSG00000105639",447,6.3922,2.6381,2.993,"OK"
"TCGA-BLCA","82a8941a-7095-45d3-a2bf-e833b0521eb6","TCGA-UY-A9PE-01A-11R-A38B-07","TCGA-UY-A9PE","Primary Tumor","EPHB2","ENSG00000133216",731,5.6903,2.3484,2.6643,"OK"
"TCGA-BLCA","5346db5a-6468-45c0-bf01-e0cd60b31365","TCGA-ZF-A9R9-01A-11R-A38B-07","TCGA-ZF-A9R9","Primary Tumor","JAK3","ENSG00000105639",492,4.5896,2.4058,3.1704,"OK"
"TCGA-BLCA","5346db5a-6468-45c0-bf01-e0cd60b31365","TCGA-ZF-A9R9-01A-11R-A38B-07","TCGA-ZF-A9R9","Primary Tumor","EPHB2","ENSG00000133216",81,0.4113,0.2156,0.2841,"OK"
"TCGA-BLCA","66d069a4-5e9d-466d-b2e4-0f99369c359b","TCGA-4Z-AA7Q-01A-11R-A39I-07","TCGA-4Z-AA7Q","Primary Tumor","JAK3","ENSG00000105639",1917,17.2896,8.0522,9.4047,"OK"
"TCGA-BLCA","66d069a4-5e9d-466d-b2e4-0f99369c359b","TCGA-4Z-AA7Q-01A-11R-A39I-07","TCGA-4Z-AA7Q","Primary Tumor","EPHB2","ENSG00000133216",3441,16.8936,7.8677,9.1893,"OK"
