"project","sample_barcode","patient_id","sample_type","file_id","gene_id","gene_name","unstranded_count","TPM","FPKM","FPKM_UQ","extraction_status","Gene","log2TPM1"
"TCGA-KIRC","TCGA-BP-4160-01A-02R-1289-07","TCGA-BP-4160","Primary Tumor","fc63bae4-fdfb-4990-9902-3e0fb51ec092","ENSG00000105639.20","JAK3",627,8.8603,2.7917,2.8702,"OK","JAK3",3.30163154132206
"TCGA-KIRC","TCGA-BP-4965-01A-01R-1334-07","TCGA-BP-4965","Primary Tumor","4a29721a-1de3-4e14-b905-f39aacb1bd53","ENSG00000105639.20","JAK3",1580,9.3451,2.531,2.5571,"OK","JAK3",3.37087568583751
"TCGA-KIRC","TCGA-BP-4999-01A-01R-1334-07","TCGA-BP-4999","Primary Tumor","862e5c87-bed8-4310-b9ed-1018568bdc78","ENSG00000105639.20","JAK3",1604,9.2747,2.8487,3.0304,"OK","JAK3",3.36102436569644
"TCGA-KIRC","TCGA-BP-5009-01A-01R-1334-07","TCGA-BP-5009","Primary Tumor","813cb150-7ef6-4fa7-9a64-c70f9401513c","ENSG00000105639.20","JAK3",5374,23.951,10.9874,14.2888,"OK","JAK3",4.64102573273968
"TCGA-KIRC","TCGA-CJ-4894-01A-01R-1305-07","TCGA-CJ-4894","Primary Tumor","4ea0bf83-1d7e-41da-a34d-221add8155b2","ENSG00000105639.20","JAK3",3395,26.5781,8.1913,8.0304,"OK","JAK3",4.78545116033242
"TCGA-KIRC","TCGA-BP-4158-01A-02R-1289-07","TCGA-BP-4158","Primary Tumor","ea7e9f5a-844c-4cf4-8f0a-7deab41b5233","ENSG00000105639.20","JAK3",504,3.9033,1.4771,1.5631,"OK","JAK3",2.29375303314546
"TCGA-KIRC","TCGA-BP-4782-01A-02R-1420-07","TCGA-BP-4782","Primary Tumor","2670a02b-5a81-45b7-8b6c-f94b21bd2aa1","ENSG00000105639.20","JAK3",1376,11.8094,3.5347,3.7046,"OK","JAK3",3.67913099544614
"TCGA-KIRC","TCGA-AK-3454-01A-02R-1277-07","TCGA-AK-3454","Primary Tumor","457ef116-5df9-4a29-b802-65622d6ca5e9","ENSG00000105639.20","JAK3",1635,24.8212,11.9767,15.2496,"OK","JAK3",4.69048414409251
"TCGA-KIRC","TCGA-B2-5639-01A-01R-1541-07","TCGA-B2-5639","Primary Tumor","0b4cbedf-b064-4d5a-aa85-8726640d9c63","ENSG00000105639.20","JAK3",845,11.6704,4.0169,3.9907,"OK","JAK3",3.66339016545189
"TCGA-KIRC","TCGA-CJ-4904-01A-02R-1426-07","TCGA-CJ-4904","Primary Tumor","fa157012-d4c8-43c3-b4fe-a02f13fcec40","ENSG00000105639.20","JAK3",937,5.9364,1.7233,1.7684,"OK","JAK3",2.7941870965668
"TCGA-KIRC","TCGA-A3-3328-01A-01R-0864-07","TCGA-A3-3328","Primary Tumor","04f48a21-1ab5-45d0-ba8a-8b6cd53ca1ff","ENSG00000105639.20","JAK3",99,0.5882,0.2078,0.2227,"OK","JAK3",0.667392600667105
"TCGA-KIRC","TCGA-CZ-4865-11A-01R-1503-07","TCGA-CZ-4865","Solid Tissue Normal","34bd0526-91b2-4b99-a33b-5d4bc8c68d39","ENSG00000105639.20","JAK3",275,2.4041,0.7377,0.7347,"OK","JAK3",1.76727341874685
"TCGA-KIRC","TCGA-BP-4976-01A-01R-1334-07","TCGA-BP-4976","Primary Tumor","ba97a1ce-36b3-4212-960b-b64a7cc2ea82","ENSG00000105639.20","JAK3",631,4.141,1.1108,1.1649,"OK","JAK3",2.36204901208824
"TCGA-KIRC","TCGA-BP-5006-01A-01R-1334-07","TCGA-BP-5006","Primary Tumor","ba3ab6f6-109b-485c-b600-d6cf3edb4b28","ENSG00000105639.20","JAK3",702,4.2606,1.4843,1.6251,"OK","JAK3",2.39522735610665
"TCGA-KIRC","TCGA-AK-3429-01A-02R-1325-07","TCGA-AK-3429","Primary Tumor","06632416-4901-4939-b250-35cd1b8b8323","ENSG00000105639.20","JAK3",1123,11.8304,4.025,4.2524,"OK","JAK3",3.68149424341479
"TCGA-KIRC","TCGA-BP-4327-01A-01R-1289-07","TCGA-BP-4327","Primary Tumor","bb4ec992-dd81-4758-b4f2-7560fbc4cf2b","ENSG00000105639.20","JAK3",3010,22.2962,8.4275,9.3167,"OK","JAK3",4.54202274125818
"TCGA-KIRC","TCGA-BP-5181-01A-01R-1426-07","TCGA-BP-5181","Primary Tumor","a78e44f3-6e93-47f4-9653-2ce1b1d7d25d","ENSG00000105639.20","JAK3",1322,12.069,3.4109,3.5742,"OK","JAK3",3.70807684962172
"TCGA-KIRC","TCGA-DV-5576-01A-01R-1541-07","TCGA-DV-5576","Primary Tumor","96ae86b9-6d2a-4b13-9765-a0a5b71519c4","ENSG00000105639.20","JAK3",1176,11.075,2.9791,3.0209,"OK","JAK3",3.59395128394841
"TCGA-KIRC","TCGA-CW-5584-01A-01R-1541-07","TCGA-CW-5584","Primary Tumor","f1d244a9-f031-4286-b433-572de7ed8d42","ENSG00000105639.20","JAK3",1503,13.0135,3.7415,3.6807,"OK","JAK3",3.8087454219637
"TCGA-KIRC","TCGA-B0-4707-01A-01R-1277-07","TCGA-B0-4707","Primary Tumor","4b2c1bf1-9a07-4b71-8a9a-c60c9564b686","ENSG00000105639.20","JAK3",1062,9.2577,4.3963,5.8848,"OK","JAK3",3.35863537840811
"TCGA-KIRC","TCGA-CW-5584-11A-01R-1541-07","TCGA-CW-5584","Solid Tissue Normal","0699530d-22a4-4fb0-a17c-ff78397c5316","ENSG00000105639.20","JAK3",1069,9.8197,3.0309,2.965,"OK","JAK3",3.43558859271082
"TCGA-KIRC","TCGA-BP-4762-01A-02R-1289-07","TCGA-BP-4762","Primary Tumor","4dcd0f2b-a6c0-4732-92eb-37a593afd93a","ENSG00000105639.20","JAK3",643,5.857,1.6476,1.7458,"OK","JAK3",2.77757752220378
"TCGA-KIRC","TCGA-CZ-5984-01A-11R-1672-07","TCGA-CZ-5984","Primary Tumor","a136ae8b-1e0d-4843-a461-ce554ad77458","ENSG00000105639.20","JAK3",5079,36.7351,11.2259,12.1817,"OK","JAK3",5.2378351923181
"TCGA-KIRC","TCGA-BP-4347-01A-01R-1289-07","TCGA-BP-4347","Primary Tumor","9befd66c-7e2b-4081-b933-3c69d94cad96","ENSG00000105639.20","JAK3",1370,7.5297,2.5256,2.6524,"OK","JAK3",3.09249500108361
"TCGA-KIRC","TCGA-BP-5007-01A-01R-1334-07","TCGA-BP-5007","Primary Tumor","a3bdc783-f9de-42d6-b0ad-eadec504b7d8","ENSG00000105639.20","JAK3",1541,10.704,3.361,3.6082,"OK","JAK3",3.5489297694764
"TCGA-KIRC","TCGA-B0-5116-01A-02R-1420-07","TCGA-B0-5116","Primary Tumor","83300c43-0958-4165-99cf-e956cb47d38b","ENSG00000105639.20","JAK3",2020,15.4126,5.1738,6.124,"OK","JAK3",4.03673189619986
"TCGA-KIRC","TCGA-B0-5699-11A-01R-1541-07","TCGA-B0-5699","Solid Tissue Normal","0a98d561-9c8c-40d2-aaaf-cad735533329","ENSG00000105639.20","JAK3",114,0.8664,0.3433,0.3772,"OK","JAK3",0.90025821243475
"TCGA-KIRC","TCGA-BP-4340-01A-01R-1289-07","TCGA-BP-4340","Primary Tumor","ffe0d448-20d6-4952-9650-03531ef6fc79","ENSG00000105639.20","JAK3",583,4.2825,1.257,1.2329,"OK","JAK3",2.40122086216022
"TCGA-KIRC","TCGA-CZ-4860-01A-01R-1305-07","TCGA-CZ-4860","Primary Tumor","3a6bb1dd-89ba-4f26-b7d7-c0c174c0bdf1","ENSG00000105639.20","JAK3",1888,16.5853,4.4705,5.4625,"OK","JAK3",4.13629804200983
"TCGA-KIRC","TCGA-CZ-5458-11A-01R-1503-07","TCGA-CZ-5458","Solid Tissue Normal","331a54d0-3061-4e9e-93c7-3fb0f9a96254","ENSG00000105639.20","JAK3",333,1.7496,0.5213,0.5596,"OK","JAK3",1.45922175682285
"TCGA-KIRC","TCGA-CZ-5458-01A-01R-1503-07","TCGA-CZ-5458","Primary Tumor","206a4211-c6c8-4f43-be95-1f36289d7bd6","ENSG00000105639.20","JAK3",1045,7.8933,2.3405,2.45,"OK","JAK3",3.15271885327587
"TCGA-KIRC","TCGA-B0-4823-01A-02R-1420-07","TCGA-B0-4823","Primary Tumor","b8a61143-0c20-4db9-a4fd-9c8b375ba841","ENSG00000105639.20","JAK3",1497,12.8924,3.8278,4.1151,"OK","JAK3",3.79622395043412
"TCGA-KIRC","TCGA-3Z-A93Z-01A-11R-A37O-07","TCGA-3Z-A93Z","Primary Tumor","21702617-18af-41b6-98fa-54395bfd0d9a","ENSG00000105639.20","JAK3",561,8.3463,2.6091,2.6146,"OK","JAK3",3.22439534595148
"TCGA-KIRC","TCGA-BP-4765-01A-01R-1289-07","TCGA-BP-4765","Primary Tumor","f7a5094f-fea0-4ddf-ac40-8265cddbabc2","ENSG00000105639.20","JAK3",871,6.7892,1.9394,1.9438,"OK","JAK3",2.96147516200964
"TCGA-KIRC","TCGA-B0-4819-01A-01R-1277-07","TCGA-B0-4819","Primary Tumor","06f37a68-0ffa-494c-9b43-00fc1e8b9ad2","ENSG00000105639.20","JAK3",5910,34.7167,17.1596,20.9543,"OK","JAK3",5.15852688549301
"TCGA-KIRC","TCGA-CJ-4874-01A-01R-1305-07","TCGA-CJ-4874","Primary Tumor","336a927a-fe7a-4c77-8fcb-5307cfd145c4","ENSG00000105639.20","JAK3",848,6.7844,2.17,2.3088,"OK","JAK3",2.96058584465006
"TCGA-KIRC","TCGA-BP-4804-01A-02R-1305-07","TCGA-BP-4804","Primary Tumor","1a106eaf-ff8d-43eb-8720-8be7ba8d9888","ENSG00000105639.20","JAK3",2668,27.8788,10.1904,11.2195,"OK","JAK3",4.85193889008968
"TCGA-KIRC","TCGA-B0-5120-01A-01R-1420-07","TCGA-B0-5120","Primary Tumor","a7ce93ac-964a-4d4e-980a-7fb987bf58b7","ENSG00000105639.20","JAK3",1381,12.2869,3.6174,3.7764,"OK","JAK3",3.73193263995936
"TCGA-KIRC","TCGA-BP-4962-01A-01R-1334-07","TCGA-BP-4962","Primary Tumor","9e969cab-9be7-4aa5-957f-5868071cd1c7","ENSG00000105639.20","JAK3",1934,9.9085,4.1255,5.2694,"OK","JAK3",3.44738082887331
"TCGA-KIRC","TCGA-B0-4818-01A-01R-1503-07","TCGA-B0-4818","Primary Tumor","80472422-c0f4-4814-be44-fb1c9e821409","ENSG00000105639.20","JAK3",2024,13.6361,4.9394,4.9751,"OK","JAK3",3.87145927281086
"TCGA-KIRC","TCGA-G6-A8L8-01A-21R-A37O-07","TCGA-G6-A8L8","Primary Tumor","8e4480b4-e56b-4937-94c7-617b4125615c","ENSG00000105639.20","JAK3",2255,22.4072,7.5509,7.698,"OK","JAK3",4.54888046258322
"TCGA-KIRC","TCGA-AK-3433-01A-02R-1277-07","TCGA-AK-3433","Primary Tumor","2a9c1676-cb34-430b-8111-6a28c563065b","ENSG00000105639.20","JAK3",185,1.5063,0.6801,0.8541,"OK","JAK3",1.32555911322641
"TCGA-KIRC","TCGA-BP-5174-01A-01R-1426-07","TCGA-BP-5174","Primary Tumor","8225b9d3-d25a-4f08-b369-d0ac81a8748c","ENSG00000105639.20","JAK3",429,2.6922,1.0671,1.2798,"OK","JAK3",1.88448070336105
"TCGA-KIRC","TCGA-CJ-5686-01A-11R-1672-07","TCGA-CJ-5686","Primary Tumor","12eadc69-863d-46fe-bb19-f8b38b05471b","ENSG00000105639.20","JAK3",2566,18.5082,5.5203,5.7907,"OK","JAK3",4.28600876310215
"TCGA-KIRC","TCGA-B0-4842-01A-02R-1420-07","TCGA-B0-4842","Primary Tumor","b2a87553-0fb8-4e1f-9e6e-cc0510b07c8a","ENSG00000105639.20","JAK3",6814,57.1974,24.2097,31.7818,"OK","JAK3",5.86288279628734
"TCGA-KIRC","TCGA-B2-3923-01A-02R-A277-07","TCGA-B2-3923","Primary Tumor","4134fa64-6365-4a43-b990-48342be44405","ENSG00000105639.20","JAK3",168,1.1717,0.6262,0.6578,"OK","JAK3",1.11882482210861
"TCGA-KIRC","TCGA-B0-5696-01A-11R-1541-07","TCGA-B0-5696","Primary Tumor","1e1f9cde-c6e0-4925-944f-12d354ef858e","ENSG00000105639.20","JAK3",703,5.2731,1.6728,1.8475,"OK","JAK3",2.64917856095156
"TCGA-KIRC","TCGA-CJ-5681-01A-11R-1541-07","TCGA-CJ-5681","Primary Tumor","6f2cbdf8-24b9-4b9c-9a73-4e872852e6ac","ENSG00000105639.20","JAK3",150,1.5554,0.3983,0.3657,"OK","JAK3",1.35354913572204
"TCGA-KIRC","TCGA-A3-3319-01A-02R-1325-07","TCGA-A3-3319","Primary Tumor","afe81650-e131-41ab-81e9-0ecb888b1420","ENSG00000105639.20","JAK3",5116,31.5597,10.8378,13.1364,"OK","JAK3",5.02501550178556
"TCGA-KIRC","TCGA-A3-3373-01A-02R-1420-07","TCGA-A3-3373","Primary Tumor","fba70eac-57d4-468f-bbfc-859628c54dec","ENSG00000105639.20","JAK3",634,3.8627,1.2403,1.3065,"OK","JAK3",2.2817575885203
"TCGA-KIRC","TCGA-EU-5905-01A-11R-1672-07","TCGA-EU-5905","Primary Tumor","d9da2793-4334-4b17-b234-172705dca082","ENSG00000105639.20","JAK3",1753,28.6761,7.2177,7.982,"OK","JAK3",4.89122960192835
"TCGA-KIRC","TCGA-B0-4839-01A-01R-1305-07","TCGA-B0-4839","Primary Tumor","6d8bf03c-2f7c-45b1-b81c-1de9d5085960","ENSG00000105639.20","JAK3",1336,7.6203,3.5573,4.9687,"OK","JAK3",3.10773807824488
"TCGA-KIRC","TCGA-B0-4814-01A-01R-1277-07","TCGA-B0-4814","Primary Tumor","831bedf9-e67d-4a2a-b0a7-6d6c92edf77a","ENSG00000105639.20","JAK3",993,9.2914,2.9444,3.0622,"OK","JAK3",3.36336734880731
"TCGA-KIRC","TCGA-CZ-5461-01A-01R-1503-07","TCGA-CZ-5461","Primary Tumor","040bcb51-b1dd-4666-819f-3ffed0b5ebb0","ENSG00000105639.20","JAK3",2433,16.1301,4.6914,4.6928,"OK","JAK3",4.09846166832229
"TCGA-KIRC","TCGA-B0-5081-01A-01R-1334-07","TCGA-B0-5081","Primary Tumor","164a6eaa-7f88-4687-a7e1-b907c468766e","ENSG00000105639.20","JAK3",8271,38.612,17.1977,20.737,"OK","JAK3",5.30786563928161
"TCGA-KIRC","TCGA-CZ-5461-11A-01R-1503-07","TCGA-CZ-5461","Solid Tissue Normal","7d7719e1-5451-4ec0-a3d6-99aaaf640bcd","ENSG00000105639.20","JAK3",494,2.5926,0.8722,0.8957,"OK","JAK3",1.84502831464954
"TCGA-KIRC","TCGA-B4-5378-01A-01R-1503-07","TCGA-B4-5378","Primary Tumor","79b8911f-fabb-416e-9b80-2f55080192c3","ENSG00000105639.20","JAK3",983,8.7441,2.1928,2.1365,"OK","JAK3",3.28452893915186
"TCGA-KIRC","TCGA-CJ-4884-01A-01R-1305-07","TCGA-CJ-4884","Primary Tumor","0bbde4ab-4f9d-478b-a168-055e489b53f2","ENSG00000105639.20","JAK3",1427,7.9712,3.2099,3.5708,"OK","JAK3",3.16530097491686
"TCGA-KIRC","TCGA-BP-4959-01A-01R-1334-07","TCGA-BP-4959","Primary Tumor","bacd130e-c30f-40aa-8e9e-ef8076f7a6db","ENSG00000105639.20","JAK3",1180,6.3647,2.3247,2.6802,"OK","JAK3",2.88062675848212
"TCGA-KIRC","TCGA-CZ-5466-01A-01R-1503-07","TCGA-CZ-5466","Primary Tumor","edc7b71d-a551-463e-a76a-dc135373cb43","ENSG00000105639.20","JAK3",1422,13.2652,4.6093,5.2537,"OK","JAK3",3.83442806872501
"TCGA-KIRC","TCGA-B0-4811-01A-01R-1503-07","TCGA-B0-4811","Primary Tumor","6df1efd7-bd1b-4c00-8cbb-eb1b6b7c78b6","ENSG00000105639.20","JAK3",2125,9.6812,5.2977,7.7572,"OK","JAK3",3.41700183337313
"TCGA-KIRC","TCGA-CZ-5453-11A-01R-1503-07","TCGA-CZ-5453","Solid Tissue Normal","dbe50f57-74d7-4b5f-a996-dfc8d9874d55","ENSG00000105639.20","JAK3",360,2.4805,0.726,0.6942,"OK","JAK3",1.7992945749546
"TCGA-KIRC","TCGA-CJ-5680-11A-01R-1541-07","TCGA-CJ-5680","Solid Tissue Normal","a56c9911-e164-4572-aef8-37754ee056e3","ENSG00000105639.20","JAK3",852,8.2802,2.2977,2.154,"OK","JAK3",3.21415589758334
"TCGA-KIRC","TCGA-EU-5906-01A-11R-1672-07","TCGA-EU-5906","Primary Tumor","2a8ed8a3-37a6-4492-823c-a86f392d0c44","ENSG00000105639.20","JAK3",1113,7.9987,2.0029,1.9452,"OK","JAK3",3.16971659710684
"TCGA-KIRC","TCGA-B0-4852-01A-01R-1503-07","TCGA-B0-4852","Primary Tumor","3e2569b7-b145-4bda-9bdf-24105aefe42c","ENSG00000105639.20","JAK3",1501,6.7377,2.3894,2.5379,"OK","JAK3",2.95190479483148
"TCGA-KIRC","TCGA-B4-5832-01A-11R-1672-07","TCGA-B4-5832","Primary Tumor","d91f4d1a-4628-446c-a696-8839c8f62d90","ENSG00000105639.20","JAK3",521,7.4702,2.0476,2.467,"OK","JAK3",3.08239603515389
"TCGA-KIRC","TCGA-CJ-4875-01A-01R-1305-07","TCGA-CJ-4875","Primary Tumor","c64293ef-e723-4fe6-8cfa-fe36d07bad81","ENSG00000105639.20","JAK3",1474,8.5672,4.5257,5.5877,"OK","JAK3",3.25809675781716
"TCGA-KIRC","TCGA-CW-5587-11A-01R-1541-07","TCGA-CW-5587","Solid Tissue Normal","efb66622-cf03-4f74-98e5-8c38d87a90f7","ENSG00000105639.20","JAK3",201,1.3075,0.4635,0.493,"OK","JAK3",1.20633064787105
"TCGA-KIRC","TCGA-BP-4326-01A-01R-1289-07","TCGA-BP-4326","Primary Tumor","3f311bca-c591-4dbe-bfb2-fc513259f21c","ENSG00000105639.20","JAK3",2010,16.821,4.8618,6.0847,"OK","JAK3",4.15550638879337
"TCGA-KIRC","TCGA-BP-4329-01A-02R-1289-07","TCGA-BP-4329","Primary Tumor","1c38241a-2cdc-4b93-8845-87182a998ef4","ENSG00000105639.20","JAK3",675,4.3359,1.5677,1.831,"OK","JAK3",2.41573162925564
"TCGA-KIRC","TCGA-B0-4847-01A-01R-1277-07","TCGA-B0-4847","Primary Tumor","7e74a46c-7ff4-4d46-b9a8-b10aa076f448","ENSG00000105639.20","JAK3",2912,20.2038,10.2993,13.3938,"OK","JAK3",4.40625093278344
"TCGA-KIRC","TCGA-A3-3380-01A-01R-0864-07","TCGA-A3-3380","Primary Tumor","9848e118-7372-41e5-8c64-71ec86c9c563","ENSG00000105639.20","JAK3",1401,10.265,3.3106,3.6782,"OK","JAK3",3.4937754084607
"TCGA-KIRC","TCGA-B8-4619-01A-02R-1325-07","TCGA-B8-4619","Primary Tumor","5d1a0224-01c6-4843-baab-12f1a56b767a","ENSG00000105639.20","JAK3",197,1.2536,0.5419,0.6393,"OK","JAK3",1.17223146882548
"TCGA-KIRC","TCGA-A3-3317-01A-02R-1325-07","TCGA-A3-3317","Primary Tumor","2b5b6593-4fe2-4c8a-92c6-5bd5a6c26320","ENSG00000105639.20","JAK3",1425,11.9244,3.7581,3.6614,"OK","JAK3",3.6920254015694
"TCGA-KIRC","TCGA-B0-5711-01A-11R-1672-07","TCGA-B0-5711","Primary Tumor","114e63e4-03a5-409e-835f-afa8af005d03","ENSG00000105639.20","JAK3",2085,17.9987,5.2505,5.2842,"OK","JAK3",4.24782879935316
"TCGA-KIRC","TCGA-B0-5711-11A-01R-1672-07","TCGA-B0-5711","Solid Tissue Normal","8ceb5f0b-cbfb-400d-93b8-df005bb46e31","ENSG00000105639.20","JAK3",252,1.6668,0.5343,0.5288,"OK","JAK3",1.41510963222758
"TCGA-KIRC","TCGA-CZ-4863-11A-01R-1503-07","TCGA-CZ-4863","Solid Tissue Normal","d782f777-5651-47a6-bbb3-4d871a6b3a27","ENSG00000105639.20","JAK3",466,2.7535,0.8532,0.8871,"OK","JAK3",1.90823648299689
"TCGA-KIRC","TCGA-CZ-4863-01A-01R-1503-07","TCGA-CZ-4863","Primary Tumor","4a63eb90-d580-40d0-9136-a7baf34d3627","ENSG00000105639.20","JAK3",2674,22.0022,6.117,5.893,"OK","JAK3",4.52369994637454
"TCGA-KIRC","TCGA-CJ-5671-01A-11R-1541-07","TCGA-CJ-5671","Primary Tumor","86f25e09-9bdb-478d-b929-6f570418af6c","ENSG00000105639.20","JAK3",4131,34.4857,11.2356,12.82,"OK","JAK3",5.14916586048029
"TCGA-KIRC","TCGA-B0-4849-01A-01R-1277-07","TCGA-B0-4849","Primary Tumor","c8134951-c924-4789-93bc-9af9b79933cb","ENSG00000105639.20","JAK3",1405,16.9655,5.5182,5.6503,"OK","JAK3",4.16715718260609
"TCGA-KIRC","TCGA-A3-A6NJ-01A-12R-A33J-07","TCGA-A3-A6NJ","Primary Tumor","36e0d06c-4153-4bc3-b415-3f18306218e3","ENSG00000105639.20","JAK3",1740,16.83,5.0244,4.9072,"OK","JAK3",4.15623479785027
"TCGA-KIRC","TCGA-CZ-5982-01A-11R-1672-07","TCGA-CZ-5982","Primary Tumor","ff21a21b-35fb-423c-896c-c6943dbce540","ENSG00000105639.20","JAK3",989,9.3953,2.5248,2.4341,"OK","JAK3",3.37785948870336
"TCGA-KIRC","TCGA-BP-4789-01A-01R-1305-07","TCGA-BP-4789","Primary Tumor","976e2956-36c4-4451-94bc-19a9e7bb861c","ENSG00000105639.20","JAK3",711,6.0057,1.6747,1.7026,"OK","JAK3",2.80852920998139
"TCGA-KIRC","TCGA-A3-3331-01A-02R-1325-07","TCGA-A3-3331","Primary Tumor","4b758e7e-870c-4b60-8cb6-dac730bd9faf","ENSG00000105639.20","JAK3",856,6.3657,1.9632,1.9687,"OK","JAK3",2.88082263843693
"TCGA-KIRC","TCGA-A3-A8CQ-01A-11R-A37O-07","TCGA-A3-A8CQ","Primary Tumor","9b962201-6959-487b-a125-730322128939","ENSG00000105639.20","JAK3",558,6.9998,1.8186,1.6401,"OK","JAK3",2.99996393217313
"TCGA-KIRC","TCGA-CJ-5684-01A-11R-1541-07","TCGA-CJ-5684","Primary Tumor","d1d341bd-1a8e-4162-a63c-92ecc78e9c82","ENSG00000105639.20","JAK3",1154,9.4252,3.1021,3.3029,"OK","JAK3",3.38200315589452
"TCGA-KIRC","TCGA-A3-3325-01A-01R-0864-07","TCGA-A3-3325","Primary Tumor","131cc059-cc0f-43df-a19e-5f854a769181","ENSG00000105639.20","JAK3",2088,11.6696,3.7859,3.9094,"OK","JAK3",3.66329907184234
"TCGA-KIRC","TCGA-A3-3359-01A-01R-0864-07","TCGA-A3-3359","Primary Tumor","54bccab4-c77e-4848-b698-b62941d96289","ENSG00000105639.20","JAK3",1277,15.2469,4.3144,4.0352,"OK","JAK3",4.02209256495
"TCGA-KIRC","TCGA-CZ-4856-01A-02R-1426-07","TCGA-CZ-4856","Primary Tumor","89cf5c7f-c4af-4eb6-97a5-cc086fe76bbb","ENSG00000105639.20","JAK3",1695,10.0857,3.3032,3.6571,"OK","JAK3",3.47062796609787
"TCGA-KIRC","TCGA-BP-4331-01A-01R-1289-07","TCGA-BP-4331","Primary Tumor","f462d8a7-549d-4823-be4b-1b5c81678665","ENSG00000105639.20","JAK3",2128,18.3388,5.1384,4.7522,"OK","JAK3",4.27342637120363
"TCGA-KIRC","TCGA-AK-3451-01A-02R-1188-07","TCGA-AK-3451","Primary Tumor","e71c8e45-ab52-4796-ab72-e8add8868291","ENSG00000105639.20","JAK3",267,1.9871,0.9527,1.2744,"OK","JAK3",1.57874553597116
"TCGA-KIRC","TCGA-CJ-4642-01B-01R-1305-07","TCGA-CJ-4642","Primary Tumor","e0f18f8e-b8e0-4bf2-916c-69a38fc64fd8","ENSG00000105639.20","JAK3",298,20.5464,10.624,11.4358,"OK","JAK3",4.42937493700878
"TCGA-KIRC","TCGA-BP-5191-01A-01R-1426-07","TCGA-BP-5191","Primary Tumor","822bf4fe-8d43-47c8-9906-5d38c4a21f27","ENSG00000105639.20","JAK3",3106,13.7625,9.4161,16.6374,"OK","JAK3",3.88386515450979
"TCGA-KIRC","TCGA-B0-5812-01A-11R-1672-07","TCGA-B0-5812","Primary Tumor","adfade14-1572-4e3a-b4eb-64de445b9678","ENSG00000105639.20","JAK3",1114,9.3995,2.61,2.5818,"OK","JAK3",3.37844226124786
"TCGA-KIRC","TCGA-BP-4993-01A-02R-1420-07","TCGA-BP-4993","Primary Tumor","49ddcd56-df4a-4136-a743-c21bb6bfd8a6","ENSG00000105639.20","JAK3",923,7.8411,2.5475,2.6998,"OK","JAK3",3.14422587932448
"TCGA-KIRC","TCGA-DV-5574-01A-01R-1541-07","TCGA-DV-5574","Primary Tumor","79b49079-070b-4b97-80b9-838bbd32f33c","ENSG00000105639.20","JAK3",2566,19.3342,6.1365,6.7482,"OK","JAK3",4.34583632745106
"TCGA-KIRC","TCGA-CZ-4865-01A-02R-1503-07","TCGA-CZ-4865","Primary Tumor","1a9ee264-40bf-4a12-bcee-bd0f989e0798","ENSG00000105639.20","JAK3",1167,6.4535,1.9344,2.0632,"OK","JAK3",2.89791804260918
"TCGA-KIRC","TCGA-BP-4988-01A-01R-1334-07","TCGA-BP-4988","Primary Tumor","e59a58f3-d886-45a8-a296-263297839a63","ENSG00000105639.20","JAK3",9541,81.6626,27.6763,28.213,"OK","JAK3",6.36916283663169
"TCGA-KIRC","TCGA-AK-3455-01A-01R-0864-07","TCGA-AK-3455","Primary Tumor","9fcf3bdd-e137-4f93-83f4-24b883ca62c3","ENSG00000105639.20","JAK3",1876,18.8796,6.0613,6.3634,"OK","JAK3",4.31321682342629
"TCGA-KIRC","TCGA-B0-5694-11A-01R-1541-07","TCGA-B0-5694","Solid Tissue Normal","986759bd-7232-46a9-84f3-0e71026a01fd","ENSG00000105639.20","JAK3",660,4.6571,1.6701,1.7091,"OK","JAK3",2.50006267358536
"TCGA-KIRC","TCGA-B0-4690-01A-01R-1277-07","TCGA-B0-4690","Primary Tumor","0e7e953c-82c3-4887-86b5-584d41cfe518","ENSG00000105639.20","JAK3",4264,37.6009,10.8055,11.583,"OK","JAK3",5.27056257995585
"TCGA-KIRC","TCGA-B0-4700-01A-02R-1541-07","TCGA-B0-4700","Primary Tumor","f34985d8-172b-4fae-8d06-989e7dc4dc06","ENSG00000105639.20","JAK3",4330,33.7195,12.4806,14.7424,"OK","JAK3",5.11767426638189
"TCGA-KIRC","TCGA-CZ-5469-11A-01R-1503-07","TCGA-CZ-5469","Solid Tissue Normal","3bfbdcb6-1e9a-43e9-9015-d55b279dc559","ENSG00000105639.20","JAK3",349,2.2967,0.6944,0.7114,"OK","JAK3",1.72102260760142
"TCGA-KIRC","TCGA-CZ-5989-01A-11R-1672-07","TCGA-CZ-5989","Primary Tumor","afe6bf7f-c463-4077-9c5c-3d00ce6ee8a8","ENSG00000105639.20","JAK3",535,6.557,1.8915,1.8991,"OK","JAK3",2.91781362279331
"TCGA-KIRC","TCGA-BP-4177-01A-02R-1420-07","TCGA-BP-4177","Primary Tumor","7947afe8-e62c-4d32-81d6-5eb44fd1cea6","ENSG00000105639.20","JAK3",873,7.4261,2.0366,2.208,"OK","JAK3",3.07486503774303
"TCGA-KIRC","TCGA-BP-4807-01A-01R-1305-07","TCGA-BP-4807","Primary Tumor","e8871fd9-41a0-4c1f-b44c-ea7beea35ebe","ENSG00000105639.20","JAK3",795,9.1391,2.6276,2.644,"OK","JAK3",3.34185769168989
"TCGA-KIRC","TCGA-A3-3335-01A-01R-0864-07","TCGA-A3-3335","Primary Tumor","8522fa29-c1b0-4e41-9bcb-2e0bc7c8e2d0","ENSG00000105639.20","JAK3",2398,14.6721,5.8008,7.2218,"OK","JAK3",3.97012660313407
"TCGA-KIRC","TCGA-B8-5552-11A-01R-1672-07","TCGA-B8-5552","Solid Tissue Normal","bed26808-c053-4ad1-ba5c-68819d4a6fd1","ENSG00000105639.20","JAK3",1082,10.5973,2.5849,2.4663,"OK","JAK3",3.53571706144621
"TCGA-KIRC","TCGA-CJ-4886-01A-01R-1305-07","TCGA-CJ-4886","Primary Tumor","bd1ebebf-1e32-4c8e-a476-a429bfbc3d46","ENSG00000105639.20","JAK3",1488,13.9286,4.0296,4.0357,"OK","JAK3",3.90000697115947
"TCGA-KIRC","TCGA-DV-5573-01A-01R-1541-07","TCGA-DV-5573","Primary Tumor","1bd902eb-9e76-406a-bfe9-b0b5861bcdfb","ENSG00000105639.20","JAK3",2462,23.4735,7.2026,7.1232,"OK","JAK3",4.61314853351601
"TCGA-KIRC","TCGA-CJ-4900-01A-01R-1334-07","TCGA-CJ-4900","Primary Tumor","9845de96-d57a-4613-89db-6a6c4e2eca4b","ENSG00000105639.20","JAK3",3170,17.5553,10.1695,12.0867,"OK","JAK3",4.21375942144225
"TCGA-KIRC","TCGA-B0-5712-11A-01R-1672-07","TCGA-B0-5712","Solid Tissue Normal","4d6e5f5f-ab63-49a6-9a53-a89b7ef76783","ENSG00000105639.20","JAK3",737,5.5535,1.76,1.8285,"OK","JAK3",2.71226560650329
"TCGA-KIRC","TCGA-CZ-4858-01A-01R-1305-07","TCGA-CZ-4858","Primary Tumor","e4747f6d-4c5c-4d49-886f-2c69fe206879","ENSG00000105639.20","JAK3",3317,36.0539,10.3268,12.1719,"OK","JAK3",5.21155349206215
"TCGA-KIRC","TCGA-B2-5633-01A-01R-A277-07","TCGA-B2-5633","Primary Tumor","bdb74506-8766-42e1-922e-e03da4637a70","ENSG00000105639.20","JAK3",629,4.1069,2.0139,1.8849,"OK","JAK3",2.35244780940933
"TCGA-KIRC","TCGA-B2-5633-01B-04R-A277-07","TCGA-B2-5633","Primary Tumor","307fc027-0530-452b-8fa9-d46f7fc73d0e","ENSG00000105639.20","JAK3",1791,35.481,11.4957,10.2255,"OK","JAK3",5.18907337140941
"TCGA-KIRC","TCGA-BP-4795-01A-02R-1420-07","TCGA-BP-4795","Primary Tumor","58585ab6-9163-4bfb-ae55-9529ad1bc3aa","ENSG00000105639.20","JAK3",1366,11.7827,3.1377,3.2999,"OK","JAK3",3.67612069370713
"TCGA-KIRC","TCGA-BP-4354-01A-02R-1289-07","TCGA-BP-4354","Primary Tumor","961f4263-5071-4dfd-b626-346f916b4c9d","ENSG00000105639.20","JAK3",3597,48.6231,13.1476,13.1059,"OK","JAK3",5.6329399593988
"TCGA-KIRC","TCGA-CW-6097-01A-11R-1672-07","TCGA-CW-6097","Primary Tumor","0cb86c23-556d-4c56-b6cd-96dbbaff1441","ENSG00000105639.20","JAK3",2240,24.5705,6.5069,6.4949,"OK","JAK3",4.67640846588804
"TCGA-KIRC","TCGA-CJ-4902-01A-01R-1426-07","TCGA-CJ-4902","Primary Tumor","bc8cef4d-5c5c-4d5b-bbbc-553e8940ced1","ENSG00000105639.20","JAK3",3841,22.1119,7.1736,7.7079,"OK","JAK3",4.53056396169864
"TCGA-KIRC","TCGA-AK-3443-01A-02R-1325-07","TCGA-AK-3443","Primary Tumor","539f5a17-442a-4c07-9606-b8f88c731504","ENSG00000105639.20","JAK3",27,0.1454,0.0559,0.0649,"OK","JAK3",0.195851508575644
"TCGA-KIRC","TCGA-BP-5190-01A-01R-1426-07","TCGA-BP-5190","Primary Tumor","58cdb5fa-ab1d-4b7c-a790-4c81cd86efc4","ENSG00000105639.20","JAK3",1769,9.668,4.4882,5.9873,"OK","JAK3",3.41521782488884
"TCGA-KIRC","TCGA-MM-A84U-01A-11R-A37O-07","TCGA-MM-A84U","Primary Tumor","8fc7b6c7-aa50-4a13-a898-35a6bce2d32f","ENSG00000105639.20","JAK3",1581,12.5428,5.5462,6.5829,"OK","JAK3",3.7594541446196
"TCGA-KIRC","TCGA-BP-4335-01A-01R-1289-07","TCGA-BP-4335","Primary Tumor","5fc65294-257d-41eb-83b5-1cb566b1743f","ENSG00000105639.20","JAK3",1080,10.5089,4.7916,5.7254,"OK","JAK3",3.52467804474481
"TCGA-KIRC","TCGA-BP-4766-01A-01R-1289-07","TCGA-BP-4766","Primary Tumor","4b881bd7-355b-4b47-8c00-41734f8e01d2","ENSG00000105639.20","JAK3",896,6.1692,1.9204,1.8192,"OK","JAK3",2.84181213978833
"TCGA-KIRC","TCGA-A3-3374-01A-02R-1325-07","TCGA-A3-3374","Primary Tumor","d499f1d6-3d58-406e-9ed5-98141e774ddc","ENSG00000105639.20","JAK3",470,2.2323,1.1628,1.7909,"OK","JAK3",1.69256110539988
"TCGA-KIRC","TCGA-A3-3372-01A-02R-1325-07","TCGA-A3-3372","Primary Tumor","fc9e3356-b4e0-46e8-9842-46a2366352de","ENSG00000105639.20","JAK3",2368,20.7874,5.8357,5.7565,"OK","JAK3",4.44542213755914
"TCGA-KIRC","TCGA-B0-5077-01A-01R-1334-07","TCGA-B0-5077","Primary Tumor","a1f29e81-e426-4cc5-813b-fcf83a595303","ENSG00000105639.20","JAK3",3158,19.0467,6.5682,7.2335,"OK","JAK3",4.32529286097044
"TCGA-KIRC","TCGA-B0-4694-01A-01R-1277-07","TCGA-B0-4694","Primary Tumor","cc4d6b44-ae57-4f0c-affe-ba411b9fba9b","ENSG00000105639.20","JAK3",2579,19.2768,6.3704,7.1506,"OK","JAK3",4.34175808507872
"TCGA-KIRC","TCGA-B2-3923-01B-10R-A277-07","TCGA-B2-3923","Primary Tumor","d514c3bc-c1e1-4028-9822-90ad703a3a8d","ENSG00000105639.20","JAK3",143,3.4034,1.098,1.0565,"OK","JAK3",2.13861790305405
"TCGA-KIRC","TCGA-A3-3365-01A-01R-0864-07","TCGA-A3-3365","Primary Tumor","fb449c0c-d752-4110-a41a-c46aa29617ea","ENSG00000105639.20","JAK3",726,7.5112,2.1918,2.2275,"OK","JAK3",3.08936255282773
"TCGA-KIRC","TCGA-A3-3311-01A-02R-1325-07","TCGA-A3-3311","Primary Tumor","4845a010-e208-4c1b-85b1-99fbd155edf2","ENSG00000105639.20","JAK3",2158,14.8939,5.0694,5.0993,"OK","JAK3",3.99040126742115
"TCGA-KIRC","TCGA-BP-4968-01A-01R-1334-07","TCGA-BP-4968","Primary Tumor","60ae8b09-673e-418f-abda-7e3ce228c808","ENSG00000105639.20","JAK3",1950,11.1728,4.009,4.7004,"OK","JAK3",3.60558915131111
"TCGA-KIRC","TCGA-BP-4969-01A-01R-1334-07","TCGA-BP-4969","Primary Tumor","6dc1b313-81c8-4b4d-8fcd-07ad3fe499f7","ENSG00000105639.20","JAK3",726,3.9768,1.6925,2.0694,"OK","JAK3",2.31521841136579
"TCGA-KIRC","TCGA-B0-4837-01A-01R-1305-07","TCGA-B0-4837","Primary Tumor","450ec77d-c822-4d53-9a2b-bd6e4b6b9a62","ENSG00000105639.20","JAK3",2794,20.002,7.7372,9.8633,"OK","JAK3",4.39245481576404
"TCGA-KIRC","TCGA-B0-5098-01A-01R-1420-07","TCGA-B0-5098","Primary Tumor","b59e21e2-af42-41ff-9423-0b3b0af05ccd","ENSG00000105639.20","JAK3",743,5.2833,1.6577,1.8102,"OK","JAK3",2.65152246408525
"TCGA-KIRC","TCGA-B0-4706-01A-01R-1503-07","TCGA-B0-4706","Primary Tumor","0461aca8-2256-4954-9c65-1b2a92c2b2a1","ENSG00000105639.20","JAK3",1125,7.5293,2.8395,3.1618,"OK","JAK3",3.09242734436089
"TCGA-KIRC","TCGA-BP-4761-01A-01R-1289-07","TCGA-BP-4761","Primary Tumor","8b3d23b8-cf1f-49ed-bd33-f340984cca9b","ENSG00000105639.20","JAK3",4075,27.5795,11.0466,16,"OK","JAK3",4.83690877150897
"TCGA-KIRC","TCGA-B8-A54H-01A-11R-A33J-07","TCGA-B8-A54H","Primary Tumor","83eb5df9-30fa-4c4f-a062-5ffe6d7f2c3d","ENSG00000105639.20","JAK3",1395,10.3714,2.9872,2.8618,"OK","JAK3",3.50733797873222
"TCGA-KIRC","TCGA-BP-4165-01A-02R-1289-07","TCGA-BP-4165","Primary Tumor","4962d196-c54d-442d-b7b3-dd34f8082781","ENSG00000105639.20","JAK3",1253,9.8778,4.0209,4.6133,"OK","JAK3",3.44331490055404
"TCGA-KIRC","TCGA-G6-A8L6-01A-11R-A37O-07","TCGA-G6-A8L6","Primary Tumor","8bbda4a1-af04-496f-b047-1d74c29ec19a","ENSG00000105639.20","JAK3",730,9.1855,3.2896,3.7689,"OK","JAK3",3.34844489795159
"TCGA-KIRC","TCGA-B0-4810-01A-01R-1503-07","TCGA-B0-4810","Primary Tumor","59f744da-4e53-4cca-a7f1-48a27f91aba1","ENSG00000105639.20","JAK3",4801,39.2616,11.6237,12.0234,"OK","JAK3",5.33133260113068
"TCGA-KIRC","TCGA-CJ-4916-01A-01R-1426-07","TCGA-CJ-4916","Primary Tumor","6faba44d-0367-4d54-a41e-1f2969760558","ENSG00000105639.20","JAK3",3991,21.0195,8.5386,9.7065,"OK","JAK3",4.46070980467474
"TCGA-KIRC","TCGA-AK-3431-01A-02R-1277-07","TCGA-AK-3431","Primary Tumor","13b48a2d-dde2-4cd1-b26d-22621a002f5b","ENSG00000105639.20","JAK3",720,9.9479,2.7544,2.9462,"OK","JAK3",3.45258225693862
"TCGA-KIRC","TCGA-BP-4803-01A-01R-1305-07","TCGA-BP-4803","Primary Tumor","5a1cd867-8bad-4e36-908a-c82b6ae64083","ENSG00000105639.20","JAK3",2237,16.2764,5.4979,6.1334,"OK","JAK3",4.11073071960906
"TCGA-KIRC","TCGA-CJ-4639-01A-02R-1325-07","TCGA-CJ-4639","Primary Tumor","000d81dd-9ba4-4852-9090-2bf22f6483f0","ENSG00000105639.20","JAK3",1017,15.7926,4.2807,4.0942,"OK","JAK3",4.06975371507933
"TCGA-KIRC","TCGA-BP-4338-01A-01R-1289-07","TCGA-BP-4338","Primary Tumor","5b7970e3-9272-4919-beaa-176127e7be10","ENSG00000105639.20","JAK3",1657,8.348,3.1299,4.3267,"OK","JAK3",3.22465773412074
"TCGA-KIRC","TCGA-B2-3924-01A-02R-A277-07","TCGA-B2-3924","Primary Tumor","df630d23-f007-4cc4-9910-edb44046d556","ENSG00000105639.20","JAK3",776,8.1747,5.822,5.2322,"OK","JAK3",3.19766098459473
"TCGA-KIRC","TCGA-CZ-5466-11A-01R-1503-07","TCGA-CZ-5466","Solid Tissue Normal","200dfa9f-ed6f-4434-9dde-7833f4d3b275","ENSG00000105639.20","JAK3",442,1.8802,0.7401,0.8285,"OK","JAK3",1.52616899534465
"TCGA-KIRC","TCGA-CJ-5682-01A-11R-1541-07","TCGA-CJ-5682","Primary Tumor","c6bede90-50d8-4bf5-97e3-6fffe14e723d","ENSG00000105639.20","JAK3",2097,21.2968,7.1754,7.6659,"OK","JAK3",4.47876476667419
"TCGA-KIRC","TCGA-BP-4998-01A-01R-1334-07","TCGA-BP-4998","Primary Tumor","5d956a24-693e-47ad-b315-180c86a0528e","ENSG00000105639.20","JAK3",3088,22.1827,6.0734,6.1216,"OK","JAK3",4.53497669616564
"TCGA-KIRC","TCGA-CW-6090-01A-11R-1672-07","TCGA-CW-6090","Primary Tumor","485e84af-cd91-4096-a2e4-d2594481e5bf","ENSG00000105639.20","JAK3",1346,10.0671,2.9279,3.3934,"OK","JAK3",3.46820532570331
"TCGA-KIRC","TCGA-BP-4346-01A-01R-1289-07","TCGA-BP-4346","Primary Tumor","588a43e3-60a0-416b-9b79-48d863d054bf","ENSG00000105639.20","JAK3",6328,52.3427,17.851,17.8384,"OK","JAK3",5.73721894523602
"TCGA-KIRC","TCGA-CW-6090-11A-01R-1672-07","TCGA-CW-6090","Solid Tissue Normal","b8f8504c-1d5e-48b3-a54f-88250da4264f","ENSG00000105639.20","JAK3",127,0.8703,0.2997,0.3242,"OK","JAK3",0.903269699951799
"TCGA-KIRC","TCGA-CW-5589-11A-01R-1541-07","TCGA-CW-5589","Solid Tissue Normal","78beabfc-8b98-4f21-94c2-cd6c21255f66","ENSG00000105639.20","JAK3",355,2.5372,0.8513,0.8745,"OK","JAK3",1.82260779406025
"TCGA-KIRC","TCGA-A3-3367-01A-02R-1420-07","TCGA-A3-3367","Primary Tumor","efde0fd9-7f08-4c33-9e2b-8d9b8cfccf50","ENSG00000105639.20","JAK3",2712,16.8552,5.485,5.8011,"OK","JAK3",4.15827238884451
"TCGA-KIRC","TCGA-B0-5400-01A-01R-1503-07","TCGA-B0-5400","Primary Tumor","d6a8b3be-0ea5-4d4f-bf62-27ec684d4705","ENSG00000105639.20","JAK3",3941,29.3627,10.3679,13.8002,"OK","JAK3",4.92422818285457
"TCGA-KIRC","TCGA-CJ-4920-01A-01R-1426-07","TCGA-CJ-4920","Primary Tumor","c85688fc-f98a-4672-b66d-8a28ea94d40b","ENSG00000105639.20","JAK3",2252,20.1447,6.3493,6.824,"OK","JAK3",4.40222418651052
"TCGA-KIRC","TCGA-BP-4784-01A-01R-1305-07","TCGA-BP-4784","Primary Tumor","0c5ce27e-46a9-4868-880d-c7e87391cdf9","ENSG00000105639.20","JAK3",1702,17.3382,4.8398,5.0184,"OK","JAK3",4.19678013193825
"TCGA-KIRC","TCGA-CJ-4637-01A-02R-1325-07","TCGA-CJ-4637","Primary Tumor","f8a0a7cf-0444-4039-a255-6d31bcf748ac","ENSG00000105639.20","JAK3",6050,54.846,18.559,18.9661,"OK","JAK3",5.80338204548268
"TCGA-KIRC","TCGA-AS-3778-01A-01R-A32Z-07","TCGA-AS-3778","Primary Tumor","dbe1371f-dbf9-46b1-b603-a9e560fb75df","ENSG00000105639.20","JAK3",1209,11.3357,3.0915,3.0676,"OK","JAK3",3.62476767983019
"TCGA-KIRC","TCGA-CW-5580-01A-01R-1672-07","TCGA-CW-5580","Primary Tumor","6e837fc7-1583-4fde-af30-fe955e7651bf","ENSG00000105639.20","JAK3",2287,16.1096,4.371,4.4134,"OK","JAK3",4.09673412679172
"TCGA-KIRC","TCGA-CJ-4892-01A-01R-1305-07","TCGA-CJ-4892","Primary Tumor","db24671d-74b5-4647-be36-d865aa923ffa","ENSG00000105639.20","JAK3",2104,17.3082,5.4008,5.4995,"OK","JAK3",4.19441805212167
"TCGA-KIRC","TCGA-CW-5583-01A-02R-1541-07","TCGA-CW-5583","Primary Tumor","499d7906-265e-4836-b2b5-55203bf08e2d","ENSG00000105639.20","JAK3",659,6.0264,1.4518,1.4048,"OK","JAK3",2.81278570886744
"TCGA-KIRC","TCGA-BP-4170-01A-02R-1289-07","TCGA-BP-4170","Primary Tumor","61ee46ed-0cb0-428d-806b-db92f33e0c93","ENSG00000105639.20","JAK3",1050,7.082,2.2831,2.4285,"OK","JAK3",3.01471235152137
"TCGA-KIRC","TCGA-B0-4718-01A-01R-1277-07","TCGA-B0-4718","Primary Tumor","0626d61a-3222-49c5-b6f0-4b59c5835d29","ENSG00000105639.20","JAK3",1444,14.5316,6.0011,7.3665,"OK","JAK3",3.95713455263351
"TCGA-KIRC","TCGA-CZ-5986-01A-11R-1672-07","TCGA-CZ-5986","Primary Tumor","ff6cd0e8-98a0-4a96-9650-c348bcfe8901","ENSG00000105639.20","JAK3",790,11.8647,3.1246,2.9696,"OK","JAK3",3.68534590924173
"TCGA-KIRC","TCGA-BP-5177-01A-01R-1426-07","TCGA-BP-5177","Primary Tumor","7fc459c0-68f0-414f-ad41-737b4de021be","ENSG00000105639.20","JAK3",601,4.7139,1.6725,2.0226,"OK","JAK3",2.51447578762771
"TCGA-KIRC","TCGA-B0-5100-01A-01R-1420-07","TCGA-B0-5100","Primary Tumor","996511b1-d236-4060-a307-81557721cfe5","ENSG00000105639.20","JAK3",1400,12.2812,3.977,4.5874,"OK","JAK3",3.73131359969233
"TCGA-KIRC","TCGA-BP-4774-01A-01R-1289-07","TCGA-BP-4774","Primary Tumor","4d4db765-51e5-4549-a559-114bae985a88","ENSG00000105639.20","JAK3",916,6.5224,2.2503,2.4139,"OK","JAK3",2.91119302303245
"TCGA-KIRC","TCGA-B8-5549-11A-01R-1541-07","TCGA-B8-5549","Solid Tissue Normal","330a912b-ae31-4a54-8611-f32b098ba946","ENSG00000105639.20","JAK3",228,1.8588,0.5509,0.5536,"OK","JAK3",1.51540969338596
"TCGA-KIRC","TCGA-B8-4151-01A-01R-1188-07","TCGA-B8-4151","Primary Tumor","ccb3a294-e4b3-439a-b168-18c3ae05d3b8","ENSG00000105639.20","JAK3",265,2.692,0.8615,0.9117,"OK","JAK3",1.88440255298369
"TCGA-KIRC","TCGA-B0-4841-01A-01R-1277-07","TCGA-B0-4841","Primary Tumor","489b2714-26c8-4889-9ca9-378957da1a6c","ENSG00000105639.20","JAK3",420,2.8861,2.1297,3.6146,"OK","JAK3",1.95832302589697
"TCGA-KIRC","TCGA-B0-4714-01A-01R-1277-07","TCGA-B0-4714","Primary Tumor","66b1f91a-937c-4e1f-b4ab-07d1ef9fe1db","ENSG00000105639.20","JAK3",2283,17.5022,7.3687,8.3222,"OK","JAK3",4.20962491916326
"TCGA-KIRC","TCGA-BP-4174-01A-02R-1289-07","TCGA-BP-4174","Primary Tumor","572fb090-3796-4170-829d-7b77c1e8127d","ENSG00000105639.20","JAK3",967,9.5608,2.7341,2.881,"OK","JAK3",3.40064722052283
"TCGA-KIRC","TCGA-BP-4973-01A-01R-1334-07","TCGA-BP-4973","Primary Tumor","6d560c49-6d99-467b-b2a9-5d236eff9f87","ENSG00000105639.20","JAK3",1736,9.5717,3.18,3.4405,"OK","JAK3",3.40213548526578
"TCGA-KIRC","TCGA-A3-A8OV-01A-11R-A37O-07","TCGA-A3-A8OV","Primary Tumor","e0ab8fc2-a369-4e2b-a07a-67794bf6955b","ENSG00000105639.20","JAK3",1377,13.787,4.4371,4.3981,"OK","JAK3",3.8862574817303
"TCGA-KIRC","TCGA-BP-4991-01A-01R-1334-07","TCGA-BP-4991","Primary Tumor","54813ceb-f5c7-4c62-8b0a-047145bb6bae","ENSG00000105639.20","JAK3",3208,21.827,5.9695,5.8804,"OK","JAK3",4.51266936314398
"TCGA-KIRC","TCGA-AK-3456-01A-02R-1325-07","TCGA-AK-3456","Primary Tumor","4a2da9f0-b75d-466c-b9f0-2e910ee24365","ENSG00000105639.20","JAK3",233,1.9955,0.7717,0.839,"OK","JAK3",1.58279683350304
"TCGA-KIRC","TCGA-BP-4758-01A-01R-1289-07","TCGA-BP-4758","Primary Tumor","152893a4-2d02-4941-bbe9-eb038cce9ef2","ENSG00000105639.20","JAK3",2038,9.7484,4.4671,5.8898,"OK","JAK3",3.42605001201709
"TCGA-KIRC","TCGA-CZ-5989-11A-01R-1672-07","TCGA-CZ-5989","Solid Tissue Normal","2d6da3de-d9be-4037-9fd7-e64d5c91ba1e","ENSG00000105639.20","JAK3",662,6.0098,1.697,1.621,"OK","JAK3",2.80937328259191
"TCGA-KIRC","TCGA-CW-6088-01A-11R-1672-07","TCGA-CW-6088","Primary Tumor","c0d545e4-ab23-41f8-a29f-7a9df01c4abd","ENSG00000105639.20","JAK3",869,7.5658,1.8227,1.6926,"OK","JAK3",3.09858799261809
"TCGA-KIRC","TCGA-CZ-5470-01A-01R-1503-07","TCGA-CZ-5470","Primary Tumor","fd493a63-08fb-4076-8b3c-f443dc4bcb0b","ENSG00000105639.20","JAK3",1494,8.5829,3.1474,3.5617,"OK","JAK3",3.2604623138421
"TCGA-KIRC","TCGA-B0-5690-01A-11R-1541-07","TCGA-B0-5690","Primary Tumor","e44dbaa1-6ef0-48ba-bf0f-3cfa502cbd14","ENSG00000105639.20","JAK3",929,9.3306,2.5848,2.6422,"OK","JAK3",3.36885214307742
"TCGA-KIRC","TCGA-BP-5196-01A-01R-1426-07","TCGA-BP-5196","Primary Tumor","9b794c4e-3176-4cdf-b59b-2b1a13bd603a","ENSG00000105639.20","JAK3",2240,21.1492,6.0408,6.5846,"OK","JAK3",4.4691826863595
"TCGA-KIRC","TCGA-CZ-5454-11A-01R-1503-07","TCGA-CZ-5454","Solid Tissue Normal","a41454c8-c8c2-4d33-9ff8-402fd89d2163","ENSG00000105639.20","JAK3",444,2.4259,0.706,0.7223,"OK","JAK3",1.77648304061933
"TCGA-KIRC","TCGA-BP-4337-01A-01R-1289-07","TCGA-BP-4337","Primary Tumor","6d47118e-cd8a-4d75-970f-2f0f3aff712c","ENSG00000105639.20","JAK3",2065,14.5523,5.7836,6.5413,"OK","JAK3",3.95905604844073
"TCGA-KIRC","TCGA-CJ-4641-01A-02R-1325-07","TCGA-CJ-4641","Primary Tumor","12e9affd-cc06-49d9-b485-47e7034be973","ENSG00000105639.20","JAK3",3422,32.7831,9.9549,9.9455,"OK","JAK3",5.07822981347736
"TCGA-KIRC","TCGA-CZ-5456-11A-02R-1503-07","TCGA-CZ-5456","Solid Tissue Normal","41954992-a111-4fbb-b6e2-d5ac8f564bf6","ENSG00000105639.20","JAK3",175,1.5602,0.6089,0.6926,"OK","JAK3",1.35625651637282
"TCGA-KIRC","TCGA-B8-5546-01A-01R-1541-07","TCGA-B8-5546","Primary Tumor","5f006edb-0f66-45eb-9a36-e31bbcdf8147","ENSG00000105639.20","JAK3",129,1.5198,0.4481,0.4441,"OK","JAK3",1.3333092295749
"TCGA-KIRC","TCGA-CJ-4640-01A-02R-1325-07","TCGA-CJ-4640","Primary Tumor","f43cfd22-5e58-4369-9ea0-a0b6cc63a7db","ENSG00000105639.20","JAK3",1213,9.8214,3.0205,3.0667,"OK","JAK3",3.4358152523145
"TCGA-KIRC","TCGA-B0-4813-01A-01R-1277-07","TCGA-B0-4813","Primary Tumor","1be72033-3da7-4266-9b58-2fff2dbaa48b","ENSG00000105639.20","JAK3",2727,27.3276,11.0051,13.8021,"OK","JAK3",4.82413647229101
"TCGA-KIRC","TCGA-A3-3378-01A-02R-1325-07","TCGA-A3-3378","Primary Tumor","363d5bdc-23e6-40b0-929c-0805d86471eb","ENSG00000105639.20","JAK3",6914,53.8495,17.0214,18.3961,"OK","JAK3",5.77740656417931
"TCGA-KIRC","TCGA-B0-5096-01A-01R-1420-07","TCGA-B0-5096","Primary Tumor","d4afe781-4959-40a7-8556-b60a150ea6b0","ENSG00000105639.20","JAK3",1414,13.0625,4.3621,4.8185,"OK","JAK3",3.81378119121704
"TCGA-KIRC","TCGA-CZ-5462-01A-01R-1503-07","TCGA-CZ-5462","Primary Tumor","24ec3d48-d4c2-4f0c-b188-87ebc1f3123e","ENSG00000105639.20","JAK3",2386,18.0037,5.1042,5.3276,"OK","JAK3",4.24820843196826
"TCGA-KIRC","TCGA-B0-5102-01A-01R-1420-07","TCGA-B0-5102","Primary Tumor","343ba69a-e983-4966-9084-3bf576a08701","ENSG00000105639.20","JAK3",966,6.3466,2.2621,2.5989,"OK","JAK3",2.87707672640934
"TCGA-KIRC","TCGA-BP-5010-01A-02R-1420-07","TCGA-BP-5010","Primary Tumor","c59faf4c-0b9f-4c20-acd2-0804a8c9d96c","ENSG00000105639.20","JAK3",1908,12.3587,6.1804,8.4776,"OK","JAK3",3.73970771386644
"TCGA-KIRC","TCGA-DV-A4VX-01A-11R-A266-07","TCGA-DV-A4VX","Primary Tumor","7f6b6886-84b6-4cb9-8b01-b2d10f55b8c9","ENSG00000105639.20","JAK3",2153,20.6864,8.2248,9.9383,"OK","JAK3",4.43871867656479
"TCGA-KIRC","TCGA-CJ-4635-01A-02R-1305-07","TCGA-CJ-4635","Primary Tumor","b9015212-73c0-4247-9848-95ac288ffb3c","ENSG00000105639.20","JAK3",3246,37.737,11.7095,11.8214,"OK","JAK3",5.27564032315188
"TCGA-KIRC","TCGA-BP-4975-01A-01R-1334-07","TCGA-BP-4975","Primary Tumor","c55cb5e4-8428-4a52-9a84-101b6e823265","ENSG00000105639.20","JAK3",2546,13.5328,4.1482,4.66,"OK","JAK3",3.86124078525967
"TCGA-KIRC","TCGA-EU-5904-01A-11R-1672-07","TCGA-EU-5904","Primary Tumor","1eb01cfb-4b8b-472b-a20b-61239ad14ab6","ENSG00000105639.20","JAK3",723,6.6577,1.8105,1.8985,"OK","JAK3",2.93691114190784
"TCGA-KIRC","TCGA-B0-5095-01A-01R-1420-07","TCGA-B0-5095","Primary Tumor","77cfb44f-6e99-4c0b-bd54-6ab249fd54ef","ENSG00000105639.20","JAK3",2419,27.5487,6.9861,7.2914,"OK","JAK3",4.83535314708654
"TCGA-KIRC","TCGA-BP-5000-01A-01R-1334-07","TCGA-BP-5000","Primary Tumor","62482815-63b6-4df9-8698-44a2d5cdafaf","ENSG00000105639.20","JAK3",3236,15.5802,7.3749,10.6351,"OK","JAK3",4.0513895044513
"TCGA-KIRC","TCGA-BP-5192-01A-01R-1426-07","TCGA-BP-5192","Primary Tumor","451091ae-1364-4e63-b2c6-82e72aae9458","ENSG00000105639.20","JAK3",1206,9.2558,2.733,2.818,"OK","JAK3",3.35836812800369
"TCGA-KIRC","TCGA-BP-4343-01A-02R-1289-07","TCGA-BP-4343","Primary Tumor","51a2c5e1-ba04-4178-a5b0-0ac50c870c4e","ENSG00000105639.20","JAK3",600,5.4196,1.7601,2.0013,"OK","JAK3",2.68248340700574
"TCGA-KIRC","TCGA-B0-4822-01A-01R-1277-07","TCGA-B0-4822","Primary Tumor","fb185dab-f274-4565-ba4a-223e5d629310","ENSG00000105639.20","JAK3",3635,26.7274,12.6768,16.1232,"OK","JAK3",4.7932404360045
"TCGA-KIRC","TCGA-BP-4985-01A-01R-1334-07","TCGA-BP-4985","Primary Tumor","8e4576b0-ae52-47fa-b4a0-eaaed1fefcd2","ENSG00000105639.20","JAK3",4024,23.1272,8.3174,11.4344,"OK","JAK3",4.59258859309733
"TCGA-KIRC","TCGA-CZ-5459-01A-01R-1503-07","TCGA-CZ-5459","Primary Tumor","6b9f9688-4bd2-4e54-9744-ac31665650b2","ENSG00000105639.20","JAK3",1444,12.6375,4.5346,5.1661,"OK","JAK3",3.76950729143624
"TCGA-KIRC","TCGA-B8-A54J-01A-11R-A33J-07","TCGA-B8-A54J","Primary Tumor","fd3d7a82-a316-4df0-9d84-409cb12eb9b1","ENSG00000105639.20","JAK3",1251,11.2419,3.3743,3.3728,"OK","JAK3",3.61375558329777
"TCGA-KIRC","TCGA-B8-5545-01A-01R-1672-07","TCGA-B8-5545","Primary Tumor","f41b182b-f528-49bf-9d7e-912614796b77","ENSG00000105639.20","JAK3",1242,12.5189,3.1972,3.1338,"OK","JAK3",3.75690586269777
"TCGA-KIRC","TCGA-BP-4352-01A-01R-1289-07","TCGA-BP-4352","Primary Tumor","f7cb60c9-cede-46db-9266-b1437cd06a48","ENSG00000105639.20","JAK3",1149,7.2406,2.7098,3.5693,"OK","JAK3",3.04274938419379
"TCGA-KIRC","TCGA-B0-5097-01A-01R-1420-07","TCGA-B0-5097","Primary Tumor","421291fd-adda-42ab-8574-209da13d33a6","ENSG00000105639.20","JAK3",2943,28.6705,8.0931,9.0811,"OK","JAK3",4.89095733385392
"TCGA-KIRC","TCGA-B0-4848-01A-01R-1277-07","TCGA-B0-4848","Primary Tumor","158ed2cd-7be5-4191-89b6-0d034a6426c1","ENSG00000105639.20","JAK3",1591,19.3031,5.5225,5.5081,"OK","JAK3",4.3436281185134
"TCGA-KIRC","TCGA-CW-5585-01A-01R-1541-07","TCGA-CW-5585","Primary Tumor","d7b28bbe-cf7d-4634-8a48-f42d58be4a55","ENSG00000105639.20","JAK3",183,1.458,0.3933,0.3794,"OK","JAK3",1.29748491571057
"TCGA-KIRC","TCGA-A3-3313-01A-02R-1325-07","TCGA-A3-3313","Primary Tumor","41cc637e-36ce-4e10-8175-f24909ff0472","ENSG00000105639.20","JAK3",582,3.1394,1.4227,1.6212,"OK","JAK3",2.04942166633415
"TCGA-KIRC","TCGA-BP-4967-01A-01R-1334-07","TCGA-BP-4967","Primary Tumor","c2bbfd1c-59bb-42a8-8987-1d36865ec762","ENSG00000105639.20","JAK3",2773,15.9678,5.4899,6.2743,"OK","JAK3",4.08472761587621
"TCGA-KIRC","TCGA-CJ-5681-11A-01R-1541-07","TCGA-CJ-5681","Solid Tissue Normal","86e14130-79ee-4cbf-8328-3dd9c65d61dd","ENSG00000105639.20","JAK3",197,1.4793,0.6239,0.7019,"OK","JAK3",1.30993285082193
"TCGA-KIRC","TCGA-CJ-5676-11A-01R-1541-07","TCGA-CJ-5676","Solid Tissue Normal","2e4b4712-a733-4599-8119-926aa5934be9","ENSG00000105639.20","JAK3",950,5.6152,2.0033,2.1051,"OK","JAK3",2.72578477474226
"TCGA-KIRC","TCGA-CJ-4918-01A-01R-1426-07","TCGA-CJ-4918","Primary Tumor","8d116906-c391-48f2-9eb4-94945197d90b","ENSG00000105639.20","JAK3",1898,13.8237,4.5898,5.2304,"OK","JAK3",3.88983368459698
"TCGA-KIRC","TCGA-B0-5706-01A-11R-1541-07","TCGA-B0-5706","Primary Tumor","7a16bbe0-eed5-45f2-8400-8874924a6eda","ENSG00000105639.20","JAK3",963,13.2457,7.5276,8.0477,"OK","JAK3",3.83245460891252
"TCGA-KIRC","TCGA-CW-5581-11A-01R-1541-07","TCGA-CW-5581","Solid Tissue Normal","743a0026-5df2-4a13-8abf-aa45798ec131","ENSG00000105639.20","JAK3",94,0.7878,0.2935,0.3181,"OK","JAK3",0.838185352210878
"TCGA-KIRC","TCGA-BP-5186-01A-01R-1426-07","TCGA-BP-5186","Primary Tumor","02f13d48-a03a-42e8-917d-e5d9025e2898","ENSG00000105639.20","JAK3",1001,8.741,2.5008,2.4388,"OK","JAK3",3.28406988534516
"TCGA-KIRC","TCGA-B2-3924-01A-02R-1325-07","TCGA-B2-3924","Primary Tumor","056c67e7-03b3-40cc-8c19-d6938ad634aa","ENSG00000105639.20","JAK3",1913,16.6259,5.3068,5.3716,"OK","JAK3",4.13962502005194
"TCGA-KIRC","TCGA-A3-3385-01A-02R-1420-07","TCGA-A3-3385","Primary Tumor","375080ea-cbbe-4dfb-8da3-cbef10418a2d","ENSG00000105639.20","JAK3",1436,9.231,3.1284,3.4644,"OK","JAK3",3.35487525898649
"TCGA-KIRC","TCGA-BP-5194-01A-02R-1426-07","TCGA-BP-5194","Primary Tumor","dcead401-3e21-4718-9ce1-863177be3f10","ENSG00000105639.20","JAK3",1561,9.3261,2.9347,3.1242,"OK","JAK3",3.36822356951178
"TCGA-KIRC","TCGA-A3-3357-01A-02R-1420-07","TCGA-A3-3357","Primary Tumor","5544a704-6f67-4c0d-b4ad-9becaab27512","ENSG00000105639.20","JAK3",1752,10.4526,3.634,4.0534,"OK","JAK3",3.51760325489449
"TCGA-KIRC","TCGA-A3-3320-01A-02R-1325-07","TCGA-A3-3320","Primary Tumor","99ad8f7e-a32c-4fbc-af00-8765d524cd73","ENSG00000105639.20","JAK3",1131,11.2582,2.9892,2.8744,"OK","JAK3",3.61567524343272
"TCGA-KIRC","TCGA-CJ-4873-01A-01R-1305-07","TCGA-CJ-4873","Primary Tumor","636b709e-402e-4c0c-8ee3-a5dff383abfd","ENSG00000105639.20","JAK3",1753,13.3683,6.6841,8.3946,"OK","JAK3",3.84481747285146
"TCGA-KIRC","TCGA-B8-A54E-01A-11R-A266-07","TCGA-B8-A54E","Primary Tumor","81cbdf35-12a2-435d-bec9-0f52c47f7a0f","ENSG00000105639.20","JAK3",538,4.503,1.8291,1.9989,"OK","JAK3",2.46021832866727
"TCGA-KIRC","TCGA-BP-4781-01A-01R-1305-07","TCGA-BP-4781","Primary Tumor","5f2edb2e-9b7f-44d6-af6c-ff958631cf6a","ENSG00000105639.20","JAK3",1657,15.136,4.384,4.5602,"OK","JAK3",4.01221108395087
"TCGA-KIRC","TCGA-CJ-5678-11A-01R-1541-07","TCGA-CJ-5678","Solid Tissue Normal","572cfe32-d1b4-44f7-98f4-a9079f3e376c","ENSG00000105639.20","JAK3",268,1.3716,0.6547,0.8078,"OK","JAK3",1.24586070184035
"TCGA-KIRC","TCGA-CZ-5455-11A-01R-1503-07","TCGA-CZ-5455","Solid Tissue Normal","8e10e799-ae5c-49f7-a249-2d16d796066c","ENSG00000105639.20","JAK3",245,1.4283,0.4983,0.5272,"OK","JAK3",1.27994666779454
"TCGA-KIRC","TCGA-CZ-4853-01A-01R-1426-07","TCGA-CZ-4853","Primary Tumor","b81e79c9-7f6d-498c-9591-2b7e8b3bc466","ENSG00000105639.20","JAK3",1082,5.859,2.0405,2.2005,"OK","JAK3",2.77799825566867
"TCGA-KIRC","TCGA-BP-4344-01A-01R-1289-07","TCGA-BP-4344","Primary Tumor","b4499ca2-b2fa-430b-95f5-8d1e2ca14dc0","ENSG00000105639.20","JAK3",845,7.8559,2.3639,2.3721,"OK","JAK3",3.14663893143308
"TCGA-KIRC","TCGA-B0-4815-01A-01R-1503-07","TCGA-B0-4815","Primary Tumor","466888ef-7b80-471e-822c-bf355ef474b8","ENSG00000105639.20","JAK3",8691,45.2965,21.8606,22.2937,"OK","JAK3",5.5328312252302
"TCGA-KIRC","TCGA-B0-5088-01A-01R-1334-07","TCGA-B0-5088","Primary Tumor","52258ebc-d3ba-4795-83c9-6457386fea2b","ENSG00000105639.20","JAK3",2381,13.1558,5.3493,6.3858,"OK","JAK3",3.8233213788127
"TCGA-KIRC","TCGA-B0-4712-01A-01R-1503-07","TCGA-B0-4712","Primary Tumor","7f16d20f-07e2-4901-ae00-4da70125e8a3","ENSG00000105639.20","JAK3",2577,18.9239,6.5774,8.5019,"OK","JAK3",4.31642817000136
"TCGA-KIRC","TCGA-DV-5565-01A-01R-1541-07","TCGA-DV-5565","Primary Tumor","ac6da4db-868b-4b98-9c12-4c1930d08a5e","ENSG00000105639.20","JAK3",1152,8.2994,3.2383,3.8718,"OK","JAK3",3.21713763611864
"TCGA-KIRC","TCGA-BP-4986-01A-01R-1334-07","TCGA-BP-4986","Primary Tumor","dd7f3972-e7c6-422b-84ed-a8038645a52b","ENSG00000105639.20","JAK3",4293,30.948,8.7406,9.229,"OK","JAK3",4.9976537136842
"TCGA-KIRC","TCGA-B8-4621-01A-01R-1503-07","TCGA-B8-4621","Primary Tumor","843f5279-d6a2-4616-a3e7-985f26247cc7","ENSG00000105639.20","JAK3",956,4.8987,1.9499,2.2461,"OK","JAK3",2.56039703749028
"TCGA-KIRC","TCGA-CJ-5689-01A-11R-1541-07","TCGA-CJ-5689","Primary Tumor","3ce8971c-7d06-4da7-af07-efaf4c9f6a75","ENSG00000105639.20","JAK3",1744,12.3914,4.5828,5.1129,"OK","JAK3",3.74323488956566
"TCGA-KIRC","TCGA-CJ-5689-11A-01R-1541-07","TCGA-CJ-5689","Solid Tissue Normal","2562285c-fe56-4011-a9e9-9e17bb78becb","ENSG00000105639.20","JAK3",512,5.3642,1.7296,1.7076,"OK","JAK3",2.66997917420987
"TCGA-KIRC","TCGA-A3-3329-01A-01R-0864-07","TCGA-A3-3329","Primary Tumor","39fd293e-c269-4de9-ae9e-4e68f8c20897","ENSG00000105639.20","JAK3",845,7.3977,2.3663,2.4522,"OK","JAK3",3.06999425015876
"TCGA-KIRC","TCGA-CZ-4864-01A-01R-1503-07","TCGA-CZ-4864","Primary Tumor","3c7b458e-ecca-4d6a-b1c7-48152e184c0b","ENSG00000105639.20","JAK3",2018,13.5835,4.0985,4.0268,"OK","JAK3",3.86626509896028
"TCGA-KIRC","TCGA-B0-5108-01A-01R-1420-07","TCGA-B0-5108","Primary Tumor","53a4f1ae-7669-4580-b054-0a5b58e76520","ENSG00000105639.20","JAK3",4821,40.1346,11.8886,13.0662,"OK","JAK3",5.36228050944646
"TCGA-KIRC","TCGA-A3-3376-01A-02R-1420-07","TCGA-A3-3376","Primary Tumor","f1aa53c8-fb44-431d-9bb9-ba7647cd9ead","ENSG00000105639.20","JAK3",2078,14.2228,3.6036,3.6235,"OK","JAK3",3.92816183970684
"TCGA-KIRC","TCGA-B2-5635-01A-01R-1541-07","TCGA-B2-5635","Primary Tumor","b98e59fc-120a-45c4-aade-3b59ca4a1a86","ENSG00000105639.20","JAK3",2514,23.4403,6.7902,7.031,"OK","JAK3",4.61119008895791
"TCGA-KIRC","TCGA-B4-5834-01A-11R-1672-07","TCGA-B4-5834","Primary Tumor","f13ca22a-ad44-45c0-806b-678bacee6135","ENSG00000105639.20","JAK3",1510,12.8325,3.304,3.3614,"OK","JAK3",3.7899900186681
"TCGA-KIRC","TCGA-DV-5575-01A-01R-1541-07","TCGA-DV-5575","Primary Tumor","a5dd6162-2bca-4bbb-a068-94d122a52cc5","ENSG00000105639.20","JAK3",1234,12.5092,3.5649,3.6309,"OK","JAK3",3.75587033726332
"TCGA-KIRC","TCGA-CJ-4643-01A-02R-1325-07","TCGA-CJ-4643","Primary Tumor","2693e892-e285-4d51-b84a-7498437b6956","ENSG00000105639.20","JAK3",1290,11.3129,3.2225,3.1588,"OK","JAK3",3.62209868797558
"TCGA-KIRC","TCGA-A3-3382-01A-02R-1325-07","TCGA-A3-3382","Primary Tumor","16349fe9-a2c9-4577-8b34-6761dd22ee61","ENSG00000105639.20","JAK3",3040,35.7091,8.5273,8.8486,"OK","JAK3",5.19806583908637
"TCGA-KIRC","TCGA-B0-5703-11A-01R-1541-07","TCGA-B0-5703","Solid Tissue Normal","61e2977f-ac86-4a5a-819d-3fba1af9253a","ENSG00000105639.20","JAK3",208,1.8626,0.6532,0.6767,"OK","JAK3",1.51732609215601
"TCGA-KIRC","TCGA-B8-5165-01A-01R-1420-07","TCGA-B8-5165","Primary Tumor","8c4bd061-8371-4313-bfdc-1b2213daea12","ENSG00000105639.20","JAK3",738,5.6656,1.5781,1.6387,"OK","JAK3",2.7367347444912
"TCGA-KIRC","TCGA-CJ-4888-01A-01R-1305-07","TCGA-CJ-4888","Primary Tumor","160f9fb3-e1e0-4f32-ab86-9555e838a0a0","ENSG00000105639.20","JAK3",8575,43.4066,18.9087,21.3019,"OK","JAK3",5.47270221019336
"TCGA-KIRC","TCGA-CZ-5469-01A-01R-1503-07","TCGA-CZ-5469","Primary Tumor","6ae1ed76-5b6f-41a6-917b-cc713f874a03","ENSG00000105639.20","JAK3",2062,14.5232,5.3232,6.4971,"OK","JAK3",3.95635408464537
"TCGA-KIRC","TCGA-CZ-4866-01A-01R-1503-07","TCGA-CZ-4866","Primary Tumor","de6772b8-dd18-4584-880e-b4080e2e0f8d","ENSG00000105639.20","JAK3",489,2.4483,0.7618,0.7743,"OK","JAK3",1.78588529347709
"TCGA-KIRC","TCGA-CW-6088-11A-01R-1672-07","TCGA-CW-6088","Solid Tissue Normal","83395208-40ec-4a57-a3ea-5f9dd8491998","ENSG00000105639.20","JAK3",236,1.3522,0.4208,0.418,"OK","JAK3",1.2340107331084
"TCGA-KIRC","TCGA-B2-5633-01A-01R-1541-07","TCGA-B2-5633","Primary Tumor","61894bd0-9fdb-4bb1-b32c-f52dbc10c850","ENSG00000105639.20","JAK3",1388,18.7031,4.7603,4.6242,"OK","JAK3",4.30035072978617
"TCGA-KIRC","TCGA-CZ-4862-01A-01R-1305-07","TCGA-CZ-4862","Primary Tumor","1fbf38d0-bc11-4d81-81a3-2a558afa4db5","ENSG00000105639.20","JAK3",2889,37.8943,10.0978,9.2696,"OK","JAK3",5.28148683713547
"TCGA-KIRC","TCGA-BP-5169-01A-01R-1426-07","TCGA-BP-5169","Primary Tumor","1d4c5088-5f7a-4ac9-8a04-46288af80215","ENSG00000105639.20","JAK3",4127,15.0377,12.1359,19.1882,"OK","JAK3",4.00339535161052
"TCGA-KIRC","TCGA-DV-A4W0-01A-11R-A266-07","TCGA-DV-A4W0","Primary Tumor","07b09d0e-fac2-42a7-9cac-ac1e38a92298","ENSG00000105639.20","JAK3",279,2.8893,0.9242,0.9318,"OK","JAK3",1.95951052091755
"TCGA-KIRC","TCGA-CZ-5465-01A-01R-1503-07","TCGA-CZ-5465","Primary Tumor","ceaf66d6-7fcf-47d6-ae3f-99323057c910","ENSG00000105639.20","JAK3",941,5.153,1.5603,1.6939,"OK","JAK3",2.62128999253892
"TCGA-KIRC","TCGA-CZ-5454-01A-01R-1503-07","TCGA-CZ-5454","Primary Tumor","7bb02e2f-67db-4527-959a-4f38da4edd7a","ENSG00000105639.20","JAK3",1551,8.5141,2.8494,3.3443,"OK","JAK3",3.25006718913744
"TCGA-KIRC","TCGA-BP-4960-01A-01R-1334-07","TCGA-BP-4960","Primary Tumor","eeb522fe-ab63-4e1f-b2cf-de74af6b64f2","ENSG00000105639.20","JAK3",3407,15.588,7.9128,11.902,"OK","JAK3",4.05206804724387
"TCGA-KIRC","TCGA-B2-3923-01A-02R-1325-07","TCGA-B2-3923","Primary Tumor","2b393323-81e3-49e2-9acd-18eb8ab0c563","ENSG00000105639.20","JAK3",197,1.7814,0.6446,0.7526,"OK","JAK3",1.47581123714014
"TCGA-KIRC","TCGA-CW-5585-11A-01R-1541-07","TCGA-CW-5585","Solid Tissue Normal","c68fded5-978b-4d7a-9077-89c2c6b35f47","ENSG00000105639.20","JAK3",185,1.0935,0.3978,0.429,"OK","JAK3",1.06591691807821
"TCGA-KIRC","TCGA-B4-5835-01A-11R-1672-07","TCGA-B4-5835","Primary Tumor","d9735236-6587-4453-8c8d-2d39ca495cce","ENSG00000105639.20","JAK3",726,4.009,1.4221,1.6558,"OK","JAK3",2.32452261159581
"TCGA-KIRC","TCGA-EU-5907-01A-11R-1672-07","TCGA-EU-5907","Primary Tumor","304948c1-e699-44b0-814d-defc3a1119f3","ENSG00000105639.20","JAK3",328,4.8415,1.266,1.2449,"OK","JAK3",2.54633887675812
"TCGA-KIRC","TCGA-B0-4697-01A-01R-1277-07","TCGA-B0-4697","Primary Tumor","d6ad13eb-3ed8-4b4a-ac50-37061cf8236a","ENSG00000105639.20","JAK3",3198,39.6506,28.1491,30.6428,"OK","JAK3",5.34520474142226
"TCGA-KIRC","TCGA-B0-5696-11A-01R-1541-07","TCGA-B0-5696","Solid Tissue Normal","80bd1a2f-c729-40f3-b50f-8a3b766e0231","ENSG00000105639.20","JAK3",253,1.8208,0.6723,0.7244,"OK","JAK3",1.49610437977073
"TCGA-KIRC","TCGA-BP-5175-01A-01R-1426-07","TCGA-BP-5175","Primary Tumor","6d481b79-8322-4ac0-93ba-aaa34fd41ed9","ENSG00000105639.20","JAK3",2293,10.9746,5.7491,10.3235,"OK","JAK3",3.58190555981294
"TCGA-KIRC","TCGA-BP-5182-01A-01R-1426-07","TCGA-BP-5182","Primary Tumor","09c297be-f824-4a0b-ae20-57ecf089a7d5","ENSG00000105639.20","JAK3",1456,9.8338,3.067,3.3756,"OK","JAK3",3.43746745783209
"TCGA-KIRC","TCGA-CW-5581-01A-02R-1541-07","TCGA-CW-5581","Primary Tumor","7560bd39-ffd0-45ae-95c9-451bccc8ccc4","ENSG00000105639.20","JAK3",835,7.2483,1.9671,2.0486,"OK","JAK3",3.04409680611064
"TCGA-KIRC","TCGA-G6-A5PC-01A-11R-A33J-07","TCGA-G6-A5PC","Primary Tumor","a57d26d5-0255-4bd1-bcd6-ebfb9d35055d","ENSG00000105639.20","JAK3",577,4.3273,2.2051,3.2065,"OK","JAK3",2.41340452668947
"TCGA-KIRC","TCGA-BP-4166-01A-02R-1289-07","TCGA-BP-4166","Primary Tumor","486f1d07-6c9a-445d-b603-129238a55dbb","ENSG00000105639.20","JAK3",527,4.0158,1.5462,1.8147,"OK","JAK3",2.3264798232674
"TCGA-KIRC","TCGA-B0-5075-01A-01R-1334-07","TCGA-B0-5075","Primary Tumor","fae1f158-5990-4e7c-90a9-f33fe8be8753","ENSG00000105639.20","JAK3",2289,11.9488,4.4225,5.1325,"OK","JAK3",3.69474650057791
"TCGA-KIRC","TCGA-A3-3383-01A-02R-1325-07","TCGA-A3-3383","Primary Tumor","0558db50-149d-4b8f-9994-4e0c3451ae8e","ENSG00000105639.20","JAK3",2526,26.0455,9.0485,10.271,"OK","JAK3",4.75731666425352
"TCGA-KIRC","TCGA-CZ-5453-01A-01R-1503-07","TCGA-CZ-5453","Primary Tumor","1b70671f-61a5-4a23-ab6b-2120e80d1698","ENSG00000105639.20","JAK3",1308,7.4348,2.8345,3.0882,"OK","JAK3",3.076353860756
"TCGA-KIRC","TCGA-CJ-5680-01A-11R-1541-07","TCGA-CJ-5680","Primary Tumor","3dff6d1d-98ca-49b9-a6e4-5a4da59fb2f8","ENSG00000105639.20","JAK3",734,6.5011,1.9052,1.8418,"OK","JAK3",2.90710217536571
"TCGA-KIRC","TCGA-B0-5121-01A-02R-1420-07","TCGA-B0-5121","Primary Tumor","cbe040e0-9ed9-4af4-a177-392a0b63a40b","ENSG00000105639.20","JAK3",1693,7.2449,3.7108,5.1795,"OK","JAK3",3.04350199573928
"TCGA-KIRC","TCGA-B0-4701-01A-01R-1277-07","TCGA-B0-4701","Primary Tumor","52f4db86-9951-464d-a9c2-520a3681a9a8","ENSG00000105639.20","JAK3",2897,27.3884,8.6483,8.885,"OK","JAK3",4.82722963443527
"TCGA-KIRC","TCGA-B0-5107-01A-01R-1420-07","TCGA-B0-5107","Primary Tumor","d07320f0-36a4-4dab-83bb-faaaf21a2bcb","ENSG00000105639.20","JAK3",3217,26.8548,9.2012,10.6635,"OK","JAK3",4.7998540522373
"TCGA-KIRC","TCGA-B8-5553-01A-01R-1541-07","TCGA-B8-5553","Primary Tumor","e0999ea7-e0c9-487f-b8a7-3eda87ab8601","ENSG00000105639.20","JAK3",1219,12.9348,3.2182,3.1731,"OK","JAK3",3.80062039111604
"TCGA-KIRC","TCGA-B0-5083-01A-02R-1420-07","TCGA-B0-5083","Primary Tumor","d5c03bc2-fb49-457d-8445-f8177008554b","ENSG00000105639.20","JAK3",527,3.5789,1.6283,2.1442,"OK","JAK3",2.19500105789649
"TCGA-KIRC","TCGA-CZ-5468-11A-01R-1503-07","TCGA-CZ-5468","Solid Tissue Normal","bbb17751-e367-45a2-b561-9607d02d03c3","ENSG00000105639.20","JAK3",393,3.0678,0.9597,0.9648,"OK","JAK3",2.02424874849204
"TCGA-KIRC","TCGA-CZ-5468-01A-01R-1503-07","TCGA-CZ-5468","Primary Tumor","4d9d7601-1c03-422d-8dc1-1857593c49a5","ENSG00000105639.20","JAK3",2235,16.3297,5.3629,6.1812,"OK","JAK3",4.11517477464462
"TCGA-KIRC","TCGA-B8-4619-11A-01R-1758-07","TCGA-B8-4619","Solid Tissue Normal","cc455312-98ef-40a7-b2f6-6ee31380b06e","ENSG00000105639.20","JAK3",175,1.5208,0.6999,0.8663,"OK","JAK3",1.33388165946809
"TCGA-KIRC","TCGA-CJ-4634-01A-02R-1325-07","TCGA-CJ-4634","Primary Tumor","80a63e36-0f14-4d11-880b-c9c425034d5b","ENSG00000105639.20","JAK3",706,6.9771,1.9235,1.7465,"OK","JAK3",2.99586436348773
"TCGA-KIRC","TCGA-B0-5094-01A-01R-1420-07","TCGA-B0-5094","Primary Tumor","c830413d-ad40-4e2a-b2a5-56407eed5ca3","ENSG00000105639.20","JAK3",5102,42.6448,12.4558,13.4187,"OK","JAK3",5.44773787105357
"TCGA-KIRC","TCGA-B8-A54D-01A-21R-A266-07","TCGA-B8-A54D","Primary Tumor","3f22ab0f-057b-4d34-8722-63ec8c8d1d33","ENSG00000105639.20","JAK3",1126,17.4475,7.0503,7.1016,"OK","JAK3",4.20535341079454
"TCGA-KIRC","TCGA-BP-4341-01A-01R-1289-07","TCGA-BP-4341","Primary Tumor","cce6300b-bad4-411f-912d-7cb1d9fb9733","ENSG00000105639.20","JAK3",946,6.3265,2.5345,2.8856,"OK","JAK3",2.87312416172154
"TCGA-KIRC","TCGA-CW-5580-11A-02R-1672-07","TCGA-CW-5580","Solid Tissue Normal","edf83523-a278-4657-88f9-230494fae0b9","ENSG00000105639.20","JAK3",336,1.9594,0.6745,0.7123,"OK","JAK3",1.56530470802725
"TCGA-KIRC","TCGA-B0-4691-01A-01R-1277-07","TCGA-B0-4691","Primary Tumor","ee7ecfb9-1ec5-4553-ba37-19c2b5f0da0f","ENSG00000105639.20","JAK3",1797,12.0096,4.9598,6.6655,"OK","JAK3",3.70150469976491
"TCGA-KIRC","TCGA-B0-4713-01A-01R-1277-07","TCGA-B0-4713","Primary Tumor","637c8c48-42f9-43d7-8281-c014f4170109","ENSG00000105639.20","JAK3",1316,11.3276,4.8272,6.3681,"OK","JAK3",3.62382005074152
"TCGA-KIRC","TCGA-BP-4768-01A-01R-1289-07","TCGA-BP-4768","Primary Tumor","dcc70515-99c2-4867-b39a-e4c3e3a66430","ENSG00000105639.20","JAK3",3394,22.7269,7.5997,8.0391,"OK","JAK3",4.56845171472903
"TCGA-KIRC","TCGA-B0-5701-11A-01R-1541-07","TCGA-B0-5701","Solid Tissue Normal","8a56004e-52fb-4a5e-afa0-e466ca53d57b","ENSG00000105639.20","JAK3",474,3.5063,1.1585,1.2364,"OK","JAK3",2.17194336197662
"TCGA-KIRC","TCGA-CJ-4644-01A-02R-1325-07","TCGA-CJ-4644","Primary Tumor","39b522e7-162a-42e6-bdcc-a156016b9a81","ENSG00000105639.20","JAK3",600,5.7624,1.721,1.7138,"OK","JAK3",2.7575353550288
"TCGA-KIRC","TCGA-BP-4756-01A-01R-1289-07","TCGA-BP-4756","Primary Tumor","1c5ca894-35e2-40f0-9d1a-38d25f6d6d78","ENSG00000105639.20","JAK3",952,5.8157,2.3399,2.472,"OK","JAK3",2.76886183526484
"TCGA-KIRC","TCGA-B4-5844-01A-11R-1672-07","TCGA-B4-5844","Primary Tumor","eeb25b36-1272-4092-848e-9807eaed9d4e","ENSG00000105639.20","JAK3",440,4.5527,1.201,1.1801,"OK","JAK3",2.47318945243894
"TCGA-KIRC","TCGA-BP-4992-01A-01R-1334-07","TCGA-BP-4992","Primary Tumor","c0ab320a-1952-4875-af3e-9f30dcc2406b","ENSG00000105639.20","JAK3",5615,27.1974,16.3465,24.9163,"OK","JAK3",4.81749023694279
"TCGA-KIRC","TCGA-B2-5636-11A-01R-1541-07","TCGA-B2-5636","Solid Tissue Normal","369d7929-e499-436c-b1cc-231715d11635","ENSG00000105639.20","JAK3",732,4.8913,1.7723,1.93,"OK","JAK3",2.55858602057688
"TCGA-KIRC","TCGA-B8-4153-01B-11R-1672-07","TCGA-B8-4153","Primary Tumor","acf622b2-9d9f-45c4-992d-28165321a955","ENSG00000105639.20","JAK3",965,7.1459,3.1285,3.8074,"OK","JAK3",3.02607410376072
"TCGA-KIRC","TCGA-BP-4355-01A-01R-1289-07","TCGA-BP-4355","Primary Tumor","9fc9bcd9-af84-44b8-bf83-f130d247e9a1","ENSG00000105639.20","JAK3",1664,13.4528,4.5736,4.8729,"OK","JAK3",3.85327711389638
"TCGA-KIRC","TCGA-CJ-5672-11A-01R-1541-07","TCGA-CJ-5672","Solid Tissue Normal","6a2325f0-0fe8-4fab-8af3-ab89e8aa47f0","ENSG00000105639.20","JAK3",358,2.1861,0.7604,0.7955,"OK","JAK3",1.67179154848281
"TCGA-KIRC","TCGA-CZ-5982-11A-01R-1672-07","TCGA-CZ-5982","Solid Tissue Normal","73b5e567-d5a8-4fe7-b60e-fd4654d56fb5","ENSG00000105639.20","JAK3",71,0.394,0.1742,0.2138,"OK","JAK3",0.479230561206336
"TCGA-KIRC","TCGA-B0-4838-01A-01R-1305-07","TCGA-B0-4838","Primary Tumor","4e760e7b-84cb-42ea-9ea9-259abe362af3","ENSG00000105639.20","JAK3",2508,21.2925,7.1794,7.1969,"OK","JAK3",4.47848651208419
"TCGA-KIRC","TCGA-CZ-5457-01A-01R-1503-07","TCGA-CZ-5457","Primary Tumor","e79eb779-6742-452b-87d4-35e67d30de92","ENSG00000105639.20","JAK3",841,5.186,1.6961,1.7802,"OK","JAK3",2.62900683342718
"TCGA-KIRC","TCGA-CZ-5457-11A-01R-1503-07","TCGA-CZ-5457","Solid Tissue Normal","828b7513-8452-4541-8576-8c2f66e79892","ENSG00000105639.20","JAK3",452,2.8837,0.9719,1.0244,"OK","JAK3",1.95743176274779
"TCGA-KIRC","TCGA-CW-5591-01A-01R-1541-07","TCGA-CW-5591","Primary Tumor","19062abb-b733-43e2-a9f2-81bca6d65a1e","ENSG00000105639.20","JAK3",590,6.2044,1.64,1.558,"OK","JAK3",2.84887828424195
"TCGA-KIRC","TCGA-CZ-5988-11A-01R-1672-07","TCGA-CZ-5988","Solid Tissue Normal","73d97d28-fb60-4380-8ba0-34e79da74af2","ENSG00000105639.20","JAK3",120,0.9812,0.4012,0.4474,"OK","JAK3",0.986374526084965
"TCGA-KIRC","TCGA-CZ-5988-01A-11R-1672-07","TCGA-CZ-5988","Primary Tumor","a810deed-122b-4c57-9d6f-8146c5064712","ENSG00000105639.20","JAK3",1067,16.146,4.1861,4.2821,"OK","JAK3",4.09980014339942
"TCGA-KIRC","TCGA-CW-5591-11A-01R-1541-07","TCGA-CW-5591","Solid Tissue Normal","00252d7f-e222-462f-badc-b97e8dce2021","ENSG00000105639.20","JAK3",1986,16.776,4.8475,5.308,"OK","JAK3",4.151858816727
"TCGA-KIRC","TCGA-BP-5200-01A-01R-1426-07","TCGA-BP-5200","Primary Tumor","c35af344-001b-434d-8756-e410748e8df1","ENSG00000105639.20","JAK3",2658,15.2668,4.7496,4.9914,"OK","JAK3",4.02385856727509
"TCGA-KIRC","TCGA-CJ-6031-01A-11R-1672-07","TCGA-CJ-6031","Primary Tumor","52433ea4-d6cc-4d21-a1af-d62c3e9c5d77","ENSG00000105639.20","JAK3",2292,14.0793,5.3507,6.3366,"OK","JAK3",3.91449755333689
"TCGA-KIRC","TCGA-BP-5187-01A-01R-1426-07","TCGA-BP-5187","Primary Tumor","07857799-d6eb-4a80-83b5-aad368e6cd3c","ENSG00000105639.20","JAK3",1033,14.3241,4.4937,5.3765,"OK","JAK3",3.93773044034241
"TCGA-KIRC","TCGA-B0-5110-01A-01R-1420-07","TCGA-B0-5110","Primary Tumor","a34f90d2-32b4-44e7-a820-07f3d48823ce","ENSG00000105639.20","JAK3",1070,11.1782,2.9874,2.8797,"OK","JAK3",3.60622900621223
"TCGA-KIRC","TCGA-CJ-4889-01A-01R-1305-07","TCGA-CJ-4889","Primary Tumor","dab754d3-54c4-4941-879a-dc107def74d8","ENSG00000105639.20","JAK3",2437,16.2164,6.1734,5.9951,"OK","JAK3",4.10571159737133
"TCGA-KIRC","TCGA-CZ-5987-11A-01R-1672-07","TCGA-CZ-5987","Solid Tissue Normal","f007e19e-984c-4c94-b1d0-e4c298d9faa9","ENSG00000105639.20","JAK3",535,7.5327,2.1325,2.0745,"OK","JAK3",3.09300232539523
"TCGA-KIRC","TCGA-CZ-5987-01A-11R-1672-07","TCGA-CZ-5987","Primary Tumor","e3fc3546-680c-44fa-ac79-918668443800","ENSG00000105639.20","JAK3",2237,25.3212,10.0872,11.0325,"OK","JAK3",4.71815335883075
"TCGA-KIRC","TCGA-AK-3453-01A-02R-1277-07","TCGA-AK-3453","Primary Tumor","fb47d9fc-c3a4-4f1c-b707-4996b5520351","ENSG00000105639.20","JAK3",1854,19.2297,9.5023,11.6931,"OK","JAK3",4.3384030202348
"TCGA-KIRC","TCGA-BP-4330-01A-01R-1289-07","TCGA-BP-4330","Primary Tumor","4d986c3f-bde2-4e66-836d-30b701d0781c","ENSG00000105639.20","JAK3",3709,27.0005,8.5917,8.4132,"OK","JAK3",4.80738068423903
"TCGA-KIRC","TCGA-B0-5119-01A-02R-1420-07","TCGA-B0-5119","Primary Tumor","512aef07-f542-4aa6-b3e6-8f74ae1ce224","ENSG00000105639.20","JAK3",1665,14.8799,4.3314,4.2484,"OK","JAK3",3.98912992235826
"TCGA-KIRC","TCGA-BP-4176-01A-02R-1289-07","TCGA-BP-4176","Primary Tumor","61e85059-9ba2-43ba-9246-4731ace197e4","ENSG00000105639.20","JAK3",1956,15.4785,4.9922,5.373,"OK","JAK3",4.04251301816989
"TCGA-KIRC","TCGA-CW-6087-01A-11R-1672-07","TCGA-CW-6087","Primary Tumor","8e95a2b4-3110-4dd6-b3c9-b3e83c563282","ENSG00000105639.20","JAK3",9691,66.7297,18.6262,18.5623,"OK","JAK3",6.08171670042679
"TCGA-KIRC","TCGA-CW-6087-11A-01R-1672-07","TCGA-CW-6087","Solid Tissue Normal","7c90bf9b-74c9-459c-9cd7-944ea4535a6d","ENSG00000105639.20","JAK3",204,0.9156,0.4182,0.4968,"OK","JAK3",0.937796340686552
"TCGA-KIRC","TCGA-B0-4699-01A-01R-1277-07","TCGA-B0-4699","Primary Tumor","feb6de8d-c44f-44ca-9583-232511ef54fd","ENSG00000105639.20","JAK3",3726,19.5937,5.8788,5.9956,"OK","JAK3",4.36413115225408
"TCGA-KIRC","TCGA-CJ-6032-01A-11R-1672-07","TCGA-CJ-6032","Primary Tumor","37faaa8d-fcc6-4feb-beae-cfe8155b03c2","ENSG00000105639.20","JAK3",568,4.141,1.1987,1.1832,"OK","JAK3",2.36204901208824
"TCGA-KIRC","TCGA-B0-5709-01A-11R-1541-07","TCGA-B0-5709","Primary Tumor","4f836d31-425e-43d4-8052-5e4a1d770efd","ENSG00000105639.20","JAK3",2466,20.6616,5.4774,5.3668,"OK","JAK3",4.43706790416848
"TCGA-KIRC","TCGA-B0-5709-11A-01R-1541-07","TCGA-B0-5709","Solid Tissue Normal","213b2ef0-57cb-4fa3-9d56-2bda451006c9","ENSG00000105639.20","JAK3",398,2.3995,0.8722,0.9229,"OK","JAK3",1.76532256972595
"TCGA-KIRC","TCGA-AK-3445-01A-02R-1277-07","TCGA-AK-3445","Primary Tumor","8ebf5653-96f8-4adc-a251-d8c059d699b0","ENSG00000105639.20","JAK3",3326,34.9725,10.8413,12.0107,"OK","JAK3",5.16882252159084
"TCGA-KIRC","TCGA-BP-4970-01A-01R-1334-07","TCGA-BP-4970","Primary Tumor","ab55b80d-abac-431c-bd6e-e5e1ed46210f","ENSG00000105639.20","JAK3",2647,16.3164,4.4236,4.5455,"OK","JAK3",4.11406712645412
"TCGA-KIRC","TCGA-BP-4963-01A-01R-1334-07","TCGA-BP-4963","Primary Tumor","a89b3ab8-977d-4c4d-8323-ca8d6df792e4","ENSG00000105639.20","JAK3",1885,14.0022,4.6799,4.7617,"OK","JAK3",3.90710217536571
"TCGA-KIRC","TCGA-BP-4770-01A-01R-1503-07","TCGA-BP-4770","Primary Tumor","e8a098f6-ed3e-46a8-ae16-2f130a5fb715","ENSG00000105639.20","JAK3",2256,16.3702,4.5508,5.8983,"OK","JAK3",4.1185424601819
"TCGA-KIRC","TCGA-B0-5117-01A-01R-1420-07","TCGA-B0-5117","Primary Tumor","cdc162f6-6ee3-45bb-a764-88458b87bf7b","ENSG00000105639.20","JAK3",226,1.1122,0.666,1.0176,"OK","JAK3",1.07874644707665
"TCGA-KIRC","TCGA-BP-4987-01A-01R-1334-07","TCGA-BP-4987","Primary Tumor","72595e5d-dab6-4d89-8332-6b0a599e218b","ENSG00000105639.20","JAK3",1992,15.0251,4.5024,4.4178,"OK","JAK3",4.00226145448046
"TCGA-KIRC","TCGA-MW-A4EC-01A-11R-A266-07","TCGA-MW-A4EC","Primary Tumor","4488f655-ed4d-44d1-acad-20d9c530f84d","ENSG00000105639.20","JAK3",1215,11.9661,3.6999,3.6551,"OK","JAK3",3.69667269963057
"TCGA-KIRC","TCGA-B8-4622-11A-01R-1758-07","TCGA-B8-4622","Solid Tissue Normal","d2f080ca-6e8b-4b9c-b64d-376ca8a8beed","ENSG00000105639.20","JAK3",265,2.0013,0.8592,1.002,"OK","JAK3",1.58558753315829
"TCGA-KIRC","TCGA-BP-5008-01A-01R-1334-07","TCGA-BP-5008","Primary Tumor","40b17492-39d1-4ce2-8f91-9e1cba32f42a","ENSG00000105639.20","JAK3",2595,17.5872,5.2004,5.5024,"OK","JAK3",4.21623755205382
"TCGA-KIRC","TCGA-CZ-5467-01A-01R-1503-07","TCGA-CZ-5467","Primary Tumor","063830a5-bb8f-4d58-98d6-c49ea4f1f66d","ENSG00000105639.20","JAK3",1008,8.574,2.3418,2.4199,"OK","JAK3",3.25912180605768
"TCGA-KIRC","TCGA-CZ-5467-11A-01R-1503-07","TCGA-CZ-5467","Solid Tissue Normal","e4240172-1921-44aa-95da-781be3485a1e","ENSG00000105639.20","JAK3",335,2.0582,0.7352,0.84,"OK","JAK3",1.61268275907708
"TCGA-KIRC","TCGA-BP-5202-01A-02R-1426-07","TCGA-BP-5202","Primary Tumor","cd6333d6-6973-4278-8c7d-ad89e71bd508","ENSG00000105639.20","JAK3",1013,6.8965,2.0534,2.0968,"OK","JAK3",2.98121334297091
"TCGA-KIRC","TCGA-B0-4817-01A-01R-1277-07","TCGA-B0-4817","Primary Tumor","f88159e9-78e2-4222-b9f6-2d50c5b3387a","ENSG00000105639.20","JAK3",2915,21.6944,10.3431,14.0837,"OK","JAK3",4.50426444134924
"TCGA-KIRC","TCGA-CJ-4895-01A-01R-1305-07","TCGA-CJ-4895","Primary Tumor","4f8bfa46-5071-4cd4-9626-b91221550dd7","ENSG00000105639.20","JAK3",4032,35.6588,11.6346,12.2781,"OK","JAK3",5.19608765593199
"TCGA-KIRC","TCGA-B0-5710-01A-11R-1672-07","TCGA-B0-5710","Primary Tumor","1a351079-31b5-4080-a03d-62ea7065d7a8","ENSG00000105639.20","JAK3",2372,23.32,6.3583,6.6556,"OK","JAK3",4.60407132366886
"TCGA-KIRC","TCGA-B2-5641-01A-01R-1541-07","TCGA-B2-5641","Primary Tumor","e20633e3-526f-4ac5-9cb0-202a028462b0","ENSG00000105639.20","JAK3",3955,33.5536,9.7318,10.4707,"OK","JAK3",5.11076412189981
"TCGA-KIRC","TCGA-BP-4801-01A-02R-1420-07","TCGA-BP-4801","Primary Tumor","929af903-a778-4a8c-9d04-de3c9d9df5eb","ENSG00000105639.20","JAK3",1186,10.086,3.0003,3.1238,"OK","JAK3",3.47066700762489
"TCGA-KIRC","TCGA-CJ-4912-01A-01R-1426-07","TCGA-CJ-4912","Primary Tumor","4caac446-75ef-4e21-ab99-216a5962f956","ENSG00000105639.20","JAK3",2119,13.8941,6.8984,8.8975,"OK","JAK3",3.89666904393531
"TCGA-KIRC","TCGA-BP-5173-01A-01R-1426-07","TCGA-BP-5173","Primary Tumor","be6fa48c-95e0-4a7f-aa05-362d1b7a5a4a","ENSG00000105639.20","JAK3",994,7.5924,2.3865,2.694,"OK","JAK3",3.10306115633355
"TCGA-KIRC","TCGA-CJ-4887-01A-01R-1305-07","TCGA-CJ-4887","Primary Tumor","4a0d03ae-65be-4168-89c9-0a756f0e47fc","ENSG00000105639.20","JAK3",1831,12.6744,5.0394,5.8945,"OK","JAK3",3.77340562728254
"TCGA-KIRC","TCGA-AK-3426-01A-02R-1325-07","TCGA-AK-3426","Primary Tumor","0c25f495-ae84-45a3-8c7a-5521ddcccf70","ENSG00000105639.20","JAK3",3985,35.6712,17.81,23.3926,"OK","JAK3",5.19657557134662
"TCGA-KIRC","TCGA-BP-5180-01A-01R-1426-07","TCGA-BP-5180","Primary Tumor","b10d2838-f728-467e-8582-369ad21a98a2","ENSG00000105639.20","JAK3",3019,18.2852,6.8624,8.0051,"OK","JAK3",4.2694222026125
"TCGA-KIRC","TCGA-A3-3362-01A-02R-1325-07","TCGA-A3-3362","Primary Tumor","61ffeb1c-0382-40bb-bd32-a071b2b4c39d","ENSG00000105639.20","JAK3",547,6.2395,1.8534,1.8226,"OK","JAK3",2.85589006023251
"TCGA-KIRC","TCGA-B0-5713-01A-11R-1672-07","TCGA-B0-5713","Primary Tumor","6304f098-1ae4-4c6c-93c7-ac5b15b307a7","ENSG00000105639.20","JAK3",1023,8.518,2.5008,2.416,"OK","JAK3",3.25065845449841
"TCGA-KIRC","TCGA-B8-4146-01B-11R-1672-07","TCGA-B8-4146","Primary Tumor","44c858ac-1ce0-491a-aef5-979224aa09f5","ENSG00000105639.20","JAK3",340,3.8806,0.9827,0.987,"OK","JAK3",2.28705851742233
"TCGA-KIRC","TCGA-BP-4977-01A-01R-1334-07","TCGA-BP-4977","Primary Tumor","3bca5269-8bb3-4826-bc22-e7b068853f45","ENSG00000105639.20","JAK3",3720,20.7271,7.3633,8.1936,"OK","JAK3",4.44142372017411
"TCGA-KIRC","TCGA-BP-4981-01A-01R-1334-07","TCGA-BP-4981","Primary Tumor","b65b4ebc-e8b9-4926-8761-56b99fbd9e9a","ENSG00000105639.20","JAK3",4168,22.0971,11.0247,15.9077,"OK","JAK3",4.52963981759965
"TCGA-KIRC","TCGA-CJ-5675-01A-11R-1541-07","TCGA-CJ-5675","Primary Tumor","2faa29c8-49e9-4fda-baea-f73583f3a27f","ENSG00000105639.20","JAK3",2800,23.1592,6.8996,7.1556,"OK","JAK3",4.59450077740045
"TCGA-KIRC","TCGA-B0-4845-01A-01R-1277-07","TCGA-B0-4845","Primary Tumor","633fef2c-c9ce-4b76-ae7b-0dfcc4123a6f","ENSG00000105639.20","JAK3",1655,14.4275,5.1127,5.4531,"OK","JAK3",3.94743238947137
"TCGA-KIRC","TCGA-B2-4101-01A-02R-1277-07","TCGA-B2-4101","Primary Tumor","27023402-b661-4cda-98ef-f9b68b3f8c59","ENSG00000105639.20","JAK3",2119,19.6075,6.1814,6.2888,"OK","JAK3",4.36509758975147
"TCGA-KIRC","TCGA-B4-5377-01A-01R-1503-07","TCGA-B4-5377","Primary Tumor","c0dc2255-258a-463b-bd10-f6ee1771860d","ENSG00000105639.20","JAK3",1394,10.2523,2.6771,2.5693,"OK","JAK3",3.49214801716938
"TCGA-KIRC","TCGA-BP-4961-01A-01R-1334-07","TCGA-BP-4961","Primary Tumor","563b7a76-4875-41e3-a39f-c36f4476c159","ENSG00000105639.20","JAK3",1386,9.7713,2.6066,2.6528,"OK","JAK3",3.42912047572309
"TCGA-KIRC","TCGA-CJ-5677-11A-01R-1541-07","TCGA-CJ-5677","Solid Tissue Normal","5df50268-5981-49b7-8604-1dfe1af21cb9","ENSG00000105639.20","JAK3",505,3.3542,1.2282,1.3128,"OK","JAK3",2.12240767587279
"TCGA-KIRC","TCGA-CJ-5677-01A-11R-1541-07","TCGA-CJ-5677","Primary Tumor","e47ee1c9-13c8-4c78-b1d6-8a6795bebee8","ENSG00000105639.20","JAK3",1457,13.571,4.7219,5.6389,"OK","JAK3",3.86502798708279
"TCGA-KIRC","TCGA-6D-AA2E-01A-11R-A37O-07","TCGA-6D-AA2E","Primary Tumor","44dade70-3ecc-4be0-88a8-772cb763d5bb","ENSG00000105639.20","JAK3",302,2.9356,1.1339,1.202,"OK","JAK3",1.976583597877
"TCGA-KIRC","TCGA-B8-5163-01A-01R-1420-07","TCGA-B8-5163","Primary Tumor","39c94a70-a68c-405c-bfbf-9675fbb1411a","ENSG00000105639.20","JAK3",4917,32.0708,8.7009,9.9552,"OK","JAK3",5.04748604038835
"TCGA-KIRC","TCGA-B0-5092-01A-01R-1420-07","TCGA-B0-5092","Primary Tumor","db99b502-b286-4b36-a0a5-28b6b413b81a","ENSG00000105639.20","JAK3",3584,29.9275,11.4933,12.9046,"OK","JAK3",4.95081831391518
"TCGA-KIRC","TCGA-CZ-4857-01A-01R-1305-07","TCGA-CZ-4857","Primary Tumor","298544f7-b010-45cc-a518-619b8e04e4fc","ENSG00000105639.20","JAK3",2946,29.2564,9.1801,10.0949,"OK","JAK3",4.91916843633771
"TCGA-KIRC","TCGA-B0-4703-01A-01R-1277-07","TCGA-B0-4703","Primary Tumor","a09990aa-76c9-4041-a2f5-317be4c5ab09","ENSG00000105639.20","JAK3",2931,30.3277,7.6264,8.0844,"OK","JAK3",4.96936694948628
"TCGA-KIRC","TCGA-BP-4974-01A-01R-1334-07","TCGA-BP-4974","Primary Tumor","4ab781c9-0569-4b74-b233-a8d898392f66","ENSG00000105639.20","JAK3",3078,18.8727,5.3237,5.4391,"OK","JAK3",4.31271599223503
"TCGA-KIRC","TCGA-BP-5001-01A-01R-1334-07","TCGA-BP-5001","Primary Tumor","03c6d5d2-1a33-4ae7-9421-f43b14fc97bd","ENSG00000105639.20","JAK3",1350,7.6138,3.6786,4.8225,"OK","JAK3",3.10664982667266
"TCGA-KIRC","TCGA-AK-3458-01A-01R-1503-07","TCGA-AK-3458","Primary Tumor","4bc67f13-2c7c-4be8-8bfe-1c2fffecf694","ENSG00000105639.20","JAK3",687,6.7995,2.4574,3.0926,"OK","JAK3",2.9633816405593
"TCGA-KIRC","TCGA-B0-4846-01A-01R-1277-07","TCGA-B0-4846","Primary Tumor","396123b0-8914-42db-a9f3-4fdf987c5faf","ENSG00000105639.20","JAK3",1308,11.8909,3.3395,3.3014,"OK","JAK3",3.6882810862991
"TCGA-KIRC","TCGA-BP-4161-01A-02R-1325-07","TCGA-BP-4161","Primary Tumor","e1beebe9-dc24-4f9d-a89f-87001fcf25c7","ENSG00000105639.20","JAK3",2035,16.344,5.2516,5.1959,"OK","JAK3",4.11636475669178
"TCGA-KIRC","TCGA-BP-4964-01A-01R-1334-07","TCGA-BP-4964","Primary Tumor","00174492-1adc-4310-8147-a622befbb466","ENSG00000105639.20","JAK3",3696,20.8923,7.365,8.3554,"OK","JAK3",4.45235162657769
"TCGA-KIRC","TCGA-BP-4769-01A-01R-1289-07","TCGA-BP-4769","Primary Tumor","c69d9c36-61e3-4985-b17b-b64bd7ed3821","ENSG00000105639.20","JAK3",861,9.4274,2.4115,2.3864,"OK","JAK3",3.38230757156467
"TCGA-KIRC","TCGA-BP-4797-01A-01R-1305-07","TCGA-BP-4797","Primary Tumor","1164d793-7d50-42c9-9b8c-74affd93964d","ENSG00000105639.20","JAK3",1533,9.0258,3.1121,3.4922,"OK","JAK3",3.32564545475799
"TCGA-KIRC","TCGA-T7-A92I-01A-11R-A37O-07","TCGA-T7-A92I","Primary Tumor","1263f317-119b-428c-96b1-c187e54bb275","ENSG00000105639.20","JAK3",359,2.9039,0.8107,0.7838,"OK","JAK3",1.96491609814879
"TCGA-KIRC","TCGA-B0-4693-01A-01R-1277-07","TCGA-B0-4693","Primary Tumor","afb1e9c1-aa37-40d4-a2b0-5996c023d30b","ENSG00000105639.20","JAK3",1749,17.9485,5.8036,5.7481,"OK","JAK3",4.24401174126716
"TCGA-KIRC","TCGA-B8-4143-01A-01R-1188-07","TCGA-B8-4143","Primary Tumor","fa927427-fa20-44d0-b574-81d99277be8a","ENSG00000105639.20","JAK3",4742,47.0592,15.6402,16.2981,"OK","JAK3",5.58674072825654
"TCGA-KIRC","TCGA-B0-5697-01A-11R-1541-07","TCGA-B0-5697","Primary Tumor","98ca487a-a503-459a-8665-11a3caf8bce5","ENSG00000105639.20","JAK3",2339,16.2404,5.0778,5.3346,"OK","JAK3",4.10772134212886
"TCGA-KIRC","TCGA-B0-5697-11A-01R-1541-07","TCGA-B0-5697","Solid Tissue Normal","05aedbb7-c56c-4756-b8e8-302afaedcb4c","ENSG00000105639.20","JAK3",114,0.9158,0.3695,0.4004,"OK","JAK3",0.9379469587418
"TCGA-KIRC","TCGA-CJ-4876-01A-01R-1305-07","TCGA-CJ-4876","Primary Tumor","08e51a10-bb34-448d-bc76-c02834852933","ENSG00000105639.20","JAK3",1164,9.6554,3.3541,3.4956,"OK","JAK3",3.41351284729325
"TCGA-KIRC","TCGA-BP-4763-01A-01R-1289-07","TCGA-BP-4763","Primary Tumor","578db3bb-5ca7-413d-a38b-79876d4b98ac","ENSG00000105639.20","JAK3",1292,11.9905,3.5199,3.743,"OK","JAK3",3.69938505559141
"TCGA-KIRC","TCGA-BP-4971-01A-01R-1334-07","TCGA-BP-4971","Primary Tumor","6b95e135-1a51-4d0c-bd2c-ab55273a3eb7","ENSG00000105639.20","JAK3",5681,27.1773,11.9388,14.8115,"OK","JAK3",4.81646147150189
"TCGA-KIRC","TCGA-AS-3777-01A-01R-0864-07","TCGA-AS-3777","Primary Tumor","d9979174-ee0c-42bb-b928-a4f642845db7","ENSG00000105639.20","JAK3",208,0.9023,0.4386,0.7776,"OK","JAK3",0.927744782677284
"TCGA-KIRC","TCGA-B0-4833-01A-01R-1305-07","TCGA-B0-4833","Primary Tumor","fa7f749b-6c8e-4052-8196-fd91d52e67f1","ENSG00000105639.20","JAK3",1437,13.8207,5.9739,6.7299,"OK","JAK3",3.88954168441229
"TCGA-KIRC","TCGA-A3-3323-01A-02R-1325-07","TCGA-A3-3323","Primary Tumor","8ebdb262-631c-4ac0-af24-16dca92d8c45","ENSG00000105639.20","JAK3",2057,23.7429,6.9898,7.1567,"OK","JAK3",4.62894269667401
"TCGA-KIRC","TCGA-B8-5158-01A-01R-1420-07","TCGA-B8-5158","Primary Tumor","88aade97-0051-480d-be54-bce61b4e5b91","ENSG00000105639.20","JAK3",2406,17.989,5.0632,5.5731,"OK","JAK3",4.24709202707157
"TCGA-KIRC","TCGA-BP-4167-01A-02R-1325-07","TCGA-BP-4167","Primary Tumor","d19fa0dd-5832-46a8-a7a0-142075684a55","ENSG00000105639.20","JAK3",2334,16.0037,7.4162,9.6908,"OK","JAK3",4.08777680541732
"TCGA-KIRC","TCGA-BP-4163-01A-02R-1325-07","TCGA-BP-4163","Primary Tumor","99b8979a-d55a-4c42-9df1-58c9a3f70a92","ENSG00000105639.20","JAK3",1066,13.2309,3.9234,4.101,"OK","JAK3",3.83095499951198
"TCGA-KIRC","TCGA-B0-5106-01A-01R-1420-07","TCGA-B0-5106","Primary Tumor","f4fbf55a-1a2a-458e-9223-921e2dc9352e","ENSG00000105639.20","JAK3",3610,29.7555,10.1511,11.0916,"OK","JAK3",4.94277252528042
"TCGA-KIRC","TCGA-BP-4332-01A-01R-1289-07","TCGA-BP-4332","Primary Tumor","a059cc98-e8d4-4428-b326-ac59b5445f67","ENSG00000105639.20","JAK3",2179,18.5456,5.749,5.6577,"OK","JAK3",4.2887719672474
"TCGA-KIRC","TCGA-B0-5084-01A-01R-1334-07","TCGA-B0-5084","Primary Tumor","8398a735-962c-4b4c-87b6-cf1e0a07ce91","ENSG00000105639.20","JAK3",2822,16.3192,6.4859,7.8582,"OK","JAK3",4.11430038622865
"TCGA-KIRC","TCGA-CZ-5452-11A-01R-1503-07","TCGA-CZ-5452","Solid Tissue Normal","01851b83-f8c4-4108-99c9-248fe29e39e9","ENSG00000105639.20","JAK3",160,1.3319,0.3884,0.3806,"OK","JAK3",1.22150592207296
"TCGA-KIRC","TCGA-CZ-5452-01A-01R-1503-07","TCGA-CZ-5452","Primary Tumor","b2c3a163-384f-4246-880f-ae2caebf0d17","ENSG00000105639.20","JAK3",2030,14.9681,5.1942,5.6304,"OK","JAK3",3.99712075556072
"TCGA-KIRC","TCGA-B8-A54G-01A-11R-A266-07","TCGA-B8-A54G","Primary Tumor","c1873d0a-2c67-44c7-97ba-9a10cd7ed962","ENSG00000105639.20","JAK3",1696,19.7289,5.9941,5.9087,"OK","JAK3",4.37357165529749
"TCGA-KIRC","TCGA-B2-5636-01A-02R-1541-07","TCGA-B2-5636","Primary Tumor","27918218-c6a5-4f1d-b25c-bdf08d4146bd","ENSG00000105639.20","JAK3",1287,16.1487,3.6353,3.4149,"OK","JAK3",4.10002730833268
"TCGA-KIRC","TCGA-CW-5590-01A-01R-1541-07","TCGA-CW-5590","Primary Tumor","6f5c8394-3144-428a-a38d-eb39be4379b5","ENSG00000105639.20","JAK3",1181,9.1215,2.8452,3.0895,"OK","JAK3",3.33935120727122
"TCGA-KIRC","TCGA-A3-3351-01A-02R-1325-07","TCGA-A3-3351","Primary Tumor","9f112190-6fc5-456b-a1f6-d7440529a66b","ENSG00000105639.20","JAK3",3269,39.9493,10.4614,9.9566,"OK","JAK3",5.35576688508917
"TCGA-KIRC","TCGA-CJ-5672-01A-11R-1541-07","TCGA-CJ-5672","Primary Tumor","0666c919-fe81-415e-84ea-c782234e3aa0","ENSG00000105639.20","JAK3",1462,14.7186,5.5969,6.1792,"OK","JAK3",3.97440082247106
"TCGA-KIRC","TCGA-BP-4790-01A-01R-1305-07","TCGA-BP-4790","Primary Tumor","84541c24-ecb8-47a6-9e6f-45a6fe854d93","ENSG00000105639.20","JAK3",1996,22.1652,6.2716,6.0878,"OK","JAK3",4.53388723302209
"TCGA-KIRC","TCGA-A3-A8OU-01A-11R-A37O-07","TCGA-A3-A8OU","Primary Tumor","56c82934-f740-406c-afad-f9d8bd17aff3","ENSG00000105639.20","JAK3",1194,11.7917,3.5307,3.5273,"OK","JAK3",3.67713610411003
"TCGA-KIRC","TCGA-BP-4349-01A-01R-1289-07","TCGA-BP-4349","Primary Tumor","c35bcaa8-f2f8-4c08-af74-910f73e5bc94","ENSG00000105639.20","JAK3",1313,8.8764,3.2109,3.486,"OK","JAK3",3.30398526766034
"TCGA-KIRC","TCGA-B0-5104-01A-01R-1420-07","TCGA-B0-5104","Primary Tumor","f98a1953-c008-4ab9-a17e-be80b5fd43fe","ENSG00000105639.20","JAK3",1084,6.6826,2.369,2.5232,"OK","JAK3",2.94159464067475
"TCGA-KIRC","TCGA-B2-A4SR-01A-11R-A266-07","TCGA-B2-A4SR","Primary Tumor","fa994287-faa4-483c-8225-1d45a1d0d522","ENSG00000105639.20","JAK3",1236,13.4928,3.6174,3.3805,"OK","JAK3",3.85726444450066
"TCGA-KIRC","TCGA-B0-5399-01A-01R-1503-07","TCGA-B0-5399","Primary Tumor","6a1c052c-21bb-4688-96db-3d605b0fa93a","ENSG00000105639.20","JAK3",1941,16.3009,4.9815,5.0838,"OK","JAK3",4.11277518429641
"TCGA-KIRC","TCGA-B8-4622-01A-02R-1277-07","TCGA-B8-4622","Primary Tumor","34fd315d-cfd8-4d85-8114-22311d55a1fc","ENSG00000105639.20","JAK3",1352,12.1846,4.0251,4.1856,"OK","JAK3",3.72078189765828
"TCGA-KIRC","TCGA-BP-4776-01A-01R-1289-07","TCGA-BP-4776","Primary Tumor","ee6d69a8-5bb0-4271-b349-3bcad539b275","ENSG00000105639.20","JAK3",1146,10.6332,4.8701,5.8376,"OK","JAK3",3.54017609531966
"TCGA-KIRC","TCGA-BP-4798-01A-01R-1305-07","TCGA-BP-4798","Primary Tumor","6b920c35-ec0c-4772-9163-a22f4cb27c9f","ENSG00000105639.20","JAK3",7431,49.6922,19.4469,21.2113,"OK","JAK3",5.6636918719577
"TCGA-KIRC","TCGA-B2-5641-11A-01R-1541-07","TCGA-B2-5641","Solid Tissue Normal","8c2d01a0-7df8-465a-9739-b25d96f98ddd","ENSG00000105639.20","JAK3",271,2.6125,0.8342,0.8185,"OK","JAK3",1.85299758761332
"TCGA-KIRC","TCGA-AK-3425-01A-02R-1277-07","TCGA-AK-3425","Primary Tumor","8bec131b-088c-41f6-95d1-3eece690b53f","ENSG00000105639.20","JAK3",1458,13.5045,4.63,5.3274,"OK","JAK3",3.85842865860987
"TCGA-KIRC","TCGA-BP-4334-01A-01R-1289-07","TCGA-BP-4334","Primary Tumor","1b242926-e8c1-4f9b-88fa-40211585207e","ENSG00000105639.20","JAK3",181,1.2368,0.7508,1.1567,"OK","JAK3",1.16143626582599
"TCGA-KIRC","TCGA-B0-5695-01A-11R-1541-07","TCGA-B0-5695","Primary Tumor","a3cac4bf-4b70-4fc8-b0a5-8bda5b6d405c","ENSG00000105639.20","JAK3",532,4.0637,1.1482,1.2009,"OK","JAK3",2.34019193451884
"TCGA-KIRC","TCGA-CJ-6027-01A-11R-1672-07","TCGA-CJ-6027","Primary Tumor","46b3a547-c7a4-4499-9a77-29eb56f0a570","ENSG00000105639.20","JAK3",5666,37.2422,14.0986,15.4924,"OK","JAK3",5.25709361605626
"TCGA-KIRC","TCGA-CJ-4869-01A-02R-1426-07","TCGA-CJ-4869","Primary Tumor","2e5ca57e-8530-43b5-806f-8915d421552f","ENSG00000105639.20","JAK3",2707,16.0819,5.9061,6.898,"OK","JAK3",4.09439654807329
"TCGA-KIRC","TCGA-BP-5189-01A-02R-1426-07","TCGA-BP-5189","Primary Tumor","36513c94-fb14-4008-838a-13d23d609382","ENSG00000105639.20","JAK3",4021,22.2592,6.3131,6.9016,"OK","JAK3",4.53972957106732
"TCGA-KIRC","TCGA-BP-4760-01A-02R-1420-07","TCGA-BP-4760","Primary Tumor","9651c36d-8d1e-411a-9d5a-42550b73b426","ENSG00000105639.20","JAK3",1191,11.9651,3.0578,3.111,"OK","JAK3",3.69656142864878
"TCGA-KIRC","TCGA-BP-5201-01A-01R-1426-07","TCGA-BP-5201","Primary Tumor","902fddff-c332-4871-bf4e-c9fa0445f2a2","ENSG00000105639.20","JAK3",3221,19.3039,7.4249,9.0386,"OK","JAK3",4.34368496368949
"TCGA-KIRC","TCGA-DV-5568-01A-01R-1541-07","TCGA-DV-5568","Primary Tumor","89bb336a-c128-4492-9109-e657f8f2011b","ENSG00000105639.20","JAK3",1068,8.4108,2.8726,3.4339,"OK","JAK3",3.23431736981616
"TCGA-KIRC","TCGA-BP-4159-01A-02R-1289-07","TCGA-BP-4159","Primary Tumor","16574f32-3388-42a3-a5ca-9248e75fd522","ENSG00000105639.20","JAK3",527,3.5962,1.732,2.2786,"OK","JAK3",2.20044157708114
"TCGA-KIRC","TCGA-CJ-4636-01A-02R-1325-07","TCGA-CJ-4636","Primary Tumor","617f7aad-7b59-4e20-8e1c-fa324cc1bef4","ENSG00000105639.20","JAK3",1448,12.0577,4.9178,5.5196,"OK","JAK3",3.70682889599738
"TCGA-KIRC","TCGA-B8-A54K-01A-11R-A33J-07","TCGA-B8-A54K","Primary Tumor","d1cd1a00-c44a-4581-ad07-e234303a65b9","ENSG00000105639.20","JAK3",1432,16.2127,4.4591,4.4746,"OK","JAK3",4.10540151249128
"TCGA-KIRC","TCGA-B2-4098-01A-02R-1325-07","TCGA-B2-4098","Primary Tumor","432ac91a-657b-4630-a5c8-0499aed1b13c","ENSG00000105639.20","JAK3",1470,11.8727,5.5936,6.8316,"OK","JAK3",3.68624277999781
"TCGA-KIRC","TCGA-BP-4771-01A-01R-1289-07","TCGA-BP-4771","Primary Tumor","ed4e33b6-e610-40f6-a9cb-68d27b24b7ea","ENSG00000105639.20","JAK3",8097,49.4532,19.6502,21.2325,"OK","JAK3",5.65687387021945
"TCGA-KIRC","TCGA-BP-5199-01A-01R-1426-07","TCGA-BP-5199","Primary Tumor","d014104d-47ca-441c-9756-66672008cb14","ENSG00000105639.20","JAK3",4633,33.9397,10.2377,10.9511,"OK","JAK3",5.12679531589617
"TCGA-KIRC","TCGA-B0-5691-01A-11R-1541-07","TCGA-B0-5691","Primary Tumor","b43e8a88-6ed9-4a7a-ade7-91f340ad5465","ENSG00000105639.20","JAK3",853,13.5959,3.4591,3.2384,"OK","JAK3",3.86749126670766
"TCGA-KIRC","TCGA-A3-3307-01A-01R-0864-07","TCGA-A3-3307","Primary Tumor","b605224a-cf9c-4092-beb4-5ed43c1179de","ENSG00000105639.20","JAK3",660,8.1088,2.3027,2.1719,"OK","JAK3",3.1872610048417
"TCGA-KIRC","TCGA-B0-5694-01A-11R-1541-07","TCGA-B0-5694","Primary Tumor","24f33eec-e332-4d33-a628-a366f2a18d52","ENSG00000105639.20","JAK3",1132,10.6302,4.2049,4.7976,"OK","JAK3",3.53980400137409
"TCGA-KIRC","TCGA-CZ-4854-01A-01R-1305-07","TCGA-CZ-4854","Primary Tumor","32d5318e-4553-4f8d-81bb-82f59885fc60","ENSG00000105639.20","JAK3",3967,25.9496,9.3271,10.2975,"OK","JAK3",4.75219195479283
"TCGA-KIRC","TCGA-DV-5566-01A-01R-1541-07","TCGA-DV-5566","Primary Tumor","adb0fc04-0e35-4637-b3e2-6d9299b97069","ENSG00000105639.20","JAK3",496,5.5873,1.8023,1.8527,"OK","JAK3",2.71968725509697
"TCGA-KIRC","TCGA-B2-5635-01B-04R-A277-07","TCGA-B2-5635","Primary Tumor","2afa2c24-7bbf-4855-acb8-feaa22dc4c33","ENSG00000105639.20","JAK3",1547,27.3405,9.0594,8.1618,"OK","JAK3",4.82479330625399
"TCGA-KIRC","TCGA-B8-A8YJ-01A-13R-A39I-07","TCGA-B8-A8YJ","Primary Tumor","8cd89112-70a7-4f63-9b41-e3379589cb5e","ENSG00000105639.20","JAK3",2302,27.7439,7.6374,7.8733,"OK","JAK3",4.84518391621417
"TCGA-KIRC","TCGA-B0-5703-01A-11R-1541-07","TCGA-B0-5703","Primary Tumor","cc8c7c7e-a682-43ca-af76-08b49bf3512a","ENSG00000105639.20","JAK3",1197,9.3813,3.8614,4.3064,"OK","JAK3",3.37591521161958
"TCGA-KIRC","TCGA-BP-4989-01A-01R-1334-07","TCGA-BP-4989","Primary Tumor","c4143095-ebf5-4ce2-91fe-6aea9cc62cc7","ENSG00000105639.20","JAK3",5199,24.8093,11.2049,13.2678,"OK","JAK3",4.68981910806572
"TCGA-KIRC","TCGA-BP-4972-01A-01R-1334-07","TCGA-BP-4972","Primary Tumor","e6a09aba-4d6e-4079-9b34-0e9caf705885","ENSG00000105639.20","JAK3",1871,9.5647,2.941,3.1414,"OK","JAK3",3.4011798953209
"TCGA-KIRC","TCGA-B0-4700-11A-01R-1541-07","TCGA-B0-4700","Solid Tissue Normal","6ec7b719-0f95-4108-8e26-a7049e29d495","ENSG00000105639.20","JAK3",295,1.7803,0.912,1.158,"OK","JAK3",1.47524056106424
"TCGA-KIRC","TCGA-CJ-4908-01A-01R-1426-07","TCGA-CJ-4908","Primary Tumor","626f256f-7057-47c3-8775-cda761910b1f","ENSG00000105639.20","JAK3",2156,15.9119,4.6206,4.7406,"OK","JAK3",4.07996684609556
"TCGA-KIRC","TCGA-BP-5184-01A-01R-1426-07","TCGA-BP-5184","Primary Tumor","6838acd3-3b0b-4ba4-b9da-1d0ffe9c5640","ENSG00000105639.20","JAK3",562,5.8584,1.8027,1.8685,"OK","JAK3",2.77787204851205
"TCGA-KIRC","TCGA-CZ-5463-11A-01R-1503-07","TCGA-CZ-5463","Solid Tissue Normal","ba6dfcd5-be76-481f-9e8e-19421cf23695","ENSG00000105639.20","JAK3",273,1.7389,0.546,0.5569,"OK","JAK3",1.45359659275458
"TCGA-KIRC","TCGA-B2-4102-01A-02R-1325-07","TCGA-B2-4102","Primary Tumor","a33333fb-31f7-4874-aefd-a004be0d943e","ENSG00000105639.20","JAK3",1833,17.0027,4.8726,4.6345,"OK","JAK3",4.17014138946975
"TCGA-KIRC","TCGA-BP-5185-01A-01R-1426-07","TCGA-BP-5185","Primary Tumor","5eb4cdf7-10ee-4e24-801c-7297b5b3ebd7","ENSG00000105639.20","JAK3",2638,13.9786,9.8954,18.7022,"OK","JAK3",3.90483088107087
"TCGA-KIRC","TCGA-A3-3316-01A-01R-0864-07","TCGA-A3-3316","Primary Tumor","51a84b87-eddd-40a9-ad8a-46f3682b9318","ENSG00000105639.20","JAK3",935,11.7685,4.0562,4.4574,"OK","JAK3",3.6745171469704
"TCGA-KIRC","TCGA-B0-5690-11A-01R-1541-07","TCGA-B0-5690","Solid Tissue Normal","58eee6a5-aaae-486e-b4ec-ba191af5fcb5","ENSG00000105639.20","JAK3",149,0.8919,0.3401,0.3674,"OK","JAK3",0.919835834281514
"TCGA-KIRC","TCGA-B8-A54I-01A-21R-A33J-07","TCGA-B8-A54I","Primary Tumor","eb921878-4c02-4b11-9c4d-84df7926ef70","ENSG00000105639.20","JAK3",2664,14.4977,9.4509,12.0009,"OK","JAK3",3.9539822171735
"TCGA-KIRC","TCGA-B8-A7U6-01A-12R-A37O-07","TCGA-B8-A7U6","Primary Tumor","7a3b5b7d-67cc-4048-9bd9-9db08bad1601","ENSG00000105639.20","JAK3",824,11.5268,3.2276,3.2695,"OK","JAK3",3.64694601683011
"TCGA-KIRC","TCGA-MM-A563-01A-11R-A266-07","TCGA-MM-A563","Primary Tumor","2f9b9698-edc6-4049-809c-9733f05f5c2b","ENSG00000105639.20","JAK3",2648,27.8775,9.8917,9.872,"OK","JAK3",4.85187394467062
"TCGA-KIRC","TCGA-B4-5843-01A-11R-1672-07","TCGA-B4-5843","Primary Tumor","c2c34b18-7f7a-47ac-9f42-b7700562d006","ENSG00000105639.20","JAK3",947,10.353,2.9059,2.7554,"OK","JAK3",3.50500167110221
"TCGA-KIRC","TCGA-CZ-4859-01A-02R-1426-07","TCGA-CZ-4859","Primary Tumor","5576ae8b-e6e9-496d-854a-8c696bd965c9","ENSG00000105639.20","JAK3",312,2.139,0.6001,0.5894,"OK","JAK3",1.65030502892003
"TCGA-KIRC","TCGA-B0-4945-01A-01R-1420-07","TCGA-B0-4945","Primary Tumor","f4e99961-1168-46bd-86cb-4c6662f5b8da","ENSG00000105639.20","JAK3",1089,11.0989,3.5157,3.4639,"OK","JAK3",3.59680398233069
"TCGA-KIRC","TCGA-A3-3308-01A-02R-1325-07","TCGA-A3-3308","Primary Tumor","7b34b9d4-8526-4738-87b4-f9435a1c7ae1","ENSG00000105639.20","JAK3",1042,11.785,3.3058,3.3795,"OK","JAK3",3.67638025546692
"TCGA-KIRC","TCGA-AK-3460-01A-02R-1277-07","TCGA-AK-3460","Primary Tumor","07868319-1d09-49ca-b198-5677d151d36d","ENSG00000105639.20","JAK3",480,5.5231,1.9772,2.1677,"OK","JAK3",2.70555774539968
"TCGA-KIRC","TCGA-B0-4828-01A-01R-1277-07","TCGA-B0-4828","Primary Tumor","2d6dd901-d11e-459e-ba2e-8a587e72633e","ENSG00000105639.20","JAK3",1415,12.9949,5.2639,5.9838,"OK","JAK3",3.80682927311512
"TCGA-KIRC","TCGA-CZ-5460-01A-01R-1503-07","TCGA-CZ-5460","Primary Tumor","3545f947-1a52-4e14-a98d-e400a6cb5e60","ENSG00000105639.20","JAK3",1189,7.0044,2.7541,3.0386,"OK","JAK3",3.00079326414484
"TCGA-KIRC","TCGA-CJ-4881-01A-01R-1305-07","TCGA-CJ-4881","Primary Tumor","c04d9806-d86b-4afd-9481-89037aa621d1","ENSG00000105639.20","JAK3",2816,22.4104,8.0536,9.1073,"OK","JAK3",4.5490776800458
"TCGA-KIRC","TCGA-B0-4824-01A-01R-1277-07","TCGA-B0-4824","Primary Tumor","44f16ded-c9e7-422c-a03c-1ec124acd76c","ENSG00000105639.20","JAK3",2291,24.5459,8.2958,8.3395,"OK","JAK3",4.67501985867995
"TCGA-KIRC","TCGA-BP-4777-01A-01R-1289-07","TCGA-BP-4777","Primary Tumor","742932b6-cf2c-4750-9a0c-145ec93d1da0","ENSG00000105639.20","JAK3",2396,14.9974,5.9787,6.6265,"OK","JAK3",3.99976554300571
"TCGA-KIRC","TCGA-AK-3465-01A-02R-1325-07","TCGA-AK-3465","Primary Tumor","6a408551-3028-49cd-b896-6bfcb1abde4b","ENSG00000105639.20","JAK3",270,1.341,0.6433,0.8274,"OK","JAK3",1.22712493444993
"TCGA-KIRC","TCGA-CJ-6028-01A-11R-1672-07","TCGA-CJ-6028","Primary Tumor","cdcfd140-d0a5-4c55-ba0c-64af335a1ff6","ENSG00000105639.20","JAK3",2428,22.6738,7.8104,8.1391,"OK","JAK3",4.56521939374151
"TCGA-KIRC","TCGA-A3-3322-01A-02R-1325-07","TCGA-A3-3322","Primary Tumor","af5c089d-33a6-49a3-bc6e-bd5e2db921d8","ENSG00000105639.20","JAK3",1199,11.1194,3.9577,4.1195,"OK","JAK3",3.59924637138375
"TCGA-KIRC","TCGA-B8-4620-11A-01R-1758-07","TCGA-B8-4620","Solid Tissue Normal","8fe484cf-e146-4b6f-a852-b2510c7eac4b","ENSG00000105639.20","JAK3",493,5.2847,2.0426,2.1557,"OK","JAK3",2.6518438792771
"TCGA-KIRC","TCGA-B8-4620-01A-02R-1325-07","TCGA-B8-4620","Primary Tumor","a3c824d5-5d92-453e-820b-bf879fa38e59","ENSG00000105639.20","JAK3",3596,25.735,9.3878,10.8381,"OK","JAK3",4.74065777162389
"TCGA-KIRC","TCGA-B0-4844-01A-01R-1277-07","TCGA-B0-4844","Primary Tumor","05becc45-68e1-4706-a225-3a805bd7ba56","ENSG00000105639.20","JAK3",3459,33.5276,11.7934,14.329,"OK","JAK3",5.10967815139454
"TCGA-KIRC","TCGA-B0-4816-01A-01R-1503-07","TCGA-B0-4816","Primary Tumor","2c1dfe31-3404-4bd8-b003-f3f649e21ecb","ENSG00000105639.20","JAK3",2069,13.3501,4.3148,4.5741,"OK","JAK3",3.84298888537727
"TCGA-KIRC","TCGA-B0-5080-01A-01R-1503-07","TCGA-B0-5080","Primary Tumor","d98b9775-6abc-48fa-a229-39442a7291d7","ENSG00000105639.20","JAK3",2058,17.5912,5.4599,5.8902,"OK","JAK3",4.21654798930695
"TCGA-KIRC","TCGA-B0-4827-01A-02R-1420-07","TCGA-B0-4827","Primary Tumor","6ebb7461-432b-4ca5-b709-54ea97a634cc","ENSG00000105639.20","JAK3",4098,26.2033,8.824,9.8996,"OK","JAK3",4.76570976860026
"TCGA-KIRC","TCGA-G6-A8L7-01A-11R-A37O-07","TCGA-G6-A8L7","Primary Tumor","b0b5583a-d348-4a65-bea4-d4046eac0f76","ENSG00000105639.20","JAK3",2156,23.6328,11.9093,16.4005,"OK","JAK3",4.62250872258291
"TCGA-KIRC","TCGA-CJ-4901-01A-01R-1426-07","TCGA-CJ-4901","Primary Tumor","baec403c-9fb4-4b2e-898b-ef8399d0157e","ENSG00000105639.20","JAK3",5698,33.9303,14.8204,18.0293,"OK","JAK3",5.1264071283059
"TCGA-KIRC","TCGA-BP-4162-01A-02R-1325-07","TCGA-BP-4162","Primary Tumor","7ef1199e-aedb-4470-81a1-70d93655154b","ENSG00000105639.20","JAK3",1147,12.4565,3.6917,3.6971,"OK","JAK3",3.75023131246871
"TCGA-KIRC","TCGA-A3-3324-01A-02R-1325-07","TCGA-A3-3324","Primary Tumor","5226aa23-2d1c-4b1a-b967-e473b0ea042a","ENSG00000105639.20","JAK3",2150,14.3156,5.1475,5.3617,"OK","JAK3",3.9369299815806
"TCGA-KIRC","TCGA-A3-A6NN-01A-12R-A33J-07","TCGA-A3-A6NN","Primary Tumor","d2e585d1-2b92-44f3-b2f4-1351e7c529ac","ENSG00000105639.20","JAK3",1517,15.2812,4.2969,4.1656,"OK","JAK3",4.02513513173031
"TCGA-KIRC","TCGA-B0-5707-01A-11R-1541-07","TCGA-B0-5707","Primary Tumor","b3ec1f99-73cb-4414-b6b2-c075dc3b5589","ENSG00000105639.20","JAK3",787,8.0127,2.574,2.7493,"OK","JAK3",3.17195936942216
"TCGA-KIRC","TCGA-CJ-4885-01A-01R-1305-07","TCGA-CJ-4885","Primary Tumor","4fc55db0-591e-4931-91c3-75d515504117","ENSG00000105639.20","JAK3",992,7.0424,2.379,2.5668,"OK","JAK3",3.00762609237618
"TCGA-KIRC","TCGA-A3-3349-01A-01R-1188-07","TCGA-A3-3349","Primary Tumor","3fcab96a-b477-48f8-8acd-5c8b76e0c952","ENSG00000105639.20","JAK3",1579,18.2202,4.7986,4.5753,"OK","JAK3",4.26455144335631
"TCGA-KIRC","TCGA-B8-5551-01A-01R-1541-07","TCGA-B8-5551","Primary Tumor","71b8a9c9-4822-4b40-be0b-0c06b485975a","ENSG00000105639.20","JAK3",4053,33.8568,12.2843,13.0764,"OK","JAK3",5.12336822499247
"TCGA-KIRC","TCGA-B0-4843-01A-01R-1277-07","TCGA-B0-4843","Primary Tumor","90dddb30-1084-4127-b1fe-42ccbece28d5","ENSG00000105639.20","JAK3",1923,14.8414,6.8755,8.9301,"OK","JAK3",3.9856279355956
"TCGA-KIRC","TCGA-B0-4696-01A-01R-1277-07","TCGA-B0-4696","Primary Tumor","86fef024-a657-476b-89c5-adb5477597ea","ENSG00000105639.20","JAK3",470,6.6375,1.6814,1.8257,"OK","JAK3",2.93310047493137
"TCGA-KIRC","TCGA-AK-3444-01A-02R-1325-07","TCGA-AK-3444","Primary Tumor","2b0106c5-7e32-423b-957f-06c9f2e7751b","ENSG00000105639.20","JAK3",907,3.0526,0.9704,1.0283,"OK","JAK3",2.01884778542798
"TCGA-KIRC","TCGA-AK-3461-01A-02R-1277-07","TCGA-AK-3461","Primary Tumor","1bce44b6-268e-4858-8b49-747045752331","ENSG00000105639.20","JAK3",1268,15.6253,4.4138,4.4236,"OK","JAK3",4.05530846886103
"TCGA-KIRC","TCGA-CJ-5676-01A-11R-1541-07","TCGA-CJ-5676","Primary Tumor","9bb09a78-1bcb-43af-8cd9-d0adee31d5d4","ENSG00000105639.20","JAK3",2155,16.6638,6.9843,8.837,"OK","JAK3",4.14272383716128
"TCGA-KIRC","TCGA-B0-5706-11A-01R-1541-07","TCGA-B0-5706","Solid Tissue Normal","6054b034-7dfc-4bb6-973f-ab26ff94c578","ENSG00000105639.20","JAK3",163,1.2186,0.4858,0.5294,"OK","JAK3",1.14964958189498
"TCGA-KIRC","TCGA-CJ-4868-01A-01R-1305-07","TCGA-CJ-4868","Primary Tumor","a5f24f1a-a847-41da-a4ad-9f55b12ce08e","ENSG00000105639.20","JAK3",2225,23.8485,7.237,7.8907,"OK","JAK3",4.63508685983882
"TCGA-KIRC","TCGA-A3-3326-01A-01R-0864-07","TCGA-A3-3326","Primary Tumor","5e794eb4-35eb-4932-9cae-8130fd8b5804","ENSG00000105639.20","JAK3",805,16.0044,5.3239,5.2234,"OK","JAK3",4.08783619635823
"TCGA-KIRC","TCGA-CJ-5679-11A-01R-1541-07","TCGA-CJ-5679","Solid Tissue Normal","24f43a2c-0df0-464c-a4ef-80be1aa203df","ENSG00000105639.20","JAK3",684,4.9182,1.5962,1.5739,"OK","JAK3",2.565158451877
"TCGA-KIRC","TCGA-B0-5113-01A-01R-1420-07","TCGA-B0-5113","Primary Tumor","ff07dd5a-7b2d-47ed-8a6b-400b3c5c8db4","ENSG00000105639.20","JAK3",2025,17.2307,4.8097,4.8781,"OK","JAK3",4.188298052158
"TCGA-KIRC","TCGA-CJ-5679-01A-11R-1541-07","TCGA-CJ-5679","Primary Tumor","c909d244-ad90-42b8-8cb9-b12a878bdbfa","ENSG00000105639.20","JAK3",2047,15.6755,6.5625,8.4457,"OK","JAK3",4.05965811487029
"TCGA-KIRC","TCGA-B0-5115-01A-01R-1420-07","TCGA-B0-5115","Primary Tumor","8d2de4ab-6e9a-40e6-b9ec-8c3c78e7f19c","ENSG00000105639.20","JAK3",891,7.8539,2.2391,2.266,"OK","JAK3",3.14631307906953
"TCGA-KIRC","TCGA-BP-4787-01A-01R-1305-07","TCGA-BP-4787","Primary Tumor","68aef922-b430-4183-baf0-fd980deaeaa0","ENSG00000105639.20","JAK3",2258,20.0194,6.3723,7.4766,"OK","JAK3",4.39364958296105
"TCGA-KIRC","TCGA-CW-5589-01A-01R-1541-07","TCGA-CW-5589","Primary Tumor","aa2b77af-1803-4f20-8a29-5fa8c40c319a","ENSG00000105639.20","JAK3",1039,9.7444,2.7562,2.7876,"OK","JAK3",3.42551301542007
"TCGA-KIRC","TCGA-B4-5838-01A-11R-1672-07","TCGA-B4-5838","Primary Tumor","5013520a-e7b1-4171-865c-f5a624741432","ENSG00000105639.20","JAK3",510,5.6405,1.5216,1.5862,"OK","JAK3",2.73129187415693
"TCGA-KIRC","TCGA-B0-5700-01A-11R-1541-07","TCGA-B0-5700","Primary Tumor","378d47c4-4eda-40d5-ae71-6601a9e63191","ENSG00000105639.20","JAK3",862,8.8484,3.0509,3.4775,"OK","JAK3",3.29988935913116
"TCGA-KIRC","TCGA-A3-A6NL-01A-11R-A33J-07","TCGA-A3-A6NL","Primary Tumor","5cbfa01a-86a9-467e-9efa-7ae47bce3587","ENSG00000105639.20","JAK3",1202,14.6465,3.8427,3.762,"OK","JAK3",3.96776806850785
"TCGA-KIRC","TCGA-B8-5550-01A-01R-1541-07","TCGA-B8-5550","Primary Tumor","0897b313-4bb5-4b3c-8146-6b90b58b904c","ENSG00000105639.20","JAK3",772,9.8619,2.667,2.8181,"OK","JAK3",3.4412045811623
"TCGA-KIRC","TCGA-CZ-5455-01A-01R-1503-07","TCGA-CZ-5455","Primary Tumor","ab53ebb6-2f7e-42ed-a46a-b2a541472fe7","ENSG00000105639.20","JAK3",2780,17.6622,4.6966,4.6515,"OK","JAK3",4.22204716371384
"TCGA-KIRC","TCGA-CJ-4870-01A-01R-1305-07","TCGA-CJ-4870","Primary Tumor","5eae461a-399f-4f2b-ab9a-e92aba32ce14","ENSG00000105639.20","JAK3",278,2.3216,0.8028,0.9194,"OK","JAK3",1.73187834880843
"TCGA-KIRC","TCGA-BP-4345-01A-01R-1289-07","TCGA-BP-4345","Primary Tumor","714163fc-e8ac-44f4-9ea6-5ce42e628290","ENSG00000105639.20","JAK3",2803,20.6076,6.9759,8.3349,"OK","JAK3",4.43346693291622
"TCGA-KIRC","TCGA-A3-3346-01A-01R-1766-07","TCGA-A3-3346","Primary Tumor","d5f6a32f-e1b7-4e45-ad6b-c97ade3b1294","ENSG00000105639.20","JAK3",2501,21.4328,6.5464,8.0767,"OK","JAK3",4.4875377997521
"TCGA-KIRC","TCGA-CZ-5986-11A-01R-1672-07","TCGA-CZ-5986","Solid Tissue Normal","255d2ed8-2b59-486a-bfe2-0ba938b9aeb6","ENSG00000105639.20","JAK3",128,1.0576,0.4089,0.4371,"OK","JAK3",1.0409625477785
"TCGA-KIRC","TCGA-A3-3387-01A-01R-1541-07","TCGA-A3-3387","Primary Tumor","c8c7259b-9f5e-4dfc-b915-d98b02eba28b","ENSG00000105639.20","JAK3",2668,22.6273,6.2065,6.207,"OK","JAK3",4.5623828702352
"TCGA-KIRC","TCGA-B8-5549-01A-01R-1541-07","TCGA-B8-5549","Primary Tumor","bddf0976-c04a-4391-b302-732051d506c5","ENSG00000105639.20","JAK3",1407,12.6739,3.7372,4.0066,"OK","JAK3",3.77335287464193
"TCGA-KIRC","TCGA-CZ-5451-11A-01R-1503-07","TCGA-CZ-5451","Solid Tissue Normal","fc3d1c27-2956-4d74-991c-fc35d5c9ecbd","ENSG00000105639.20","JAK3",150,0.8602,0.2973,0.3231,"OK","JAK3",0.895457741492683
"TCGA-KIRC","TCGA-CJ-4899-01A-01R-1334-07","TCGA-CJ-4899","Primary Tumor","cd18a3e0-c431-478a-b5fa-4b75a17a33a7","ENSG00000105639.20","JAK3",2185,16.1372,4.2846,4.2137,"OK","JAK3",4.09905950561539
"TCGA-KIRC","TCGA-CZ-5451-01A-01R-1503-07","TCGA-CZ-5451","Primary Tumor","5cd2f5f2-1325-454e-94a3-253d475205ef","ENSG00000105639.20","JAK3",391,4.0786,1.2324,1.2519,"OK","JAK3",2.34443084907941
"TCGA-KIRC","TCGA-B0-4834-01A-01R-1305-07","TCGA-B0-4834","Primary Tumor","1317fb5d-608b-4c79-8198-f2ec68766224","ENSG00000105639.20","JAK3",133,0.7479,0.3507,0.431,"OK","JAK3",0.805622648436367
"TCGA-KIRC","TCGA-CZ-4861-01A-01R-1305-07","TCGA-CZ-4861","Primary Tumor","342bcdf8-2b01-45b8-9bb7-48f151345ac2","ENSG00000105639.20","JAK3",1604,11.3322,3.7864,4.4108,"OK","JAK3",3.62435828683955
"TCGA-KIRC","TCGA-BP-4353-01A-02R-1289-07","TCGA-BP-4353","Primary Tumor","3c0ebda3-32a1-43ca-9b7b-0cb4c8caa33f","ENSG00000105639.20","JAK3",1661,16.1786,4.4331,4.614,"OK","JAK3",4.10254056120323
"TCGA-KIRC","TCGA-BP-4775-01A-01R-1289-07","TCGA-BP-4775","Primary Tumor","df48958f-3172-45ec-a6fb-88fc66ff6ae4","ENSG00000105639.20","JAK3",1172,10.2652,2.9358,2.8956,"OK","JAK3",3.49380102199349
"TCGA-KIRC","TCGA-BP-4342-01A-01R-1289-07","TCGA-BP-4342","Primary Tumor","fff384b3-f8cc-4754-9860-74863ff3cc23","ENSG00000105639.20","JAK3",3250,24.1419,7.2606,8.2138,"OK","JAK3",4.65202177475717
"TCGA-KIRC","TCGA-CJ-6030-11A-01R-1672-07","TCGA-CJ-6030","Solid Tissue Normal","a2c1332c-f9e9-4d41-bad5-e58ebf809800","ENSG00000105639.20","JAK3",396,2.1045,0.7653,0.8369,"OK","JAK3",1.63436093169658
"TCGA-KIRC","TCGA-CJ-6030-01A-11R-1672-07","TCGA-CJ-6030","Primary Tumor","3a9cb52e-6bc0-475c-9eee-230527a3e305","ENSG00000105639.20","JAK3",4604,31.7576,10.5748,10.8701,"OK","JAK3",5.03375775605021
"TCGA-KIRC","TCGA-CJ-4891-01A-01R-1305-07","TCGA-CJ-4891","Primary Tumor","2b2ee0d4-4834-47a8-8362-6e95d83919ad","ENSG00000105639.20","JAK3",1886,10.3249,4.6203,6.493,"OK","JAK3",3.50142640607357
"TCGA-KIRC","TCGA-B0-4712-11A-02R-1503-07","TCGA-B0-4712","Solid Tissue Normal","0498e4e5-f3cc-4fa5-9686-099ab9e435f4","ENSG00000105639.20","JAK3",512,3.1301,1.0059,1.0299,"OK","JAK3",2.04617671330514
"TCGA-KIRC","TCGA-BP-4994-01A-01R-1334-07","TCGA-BP-4994","Primary Tumor","ce71f29f-134d-4749-bf42-c9620e5c8651","ENSG00000105639.20","JAK3",833,4.1783,1.4239,1.5648,"OK","JAK3",2.37247854885619
"TCGA-KIRC","TCGA-B0-5693-01A-11R-1541-07","TCGA-B0-5693","Primary Tumor","192e08f8-1c39-462a-8762-7e2c7f4d5eb0","ENSG00000105639.20","JAK3",520,5.5314,1.516,1.4444,"OK","JAK3",2.70739226536642
"TCGA-KIRC","TCGA-DV-5567-01A-01R-1541-07","TCGA-DV-5567","Primary Tumor","d1280122-4cf1-4e12-9783-4a7038a28ac0","ENSG00000105639.20","JAK3",1089,10.0825,2.4983,2.527,"OK","JAK3",3.47021145739054
"TCGA-KIRC","TCGA-A3-3343-01A-01R-0864-07","TCGA-A3-3343","Primary Tumor","409aef9c-9085-4e66-a304-fc2aaabaf0d7","ENSG00000105639.20","JAK3",1057,8.769,2.7348,2.7736,"OK","JAK3",3.28821088881814
"TCGA-KIRC","TCGA-BP-5178-01A-01R-1426-07","TCGA-BP-5178","Primary Tumor","c0a56cd2-b888-4ced-9f5c-0e450d539045","ENSG00000105639.20","JAK3",4250,18.6339,9.1439,13.5631,"OK","JAK3",4.29527486737604
"TCGA-KIRC","TCGA-B8-5162-01A-01R-1420-07","TCGA-B8-5162","Primary Tumor","dd32c44d-eaf7-4739-94aa-430be880964d","ENSG00000105639.20","JAK3",2337,13.7054,6.1053,6.6444,"OK","JAK3",3.87827412223833
"TCGA-KIRC","TCGA-B8-4148-01A-02R-1325-07","TCGA-B8-4148","Primary Tumor","6d1cfff6-d608-4ae2-ab75-9dd095323a40","ENSG00000105639.20","JAK3",2430,23.9291,6.8421,6.3323,"OK","JAK3",4.63975889392317
"TCGA-KIRC","TCGA-A3-3358-01A-01R-1541-07","TCGA-A3-3358","Primary Tumor","7af3ee8b-cb9e-47b9-9ddb-16006b20cb17","ENSG00000105639.20","JAK3",2724,15.0349,5.6299,6.2748,"OK","JAK3",4.00314345147615
"TCGA-KIRC","TCGA-CZ-4864-11A-01R-1503-07","TCGA-CZ-4864","Solid Tissue Normal","5d9c87af-9ac3-42a7-a0c3-84a490957188","ENSG00000105639.20","JAK3",251,1.2499,0.5059,0.6215,"OK","JAK3",1.16986088023779
"TCGA-KIRC","TCGA-A3-3358-11A-01R-1541-07","TCGA-A3-3358","Solid Tissue Normal","ca47a7ca-d9aa-4140-a74b-4a1c75fe9ad9","ENSG00000105639.20","JAK3",171,1.2857,0.5318,0.6375,"OK","JAK3",1.19263606107021
"TCGA-KIRC","TCGA-BP-4799-01A-01R-1305-07","TCGA-BP-4799","Primary Tumor","1078f9da-8238-45d4-ac09-a4b5d3b75743","ENSG00000105639.20","JAK3",1572,7.862,4.3813,7.2391,"OK","JAK3",3.14763232682386
"TCGA-KIRC","TCGA-AK-3447-01A-01R-1766-07","TCGA-AK-3447","Primary Tumor","f6b85b88-29c7-4722-86f1-0c4c5fa0b819","ENSG00000105639.20","JAK3",37,0.2281,0.1281,0.2687,"OK","JAK3",0.296428039234348
"TCGA-KIRC","TCGA-AK-3450-01A-02R-1277-07","TCGA-AK-3450","Primary Tumor","80ef1b28-350f-4ca8-8da5-a5afcaa0f2b8","ENSG00000105639.20","JAK3",394,3.6128,1.0829,1.0878,"OK","JAK3",2.20564274194546
"TCGA-KIRC","TCGA-AK-3436-01A-02R-1325-07","TCGA-AK-3436","Primary Tumor","c51b2e7b-b9e7-44a5-b09f-ba3377f1fc5e","ENSG00000105639.20","JAK3",1692,14.6575,4.8854,6.3757,"OK","JAK3",3.96878197383005
"TCGA-KIRC","TCGA-AK-3427-01A-01R-0864-07","TCGA-AK-3427","Primary Tumor","d1e1f6c5-e3af-418c-89ed-8b68f8157f36","ENSG00000105639.20","JAK3",22,0.1371,0.061,0.0986,"OK","JAK3",0.185359134758002
"TCGA-KIRC","TCGA-BP-5168-01A-01R-1420-07","TCGA-BP-5168","Primary Tumor","8eb67e14-ab2d-4d8c-a945-fbdc6ad6a7be","ENSG00000105639.20","JAK3",791,7.1917,2.4338,2.576,"OK","JAK3",3.03416288130014
"TCGA-KIRC","TCGA-B0-5691-11A-01R-1541-07","TCGA-B0-5691","Solid Tissue Normal","bdcb4d2f-7d86-4a59-8dbd-8b7300b45b72","ENSG00000105639.20","JAK3",1138,6.1649,2.1462,2.2641,"OK","JAK3",2.8409465690358
"TCGA-KIRC","TCGA-B0-5698-01A-11R-1672-07","TCGA-B0-5698","Primary Tumor","02669516-0c84-46b4-9ff1-ab147ff1ddcc","ENSG00000105639.20","JAK3",1247,8.5541,2.8771,3.0804,"OK","JAK3",3.25611997715972
"TCGA-KIRC","TCGA-BP-4164-01A-02R-1325-07","TCGA-BP-4164","Primary Tumor","5acfa9e0-c339-40aa-ab9f-0492fbc6db91","ENSG00000105639.20","JAK3",511,7.0236,2.1001,2.0891,"OK","JAK3",3.00424968516238
"TCGA-KIRC","TCGA-DV-5569-01A-01R-1541-07","TCGA-DV-5569","Primary Tumor","34a71e25-c1fa-4f7a-9407-600964534fc5","ENSG00000105639.20","JAK3",1607,13.7422,4.1086,4.3785,"OK","JAK3",3.88187993087076
"TCGA-KIRC","TCGA-CJ-5683-01A-11R-1541-07","TCGA-CJ-5683","Primary Tumor","cfcc7db1-9369-4151-9f31-2d7ef06f8ea3","ENSG00000105639.20","JAK3",1065,9.0271,3.1127,3.4016,"OK","JAK3",3.32583251035152
"TCGA-KIRC","TCGA-B2-5635-01A-01R-A277-07","TCGA-B2-5635","Primary Tumor","ebd01ba8-06cd-417a-b41d-05379e430fd2","ENSG00000105639.20","JAK3",1578,11.5177,4.9829,4.731,"OK","JAK3",3.64589760097435
"TCGA-KIRC","TCGA-CZ-5984-11A-01R-1672-07","TCGA-CZ-5984","Solid Tissue Normal","18913801-b38a-4439-8b34-25a7138e8fdd","ENSG00000105639.20","JAK3",342,1.9953,0.8059,0.8709,"OK","JAK3",1.58270050613164
"TCGA-KIRC","TCGA-CJ-4871-01A-01R-1305-07","TCGA-CJ-4871","Primary Tumor","3629b10d-fb7e-47a0-b2d2-4320de98fa17","ENSG00000105639.20","JAK3",1747,13.9503,4.3165,4.829,"OK","JAK3",3.90210252942243
"TCGA-KIRC","TCGA-BP-5195-01A-02R-1426-07","TCGA-BP-5195","Primary Tumor","cbabaf06-c15c-4655-a6c2-89a523ec7a9e","ENSG00000105639.20","JAK3",1345,9.3302,2.9837,3.2179,"OK","JAK3",3.36879628096013
"TCGA-KIRC","TCGA-B4-5836-01A-11R-1672-07","TCGA-B4-5836","Primary Tumor","b766e689-e3ff-4d0c-8eb0-d81c1df638d4","ENSG00000105639.20","JAK3",1553,14.5336,3.7645,3.7046,"OK","JAK3",3.95732031613001
"TCGA-KIRC","TCGA-AK-3434-01A-02R-1277-07","TCGA-AK-3434","Primary Tumor","adc843d6-31ae-4803-ace4-48d1c198a8bb","ENSG00000105639.20","JAK3",559,5.8816,2.1119,2.3058,"OK","JAK3",2.7827440363952
"TCGA-KIRC","TCGA-A3-A8OW-01A-11R-A37O-07","TCGA-A3-A8OW","Primary Tumor","00ddbdd1-f29d-438b-820b-aacb111a3ec4","ENSG00000105639.20","JAK3",600,6.4098,1.7848,1.6854,"OK","JAK3",2.8894346028682
"TCGA-KIRC","TCGA-CJ-4905-01A-02R-1426-07","TCGA-CJ-4905","Primary Tumor","9c146666-fd40-4251-9b57-ee537addac17","ENSG00000105639.20","JAK3",564,4.4459,1.1607,1.2079,"OK","JAK3",2.44517049122698
"TCGA-KIRC","TCGA-CJ-4893-01A-01R-1305-07","TCGA-CJ-4893","Primary Tumor","0fbdc947-5a9e-47de-b4fa-bbbf1ba4fd6b","ENSG00000105639.20","JAK3",1177,8.3637,2.5445,2.6252,"OK","JAK3",3.22707871323618
"TCGA-KIRC","TCGA-CZ-5985-11A-01R-1672-07","TCGA-CZ-5985","Solid Tissue Normal","2fb6d7bd-f6df-45a4-b8a7-8de33119d52f","ENSG00000105639.20","JAK3",46,0.3883,0.174,0.2106,"OK","JAK3",0.473319355917436
"TCGA-KIRC","TCGA-DV-A4VZ-01A-11R-A266-07","TCGA-DV-A4VZ","Primary Tumor","db9d1bc8-9c20-4fbd-bfac-cf1faf1cad11","ENSG00000105639.20","JAK3",1761,15.8621,5.5735,6.6552,"OK","JAK3",4.07571231508916
"TCGA-KIRC","TCGA-CZ-5985-01A-11R-1672-07","TCGA-CZ-5985","Primary Tumor","69c0795b-d68f-4262-9e00-39eff5b66814","ENSG00000105639.20","JAK3",2092,17.1575,4.8062,4.9498,"OK","JAK3",4.18249367494537
"TCGA-KIRC","TCGA-B0-5109-01A-02R-1420-07","TCGA-B0-5109","Primary Tumor","5474fa69-b83c-44b9-8e1b-1b16406a42ed","ENSG00000105639.20","JAK3",3080,22.0618,9.1967,9.6222,"OK","JAK3",4.52743321627806
"TCGA-KIRC","TCGA-CJ-4882-01A-02R-1426-07","TCGA-CJ-4882","Primary Tumor","a936147d-36de-4749-9f38-c80e955c7186","ENSG00000105639.20","JAK3",4338,40.1163,16.4021,20.2394,"OK","JAK3",5.36163853909273
"TCGA-KIRC","TCGA-B8-5552-01B-11R-1672-07","TCGA-B8-5552","Primary Tumor","f18443d3-f207-4c05-9738-d70e10d60cfc","ENSG00000105639.20","JAK3",1835,16.1507,4.2139,4.1323,"OK","JAK3",4.10019555559561
"TCGA-KIRC","TCGA-B0-5402-01A-01R-1503-07","TCGA-B0-5402","Primary Tumor","7b3da303-63a6-4bd7-ab94-cf6e38dfe1e0","ENSG00000105639.20","JAK3",918,5.8376,1.7998,1.9602,"OK","JAK3",2.77349002749556
"TCGA-KIRC","TCGA-BP-4995-01A-01R-1334-07","TCGA-BP-4995","Primary Tumor","7c7bfa90-8754-4170-b009-ba858bddcb38","ENSG00000105639.20","JAK3",1014,5.2938,1.7698,1.8787,"OK","JAK3",2.65393133440491
"TCGA-KIRC","TCGA-B0-5402-11A-01R-1503-07","TCGA-B0-5402","Solid Tissue Normal","bf080139-5562-4d85-8a56-19bc15e80357","ENSG00000105639.20","JAK3",1150,6.28,2.4057,2.6886,"OK","JAK3",2.86393845042397
"TCGA-KIRC","TCGA-B0-4821-01A-01R-1503-07","TCGA-B0-4821","Primary Tumor","ba209e1e-87f1-47a9-a858-d60953ef4528","ENSG00000105639.20","JAK3",4621,32.1042,12.0545,14.747,"OK","JAK3",5.04894236130886
"TCGA-KIRC","TCGA-AK-3440-01A-02R-1277-07","TCGA-AK-3440","Primary Tumor","3b473c49-9140-4d1d-b9f9-0c9056e93d8a","ENSG00000105639.20","JAK3",255,1.4901,0.6281,0.8127,"OK","JAK3",1.31620368068982
"TCGA-KIRC","TCGA-B0-5712-01A-11R-1672-07","TCGA-B0-5712","Primary Tumor","9ea5c78a-10b6-4e76-a588-4a169817d01c","ENSG00000105639.20","JAK3",1750,13.009,4.3812,4.716,"OK","JAK3",3.8082820708894
"TCGA-KIRC","TCGA-CZ-5463-01A-01R-1503-07","TCGA-CZ-5463","Primary Tumor","424b672b-e409-4b9c-821f-b9d16cc3f454","ENSG00000105639.20","JAK3",2792,15.3194,4.4042,4.2639,"OK","JAK3",4.02851611096289
"TCGA-KIRC","TCGA-CZ-5470-11A-01R-1503-07","TCGA-CZ-5470","Solid Tissue Normal","3537c794-46e2-4756-b1d5-f32896e24536","ENSG00000105639.20","JAK3",376,2.2998,0.7202,0.7281,"OK","JAK3",1.72237858575832
"TCGA-KIRC","TCGA-BP-4759-01A-01R-1289-07","TCGA-BP-4759","Primary Tumor","32fb5b1c-5eac-4afc-9eac-fdde0dfe60d8","ENSG00000105639.20","JAK3",527,2.6747,1.2753,1.7518,"OK","JAK3",1.87762647411801
"TCGA-KIRC","TCGA-CZ-5465-11A-01R-1503-07","TCGA-CZ-5465","Solid Tissue Normal","9c622d7a-d739-4d5d-824a-923414f13f6f","ENSG00000105639.20","JAK3",224,1.4305,0.4328,0.4208,"OK","JAK3",1.28125313412649
"TCGA-KIRC","TCGA-B0-5705-01A-11R-1541-07","TCGA-B0-5705","Primary Tumor","3f5f2871-02ed-48d4-9d26-e4fe823c7df0","ENSG00000105639.20","JAK3",727,5.3553,1.5321,1.5577,"OK","JAK3",2.66796022881746
"TCGA-KIRC","TCGA-B0-5699-01A-11R-1541-07","TCGA-B0-5699","Primary Tumor","d99b2ce2-38a1-4d13-b8dd-7db33bfd360a","ENSG00000105639.20","JAK3",1382,12.378,3.4773,3.5231,"OK","JAK3",3.74179054526489
"TCGA-KIRC","TCGA-B0-5705-11A-01R-1541-07","TCGA-B0-5705","Solid Tissue Normal","4ab7002a-08f8-4187-96cd-8f3183336a5a","ENSG00000105639.20","JAK3",298,1.6704,0.663,0.7539,"OK","JAK3",1.41705585981315
"TCGA-KIRC","TCGA-CZ-5456-01A-01R-1503-07","TCGA-CZ-5456","Primary Tumor","040e6555-b1a3-43ca-ae2b-a972fc01fa19","ENSG00000105639.20","JAK3",2909,24.0474,7.4072,8.2161,"OK","JAK3",4.64658894973368
"TCGA-KIRC","TCGA-BP-5004-01A-01R-1334-07","TCGA-BP-5004","Primary Tumor","70060c00-5e4c-41f0-abff-f573881194aa","ENSG00000105639.20","JAK3",880,5.4702,1.6054,1.6396,"OK","JAK3",2.69381030797491
"TCGA-KIRC","TCGA-BP-4351-01A-01R-1289-07","TCGA-BP-4351","Primary Tumor","4850ae76-fede-466d-9362-c0d2e16335ad","ENSG00000105639.20","JAK3",1368,12.6591,3.989,4.2859,"OK","JAK3",3.77179052226994
"TCGA-KIRC","TCGA-CJ-4903-01A-01R-1426-07","TCGA-CJ-4903","Primary Tumor","5741a507-2543-4c6e-a927-2441813632b6","ENSG00000105639.20","JAK3",1732,9.942,3.523,3.8203,"OK","JAK3",3.45180455572049
"TCGA-KIRC","TCGA-CZ-5462-11A-01R-1503-07","TCGA-CZ-5462","Solid Tissue Normal","3de35a77-f963-45ff-bfad-a5f24dda75ef","ENSG00000105639.20","JAK3",329,1.6586,0.5222,0.5238,"OK","JAK3",1.41066673265765
"TCGA-KIRC","TCGA-B0-4836-01A-01R-1305-07","TCGA-B0-4836","Primary Tumor","5030b65c-c5f2-4bb8-afb6-1bd4c5b1abd4","ENSG00000105639.20","JAK3",2844,28.3752,9.0987,10.4661,"OK","JAK3",4.87652676913609
"TCGA-KIRC","TCGA-B0-5692-01A-11R-1541-07","TCGA-B0-5692","Primary Tumor","a379934c-2794-4a0f-b9f2-f029aa938f35","ENSG00000105639.20","JAK3",5625,45.6451,16.321,16.804,"OK","JAK3",5.54365363090561
"TCGA-KIRC","TCGA-A3-A6NI-01A-11R-A33J-07","TCGA-A3-A6NI","Primary Tumor","4cc1c81c-7e39-4d3a-a142-3f64698d6c24","ENSG00000105639.20","JAK3",1657,14.3942,4.2566,4.3592,"OK","JAK3",3.94431499078444
"TCGA-KIRC","TCGA-B0-4698-01A-01R-1503-07","TCGA-B0-4698","Primary Tumor","ab718baf-6521-4738-a8cc-44b7fabf4be1","ENSG00000105639.20","JAK3",3338,25.9622,7.3751,7.5906,"OK","JAK3",4.75286631394411
"TCGA-KIRC","TCGA-BP-4325-01A-02R-1289-07","TCGA-BP-4325","Primary Tumor","0f8d808c-2f62-4720-b32c-b5e76adab4ba","ENSG00000105639.20","JAK3",1520,12.0553,4.078,4.137,"OK","JAK3",3.70656370485826
"TCGA-KIRC","TCGA-BP-5183-01A-01R-1426-07","TCGA-BP-5183","Primary Tumor","b437c402-fc0d-4268-811e-d9a5a8280aca","ENSG00000105639.20","JAK3",1336,12.6055,4.0141,4.4669,"OK","JAK3",3.76611807126662
"TCGA-KIRC","TCGA-CW-6093-01A-11R-1672-07","TCGA-CW-6093","Primary Tumor","80156b04-f280-4915-8bc0-1667c178aa37","ENSG00000105639.20","JAK3",1106,10.2315,2.6867,2.5599,"OK","JAK3",3.48947871167732
"TCGA-KIRC","TCGA-A3-3306-01A-01R-0864-07","TCGA-A3-3306","Primary Tumor","c1215d68-5b15-44c3-9d25-73a77b0b5f31","ENSG00000105639.20","JAK3",1801,22.2049,6.745,6.9355,"OK","JAK3",4.53635757520887
"TCGA-KIRC","TCGA-BP-4982-01A-01R-1334-07","TCGA-BP-4982","Primary Tumor","5d803708-5262-42a8-a390-71a3d800347d","ENSG00000105639.20","JAK3",2266,16.3258,4.3714,4.2638,"OK","JAK3",4.11485006366465
"TCGA-KIRC","TCGA-B0-5099-01A-01R-1420-07","TCGA-B0-5099","Primary Tumor","ace1e7fa-7e2f-4bcc-a2cb-afb7f321ec1d","ENSG00000105639.20","JAK3",648,5.2384,1.747,1.8103,"OK","JAK3",2.64117605984819
"TCGA-KIRC","TCGA-CJ-4872-01A-01R-1305-07","TCGA-CJ-4872","Primary Tumor","726754a2-6158-4eae-a2ce-5f880d33823e","ENSG00000105639.20","JAK3",2262,15.6771,5.6798,6.6766,"OK","JAK3",4.0597965335883
"TCGA-KIRC","TCGA-A3-3370-01A-02R-1420-07","TCGA-A3-3370","Primary Tumor","ad0887f1-524a-4351-9ec3-8cbd380bbf9c","ENSG00000105639.20","JAK3",3526,23.4684,6.703,6.7588,"OK","JAK3",4.61284786089255
"TCGA-KIRC","TCGA-A3-A8OX-01A-11R-A37O-07","TCGA-A3-A8OX","Primary Tumor","b9a7cd9a-ff3d-4862-a03b-71f60e42ddea","ENSG00000105639.20","JAK3",1769,15.5264,4.3586,4.3099,"OK","JAK3",4.04670058674162
"TCGA-KIRC","TCGA-MM-A564-01A-11R-A266-07","TCGA-MM-A564","Primary Tumor","f13427f3-3d78-4fc1-9523-64b4ae583494","ENSG00000105639.20","JAK3",1694,14.2907,6.4321,7.8714,"OK","JAK3",3.93458254889885
"TCGA-KIRC","TCGA-B0-4688-01A-01R-1277-07","TCGA-B0-4688","Primary Tumor","0c1c9170-9092-449e-afc2-0ef1d28ae07e","ENSG00000105639.20","JAK3",2968,29.6658,7.8018,8.1967,"OK","JAK3",4.93855868294335
"TCGA-KIRC","TCGA-CJ-4897-01A-03R-1426-07","TCGA-CJ-4897","Primary Tumor","c551e586-8040-47d7-928b-fe6b242ed81f","ENSG00000105639.20","JAK3",748,4.1447,1.288,1.4062,"OK","JAK3",2.36308695250679
"TCGA-KIRC","TCGA-B8-5164-01A-01R-1420-07","TCGA-B8-5164","Primary Tumor","d70aa630-d9c6-49e0-858b-a5a8e268a92b","ENSG00000105639.20","JAK3",2874,22.3007,5.9841,5.9353,"OK","JAK3",4.54230139188533
"TCGA-KIRC","TCGA-GK-A6C7-01A-11R-A33J-07","TCGA-GK-A6C7","Primary Tumor","cac6d56b-22df-46a8-b98f-f59fa9257f5e","ENSG00000105639.20","JAK3",904,8.6656,2.1735,2.0753,"OK","JAK3",3.27285929168711
"TCGA-KIRC","TCGA-CJ-4638-01A-02R-1325-07","TCGA-CJ-4638","Primary Tumor","f44064f2-9839-4e4f-9510-8a5dd0ee1e56","ENSG00000105639.20","JAK3",642,5.0704,2.5583,3.3229,"OK","JAK3",2.60179158386203
"TCGA-KIRC","TCGA-CJ-4923-01A-01R-1426-07","TCGA-CJ-4923","Primary Tumor","bb9e4d64-ffbc-40b6-a3e5-d05aa7a51717","ENSG00000105639.20","JAK3",3593,26.1206,9.3667,10.4562,"OK","JAK3",4.76131719104043
"TCGA-KIRC","TCGA-CJ-4907-01A-01R-1426-07","TCGA-CJ-4907","Primary Tumor","460999dc-ccec-4f00-bdf5-cf285375fade","ENSG00000105639.20","JAK3",970,7.4338,2.0599,2.1965,"OK","JAK3",3.07618280980422
"TCGA-KIRC","TCGA-B2-4099-01A-02R-1188-07","TCGA-B2-4099","Primary Tumor","900aa358-a422-4edc-a65e-4b99f4b7625a","ENSG00000105639.20","JAK3",1068,9.5951,3.1226,3.3532,"OK","JAK3",3.40532529928676
"TCGA-KIRC","TCGA-A3-3352-01A-01R-0864-07","TCGA-A3-3352","Primary Tumor","09b9e5e0-8901-452c-8c4b-baca1faddddc","ENSG00000105639.20","JAK3",1008,5.7683,1.7604,1.8312,"OK","JAK3",2.75879351628886
"TCGA-KIRC","TCGA-A3-3347-01A-02R-1325-07","TCGA-A3-3347","Primary Tumor","e35730b8-672e-4fdc-945f-84edaf143298","ENSG00000105639.20","JAK3",4512,46.2033,13.6833,13.8934,"OK","JAK3",5.56081581733916
"TCGA-KIRC","TCGA-BP-5170-01A-01R-1426-07","TCGA-BP-5170","Primary Tumor","c116495e-d80b-4f43-90ed-7103a83a284c","ENSG00000105639.20","JAK3",2249,19.4297,6.7256,8.0201,"OK","JAK3",4.35259611385375
"TCGA-KIRC","TCGA-BP-4173-01A-02R-1289-07","TCGA-BP-4173","Primary Tumor","429ed057-ecc0-41e3-8774-afffe246bcee","ENSG00000105639.20","JAK3",6607,56.5274,16.1302,17.1706,"OK","JAK3",5.84617736274779
"TCGA-KIRC","TCGA-CJ-6033-11A-01R-1858-07","TCGA-CJ-6033","Solid Tissue Normal","7437d3a0-976d-4151-8f89-b30a4a092a60","ENSG00000105639.20","JAK3",525,3.4994,1.5616,1.7986,"OK","JAK3",2.16973262927843
"TCGA-KIRC","TCGA-CJ-6033-01A-11R-1672-07","TCGA-CJ-6033","Primary Tumor","d81180fa-51d8-4499-aed4-bbad365f67e1","ENSG00000105639.20","JAK3",3177,23.9396,7.245,8.3473,"OK","JAK3",4.64036642121597
"TCGA-KIRC","TCGA-BP-4169-01A-02R-1289-07","TCGA-BP-4169","Primary Tumor","f1525d22-a7b0-48b6-ab6e-737b5ebb1a39","ENSG00000105639.20","JAK3",3684,25.2231,7.1155,7.4578,"OK","JAK3",4.71276634071643
"TCGA-KIRC","TCGA-B2-3924-01B-03R-A277-07","TCGA-B2-3924","Primary Tumor","3324e6df-28f9-42d8-8465-0fcc2d618004","ENSG00000105639.20","JAK3",1189,22.7444,7.5348,6.5556,"OK","JAK3",4.56951539591574
"TCGA-KIRC","TCGA-B0-4710-01A-01R-1503-07","TCGA-B0-4710","Primary Tumor","6d0df9bf-69d6-447f-b2d9-76391e95d61d","ENSG00000105639.20","JAK3",1269,11.2984,3.3577,3.2803,"OK","JAK3",3.6203987305972
"TCGA-KIRC","TCGA-A3-3363-01A-01R-0864-07","TCGA-A3-3363","Primary Tumor","3c5c707d-2046-4dcd-a566-bea1eaf24f74","ENSG00000105639.20","JAK3",1888,14.1558,4.4214,4.5325,"OK","JAK3",3.9217981017817
"TCGA-KIRC","TCGA-CJ-4890-01A-01R-1305-07","TCGA-CJ-4890","Primary Tumor","e11c27d0-d5a0-4e7f-83e6-83b79f64d962","ENSG00000105639.20","JAK3",5154,30.0053,11.4609,13.0859,"OK","JAK3",4.95444294361775
"TCGA-KIRC","TCGA-BP-4983-01A-01R-1334-07","TCGA-BP-4983","Primary Tumor","017de1fe-6f36-4324-a20a-9d9ee3439d8f","ENSG00000105639.20","JAK3",5631,41.2131,12.7189,13.7385,"OK","JAK3",5.39961887515204
"TCGA-KIRC","TCGA-B0-5085-01A-01R-1334-07","TCGA-B0-5085","Primary Tumor","915bec49-700e-44fc-af01-e96ab507aab3","ENSG00000105639.20","JAK3",814,4.1213,2.1639,3.2381,"OK","JAK3",2.35651007301676
"TCGA-KIRC","TCGA-CJ-4878-01A-01R-1305-07","TCGA-CJ-4878","Primary Tumor","8af84f63-5974-4e14-b818-73eb8678eaab","ENSG00000105639.20","JAK3",862,9.7787,3.1423,3.2737,"OK","JAK3",3.43011128256505
"TCGA-KIRC","TCGA-B8-A54F-01A-11R-A266-07","TCGA-B8-A54F","Primary Tumor","7e479a5b-d557-4838-b415-3ceb31d1a139","ENSG00000105639.20","JAK3",1102,25.5256,6.8614,6.7838,"OK","JAK3",4.72931347966489
"TCGA-KIRC","TCGA-CW-5587-01A-01R-1541-07","TCGA-CW-5587","Primary Tumor","85746e9c-d9b1-419f-8f17-3b7927cc3c2b","ENSG00000105639.20","JAK3",1668,14.7355,3.9452,3.8579,"OK","JAK3",3.97595111629839
"TCGA-KIRC","TCGA-CJ-5678-01A-11R-1541-07","TCGA-CJ-5678","Primary Tumor","0af91fa3-3ad9-4ba3-9e29-8bd565871d69","ENSG00000105639.20","JAK3",1145,9.7154,3.7637,4.4165,"OK","JAK3",3.42161380092098
"TCGA-KIRC","TCGA-CZ-5464-01A-01R-1503-07","TCGA-CZ-5464","Primary Tumor","e673a5b6-c070-4068-b667-c7e81adfb4cf","ENSG00000105639.20","JAK3",4842,28.7906,10.2268,11.3702,"OK","JAK3",4.89678527548412
"TCGA-KIRC","TCGA-B0-5702-01A-11R-1541-07","TCGA-B0-5702","Primary Tumor","134f1661-5f67-4184-bab4-bc9c6f80c789","ENSG00000105639.20","JAK3",2241,42.4112,16.3807,25.207,"OK","JAK3",5.43999539792324
"TCGA-KIRC","TCGA-CW-5588-01A-01R-1541-07","TCGA-CW-5588","Primary Tumor","17a7a252-7530-4f12-8cd8-50a049a1e653","ENSG00000105639.20","JAK3",1528,14.8585,4.2116,4.7424,"OK","JAK3",3.98718441290891
"TCGA-KIRC","TCGA-B8-4154-01A-01R-1188-07","TCGA-B8-4154","Primary Tumor","9998fd9d-b7a9-4a9d-b572-19a30a6ff775","ENSG00000105639.20","JAK3",421,3.1357,1.0382,1.2277,"OK","JAK3",2.0481315376331
"TCGA-KIRC","TCGA-BP-5176-01A-01R-1426-07","TCGA-BP-5176","Primary Tumor","c876a9c8-43b4-47ed-ba9d-727439ab8ef5","ENSG00000105639.20","JAK3",1362,8.0532,2.87,3.3099,"OK","JAK3",3.17842782624274
"TCGA-KIRC","TCGA-B0-5701-01A-11R-1541-07","TCGA-B0-5701","Primary Tumor","f478aca9-1fb9-4ef3-9c03-1bd592b2b1f7","ENSG00000105639.20","JAK3",1043,12.4675,4.1446,4.2907,"OK","JAK3",3.75141016006437
"TCGA-KIRC","TCGA-AK-3428-01A-02R-1277-07","TCGA-AK-3428","Primary Tumor","977c19ab-f472-4956-869f-e640960f1351","ENSG00000105639.20","JAK3",332,5.96,1.6865,1.7315,"OK","JAK3",2.799087306074
"TCGA-KIRC","TCGA-BP-5198-01A-01R-1426-07","TCGA-BP-5198","Primary Tumor","9315dffd-edea-4710-92a8-810998e08cb1","ENSG00000105639.20","JAK3",1620,11.1743,3.8127,4.3922,"OK","JAK3",3.60576691725154
"TCGA-KIRC","TCGA-A3-3387-11A-01R-1541-07","TCGA-A3-3387","Solid Tissue Normal","02c1c266-473f-437d-b768-20f685349ecb","ENSG00000105639.20","JAK3",160,1.08,0.4504,0.5483,"OK","JAK3",1.05658352836637
"TCGA-KIRC","TCGA-B8-5159-01A-01R-1420-07","TCGA-B8-5159","Primary Tumor","577d7013-8d37-427c-82b0-24e46b891a34","ENSG00000105639.20","JAK3",2540,18.7529,5.1061,5.1194,"OK","JAK3",4.3039925713914
"TCGA-KIRC","TCGA-BP-4160-01A-02R-1289-07","TCGA-BP-4160","Primary Tumor","fc63bae4-fdfb-4990-9902-3e0fb51ec092","ENSG00000133216.17","EPHB2",301,2.3154,0.7295,0.75,"OK","EPHB2",1.72918294068567
"TCGA-KIRC","TCGA-BP-4965-01A-01R-1334-07","TCGA-BP-4965","Primary Tumor","4a29721a-1de3-4e14-b905-f39aacb1bd53","ENSG00000133216.17","EPHB2",485,1.5615,0.4229,0.4273,"OK","EPHB2",1.35698889179248
"TCGA-KIRC","TCGA-BP-4999-01A-01R-1334-07","TCGA-BP-4999","Primary Tumor","862e5c87-bed8-4310-b9ed-1018568bdc78","ENSG00000133216.17","EPHB2",269,0.8467,0.2601,0.2766,"OK","EPHB2",0.88494951674501
"TCGA-KIRC","TCGA-BP-5009-01A-01R-1334-07","TCGA-BP-5009","Primary Tumor","813cb150-7ef6-4fa7-9a64-c70f9401513c","ENSG00000133216.17","EPHB2",398,0.9656,0.4429,0.576,"OK","EPHB2",0.974969762812715
"TCGA-KIRC","TCGA-CJ-4894-01A-01R-1305-07","TCGA-CJ-4894","Primary Tumor","4ea0bf83-1d7e-41da-a34d-221add8155b2","ENSG00000133216.17","EPHB2",547,2.331,0.7184,0.7043,"OK","EPHB2",1.73595535401226
"TCGA-KIRC","TCGA-BP-4158-01A-02R-1289-07","TCGA-BP-4158","Primary Tumor","ea7e9f5a-844c-4cf4-8f0a-7deab41b5233","ENSG00000133216.17","EPHB2",91,0.3836,0.1452,0.1536,"OK","EPHB2",0.468426918823479
"TCGA-KIRC","TCGA-BP-4782-01A-02R-1420-07","TCGA-BP-4782","Primary Tumor","2670a02b-5a81-45b7-8b6c-f94b21bd2aa1","ENSG00000133216.17","EPHB2",418,1.9528,0.5845,0.6126,"OK","EPHB2",1.56208364269616
"TCGA-KIRC","TCGA-AK-3454-01A-02R-1277-07","TCGA-AK-3454","Primary Tumor","457ef116-5df9-4a29-b802-65622d6ca5e9","ENSG00000133216.17","EPHB2",109,0.9007,0.4346,0.5534,"OK","EPHB2",0.926530839894419
"TCGA-KIRC","TCGA-B2-5639-01A-01R-1541-07","TCGA-B2-5639","Primary Tumor","0b4cbedf-b064-4d5a-aa85-8726640d9c63","ENSG00000133216.17","EPHB2",193,1.451,0.4994,0.4962,"OK","EPHB2",1.29337048420475
"TCGA-KIRC","TCGA-CJ-4904-01A-02R-1426-07","TCGA-CJ-4904","Primary Tumor","fa157012-d4c8-43c3-b4fe-a02f13fcec40","ENSG00000133216.17","EPHB2",231,0.7967,0.2313,0.2373,"OK","EPHB2",0.845349538150094
"TCGA-KIRC","TCGA-A3-3328-01A-01R-0864-07","TCGA-A3-3328","Primary Tumor","04f48a21-1ab5-45d0-ba8a-8b6cd53ca1ff","ENSG00000133216.17","EPHB2",40,0.1294,0.0457,0.049,"OK","EPHB2",0.17555653643184
"TCGA-KIRC","TCGA-CZ-4865-11A-01R-1503-07","TCGA-CZ-4865","Solid Tissue Normal","34bd0526-91b2-4b99-a33b-5d4bc8c68d39","ENSG00000133216.17","EPHB2",852,4.0544,1.244,1.2391,"OK","EPHB2",2.33753984219742
"TCGA-KIRC","TCGA-BP-4976-01A-01R-1334-07","TCGA-BP-4976","Primary Tumor","ba97a1ce-36b3-4212-960b-b64a7cc2ea82","ENSG00000133216.17","EPHB2",304,1.086,0.2913,0.3055,"OK","EPHB2",1.06073915785768
"TCGA-KIRC","TCGA-BP-5006-01A-01R-1334-07","TCGA-BP-5006","Primary Tumor","ba3ab6f6-109b-485c-b600-d6cf3edb4b28","ENSG00000133216.17","EPHB2",289,0.9548,0.3326,0.3642,"OK","EPHB2",0.967021009697225
"TCGA-KIRC","TCGA-AK-3429-01A-02R-1325-07","TCGA-AK-3429","Primary Tumor","06632416-4901-4939-b250-35cd1b8b8323","ENSG00000133216.17","EPHB2",122,0.6996,0.238,0.2515,"OK","EPHB2",0.765195248763837
"TCGA-KIRC","TCGA-BP-4327-01A-01R-1289-07","TCGA-BP-4327","Primary Tumor","bb4ec992-dd81-4758-b4f2-7560fbc4cf2b","ENSG00000133216.17","EPHB2",173,0.6976,0.2637,0.2915,"OK","EPHB2",0.763496561365315
"TCGA-KIRC","TCGA-BP-5181-01A-01R-1426-07","TCGA-BP-5181","Primary Tumor","a78e44f3-6e93-47f4-9653-2ce1b1d7d25d","ENSG00000133216.17","EPHB2",286,1.4213,0.4017,0.4209,"OK","EPHB2",1.27578184088108
"TCGA-KIRC","TCGA-DV-5576-01A-01R-1541-07","TCGA-DV-5576","Primary Tumor","96ae86b9-6d2a-4b13-9765-a0a5b71519c4","ENSG00000133216.17","EPHB2",146,0.7485,0.2013,0.2042,"OK","EPHB2",0.806117796035629
"TCGA-KIRC","TCGA-CW-5584-01A-01R-1541-07","TCGA-CW-5584","Primary Tumor","f1d244a9-f031-4286-b433-572de7ed8d42","ENSG00000133216.17","EPHB2",321,1.5129,0.435,0.4279,"OK","EPHB2",1.32935326080288
"TCGA-KIRC","TCGA-B0-4707-01A-01R-1277-07","TCGA-B0-4707","Primary Tumor","4b2c1bf1-9a07-4b71-8a9a-c60c9564b686","ENSG00000133216.17","EPHB2",96,0.4555,0.2163,0.2896,"OK","EPHB2",0.541514839460679
"TCGA-KIRC","TCGA-CW-5584-11A-01R-1541-07","TCGA-CW-5584","Solid Tissue Normal","0699530d-22a4-4fb0-a17c-ff78397c5316","ENSG00000133216.17","EPHB2",1400,7.0004,2.1607,2.1137,"OK","EPHB2",3.00007213294874
"TCGA-KIRC","TCGA-BP-4762-01A-02R-1289-07","TCGA-BP-4762","Primary Tumor","4dcd0f2b-a6c0-4732-92eb-37a593afd93a","ENSG00000133216.17","EPHB2",538,2.6676,0.7504,0.7951,"OK","EPHB2",1.87483630265047
"TCGA-KIRC","TCGA-CZ-5984-01A-11R-1672-07","TCGA-CZ-5984","Primary Tumor","a136ae8b-1e0d-4843-a461-ce554ad77458","ENSG00000133216.17","EPHB2",767,3.0197,0.9228,1.0014,"OK","EPHB2",2.00708783357768
"TCGA-KIRC","TCGA-BP-4347-01A-01R-1289-07","TCGA-BP-4347","Primary Tumor","9befd66c-7e2b-4081-b933-3c69d94cad96","ENSG00000133216.17","EPHB2",184,0.5505,0.1846,0.1939,"OK","EPHB2",0.632733525950535
"TCGA-KIRC","TCGA-BP-5007-01A-01R-1334-07","TCGA-BP-5007","Primary Tumor","a3bdc783-f9de-42d6-b0ad-eadec504b7d8","ENSG00000133216.17","EPHB2",190,0.7184,0.2256,0.2422,"OK","EPHB2",0.781065898435963
"TCGA-KIRC","TCGA-B0-5116-01A-02R-1420-07","TCGA-B0-5116","Primary Tumor","83300c43-0958-4165-99cf-e956cb47d38b","ENSG00000133216.17","EPHB2",69,0.2866,0.0962,0.1139,"OK","EPHB2",0.363563593797189
"TCGA-KIRC","TCGA-B0-5699-11A-01R-1541-07","TCGA-B0-5699","Solid Tissue Normal","0a98d561-9c8c-40d2-aaaf-cad735533329","ENSG00000133216.17","EPHB2",326,1.3487,0.5344,0.5872,"OK","EPHB2",1.2318624493431
"TCGA-KIRC","TCGA-BP-4340-01A-01R-1289-07","TCGA-BP-4340","Primary Tumor","ffe0d448-20d6-4952-9650-03531ef6fc79","ENSG00000133216.17","EPHB2",132,0.5278,0.1549,0.1519,"OK","EPHB2",0.611455696584873
"TCGA-KIRC","TCGA-CZ-4860-01A-01R-1305-07","TCGA-CZ-4860","Primary Tumor","3a6bb1dd-89ba-4f26-b7d7-c0c174c0bdf1","ENSG00000133216.17","EPHB2",298,1.425,0.3841,0.4693,"OK","EPHB2",1.27798474729977
"TCGA-KIRC","TCGA-CZ-5458-11A-01R-1503-07","TCGA-CZ-5458","Solid Tissue Normal","331a54d0-3061-4e9e-93c7-3fb0f9a96254","ENSG00000133216.17","EPHB2",1543,4.4129,1.3148,1.4115,"OK","EPHB2",2.43640173539474
"TCGA-KIRC","TCGA-CZ-5458-01A-01R-1503-07","TCGA-CZ-5458","Primary Tumor","206a4211-c6c8-4f43-be95-1f36289d7bd6","ENSG00000133216.17","EPHB2",169,0.6949,0.206,0.2157,"OK","EPHB2",0.761200156099086
"TCGA-KIRC","TCGA-B0-4823-01A-02R-1420-07","TCGA-B0-4823","Primary Tumor","b8a61143-0c20-4db9-a4fd-9c8b375ba841","ENSG00000133216.17","EPHB2",439,2.058,0.611,0.6569,"OK","EPHB2",1.61258840669872
"TCGA-KIRC","TCGA-3Z-A93Z-01A-11R-A37O-07","TCGA-3Z-A93Z","Primary Tumor","21702617-18af-41b6-98fa-54395bfd0d9a","ENSG00000133216.17","EPHB2",222,1.7979,0.562,0.5632,"OK","EPHB2",1.4843443999286
"TCGA-KIRC","TCGA-BP-4765-01A-01R-1289-07","TCGA-BP-4765","Primary Tumor","f7a5094f-fea0-4ddf-ac40-8265cddbabc2","ENSG00000133216.17","EPHB2",124,0.5261,0.1503,0.1506,"OK","EPHB2",0.609849500034336
"TCGA-KIRC","TCGA-B0-4819-01A-01R-1277-07","TCGA-B0-4819","Primary Tumor","06f37a68-0ffa-494c-9b43-00fc1e8b9ad2","ENSG00000133216.17","EPHB2",901,2.881,1.424,1.7389,"OK","EPHB2",1.95642843312336
"TCGA-KIRC","TCGA-CJ-4874-01A-01R-1305-07","TCGA-CJ-4874","Primary Tumor","336a927a-fe7a-4c77-8fcb-5307cfd145c4","ENSG00000133216.17","EPHB2",348,1.5155,0.4847,0.5158,"OK","EPHB2",1.33084518962342
"TCGA-KIRC","TCGA-BP-4804-01A-02R-1305-07","TCGA-BP-4804","Primary Tumor","1a106eaf-ff8d-43eb-8720-8be7ba8d9888","ENSG00000133216.17","EPHB2",775,4.4082,1.6113,1.774,"OK","EPHB2",2.43514850474009
"TCGA-KIRC","TCGA-B0-5120-01A-01R-1420-07","TCGA-B0-5120","Primary Tumor","a7ce93ac-964a-4d4e-980a-7fb987bf58b7","ENSG00000133216.17","EPHB2",627,3.0366,0.894,0.9333,"OK","EPHB2",2.013140632494
"TCGA-KIRC","TCGA-BP-4962-01A-01R-1334-07","TCGA-BP-4962","Primary Tumor","9e969cab-9be7-4aa5-957f-5868071cd1c7","ENSG00000133216.17","EPHB2",443,1.2355,0.5144,0.657,"OK","EPHB2",1.16059754588055
"TCGA-KIRC","TCGA-B0-4818-01A-01R-1503-07","TCGA-B0-4818","Primary Tumor","80472422-c0f4-4814-be44-fb1c9e821409","ENSG00000133216.17","EPHB2",163,0.5978,0.2165,0.2181,"OK","EPHB2",0.676086834382321
"TCGA-KIRC","TCGA-G6-A8L8-01A-21R-A37O-07","TCGA-G6-A8L8","Primary Tumor","8e4480b4-e56b-4937-94c7-617b4125615c","ENSG00000133216.17","EPHB2",32,0.1731,0.0583,0.0595,"OK","EPHB2",0.230326000028692
"TCGA-KIRC","TCGA-AK-3433-01A-02R-1277-07","TCGA-AK-3433","Primary Tumor","2a9c1676-cb34-430b-8111-6a28c563065b","ENSG00000133216.17","EPHB2",57,0.2526,0.1141,0.1432,"OK","EPHB2",0.324925784055321
"TCGA-KIRC","TCGA-BP-5174-01A-01R-1426-07","TCGA-BP-5174","Primary Tumor","8225b9d3-d25a-4f08-b369-d0ac81a8748c","ENSG00000133216.17","EPHB2",190,0.6491,0.2573,0.3086,"OK","EPHB2",0.721678885209468
"TCGA-KIRC","TCGA-CJ-5686-01A-11R-1672-07","TCGA-CJ-5686","Primary Tumor","12eadc69-863d-46fe-bb19-f8b38b05471b","ENSG00000133216.17","EPHB2",477,1.8728,0.5586,0.586,"OK","EPHB2",1.52245755811521
"TCGA-KIRC","TCGA-B0-4842-01A-02R-1420-07","TCGA-B0-4842","Primary Tumor","b2a87553-0fb8-4e1f-9e6e-cc0510b07c8a","ENSG00000133216.17","EPHB2",360,1.6449,0.6962,0.914,"OK","EPHB2",1.40321317707224
"TCGA-KIRC","TCGA-B2-3923-01A-02R-A277-07","TCGA-B2-3923","Primary Tumor","4134fa64-6365-4a43-b990-48342be44405","ENSG00000133216.17","EPHB2",151,0.5733,0.3064,0.3218,"OK","EPHB2",0.653793792969268
"TCGA-KIRC","TCGA-B0-5696-01A-11R-1541-07","TCGA-B0-5696","Primary Tumor","1e1f9cde-c6e0-4925-944f-12d354ef858e","ENSG00000133216.17","EPHB2",194,0.7921,0.2513,0.2775,"OK","EPHB2",0.841651142685061
"TCGA-KIRC","TCGA-CJ-5681-01A-11R-1541-07","TCGA-CJ-5681","Primary Tumor","6f2cbdf8-24b9-4b9c-9a73-4e872852e6ac","ENSG00000133216.17","EPHB2",503,2.8392,0.727,0.6675,"OK","EPHB2",1.94080571816674
"TCGA-KIRC","TCGA-A3-3319-01A-02R-1325-07","TCGA-A3-3319","Primary Tumor","afe81650-e131-41ab-81e9-0ecb888b1420","ENSG00000133216.17","EPHB2",699,2.3472,0.806,0.977,"OK","EPHB2",1.74295475669749
"TCGA-KIRC","TCGA-A3-3373-01A-02R-1420-07","TCGA-A3-3373","Primary Tumor","fba70eac-57d4-468f-bbfc-859628c54dec","ENSG00000133216.17","EPHB2",591,1.96,0.6294,0.663,"OK","EPHB2",1.56559717585423
"TCGA-KIRC","TCGA-EU-5905-01A-11R-1672-07","TCGA-EU-5905","Primary Tumor","d9da2793-4334-4b17-b234-172705dca082","ENSG00000133216.17","EPHB2",334,2.9741,0.7486,0.8278,"OK","EPHB2",1.99062817547861
"TCGA-KIRC","TCGA-B0-4839-01A-01R-1305-07","TCGA-B0-4839","Primary Tumor","6d8bf03c-2f7c-45b1-b81c-1de9d5085960","ENSG00000133216.17","EPHB2",197,0.6116,0.2855,0.3988,"OK","EPHB2",0.688493710599149
"TCGA-KIRC","TCGA-B0-4814-01A-01R-1277-07","TCGA-B0-4814","Primary Tumor","831bedf9-e67d-4a2a-b0a7-6d6c92edf77a","ENSG00000133216.17","EPHB2",113,0.5755,0.1824,0.1897,"OK","EPHB2",0.655809754355452
"TCGA-KIRC","TCGA-CZ-5461-01A-01R-1503-07","TCGA-CZ-5461","Primary Tumor","040bcb51-b1dd-4666-819f-3ffed0b5ebb0","ENSG00000133216.17","EPHB2",449,1.6204,0.4713,0.4714,"OK","EPHB2",1.38978705373566
"TCGA-KIRC","TCGA-B0-5081-01A-01R-1334-07","TCGA-B0-5081","Primary Tumor","164a6eaa-7f88-4687-a7e1-b907c468766e","ENSG00000133216.17","EPHB2",597,1.5171,0.6757,0.8148,"OK","EPHB2",1.33176253339928
"TCGA-KIRC","TCGA-CZ-5461-11A-01R-1503-07","TCGA-CZ-5461","Solid Tissue Normal","7d7719e1-5451-4ec0-a3d6-99aaaf640bcd","ENSG00000133216.17","EPHB2",1783,5.0936,1.7136,1.7598,"OK","EPHB2",2.60729480081921
"TCGA-KIRC","TCGA-B4-5378-01A-01R-1503-07","TCGA-B4-5378","Primary Tumor","79b8911f-fabb-416e-9b80-2f55080192c3","ENSG00000133216.17","EPHB2",260,1.259,0.3157,0.3076,"OK","EPHB2",1.175684270731
"TCGA-KIRC","TCGA-CJ-4884-01A-01R-1305-07","TCGA-CJ-4884","Primary Tumor","0bbde4ab-4f9d-478b-a168-055e489b53f2","ENSG00000133216.17","EPHB2",492,1.496,0.6024,0.6702,"OK","EPHB2",1.31961793420016
"TCGA-KIRC","TCGA-BP-4959-01A-01R-1334-07","TCGA-BP-4959","Primary Tumor","bacd130e-c30f-40aa-8e9e-ef8076f7a6db","ENSG00000133216.17","EPHB2",757,2.2226,0.8118,0.9359,"OK","EPHB2",1.68822512732724
"TCGA-KIRC","TCGA-CZ-5466-01A-01R-1503-07","TCGA-CZ-5466","Primary Tumor","edc7b71d-a551-463e-a76a-dc135373cb43","ENSG00000133216.17","EPHB2",372,1.889,0.6564,0.7481,"OK","EPHB2",1.53057020390253
"TCGA-KIRC","TCGA-B0-4811-01A-01R-1503-07","TCGA-B0-4811","Primary Tumor","6df1efd7-bd1b-4c00-8cbb-eb1b6b7c78b6","ENSG00000133216.17","EPHB2",195,0.4836,0.2646,0.3875,"OK","EPHB2",0.56910217295356
"TCGA-KIRC","TCGA-CZ-5453-11A-01R-1503-07","TCGA-CZ-5453","Solid Tissue Normal","dbe50f57-74d7-4b5f-a996-dfc8d9874d55","ENSG00000133216.17","EPHB2",1943,7.2875,2.1329,2.0397,"OK","EPHB2",3.05093696522523
"TCGA-KIRC","TCGA-CJ-5680-11A-01R-1541-07","TCGA-CJ-5680","Solid Tissue Normal","a56c9911-e164-4572-aef8-37754ee056e3","ENSG00000133216.17","EPHB2",878,4.6448,1.2889,1.2083,"OK","EPHB2",2.49692246600807
"TCGA-KIRC","TCGA-EU-5906-01A-11R-1672-07","TCGA-EU-5906","Primary Tumor","2a8ed8a3-37a6-4492-823c-a86f392d0c44","ENSG00000133216.17","EPHB2",370,1.4474,0.3624,0.352,"OK","EPHB2",1.29124991296423
"TCGA-KIRC","TCGA-B0-4852-01A-01R-1503-07","TCGA-B0-4852","Primary Tumor","3e2569b7-b145-4bda-9bdf-24105aefe42c","ENSG00000133216.17","EPHB2",203,0.496,0.1759,0.1868,"OK","EPHB2",0.58111017522555
"TCGA-KIRC","TCGA-B4-5832-01A-11R-1672-07","TCGA-B4-5832","Primary Tumor","d91f4d1a-4628-446c-a696-8839c8f62d90","ENSG00000133216.17","EPHB2",44,0.3434,0.0941,0.1134,"OK","EPHB2",0.425888934024304
"TCGA-KIRC","TCGA-CJ-4875-01A-01R-1305-07","TCGA-CJ-4875","Primary Tumor","c64293ef-e723-4fe6-8cfa-fe36d07bad81","ENSG00000133216.17","EPHB2",114,0.3607,0.1905,0.2352,"OK","EPHB2",0.444349024064218
"TCGA-KIRC","TCGA-CW-5587-11A-01R-1541-07","TCGA-CW-5587","Solid Tissue Normal","efb66622-cf03-4f74-98e5-8c38d87a90f7","ENSG00000133216.17","EPHB2",553,1.9581,0.6942,0.7383,"OK","EPHB2",1.5646708242644
"TCGA-KIRC","TCGA-BP-4326-01A-01R-1289-07","TCGA-BP-4326","Primary Tumor","3f311bca-c591-4dbe-bfb2-fc513259f21c","ENSG00000133216.17","EPHB2",133,0.6059,0.1751,0.2192,"OK","EPHB2",0.683382058486701
"TCGA-KIRC","TCGA-BP-4329-01A-02R-1289-07","TCGA-BP-4329","Primary Tumor","1c38241a-2cdc-4b93-8845-87182a998ef4","ENSG00000133216.17","EPHB2",257,0.8986,0.3249,0.3795,"OK","EPHB2",0.924935988266803
"TCGA-KIRC","TCGA-B0-4847-01A-01R-1277-07","TCGA-B0-4847","Primary Tumor","7e74a46c-7ff4-4d46-b9a8-b10aa076f448","ENSG00000133216.17","EPHB2",158,0.5967,0.3042,0.3956,"OK","EPHB2",0.675093273820292
"TCGA-KIRC","TCGA-A3-3380-01A-01R-0864-07","TCGA-A3-3380","Primary Tumor","9848e118-7372-41e5-8c64-71ec86c9c563","ENSG00000133216.17","EPHB2",190,0.7578,0.2444,0.2715,"OK","EPHB2",0.813770932015825
"TCGA-KIRC","TCGA-B8-4619-01A-02R-1325-07","TCGA-B8-4619","Primary Tumor","5d1a0224-01c6-4843-baab-12f1a56b767a","ENSG00000133216.17","EPHB2",178,0.6166,0.2665,0.3144,"OK","EPHB2",0.692962752772919
"TCGA-KIRC","TCGA-A3-3317-01A-02R-1325-07","TCGA-A3-3317","Primary Tumor","2b5b6593-4fe2-4c8a-92c6-5bd5a6c26320","ENSG00000133216.17","EPHB2",383,1.7446,0.5498,0.5357,"OK","EPHB2",1.45659590512621
"TCGA-KIRC","TCGA-B0-5711-01A-11R-1672-07","TCGA-B0-5711","Primary Tumor","114e63e4-03a5-409e-835f-afa8af005d03","ENSG00000133216.17","EPHB2",192,0.9022,0.2632,0.2649,"OK","EPHB2",0.927668941171634
"TCGA-KIRC","TCGA-B0-5711-11A-01R-1672-07","TCGA-B0-5711","Solid Tissue Normal","8ceb5f0b-cbfb-400d-93b8-df005bb46e31","ENSG00000133216.17","EPHB2",1351,4.8642,1.5593,1.5432,"OK","EPHB2",2.5519343077841
"TCGA-KIRC","TCGA-CZ-4863-11A-01R-1503-07","TCGA-CZ-4863","Solid Tissue Normal","d782f777-5651-47a6-bbb3-4d871a6b3a27","ENSG00000133216.17","EPHB2",1295,4.1653,1.2906,1.3419,"OK","EPHB2",2.36885214307742
"TCGA-KIRC","TCGA-CZ-4863-01A-01R-1503-07","TCGA-CZ-4863","Primary Tumor","4a63eb90-d580-40d0-9136-a7baf34d3627","ENSG00000133216.17","EPHB2",438,1.9618,0.5454,0.5254,"OK","EPHB2",1.56647422376316
"TCGA-KIRC","TCGA-CJ-5671-01A-11R-1541-07","TCGA-CJ-5671","Primary Tumor","86f25e09-9bdb-478d-b929-6f570418af6c","ENSG00000133216.17","EPHB2",756,3.4354,1.1193,1.2771,"OK","EPHB2",2.14906421771554
"TCGA-KIRC","TCGA-B0-4849-01A-01R-1277-07","TCGA-B0-4849","Primary Tumor","c8134951-c924-4789-93bc-9af9b79933cb","ENSG00000133216.17","EPHB2",110,0.723,0.2352,0.2408,"OK","EPHB2",0.784922701562861
"TCGA-KIRC","TCGA-A3-A6NJ-01A-12R-A33J-07","TCGA-A3-A6NJ","Primary Tumor","36e0d06c-4153-4bc3-b415-3f18306218e3","ENSG00000133216.17","EPHB2",301,1.5848,0.4731,0.4621,"OK","EPHB2",1.37005265571591
"TCGA-KIRC","TCGA-CZ-5982-01A-11R-1672-07","TCGA-CZ-5982","Primary Tumor","ff21a21b-35fb-423c-896c-c6943dbce540","ENSG00000133216.17","EPHB2",50,0.2586,0.0695,0.067,"OK","EPHB2",0.331819848022602
"TCGA-KIRC","TCGA-BP-4789-01A-01R-1305-07","TCGA-BP-4789","Primary Tumor","976e2956-36c4-4451-94bc-19a9e7bb861c","ENSG00000133216.17","EPHB2",138,0.6345,0.1769,0.1799,"OK","EPHB2",0.708849377105179
"TCGA-KIRC","TCGA-A3-3331-01A-02R-1325-07","TCGA-A3-3331","Primary Tumor","4b758e7e-870c-4b60-8cb6-dac730bd9faf","ENSG00000133216.17","EPHB2",357,1.4452,0.4457,0.4469,"OK","EPHB2",1.2899524722154
"TCGA-KIRC","TCGA-A3-A8CQ-01A-11R-A37O-07","TCGA-A3-A8CQ","Primary Tumor","9b962201-6959-487b-a125-730322128939","ENSG00000133216.17","EPHB2",198,1.352,0.3513,0.3168,"OK","EPHB2",1.23388806017428
"TCGA-KIRC","TCGA-CJ-5684-01A-11R-1541-07","TCGA-CJ-5684","Primary Tumor","d1d341bd-1a8e-4162-a63c-92ecc78e9c82","ENSG00000133216.17","EPHB2",196,0.8714,0.2868,0.3054,"OK","EPHB2",0.904117958545859
"TCGA-KIRC","TCGA-A3-3325-01A-01R-0864-07","TCGA-A3-3325","Primary Tumor","131cc059-cc0f-43df-a19e-5f854a769181","ENSG00000133216.17","EPHB2",576,1.7524,0.5685,0.587,"OK","EPHB2",1.46069014884874
"TCGA-KIRC","TCGA-A3-3359-01A-01R-0864-07","TCGA-A3-3359","Primary Tumor","54bccab4-c77e-4848-b698-b62941d96289","ENSG00000133216.17","EPHB2",238,1.5468,0.4377,0.4094,"OK","EPHB2",1.34868566933439
"TCGA-KIRC","TCGA-CZ-4856-01A-02R-1426-07","TCGA-CZ-4856","Primary Tumor","89cf5c7f-c4af-4eb6-97a5-cc086fe76bbb","ENSG00000133216.17","EPHB2",373,1.2081,0.3957,0.4381,"OK","EPHB2",1.14280551008584
"TCGA-KIRC","TCGA-BP-4331-01A-01R-1289-07","TCGA-BP-4331","Primary Tumor","f462d8a7-549d-4823-be4b-1b5c81678665","ENSG00000133216.17","EPHB2",456,2.1391,0.5994,0.5543,"OK","EPHB2",1.65035098852695
"TCGA-KIRC","TCGA-AK-3451-01A-02R-1188-07","TCGA-AK-3451","Primary Tumor","e71c8e45-ab52-4796-ab72-e8add8868291","ENSG00000133216.17","EPHB2",81,0.3281,0.1573,0.2105,"OK","EPHB2",0.409363779269573
"TCGA-KIRC","TCGA-CJ-4642-01B-01R-1305-07","TCGA-CJ-4642","Primary Tumor","e0f18f8e-b8e0-4bf2-916c-69a38fc64fd8","ENSG00000133216.17","EPHB2",74,2.7773,1.4361,1.5458,"OK","EPHB2",1.91735536977877
"TCGA-KIRC","TCGA-BP-5191-01A-01R-1426-07","TCGA-BP-5191","Primary Tumor","822bf4fe-8d43-47c8-9906-5d38c4a21f27","ENSG00000133216.17","EPHB2",277,0.6681,0.4571,0.8077,"OK","EPHB2",0.738205778698426
"TCGA-KIRC","TCGA-B0-5812-01A-11R-1672-07","TCGA-B0-5812","Primary Tumor","adfade14-1572-4e3a-b4eb-64de445b9678","ENSG00000133216.17","EPHB2",227,1.0426,0.2895,0.2864,"OK","EPHB2",1.03040671042605
"TCGA-KIRC","TCGA-BP-4993-01A-02R-1420-07","TCGA-BP-4993","Primary Tumor","49ddcd56-df4a-4136-a743-c21bb6bfd8a6","ENSG00000133216.17","EPHB2",163,0.7538,0.2449,0.2595,"OK","EPHB2",0.81048423497776
"TCGA-KIRC","TCGA-DV-5574-01A-01R-1541-07","TCGA-DV-5574","Primary Tumor","79b49079-070b-4b97-80b9-838bbd32f33c","ENSG00000133216.17","EPHB2",1253,5.1392,1.6311,1.7937,"OK","EPHB2",2.61805067005334
"TCGA-KIRC","TCGA-CZ-4865-01A-02R-1503-07","TCGA-CZ-4865","Primary Tumor","1a9ee264-40bf-4a12-bcee-bd0f989e0798","ENSG00000133216.17","EPHB2",1266,3.8109,1.1423,1.2183,"OK","EPHB2",2.26630681168297
"TCGA-KIRC","TCGA-BP-4988-01A-01R-1334-07","TCGA-BP-4988","Primary Tumor","e59a58f3-d886-45a8-a296-263297839a63","ENSG00000133216.17","EPHB2",343,1.5981,0.5416,0.5521,"OK","EPHB2",1.37745696070404
"TCGA-KIRC","TCGA-AK-3455-01A-01R-0864-07","TCGA-AK-3455","Primary Tumor","9fcf3bdd-e137-4f93-83f4-24b883ca62c3","ENSG00000133216.17","EPHB2",91,0.4985,0.16,0.168,"OK","EPHB2",0.583519083851487
"TCGA-KIRC","TCGA-B0-5694-11A-01R-1541-07","TCGA-B0-5694","Solid Tissue Normal","986759bd-7232-46a9-84f3-0e71026a01fd","ENSG00000133216.17","EPHB2",715,2.7463,0.9849,1.0078,"OK","EPHB2",1.90546643379942
"TCGA-KIRC","TCGA-B0-4690-01A-01R-1277-07","TCGA-B0-4690","Primary Tumor","0e7e953c-82c3-4887-86b5-584d41cfe518","ENSG00000133216.17","EPHB2",829,3.9793,1.1436,1.2258,"OK","EPHB2",2.31594293958026
"TCGA-KIRC","TCGA-B0-4700-01A-02R-1541-07","TCGA-B0-4700","Primary Tumor","f34985d8-172b-4fae-8d06-989e7dc4dc06","ENSG00000133216.17","EPHB2",488,2.0686,0.7657,0.9044,"OK","EPHB2",1.61758059900527
"TCGA-KIRC","TCGA-CZ-5469-11A-01R-1503-07","TCGA-CZ-5469","Solid Tissue Normal","3bfbdcb6-1e9a-43e9-9015-d55b279dc559","ENSG00000133216.17","EPHB2",1316,4.7141,1.4253,1.4602,"OK","EPHB2",2.51452628447899
"TCGA-KIRC","TCGA-CZ-5989-01A-11R-1672-07","TCGA-CZ-5989","Primary Tumor","afe6bf7f-c463-4077-9c5c-3d00ce6ee8a8","ENSG00000133216.17","EPHB2",95,0.6338,0.1828,0.1836,"OK","EPHB2",0.708231388215503
"TCGA-KIRC","TCGA-BP-4177-01A-02R-1420-07","TCGA-BP-4177","Primary Tumor","7947afe8-e62c-4d32-81d6-5eb44fd1cea6","ENSG00000133216.17","EPHB2",358,1.6577,0.4546,0.4929,"OK","EPHB2",1.41017826302682
"TCGA-KIRC","TCGA-BP-4807-01A-01R-1305-07","TCGA-BP-4807","Primary Tumor","e8871fd9-41a0-4c1f-b44c-ea7beea35ebe","ENSG00000133216.17","EPHB2",664,4.1551,1.1946,1.2021,"OK","EPHB2",2.36600041364669
"TCGA-KIRC","TCGA-A3-3335-01A-01R-0864-07","TCGA-A3-3335","Primary Tumor","8522fa29-c1b0-4e41-9bcb-2e0bc7c8e2d0","ENSG00000133216.17","EPHB2",98,0.3264,0.129,0.1607,"OK","EPHB2",0.407515911946301
"TCGA-KIRC","TCGA-B8-5552-11A-01R-1672-07","TCGA-B8-5552","Solid Tissue Normal","bed26808-c053-4ad1-ba5c-68819d4a6fd1","ENSG00000133216.17","EPHB2",2277,12.1396,2.9611,2.8252,"OK","EPHB2",3.71584945222188
"TCGA-KIRC","TCGA-CJ-4886-01A-01R-1305-07","TCGA-CJ-4886","Primary Tumor","bd1ebebf-1e32-4c8e-a476-a429bfbc3d46","ENSG00000133216.17","EPHB2",366,1.8649,0.5395,0.5403,"OK","EPHB2",1.5184847822555
"TCGA-KIRC","TCGA-DV-5573-01A-01R-1541-07","TCGA-DV-5573","Primary Tumor","1bd902eb-9e76-406a-bfe9-b0b5861bcdfb","ENSG00000133216.17","EPHB2",639,3.3164,1.0176,1.0064,"OK","EPHB2",2.10982856530709
"TCGA-KIRC","TCGA-CJ-4900-01A-01R-1334-07","TCGA-CJ-4900","Primary Tumor","9845de96-d57a-4613-89db-6a6c4e2eca4b","ENSG00000133216.17","EPHB2",563,1.6972,0.9832,1.1685,"OK","EPHB2",1.43146250277863
"TCGA-KIRC","TCGA-B0-5712-11A-01R-1672-07","TCGA-B0-5712","Solid Tissue Normal","4d6e5f5f-ab63-49a6-9a53-a89b7ef76783","ENSG00000133216.17","EPHB2",1560,6.3988,2.0279,2.1068,"OK","EPHB2",2.8872913012234
"TCGA-KIRC","TCGA-CZ-4858-01A-01R-1305-07","TCGA-CZ-4858","Primary Tumor","e4747f6d-4c5c-4d49-886f-2c69fe206879","ENSG00000133216.17","EPHB2",493,2.9169,0.8355,0.9848,"OK","EPHB2",1.96971229618611
"TCGA-KIRC","TCGA-B2-5633-01A-01R-A277-07","TCGA-B2-5633","Primary Tumor","bdb74506-8766-42e1-922e-e03da4637a70","ENSG00000133216.17","EPHB2",404,1.4359,0.7041,0.659,"OK","EPHB2",1.28445490809426
"TCGA-KIRC","TCGA-B2-5633-01B-04R-A277-07","TCGA-B2-5633","Primary Tumor","307fc027-0530-452b-8fa9-d46f7fc73d0e","ENSG00000133216.17","EPHB2",351,3.7851,1.2264,1.0909,"OK","EPHB2",2.25854907476283
"TCGA-KIRC","TCGA-BP-4795-01A-02R-1420-07","TCGA-BP-4795","Primary Tumor","58585ab6-9163-4bfb-ae55-9529ad1bc3aa","ENSG00000133216.17","EPHB2",706,3.3149,0.8828,0.9284,"OK","EPHB2",2.10932712460102
"TCGA-KIRC","TCGA-BP-4354-01A-02R-1289-07","TCGA-BP-4354","Primary Tumor","961f4263-5071-4dfd-b626-346f916b4c9d","ENSG00000133216.17","EPHB2",1136,8.359,2.2603,2.2531,"OK","EPHB2",3.22635438748887
"TCGA-KIRC","TCGA-CW-6097-01A-11R-1672-07","TCGA-CW-6097","Primary Tumor","0cb86c23-556d-4c56-b6cd-96dbbaff1441","ENSG00000133216.17","EPHB2",964,5.7559,1.5243,1.5215,"OK","EPHB2",2.75614797370297
"TCGA-KIRC","TCGA-CJ-4902-01A-01R-1426-07","TCGA-CJ-4902","Primary Tumor","bc8cef4d-5c5c-4d5b-bbbc-553e8940ced1","ENSG00000133216.17","EPHB2",565,1.7705,0.5744,0.6172,"OK","EPHB2",1.47014636704151
"TCGA-KIRC","TCGA-AK-3443-01A-02R-1325-07","TCGA-AK-3443","Primary Tumor","539f5a17-442a-4c07-9606-b8f88c731504","ENSG00000133216.17","EPHB2",2,0.0059,0.0023,0.0026,"OK","EPHB2",0.00848688896549116
"TCGA-KIRC","TCGA-BP-5190-01A-01R-1426-07","TCGA-BP-5190","Primary Tumor","58cdb5fa-ab1d-4b7c-a790-4c81cd86efc4","ENSG00000133216.17","EPHB2",135,0.4016,0.1864,0.2487,"OK","EPHB2",0.487074680051724
"TCGA-KIRC","TCGA-MM-A84U-01A-11R-A37O-07","TCGA-MM-A84U","Primary Tumor","8fc7b6c7-aa50-4a13-a898-35a6bce2d32f","ENSG00000133216.17","EPHB2",387,1.6713,0.739,0.8771,"OK","EPHB2",1.41754200675105
"TCGA-KIRC","TCGA-BP-4335-01A-01R-1289-07","TCGA-BP-4335","Primary Tumor","5fc65294-257d-41eb-83b5-1cb566b1743f","ENSG00000133216.17","EPHB2",73,0.3867,0.1763,0.2107,"OK","EPHB2",0.471655707397641
"TCGA-KIRC","TCGA-BP-4766-01A-01R-1289-07","TCGA-BP-4766","Primary Tumor","4b881bd7-355b-4b47-8c00-41734f8e01d2","ENSG00000133216.17","EPHB2",436,1.6341,0.5087,0.4819,"OK","EPHB2",1.39731011657604
"TCGA-KIRC","TCGA-A3-3374-01A-02R-1325-07","TCGA-A3-3374","Primary Tumor","d499f1d6-3d58-406e-9ed5-98141e774ddc","ENSG00000133216.17","EPHB2",1047,2.707,1.41,2.1717,"OK","EPHB2",1.89025211515707
"TCGA-KIRC","TCGA-A3-3372-01A-02R-1325-07","TCGA-A3-3372","Primary Tumor","fc9e3356-b4e0-46e8-9842-46a2366352de","ENSG00000133216.17","EPHB2",333,1.5912,0.4467,0.4406,"OK","EPHB2",1.37362037324574
"TCGA-KIRC","TCGA-B0-5077-01A-01R-1334-07","TCGA-B0-5077","Primary Tumor","a1f29e81-e426-4cc5-813b-fcf83a595303","ENSG00000133216.17","EPHB2",315,1.0342,0.3566,0.3928,"OK","EPHB2",1.024461530141
"TCGA-KIRC","TCGA-B0-4694-01A-01R-1277-07","TCGA-B0-4694","Primary Tumor","cc4d6b44-ae57-4f0c-affe-ba411b9fba9b","ENSG00000133216.17","EPHB2",502,2.0425,0.675,0.7576,"OK","EPHB2",1.605257262939
"TCGA-KIRC","TCGA-B2-3923-01B-10R-A277-07","TCGA-B2-3923","Primary Tumor","d514c3bc-c1e1-4028-9822-90ad703a3a8d","ENSG00000133216.17","EPHB2",77,0.9976,0.3218,0.3097,"OK","EPHB2",0.998267726378763
"TCGA-KIRC","TCGA-A3-3365-01A-01R-0864-07","TCGA-A3-3365","Primary Tumor","fb449c0c-d752-4110-a41a-c46aa29617ea","ENSG00000133216.17","EPHB2",169,0.9518,0.2777,0.2823,"OK","EPHB2",0.964805228212839
"TCGA-KIRC","TCGA-A3-3311-01A-02R-1325-07","TCGA-A3-3311","Primary Tumor","4845a010-e208-4c1b-85b1-99fbd155edf2","ENSG00000133216.17","EPHB2",548,2.0588,0.7007,0.7049,"OK","EPHB2",1.61296577919391
"TCGA-KIRC","TCGA-BP-4968-01A-01R-1334-07","TCGA-BP-4968","Primary Tumor","60ae8b09-673e-418f-abda-7e3ce228c808","ENSG00000133216.17","EPHB2",263,0.8203,0.2943,0.3451,"OK","EPHB2",0.864176237701529
"TCGA-KIRC","TCGA-BP-4969-01A-01R-1334-07","TCGA-BP-4969","Primary Tumor","6dc1b313-81c8-4b4d-8fcd-07ad3fe499f7","ENSG00000133216.17","EPHB2",75,0.2236,0.0952,0.1164,"OK","EPHB2",0.291132012008753
"TCGA-KIRC","TCGA-B0-4837-01A-01R-1305-07","TCGA-B0-4837","Primary Tumor","450ec77d-c822-4d53-9a2b-bd6e4b6b9a62","ENSG00000133216.17","EPHB2",157,0.6118,0.2367,0.3017,"OK","EPHB2",0.688672738339143
"TCGA-KIRC","TCGA-B0-5098-01A-01R-1420-07","TCGA-B0-5098","Primary Tumor","b59e21e2-af42-41ff-9423-0b3b0af05ccd","ENSG00000133216.17","EPHB2",1338,5.179,1.625,1.7744,"OK","EPHB2",2.62737337344092
"TCGA-KIRC","TCGA-B0-4706-01A-01R-1503-07","TCGA-B0-4706","Primary Tumor","0461aca8-2256-4954-9c65-1b2a92c2b2a1","ENSG00000133216.17","EPHB2",612,2.2296,0.8408,0.9363,"OK","EPHB2",1.69135549193106
"TCGA-KIRC","TCGA-BP-4761-01A-01R-1289-07","TCGA-BP-4761","Primary Tumor","8b3d23b8-cf1f-49ed-bd33-f340984cca9b","ENSG00000133216.17","EPHB2",1165,4.292,1.7191,2.49,"OK","EPHB2",2.40381306161659
"TCGA-KIRC","TCGA-B8-A54H-01A-11R-A33J-07","TCGA-B8-A54H","Primary Tumor","83eb5df9-30fa-4c4f-a062-5ffe6d7f2c3d","ENSG00000133216.17","EPHB2",269,1.0886,0.3136,0.3004,"OK","EPHB2",1.06253621989539
"TCGA-KIRC","TCGA-BP-4165-01A-02R-1289-07","TCGA-BP-4165","Primary Tumor","4962d196-c54d-442d-b7b3-dd34f8082781","ENSG00000133216.17","EPHB2",63,0.2703,0.11,0.1263,"OK","EPHB2",0.345169250856654
"TCGA-KIRC","TCGA-G6-A8L6-01A-11R-A37O-07","TCGA-G6-A8L6","Primary Tumor","8bbda4a1-af04-496f-b047-1d74c29ec19a","ENSG00000133216.17","EPHB2",129,0.8836,0.3164,0.3625,"OK","EPHB2",0.913492627750078
"TCGA-KIRC","TCGA-B0-4810-01A-01R-1503-07","TCGA-B0-4810","Primary Tumor","59f744da-4e53-4cca-a7f1-48a27f91aba1","ENSG00000133216.17","EPHB2",540,2.4038,0.7117,0.7361,"OK","EPHB2",1.76714626984262
"TCGA-KIRC","TCGA-CJ-4916-01A-01R-1426-07","TCGA-CJ-4916","Primary Tumor","6faba44d-0367-4d54-a41e-1f2969760558","ENSG00000133216.17","EPHB2",641,1.8377,0.7465,0.8486,"OK","EPHB2",1.5047220765762
"TCGA-KIRC","TCGA-AK-3431-01A-02R-1277-07","TCGA-AK-3431","Primary Tumor","13b48a2d-dde2-4cd1-b26d-22621a002f5b","ENSG00000133216.17","EPHB2",102,0.7671,0.2124,0.2272,"OK","EPHB2",0.821383684157733
"TCGA-KIRC","TCGA-BP-4803-01A-01R-1305-07","TCGA-BP-4803","Primary Tumor","5a1cd867-8bad-4e36-908a-c82b6ae64083","ENSG00000133216.17","EPHB2",321,1.2714,0.4294,0.4791,"OK","EPHB2",1.18358179111782
"TCGA-KIRC","TCGA-CJ-4639-01A-02R-1325-07","TCGA-CJ-4639","Primary Tumor","000d81dd-9ba4-4852-9090-2bf22f6483f0","ENSG00000133216.17","EPHB2",88,0.7439,0.2016,0.1928,"OK","EPHB2",0.802317314403593
"TCGA-KIRC","TCGA-BP-4338-01A-01R-1289-07","TCGA-BP-4338","Primary Tumor","5b7970e3-9272-4919-beaa-176127e7be10","ENSG00000133216.17","EPHB2",745,2.0431,0.766,1.0589,"OK","EPHB2",1.60554174336077
"TCGA-KIRC","TCGA-B2-3924-01A-02R-A277-07","TCGA-B2-3924","Primary Tumor","df630d23-f007-4cc4-9910-edb44046d556","ENSG00000133216.17","EPHB2",297,1.7031,1.2129,1.0901,"OK","EPHB2",1.43461488473071
"TCGA-KIRC","TCGA-CZ-5466-11A-01R-1503-07","TCGA-CZ-5466","Solid Tissue Normal","200dfa9f-ed6f-4434-9dde-7833f4d3b275","ENSG00000133216.17","EPHB2",748,1.7321,0.6817,0.7632,"OK","EPHB2",1.45001028994711
"TCGA-KIRC","TCGA-CJ-5682-01A-11R-1541-07","TCGA-CJ-5682","Primary Tumor","c6bede90-50d8-4bf5-97e3-6fffe14e723d","ENSG00000133216.17","EPHB2",149,0.8237,0.2775,0.2965,"OK","EPHB2",0.866868424618348
"TCGA-KIRC","TCGA-BP-4998-01A-01R-1334-07","TCGA-BP-4998","Primary Tumor","5d956a24-693e-47ad-b315-180c86a0528e","ENSG00000133216.17","EPHB2",1118,4.3717,1.1969,1.2064,"OK","EPHB2",2.42537873503381
"TCGA-KIRC","TCGA-CW-6090-01A-11R-1672-07","TCGA-CW-6090","Primary Tumor","485e84af-cd91-4096-a2e4-d2594481e5bf","ENSG00000133216.17","EPHB2",519,2.113,0.6145,0.7123,"OK","EPHB2",1.63830557680709
"TCGA-KIRC","TCGA-BP-4346-01A-01R-1289-07","TCGA-BP-4346","Primary Tumor","588a43e3-60a0-416b-9b79-48d863d054bf","ENSG00000133216.17","EPHB2",730,3.2869,1.121,1.1202,"OK","EPHB2",2.09993476397393
"TCGA-KIRC","TCGA-CW-6090-11A-01R-1672-07","TCGA-CW-6090","Solid Tissue Normal","b8f8504c-1d5e-48b3-a54f-88250da4264f","ENSG00000133216.17","EPHB2",440,1.6413,0.5652,0.6114,"OK","EPHB2",1.40124817274016
"TCGA-KIRC","TCGA-CW-5589-11A-01R-1541-07","TCGA-CW-5589","Solid Tissue Normal","78beabfc-8b98-4f21-94c2-cd6c21255f66","ENSG00000133216.17","EPHB2",1004,3.906,1.3106,1.3463,"OK","EPHB2",2.29454723389552
"TCGA-KIRC","TCGA-A3-3367-01A-02R-1420-07","TCGA-A3-3367","Primary Tumor","efde0fd9-7f08-4c33-9e2b-8d9b8cfccf50","ENSG00000133216.17","EPHB2",443,1.4987,0.4877,0.5158,"OK","EPHB2",1.32117769834609
"TCGA-KIRC","TCGA-B0-5400-01A-01R-1503-07","TCGA-B0-5400","Primary Tumor","d6a8b3be-0ea5-4d4f-bf62-27ec684d4705","ENSG00000133216.17","EPHB2",270,1.095,0.3867,0.5147,"OK","EPHB2",1.06695024392463
"TCGA-KIRC","TCGA-CJ-4920-01A-01R-1426-07","TCGA-CJ-4920","Primary Tumor","c85688fc-f98a-4672-b66d-8a28ea94d40b","ENSG00000133216.17","EPHB2",350,1.7043,0.5372,0.5773,"OK","EPHB2",1.43525520506118
"TCGA-KIRC","TCGA-BP-4784-01A-01R-1305-07","TCGA-BP-4784","Primary Tumor","0c5ce27e-46a9-4868-880d-c7e87391cdf9","ENSG00000133216.17","EPHB2",400,2.2181,0.6192,0.642,"OK","EPHB2",1.6862091574046
"TCGA-KIRC","TCGA-CJ-4637-01A-02R-1325-07","TCGA-CJ-4637","Primary Tumor","f8a0a7cf-0444-4039-a255-6d31bcf748ac","ENSG00000133216.17","EPHB2",542,2.6746,0.905,0.9249,"OK","EPHB2",1.87758721337098
"TCGA-KIRC","TCGA-AS-3778-01A-01R-A32Z-07","TCGA-AS-3778","Primary Tumor","dbe1371f-dbf9-46b1-b603-a9e560fb75df","ENSG00000133216.17","EPHB2",468,2.3886,0.6514,0.6464,"OK","EPHB2",1.76068934703879
"TCGA-KIRC","TCGA-CW-5580-01A-01R-1672-07","TCGA-CW-5580","Primary Tumor","6e837fc7-1583-4fde-af30-fe955e7651bf","ENSG00000133216.17","EPHB2",431,1.6526,0.4484,0.4528,"OK","EPHB2",1.40740714012577
"TCGA-KIRC","TCGA-CJ-4892-01A-01R-1305-07","TCGA-CJ-4892","Primary Tumor","db24671d-74b5-4647-be36-d865aa923ffa","ENSG00000133216.17","EPHB2",292,1.3076,0.408,0.4155,"OK","EPHB2",1.2063931685116
"TCGA-KIRC","TCGA-CW-5583-01A-02R-1541-07","TCGA-CW-5583","Primary Tumor","499d7906-265e-4836-b2b5-55203bf08e2d","ENSG00000133216.17","EPHB2",98,0.4878,0.1175,0.1137,"OK","EPHB2",0.573180602789373
"TCGA-KIRC","TCGA-BP-4170-01A-02R-1289-07","TCGA-BP-4170","Primary Tumor","61ee46ed-0cb0-428d-806b-db92f33e0c93","ENSG00000133216.17","EPHB2",428,1.5714,0.5066,0.5388,"OK","EPHB2",1.36255404935075
"TCGA-KIRC","TCGA-B0-4718-01A-01R-1277-07","TCGA-B0-4718","Primary Tumor","0626d61a-3222-49c5-b6f0-4b59c5835d29","ENSG00000133216.17","EPHB2",93,0.5094,0.2104,0.2583,"OK","EPHB2",0.593975179320555
"TCGA-KIRC","TCGA-CZ-5986-01A-11R-1672-07","TCGA-CZ-5986","Primary Tumor","ff6cd0e8-98a0-4a96-9650-c348bcfe8901","ENSG00000133216.17","EPHB2",162,1.3244,0.3488,0.3315,"OK","EPHB2",1.21685835977496
"TCGA-KIRC","TCGA-BP-5177-01A-01R-1426-07","TCGA-BP-5177","Primary Tumor","7fc459c0-68f0-414f-ad41-737b4de021be","ENSG00000133216.17","EPHB2",76,0.3245,0.1151,0.1392,"OK","EPHB2",0.405447843707535
"TCGA-KIRC","TCGA-B0-5100-01A-01R-1420-07","TCGA-B0-5100","Primary Tumor","996511b1-d236-4060-a307-81557721cfe5","ENSG00000133216.17","EPHB2",339,1.6188,0.5242,0.6047,"OK","EPHB2",1.38890588403907
"TCGA-KIRC","TCGA-BP-4774-01A-01R-1289-07","TCGA-BP-4774","Primary Tumor","4d4db765-51e5-4549-a559-114bae985a88","ENSG00000133216.17","EPHB2",160,0.6202,0.214,0.2295,"OK","EPHB2",0.696171912615205
"TCGA-KIRC","TCGA-B8-5549-11A-01R-1541-07","TCGA-B8-5549","Solid Tissue Normal","330a912b-ae31-4a54-8611-f32b098ba946","ENSG00000133216.17","EPHB2",2096,9.3019,2.7566,2.7701,"OK","EPHB2",3.36483853596449
"TCGA-KIRC","TCGA-B8-4151-01A-01R-1188-07","TCGA-B8-4151","Primary Tumor","ccb3a294-e4b3-439a-b168-18c3ae05d3b8","ENSG00000133216.17","EPHB2",113,0.6248,0.2,0.2116,"OK","EPHB2",0.700262144746704
"TCGA-KIRC","TCGA-B0-4841-01A-01R-1277-07","TCGA-B0-4841","Primary Tumor","489b2714-26c8-4889-9ca9-378957da1a6c","ENSG00000133216.17","EPHB2",57,0.2132,0.1573,0.267,"OK","EPHB2",0.278817403074722
"TCGA-KIRC","TCGA-B0-4714-01A-01R-1277-07","TCGA-B0-4714","Primary Tumor","66b1f91a-937c-4e1f-b4ab-07d1ef9fe1db","ENSG00000133216.17","EPHB2",248,1.0349,0.4357,0.4921,"OK","EPHB2",1.02495789864439
"TCGA-KIRC","TCGA-BP-4174-01A-02R-1289-07","TCGA-BP-4174","Primary Tumor","572fb090-3796-4170-829d-7b77c1e8127d","ENSG00000133216.17","EPHB2",328,1.7653,0.5048,0.5319,"OK","EPHB2",1.46743600307637
"TCGA-KIRC","TCGA-BP-4973-01A-01R-1334-07","TCGA-BP-4973","Primary Tumor","6d560c49-6d99-467b-b2a9-5d236eff9f87","ENSG00000133216.17","EPHB2",327,0.9814,0.3261,0.3528,"OK","EPHB2",0.98652015724048
"TCGA-KIRC","TCGA-A3-A8OV-01A-11R-A37O-07","TCGA-A3-A8OV","Primary Tumor","e0ab8fc2-a369-4e2b-a07a-67794bf6955b","ENSG00000133216.17","EPHB2",177,0.9647,0.3105,0.3077,"OK","EPHB2",0.974309036883654
"TCGA-KIRC","TCGA-BP-4991-01A-01R-1334-07","TCGA-BP-4991","Primary Tumor","54813ceb-f5c7-4c62-8b0a-047145bb6bae","ENSG00000133216.17","EPHB2",440,1.6296,0.4457,0.439,"OK","EPHB2",1.39484336153086
"TCGA-KIRC","TCGA-AK-3456-01A-02R-1325-07","TCGA-AK-3456","Primary Tumor","4a2da9f0-b75d-466c-b9f0-2e910ee24365","ENSG00000133216.17","EPHB2",226,1.0536,0.4074,0.443,"OK","EPHB2",1.03815520102597
"TCGA-KIRC","TCGA-BP-4758-01A-01R-1289-07","TCGA-BP-4758","Primary Tumor","152893a4-2d02-4941-bbe9-eb038cce9ef2","ENSG00000133216.17","EPHB2",262,0.6822,0.3126,0.4122,"OK","EPHB2",0.75034924058415
"TCGA-KIRC","TCGA-CZ-5989-11A-01R-1672-07","TCGA-CZ-5989","Solid Tissue Normal","2d6da3de-d9be-4037-9fd7-e64d5c91ba1e","ENSG00000133216.17","EPHB2",3175,15.6897,4.4304,4.2321,"OK","EPHB2",4.06088611714916
"TCGA-KIRC","TCGA-CW-6088-01A-11R-1672-07","TCGA-CW-6088","Primary Tumor","c0d545e4-ab23-41f8-a29f-7a9df01c4abd","ENSG00000133216.17","EPHB2",150,0.7109,0.1713,0.159,"OK","EPHB2",0.774755438541415
"TCGA-KIRC","TCGA-CZ-5470-01A-01R-1503-07","TCGA-CZ-5470","Primary Tumor","fd493a63-08fb-4076-8b3c-f443dc4bcb0b","ENSG00000133216.17","EPHB2",445,1.3916,0.5103,0.5775,"OK","EPHB2",1.25797611601076
"TCGA-KIRC","TCGA-B0-5690-01A-11R-1541-07","TCGA-B0-5690","Primary Tumor","e44dbaa1-6ef0-48ba-bf0f-3cfa502cbd14","ENSG00000133216.17","EPHB2",44,0.2406,0.0666,0.0681,"OK","EPHB2",0.311038030022305
"TCGA-KIRC","TCGA-BP-5196-01A-01R-1426-07","TCGA-BP-5196","Primary Tumor","9b794c4e-3176-4cdf-b59b-2b1a13bd603a","ENSG00000133216.17","EPHB2",2635,13.5425,3.8681,4.2163,"OK","EPHB2",3.86220339905322
"TCGA-KIRC","TCGA-CZ-5454-11A-01R-1503-07","TCGA-CZ-5454","Solid Tissue Normal","a41454c8-c8c2-4d33-9ff8-402fd89d2163","ENSG00000133216.17","EPHB2",3025,8.9967,2.6183,2.6787,"OK","EPHB2",3.32145192695184
"TCGA-KIRC","TCGA-BP-4337-01A-01R-1289-07","TCGA-BP-4337","Primary Tumor","6d47118e-cd8a-4d75-970f-2f0f3aff712c","ENSG00000133216.17","EPHB2",409,1.5689,0.6236,0.7052,"OK","EPHB2",1.3611507313006
"TCGA-KIRC","TCGA-CJ-4641-01A-02R-1325-07","TCGA-CJ-4641","Primary Tumor","12e9affd-cc06-49d9-b485-47e7034be973","ENSG00000133216.17","EPHB2",642,3.3479,1.0166,1.0157,"OK","EPHB2",2.12031875932494
"TCGA-KIRC","TCGA-CZ-5456-11A-02R-1503-07","TCGA-CZ-5456","Solid Tissue Normal","41954992-a111-4fbb-b6e2-d5ac8f564bf6","ENSG00000133216.17","EPHB2",799,3.8777,1.5132,1.7213,"OK","EPHB2",2.28620102877333
"TCGA-KIRC","TCGA-B8-5546-01A-01R-1541-07","TCGA-B8-5546","Primary Tumor","5f006edb-0f66-45eb-9a36-e31bbcdf8147","ENSG00000133216.17","EPHB2",243,1.5584,0.4595,0.4553,"OK","EPHB2",1.35524184393088
"TCGA-KIRC","TCGA-CJ-4640-01A-02R-1325-07","TCGA-CJ-4640","Primary Tumor","f43cfd22-5e58-4369-9ea0-a0b6cc63a7db","ENSG00000133216.17","EPHB2",313,1.3795,0.4243,0.4307,"OK","EPHB2",1.25065845449841
"TCGA-KIRC","TCGA-B0-4813-01A-01R-1277-07","TCGA-B0-4813","Primary Tumor","1be72033-3da7-4266-9b58-2fff2dbaa48b","ENSG00000133216.17","EPHB2",131,0.7146,0.2878,0.3609,"OK","EPHB2",0.777872048512053
"TCGA-KIRC","TCGA-A3-3378-01A-02R-1325-07","TCGA-A3-3378","Primary Tumor","363d5bdc-23e6-40b0-929c-0805d86471eb","ENSG00000133216.17","EPHB2",527,2.2343,0.7062,0.7633,"OK","EPHB2",1.6934535033134
"TCGA-KIRC","TCGA-B0-5096-01A-01R-1420-07","TCGA-B0-5096","Primary Tumor","d4afe781-4959-40a7-8556-b60a150ea6b0","ENSG00000133216.17","EPHB2",649,3.2636,1.0898,1.2039,"OK","EPHB2",2.09207209450293
"TCGA-KIRC","TCGA-CZ-5462-01A-01R-1503-07","TCGA-CZ-5462","Primary Tumor","24ec3d48-d4c2-4f0c-b188-87ebc1f3123e","ENSG00000133216.17","EPHB2",389,1.5978,0.453,0.4728,"OK","EPHB2",1.37729036453678
"TCGA-KIRC","TCGA-B0-5102-01A-01R-1420-07","TCGA-B0-5102","Primary Tumor","343ba69a-e983-4966-9084-3bf576a08701","ENSG00000133216.17","EPHB2",197,0.7045,0.2511,0.2885,"OK","EPHB2",0.769348599477859
"TCGA-KIRC","TCGA-BP-5010-01A-02R-1420-07","TCGA-BP-5010","Primary Tumor","c59faf4c-0b9f-4c20-acd2-0804a8c9d96c","ENSG00000133216.17","EPHB2",294,1.0366,0.5184,0.7111,"OK","EPHB2",1.02616265448968
"TCGA-KIRC","TCGA-DV-A4VX-01A-11R-A266-07","TCGA-DV-A4VX","Primary Tumor","7f6b6886-84b6-4cb9-8b01-b2d10f55b8c9","ENSG00000133216.17","EPHB2",168,0.8787,0.3494,0.4221,"OK","EPHB2",0.909734708553116
"TCGA-KIRC","TCGA-CJ-4635-01A-02R-1305-07","TCGA-CJ-4635","Primary Tumor","b9015212-73c0-4247-9848-95ac288ffb3c","ENSG00000133216.17","EPHB2",264,1.6707,0.5184,0.5234,"OK","EPHB2",1.41721792699509
"TCGA-KIRC","TCGA-BP-4975-01A-01R-1334-07","TCGA-BP-4975","Primary Tumor","c55cb5e4-8428-4a52-9a84-101b6e823265","ENSG00000133216.17","EPHB2",362,1.0474,0.3211,0.3607,"OK","EPHB2",1.0337929888493
"TCGA-KIRC","TCGA-EU-5904-01A-11R-1672-07","TCGA-EU-5904","Primary Tumor","1eb01cfb-4b8b-472b-a20b-61239ad14ab6","ENSG00000133216.17","EPHB2",171,0.8572,0.2331,0.2444,"OK","EPHB2",0.893129186017212
"TCGA-KIRC","TCGA-B0-5095-01A-01R-1420-07","TCGA-B0-5095","Primary Tumor","77cfb44f-6e99-4c0b-bd54-6ab249fd54ef","ENSG00000133216.17","EPHB2",426,2.6409,0.6697,0.699,"OK","EPHB2",1.86429511664474
"TCGA-KIRC","TCGA-BP-5000-01A-01R-1334-07","TCGA-BP-5000","Primary Tumor","62482815-63b6-4df9-8698-44a2d5cdafaf","ENSG00000133216.17","EPHB2",242,0.6342,0.3002,0.4329,"OK","EPHB2",0.708584557137925
"TCGA-KIRC","TCGA-BP-5192-01A-01R-1426-07","TCGA-BP-5192","Primary Tumor","451091ae-1364-4e63-b2c6-82e72aae9458","ENSG00000133216.17","EPHB2",79,0.33,0.0975,0.1005,"OK","EPHB2",0.411426245726465
"TCGA-KIRC","TCGA-BP-4343-01A-02R-1289-07","TCGA-BP-4343","Primary Tumor","51a2c5e1-ba04-4178-a5b0-0ac50c870c4e","ENSG00000133216.17","EPHB2",233,1.1456,0.3721,0.4231,"OK","EPHB2",1.10138114235502
"TCGA-KIRC","TCGA-B0-4822-01A-01R-1277-07","TCGA-B0-4822","Primary Tumor","fb185dab-f274-4565-ba4a-223e5d629310","ENSG00000133216.17","EPHB2",230,0.9206,0.4366,0.5553,"OK","EPHB2",0.941557082717288
"TCGA-KIRC","TCGA-BP-4985-01A-01R-1334-07","TCGA-BP-4985","Primary Tumor","8e4576b0-ae52-47fa-b4a0-eaaed1fefcd2","ENSG00000133216.17","EPHB2",1197,3.7448,1.3468,1.8515,"OK","EPHB2",2.24634727690091
"TCGA-KIRC","TCGA-CZ-5459-01A-01R-1503-07","TCGA-CZ-5459","Primary Tumor","6b9f9688-4bd2-4e54-9744-ac31665650b2","ENSG00000133216.17","EPHB2",194,0.9242,0.3316,0.3778,"OK","EPHB2",0.944258759613353
"TCGA-KIRC","TCGA-B8-A54J-01A-11R-A33J-07","TCGA-B8-A54J","Primary Tumor","fd3d7a82-a316-4df0-9d84-409cb12eb9b1","ENSG00000133216.17","EPHB2",167,0.8169,0.2452,0.2451,"OK","EPHB2",0.86147901754989
"TCGA-KIRC","TCGA-B8-5545-01A-01R-1672-07","TCGA-B8-5545","Primary Tumor","f41b182b-f528-49bf-9d7e-912614796b77","ENSG00000133216.17","EPHB2",929,5.0972,1.3018,1.276,"OK","EPHB2",2.60814686996942
"TCGA-KIRC","TCGA-BP-4352-01A-01R-1289-07","TCGA-BP-4352","Primary Tumor","f7cb60c9-cede-46db-9266-b1437cd06a48","ENSG00000133216.17","EPHB2",3303,11.3301,4.2403,5.5853,"OK","EPHB2",3.62411259527037
"TCGA-KIRC","TCGA-B0-5097-01A-01R-1420-07","TCGA-B0-5097","Primary Tumor","421291fd-adda-42ab-8574-209da13d33a6","ENSG00000133216.17","EPHB2",519,2.7522,0.7769,0.8717,"OK","EPHB2",1.90773672852445
"TCGA-KIRC","TCGA-B0-4848-01A-01R-1277-07","TCGA-B0-4848","Primary Tumor","158ed2cd-7be5-4191-89b6-0d034a6426c1","ENSG00000133216.17","EPHB2",292,1.9285,0.5517,0.5503,"OK","EPHB2",1.55016189444743
"TCGA-KIRC","TCGA-CW-5585-01A-01R-1541-07","TCGA-CW-5585","Primary Tumor","d7b28bbe-cf7d-4634-8a48-f42d58be4a55","ENSG00000133216.17","EPHB2",88,0.3817,0.1029,0.0993,"OK","EPHB2",0.466444406250493
"TCGA-KIRC","TCGA-A3-3313-01A-02R-1325-07","TCGA-A3-3313","Primary Tumor","41cc637e-36ce-4e10-8175-f24909ff0472","ENSG00000133216.17","EPHB2",179,0.5256,0.2382,0.2714,"OK","EPHB2",0.609376748763307
"TCGA-KIRC","TCGA-BP-4967-01A-01R-1334-07","TCGA-BP-4967","Primary Tumor","c2bbfd1c-59bb-42a8-8987-1d36865ec762","ENSG00000133216.17","EPHB2",329,1.0312,0.3546,0.4052,"OK","EPHB2",1.02233230009806
"TCGA-KIRC","TCGA-CJ-5681-11A-01R-1541-07","TCGA-CJ-5681","Solid Tissue Normal","86e14130-79ee-4cbf-8328-3dd9c65d61dd","ENSG00000133216.17","EPHB2",448,1.8313,0.7724,0.8688,"OK","EPHB2",1.50146462299202
"TCGA-KIRC","TCGA-CJ-5676-11A-01R-1541-07","TCGA-CJ-5676","Solid Tissue Normal","2e4b4712-a733-4599-8119-926aa5934be9","ENSG00000133216.17","EPHB2",826,2.6576,0.9482,0.9963,"OK","EPHB2",1.87089730866503
"TCGA-KIRC","TCGA-CJ-4918-01A-01R-1426-07","TCGA-CJ-4918","Primary Tumor","8d116906-c391-48f2-9eb4-94945197d90b","ENSG00000133216.17","EPHB2",647,2.5651,0.8517,0.9706,"OK","EPHB2",1.83394254440569
"TCGA-KIRC","TCGA-B0-5706-01A-11R-1541-07","TCGA-B0-5706","Primary Tumor","7a16bbe0-eed5-45f2-8400-8874924a6eda","ENSG00000133216.17","EPHB2",60,0.4492,0.2553,0.2729,"OK","EPHB2",0.535256710903838
"TCGA-KIRC","TCGA-CW-5581-11A-01R-1541-07","TCGA-CW-5581","Solid Tissue Normal","743a0026-5df2-4a13-8abf-aa45798ec131","ENSG00000133216.17","EPHB2",420,1.9162,0.7137,0.7738,"OK","EPHB2",1.5440896665488
"TCGA-KIRC","TCGA-BP-5186-01A-01R-1426-07","TCGA-BP-5186","Primary Tumor","02f13d48-a03a-42e8-917d-e5d9025e2898","ENSG00000133216.17","EPHB2",140,0.6655,0.1904,0.1857,"OK","EPHB2",0.735955354012264
"TCGA-KIRC","TCGA-B2-3924-01A-02R-1325-07","TCGA-B2-3924","Primary Tumor","056c67e7-03b3-40cc-8c19-d6938ad634aa","ENSG00000133216.17","EPHB2",580,2.7439,0.8758,0.8865,"OK","EPHB2",1.90454190088531
"TCGA-KIRC","TCGA-A3-3385-01A-02R-1420-07","TCGA-A3-3385","Primary Tumor","375080ea-cbbe-4dfb-8da3-cbef10418a2d","ENSG00000133216.17","EPHB2",196,0.6858,0.2324,0.2574,"OK","EPHB2",0.75343338792688
"TCGA-KIRC","TCGA-BP-5194-01A-02R-1426-07","TCGA-BP-5194","Primary Tumor","dcead401-3e21-4718-9ce1-863177be3f10","ENSG00000133216.17","EPHB2",362,1.1773,0.3705,0.3944,"OK","EPHB2",1.12254020343497
"TCGA-KIRC","TCGA-A3-3357-01A-02R-1420-07","TCGA-A3-3357","Primary Tumor","5544a704-6f67-4c0d-b4ad-9becaab27512","ENSG00000133216.17","EPHB2",435,1.4127,0.4911,0.5478,"OK","EPHB2",1.27064853908483
"TCGA-KIRC","TCGA-A3-3320-01A-02R-1325-07","TCGA-A3-3320","Primary Tumor","99ad8f7e-a32c-4fbc-af00-8765d524cd73","ENSG00000133216.17","EPHB2",299,1.6201,0.4302,0.4136,"OK","EPHB2",1.38962187540812
"TCGA-KIRC","TCGA-CJ-4873-01A-01R-1305-07","TCGA-CJ-4873","Primary Tumor","636b709e-402e-4c0c-8ee3-a5dff383abfd","ENSG00000133216.17","EPHB2",437,1.8141,0.907,1.1391,"OK","EPHB2",1.492673596144
"TCGA-KIRC","TCGA-B8-A54E-01A-11R-A266-07","TCGA-B8-A54E","Primary Tumor","81cbdf35-12a2-435d-bec9-0f52c47f7a0f","ENSG00000133216.17","EPHB2",129,0.5877,0.2387,0.2609,"OK","EPHB2",0.666938337292059
"TCGA-KIRC","TCGA-BP-4781-01A-01R-1305-07","TCGA-BP-4781","Primary Tumor","5f2edb2e-9b7f-44d6-af6c-ff958631cf6a","ENSG00000133216.17","EPHB2",504,2.5061,0.7259,0.755,"OK","EPHB2",1.80986714482725
"TCGA-KIRC","TCGA-CJ-5678-11A-01R-1541-07","TCGA-CJ-5678","Solid Tissue Normal","572cfe32-d1b4-44f7-98f4-a9079f3e376c","ENSG00000133216.17","EPHB2",396,1.1032,0.5266,0.6497,"OK","EPHB2",1.0725860470686
"TCGA-KIRC","TCGA-CZ-5455-11A-01R-1503-07","TCGA-CZ-5455","Solid Tissue Normal","8e10e799-ae5c-49f7-a249-2d16d796066c","ENSG00000133216.17","EPHB2",2344,7.4385,2.5949,2.7457,"OK","EPHB2",3.07698657299804
"TCGA-KIRC","TCGA-CZ-4853-01A-01R-1426-07","TCGA-CZ-4853","Primary Tumor","b81e79c9-7f6d-498c-9591-2b7e8b3bc466","ENSG00000133216.17","EPHB2",176,0.5188,0.1807,0.1948,"OK","EPHB2",0.60293190406964
"TCGA-KIRC","TCGA-BP-4344-01A-01R-1289-07","TCGA-BP-4344","Primary Tumor","b4499ca2-b2fa-430b-95f5-8d1e2ca14dc0","ENSG00000133216.17","EPHB2",250,1.2652,0.3807,0.382,"OK","EPHB2",1.17963843493813
"TCGA-KIRC","TCGA-B0-4815-01A-01R-1503-07","TCGA-B0-4815","Primary Tumor","466888ef-7b80-471e-822c-bf355ef474b8","ENSG00000133216.17","EPHB2",477,1.3533,0.6531,0.666,"OK","EPHB2",1.23468524785663
"TCGA-KIRC","TCGA-B0-5088-01A-01R-1334-07","TCGA-B0-5088","Primary Tumor","52258ebc-d3ba-4795-83c9-6457386fea2b","ENSG00000133216.17","EPHB2",288,0.8662,0.3522,0.4205,"OK","EPHB2",0.900103607597128
"TCGA-KIRC","TCGA-B0-4712-01A-01R-1503-07","TCGA-B0-4712","Primary Tumor","7f16d20f-07e2-4901-ae00-4da70125e8a3","ENSG00000133216.17","EPHB2",197,0.7875,0.2737,0.3538,"OK","EPHB2",0.837943241891027
"TCGA-KIRC","TCGA-DV-5565-01A-01R-1541-07","TCGA-DV-5565","Primary Tumor","ac6da4db-868b-4b98-9c12-4c1930d08a5e","ENSG00000133216.17","EPHB2",171,0.6706,0.2617,0.3128,"OK","EPHB2",0.740366343155438
"TCGA-KIRC","TCGA-BP-4986-01A-01R-1334-07","TCGA-BP-4986","Primary Tumor","dd7f3972-e7c6-422b-84ed-a8038645a52b","ENSG00000133216.17","EPHB2",955,3.7476,1.0584,1.1176,"OK","EPHB2",2.24719838857586
"TCGA-KIRC","TCGA-B8-4621-01A-01R-1503-07","TCGA-B8-4621","Primary Tumor","843f5279-d6a2-4616-a3e7-985f26247cc7","ENSG00000133216.17","EPHB2",638,1.7796,0.7083,0.816,"OK","EPHB2",1.47487728599312
"TCGA-KIRC","TCGA-CJ-5689-01A-11R-1541-07","TCGA-CJ-5689","Primary Tumor","3ce8971c-7d06-4da7-af07-efaf4c9f6a75","ENSG00000133216.17","EPHB2",333,1.2879,0.4763,0.5314,"OK","EPHB2",1.19402399588513
"TCGA-KIRC","TCGA-CJ-5689-11A-01R-1541-07","TCGA-CJ-5689","Solid Tissue Normal","2562285c-fe56-4011-a9e9-9e17bb78becb","ENSG00000133216.17","EPHB2",1299,7.4082,2.3887,2.3583,"OK","EPHB2",3.07179698609083
"TCGA-KIRC","TCGA-A3-3329-01A-01R-0864-07","TCGA-A3-3329","Primary Tumor","39fd293e-c269-4de9-ae9e-4e68f8c20897","ENSG00000133216.17","EPHB2",307,1.463,0.468,0.485,"OK","EPHB2",1.30041662783687
"TCGA-KIRC","TCGA-CZ-4864-01A-01R-1503-07","TCGA-CZ-4864","Primary Tumor","3c7b458e-ecca-4d6a-b1c7-48152e184c0b","ENSG00000133216.17","EPHB2",796,2.9166,0.88,0.8646,"OK","EPHB2",1.96960179423615
"TCGA-KIRC","TCGA-B0-5108-01A-01R-1420-07","TCGA-B0-5108","Primary Tumor","53a4f1ae-7669-4580-b054-0a5b58e76520","ENSG00000133216.17","EPHB2",417,1.8897,0.5598,0.6152,"OK","EPHB2",1.53091972422148
"TCGA-KIRC","TCGA-A3-3376-01A-02R-1420-07","TCGA-A3-3376","Primary Tumor","f1aa53c8-fb44-431d-9bb9-ba7647cd9ead","ENSG00000133216.17","EPHB2",595,2.2168,0.5617,0.5648,"OK","EPHB2",1.68562624125091
"TCGA-KIRC","TCGA-B2-5635-01A-01R-1541-07","TCGA-B2-5635","Primary Tumor","b98e59fc-120a-45c4-aade-3b59ca4a1a86","ENSG00000133216.17","EPHB2",759,3.8522,1.1159,1.1555,"OK","EPHB2",2.27863901728891
"TCGA-KIRC","TCGA-B4-5834-01A-11R-1672-07","TCGA-B4-5834","Primary Tumor","f13ca22a-ad44-45c0-806b-678bacee6135","ENSG00000133216.17","EPHB2",133,0.6153,0.1584,0.1612,"OK","EPHB2",0.691802132918154
"TCGA-KIRC","TCGA-DV-5575-01A-01R-1541-07","TCGA-DV-5575","Primary Tumor","a5dd6162-2bca-4bbb-a068-94d122a52cc5","ENSG00000133216.17","EPHB2",123,0.6787,0.1934,0.197,"OK","EPHB2",0.747344429689174
"TCGA-KIRC","TCGA-CJ-4643-01A-02R-1325-07","TCGA-CJ-4643","Primary Tumor","2693e892-e285-4d51-b84a-7498437b6956","ENSG00000133216.17","EPHB2",253,1.2078,0.344,0.3372,"OK","EPHB2",1.14260948729866
"TCGA-KIRC","TCGA-A3-3382-01A-02R-1325-07","TCGA-A3-3382","Primary Tumor","16349fe9-a2c9-4577-8b34-6761dd22ee61","ENSG00000133216.17","EPHB2",203,1.298,0.31,0.3216,"OK","EPHB2",1.20037879798403
"TCGA-KIRC","TCGA-B0-5703-11A-01R-1541-07","TCGA-B0-5703","Solid Tissue Normal","61e2977f-ac86-4a5a-819d-3fba1af9253a","ENSG00000133216.17","EPHB2",685,3.339,1.171,1.213,"OK","EPHB2",2.11736258615466
"TCGA-KIRC","TCGA-B8-5165-01A-01R-1420-07","TCGA-B8-5165","Primary Tumor","8c4bd061-8371-4313-bfdc-1b2213daea12","ENSG00000133216.17","EPHB2",337,1.4083,0.3923,0.4073,"OK","EPHB2",1.26801511865652
"TCGA-KIRC","TCGA-CJ-4888-01A-01R-1305-07","TCGA-CJ-4888","Primary Tumor","160f9fb3-e1e0-4f32-ab86-9555e838a0a0","ENSG00000133216.17","EPHB2",610,1.6808,0.7322,0.8249,"OK","EPHB2",1.42266359165502
"TCGA-KIRC","TCGA-CZ-5469-01A-01R-1503-07","TCGA-CZ-5469","Primary Tumor","6ae1ed76-5b6f-41a6-917b-cc713f874a03","ENSG00000133216.17","EPHB2",1767,6.7746,2.4831,3.0307,"OK","EPHB2",2.95876845108101
"TCGA-KIRC","TCGA-CZ-4866-01A-01R-1503-07","TCGA-CZ-4866","Primary Tumor","de6772b8-dd18-4584-880e-b4080e2e0f8d","ENSG00000133216.17","EPHB2",497,1.3545,0.4215,0.4284,"OK","EPHB2",1.23542072263744
"TCGA-KIRC","TCGA-CW-6088-11A-01R-1672-07","TCGA-CW-6088","Solid Tissue Normal","83395208-40ec-4a57-a3ea-5f9dd8491998","ENSG00000133216.17","EPHB2",2226,6.9427,2.1603,2.1461,"OK","EPHB2",2.9896295129684
"TCGA-KIRC","TCGA-B2-5633-01A-01R-1541-07","TCGA-B2-5633","Primary Tumor","61894bd0-9fdb-4bb1-b32c-f52dbc10c850","ENSG00000133216.17","EPHB2",383,2.8093,0.715,0.6946,"OK","EPHB2",1.92952591128508
"TCGA-KIRC","TCGA-CZ-4862-01A-01R-1305-07","TCGA-CZ-4862","Primary Tumor","1fbf38d0-bc11-4d81-81a3-2a558afa4db5","ENSG00000133216.17","EPHB2",562,4.0127,1.0693,0.9816,"OK","EPHB2",2.32558789431109
"TCGA-KIRC","TCGA-BP-5169-01A-01R-1426-07","TCGA-BP-5169","Primary Tumor","1d4c5088-5f7a-4ac9-8a04-46288af80215","ENSG00000133216.17","EPHB2",240,0.476,0.3842,0.6074,"OK","EPHB2",0.561692721398309
"TCGA-KIRC","TCGA-DV-A4W0-01A-11R-A266-07","TCGA-DV-A4W0","Primary Tumor","07b09d0e-fac2-42a7-9cac-ac1e38a92298","ENSG00000133216.17","EPHB2",91,0.513,0.1641,0.1654,"OK","EPHB2",0.59741198755465
"TCGA-KIRC","TCGA-CZ-5465-01A-01R-1503-07","TCGA-CZ-5465","Primary Tumor","ceaf66d6-7fcf-47d6-ae3f-99323057c910","ENSG00000133216.17","EPHB2",264,0.7869,0.2383,0.2587,"OK","EPHB2",0.83745889932575
"TCGA-KIRC","TCGA-CZ-5454-01A-01R-1503-07","TCGA-CZ-5454","Primary Tumor","7bb02e2f-67db-4527-959a-4f38da4edd7a","ENSG00000133216.17","EPHB2",953,2.8477,0.953,1.1186,"OK","EPHB2",1.94399631849866
"TCGA-KIRC","TCGA-BP-4960-01A-01R-1334-07","TCGA-BP-4960","Primary Tumor","eeb522fe-ab63-4e1f-b2cf-de74af6b64f2","ENSG00000133216.17","EPHB2",344,0.8567,0.4349,0.6542,"OK","EPHB2",0.892740727779348
"TCGA-KIRC","TCGA-B2-3923-01A-02R-1325-07","TCGA-B2-3923","Primary Tumor","2b393323-81e3-49e2-9acd-18eb8ab0c563","ENSG00000133216.17","EPHB2",134,0.6596,0.2387,0.2787,"OK","EPHB2",0.730835562322201
"TCGA-KIRC","TCGA-CW-5585-11A-01R-1541-07","TCGA-CW-5585","Solid Tissue Normal","c68fded5-978b-4d7a-9077-89c2c6b35f47","ENSG00000133216.17","EPHB2",349,1.1229,0.4085,0.4406,"OK","EPHB2",1.08603641415334
"TCGA-KIRC","TCGA-B4-5835-01A-11R-1672-07","TCGA-B4-5835","Primary Tumor","d9735236-6587-4453-8c8d-2d39ca495cce","ENSG00000133216.17","EPHB2",321,0.9649,0.3423,0.3985,"OK","EPHB2",0.974455891020679
"TCGA-KIRC","TCGA-EU-5907-01A-11R-1672-07","TCGA-EU-5907","Primary Tumor","304948c1-e699-44b0-814d-defc3a1119f3","ENSG00000133216.17","EPHB2",155,1.2454,0.3257,0.3202,"OK","EPHB2",1.1669724724107
"TCGA-KIRC","TCGA-B0-4697-01A-01R-1277-07","TCGA-B0-4697","Primary Tumor","d6ad13eb-3ed8-4b4a-ac50-37061cf8236a","ENSG00000133216.17","EPHB2",218,1.4713,1.0445,1.137,"OK","EPHB2",1.3052701552402
"TCGA-KIRC","TCGA-B0-5696-11A-01R-1541-07","TCGA-B0-5696","Solid Tissue Normal","80bd1a2f-c729-40f3-b50f-8a3b766e0231","ENSG00000133216.17","EPHB2",463,1.8138,0.6698,0.7216,"OK","EPHB2",1.49251978796948
"TCGA-KIRC","TCGA-BP-5175-01A-01R-1426-07","TCGA-BP-5175","Primary Tumor","6d481b79-8322-4ac0-93ba-aaa34fd41ed9","ENSG00000133216.17","EPHB2",162,0.4221,0.2211,0.397,"OK","EPHB2",0.508022916737609
"TCGA-KIRC","TCGA-BP-5182-01A-01R-1426-07","TCGA-BP-5182","Primary Tumor","09c297be-f824-4a0b-ae20-57ecf089a7d5","ENSG00000133216.17","EPHB2",1285,4.7243,1.4734,1.6217,"OK","EPHB2",2.51709928303081
"TCGA-KIRC","TCGA-CW-5581-01A-02R-1541-07","TCGA-CW-5581","Primary Tumor","7560bd39-ffd0-45ae-95c9-451bccc8ccc4","ENSG00000133216.17","EPHB2",203,0.9592,0.2603,0.2711,"OK","EPHB2",0.970264679014529
"TCGA-KIRC","TCGA-G6-A5PC-01A-11R-A33J-07","TCGA-G6-A5PC","Primary Tumor","a57d26d5-0255-4bd1-bcd6-ebfb9d35055d","ENSG00000133216.17","EPHB2",221,0.9022,0.4597,0.6685,"OK","EPHB2",0.927668941171634
"TCGA-KIRC","TCGA-BP-4166-01A-02R-1289-07","TCGA-BP-4166","Primary Tumor","486f1d07-6c9a-445d-b603-129238a55dbb","ENSG00000133216.17","EPHB2",162,0.672,0.2587,0.3037,"OK","EPHB2",0.741574847418796
"TCGA-KIRC","TCGA-B0-5075-01A-01R-1334-07","TCGA-B0-5075","Primary Tumor","fae1f158-5990-4e7c-90a9-f33fe8be8753","ENSG00000133216.17","EPHB2",805,2.2874,0.8466,0.9826,"OK","EPHB2",1.71694700947769
"TCGA-KIRC","TCGA-A3-3383-01A-02R-1325-07","TCGA-A3-3383","Primary Tumor","0558db50-149d-4b8f-9994-4e0c3451ae8e","ENSG00000133216.17","EPHB2",395,2.217,0.7702,0.8743,"OK","EPHB2",1.68571593599065
"TCGA-KIRC","TCGA-CZ-5453-01A-01R-1503-07","TCGA-CZ-5453","Primary Tumor","1b70671f-61a5-4a23-ab6b-2120e80d1698","ENSG00000133216.17","EPHB2",77,0.2382,0.0908,0.099,"OK","EPHB2",0.308244364393713
"TCGA-KIRC","TCGA-CJ-5680-01A-11R-1541-07","TCGA-CJ-5680","Primary Tumor","3dff6d1d-98ca-49b9-a6e4-5a4da59fb2f8","ENSG00000133216.17","EPHB2",272,1.3114,0.3843,0.3715,"OK","EPHB2",1.20876694742141
"TCGA-KIRC","TCGA-B0-5121-01A-02R-1420-07","TCGA-B0-5121","Primary Tumor","cbe040e0-9ed9-4af4-a177-392a0b63a40b","ENSG00000133216.17","EPHB2",129,0.3005,0.1539,0.2148,"OK","EPHB2",0.379066399280904
"TCGA-KIRC","TCGA-B0-4701-01A-01R-1277-07","TCGA-B0-4701","Primary Tumor","52f4db86-9951-464d-a9c2-520a3681a9a8","ENSG00000133216.17","EPHB2",238,1.2248,0.3867,0.3973,"OK","EPHB2",1.15367564979724
"TCGA-KIRC","TCGA-B0-5107-01A-01R-1420-07","TCGA-B0-5107","Primary Tumor","d07320f0-36a4-4dab-83bb-faaaf21a2bcb","ENSG00000133216.17","EPHB2",389,1.7676,0.6056,0.7019,"OK","EPHB2",1.46863544596714
"TCGA-KIRC","TCGA-B8-5553-01A-01R-1541-07","TCGA-B8-5553","Primary Tumor","e0999ea7-e0c9-487f-b8a7-3eda87ab8601","ENSG00000133216.17","EPHB2",404,2.3335,0.5806,0.5724,"OK","EPHB2",1.73703772711494
"TCGA-KIRC","TCGA-B0-5083-01A-02R-1420-07","TCGA-B0-5083","Primary Tumor","d5c03bc2-fb49-457d-8445-f8177008554b","ENSG00000133216.17","EPHB2",408,1.5083,0.6862,0.9036,"OK","EPHB2",1.32670990899667
"TCGA-KIRC","TCGA-CZ-5468-11A-01R-1503-07","TCGA-CZ-5468","Solid Tissue Normal","bbb17751-e367-45a2-b561-9607d02d03c3","ENSG00000133216.17","EPHB2",1808,7.6827,2.4034,2.4161,"OK","EPHB2",3.11814373747434
"TCGA-KIRC","TCGA-CZ-5468-01A-01R-1503-07","TCGA-CZ-5468","Primary Tumor","4d9d7601-1c03-422d-8dc1-1857593c49a5","ENSG00000133216.17","EPHB2",1297,5.1584,1.6941,1.9526,"OK","EPHB2",2.62255557626139
"TCGA-KIRC","TCGA-B8-4619-11A-01R-1758-07","TCGA-B8-4619","Solid Tissue Normal","cc455312-98ef-40a7-b2f6-6ee31380b06e","ENSG00000133216.17","EPHB2",146,0.6906,0.3179,0.3934,"OK","EPHB2",0.7575353550288
"TCGA-KIRC","TCGA-CJ-4634-01A-02R-1325-07","TCGA-CJ-4634","Primary Tumor","80a63e36-0f14-4d11-880b-c9c425034d5b","ENSG00000133216.17","EPHB2",302,1.6246,0.4479,0.4067,"OK","EPHB2",1.39209756678308
"TCGA-KIRC","TCGA-B0-5094-01A-01R-1420-07","TCGA-B0-5094","Primary Tumor","c830413d-ad40-4e2a-b2a5-56407eed5ca3","ENSG00000133216.17","EPHB2",246,1.1193,0.3269,0.3522,"OK","EPHB2",1.08358782455645
"TCGA-KIRC","TCGA-B8-A54D-01A-21R-A266-07","TCGA-B8-A54D","Primary Tumor","3f22ab0f-057b-4d34-8722-63ec8c8d1d33","ENSG00000133216.17","EPHB2",166,1.4002,0.5658,0.5699,"OK","EPHB2",1.26315462541145
"TCGA-KIRC","TCGA-BP-4341-01A-01R-1289-07","TCGA-BP-4341","Primary Tumor","cce6300b-bad4-411f-912d-7cb1d9fb9733","ENSG00000133216.17","EPHB2",85,0.3094,0.124,0.1411,"OK","EPHB2",0.388905884039069
"TCGA-KIRC","TCGA-CW-5580-11A-02R-1672-07","TCGA-CW-5580","Solid Tissue Normal","edf83523-a278-4657-88f9-230494fae0b9","ENSG00000133216.17","EPHB2",1872,5.9424,2.0455,2.1604,"OK","EPHB2",2.79543449126729
"TCGA-KIRC","TCGA-B0-4691-01A-01R-1277-07","TCGA-B0-4691","Primary Tumor","ee7ecfb9-1ec5-4553-ba37-19c2b5f0da0f","ENSG00000133216.17","EPHB2",219,0.7967,0.329,0.4422,"OK","EPHB2",0.845349538150094
"TCGA-KIRC","TCGA-B0-4713-01A-01R-1277-07","TCGA-B0-4713","Primary Tumor","637c8c48-42f9-43d7-8281-c014f4170109","ENSG00000133216.17","EPHB2",151,0.7075,0.3015,0.3977,"OK","EPHB2",0.771885578515366
"TCGA-KIRC","TCGA-BP-4768-01A-01R-1289-07","TCGA-BP-4768","Primary Tumor","dcc70515-99c2-4867-b39a-e4c3e3a66430","ENSG00000133216.17","EPHB2",209,0.7618,0.2547,0.2695,"OK","EPHB2",0.817050158432521
"TCGA-KIRC","TCGA-B0-5701-11A-01R-1541-07","TCGA-B0-5701","Solid Tissue Normal","8a56004e-52fb-4a5e-afa0-e466ca53d57b","ENSG00000133216.17","EPHB2",1230,4.9528,1.6364,1.7465,"OK","EPHB2",2.57356842403926
"TCGA-KIRC","TCGA-CJ-4644-01A-02R-1325-07","TCGA-CJ-4644","Primary Tumor","39b522e7-162a-42e6-bdcc-a156016b9a81","ENSG00000133216.17","EPHB2",437,2.2846,0.6823,0.6794,"OK","EPHB2",1.71571768922239
"TCGA-KIRC","TCGA-BP-4756-01A-01R-1289-07","TCGA-BP-4756","Primary Tumor","1c5ca894-35e2-40f0-9d1a-38d25f6d6d78","ENSG00000133216.17","EPHB2",234,0.7781,0.3131,0.3308,"OK","EPHB2",0.830336463339319
"TCGA-KIRC","TCGA-B4-5844-01A-11R-1672-07","TCGA-B4-5844","Primary Tumor","eeb25b36-1272-4092-848e-9807eaed9d4e","ENSG00000133216.17","EPHB2",66,0.3717,0.0981,0.0964,"OK","EPHB2",0.455964988917518
"TCGA-KIRC","TCGA-BP-4992-01A-01R-1334-07","TCGA-BP-4992","Primary Tumor","c0ab320a-1952-4875-af3e-9f30dcc2406b","ENSG00000133216.17","EPHB2",104,0.2742,0.1648,0.2512,"OK","EPHB2",0.349591742556752
"TCGA-KIRC","TCGA-B2-5636-11A-01R-1541-07","TCGA-B2-5636","Solid Tissue Normal","369d7929-e499-436c-b1cc-231715d11635","ENSG00000133216.17","EPHB2",519,1.8878,0.684,0.7449,"OK","EPHB2",1.52997082913658
"TCGA-KIRC","TCGA-B8-4153-01B-11R-1672-07","TCGA-B8-4153","Primary Tumor","acf622b2-9d9f-45c4-992d-28165321a955","ENSG00000133216.17","EPHB2",105,0.4232,0.1853,0.2255,"OK","EPHB2",0.50913841571771
"TCGA-KIRC","TCGA-BP-4355-01A-01R-1289-07","TCGA-BP-4355","Primary Tumor","9fc9bcd9-af84-44b8-bf83-f130d247e9a1","ENSG00000133216.17","EPHB2",93,0.4093,0.1391,0.1482,"OK","EPHB2",0.49497875319664
"TCGA-KIRC","TCGA-CJ-5672-11A-01R-1541-07","TCGA-CJ-5672","Solid Tissue Normal","6a2325f0-0fe8-4fab-8af3-ab89e8aa47f0","ENSG00000133216.17","EPHB2",1909,6.3456,2.2073,2.3091,"OK","EPHB2",2.87688033716292
"TCGA-KIRC","TCGA-CZ-5982-11A-01R-1672-07","TCGA-CZ-5982","Solid Tissue Normal","73b5e567-d5a8-4fe7-b60e-fd4654d56fb5","ENSG00000133216.17","EPHB2",274,0.8277,0.3659,0.449,"OK","EPHB2",0.870029284820997
"TCGA-KIRC","TCGA-B0-4838-01A-01R-1305-07","TCGA-B0-4838","Primary Tumor","4e760e7b-84cb-42ea-9ea9-259abe362af3","ENSG00000133216.17","EPHB2",366,1.6914,0.5703,0.5717,"OK","EPHB2",1.42835682246518
"TCGA-KIRC","TCGA-CZ-5457-01A-01R-1503-07","TCGA-CZ-5457","Primary Tumor","e79eb779-6742-452b-87d4-35e67d30de92","ENSG00000133216.17","EPHB2",305,1.0238,0.3348,0.3514,"OK","EPHB2",1.01706672418983
"TCGA-KIRC","TCGA-CZ-5457-11A-01R-1503-07","TCGA-CZ-5457","Solid Tissue Normal","828b7513-8452-4541-8576-8c2f66e79892","ENSG00000133216.17","EPHB2",1409,4.8932,1.6492,1.7382,"OK","EPHB2",2.55905122836702
"TCGA-KIRC","TCGA-CW-5591-01A-01R-1541-07","TCGA-CW-5591","Primary Tumor","19062abb-b733-43e2-a9f2-81bca6d65a1e","ENSG00000133216.17","EPHB2",1075,6.1536,1.6266,1.5452,"OK","EPHB2",2.83866945099319
"TCGA-KIRC","TCGA-CZ-5988-11A-01R-1672-07","TCGA-CZ-5988","Solid Tissue Normal","73d97d28-fb60-4380-8ba0-34e79da74af2","ENSG00000133216.17","EPHB2",218,0.9703,0.3968,0.4424,"OK","EPHB2",0.978415312707362
"TCGA-KIRC","TCGA-CZ-5988-01A-11R-1672-07","TCGA-CZ-5988","Primary Tumor","a810deed-122b-4c57-9d6f-8146c5064712","ENSG00000133216.17","EPHB2",73,0.6013,0.1559,0.1595,"OK","EPHB2",0.679243618889072
"TCGA-KIRC","TCGA-CW-5591-11A-01R-1541-07","TCGA-CW-5591","Solid Tissue Normal","00252d7f-e222-462f-badc-b97e8dce2021","ENSG00000133216.17","EPHB2",389,1.7887,0.5168,0.5659,"OK","EPHB2",1.47959274189883
"TCGA-KIRC","TCGA-BP-5200-01A-01R-1426-07","TCGA-BP-5200","Primary Tumor","c35af344-001b-434d-8756-e410748e8df1","ENSG00000133216.17","EPHB2",417,1.3038,0.4056,0.4263,"OK","EPHB2",1.20401547739989
"TCGA-KIRC","TCGA-CJ-6031-01A-11R-1672-07","TCGA-CJ-6031","Primary Tumor","52433ea4-d6cc-4d21-a1af-d62c3e9c5d77","ENSG00000133216.17","EPHB2",770,2.5747,0.9785,1.1588,"OK","EPHB2",1.83782217149296
"TCGA-KIRC","TCGA-BP-5187-01A-01R-1426-07","TCGA-BP-5187","Primary Tumor","07857799-d6eb-4a80-83b5-aad368e6cd3c","ENSG00000133216.17","EPHB2",72,0.5435,0.1705,0.204,"OK","EPHB2",0.626205482953038
"TCGA-KIRC","TCGA-B0-5110-01A-01R-1420-07","TCGA-B0-5110","Primary Tumor","a34f90d2-32b4-44e7-a820-07f3d48823ce","ENSG00000133216.17","EPHB2",213,1.2113,0.3237,0.312,"OK","EPHB2",1.14489476425503
"TCGA-KIRC","TCGA-CJ-4889-01A-01R-1305-07","TCGA-CJ-4889","Primary Tumor","dab754d3-54c4-4941-879a-dc107def74d8","ENSG00000133216.17","EPHB2",1021,3.6983,1.4079,1.3672,"OK","EPHB2",2.2321388365289
"TCGA-KIRC","TCGA-CZ-5987-11A-01R-1672-07","TCGA-CZ-5987","Solid Tissue Normal","f007e19e-984c-4c94-b1d0-e4c298d9faa9","ENSG00000133216.17","EPHB2",1381,10.5844,2.9965,2.9149,"OK","EPHB2",3.53411141837875
"TCGA-KIRC","TCGA-CZ-5987-01A-11R-1672-07","TCGA-CZ-5987","Primary Tumor","e3fc3546-680c-44fa-ac79-918668443800","ENSG00000133216.17","EPHB2",153,0.9427,0.3755,0.4107,"OK","EPHB2",0.958063131016612
"TCGA-KIRC","TCGA-AK-3453-01A-02R-1277-07","TCGA-AK-3453","Primary Tumor","fb47d9fc-c3a4-4f1c-b707-4996b5520351","ENSG00000133216.17","EPHB2",90,0.5081,0.2511,0.309,"OK","EPHB2",0.592732094867074
"TCGA-KIRC","TCGA-BP-4330-01A-01R-1289-07","TCGA-BP-4330","Primary Tumor","4d986c3f-bde2-4e66-836d-30b701d0781c","ENSG00000133216.17","EPHB2",542,2.1478,0.6834,0.6692,"OK","EPHB2",1.65434388005304
"TCGA-KIRC","TCGA-B0-5119-01A-02R-1420-07","TCGA-B0-5119","Primary Tumor","512aef07-f542-4aa6-b3e6-8f74ae1ce224","ENSG00000133216.17","EPHB2",200,0.9729,0.2832,0.2778,"OK","EPHB2",0.980317832310682
"TCGA-KIRC","TCGA-BP-4176-01A-02R-1289-07","TCGA-BP-4176","Primary Tumor","61e85059-9ba2-43ba-9246-4731ace197e4","ENSG00000133216.17","EPHB2",348,1.499,0.4835,0.5204,"OK","EPHB2",1.32135090142462
"TCGA-KIRC","TCGA-CW-6087-01A-11R-1672-07","TCGA-CW-6087","Primary Tumor","8e95a2b4-3110-4dd6-b3c9-b3e83c563282","ENSG00000133216.17","EPHB2",4564,17.1068,4.775,4.7586,"OK","EPHB2",4.17845969738456
"TCGA-KIRC","TCGA-CW-6087-11A-01R-1672-07","TCGA-CW-6087","Solid Tissue Normal","7c90bf9b-74c9-459c-9cd7-944ea4535a6d","ENSG00000133216.17","EPHB2",1176,2.8731,1.3123,1.5589,"OK","EPHB2",1.95348875095098
"TCGA-KIRC","TCGA-B0-4699-01A-01R-1277-07","TCGA-B0-4699","Primary Tumor","feb6de8d-c44f-44ca-9583-232511ef54fd","ENSG00000133216.17","EPHB2",6276,17.9651,5.3902,5.4973,"OK","EPHB2",4.24527507364441
"TCGA-KIRC","TCGA-CJ-6032-01A-11R-1672-07","TCGA-CJ-6032","Primary Tumor","37faaa8d-fcc6-4feb-beae-cfe8155b03c2","ENSG00000133216.17","EPHB2",222,0.881,0.255,0.2517,"OK","EPHB2",0.911499848861108
"TCGA-KIRC","TCGA-B0-5709-01A-11R-1541-07","TCGA-B0-5709","Primary Tumor","4f836d31-425e-43d4-8052-5e4a1d770efd","ENSG00000133216.17","EPHB2",1179,5.3772,1.4255,1.3967,"OK","EPHB2",2.67292312731386
"TCGA-KIRC","TCGA-B0-5709-11A-01R-1541-07","TCGA-B0-5709","Solid Tissue Normal","213b2ef0-57cb-4fa3-9d56-2bda451006c9","ENSG00000133216.17","EPHB2",438,1.4374,0.5225,0.5529,"OK","EPHB2",1.28534303015926
"TCGA-KIRC","TCGA-AK-3445-01A-02R-1277-07","TCGA-AK-3445","Primary Tumor","8ebf5653-96f8-4adc-a251-d8c059d699b0","ENSG00000133216.17","EPHB2",429,2.4555,0.7612,0.8433,"OK","EPHB2",1.78889447916044
"TCGA-KIRC","TCGA-BP-4970-01A-01R-1334-07","TCGA-BP-4970","Primary Tumor","ab55b80d-abac-431c-bd6e-e5e1ed46210f","ENSG00000133216.17","EPHB2",754,2.53,0.6859,0.7048,"OK","EPHB2",1.81966818349646
"TCGA-KIRC","TCGA-BP-4963-01A-01R-1334-07","TCGA-BP-4963","Primary Tumor","a89b3ab8-977d-4c4d-8323-ca8d6df792e4","ENSG00000133216.17","EPHB2",514,2.0784,0.6946,0.7068,"OK","EPHB2",1.62218070422059
"TCGA-KIRC","TCGA-BP-4770-01A-01R-1503-07","TCGA-BP-4770","Primary Tumor","e8a098f6-ed3e-46a8-ae16-2f130a5fb715","ENSG00000133216.17","EPHB2",6546,25.8562,7.1878,9.3161,"OK","EPHB2",4.74718328092635
"TCGA-KIRC","TCGA-B0-5117-01A-01R-1420-07","TCGA-B0-5117","Primary Tumor","cdc162f6-6ee3-45bb-a764-88458b87bf7b","ENSG00000133216.17","EPHB2",193,0.517,0.3096,0.4731,"OK","EPHB2",0.601221085584946
"TCGA-KIRC","TCGA-BP-4987-01A-01R-1334-07","TCGA-BP-4987","Primary Tumor","72595e5d-dab6-4d89-8332-6b0a599e218b","ENSG00000133216.17","EPHB2",248,1.0182,0.3051,0.2994,"OK","EPHB2",1.01306915001952
"TCGA-KIRC","TCGA-MW-A4EC-01A-11R-A266-07","TCGA-MW-A4EC","Primary Tumor","4488f655-ed4d-44d1-acad-20d9c530f84d","ENSG00000133216.17","EPHB2",175,0.9382,0.2901,0.2866,"OK","EPHB2",0.954717448008262
"TCGA-KIRC","TCGA-B8-4622-11A-01R-1758-07","TCGA-B8-4622","Solid Tissue Normal","d2f080ca-6e8b-4b9c-b64d-376ca8a8beed","ENSG00000133216.17","EPHB2",470,1.9321,0.8295,0.9674,"OK","EPHB2",1.5519343077841
"TCGA-KIRC","TCGA-BP-5008-01A-01R-1334-07","TCGA-BP-5008","Primary Tumor","40b17492-39d1-4ce2-8f91-9e1cba32f42a","ENSG00000133216.17","EPHB2",450,1.6601,0.4909,0.5194,"OK","EPHB2",1.41148048136268
"TCGA-KIRC","TCGA-CZ-5467-01A-01R-1503-07","TCGA-CZ-5467","Primary Tumor","063830a5-bb8f-4d58-98d6-c49ea4f1f66d","ENSG00000133216.17","EPHB2",152,0.7038,0.1922,0.1986,"OK","EPHB2",0.768755995221883
"TCGA-KIRC","TCGA-CZ-5467-11A-01R-1503-07","TCGA-CZ-5467","Solid Tissue Normal","e4240172-1921-44aa-95da-781be3485a1e","ENSG00000133216.17","EPHB2",1832,6.127,2.1887,2.5007,"OK","EPHB2",2.83329492436692
"TCGA-KIRC","TCGA-BP-5202-01A-02R-1426-07","TCGA-BP-5202","Primary Tumor","cd6333d6-6973-4278-8c7d-ad89e71bd508","ENSG00000133216.17","EPHB2",264,0.9783,0.2913,0.2975,"OK","EPHB2",0.984261220684439
"TCGA-KIRC","TCGA-B0-4817-01A-01R-1277-07","TCGA-B0-4817","Primary Tumor","f88159e9-78e2-4222-b9f6-2d50c5b3387a","ENSG00000133216.17","EPHB2",37,0.1499,0.0715,0.0973,"OK","EPHB2",0.201508403972225
"TCGA-KIRC","TCGA-CJ-4895-01A-01R-1305-07","TCGA-CJ-4895","Primary Tumor","4f8bfa46-5071-4cd4-9626-b91221550dd7","ENSG00000133216.17","EPHB2",420,2.0219,0.6597,0.6962,"OK","EPHB2",1.59545591996961
"TCGA-KIRC","TCGA-B0-5710-01A-11R-1672-07","TCGA-B0-5710","Primary Tumor","1a351079-31b5-4080-a03d-62ea7065d7a8","ENSG00000133216.17","EPHB2",131,0.7011,0.1911,0.2001,"OK","EPHB2",0.766467953031591
"TCGA-KIRC","TCGA-B2-5641-01A-01R-1541-07","TCGA-B2-5641","Primary Tumor","e20633e3-526f-4ac5-9cb0-202a028462b0","ENSG00000133216.17","EPHB2",995,4.595,1.3327,1.4339,"OK","EPHB2",2.48413813120167
"TCGA-KIRC","TCGA-BP-4801-01A-02R-1420-07","TCGA-BP-4801","Primary Tumor","929af903-a778-4a8c-9d04-de3c9d9df5eb","ENSG00000133216.17","EPHB2",791,3.6617,1.0893,1.1341,"OK","EPHB2",2.22085616396088
"TCGA-KIRC","TCGA-CJ-4912-01A-01R-1426-07","TCGA-CJ-4912","Primary Tumor","4caac446-75ef-4e21-ab99-216a5962f956","ENSG00000133216.17","EPHB2",47,0.1678,0.0833,0.1074,"OK","EPHB2",0.223793216243033
"TCGA-KIRC","TCGA-BP-5173-01A-01R-1426-07","TCGA-BP-5173","Primary Tumor","be6fa48c-95e0-4a7f-aa05-362d1b7a5a4a","ENSG00000133216.17","EPHB2",126,0.5239,0.1647,0.1859,"OK","EPHB2",0.607768234696361
"TCGA-KIRC","TCGA-CJ-4887-01A-01R-1305-07","TCGA-CJ-4887","Primary Tumor","4a0d03ae-65be-4168-89c9-0a756f0e47fc","ENSG00000133216.17","EPHB2",547,2.0611,0.8195,0.9586,"OK","EPHB2",1.61405017558936
"TCGA-KIRC","TCGA-AK-3426-01A-02R-1325-07","TCGA-AK-3426","Primary Tumor","0c25f495-ae84-45a3-8c7a-5521ddcccf70","ENSG00000133216.17","EPHB2",622,3.0308,1.5132,1.9875,"OK","EPHB2",2.01106620140621
"TCGA-KIRC","TCGA-BP-5180-01A-01R-1426-07","TCGA-BP-5180","Primary Tumor","b10d2838-f728-467e-8582-369ad21a98a2","ENSG00000133216.17","EPHB2",333,1.0979,0.412,0.4806,"OK","EPHB2",1.06894591102173
"TCGA-KIRC","TCGA-A3-3362-01A-02R-1325-07","TCGA-A3-3362","Primary Tumor","61ffeb1c-0382-40bb-bd32-a071b2b4c39d","ENSG00000133216.17","EPHB2",239,1.484,0.4408,0.4335,"OK","EPHB2",1.31266517355839
"TCGA-KIRC","TCGA-B0-5713-01A-11R-1672-07","TCGA-B0-5713","Primary Tumor","6304f098-1ae4-4c6c-93c7-ac5b15b307a7","ENSG00000133216.17","EPHB2",189,0.8566,0.2515,0.243,"OK","EPHB2",0.892663023578705
"TCGA-KIRC","TCGA-B8-4146-01B-11R-1672-07","TCGA-B8-4146","Primary Tumor","44c858ac-1ce0-491a-aef5-979224aa09f5","ENSG00000133216.17","EPHB2",116,0.7207,0.1825,0.1833,"OK","EPHB2",0.782995588813533
"TCGA-KIRC","TCGA-BP-4977-01A-01R-1334-07","TCGA-BP-4977","Primary Tumor","3bca5269-8bb3-4826-bc22-e7b068853f45","ENSG00000133216.17","EPHB2",425,1.289,0.4579,0.5096,"OK","EPHB2",1.1947174628936
"TCGA-KIRC","TCGA-BP-4981-01A-01R-1334-07","TCGA-BP-4981","Primary Tumor","b65b4ebc-e8b9-4926-8761-56b99fbd9e9a","ENSG00000133216.17","EPHB2",158,0.456,0.2275,0.3283,"OK","EPHB2",0.542010355536609
"TCGA-KIRC","TCGA-CJ-5675-01A-11R-1541-07","TCGA-CJ-5675","Primary Tumor","2faa29c8-49e9-4fda-baea-f73583f3a27f","ENSG00000133216.17","EPHB2",668,3.0076,0.896,0.9293,"OK","EPHB2",2.00273851980693
"TCGA-KIRC","TCGA-B0-4845-01A-01R-1277-07","TCGA-B0-4845","Primary Tumor","633fef2c-c9ce-4b76-ae7b-0dfcc4123a6f","ENSG00000133216.17","EPHB2",76,0.3606,0.1278,0.1363,"OK","EPHB2",0.444242994222485
"TCGA-KIRC","TCGA-B2-4101-01A-02R-1277-07","TCGA-B2-4101","Primary Tumor","27023402-b661-4cda-98ef-f9b68b3f8c59","ENSG00000133216.17","EPHB2",422,2.1256,0.6701,0.6817,"OK","EPHB2",1.64413316063422
"TCGA-KIRC","TCGA-B4-5377-01A-01R-1503-07","TCGA-B4-5377","Primary Tumor","c0dc2255-258a-463b-bd10-f6ee1771860d","ENSG00000133216.17","EPHB2",625,2.5021,0.6534,0.6271,"OK","EPHB2",1.80822027950086
"TCGA-KIRC","TCGA-BP-4961-01A-01R-1334-07","TCGA-BP-4961","Primary Tumor","563b7a76-4875-41e3-a39f-c36f4476c159","ENSG00000133216.17","EPHB2",244,0.9364,0.2498,0.2542,"OK","EPHB2",0.953376999311406
"TCGA-KIRC","TCGA-CJ-5677-11A-01R-1541-07","TCGA-CJ-5677","Solid Tissue Normal","5df50268-5981-49b7-8604-1dfe1af21cb9","ENSG00000133216.17","EPHB2",779,2.8165,1.0313,1.1023,"OK","EPHB2",1.9322501913294
"TCGA-KIRC","TCGA-CJ-5677-01A-11R-1541-07","TCGA-CJ-5677","Primary Tumor","e47ee1c9-13c8-4c78-b1d6-8a6795bebee8","ENSG00000133216.17","EPHB2",733,3.7165,1.2931,1.5442,"OK","EPHB2",2.23771666769931
"TCGA-KIRC","TCGA-6D-AA2E-01A-11R-A37O-07","TCGA-6D-AA2E","Primary Tumor","44dade70-3ecc-4be0-88a8-772cb763d5bb","ENSG00000133216.17","EPHB2",179,0.9471,0.3658,0.3878,"OK","EPHB2",0.961326980513933
"TCGA-KIRC","TCGA-B8-5163-01A-01R-1420-07","TCGA-B8-5163","Primary Tumor","39c94a70-a68c-405c-bfbf-9675fbb1411a","ENSG00000133216.17","EPHB2",1378,4.8925,1.3274,1.5187,"OK","EPHB2",2.55887985347544
"TCGA-KIRC","TCGA-B0-5092-01A-01R-1420-07","TCGA-B0-5092","Primary Tumor","db99b502-b286-4b36-a0a5-28b6b413b81a","ENSG00000133216.17","EPHB2",473,2.15,0.8257,0.9271,"OK","EPHB2",1.65535182861255
"TCGA-KIRC","TCGA-CZ-4857-01A-01R-1305-07","TCGA-CZ-4857","Primary Tumor","298544f7-b010-45cc-a518-619b8e04e4fc","ENSG00000133216.17","EPHB2",741,4.0057,1.2569,1.3822,"OK","EPHB2",2.3235718304826
"TCGA-KIRC","TCGA-B0-4703-01A-01R-1277-07","TCGA-B0-4703","Primary Tumor","a09990aa-76c9-4041-a2f5-317be4c5ab09","ENSG00000133216.17","EPHB2",2817,15.8666,3.9899,4.2295,"OK","EPHB2",4.07609727672258
"TCGA-KIRC","TCGA-BP-4974-01A-01R-1334-07","TCGA-BP-4974","Primary Tumor","4ab781c9-0569-4b74-b233-a8d898392f66","ENSG00000133216.17","EPHB2",214,0.7143,0.2015,0.2058,"OK","EPHB2",0.777619601072133
"TCGA-KIRC","TCGA-BP-5001-01A-01R-1334-07","TCGA-BP-5001","Primary Tumor","03c6d5d2-1a33-4ae7-9421-f43b14fc97bd","ENSG00000133216.17","EPHB2",69,0.2118,0.1023,0.1342,"OK","EPHB2",0.277151610677493
"TCGA-KIRC","TCGA-AK-3458-01A-01R-1503-07","TCGA-AK-3458","Primary Tumor","4bc67f13-2c7c-4be8-8bfe-1c2fffecf694","ENSG00000133216.17","EPHB2",39,0.2101,0.0759,0.0956,"OK","EPHB2",0.275126273568355
"TCGA-KIRC","TCGA-B0-4846-01A-01R-1277-07","TCGA-B0-4846","Primary Tumor","396123b0-8914-42db-a9f3-4fdf987c5faf","ENSG00000133216.17","EPHB2",334,1.6528,0.4642,0.4589,"OK","EPHB2",1.4075159119463
"TCGA-KIRC","TCGA-BP-4161-01A-02R-1325-07","TCGA-BP-4161","Primary Tumor","e1beebe9-dc24-4f9d-a89f-87001fcf25c7","ENSG00000133216.17","EPHB2",420,1.8362,0.59,0.5837,"OK","EPHB2",1.50395927053036
"TCGA-KIRC","TCGA-BP-4964-01A-01R-1334-07","TCGA-BP-4964","Primary Tumor","00174492-1adc-4310-8147-a622befbb466","ENSG00000133216.17","EPHB2",253,0.7785,0.2744,0.3113,"OK","EPHB2",0.830660974399763
"TCGA-KIRC","TCGA-BP-4769-01A-01R-1289-07","TCGA-BP-4769","Primary Tumor","c69d9c36-61e3-4985-b17b-b64bd7ed3821","ENSG00000133216.17","EPHB2",168,1.0013,0.2561,0.2535,"OK","EPHB2",1.00093744713925
"TCGA-KIRC","TCGA-BP-4797-01A-01R-1305-07","TCGA-BP-4797","Primary Tumor","1164d793-7d50-42c9-9b8c-74affd93964d","ENSG00000133216.17","EPHB2",766,2.455,0.8465,0.9499,"OK","EPHB2",1.78868571061353
"TCGA-KIRC","TCGA-T7-A92I-01A-11R-A37O-07","TCGA-T7-A92I","Primary Tumor","1263f317-119b-428c-96b1-c187e54bb275","ENSG00000133216.17","EPHB2",188,0.8278,0.2311,0.2234,"OK","EPHB2",0.870108217664178
"TCGA-KIRC","TCGA-B0-4693-01A-01R-1277-07","TCGA-B0-4693","Primary Tumor","afb1e9c1-aa37-40d4-a2b0-5996c023d30b","ENSG00000133216.17","EPHB2",200,1.1172,0.3613,0.3578,"OK","EPHB2",1.08215755908543
"TCGA-KIRC","TCGA-B8-4143-01A-01R-1188-07","TCGA-B8-4143","Primary Tumor","fa927427-fa20-44d0-b574-81d99277be8a","ENSG00000133216.17","EPHB2",289,1.5612,0.5189,0.5407,"OK","EPHB2",1.35681991507599
"TCGA-KIRC","TCGA-B0-5697-01A-11R-1541-07","TCGA-B0-5697","Primary Tumor","98ca487a-a503-459a-8665-11a3caf8bce5","ENSG00000133216.17","EPHB2",1347,5.0911,1.5918,1.6723,"OK","EPHB2",2.60670278991163
"TCGA-KIRC","TCGA-B0-5697-11A-01R-1541-07","TCGA-B0-5697","Solid Tissue Normal","05aedbb7-c56c-4756-b8e8-302afaedcb4c","ENSG00000133216.17","EPHB2",401,1.7536,0.7075,0.7666,"OK","EPHB2",1.46131900249075
"TCGA-KIRC","TCGA-CJ-4876-01A-01R-1305-07","TCGA-CJ-4876","Primary Tumor","08e51a10-bb34-448d-bc76-c02834852933","ENSG00000133216.17","EPHB2",45,0.2032,0.0706,0.0736,"OK","EPHB2",0.266876472128188
"TCGA-KIRC","TCGA-BP-4763-01A-01R-1289-07","TCGA-BP-4763","Primary Tumor","578db3bb-5ca7-413d-a38b-79876d4b98ac","ENSG00000133216.17","EPHB2",126,0.6365,0.1869,0.1987,"OK","EPHB2",0.710613602382676
"TCGA-KIRC","TCGA-BP-4971-01A-01R-1334-07","TCGA-BP-4971","Primary Tumor","6b95e135-1a51-4d0c-bd2c-ab55273a3eb7","ENSG00000133216.17","EPHB2",278,0.7239,0.318,0.3945,"OK","EPHB2",0.785676088992904
"TCGA-KIRC","TCGA-AS-3777-01A-01R-0864-07","TCGA-AS-3777","Primary Tumor","d9979174-ee0c-42bb-b928-a4f642845db7","ENSG00000133216.17","EPHB2",219,0.5171,0.2514,0.4457,"OK","EPHB2",0.601316184298991
"TCGA-KIRC","TCGA-B0-4833-01A-01R-1305-07","TCGA-B0-4833","Primary Tumor","fa7f749b-6c8e-4052-8196-fd91d52e67f1","ENSG00000133216.17","EPHB2",147,0.7696,0.3327,0.3748,"OK","EPHB2",0.823423290685258
"TCGA-KIRC","TCGA-A3-3323-01A-02R-1325-07","TCGA-A3-3323","Primary Tumor","8ebdb262-631c-4ac0-af24-16dca92d8c45","ENSG00000133216.17","EPHB2",515,3.2358,0.9526,0.9753,"OK","EPHB2",2.08263447180901
"TCGA-KIRC","TCGA-B8-5158-01A-01R-1420-07","TCGA-B8-5158","Primary Tumor","88aade97-0051-480d-be54-bce61b4e5b91","ENSG00000133216.17","EPHB2",754,3.0687,0.8637,0.9507,"OK","EPHB2",2.02456790919802
"TCGA-KIRC","TCGA-BP-4167-01A-02R-1325-07","TCGA-BP-4167","Primary Tumor","d19fa0dd-5832-46a8-a7a0-142075684a55","ENSG00000133216.17","EPHB2",411,1.534,0.7109,0.9289,"OK","EPHB2",1.34141652447872
"TCGA-KIRC","TCGA-BP-4163-01A-02R-1325-07","TCGA-BP-4163","Primary Tumor","99b8979a-d55a-4c42-9df1-58c9a3f70a92","ENSG00000133216.17","EPHB2",440,2.9728,0.8815,0.9214,"OK","EPHB2",1.99015616662739
"TCGA-KIRC","TCGA-B0-5106-01A-01R-1420-07","TCGA-B0-5106","Primary Tumor","f4fbf55a-1a2a-458e-9223-921e2dc9352e","ENSG00000133216.17","EPHB2",434,1.9473,0.6643,0.7259,"OK","EPHB2",1.5593939170904
"TCGA-KIRC","TCGA-BP-4332-01A-01R-1289-07","TCGA-BP-4332","Primary Tumor","a059cc98-e8d4-4428-b326-ac59b5445f67","ENSG00000133216.17","EPHB2",169,0.783,0.2427,0.2389,"OK","EPHB2",0.834306702962908
"TCGA-KIRC","TCGA-B0-5084-01A-01R-1334-07","TCGA-B0-5084","Primary Tumor","8398a735-962c-4b4c-87b6-cf1e0a07ce91","ENSG00000133216.17","EPHB2",1222,3.8467,1.5288,1.8523,"OK","EPHB2",2.27700278563884
"TCGA-KIRC","TCGA-CZ-5452-11A-01R-1503-07","TCGA-CZ-5452","Solid Tissue Normal","01851b83-f8c4-4108-99c9-248fe29e39e9","ENSG00000133216.17","EPHB2",1498,6.7877,1.9793,1.9396,"OK","EPHB2",2.9611973092189
"TCGA-KIRC","TCGA-CZ-5452-01A-01R-1503-07","TCGA-CZ-5452","Primary Tumor","b2c3a163-384f-4246-880f-ae2caebf0d17","ENSG00000133216.17","EPHB2",439,1.762,0.6115,0.6628,"OK","EPHB2",1.46571331959596
"TCGA-KIRC","TCGA-B8-A54G-01A-11R-A266-07","TCGA-B8-A54G","Primary Tumor","c1873d0a-2c67-44c7-97ba-9a10cd7ed962","ENSG00000133216.17","EPHB2",684,4.3312,1.3159,1.2972,"OK","EPHB2",2.4144603058161
"TCGA-KIRC","TCGA-B2-5636-01A-02R-1541-07","TCGA-B2-5636","Primary Tumor","27918218-c6a5-4f1d-b25c-bdf08d4146bd","ENSG00000133216.17","EPHB2",208,1.4207,0.3198,0.3004,"OK","EPHB2",1.27542429563988
"TCGA-KIRC","TCGA-CW-5590-01A-01R-1541-07","TCGA-CW-5590","Primary Tumor","6f5c8394-3144-428a-a38d-eb39be4379b5","ENSG00000133216.17","EPHB2",269,1.1309,0.3528,0.3831,"OK","EPHB2",1.09146289115477
"TCGA-KIRC","TCGA-A3-3351-01A-02R-1325-07","TCGA-A3-3351","Primary Tumor","9f112190-6fc5-456b-a1f6-d7440529a66b","ENSG00000133216.17","EPHB2",556,3.6986,0.9685,0.9218,"OK","EPHB2",2.23223095382554
"TCGA-KIRC","TCGA-CJ-5672-01A-11R-1541-07","TCGA-CJ-5672","Primary Tumor","0666c919-fe81-415e-84ea-c782234e3aa0","ENSG00000133216.17","EPHB2",329,1.803,0.6856,0.7569,"OK","EPHB2",1.48697174437041
"TCGA-KIRC","TCGA-BP-4790-01A-01R-1305-07","TCGA-BP-4790","Primary Tumor","84541c24-ecb8-47a6-9e6f-45a6fe854d93","ENSG00000133216.17","EPHB2",472,2.8532,0.8073,0.7836,"OK","EPHB2",1.94605707089748
"TCGA-KIRC","TCGA-A3-A8OU-01A-11R-A37O-07","TCGA-A3-A8OU","Primary Tumor","56c82934-f740-406c-afad-f9d8bd17aff3","ENSG00000133216.17","EPHB2",172,0.9246,0.2769,0.2766,"OK","EPHB2",0.944558633869451
"TCGA-KIRC","TCGA-BP-4349-01A-01R-1289-07","TCGA-BP-4349","Primary Tumor","c35bcaa8-f2f8-4c08-af74-910f73e5bc94","ENSG00000133216.17","EPHB2",84,0.3091,0.1118,0.1214,"OK","EPHB2",0.388575306598427
"TCGA-KIRC","TCGA-B0-5104-01A-01R-1420-07","TCGA-B0-5104","Primary Tumor","f98a1953-c008-4ab9-a17e-be80b5fd43fe","ENSG00000133216.17","EPHB2",83,0.2785,0.0987,0.1052,"OK","EPHB2",0.354452160579562
"TCGA-KIRC","TCGA-B2-A4SR-01A-11R-A266-07","TCGA-B2-A4SR","Primary Tumor","fa994287-faa4-483c-8225-1d45a1d0d522","ENSG00000133216.17","EPHB2",190,1.129,0.3027,0.2829,"OK","EPHB2",1.09017594979021
"TCGA-KIRC","TCGA-B0-5399-01A-01R-1503-07","TCGA-B0-5399","Primary Tumor","6a1c052c-21bb-4688-96db-3d605b0fa93a","ENSG00000133216.17","EPHB2",312,1.4263,0.4359,0.4448,"OK","EPHB2",1.27875794359686
"TCGA-KIRC","TCGA-B8-4622-01A-02R-1277-07","TCGA-B8-4622","Primary Tumor","34fd315d-cfd8-4d85-8114-22311d55a1fc","ENSG00000133216.17","EPHB2",249,1.2215,0.4035,0.4196,"OK","EPHB2",1.15153414134792
"TCGA-KIRC","TCGA-BP-4776-01A-01R-1289-07","TCGA-BP-4776","Primary Tumor","ee6d69a8-5bb0-4271-b349-3bcad539b275","ENSG00000133216.17","EPHB2",45,0.2273,0.1041,0.1248,"OK","EPHB2",0.295487943059753
"TCGA-KIRC","TCGA-BP-4798-01A-01R-1305-07","TCGA-BP-4798","Primary Tumor","6b920c35-ec0c-4772-9163-a22f4cb27c9f","ENSG00000133216.17","EPHB2",1543,5.6167,2.1981,2.3975,"OK","EPHB2",2.72611186950122
"TCGA-KIRC","TCGA-B2-5641-11A-01R-1541-07","TCGA-B2-5641","Solid Tissue Normal","8c2d01a0-7df8-465a-9739-b25d96f98ddd","ENSG00000133216.17","EPHB2",1792,9.4036,3.0027,2.946,"OK","EPHB2",3.37901093127725
"TCGA-KIRC","TCGA-AK-3425-01A-02R-1277-07","TCGA-AK-3425","Primary Tumor","8bec131b-088c-41f6-95d1-3eece690b53f","ENSG00000133216.17","EPHB2",569,2.8688,0.9836,1.1317,"OK","EPHB2",1.95188614969967
"TCGA-KIRC","TCGA-BP-4334-01A-01R-1289-07","TCGA-BP-4334","Primary Tumor","1b242926-e8c1-4f9b-88fa-40211585207e","ENSG00000133216.17","EPHB2",435,1.618,0.9822,1.5132,"OK","EPHB2",1.38846509728315
"TCGA-KIRC","TCGA-B0-5695-01A-11R-1541-07","TCGA-B0-5695","Primary Tumor","a3cac4bf-4b70-4fc8-b0a5-8bda5b6d405c","ENSG00000133216.17","EPHB2",164,0.6819,0.1927,0.2015,"OK","EPHB2",0.750091930448653
"TCGA-KIRC","TCGA-CJ-6027-01A-11R-1672-07","TCGA-CJ-6027","Primary Tumor","46b3a547-c7a4-4499-9a77-29eb56f0a570","ENSG00000133216.17","EPHB2",417,1.492,0.5648,0.6207,"OK","EPHB2",1.31730406836191
"TCGA-KIRC","TCGA-CJ-4869-01A-02R-1426-07","TCGA-CJ-4869","Primary Tumor","2e5ca57e-8530-43b5-806f-8915d421552f","ENSG00000133216.17","EPHB2",522,1.6881,0.6199,0.7241,"OK","EPHB2",1.42658680880885
"TCGA-KIRC","TCGA-BP-5189-01A-02R-1426-07","TCGA-BP-5189","Primary Tumor","36513c94-fb14-4008-838a-13d23d609382","ENSG00000133216.17","EPHB2",524,1.579,0.4478,0.4896,"OK","EPHB2",1.36681177312713
"TCGA-KIRC","TCGA-BP-4760-01A-02R-1420-07","TCGA-BP-4760","Primary Tumor","9651c36d-8d1e-411a-9d5a-42550b73b426","ENSG00000133216.17","EPHB2",500,2.7343,0.6988,0.7109,"OK","EPHB2",1.90083783306135
"TCGA-KIRC","TCGA-BP-5201-01A-01R-1426-07","TCGA-BP-5201","Primary Tumor","902fddff-c332-4871-bf4e-c9fa0445f2a2","ENSG00000133216.17","EPHB2",281,0.9167,0.3526,0.4292,"OK","EPHB2",0.93862454546622
"TCGA-KIRC","TCGA-DV-5568-01A-01R-1541-07","TCGA-DV-5568","Primary Tumor","89bb336a-c128-4492-9109-e657f8f2011b","ENSG00000133216.17","EPHB2",274,1.1746,0.4012,0.4796,"OK","EPHB2",1.12075005333493
"TCGA-KIRC","TCGA-BP-4159-01A-02R-1289-07","TCGA-BP-4159","Primary Tumor","16574f32-3388-42a3-a5ca-9248e75fd522","ENSG00000133216.17","EPHB2",78,0.2897,0.1395,0.1836,"OK","EPHB2",0.367035516155009
"TCGA-KIRC","TCGA-CJ-4636-01A-02R-1325-07","TCGA-CJ-4636","Primary Tumor","617f7aad-7b59-4e20-8e1c-fa324cc1bef4","ENSG00000133216.17","EPHB2",473,2.144,0.8744,0.9815,"OK","EPHB2",1.65260121759652
"TCGA-KIRC","TCGA-B8-A54K-01A-11R-A33J-07","TCGA-B8-A54K","Primary Tumor","d1cd1a00-c44a-4581-ad07-e234303a65b9","ENSG00000133216.17","EPHB2",585,3.6053,0.9916,0.995,"OK","EPHB2",2.2032951399029
"TCGA-KIRC","TCGA-B2-4098-01A-02R-1325-07","TCGA-B2-4098","Primary Tumor","432ac91a-657b-4630-a5c8-0499aed1b13c","ENSG00000133216.17","EPHB2",366,1.6091,0.7581,0.9259,"OK","EPHB2",1.38355223995426
"TCGA-KIRC","TCGA-BP-4771-01A-01R-1289-07","TCGA-BP-4771","Primary Tumor","ed4e33b6-e610-40f6-a9cb-68d27b24b7ea","ENSG00000133216.17","EPHB2",889,2.9556,1.1744,1.269,"OK","EPHB2",1.9838965446023
"TCGA-KIRC","TCGA-BP-5199-01A-01R-1426-07","TCGA-BP-5199","Primary Tumor","d014104d-47ca-441c-9756-66672008cb14","ENSG00000133216.17","EPHB2",379,1.5113,0.4559,0.4876,"OK","EPHB2",1.32843438331255
"TCGA-KIRC","TCGA-B0-5691-01A-11R-1541-07","TCGA-B0-5691","Primary Tumor","b43e8a88-6ed9-4a7a-ade7-91f340ad5465","ENSG00000133216.17","EPHB2",480,4.1646,1.0596,0.9919,"OK","EPHB2",2.36865661620297
"TCGA-KIRC","TCGA-A3-3307-01A-01R-0864-07","TCGA-A3-3307","Primary Tumor","b605224a-cf9c-4092-beb4-5ed43c1179de","ENSG00000133216.17","EPHB2",190,1.2707,0.3608,0.3403,"OK","EPHB2",1.18313711286916
"TCGA-KIRC","TCGA-B0-5694-01A-11R-1541-07","TCGA-B0-5694","Primary Tumor","24f33eec-e332-4d33-a628-a366f2a18d52","ENSG00000133216.17","EPHB2",145,0.7412,0.2932,0.3345,"OK","EPHB2",0.800081925238451
"TCGA-KIRC","TCGA-CZ-4854-01A-01R-1305-07","TCGA-CZ-4854","Primary Tumor","32d5318e-4553-4f8d-81bb-82f59885fc60","ENSG00000133216.17","EPHB2",331,1.1786,0.4236,0.4677,"OK","EPHB2",1.12340133597191
"TCGA-KIRC","TCGA-DV-5566-01A-01R-1541-07","TCGA-DV-5566","Primary Tumor","adb0fc04-0e35-4637-b3e2-6d9299b97069","ENSG00000133216.17","EPHB2",143,0.8769,0.2829,0.2908,"OK","EPHB2",0.908351786371604
"TCGA-KIRC","TCGA-B2-5635-01B-04R-A277-07","TCGA-B2-5635","Primary Tumor","2afa2c24-7bbf-4855-acb8-feaa22dc4c33","ENSG00000133216.17","EPHB2",286,2.7514,0.9117,0.8214,"OK","EPHB2",1.90742910124232
"TCGA-KIRC","TCGA-B8-A8YJ-01A-13R-A39I-07","TCGA-B8-A8YJ","Primary Tumor","8cd89112-70a7-4f63-9b41-e3379589cb5e","ENSG00000133216.17","EPHB2",312,2.0469,0.5635,0.5809,"OK","EPHB2",1.60734215119882
"TCGA-KIRC","TCGA-B0-5703-01A-11R-1541-07","TCGA-B0-5703","Primary Tumor","cc8c7c7e-a682-43ca-af76-08b49bf3512a","ENSG00000133216.17","EPHB2",41,0.1749,0.072,0.0803,"OK","EPHB2",0.232537969008518
"TCGA-KIRC","TCGA-BP-4989-01A-01R-1334-07","TCGA-BP-4989","Primary Tumor","c4143095-ebf5-4ce2-91fe-6aea9cc62cc7","ENSG00000133216.17","EPHB2",486,1.2624,0.5702,0.6751,"OK","EPHB2",1.17785402525995
"TCGA-KIRC","TCGA-BP-4972-01A-01R-1334-07","TCGA-BP-4972","Primary Tumor","e6a09aba-4d6e-4079-9b34-0e9caf705885","ENSG00000133216.17","EPHB2",1617,4.4997,1.3836,1.4779,"OK","EPHB2",2.45935292403429
"TCGA-KIRC","TCGA-B0-4700-11A-01R-1541-07","TCGA-B0-4700","Solid Tissue Normal","6ec7b719-0f95-4108-8e26-a7049e29d495","ENSG00000133216.17","EPHB2",264,0.8673,0.4443,0.5641,"OK","EPHB2",0.900953729247535
"TCGA-KIRC","TCGA-CJ-4908-01A-01R-1426-07","TCGA-CJ-4908","Primary Tumor","626f256f-7057-47c3-8775-cda761910b1f","ENSG00000133216.17","EPHB2",403,1.619,0.4701,0.4824,"OK","EPHB2",1.38901605968851
"TCGA-KIRC","TCGA-BP-5184-01A-01R-1426-07","TCGA-BP-5184","Primary Tumor","6838acd3-3b0b-4ba4-b9da-1d0ffe9c5640","ENSG00000133216.17","EPHB2",170,0.9646,0.2968,0.3077,"OK","EPHB2",0.974235604209071
"TCGA-KIRC","TCGA-CZ-5463-11A-01R-1503-07","TCGA-CZ-5463","Solid Tissue Normal","ba6dfcd5-be76-481f-9e8e-19421cf23695","ENSG00000133216.17","EPHB2",1339,4.6427,1.4577,1.4869,"OK","EPHB2",2.49638564924248
"TCGA-KIRC","TCGA-B2-4102-01A-02R-1325-07","TCGA-B2-4102","Primary Tumor","a33333fb-31f7-4874-aefd-a004be0d943e","ENSG00000133216.17","EPHB2",731,3.691,1.0578,1.0061,"OK","EPHB2",2.22989550083389
"TCGA-KIRC","TCGA-BP-5185-01A-01R-1426-07","TCGA-BP-5185","Primary Tumor","5eb4cdf7-10ee-4e24-801c-7297b5b3ebd7","ENSG00000133216.17","EPHB2",46,0.1327,0.0939,0.1775,"OK","EPHB2",0.17976580835815
"TCGA-KIRC","TCGA-A3-3316-01A-01R-0864-07","TCGA-A3-3316","Primary Tumor","51a84b87-eddd-40a9-ad8a-46f3682b9318","ENSG00000133216.17","EPHB2",341,2.3363,0.8053,0.8849,"OK","EPHB2",1.73824902171202
"TCGA-KIRC","TCGA-B0-5690-11A-01R-1541-07","TCGA-B0-5690","Solid Tissue Normal","58eee6a5-aaae-486e-b4ec-ba191af5fcb5","ENSG00000133216.17","EPHB2",1109,3.6137,1.3779,1.4885,"OK","EPHB2",2.20592419765259
"TCGA-KIRC","TCGA-B8-A54I-01A-21R-A33J-07","TCGA-B8-A54I","Primary Tumor","eb921878-4c02-4b11-9c4d-84df7926ef70","ENSG00000133216.17","EPHB2",288,0.8532,0.5562,0.7062,"OK","EPHB2",0.890018587483822
"TCGA-KIRC","TCGA-B8-A7U6-01A-12R-A37O-07","TCGA-B8-A7U6","Primary Tumor","7a3b5b7d-67cc-4048-9bd9-9db08bad1601","ENSG00000133216.17","EPHB2",121,0.9214,0.258,0.2613,"OK","EPHB2",0.942157892737794
"TCGA-KIRC","TCGA-MM-A563-01A-11R-A266-07","TCGA-MM-A563","Primary Tumor","2f9b9698-edc6-4049-809c-9733f05f5c2b","ENSG00000133216.17","EPHB2",380,2.1777,0.7727,0.7712,"OK","EPHB2",1.6679829292988
"TCGA-KIRC","TCGA-B4-5843-01A-11R-1672-07","TCGA-B4-5843","Primary Tumor","c2c34b18-7f7a-47ac-9f42-b7700562d006","ENSG00000133216.17","EPHB2",134,0.7974,0.2238,0.2122,"OK","EPHB2",0.845911507233531
"TCGA-KIRC","TCGA-CZ-4859-01A-02R-1426-07","TCGA-CZ-4859","Primary Tumor","5576ae8b-e6e9-496d-854a-8c696bd965c9","ENSG00000133216.17","EPHB2",76,0.2836,0.0796,0.0782,"OK","EPHB2",0.360195694732358
"TCGA-KIRC","TCGA-B0-4945-01A-01R-1420-07","TCGA-B0-4945","Primary Tumor","f4e99961-1168-46bd-86cb-4c6662f5b8da","ENSG00000133216.17","EPHB2",151,0.8377,0.2654,0.2614,"OK","EPHB2",0.87790126943554
"TCGA-KIRC","TCGA-A3-3308-01A-02R-1325-07","TCGA-A3-3308","Primary Tumor","7b34b9d4-8526-4738-87b4-f9435a1c7ae1","ENSG00000133216.17","EPHB2",481,2.9613,0.8307,0.8492,"OK","EPHB2",1.98597396459092
"TCGA-KIRC","TCGA-AK-3460-01A-02R-1277-07","TCGA-AK-3460","Primary Tumor","07868319-1d09-49ca-b198-5677d151d36d","ENSG00000133216.17","EPHB2",76,0.476,0.1704,0.1868,"OK","EPHB2",0.561692721398309
"TCGA-KIRC","TCGA-B0-4828-01A-01R-1277-07","TCGA-B0-4828","Primary Tumor","2d6dd901-d11e-459e-ba2e-8a587e72633e","ENSG00000133216.17","EPHB2",74,0.3699,0.1498,0.1703,"OK","EPHB2",0.454070583134958
"TCGA-KIRC","TCGA-CZ-5460-01A-01R-1503-07","TCGA-CZ-5460","Primary Tumor","3545f947-1a52-4e14-a98d-e400a6cb5e60","ENSG00000133216.17","EPHB2",311,0.9973,0.3921,0.4326,"OK","EPHB2",0.998051045854554
"TCGA-KIRC","TCGA-CJ-4881-01A-01R-1305-07","TCGA-CJ-4881","Primary Tumor","c04d9806-d86b-4afd-9481-89037aa621d1","ENSG00000133216.17","EPHB2",599,2.5949,0.9325,1.0545,"OK","EPHB2",1.84595163950723
"TCGA-KIRC","TCGA-B0-4824-01A-01R-1277-07","TCGA-B0-4824","Primary Tumor","44f16ded-c9e7-422c-a03c-1ec124acd76c","ENSG00000133216.17","EPHB2",243,1.4172,0.479,0.4815,"OK","EPHB2",1.27333684715022
"TCGA-KIRC","TCGA-BP-4777-01A-01R-1289-07","TCGA-BP-4777","Primary Tumor","742932b6-cf2c-4750-9a0c-145ec93d1da0","ENSG00000133216.17","EPHB2",431,1.4685,0.5854,0.6489,"OK","EPHB2",1.30363464507901
"TCGA-KIRC","TCGA-AK-3465-01A-02R-1325-07","TCGA-AK-3465","Primary Tumor","6a408551-3028-49cd-b896-6bfcb1abde4b","ENSG00000133216.17","EPHB2",523,1.414,0.6783,0.8724,"OK","EPHB2",1.27142567609293
"TCGA-KIRC","TCGA-CJ-6028-01A-11R-1672-07","TCGA-CJ-6028","Primary Tumor","cdcfd140-d0a5-4c55-ba0c-64af335a1ff6","ENSG00000133216.17","EPHB2",301,1.5301,0.5271,0.5492,"OK","EPHB2",1.33919440731207
"TCGA-KIRC","TCGA-A3-3322-01A-02R-1325-07","TCGA-A3-3322","Primary Tumor","af5c089d-33a6-49a3-bc6e-bd5e2db921d8","ENSG00000133216.17","EPHB2",333,1.681,0.5983,0.6228,"OK","EPHB2",1.42277121932047
"TCGA-KIRC","TCGA-B8-4620-11A-01R-1758-07","TCGA-B8-4620","Solid Tissue Normal","8fe484cf-e146-4b6f-a852-b2510c7eac4b","ENSG00000133216.17","EPHB2",721,4.2071,1.6261,1.7161,"OK","EPHB2",2.38048011329985
"TCGA-KIRC","TCGA-B8-4620-01A-02R-1325-07","TCGA-B8-4620","Primary Tumor","a3c824d5-5d92-453e-820b-bf879fa38e59","ENSG00000133216.17","EPHB2",360,1.4024,0.5116,0.5906,"OK","EPHB2",1.2644763800077
"TCGA-KIRC","TCGA-B0-4844-01A-01R-1277-07","TCGA-B0-4844","Primary Tumor","05becc45-68e1-4706-a225-3a805bd7ba56","ENSG00000133216.17","EPHB2",200,1.0552,0.3712,0.451,"OK","EPHB2",1.03927879535137
"TCGA-KIRC","TCGA-B0-4816-01A-01R-1503-07","TCGA-B0-4816","Primary Tumor","2c1dfe31-3404-4bd8-b003-f3f649e21ecb","ENSG00000133216.17","EPHB2",498,1.7491,0.5653,0.5993,"OK","EPHB2",1.4589593866181
"TCGA-KIRC","TCGA-B0-5080-01A-01R-1503-07","TCGA-B0-5080","Primary Tumor","d98b9775-6abc-48fa-a229-39442a7291d7","ENSG00000133216.17","EPHB2",1360,6.3279,1.9641,2.1188,"OK","EPHB2",2.8733998158682
"TCGA-KIRC","TCGA-B0-4827-01A-02R-1420-07","TCGA-B0-4827","Primary Tumor","6ebb7461-432b-4ca5-b709-54ea97a634cc","ENSG00000133216.17","EPHB2",587,2.0431,0.688,0.7719,"OK","EPHB2",1.60554174336077
"TCGA-KIRC","TCGA-G6-A8L7-01A-11R-A37O-07","TCGA-G6-A8L7","Primary Tumor","b0b5583a-d348-4a65-bea4-d4046eac0f76","ENSG00000133216.17","EPHB2",39,0.2327,0.1173,0.1615,"OK","EPHB2",0.301821736339363
"TCGA-KIRC","TCGA-CJ-4901-01A-01R-1426-07","TCGA-CJ-4901","Primary Tumor","baec403c-9fb4-4b2e-898b-ef8399d0157e","ENSG00000133216.17","EPHB2",657,2.1296,0.9302,1.1316,"OK","EPHB2",1.64597827540278
"TCGA-KIRC","TCGA-BP-4162-01A-02R-1325-07","TCGA-BP-4162","Primary Tumor","7ef1199e-aedb-4470-81a1-70d93655154b","ENSG00000133216.17","EPHB2",325,1.9213,0.5694,0.5702,"OK","EPHB2",1.54661052190831
"TCGA-KIRC","TCGA-A3-3324-01A-02R-1325-07","TCGA-A3-3324","Primary Tumor","5226aa23-2d1c-4b1a-b967-e473b0ea042a","ENSG00000133216.17","EPHB2",371,1.3447,0.4835,0.5036,"OK","EPHB2",1.22940334440393
"TCGA-KIRC","TCGA-A3-A6NN-01A-12R-A33J-07","TCGA-A3-A6NN","Primary Tumor","d2e585d1-2b92-44f3-b2f4-1351e7c529ac","ENSG00000133216.17","EPHB2",346,1.8972,0.5335,0.5172,"OK","EPHB2",1.53465928041388
"TCGA-KIRC","TCGA-B0-5707-01A-11R-1541-07","TCGA-B0-5707","Primary Tumor","b3ec1f99-73cb-4414-b6b2-c075dc3b5589","ENSG00000133216.17","EPHB2",1274,7.0607,2.2682,2.4226,"OK","EPHB2",3.01090512940802
"TCGA-KIRC","TCGA-CJ-4885-01A-01R-1305-07","TCGA-CJ-4885","Primary Tumor","4fc55db0-591e-4931-91c3-75d515504117","ENSG00000133216.17","EPHB2",159,0.6144,0.2076,0.224,"OK","EPHB2",0.690998079556908
"TCGA-KIRC","TCGA-A3-3349-01A-01R-1188-07","TCGA-A3-3349","Primary Tumor","3fcab96a-b477-48f8-8acd-5c8b76e0c952","ENSG00000133216.17","EPHB2",305,1.9158,0.5046,0.4811,"OK","EPHB2",1.54389176599419
"TCGA-KIRC","TCGA-B8-5551-01A-01R-1541-07","TCGA-B8-5551","Primary Tumor","71b8a9c9-4822-4b40-be0b-0c06b485975a","ENSG00000133216.17","EPHB2",2833,12.8822,4.674,4.9754,"OK","EPHB2",3.79516431392604
"TCGA-KIRC","TCGA-B0-4843-01A-01R-1277-07","TCGA-B0-4843","Primary Tumor","90dddb30-1084-4127-b1fe-42ccbece28d5","ENSG00000133216.17","EPHB2",63,0.2647,0.1226,0.1593,"OK","EPHB2",0.338795203226661
"TCGA-KIRC","TCGA-B0-4696-01A-01R-1277-07","TCGA-B0-4696","Primary Tumor","86fef024-a657-476b-89c5-adb5477597ea","ENSG00000133216.17","EPHB2",8953,68.8254,17.435,18.9305,"OK","EPHB2",6.12568002800216
"TCGA-KIRC","TCGA-AK-3444-01A-02R-1325-07","TCGA-AK-3444","Primary Tumor","2b0106c5-7e32-423b-957f-06c9f2e7751b","ENSG00000133216.17","EPHB2",275,0.5038,0.1602,0.1697,"OK","EPHB2",0.588612706513786
"TCGA-KIRC","TCGA-AK-3461-01A-02R-1277-07","TCGA-AK-3461","Primary Tumor","1bce44b6-268e-4858-8b49-747045752331","ENSG00000133216.17","EPHB2",94,0.6305,0.1781,0.1785,"OK","EPHB2",0.705314441086378
"TCGA-KIRC","TCGA-CJ-5676-01A-11R-1541-07","TCGA-CJ-5676","Primary Tumor","9bb09a78-1bcb-43af-8cd9-d0adee31d5d4","ENSG00000133216.17","EPHB2",133,0.5598,0.2346,0.2969,"OK","EPHB2",0.641361056327364
"TCGA-KIRC","TCGA-B0-5706-11A-01R-1541-07","TCGA-B0-5706","Solid Tissue Normal","6054b034-7dfc-4bb6-973f-ab26ff94c578","ENSG00000133216.17","EPHB2",694,2.8243,1.1258,1.2269,"OK","EPHB2",1.93519570102155
"TCGA-KIRC","TCGA-CJ-4868-01A-01R-1305-07","TCGA-CJ-4868","Primary Tumor","a5f24f1a-a847-41da-a4ad-9f55b12ce08e","ENSG00000133216.17","EPHB2",725,4.23,1.2836,1.3996,"OK","EPHB2",2.38681094647222
"TCGA-KIRC","TCGA-A3-3326-01A-01R-0864-07","TCGA-A3-3326","Primary Tumor","5e794eb4-35eb-4932-9cae-8130fd8b5804","ENSG00000133216.17","EPHB2",268,2.9004,0.9648,0.9466,"OK","EPHB2",1.96362208510941
"TCGA-KIRC","TCGA-CJ-5679-11A-01R-1541-07","TCGA-CJ-5679","Solid Tissue Normal","24f43a2c-0df0-464c-a4ef-80be1aa203df","ENSG00000133216.17","EPHB2",797,3.1194,1.0124,0.9983,"OK","EPHB2",2.04243422088883
"TCGA-KIRC","TCGA-B0-5113-01A-01R-1420-07","TCGA-B0-5113","Primary Tumor","ff07dd5a-7b2d-47ed-8a6b-400b3c5c8db4","ENSG00000133216.17","EPHB2",279,1.2923,0.3607,0.3658,"OK","EPHB2",1.19679586616706
"TCGA-KIRC","TCGA-CJ-5679-01A-11R-1541-07","TCGA-CJ-5679","Primary Tumor","c909d244-ad90-42b8-8cb9-b12a878bdbfa","ENSG00000133216.17","EPHB2",244,1.0171,0.4258,0.548,"OK","EPHB2",1.0122826089523
"TCGA-KIRC","TCGA-B0-5115-01A-01R-1420-07","TCGA-B0-5115","Primary Tumor","8d2de4ab-6e9a-40e6-b9ec-8c3c78e7f19c","ENSG00000133216.17","EPHB2",108,0.5182,0.1477,0.1495,"OK","EPHB2",0.602361856630855
"TCGA-KIRC","TCGA-BP-4787-01A-01R-1305-07","TCGA-BP-4787","Primary Tumor","68aef922-b430-4183-baf0-fd980deaeaa0","ENSG00000133216.17","EPHB2",488,2.3552,0.7497,0.8796,"OK","EPHB2",1.74639876654714
"TCGA-KIRC","TCGA-CW-5589-01A-01R-1541-07","TCGA-CW-5589","Primary Tumor","aa2b77af-1803-4f20-8a29-5fa8c40c319a","ENSG00000133216.17","EPHB2",545,2.7823,0.787,0.7959,"OK","EPHB2",1.91926379780574
"TCGA-KIRC","TCGA-B4-5838-01A-11R-1672-07","TCGA-B4-5838","Primary Tumor","5013520a-e7b1-4171-865c-f5a624741432","ENSG00000133216.17","EPHB2",235,1.4148,0.3817,0.3979,"OK","EPHB2",1.27190370626328
"TCGA-KIRC","TCGA-B0-5700-01A-11R-1541-07","TCGA-B0-5700","Primary Tumor","378d47c4-4eda-40d5-ae71-6601a9e63191","ENSG00000133216.17","EPHB2",127,0.7096,0.2447,0.2789,"OK","EPHB2",0.773658813110362
"TCGA-KIRC","TCGA-A3-A6NL-01A-11R-A33J-07","TCGA-A3-A6NL","Primary Tumor","5cbfa01a-86a9-467e-9efa-7ae47bce3587","ENSG00000133216.17","EPHB2",341,2.2618,0.5934,0.581,"OK","EPHB2",1.70566832470645
"TCGA-KIRC","TCGA-B8-5550-01A-01R-1541-07","TCGA-B8-5550","Primary Tumor","0897b313-4bb5-4b3c-8146-6b90b58b904c","ENSG00000133216.17","EPHB2",465,3.2335,0.8744,0.924,"OK","EPHB2",2.08185088906294
"TCGA-KIRC","TCGA-CZ-5455-01A-01R-1503-07","TCGA-CZ-5455","Primary Tumor","ab53ebb6-2f7e-42ed-a46a-b2a541472fe7","ENSG00000133216.17","EPHB2",647,2.2376,0.595,0.5893,"OK","EPHB2",1.69492475411997
"TCGA-KIRC","TCGA-CJ-4870-01A-01R-1305-07","TCGA-CJ-4870","Primary Tumor","5eae461a-399f-4f2b-ab9a-e92aba32ce14","ENSG00000133216.17","EPHB2",87,0.3955,0.1368,0.1566,"OK","EPHB2",0.48078212440398
"TCGA-KIRC","TCGA-BP-4345-01A-01R-1289-07","TCGA-BP-4345","Primary Tumor","714163fc-e8ac-44f4-9ea6-5ce42e628290","ENSG00000133216.17","EPHB2",315,1.2606,0.4267,0.5099,"OK","EPHB2",1.17670573818911
"TCGA-KIRC","TCGA-A3-3346-01A-01R-1766-07","TCGA-A3-3346","Primary Tumor","d5f6a32f-e1b7-4e45-ad6b-c97ade3b1294","ENSG00000133216.17","EPHB2",424,1.9779,0.6041,0.7453,"OK","EPHB2",1.57429530800786
"TCGA-KIRC","TCGA-CZ-5986-11A-01R-1672-07","TCGA-CZ-5986","Solid Tissue Normal","255d2ed8-2b59-486a-bfe2-0ba938b9aeb6","ENSG00000133216.17","EPHB2",406,1.826,0.706,0.7546,"OK","EPHB2",1.49876146567185
"TCGA-KIRC","TCGA-A3-3387-01A-01R-1541-07","TCGA-A3-3387","Primary Tumor","c8c7259b-9f5e-4dfc-b915-d98b02eba28b","ENSG00000133216.17","EPHB2",785,3.624,0.994,0.9941,"OK","EPHB2",2.20914139783859
"TCGA-KIRC","TCGA-B8-5549-01A-01R-1541-07","TCGA-B8-5549","Primary Tumor","bddf0976-c04a-4391-b302-732051d506c5","ENSG00000133216.17","EPHB2",280,1.3729,0.4048,0.434,"OK","EPHB2",1.24665130299963
"TCGA-KIRC","TCGA-CZ-5451-11A-01R-1503-07","TCGA-CZ-5451","Solid Tissue Normal","fc3d1c27-2956-4d74-991c-fc35d5c9ecbd","ENSG00000133216.17","EPHB2",518,1.617,0.5588,0.6073,"OK","EPHB2",1.38791392438595
"TCGA-KIRC","TCGA-CJ-4899-01A-01R-1334-07","TCGA-CJ-4899","Primary Tumor","cd18a3e0-c431-478a-b5fa-4b75a17a33a7","ENSG00000133216.17","EPHB2",533,2.1428,0.5689,0.5595,"OK","EPHB2",1.6520504655223
"TCGA-KIRC","TCGA-CZ-5451-01A-01R-1503-07","TCGA-CZ-5451","Primary Tumor","5cd2f5f2-1325-454e-94a3-253d475205ef","ENSG00000133216.17","EPHB2",122,0.6927,0.2093,0.2126,"OK","EPHB2",0.759326304678515
"TCGA-KIRC","TCGA-B0-4834-01A-01R-1305-07","TCGA-B0-4834","Primary Tumor","1317fb5d-608b-4c79-8198-f2ec68766224","ENSG00000133216.17","EPHB2",789,2.4152,1.1323,1.3916,"OK","EPHB2",1.77197006769819
"TCGA-KIRC","TCGA-CZ-4861-01A-01R-1305-07","TCGA-CZ-4861","Primary Tumor","342bcdf8-2b01-45b8-9bb7-48f151345ac2","ENSG00000133216.17","EPHB2",686,2.6382,0.8815,1.0269,"OK","EPHB2",1.86322485334597
"TCGA-KIRC","TCGA-BP-4353-01A-02R-1289-07","TCGA-BP-4353","Primary Tumor","3c0ebda3-32a1-43ca-9b7b-0cb4c8caa33f","ENSG00000133216.17","EPHB2",357,1.8928,0.5187,0.5398,"OK","EPHB2",1.53246658286574
"TCGA-KIRC","TCGA-BP-4775-01A-01R-1289-07","TCGA-BP-4775","Primary Tumor","df48958f-3172-45ec-a6fb-88fc66ff6ae4","ENSG00000133216.17","EPHB2",228,1.087,0.3109,0.3066,"OK","EPHB2",1.06143060049775
"TCGA-KIRC","TCGA-BP-4342-01A-01R-1289-07","TCGA-BP-4342","Primary Tumor","fff384b3-f8cc-4754-9860-74863ff3cc23","ENSG00000133216.17","EPHB2",198,0.8006,0.2408,0.2724,"OK","EPHB2",0.848477724769995
"TCGA-KIRC","TCGA-CJ-6030-11A-01R-1672-07","TCGA-CJ-6030","Solid Tissue Normal","a2c1332c-f9e9-4d41-bad5-e58ebf809800","ENSG00000133216.17","EPHB2",568,1.6431,0.5975,0.6534,"OK","EPHB2",1.4022310094573
"TCGA-KIRC","TCGA-CJ-6030-01A-11R-1672-07","TCGA-CJ-6030","Primary Tumor","3a9cb52e-6bc0-475c-9eee-230527a3e305","ENSG00000133216.17","EPHB2",883,3.3155,1.104,1.1348,"OK","EPHB2",2.10952772179836
"TCGA-KIRC","TCGA-CJ-4891-01A-01R-1305-07","TCGA-CJ-4891","Primary Tumor","2b2ee0d4-4834-47a8-8362-6e95d83919ad","ENSG00000133216.17","EPHB2",425,1.2665,0.5667,0.7965,"OK","EPHB2",1.1804661612239
"TCGA-KIRC","TCGA-B0-4712-11A-02R-1503-07","TCGA-B0-4712","Solid Tissue Normal","0498e4e5-f3cc-4fa5-9686-099ab9e435f4","ENSG00000133216.17","EPHB2",2627,8.7422,2.8095,2.8765,"OK","EPHB2",3.28424760092076
"TCGA-KIRC","TCGA-BP-4994-01A-01R-1334-07","TCGA-BP-4994","Primary Tumor","ce71f29f-134d-4749-bf42-c9620e5c8651","ENSG00000133216.17","EPHB2",307,0.8382,0.2857,0.3139,"OK","EPHB2",0.878293743401042
"TCGA-KIRC","TCGA-B0-5693-01A-11R-1541-07","TCGA-B0-5693","Primary Tumor","192e08f8-1c39-462a-8762-7e2c7f4d5eb0","ENSG00000133216.17","EPHB2",124,0.718,0.1968,0.1875,"OK","EPHB2",0.780730036476377
"TCGA-KIRC","TCGA-DV-5567-01A-01R-1541-07","TCGA-DV-5567","Primary Tumor","d1280122-4cf1-4e12-9783-4a7038a28ac0","ENSG00000133216.17","EPHB2",265,1.3355,0.3309,0.3347,"OK","EPHB2",1.22373144513811
"TCGA-KIRC","TCGA-A3-3343-01A-01R-0864-07","TCGA-A3-3343","Primary Tumor","409aef9c-9085-4e66-a304-fc2aaabaf0d7","ENSG00000133216.17","EPHB2",339,1.5309,0.4774,0.4842,"OK","EPHB2",1.33965050533314
"TCGA-KIRC","TCGA-BP-5178-01A-01R-1426-07","TCGA-BP-5178","Primary Tumor","c0a56cd2-b888-4ced-9f5c-0e450d539045","ENSG00000133216.17","EPHB2",197,0.4702,0.2307,0.3422,"OK","EPHB2",0.556012426749704
"TCGA-KIRC","TCGA-B8-5162-01A-01R-1420-07","TCGA-B8-5162","Primary Tumor","dd32c44d-eaf7-4739-94aa-430be880964d","ENSG00000133216.17","EPHB2",1595,5.0917,2.2682,2.4685,"OK","EPHB2",2.60684489468643
"TCGA-KIRC","TCGA-B8-4148-01A-02R-1325-07","TCGA-B8-4148","Primary Tumor","6d1cfff6-d608-4ae2-ab75-9dd095323a40","ENSG00000133216.17","EPHB2",580,3.109,0.889,0.8227,"OK","EPHB2",2.03878733050557
"TCGA-KIRC","TCGA-A3-3358-01A-01R-1541-07","TCGA-A3-3358","Primary Tumor","7af3ee8b-cb9e-47b9-9ddb-16006b20cb17","ENSG00000133216.17","EPHB2",858,2.5778,0.9653,1.0759,"OK","EPHB2",1.83907274259588
"TCGA-KIRC","TCGA-CZ-4864-11A-01R-1503-07","TCGA-CZ-4864","Solid Tissue Normal","5d9c87af-9ac3-42a7-a0c3-84a490957188","ENSG00000133216.17","EPHB2",512,1.3878,0.5617,0.6901,"OK","EPHB2",1.25568200281221
"TCGA-KIRC","TCGA-A3-3358-11A-01R-1541-07","TCGA-A3-3358","Solid Tissue Normal","ca47a7ca-d9aa-4140-a74b-4a1c75fe9ad9","ENSG00000133216.17","EPHB2",263,1.0764,0.4452,0.5337,"OK","EPHB2",1.05408439284238
"TCGA-KIRC","TCGA-BP-4799-01A-01R-1305-07","TCGA-BP-4799","Primary Tumor","1078f9da-8238-45d4-ac09-a4b5d3b75743","ENSG00000133216.17","EPHB2",73,0.1987,0.1108,0.183,"OK","EPHB2",0.261470639012782
"TCGA-KIRC","TCGA-AK-3447-01A-01R-1766-07","TCGA-AK-3447","Primary Tumor","f6b85b88-29c7-4722-86f1-0c4c5fa0b819","ENSG00000133216.17","EPHB2",9,0.0302,0.017,0.0356,"OK","EPHB2",0.0429244451738409
"TCGA-KIRC","TCGA-AK-3450-01A-02R-1277-07","TCGA-AK-3450","Primary Tumor","80ef1b28-350f-4ca8-8da5-a5afcaa0f2b8","ENSG00000133216.17","EPHB2",56,0.2795,0.0838,0.0842,"OK","EPHB2",0.355580147377359
"TCGA-KIRC","TCGA-AK-3436-01A-02R-1325-07","TCGA-AK-3436","Primary Tumor","c51b2e7b-b9e7-44a5-b09f-ba3377f1fc5e","ENSG00000133216.17","EPHB2",63,0.2971,0.099,0.1292,"OK","EPHB2",0.37528970853542
"TCGA-KIRC","TCGA-AK-3427-01A-01R-0864-07","TCGA-AK-3427","Primary Tumor","d1e1f6c5-e3af-418c-89ed-8b68f8157f36","ENSG00000133216.17","EPHB2",20,0.0678,0.0302,0.0488,"OK","EPHB2",0.0946414541150623
"TCGA-KIRC","TCGA-BP-5168-01A-01R-1420-07","TCGA-BP-5168","Primary Tumor","8eb67e14-ab2d-4d8c-a945-fbdc6ad6a7be","ENSG00000133216.17","EPHB2",167,0.8265,0.2797,0.296,"OK","EPHB2",0.869081753699931
"TCGA-KIRC","TCGA-B0-5691-11A-01R-1541-07","TCGA-B0-5691","Solid Tissue Normal","bdcb4d2f-7d86-4a59-8dbd-8b7300b45b72","ENSG00000133216.17","EPHB2",1235,3.6419,1.2679,1.3375,"OK","EPHB2",2.21471544317829
"TCGA-KIRC","TCGA-B0-5698-01A-11R-1672-07","TCGA-B0-5698","Primary Tumor","02669516-0c84-46b4-9ff1-ab147ff1ddcc","ENSG00000133216.17","EPHB2",193,0.7207,0.2424,0.2595,"OK","EPHB2",0.782995588813533
"TCGA-KIRC","TCGA-BP-4164-01A-02R-1325-07","TCGA-BP-4164","Primary Tumor","5acfa9e0-c339-40aa-ab9f-0492fbc6db91","ENSG00000133216.17","EPHB2",90,0.6734,0.2013,0.2003,"OK","EPHB2",0.742782340200019
"TCGA-KIRC","TCGA-DV-5569-01A-01R-1541-07","TCGA-DV-5569","Primary Tumor","34a71e25-c1fa-4f7a-9407-600964534fc5","ENSG00000133216.17","EPHB2",330,1.5361,0.4593,0.4894,"OK","EPHB2",1.34261163296144
"TCGA-KIRC","TCGA-CJ-5683-01A-11R-1541-07","TCGA-CJ-5683","Primary Tumor","cfcc7db1-9369-4151-9f31-2d7ef06f8ea3","ENSG00000133216.17","EPHB2",329,1.518,0.5234,0.572,"OK","EPHB2",1.33227828305693
"TCGA-KIRC","TCGA-B2-5635-01A-01R-A277-07","TCGA-B2-5635","Primary Tumor","ebd01ba8-06cd-417a-b41d-05379e430fd2","ENSG00000133216.17","EPHB2",544,2.1614,0.9351,0.8878,"OK","EPHB2",1.66056358554518
"TCGA-KIRC","TCGA-CZ-5984-11A-01R-1672-07","TCGA-CZ-5984","Solid Tissue Normal","18913801-b38a-4439-8b34-25a7138e8fdd","ENSG00000133216.17","EPHB2",479,1.5212,0.6145,0.664,"OK","EPHB2",1.33411056784475
"TCGA-KIRC","TCGA-CJ-4871-01A-01R-1305-07","TCGA-CJ-4871","Primary Tumor","3629b10d-fb7e-47a0-b2d2-4320de98fa17","ENSG00000133216.17","EPHB2",165,0.7172,0.2219,0.2483,"OK","EPHB2",0.780058077898375
"TCGA-KIRC","TCGA-BP-5195-01A-02R-1426-07","TCGA-BP-5195","Primary Tumor","cbabaf06-c15c-4655-a6c2-89a523ec7a9e","ENSG00000133216.17","EPHB2",452,1.7068,0.5458,0.5887,"OK","EPHB2",1.43658829366012
"TCGA-KIRC","TCGA-B4-5836-01A-11R-1672-07","TCGA-B4-5836","Primary Tumor","b766e689-e3ff-4d0c-8eb0-d81c1df638d4","ENSG00000133216.17","EPHB2",349,1.7779,0.4605,0.4532,"OK","EPHB2",1.47399466551772
"TCGA-KIRC","TCGA-AK-3434-01A-02R-1277-07","TCGA-AK-3434","Primary Tumor","adc843d6-31ae-4803-ace4-48d1c198a8bb","ENSG00000133216.17","EPHB2",46,0.2635,0.0946,0.1033,"OK","EPHB2",0.337425664282688
"TCGA-KIRC","TCGA-A3-A8OW-01A-11R-A37O-07","TCGA-A3-A8OW","Primary Tumor","00ddbdd1-f29d-438b-820b-aacb111a3ec4","ENSG00000133216.17","EPHB2",123,0.7153,0.1992,0.1881,"OK","EPHB2",0.778460920807247
"TCGA-KIRC","TCGA-CJ-4905-01A-02R-1426-07","TCGA-CJ-4905","Primary Tumor","9c146666-fd40-4251-9b57-ee537addac17","ENSG00000133216.17","EPHB2",250,1.0727,0.2801,0.2915,"OK","EPHB2",1.05151131768571
"TCGA-KIRC","TCGA-CJ-4893-01A-01R-1305-07","TCGA-CJ-4893","Primary Tumor","0fbdc947-5a9e-47de-b4fa-bbbf1ba4fd6b","ENSG00000133216.17","EPHB2",370,1.4312,0.4354,0.4492,"OK","EPHB2",1.28166857997284
"TCGA-KIRC","TCGA-CZ-5985-11A-01R-1672-07","TCGA-CZ-5985","Solid Tissue Normal","2fb6d7bd-f6df-45a4-b8a7-8de33119d52f","ENSG00000133216.17","EPHB2",283,1.3005,0.5827,0.7052,"OK","EPHB2",1.20194745644116
"TCGA-KIRC","TCGA-DV-A4VZ-01A-11R-A266-07","TCGA-DV-A4VZ","Primary Tumor","db9d1bc8-9c20-4fbd-bfac-cf1faf1cad11","ENSG00000133216.17","EPHB2",1099,5.3885,1.8934,2.2609,"OK","EPHB2",2.67547723060941
"TCGA-KIRC","TCGA-CZ-5985-01A-11R-1672-07","TCGA-CZ-5985","Primary Tumor","69c0795b-d68f-4262-9e00-39eff5b66814","ENSG00000133216.17","EPHB2",509,2.2724,0.6365,0.6556,"OK","EPHB2",1.71034910608697
"TCGA-KIRC","TCGA-B0-5109-01A-02R-1420-07","TCGA-B0-5109","Primary Tumor","5474fa69-b83c-44b9-8e1b-1b16406a42ed","ENSG00000133216.17","EPHB2",2330,9.0849,3.7871,3.9624,"OK","EPHB2",3.33412487341242
"TCGA-KIRC","TCGA-CJ-4882-01A-02R-1426-07","TCGA-CJ-4882","Primary Tumor","a936147d-36de-4749-9f38-c80e955c7186","ENSG00000133216.17","EPHB2",289,1.4548,0.5948,0.734,"OK","EPHB2",1.29560548858806
"TCGA-KIRC","TCGA-B8-5552-01B-11R-1672-07","TCGA-B8-5552","Primary Tumor","f18443d3-f207-4c05-9738-d70e10d60cfc","ENSG00000133216.17","EPHB2",565,2.7069,0.7063,0.6926,"OK","EPHB2",1.89021319650316
"TCGA-KIRC","TCGA-B0-5402-01A-01R-1503-07","TCGA-B0-5402","Primary Tumor","7b3da303-63a6-4bd7-ab94-cf6e38dfe1e0","ENSG00000133216.17","EPHB2",204,0.7061,0.2177,0.2371,"OK","EPHB2",0.770702210123939
"TCGA-KIRC","TCGA-BP-4995-01A-01R-1334-07","TCGA-BP-4995","Primary Tumor","7c7bfa90-8754-4170-b009-ba858bddcb38","ENSG00000133216.17","EPHB2",295,0.8383,0.2803,0.2975,"OK","EPHB2",0.87837222538343
"TCGA-KIRC","TCGA-B0-5402-11A-01R-1503-07","TCGA-B0-5402","Solid Tissue Normal","bf080139-5562-4d85-8a56-19bc15e80357","ENSG00000133216.17","EPHB2",687,2.0422,0.7823,0.8743,"OK","EPHB2",1.60511500168944
"TCGA-KIRC","TCGA-B0-4821-01A-01R-1503-07","TCGA-B0-4821","Primary Tumor","ba209e1e-87f1-47a9-a858-d60953ef4528","ENSG00000133216.17","EPHB2",615,2.3258,0.8733,1.0684,"OK","EPHB2",1.73370141345868
"TCGA-KIRC","TCGA-AK-3440-01A-02R-1277-07","TCGA-AK-3440","Primary Tumor","3b473c49-9140-4d1d-b9f9-0c9056e93d8a","ENSG00000133216.17","EPHB2",32,0.1018,0.0429,0.0555,"OK","EPHB2",0.139862368015641
"TCGA-KIRC","TCGA-B0-5712-01A-11R-1672-07","TCGA-B0-5712","Primary Tumor","9ea5c78a-10b6-4e76-a588-4a169817d01c","ENSG00000133216.17","EPHB2",105,0.4249,0.1431,0.154,"OK","EPHB2",0.510860673967615
"TCGA-KIRC","TCGA-CZ-5463-01A-01R-1503-07","TCGA-CZ-5463","Primary Tumor","424b672b-e409-4b9c-821f-b9d16cc3f454","ENSG00000133216.17","EPHB2",291,0.8691,0.2499,0.2419,"OK","EPHB2",0.902343757764018
"TCGA-KIRC","TCGA-CZ-5470-11A-01R-1503-07","TCGA-CZ-5470","Solid Tissue Normal","3537c794-46e2-4756-b1d5-f32896e24536","ENSG00000133216.17","EPHB2",1674,5.5736,1.7454,1.7644,"OK","EPHB2",2.71668367187708
"TCGA-KIRC","TCGA-BP-4759-01A-01R-1289-07","TCGA-BP-4759","Primary Tumor","32fb5b1c-5eac-4afc-9eac-fdde0dfe60d8","ENSG00000133216.17","EPHB2",117,0.3232,0.1541,0.2117,"OK","EPHB2",0.404031139621825
"TCGA-KIRC","TCGA-CZ-5465-11A-01R-1503-07","TCGA-CZ-5465","Solid Tissue Normal","9c622d7a-d739-4d5d-824a-923414f13f6f","ENSG00000133216.17","EPHB2",2068,7.1887,2.1753,2.1147,"OK","EPHB2",3.03363443447698
"TCGA-KIRC","TCGA-B0-5705-01A-11R-1541-07","TCGA-B0-5705","Primary Tumor","3f5f2871-02ed-48d4-9d26-e4fe823c7df0","ENSG00000133216.17","EPHB2",347,1.3914,0.3981,0.4047,"OK","EPHB2",1.25785546411516
"TCGA-KIRC","TCGA-B0-5699-01A-11R-1541-07","TCGA-B0-5699","Primary Tumor","d99b2ce2-38a1-4d13-b8dd-7db33bfd360a","ENSG00000133216.17","EPHB2",179,0.8727,0.2452,0.2484,"OK","EPHB2",0.905119803383616
"TCGA-KIRC","TCGA-B0-5705-11A-01R-1541-07","TCGA-B0-5705","Solid Tissue Normal","4ab7002a-08f8-4187-96cd-8f3183336a5a","ENSG00000133216.17","EPHB2",1250,3.8141,1.5139,1.7214,"OK","EPHB2",2.26726611023901
"TCGA-KIRC","TCGA-CZ-5456-01A-01R-1503-07","TCGA-CZ-5456","Primary Tumor","040e6555-b1a3-43ca-ae2b-a972fc01fa19","ENSG00000133216.17","EPHB2",469,2.1104,0.6501,0.7211,"OK","EPHB2",1.63710012405633
"TCGA-KIRC","TCGA-BP-5004-01A-01R-1334-07","TCGA-BP-5004","Primary Tumor","70060c00-5e4c-41f0-abff-f573881194aa","ENSG00000133216.17","EPHB2",316,1.0693,0.3138,0.3205,"OK","EPHB2",1.04914281732804
"TCGA-KIRC","TCGA-BP-4351-01A-01R-1289-07","TCGA-BP-4351","Primary Tumor","4850ae76-fede-466d-9362-c0d2e16335ad","ENSG00000133216.17","EPHB2",111,0.5591,0.1762,0.1893,"OK","EPHB2",0.640713464839609
"TCGA-KIRC","TCGA-CJ-4903-01A-01R-1426-07","TCGA-CJ-4903","Primary Tumor","5741a507-2543-4c6e-a927-2441813632b6","ENSG00000133216.17","EPHB2",604,1.8873,0.6688,0.7252,"OK","EPHB2",1.52972101613862
"TCGA-KIRC","TCGA-CZ-5462-11A-01R-1503-07","TCGA-CZ-5462","Solid Tissue Normal","3de35a77-f963-45ff-bfad-a5f24dda75ef","ENSG00000133216.17","EPHB2",3561,9.7722,3.0769,3.0863,"OK","EPHB2",3.42924101561099
"TCGA-KIRC","TCGA-B0-4836-01A-01R-1305-07","TCGA-B0-4836","Primary Tumor","5030b65c-c5f2-4bb8-afb6-1bd4c5b1abd4","ENSG00000133216.17","EPHB2",190,1.0319,0.3309,0.3806,"OK","EPHB2",1.02282940159131
"TCGA-KIRC","TCGA-B0-5692-01A-11R-1541-07","TCGA-B0-5692","Primary Tumor","a379934c-2794-4a0f-b9f2-f029aa938f35","ENSG00000133216.17","EPHB2",343,1.5151,0.5417,0.5578,"OK","EPHB2",1.33061576251032
"TCGA-KIRC","TCGA-A3-A6NI-01A-11R-A33J-07","TCGA-A3-A6NI","Primary Tumor","4cc1c81c-7e39-4d3a-a142-3f64698d6c24","ENSG00000133216.17","EPHB2",437,2.0664,0.6111,0.6258,"OK","EPHB2",1.61654590325107
"TCGA-KIRC","TCGA-B0-4698-01A-01R-1503-07","TCGA-B0-4698","Primary Tumor","ab718baf-6521-4738-a8cc-44b7fabf4be1","ENSG00000133216.17","EPHB2",9313,39.4291,11.2007,11.528,"OK","EPHB2",5.33732218274162
"TCGA-KIRC","TCGA-BP-4325-01A-02R-1289-07","TCGA-BP-4325","Primary Tumor","0f8d808c-2f62-4720-b32c-b5e76adab4ba","ENSG00000133216.17","EPHB2",346,1.4938,0.5053,0.5126,"OK","EPHB2",1.31834576726136
"TCGA-KIRC","TCGA-BP-5183-01A-01R-1426-07","TCGA-BP-5183","Primary Tumor","b437c402-fc0d-4268-811e-d9a5a8280aca","ENSG00000133216.17","EPHB2",318,1.6333,0.5201,0.5788,"OK","EPHB2",1.39687189049046
"TCGA-KIRC","TCGA-CW-6093-01A-11R-1672-07","TCGA-CW-6093","Primary Tumor","80156b04-f280-4915-8bc0-1667c178aa37","ENSG00000133216.17","EPHB2",192,0.9668,0.2539,0.2419,"OK","EPHB2",0.975850260271166
"TCGA-KIRC","TCGA-A3-3306-01A-01R-0864-07","TCGA-A3-3306","Primary Tumor","c1215d68-5b15-44c3-9d25-73a77b0b5f31","ENSG00000133216.17","EPHB2",76,0.5101,0.1549,0.1593,"OK","EPHB2",0.594644089104767
"TCGA-KIRC","TCGA-BP-4982-01A-01R-1334-07","TCGA-BP-4982","Primary Tumor","5d803708-5262-42a8-a390-71a3d800347d","ENSG00000133216.17","EPHB2",730,2.8629,0.7666,0.7477,"OK","EPHB2",1.94968433059303
"TCGA-KIRC","TCGA-B0-5099-01A-01R-1420-07","TCGA-B0-5099","Primary Tumor","ace1e7fa-7e2f-4bcc-a2cb-afb7f321ec1d","ENSG00000133216.17","EPHB2",119,0.5237,0.1746,0.181,"OK","EPHB2",0.607578879788505
"TCGA-KIRC","TCGA-CJ-4872-01A-01R-1305-07","TCGA-CJ-4872","Primary Tumor","726754a2-6158-4eae-a2ce-5f880d33823e","ENSG00000133216.17","EPHB2",288,1.0865,0.3936,0.4627,"OK","EPHB2",1.06108492060131
"TCGA-KIRC","TCGA-A3-3370-01A-02R-1420-07","TCGA-A3-3370","Primary Tumor","ad0887f1-524a-4351-9ec3-8cbd380bbf9c","ENSG00000133216.17","EPHB2",706,2.5579,0.7306,0.7367,"OK","EPHB2",1.83102596211392
"TCGA-KIRC","TCGA-A3-A8OX-01A-11R-A37O-07","TCGA-A3-A8OX","Primary Tumor","b9a7cd9a-ff3d-4862-a03b-71f60e42ddea","ENSG00000133216.17","EPHB2",642,3.0673,0.861,0.8514,"OK","EPHB2",2.02407140647502
"TCGA-KIRC","TCGA-MM-A564-01A-11R-A266-07","TCGA-MM-A564","Primary Tumor","f13427f3-3d78-4fc1-9523-64b4ae583494","ENSG00000133216.17","EPHB2",44,0.2021,0.0909,0.1113,"OK","EPHB2",0.265556915602505
"TCGA-KIRC","TCGA-B0-4688-01A-01R-1277-07","TCGA-B0-4688","Primary Tumor","0c1c9170-9092-449e-afc2-0ef1d28ae07e","ENSG00000133216.17","EPHB2",10554,57.4225,15.1015,15.8659,"OK","EPHB2",5.86845218979584
"TCGA-KIRC","TCGA-CJ-4897-01A-03R-1426-07","TCGA-CJ-4897","Primary Tumor","c551e586-8040-47d7-928b-fe6b242ed81f","ENSG00000133216.17","EPHB2",209,0.6304,0.1959,0.2139,"OK","EPHB2",0.705225956616364
"TCGA-KIRC","TCGA-B8-5164-01A-01R-1420-07","TCGA-B8-5164","Primary Tumor","d70aa630-d9c6-49e0-858b-a5a8e268a92b","ENSG00000133216.17","EPHB2",1466,6.1921,1.6616,1.648,"OK","EPHB2",2.8464130804326
"TCGA-KIRC","TCGA-GK-A6C7-01A-11R-A33J-07","TCGA-GK-A6C7","Primary Tumor","cac6d56b-22df-46a8-b98f-f59fa9257f5e","ENSG00000133216.17","EPHB2",238,1.2419,0.3115,0.2974,"OK","EPHB2",1.1647219281337
"TCGA-KIRC","TCGA-CJ-4638-01A-02R-1325-07","TCGA-CJ-4638","Primary Tumor","f44064f2-9839-4e4f-9510-8a5dd0ee1e56","ENSG00000133216.17","EPHB2",77,0.331,0.167,0.2169,"OK","EPHB2",0.412510571249805
"TCGA-KIRC","TCGA-CJ-4923-01A-01R-1426-07","TCGA-CJ-4923","Primary Tumor","bb9e4d64-ffbc-40b6-a3e5-d05aa7a51717","ENSG00000133216.17","EPHB2",502,1.9866,0.7124,0.7952,"OK","EPHB2",1.578504028188
"TCGA-KIRC","TCGA-CJ-4907-01A-01R-1426-07","TCGA-CJ-4907","Primary Tumor","460999dc-ccec-4f00-bdf5-cf285375fade","ENSG00000133216.17","EPHB2",372,1.5519,0.43,0.4585,"OK","EPHB2",1.35157179605781
"TCGA-KIRC","TCGA-B2-4099-01A-02R-1188-07","TCGA-B2-4099","Primary Tumor","900aa358-a422-4edc-a65e-4b99f4b7625a","ENSG00000133216.17","EPHB2",227,1.1101,0.3613,0.388,"OK","EPHB2",1.07731137148482
"TCGA-KIRC","TCGA-A3-3352-01A-01R-0864-07","TCGA-A3-3352","Primary Tumor","09b9e5e0-8901-452c-8c4b-baca1faddddc","ENSG00000133216.17","EPHB2",307,0.9563,0.2919,0.3036,"OK","EPHB2",0.968127625568686
"TCGA-KIRC","TCGA-A3-3347-01A-02R-1325-07","TCGA-A3-3347","Primary Tumor","e35730b8-672e-4fdc-945f-84edaf143298","ENSG00000133216.17","EPHB2",1117,6.2263,1.8439,1.8723,"OK","EPHB2",2.8532571495293
"TCGA-KIRC","TCGA-BP-5170-01A-01R-1426-07","TCGA-BP-5170","Primary Tumor","c116495e-d80b-4f43-90ed-7103a83a284c","ENSG00000133216.17","EPHB2",354,1.6648,0.5763,0.6872,"OK","EPHB2",1.4140272591249
"TCGA-KIRC","TCGA-BP-4173-01A-02R-1289-07","TCGA-BP-4173","Primary Tumor","429ed057-ecc0-41e3-8774-afffe246bcee","ENSG00000133216.17","EPHB2",1411,6.5713,1.8752,1.9961,"OK","EPHB2",2.92054103370255
"TCGA-KIRC","TCGA-CJ-6033-11A-01R-1858-07","TCGA-CJ-6033","Solid Tissue Normal","7437d3a0-976d-4151-8f89-b30a4a092a60","ENSG00000133216.17","EPHB2",573,2.079,0.9278,1.0686,"OK","EPHB2",1.62246186738273
"TCGA-KIRC","TCGA-CJ-6033-01A-11R-1672-07","TCGA-CJ-6033","Primary Tumor","d81180fa-51d8-4499-aed4-bbad365f67e1","ENSG00000133216.17","EPHB2",258,1.0583,0.3203,0.369,"OK","EPHB2",1.04145327230454
"TCGA-KIRC","TCGA-BP-4169-01A-02R-1289-07","TCGA-BP-4169","Primary Tumor","f1525d22-a7b0-48b6-ab6e-737b5ebb1a39","ENSG00000133216.17","EPHB2",510,1.9007,0.5362,0.562,"OK","EPHB2",1.53640109495241
"TCGA-KIRC","TCGA-B2-3924-01B-03R-A277-07","TCGA-B2-3924","Primary Tumor","3324e6df-28f9-42d8-8465-0fcc2d618004","ENSG00000133216.17","EPHB2",140,1.4578,0.4829,0.4202,"OK","EPHB2",1.29736752321766
"TCGA-KIRC","TCGA-B0-4710-01A-01R-1503-07","TCGA-B0-4710","Primary Tumor","6d0df9bf-69d6-447f-b2d9-76391e95d61d","ENSG00000133216.17","EPHB2",219,1.0614,0.3154,0.3082,"OK","EPHB2",1.04362447674703
"TCGA-KIRC","TCGA-A3-3363-01A-01R-0864-07","TCGA-A3-3363","Primary Tumor","3c5c707d-2046-4dcd-a566-bea1eaf24f74","ENSG00000133216.17","EPHB2",345,1.4081,0.4398,0.4508,"OK","EPHB2",1.26789530343837
"TCGA-KIRC","TCGA-CJ-4890-01A-01R-1305-07","TCGA-CJ-4890","Primary Tumor","e11c27d0-d5a0-4e7f-83e6-83b79f64d962","ENSG00000133216.17","EPHB2",1363,4.3194,1.6499,1.8838,"OK","EPHB2",2.41126352658338
"TCGA-KIRC","TCGA-BP-4983-01A-01R-1334-07","TCGA-BP-4983","Primary Tumor","017de1fe-6f36-4324-a20a-9d9ee3439d8f","ENSG00000133216.17","EPHB2",2275,9.0637,2.7972,3.0214,"OK","EPHB2",3.33108891596092
"TCGA-KIRC","TCGA-B0-5085-01A-01R-1334-07","TCGA-B0-5085","Primary Tumor","915bec49-700e-44fc-af01-e96ab507aab3","ENSG00000133216.17","EPHB2",121,0.3335,0.1751,0.262,"OK","EPHB2",0.415217824888839
"TCGA-KIRC","TCGA-CJ-4878-01A-01R-1305-07","TCGA-CJ-4878","Primary Tumor","8af84f63-5974-4e14-b818-73eb8678eaab","ENSG00000133216.17","EPHB2",46,0.2841,0.0913,0.0951,"OK","EPHB2",0.360757557511937
"TCGA-KIRC","TCGA-B8-A54F-01A-11R-A266-07","TCGA-B8-A54F","Primary Tumor","7e479a5b-d557-4838-b415-3ceb31d1a139","ENSG00000133216.17","EPHB2",327,4.123,1.1083,1.0958,"OK","EPHB2",2.35698889179248
"TCGA-KIRC","TCGA-CW-5587-01A-01R-1541-07","TCGA-CW-5587","Primary Tumor","85746e9c-d9b1-419f-8f17-3b7927cc3c2b","ENSG00000133216.17","EPHB2",794,3.8182,1.0223,0.9996,"OK","EPHB2",2.26849428004786
"TCGA-KIRC","TCGA-CJ-5678-01A-11R-1541-07","TCGA-CJ-5678","Primary Tumor","0af91fa3-3ad9-4ba3-9e29-8bd565871d69","ENSG00000133216.17","EPHB2",184,0.8499,0.3292,0.3863,"OK","EPHB2",0.887447285118125
"TCGA-KIRC","TCGA-CZ-5464-01A-01R-1503-07","TCGA-CZ-5464","Primary Tumor","e673a5b6-c070-4068-b667-c7e81adfb4cf","ENSG00000133216.17","EPHB2",770,2.4922,0.8853,0.9843,"OK","EPHB2",1.80413618518317
"TCGA-KIRC","TCGA-B0-5702-01A-11R-1541-07","TCGA-B0-5702","Primary Tumor","134f1661-5f67-4184-bab4-bc9c6f80c789","ENSG00000133216.17","EPHB2",551,5.6763,2.1924,3.3737,"OK","EPHB2",2.73904878375803
"TCGA-KIRC","TCGA-CW-5588-01A-01R-1541-07","TCGA-CW-5588","Primary Tumor","17a7a252-7530-4f12-8cd8-50a049a1e653","ENSG00000133216.17","EPHB2",623,3.2977,0.9347,1.0525,"OK","EPHB2",2.10356477927152
"TCGA-KIRC","TCGA-B8-4154-01A-01R-1188-07","TCGA-B8-4154","Primary Tumor","9998fd9d-b7a9-4a9d-b572-19a30a6ff775","ENSG00000133216.17","EPHB2",108,0.4379,0.145,0.1714,"OK","EPHB2",0.523963345790669
"TCGA-KIRC","TCGA-BP-5176-01A-01R-1426-07","TCGA-BP-5176","Primary Tumor","c876a9c8-43b4-47ed-ba9d-727439ab8ef5","ENSG00000133216.17","EPHB2",103,0.3315,0.1181,0.1363,"OK","EPHB2",0.413052428548527
"TCGA-KIRC","TCGA-B0-5701-01A-11R-1541-07","TCGA-B0-5701","Primary Tumor","f478aca9-1fb9-4ef3-9c03-1bd592b2b1f7","ENSG00000133216.17","EPHB2",163,1.0606,0.3526,0.365,"OK","EPHB2",1.04306447866494
"TCGA-KIRC","TCGA-AK-3428-01A-02R-1277-07","TCGA-AK-3428","Primary Tumor","977c19ab-f472-4956-869f-e640960f1351","ENSG00000133216.17","EPHB2",47,0.4593,0.13,0.1334,"OK","EPHB2",0.545276500131239
"TCGA-KIRC","TCGA-BP-5198-01A-01R-1426-07","TCGA-BP-5198","Primary Tumor","9315dffd-edea-4710-92a8-810998e08cb1","ENSG00000133216.17","EPHB2",513,1.9262,0.6572,0.7571,"OK","EPHB2",1.54902837820757
"TCGA-KIRC","TCGA-A3-3387-11A-01R-1541-07","TCGA-A3-3387","Solid Tissue Normal","02c1c266-473f-437d-b768-20f685349ecb","ENSG00000133216.17","EPHB2",221,0.812,0.3387,0.4122,"OK","EPHB2",0.857582955384148
"TCGA-KIRC","TCGA-B8-5159-01A-01R-1420-07","TCGA-B8-5159","Primary Tumor","577d7013-8d37-427c-82b0-24e46b891a34","ENSG00000133216.17","EPHB2",334,1.3423,0.3655,0.3664,"OK","EPHB2",1.22792586695535
