"project","file_id","sample_barcode","patient_id","sample_type","gene_name","gene_id","TPM","extraction_status"
"TCGA-KIRC","fc63bae4-fdfb-4990-9902-3e0fb51ec092","TCGA-BP-4160-01A-02R-1289-07","TCGA-BP-4160","Primary Tumor","PTPRC","ENSG00000081237.20",71.3982,"OK"
"TCGA-KIRC","fc63bae4-fdfb-4990-9902-3e0fb51ec092","TCGA-BP-4160-01A-02R-1289-07","TCGA-BP-4160","Primary Tumor","CD3D","ENSG00000167286.10",160.5014,"OK"
"TCGA-KIRC","fc63bae4-fdfb-4990-9902-3e0fb51ec092","TCGA-BP-4160-01A-02R-1289-07","TCGA-BP-4160","Primary Tumor","CD3E","ENSG00000198851.10",90.9171,"OK"
"TCGA-KIRC","fc63bae4-fdfb-4990-9902-3e0fb51ec092","TCGA-BP-4160-01A-02R-1289-07","TCGA-BP-4160","Primary Tumor","MS4A1","ENSG00000156738.18",1.3523,"OK"
"TCGA-KIRC","fc63bae4-fdfb-4990-9902-3e0fb51ec092","TCGA-BP-4160-01A-02R-1289-07","TCGA-BP-4160","Primary Tumor","CD79A","ENSG00000105369.10",7.9513,"OK"
"TCGA-KIRC","fc63bae4-fdfb-4990-9902-3e0fb51ec092","TCGA-BP-4160-01A-02R-1289-07","TCGA-BP-4160","Primary Tumor","NKG7","ENSG00000105374.10",367.0187,"OK"
"TCGA-KIRC","fc63bae4-fdfb-4990-9902-3e0fb51ec092","TCGA-BP-4160-01A-02R-1289-07","TCGA-BP-4160","Primary Tumor","LST1","ENSG00000204482.11",36.0876,"OK"
"TCGA-KIRC","fc63bae4-fdfb-4990-9902-3e0fb51ec092","TCGA-BP-4160-01A-02R-1289-07","TCGA-BP-4160","Primary Tumor","TYROBP","ENSG00000011600.12",541.5645,"OK"
"TCGA-KIRC","fc63bae4-fdfb-4990-9902-3e0fb51ec092","TCGA-BP-4160-01A-02R-1289-07","TCGA-BP-4160","Primary Tumor","FCER1G","ENSG00000158869.11",271.6495,"OK"
"TCGA-KIRC","fc63bae4-fdfb-4990-9902-3e0fb51ec092","TCGA-BP-4160-01A-02R-1289-07","TCGA-BP-4160","Primary Tumor","CD68","ENSG00000129226.14",0.178,"OK"
"TCGA-KIRC","4a29721a-1de3-4e14-b905-f39aacb1bd53","TCGA-BP-4965-01A-01R-1334-07","TCGA-BP-4965","Primary Tumor","PTPRC","ENSG00000081237.20",29.8003,"OK"
"TCGA-KIRC","4a29721a-1de3-4e14-b905-f39aacb1bd53","TCGA-BP-4965-01A-01R-1334-07","TCGA-BP-4965","Primary Tumor","CD3D","ENSG00000167286.10",19.4408,"OK"
"TCGA-KIRC","4a29721a-1de3-4e14-b905-f39aacb1bd53","TCGA-BP-4965-01A-01R-1334-07","TCGA-BP-4965","Primary Tumor","CD3E","ENSG00000198851.10",18.9282,"OK"
"TCGA-KIRC","4a29721a-1de3-4e14-b905-f39aacb1bd53","TCGA-BP-4965-01A-01R-1334-07","TCGA-BP-4965","Primary Tumor","MS4A1","ENSG00000156738.18",0.7688,"OK"
"TCGA-KIRC","4a29721a-1de3-4e14-b905-f39aacb1bd53","TCGA-BP-4965-01A-01R-1334-07","TCGA-BP-4965","Primary Tumor","CD79A","ENSG00000105369.10",2.6684,"OK"
"TCGA-KIRC","4a29721a-1de3-4e14-b905-f39aacb1bd53","TCGA-BP-4965-01A-01R-1334-07","TCGA-BP-4965","Primary Tumor","NKG7","ENSG00000105374.10",30.5832,"OK"
"TCGA-KIRC","4a29721a-1de3-4e14-b905-f39aacb1bd53","TCGA-BP-4965-01A-01R-1334-07","TCGA-BP-4965","Primary Tumor","LST1","ENSG00000204482.11",20.263,"OK"
"TCGA-KIRC","4a29721a-1de3-4e14-b905-f39aacb1bd53","TCGA-BP-4965-01A-01R-1334-07","TCGA-BP-4965","Primary Tumor","TYROBP","ENSG00000011600.12",244.9325,"OK"
"TCGA-KIRC","4a29721a-1de3-4e14-b905-f39aacb1bd53","TCGA-BP-4965-01A-01R-1334-07","TCGA-BP-4965","Primary Tumor","FCER1G","ENSG00000158869.11",150.5261,"OK"
"TCGA-KIRC","4a29721a-1de3-4e14-b905-f39aacb1bd53","TCGA-BP-4965-01A-01R-1334-07","TCGA-BP-4965","Primary Tumor","CD68","ENSG00000129226.14",0.149,"OK"
"TCGA-KIRC","862e5c87-bed8-4310-b9ed-1018568bdc78","TCGA-BP-4999-01A-01R-1334-07","TCGA-BP-4999","Primary Tumor","PTPRC","ENSG00000081237.20",19.564,"OK"
"TCGA-KIRC","862e5c87-bed8-4310-b9ed-1018568bdc78","TCGA-BP-4999-01A-01R-1334-07","TCGA-BP-4999","Primary Tumor","CD3D","ENSG00000167286.10",11.2702,"OK"
"TCGA-KIRC","862e5c87-bed8-4310-b9ed-1018568bdc78","TCGA-BP-4999-01A-01R-1334-07","TCGA-BP-4999","Primary Tumor","CD3E","ENSG00000198851.10",10.8301,"OK"
"TCGA-KIRC","862e5c87-bed8-4310-b9ed-1018568bdc78","TCGA-BP-4999-01A-01R-1334-07","TCGA-BP-4999","Primary Tumor","MS4A1","ENSG00000156738.18",0.2973,"OK"
"TCGA-KIRC","862e5c87-bed8-4310-b9ed-1018568bdc78","TCGA-BP-4999-01A-01R-1334-07","TCGA-BP-4999","Primary Tumor","CD79A","ENSG00000105369.10",0.7914,"OK"
"TCGA-KIRC","862e5c87-bed8-4310-b9ed-1018568bdc78","TCGA-BP-4999-01A-01R-1334-07","TCGA-BP-4999","Primary Tumor","NKG7","ENSG00000105374.10",29.8559,"OK"
"TCGA-KIRC","862e5c87-bed8-4310-b9ed-1018568bdc78","TCGA-BP-4999-01A-01R-1334-07","TCGA-BP-4999","Primary Tumor","LST1","ENSG00000204482.11",11.2087,"OK"
"TCGA-KIRC","862e5c87-bed8-4310-b9ed-1018568bdc78","TCGA-BP-4999-01A-01R-1334-07","TCGA-BP-4999","Primary Tumor","TYROBP","ENSG00000011600.12",143.3746,"OK"
"TCGA-KIRC","862e5c87-bed8-4310-b9ed-1018568bdc78","TCGA-BP-4999-01A-01R-1334-07","TCGA-BP-4999","Primary Tumor","FCER1G","ENSG00000158869.11",79.1156,"OK"
"TCGA-KIRC","862e5c87-bed8-4310-b9ed-1018568bdc78","TCGA-BP-4999-01A-01R-1334-07","TCGA-BP-4999","Primary Tumor","CD68","ENSG00000129226.14",0.1821,"OK"
"TCGA-KIRC","813cb150-7ef6-4fa7-9a64-c70f9401513c","TCGA-BP-5009-01A-01R-1334-07","TCGA-BP-5009","Primary Tumor","PTPRC","ENSG00000081237.20",20.4019,"OK"
"TCGA-KIRC","813cb150-7ef6-4fa7-9a64-c70f9401513c","TCGA-BP-5009-01A-01R-1334-07","TCGA-BP-5009","Primary Tumor","CD3D","ENSG00000167286.10",45.1321,"OK"
"TCGA-KIRC","813cb150-7ef6-4fa7-9a64-c70f9401513c","TCGA-BP-5009-01A-01R-1334-07","TCGA-BP-5009","Primary Tumor","CD3E","ENSG00000198851.10",35.2406,"OK"
"TCGA-KIRC","813cb150-7ef6-4fa7-9a64-c70f9401513c","TCGA-BP-5009-01A-01R-1334-07","TCGA-BP-5009","Primary Tumor","MS4A1","ENSG00000156738.18",0.4902,"OK"
"TCGA-KIRC","813cb150-7ef6-4fa7-9a64-c70f9401513c","TCGA-BP-5009-01A-01R-1334-07","TCGA-BP-5009","Primary Tumor","CD79A","ENSG00000105369.10",4.157,"OK"
"TCGA-KIRC","813cb150-7ef6-4fa7-9a64-c70f9401513c","TCGA-BP-5009-01A-01R-1334-07","TCGA-BP-5009","Primary Tumor","NKG7","ENSG00000105374.10",56.9374,"OK"
"TCGA-KIRC","813cb150-7ef6-4fa7-9a64-c70f9401513c","TCGA-BP-5009-01A-01R-1334-07","TCGA-BP-5009","Primary Tumor","LST1","ENSG00000204482.11",22.5504,"OK"
"TCGA-KIRC","813cb150-7ef6-4fa7-9a64-c70f9401513c","TCGA-BP-5009-01A-01R-1334-07","TCGA-BP-5009","Primary Tumor","TYROBP","ENSG00000011600.12",243.8529,"OK"
"TCGA-KIRC","813cb150-7ef6-4fa7-9a64-c70f9401513c","TCGA-BP-5009-01A-01R-1334-07","TCGA-BP-5009","Primary Tumor","FCER1G","ENSG00000158869.11",154.9405,"OK"
"TCGA-KIRC","813cb150-7ef6-4fa7-9a64-c70f9401513c","TCGA-BP-5009-01A-01R-1334-07","TCGA-BP-5009","Primary Tumor","CD68","ENSG00000129226.14",0.1544,"OK"
"TCGA-KIRC","4ea0bf83-1d7e-41da-a34d-221add8155b2","TCGA-CJ-4894-01A-01R-1305-07","TCGA-CJ-4894","Primary Tumor","PTPRC","ENSG00000081237.20",54.8896,"OK"
"TCGA-KIRC","4ea0bf83-1d7e-41da-a34d-221add8155b2","TCGA-CJ-4894-01A-01R-1305-07","TCGA-CJ-4894","Primary Tumor","CD3D","ENSG00000167286.10",112.9842,"OK"
"TCGA-KIRC","4ea0bf83-1d7e-41da-a34d-221add8155b2","TCGA-CJ-4894-01A-01R-1305-07","TCGA-CJ-4894","Primary Tumor","CD3E","ENSG00000198851.10",82.241,"OK"
"TCGA-KIRC","4ea0bf83-1d7e-41da-a34d-221add8155b2","TCGA-CJ-4894-01A-01R-1305-07","TCGA-CJ-4894","Primary Tumor","MS4A1","ENSG00000156738.18",0.9169,"OK"
"TCGA-KIRC","4ea0bf83-1d7e-41da-a34d-221add8155b2","TCGA-CJ-4894-01A-01R-1305-07","TCGA-CJ-4894","Primary Tumor","CD79A","ENSG00000105369.10",17.3819,"OK"
"TCGA-KIRC","4ea0bf83-1d7e-41da-a34d-221add8155b2","TCGA-CJ-4894-01A-01R-1305-07","TCGA-CJ-4894","Primary Tumor","NKG7","ENSG00000105374.10",283.5917,"OK"
"TCGA-KIRC","4ea0bf83-1d7e-41da-a34d-221add8155b2","TCGA-CJ-4894-01A-01R-1305-07","TCGA-CJ-4894","Primary Tumor","LST1","ENSG00000204482.11",37.8802,"OK"
"TCGA-KIRC","4ea0bf83-1d7e-41da-a34d-221add8155b2","TCGA-CJ-4894-01A-01R-1305-07","TCGA-CJ-4894","Primary Tumor","TYROBP","ENSG00000011600.12",415.2235,"OK"
"TCGA-KIRC","4ea0bf83-1d7e-41da-a34d-221add8155b2","TCGA-CJ-4894-01A-01R-1305-07","TCGA-CJ-4894","Primary Tumor","FCER1G","ENSG00000158869.11",202.7222,"OK"
"TCGA-KIRC","4ea0bf83-1d7e-41da-a34d-221add8155b2","TCGA-CJ-4894-01A-01R-1305-07","TCGA-CJ-4894","Primary Tumor","CD68","ENSG00000129226.14",0.074,"OK"
"TCGA-KIRC","ea7e9f5a-844c-4cf4-8f0a-7deab41b5233","TCGA-BP-4158-01A-02R-1289-07","TCGA-BP-4158","Primary Tumor","PTPRC","ENSG00000081237.20",13.997,"OK"
"TCGA-KIRC","ea7e9f5a-844c-4cf4-8f0a-7deab41b5233","TCGA-BP-4158-01A-02R-1289-07","TCGA-BP-4158","Primary Tumor","CD3D","ENSG00000167286.10",14.2719,"OK"
"TCGA-KIRC","ea7e9f5a-844c-4cf4-8f0a-7deab41b5233","TCGA-BP-4158-01A-02R-1289-07","TCGA-BP-4158","Primary Tumor","CD3E","ENSG00000198851.10",11.2515,"OK"
"TCGA-KIRC","ea7e9f5a-844c-4cf4-8f0a-7deab41b5233","TCGA-BP-4158-01A-02R-1289-07","TCGA-BP-4158","Primary Tumor","MS4A1","ENSG00000156738.18",0.4757,"OK"
"TCGA-KIRC","ea7e9f5a-844c-4cf4-8f0a-7deab41b5233","TCGA-BP-4158-01A-02R-1289-07","TCGA-BP-4158","Primary Tumor","CD79A","ENSG00000105369.10",1.0207,"OK"
"TCGA-KIRC","ea7e9f5a-844c-4cf4-8f0a-7deab41b5233","TCGA-BP-4158-01A-02R-1289-07","TCGA-BP-4158","Primary Tumor","NKG7","ENSG00000105374.10",57.2909,"OK"
"TCGA-KIRC","ea7e9f5a-844c-4cf4-8f0a-7deab41b5233","TCGA-BP-4158-01A-02R-1289-07","TCGA-BP-4158","Primary Tumor","LST1","ENSG00000204482.11",14.8972,"OK"
"TCGA-KIRC","ea7e9f5a-844c-4cf4-8f0a-7deab41b5233","TCGA-BP-4158-01A-02R-1289-07","TCGA-BP-4158","Primary Tumor","TYROBP","ENSG00000011600.12",147.4742,"OK"
"TCGA-KIRC","ea7e9f5a-844c-4cf4-8f0a-7deab41b5233","TCGA-BP-4158-01A-02R-1289-07","TCGA-BP-4158","Primary Tumor","FCER1G","ENSG00000158869.11",71.2108,"OK"
"TCGA-KIRC","ea7e9f5a-844c-4cf4-8f0a-7deab41b5233","TCGA-BP-4158-01A-02R-1289-07","TCGA-BP-4158","Primary Tumor","CD68","ENSG00000129226.14",0.0488,"OK"
"TCGA-KIRC","2670a02b-5a81-45b7-8b6c-f94b21bd2aa1","TCGA-BP-4782-01A-02R-1420-07","TCGA-BP-4782","Primary Tumor","PTPRC","ENSG00000081237.20",34.2044,"OK"
"TCGA-KIRC","2670a02b-5a81-45b7-8b6c-f94b21bd2aa1","TCGA-BP-4782-01A-02R-1420-07","TCGA-BP-4782","Primary Tumor","CD3D","ENSG00000167286.10",45.9261,"OK"
"TCGA-KIRC","2670a02b-5a81-45b7-8b6c-f94b21bd2aa1","TCGA-BP-4782-01A-02R-1420-07","TCGA-BP-4782","Primary Tumor","CD3E","ENSG00000198851.10",41.7155,"OK"
"TCGA-KIRC","2670a02b-5a81-45b7-8b6c-f94b21bd2aa1","TCGA-BP-4782-01A-02R-1420-07","TCGA-BP-4782","Primary Tumor","MS4A1","ENSG00000156738.18",0.5761,"OK"
"TCGA-KIRC","2670a02b-5a81-45b7-8b6c-f94b21bd2aa1","TCGA-BP-4782-01A-02R-1420-07","TCGA-BP-4782","Primary Tumor","CD79A","ENSG00000105369.10",1.7837,"OK"
"TCGA-KIRC","2670a02b-5a81-45b7-8b6c-f94b21bd2aa1","TCGA-BP-4782-01A-02R-1420-07","TCGA-BP-4782","Primary Tumor","NKG7","ENSG00000105374.10",145.5137,"OK"
"TCGA-KIRC","2670a02b-5a81-45b7-8b6c-f94b21bd2aa1","TCGA-BP-4782-01A-02R-1420-07","TCGA-BP-4782","Primary Tumor","LST1","ENSG00000204482.11",29.8128,"OK"
"TCGA-KIRC","2670a02b-5a81-45b7-8b6c-f94b21bd2aa1","TCGA-BP-4782-01A-02R-1420-07","TCGA-BP-4782","Primary Tumor","TYROBP","ENSG00000011600.12",391.0605,"OK"
"TCGA-KIRC","2670a02b-5a81-45b7-8b6c-f94b21bd2aa1","TCGA-BP-4782-01A-02R-1420-07","TCGA-BP-4782","Primary Tumor","FCER1G","ENSG00000158869.11",207.3213,"OK"
"TCGA-KIRC","2670a02b-5a81-45b7-8b6c-f94b21bd2aa1","TCGA-BP-4782-01A-02R-1420-07","TCGA-BP-4782","Primary Tumor","CD68","ENSG00000129226.14",0.1352,"OK"
"TCGA-KIRC","457ef116-5df9-4a29-b802-65622d6ca5e9","TCGA-AK-3454-01A-02R-1277-07","TCGA-AK-3454","Primary Tumor","PTPRC","ENSG00000081237.20",7.2766,"OK"
"TCGA-KIRC","457ef116-5df9-4a29-b802-65622d6ca5e9","TCGA-AK-3454-01A-02R-1277-07","TCGA-AK-3454","Primary Tumor","CD3D","ENSG00000167286.10",24.2097,"OK"
"TCGA-KIRC","457ef116-5df9-4a29-b802-65622d6ca5e9","TCGA-AK-3454-01A-02R-1277-07","TCGA-AK-3454","Primary Tumor","CD3E","ENSG00000198851.10",22.3662,"OK"
"TCGA-KIRC","457ef116-5df9-4a29-b802-65622d6ca5e9","TCGA-AK-3454-01A-02R-1277-07","TCGA-AK-3454","Primary Tumor","MS4A1","ENSG00000156738.18",0.8673,"OK"
"TCGA-KIRC","457ef116-5df9-4a29-b802-65622d6ca5e9","TCGA-AK-3454-01A-02R-1277-07","TCGA-AK-3454","Primary Tumor","CD79A","ENSG00000105369.10",9.3117,"OK"
"TCGA-KIRC","457ef116-5df9-4a29-b802-65622d6ca5e9","TCGA-AK-3454-01A-02R-1277-07","TCGA-AK-3454","Primary Tumor","NKG7","ENSG00000105374.10",88.3809,"OK"
"TCGA-KIRC","457ef116-5df9-4a29-b802-65622d6ca5e9","TCGA-AK-3454-01A-02R-1277-07","TCGA-AK-3454","Primary Tumor","LST1","ENSG00000204482.11",21.1755,"OK"
"TCGA-KIRC","457ef116-5df9-4a29-b802-65622d6ca5e9","TCGA-AK-3454-01A-02R-1277-07","TCGA-AK-3454","Primary Tumor","TYROBP","ENSG00000011600.12",322.1471,"OK"
"TCGA-KIRC","457ef116-5df9-4a29-b802-65622d6ca5e9","TCGA-AK-3454-01A-02R-1277-07","TCGA-AK-3454","Primary Tumor","FCER1G","ENSG00000158869.11",132.5052,"OK"
"TCGA-KIRC","457ef116-5df9-4a29-b802-65622d6ca5e9","TCGA-AK-3454-01A-02R-1277-07","TCGA-AK-3454","Primary Tumor","CD68","ENSG00000129226.14",0.3825,"OK"
"TCGA-KIRC","0b4cbedf-b064-4d5a-aa85-8726640d9c63","TCGA-B2-5639-01A-01R-1541-07","TCGA-B2-5639","Primary Tumor","PTPRC","ENSG00000081237.20",33.3766,"OK"
"TCGA-KIRC","0b4cbedf-b064-4d5a-aa85-8726640d9c63","TCGA-B2-5639-01A-01R-1541-07","TCGA-B2-5639","Primary Tumor","CD3D","ENSG00000167286.10",25.6956,"OK"
"TCGA-KIRC","0b4cbedf-b064-4d5a-aa85-8726640d9c63","TCGA-B2-5639-01A-01R-1541-07","TCGA-B2-5639","Primary Tumor","CD3E","ENSG00000198851.10",29.4776,"OK"
"TCGA-KIRC","0b4cbedf-b064-4d5a-aa85-8726640d9c63","TCGA-B2-5639-01A-01R-1541-07","TCGA-B2-5639","Primary Tumor","MS4A1","ENSG00000156738.18",1.5387,"OK"
"TCGA-KIRC","0b4cbedf-b064-4d5a-aa85-8726640d9c63","TCGA-B2-5639-01A-01R-1541-07","TCGA-B2-5639","Primary Tumor","CD79A","ENSG00000105369.10",17.0127,"OK"
"TCGA-KIRC","0b4cbedf-b064-4d5a-aa85-8726640d9c63","TCGA-B2-5639-01A-01R-1541-07","TCGA-B2-5639","Primary Tumor","NKG7","ENSG00000105374.10",46.6898,"OK"
"TCGA-KIRC","0b4cbedf-b064-4d5a-aa85-8726640d9c63","TCGA-B2-5639-01A-01R-1541-07","TCGA-B2-5639","Primary Tumor","LST1","ENSG00000204482.11",32.63,"OK"
"TCGA-KIRC","0b4cbedf-b064-4d5a-aa85-8726640d9c63","TCGA-B2-5639-01A-01R-1541-07","TCGA-B2-5639","Primary Tumor","TYROBP","ENSG00000011600.12",301.7882,"OK"
"TCGA-KIRC","0b4cbedf-b064-4d5a-aa85-8726640d9c63","TCGA-B2-5639-01A-01R-1541-07","TCGA-B2-5639","Primary Tumor","FCER1G","ENSG00000158869.11",177.9408,"OK"
"TCGA-KIRC","0b4cbedf-b064-4d5a-aa85-8726640d9c63","TCGA-B2-5639-01A-01R-1541-07","TCGA-B2-5639","Primary Tumor","CD68","ENSG00000129226.14",0.1305,"OK"
"TCGA-KIRC","fa157012-d4c8-43c3-b4fe-a02f13fcec40","TCGA-CJ-4904-01A-02R-1426-07","TCGA-CJ-4904","Primary Tumor","PTPRC","ENSG00000081237.20",29.36,"OK"
"TCGA-KIRC","fa157012-d4c8-43c3-b4fe-a02f13fcec40","TCGA-CJ-4904-01A-02R-1426-07","TCGA-CJ-4904","Primary Tumor","CD3D","ENSG00000167286.10",28.6265,"OK"
"TCGA-KIRC","fa157012-d4c8-43c3-b4fe-a02f13fcec40","TCGA-CJ-4904-01A-02R-1426-07","TCGA-CJ-4904","Primary Tumor","CD3E","ENSG00000198851.10",27.7751,"OK"
"TCGA-KIRC","fa157012-d4c8-43c3-b4fe-a02f13fcec40","TCGA-CJ-4904-01A-02R-1426-07","TCGA-CJ-4904","Primary Tumor","MS4A1","ENSG00000156738.18",0.3982,"OK"
"TCGA-KIRC","fa157012-d4c8-43c3-b4fe-a02f13fcec40","TCGA-CJ-4904-01A-02R-1426-07","TCGA-CJ-4904","Primary Tumor","CD79A","ENSG00000105369.10",2.1197,"OK"
"TCGA-KIRC","fa157012-d4c8-43c3-b4fe-a02f13fcec40","TCGA-CJ-4904-01A-02R-1426-07","TCGA-CJ-4904","Primary Tumor","NKG7","ENSG00000105374.10",71.378,"OK"
"TCGA-KIRC","fa157012-d4c8-43c3-b4fe-a02f13fcec40","TCGA-CJ-4904-01A-02R-1426-07","TCGA-CJ-4904","Primary Tumor","LST1","ENSG00000204482.11",23.5407,"OK"
"TCGA-KIRC","fa157012-d4c8-43c3-b4fe-a02f13fcec40","TCGA-CJ-4904-01A-02R-1426-07","TCGA-CJ-4904","Primary Tumor","TYROBP","ENSG00000011600.12",258.6524,"OK"
"TCGA-KIRC","fa157012-d4c8-43c3-b4fe-a02f13fcec40","TCGA-CJ-4904-01A-02R-1426-07","TCGA-CJ-4904","Primary Tumor","FCER1G","ENSG00000158869.11",165.4928,"OK"
"TCGA-KIRC","fa157012-d4c8-43c3-b4fe-a02f13fcec40","TCGA-CJ-4904-01A-02R-1426-07","TCGA-CJ-4904","Primary Tumor","CD68","ENSG00000129226.14",0.0798,"OK"
"TCGA-KIRC","04f48a21-1ab5-45d0-ba8a-8b6cd53ca1ff","TCGA-A3-3328-01A-01R-0864-07","TCGA-A3-3328","Primary Tumor","PTPRC","ENSG00000081237.20",6.0842,"OK"
"TCGA-KIRC","04f48a21-1ab5-45d0-ba8a-8b6cd53ca1ff","TCGA-A3-3328-01A-01R-0864-07","TCGA-A3-3328","Primary Tumor","CD3D","ENSG00000167286.10",0.2106,"OK"
"TCGA-KIRC","04f48a21-1ab5-45d0-ba8a-8b6cd53ca1ff","TCGA-A3-3328-01A-01R-0864-07","TCGA-A3-3328","Primary Tumor","CD3E","ENSG00000198851.10",0.7003,"OK"
"TCGA-KIRC","04f48a21-1ab5-45d0-ba8a-8b6cd53ca1ff","TCGA-A3-3328-01A-01R-0864-07","TCGA-A3-3328","Primary Tumor","MS4A1","ENSG00000156738.18",0.1018,"OK"
"TCGA-KIRC","04f48a21-1ab5-45d0-ba8a-8b6cd53ca1ff","TCGA-A3-3328-01A-01R-0864-07","TCGA-A3-3328","Primary Tumor","CD79A","ENSG00000105369.10",0.2108,"OK"
"TCGA-KIRC","04f48a21-1ab5-45d0-ba8a-8b6cd53ca1ff","TCGA-A3-3328-01A-01R-0864-07","TCGA-A3-3328","Primary Tumor","NKG7","ENSG00000105374.10",3.7358,"OK"
"TCGA-KIRC","04f48a21-1ab5-45d0-ba8a-8b6cd53ca1ff","TCGA-A3-3328-01A-01R-0864-07","TCGA-A3-3328","Primary Tumor","LST1","ENSG00000204482.11",2.3425,"OK"
"TCGA-KIRC","04f48a21-1ab5-45d0-ba8a-8b6cd53ca1ff","TCGA-A3-3328-01A-01R-0864-07","TCGA-A3-3328","Primary Tumor","TYROBP","ENSG00000011600.12",19.86,"OK"
"TCGA-KIRC","04f48a21-1ab5-45d0-ba8a-8b6cd53ca1ff","TCGA-A3-3328-01A-01R-0864-07","TCGA-A3-3328","Primary Tumor","FCER1G","ENSG00000158869.11",13.5629,"OK"
"TCGA-KIRC","04f48a21-1ab5-45d0-ba8a-8b6cd53ca1ff","TCGA-A3-3328-01A-01R-0864-07","TCGA-A3-3328","Primary Tumor","CD68","ENSG00000129226.14",0.0374,"OK"
"TCGA-KIRC","34bd0526-91b2-4b99-a33b-5d4bc8c68d39","TCGA-CZ-4865-11A-01R-1503-07","TCGA-CZ-4865","Solid Tissue Normal","PTPRC","ENSG00000081237.20",3.9953,"OK"
"TCGA-KIRC","34bd0526-91b2-4b99-a33b-5d4bc8c68d39","TCGA-CZ-4865-11A-01R-1503-07","TCGA-CZ-4865","Solid Tissue Normal","CD3D","ENSG00000167286.10",2.0912,"OK"
"TCGA-KIRC","34bd0526-91b2-4b99-a33b-5d4bc8c68d39","TCGA-CZ-4865-11A-01R-1503-07","TCGA-CZ-4865","Solid Tissue Normal","CD3E","ENSG00000198851.10",1.5232,"OK"
"TCGA-KIRC","34bd0526-91b2-4b99-a33b-5d4bc8c68d39","TCGA-CZ-4865-11A-01R-1503-07","TCGA-CZ-4865","Solid Tissue Normal","MS4A1","ENSG00000156738.18",0.0749,"OK"
"TCGA-KIRC","34bd0526-91b2-4b99-a33b-5d4bc8c68d39","TCGA-CZ-4865-11A-01R-1503-07","TCGA-CZ-4865","Solid Tissue Normal","CD79A","ENSG00000105369.10",0.5318,"OK"
"TCGA-KIRC","34bd0526-91b2-4b99-a33b-5d4bc8c68d39","TCGA-CZ-4865-11A-01R-1503-07","TCGA-CZ-4865","Solid Tissue Normal","NKG7","ENSG00000105374.10",3.4274,"OK"
"TCGA-KIRC","34bd0526-91b2-4b99-a33b-5d4bc8c68d39","TCGA-CZ-4865-11A-01R-1503-07","TCGA-CZ-4865","Solid Tissue Normal","LST1","ENSG00000204482.11",4.23,"OK"
"TCGA-KIRC","34bd0526-91b2-4b99-a33b-5d4bc8c68d39","TCGA-CZ-4865-11A-01R-1503-07","TCGA-CZ-4865","Solid Tissue Normal","TYROBP","ENSG00000011600.12",52.0737,"OK"
"TCGA-KIRC","34bd0526-91b2-4b99-a33b-5d4bc8c68d39","TCGA-CZ-4865-11A-01R-1503-07","TCGA-CZ-4865","Solid Tissue Normal","FCER1G","ENSG00000158869.11",36.3289,"OK"
"TCGA-KIRC","34bd0526-91b2-4b99-a33b-5d4bc8c68d39","TCGA-CZ-4865-11A-01R-1503-07","TCGA-CZ-4865","Solid Tissue Normal","CD68","ENSG00000129226.14",0.0551,"OK"
"TCGA-KIRC","ba97a1ce-36b3-4212-960b-b64a7cc2ea82","TCGA-BP-4976-01A-01R-1334-07","TCGA-BP-4976","Primary Tumor","PTPRC","ENSG00000081237.20",21.0532,"OK"
"TCGA-KIRC","ba97a1ce-36b3-4212-960b-b64a7cc2ea82","TCGA-BP-4976-01A-01R-1334-07","TCGA-BP-4976","Primary Tumor","CD3D","ENSG00000167286.10",12.0352,"OK"
"TCGA-KIRC","ba97a1ce-36b3-4212-960b-b64a7cc2ea82","TCGA-BP-4976-01A-01R-1334-07","TCGA-BP-4976","Primary Tumor","CD3E","ENSG00000198851.10",12.9138,"OK"
"TCGA-KIRC","ba97a1ce-36b3-4212-960b-b64a7cc2ea82","TCGA-BP-4976-01A-01R-1334-07","TCGA-BP-4976","Primary Tumor","MS4A1","ENSG00000156738.18",0.3374,"OK"
"TCGA-KIRC","ba97a1ce-36b3-4212-960b-b64a7cc2ea82","TCGA-BP-4976-01A-01R-1334-07","TCGA-BP-4976","Primary Tumor","CD79A","ENSG00000105369.10",2.2954,"OK"
"TCGA-KIRC","ba97a1ce-36b3-4212-960b-b64a7cc2ea82","TCGA-BP-4976-01A-01R-1334-07","TCGA-BP-4976","Primary Tumor","NKG7","ENSG00000105374.10",28.3507,"OK"
"TCGA-KIRC","ba97a1ce-36b3-4212-960b-b64a7cc2ea82","TCGA-BP-4976-01A-01R-1334-07","TCGA-BP-4976","Primary Tumor","LST1","ENSG00000204482.11",16.3475,"OK"
"TCGA-KIRC","ba97a1ce-36b3-4212-960b-b64a7cc2ea82","TCGA-BP-4976-01A-01R-1334-07","TCGA-BP-4976","Primary Tumor","TYROBP","ENSG00000011600.12",190.4266,"OK"
"TCGA-KIRC","ba97a1ce-36b3-4212-960b-b64a7cc2ea82","TCGA-BP-4976-01A-01R-1334-07","TCGA-BP-4976","Primary Tumor","FCER1G","ENSG00000158869.11",97.7696,"OK"
"TCGA-KIRC","ba97a1ce-36b3-4212-960b-b64a7cc2ea82","TCGA-BP-4976-01A-01R-1334-07","TCGA-BP-4976","Primary Tumor","CD68","ENSG00000129226.14",0.124,"OK"
"TCGA-KIRC","ba3ab6f6-109b-485c-b600-d6cf3edb4b28","TCGA-BP-5006-01A-01R-1334-07","TCGA-BP-5006","Primary Tumor","PTPRC","ENSG00000081237.20",16.4759,"OK"
"TCGA-KIRC","ba3ab6f6-109b-485c-b600-d6cf3edb4b28","TCGA-BP-5006-01A-01R-1334-07","TCGA-BP-5006","Primary Tumor","CD3D","ENSG00000167286.10",10.2165,"OK"
"TCGA-KIRC","ba3ab6f6-109b-485c-b600-d6cf3edb4b28","TCGA-BP-5006-01A-01R-1334-07","TCGA-BP-5006","Primary Tumor","CD3E","ENSG00000198851.10",10.4036,"OK"
"TCGA-KIRC","ba3ab6f6-109b-485c-b600-d6cf3edb4b28","TCGA-BP-5006-01A-01R-1334-07","TCGA-BP-5006","Primary Tumor","MS4A1","ENSG00000156738.18",0.4248,"OK"
"TCGA-KIRC","ba3ab6f6-109b-485c-b600-d6cf3edb4b28","TCGA-BP-5006-01A-01R-1334-07","TCGA-BP-5006","Primary Tumor","CD79A","ENSG00000105369.10",1.5383,"OK"
"TCGA-KIRC","ba3ab6f6-109b-485c-b600-d6cf3edb4b28","TCGA-BP-5006-01A-01R-1334-07","TCGA-BP-5006","Primary Tumor","NKG7","ENSG00000105374.10",57.8718,"OK"
"TCGA-KIRC","ba3ab6f6-109b-485c-b600-d6cf3edb4b28","TCGA-BP-5006-01A-01R-1334-07","TCGA-BP-5006","Primary Tumor","LST1","ENSG00000204482.11",22.4061,"OK"
"TCGA-KIRC","ba3ab6f6-109b-485c-b600-d6cf3edb4b28","TCGA-BP-5006-01A-01R-1334-07","TCGA-BP-5006","Primary Tumor","TYROBP","ENSG00000011600.12",211.1259,"OK"
"TCGA-KIRC","ba3ab6f6-109b-485c-b600-d6cf3edb4b28","TCGA-BP-5006-01A-01R-1334-07","TCGA-BP-5006","Primary Tumor","FCER1G","ENSG00000158869.11",121.7762,"OK"
"TCGA-KIRC","ba3ab6f6-109b-485c-b600-d6cf3edb4b28","TCGA-BP-5006-01A-01R-1334-07","TCGA-BP-5006","Primary Tumor","CD68","ENSG00000129226.14",0.2103,"OK"
"TCGA-KIRC","06632416-4901-4939-b250-35cd1b8b8323","TCGA-AK-3429-01A-02R-1325-07","TCGA-AK-3429","Primary Tumor","PTPRC","ENSG00000081237.20",46.6817,"OK"
"TCGA-KIRC","06632416-4901-4939-b250-35cd1b8b8323","TCGA-AK-3429-01A-02R-1325-07","TCGA-AK-3429","Primary Tumor","CD3D","ENSG00000167286.10",152.1312,"OK"
"TCGA-KIRC","06632416-4901-4939-b250-35cd1b8b8323","TCGA-AK-3429-01A-02R-1325-07","TCGA-AK-3429","Primary Tumor","CD3E","ENSG00000198851.10",84.9985,"OK"
"TCGA-KIRC","06632416-4901-4939-b250-35cd1b8b8323","TCGA-AK-3429-01A-02R-1325-07","TCGA-AK-3429","Primary Tumor","MS4A1","ENSG00000156738.18",3.536,"OK"
"TCGA-KIRC","06632416-4901-4939-b250-35cd1b8b8323","TCGA-AK-3429-01A-02R-1325-07","TCGA-AK-3429","Primary Tumor","CD79A","ENSG00000105369.10",9.5056,"OK"
"TCGA-KIRC","06632416-4901-4939-b250-35cd1b8b8323","TCGA-AK-3429-01A-02R-1325-07","TCGA-AK-3429","Primary Tumor","NKG7","ENSG00000105374.10",352.7052,"OK"
"TCGA-KIRC","06632416-4901-4939-b250-35cd1b8b8323","TCGA-AK-3429-01A-02R-1325-07","TCGA-AK-3429","Primary Tumor","LST1","ENSG00000204482.11",45.5617,"OK"
"TCGA-KIRC","06632416-4901-4939-b250-35cd1b8b8323","TCGA-AK-3429-01A-02R-1325-07","TCGA-AK-3429","Primary Tumor","TYROBP","ENSG00000011600.12",454.8481,"OK"
"TCGA-KIRC","06632416-4901-4939-b250-35cd1b8b8323","TCGA-AK-3429-01A-02R-1325-07","TCGA-AK-3429","Primary Tumor","FCER1G","ENSG00000158869.11",228.0483,"OK"
"TCGA-KIRC","06632416-4901-4939-b250-35cd1b8b8323","TCGA-AK-3429-01A-02R-1325-07","TCGA-AK-3429","Primary Tumor","CD68","ENSG00000129226.14",0.0995,"OK"
"TCGA-KIRC","bb4ec992-dd81-4758-b4f2-7560fbc4cf2b","TCGA-BP-4327-01A-01R-1289-07","TCGA-BP-4327","Primary Tumor","PTPRC","ENSG00000081237.20",8.1468,"OK"
"TCGA-KIRC","bb4ec992-dd81-4758-b4f2-7560fbc4cf2b","TCGA-BP-4327-01A-01R-1289-07","TCGA-BP-4327","Primary Tumor","CD3D","ENSG00000167286.10",11.8127,"OK"
"TCGA-KIRC","bb4ec992-dd81-4758-b4f2-7560fbc4cf2b","TCGA-BP-4327-01A-01R-1289-07","TCGA-BP-4327","Primary Tumor","CD3E","ENSG00000198851.10",15.7719,"OK"
"TCGA-KIRC","bb4ec992-dd81-4758-b4f2-7560fbc4cf2b","TCGA-BP-4327-01A-01R-1289-07","TCGA-BP-4327","Primary Tumor","MS4A1","ENSG00000156738.18",0.2645,"OK"
"TCGA-KIRC","bb4ec992-dd81-4758-b4f2-7560fbc4cf2b","TCGA-BP-4327-01A-01R-1289-07","TCGA-BP-4327","Primary Tumor","CD79A","ENSG00000105369.10",4.0178,"OK"
"TCGA-KIRC","bb4ec992-dd81-4758-b4f2-7560fbc4cf2b","TCGA-BP-4327-01A-01R-1289-07","TCGA-BP-4327","Primary Tumor","NKG7","ENSG00000105374.10",55.4527,"OK"
"TCGA-KIRC","bb4ec992-dd81-4758-b4f2-7560fbc4cf2b","TCGA-BP-4327-01A-01R-1289-07","TCGA-BP-4327","Primary Tumor","LST1","ENSG00000204482.11",14.2704,"OK"
"TCGA-KIRC","bb4ec992-dd81-4758-b4f2-7560fbc4cf2b","TCGA-BP-4327-01A-01R-1289-07","TCGA-BP-4327","Primary Tumor","TYROBP","ENSG00000011600.12",166.3665,"OK"
"TCGA-KIRC","bb4ec992-dd81-4758-b4f2-7560fbc4cf2b","TCGA-BP-4327-01A-01R-1289-07","TCGA-BP-4327","Primary Tumor","FCER1G","ENSG00000158869.11",95.6452,"OK"
"TCGA-KIRC","bb4ec992-dd81-4758-b4f2-7560fbc4cf2b","TCGA-BP-4327-01A-01R-1289-07","TCGA-BP-4327","Primary Tumor","CD68","ENSG00000129226.14",0.0933,"OK"
"TCGA-KIRC","a78e44f3-6e93-47f4-9653-2ce1b1d7d25d","TCGA-BP-5181-01A-01R-1426-07","TCGA-BP-5181","Primary Tumor","PTPRC","ENSG00000081237.20",22.8087,"OK"
"TCGA-KIRC","a78e44f3-6e93-47f4-9653-2ce1b1d7d25d","TCGA-BP-5181-01A-01R-1426-07","TCGA-BP-5181","Primary Tumor","CD3D","ENSG00000167286.10",23.5366,"OK"
"TCGA-KIRC","a78e44f3-6e93-47f4-9653-2ce1b1d7d25d","TCGA-BP-5181-01A-01R-1426-07","TCGA-BP-5181","Primary Tumor","CD3E","ENSG00000198851.10",29.5903,"OK"
"TCGA-KIRC","a78e44f3-6e93-47f4-9653-2ce1b1d7d25d","TCGA-BP-5181-01A-01R-1426-07","TCGA-BP-5181","Primary Tumor","MS4A1","ENSG00000156738.18",0.4433,"OK"
"TCGA-KIRC","a78e44f3-6e93-47f4-9653-2ce1b1d7d25d","TCGA-BP-5181-01A-01R-1426-07","TCGA-BP-5181","Primary Tumor","CD79A","ENSG00000105369.10",1.3883,"OK"
"TCGA-KIRC","a78e44f3-6e93-47f4-9653-2ce1b1d7d25d","TCGA-BP-5181-01A-01R-1426-07","TCGA-BP-5181","Primary Tumor","NKG7","ENSG00000105374.10",69.2215,"OK"
"TCGA-KIRC","a78e44f3-6e93-47f4-9653-2ce1b1d7d25d","TCGA-BP-5181-01A-01R-1426-07","TCGA-BP-5181","Primary Tumor","LST1","ENSG00000204482.11",21.9507,"OK"
"TCGA-KIRC","a78e44f3-6e93-47f4-9653-2ce1b1d7d25d","TCGA-BP-5181-01A-01R-1426-07","TCGA-BP-5181","Primary Tumor","TYROBP","ENSG00000011600.12",266.6905,"OK"
"TCGA-KIRC","a78e44f3-6e93-47f4-9653-2ce1b1d7d25d","TCGA-BP-5181-01A-01R-1426-07","TCGA-BP-5181","Primary Tumor","FCER1G","ENSG00000158869.11",89.1032,"OK"
"TCGA-KIRC","a78e44f3-6e93-47f4-9653-2ce1b1d7d25d","TCGA-BP-5181-01A-01R-1426-07","TCGA-BP-5181","Primary Tumor","CD68","ENSG00000129226.14",0.0575,"OK"
"TCGA-KIRC","96ae86b9-6d2a-4b13-9765-a0a5b71519c4","TCGA-DV-5576-01A-01R-1541-07","TCGA-DV-5576","Primary Tumor","PTPRC","ENSG00000081237.20",3.4502,"OK"
"TCGA-KIRC","96ae86b9-6d2a-4b13-9765-a0a5b71519c4","TCGA-DV-5576-01A-01R-1541-07","TCGA-DV-5576","Primary Tumor","CD3D","ENSG00000167286.10",2.0859,"OK"
"TCGA-KIRC","96ae86b9-6d2a-4b13-9765-a0a5b71519c4","TCGA-DV-5576-01A-01R-1541-07","TCGA-DV-5576","Primary Tumor","CD3E","ENSG00000198851.10",1.4961,"OK"
"TCGA-KIRC","96ae86b9-6d2a-4b13-9765-a0a5b71519c4","TCGA-DV-5576-01A-01R-1541-07","TCGA-DV-5576","Primary Tumor","MS4A1","ENSG00000156738.18",0.148,"OK"
"TCGA-KIRC","96ae86b9-6d2a-4b13-9765-a0a5b71519c4","TCGA-DV-5576-01A-01R-1541-07","TCGA-DV-5576","Primary Tumor","CD79A","ENSG00000105369.10",1.2412,"OK"
"TCGA-KIRC","96ae86b9-6d2a-4b13-9765-a0a5b71519c4","TCGA-DV-5576-01A-01R-1541-07","TCGA-DV-5576","Primary Tumor","NKG7","ENSG00000105374.10",14.4207,"OK"
"TCGA-KIRC","96ae86b9-6d2a-4b13-9765-a0a5b71519c4","TCGA-DV-5576-01A-01R-1541-07","TCGA-DV-5576","Primary Tumor","LST1","ENSG00000204482.11",4.7819,"OK"
"TCGA-KIRC","96ae86b9-6d2a-4b13-9765-a0a5b71519c4","TCGA-DV-5576-01A-01R-1541-07","TCGA-DV-5576","Primary Tumor","TYROBP","ENSG00000011600.12",46.5473,"OK"
"TCGA-KIRC","96ae86b9-6d2a-4b13-9765-a0a5b71519c4","TCGA-DV-5576-01A-01R-1541-07","TCGA-DV-5576","Primary Tumor","FCER1G","ENSG00000158869.11",26.3569,"OK"
"TCGA-KIRC","96ae86b9-6d2a-4b13-9765-a0a5b71519c4","TCGA-DV-5576-01A-01R-1541-07","TCGA-DV-5576","Primary Tumor","CD68","ENSG00000129226.14",0.0593,"OK"
"TCGA-KIRC","f1d244a9-f031-4286-b433-572de7ed8d42","TCGA-CW-5584-01A-01R-1541-07","TCGA-CW-5584","Primary Tumor","PTPRC","ENSG00000081237.20",32.6218,"OK"
"TCGA-KIRC","f1d244a9-f031-4286-b433-572de7ed8d42","TCGA-CW-5584-01A-01R-1541-07","TCGA-CW-5584","Primary Tumor","CD3D","ENSG00000167286.10",12.2735,"OK"
"TCGA-KIRC","f1d244a9-f031-4286-b433-572de7ed8d42","TCGA-CW-5584-01A-01R-1541-07","TCGA-CW-5584","Primary Tumor","CD3E","ENSG00000198851.10",12.5788,"OK"
"TCGA-KIRC","f1d244a9-f031-4286-b433-572de7ed8d42","TCGA-CW-5584-01A-01R-1541-07","TCGA-CW-5584","Primary Tumor","MS4A1","ENSG00000156738.18",0.5318,"OK"
"TCGA-KIRC","f1d244a9-f031-4286-b433-572de7ed8d42","TCGA-CW-5584-01A-01R-1541-07","TCGA-CW-5584","Primary Tumor","CD79A","ENSG00000105369.10",3.0285,"OK"
"TCGA-KIRC","f1d244a9-f031-4286-b433-572de7ed8d42","TCGA-CW-5584-01A-01R-1541-07","TCGA-CW-5584","Primary Tumor","NKG7","ENSG00000105374.10",29.9751,"OK"
"TCGA-KIRC","f1d244a9-f031-4286-b433-572de7ed8d42","TCGA-CW-5584-01A-01R-1541-07","TCGA-CW-5584","Primary Tumor","LST1","ENSG00000204482.11",26.5336,"OK"
"TCGA-KIRC","f1d244a9-f031-4286-b433-572de7ed8d42","TCGA-CW-5584-01A-01R-1541-07","TCGA-CW-5584","Primary Tumor","TYROBP","ENSG00000011600.12",294.0371,"OK"
"TCGA-KIRC","f1d244a9-f031-4286-b433-572de7ed8d42","TCGA-CW-5584-01A-01R-1541-07","TCGA-CW-5584","Primary Tumor","FCER1G","ENSG00000158869.11",134.5622,"OK"
"TCGA-KIRC","f1d244a9-f031-4286-b433-572de7ed8d42","TCGA-CW-5584-01A-01R-1541-07","TCGA-CW-5584","Primary Tumor","CD68","ENSG00000129226.14",0.0818,"OK"
"TCGA-KIRC","4b2c1bf1-9a07-4b71-8a9a-c60c9564b686","TCGA-B0-4707-01A-01R-1277-07","TCGA-B0-4707","Primary Tumor","PTPRC","ENSG00000081237.20",8.0133,"OK"
"TCGA-KIRC","4b2c1bf1-9a07-4b71-8a9a-c60c9564b686","TCGA-B0-4707-01A-01R-1277-07","TCGA-B0-4707","Primary Tumor","CD3D","ENSG00000167286.10",26.2585,"OK"
"TCGA-KIRC","4b2c1bf1-9a07-4b71-8a9a-c60c9564b686","TCGA-B0-4707-01A-01R-1277-07","TCGA-B0-4707","Primary Tumor","CD3E","ENSG00000198851.10",19.164,"OK"
"TCGA-KIRC","4b2c1bf1-9a07-4b71-8a9a-c60c9564b686","TCGA-B0-4707-01A-01R-1277-07","TCGA-B0-4707","Primary Tumor","MS4A1","ENSG00000156738.18",1.3571,"OK"
"TCGA-KIRC","4b2c1bf1-9a07-4b71-8a9a-c60c9564b686","TCGA-B0-4707-01A-01R-1277-07","TCGA-B0-4707","Primary Tumor","CD79A","ENSG00000105369.10",12.6823,"OK"
"TCGA-KIRC","4b2c1bf1-9a07-4b71-8a9a-c60c9564b686","TCGA-B0-4707-01A-01R-1277-07","TCGA-B0-4707","Primary Tumor","NKG7","ENSG00000105374.10",89.6983,"OK"
"TCGA-KIRC","4b2c1bf1-9a07-4b71-8a9a-c60c9564b686","TCGA-B0-4707-01A-01R-1277-07","TCGA-B0-4707","Primary Tumor","LST1","ENSG00000204482.11",4.192,"OK"
"TCGA-KIRC","4b2c1bf1-9a07-4b71-8a9a-c60c9564b686","TCGA-B0-4707-01A-01R-1277-07","TCGA-B0-4707","Primary Tumor","TYROBP","ENSG00000011600.12",21.8704,"OK"
"TCGA-KIRC","4b2c1bf1-9a07-4b71-8a9a-c60c9564b686","TCGA-B0-4707-01A-01R-1277-07","TCGA-B0-4707","Primary Tumor","FCER1G","ENSG00000158869.11",12.3217,"OK"
"TCGA-KIRC","4b2c1bf1-9a07-4b71-8a9a-c60c9564b686","TCGA-B0-4707-01A-01R-1277-07","TCGA-B0-4707","Primary Tumor","CD68","ENSG00000129226.14",0.0549,"OK"
"TCGA-KIRC","0699530d-22a4-4fb0-a17c-ff78397c5316","TCGA-CW-5584-11A-01R-1541-07","TCGA-CW-5584","Solid Tissue Normal","PTPRC","ENSG00000081237.20",24.9705,"OK"
"TCGA-KIRC","0699530d-22a4-4fb0-a17c-ff78397c5316","TCGA-CW-5584-11A-01R-1541-07","TCGA-CW-5584","Solid Tissue Normal","CD3D","ENSG00000167286.10",23.3568,"OK"
"TCGA-KIRC","0699530d-22a4-4fb0-a17c-ff78397c5316","TCGA-CW-5584-11A-01R-1541-07","TCGA-CW-5584","Solid Tissue Normal","CD3E","ENSG00000198851.10",21.018,"OK"
"TCGA-KIRC","0699530d-22a4-4fb0-a17c-ff78397c5316","TCGA-CW-5584-11A-01R-1541-07","TCGA-CW-5584","Solid Tissue Normal","MS4A1","ENSG00000156738.18",6.2977,"OK"
"TCGA-KIRC","0699530d-22a4-4fb0-a17c-ff78397c5316","TCGA-CW-5584-11A-01R-1541-07","TCGA-CW-5584","Solid Tissue Normal","CD79A","ENSG00000105369.10",28.7306,"OK"
"TCGA-KIRC","0699530d-22a4-4fb0-a17c-ff78397c5316","TCGA-CW-5584-11A-01R-1541-07","TCGA-CW-5584","Solid Tissue Normal","NKG7","ENSG00000105374.10",25.8215,"OK"
"TCGA-KIRC","0699530d-22a4-4fb0-a17c-ff78397c5316","TCGA-CW-5584-11A-01R-1541-07","TCGA-CW-5584","Solid Tissue Normal","LST1","ENSG00000204482.11",12.2917,"OK"
"TCGA-KIRC","0699530d-22a4-4fb0-a17c-ff78397c5316","TCGA-CW-5584-11A-01R-1541-07","TCGA-CW-5584","Solid Tissue Normal","TYROBP","ENSG00000011600.12",97.0834,"OK"
"TCGA-KIRC","0699530d-22a4-4fb0-a17c-ff78397c5316","TCGA-CW-5584-11A-01R-1541-07","TCGA-CW-5584","Solid Tissue Normal","FCER1G","ENSG00000158869.11",55.5069,"OK"
"TCGA-KIRC","0699530d-22a4-4fb0-a17c-ff78397c5316","TCGA-CW-5584-11A-01R-1541-07","TCGA-CW-5584","Solid Tissue Normal","CD68","ENSG00000129226.14",0,"OK"
"TCGA-KIRC","4dcd0f2b-a6c0-4732-92eb-37a593afd93a","TCGA-BP-4762-01A-02R-1289-07","TCGA-BP-4762","Primary Tumor","PTPRC","ENSG00000081237.20",46.6994,"OK"
"TCGA-KIRC","4dcd0f2b-a6c0-4732-92eb-37a593afd93a","TCGA-BP-4762-01A-02R-1289-07","TCGA-BP-4762","Primary Tumor","CD3D","ENSG00000167286.10",47.2095,"OK"
"TCGA-KIRC","4dcd0f2b-a6c0-4732-92eb-37a593afd93a","TCGA-BP-4762-01A-02R-1289-07","TCGA-BP-4762","Primary Tumor","CD3E","ENSG00000198851.10",29.9439,"OK"
"TCGA-KIRC","4dcd0f2b-a6c0-4732-92eb-37a593afd93a","TCGA-BP-4762-01A-02R-1289-07","TCGA-BP-4762","Primary Tumor","MS4A1","ENSG00000156738.18",7.4678,"OK"
"TCGA-KIRC","4dcd0f2b-a6c0-4732-92eb-37a593afd93a","TCGA-BP-4762-01A-02R-1289-07","TCGA-BP-4762","Primary Tumor","CD79A","ENSG00000105369.10",27.6584,"OK"
"TCGA-KIRC","4dcd0f2b-a6c0-4732-92eb-37a593afd93a","TCGA-BP-4762-01A-02R-1289-07","TCGA-BP-4762","Primary Tumor","NKG7","ENSG00000105374.10",76.9497,"OK"
"TCGA-KIRC","4dcd0f2b-a6c0-4732-92eb-37a593afd93a","TCGA-BP-4762-01A-02R-1289-07","TCGA-BP-4762","Primary Tumor","LST1","ENSG00000204482.11",31.5597,"OK"
"TCGA-KIRC","4dcd0f2b-a6c0-4732-92eb-37a593afd93a","TCGA-BP-4762-01A-02R-1289-07","TCGA-BP-4762","Primary Tumor","TYROBP","ENSG00000011600.12",451.6507,"OK"
"TCGA-KIRC","4dcd0f2b-a6c0-4732-92eb-37a593afd93a","TCGA-BP-4762-01A-02R-1289-07","TCGA-BP-4762","Primary Tumor","FCER1G","ENSG00000158869.11",195.3164,"OK"
"TCGA-KIRC","4dcd0f2b-a6c0-4732-92eb-37a593afd93a","TCGA-BP-4762-01A-02R-1289-07","TCGA-BP-4762","Primary Tumor","CD68","ENSG00000129226.14",0.0861,"OK"
"TCGA-KIRC","a136ae8b-1e0d-4843-a461-ce554ad77458","TCGA-CZ-5984-01A-11R-1672-07","TCGA-CZ-5984","Primary Tumor","PTPRC","ENSG00000081237.20",40.8972,"OK"
"TCGA-KIRC","a136ae8b-1e0d-4843-a461-ce554ad77458","TCGA-CZ-5984-01A-11R-1672-07","TCGA-CZ-5984","Primary Tumor","CD3D","ENSG00000167286.10",42.1639,"OK"
"TCGA-KIRC","a136ae8b-1e0d-4843-a461-ce554ad77458","TCGA-CZ-5984-01A-11R-1672-07","TCGA-CZ-5984","Primary Tumor","CD3E","ENSG00000198851.10",41.1411,"OK"
"TCGA-KIRC","a136ae8b-1e0d-4843-a461-ce554ad77458","TCGA-CZ-5984-01A-11R-1672-07","TCGA-CZ-5984","Primary Tumor","MS4A1","ENSG00000156738.18",0.7025,"OK"
"TCGA-KIRC","a136ae8b-1e0d-4843-a461-ce554ad77458","TCGA-CZ-5984-01A-11R-1672-07","TCGA-CZ-5984","Primary Tumor","CD79A","ENSG00000105369.10",18.0021,"OK"
"TCGA-KIRC","a136ae8b-1e0d-4843-a461-ce554ad77458","TCGA-CZ-5984-01A-11R-1672-07","TCGA-CZ-5984","Primary Tumor","NKG7","ENSG00000105374.10",44.3543,"OK"
"TCGA-KIRC","a136ae8b-1e0d-4843-a461-ce554ad77458","TCGA-CZ-5984-01A-11R-1672-07","TCGA-CZ-5984","Primary Tumor","LST1","ENSG00000204482.11",30.5468,"OK"
"TCGA-KIRC","a136ae8b-1e0d-4843-a461-ce554ad77458","TCGA-CZ-5984-01A-11R-1672-07","TCGA-CZ-5984","Primary Tumor","TYROBP","ENSG00000011600.12",313.4797,"OK"
"TCGA-KIRC","a136ae8b-1e0d-4843-a461-ce554ad77458","TCGA-CZ-5984-01A-11R-1672-07","TCGA-CZ-5984","Primary Tumor","FCER1G","ENSG00000158869.11",175.9441,"OK"
"TCGA-KIRC","a136ae8b-1e0d-4843-a461-ce554ad77458","TCGA-CZ-5984-01A-11R-1672-07","TCGA-CZ-5984","Primary Tumor","CD68","ENSG00000129226.14",0.1823,"OK"
"TCGA-KIRC","9befd66c-7e2b-4081-b933-3c69d94cad96","TCGA-BP-4347-01A-01R-1289-07","TCGA-BP-4347","Primary Tumor","PTPRC","ENSG00000081237.20",16.4679,"OK"
"TCGA-KIRC","9befd66c-7e2b-4081-b933-3c69d94cad96","TCGA-BP-4347-01A-01R-1289-07","TCGA-BP-4347","Primary Tumor","CD3D","ENSG00000167286.10",19.4285,"OK"
"TCGA-KIRC","9befd66c-7e2b-4081-b933-3c69d94cad96","TCGA-BP-4347-01A-01R-1289-07","TCGA-BP-4347","Primary Tumor","CD3E","ENSG00000198851.10",19.0534,"OK"
"TCGA-KIRC","9befd66c-7e2b-4081-b933-3c69d94cad96","TCGA-BP-4347-01A-01R-1289-07","TCGA-BP-4347","Primary Tumor","MS4A1","ENSG00000156738.18",0.7772,"OK"
"TCGA-KIRC","9befd66c-7e2b-4081-b933-3c69d94cad96","TCGA-BP-4347-01A-01R-1289-07","TCGA-BP-4347","Primary Tumor","CD79A","ENSG00000105369.10",1.1144,"OK"
"TCGA-KIRC","9befd66c-7e2b-4081-b933-3c69d94cad96","TCGA-BP-4347-01A-01R-1289-07","TCGA-BP-4347","Primary Tumor","NKG7","ENSG00000105374.10",52.7319,"OK"
"TCGA-KIRC","9befd66c-7e2b-4081-b933-3c69d94cad96","TCGA-BP-4347-01A-01R-1289-07","TCGA-BP-4347","Primary Tumor","LST1","ENSG00000204482.11",14.1506,"OK"
"TCGA-KIRC","9befd66c-7e2b-4081-b933-3c69d94cad96","TCGA-BP-4347-01A-01R-1289-07","TCGA-BP-4347","Primary Tumor","TYROBP","ENSG00000011600.12",118.61,"OK"
"TCGA-KIRC","9befd66c-7e2b-4081-b933-3c69d94cad96","TCGA-BP-4347-01A-01R-1289-07","TCGA-BP-4347","Primary Tumor","FCER1G","ENSG00000158869.11",77.0651,"OK"
"TCGA-KIRC","9befd66c-7e2b-4081-b933-3c69d94cad96","TCGA-BP-4347-01A-01R-1289-07","TCGA-BP-4347","Primary Tumor","CD68","ENSG00000129226.14",0.0519,"OK"
"TCGA-KIRC","a3bdc783-f9de-42d6-b0ad-eadec504b7d8","TCGA-BP-5007-01A-01R-1334-07","TCGA-BP-5007","Primary Tumor","PTPRC","ENSG00000081237.20",23.6104,"OK"
"TCGA-KIRC","a3bdc783-f9de-42d6-b0ad-eadec504b7d8","TCGA-BP-5007-01A-01R-1334-07","TCGA-BP-5007","Primary Tumor","CD3D","ENSG00000167286.10",45.6009,"OK"
"TCGA-KIRC","a3bdc783-f9de-42d6-b0ad-eadec504b7d8","TCGA-BP-5007-01A-01R-1334-07","TCGA-BP-5007","Primary Tumor","CD3E","ENSG00000198851.10",38.1582,"OK"
"TCGA-KIRC","a3bdc783-f9de-42d6-b0ad-eadec504b7d8","TCGA-BP-5007-01A-01R-1334-07","TCGA-BP-5007","Primary Tumor","MS4A1","ENSG00000156738.18",0.9524,"OK"
"TCGA-KIRC","a3bdc783-f9de-42d6-b0ad-eadec504b7d8","TCGA-BP-5007-01A-01R-1334-07","TCGA-BP-5007","Primary Tumor","CD79A","ENSG00000105369.10",3.0986,"OK"
"TCGA-KIRC","a3bdc783-f9de-42d6-b0ad-eadec504b7d8","TCGA-BP-5007-01A-01R-1334-07","TCGA-BP-5007","Primary Tumor","NKG7","ENSG00000105374.10",88.3279,"OK"
"TCGA-KIRC","a3bdc783-f9de-42d6-b0ad-eadec504b7d8","TCGA-BP-5007-01A-01R-1334-07","TCGA-BP-5007","Primary Tumor","LST1","ENSG00000204482.11",22.8218,"OK"
"TCGA-KIRC","a3bdc783-f9de-42d6-b0ad-eadec504b7d8","TCGA-BP-5007-01A-01R-1334-07","TCGA-BP-5007","Primary Tumor","TYROBP","ENSG00000011600.12",210.6363,"OK"
"TCGA-KIRC","a3bdc783-f9de-42d6-b0ad-eadec504b7d8","TCGA-BP-5007-01A-01R-1334-07","TCGA-BP-5007","Primary Tumor","FCER1G","ENSG00000158869.11",102.2081,"OK"
"TCGA-KIRC","a3bdc783-f9de-42d6-b0ad-eadec504b7d8","TCGA-BP-5007-01A-01R-1334-07","TCGA-BP-5007","Primary Tumor","CD68","ENSG00000129226.14",0.175,"OK"
"TCGA-KIRC","83300c43-0958-4165-99cf-e956cb47d38b","TCGA-B0-5116-01A-02R-1420-07","TCGA-B0-5116","Primary Tumor","PTPRC","ENSG00000081237.20",8.335,"OK"
"TCGA-KIRC","83300c43-0958-4165-99cf-e956cb47d38b","TCGA-B0-5116-01A-02R-1420-07","TCGA-B0-5116","Primary Tumor","CD3D","ENSG00000167286.10",9.8694,"OK"
"TCGA-KIRC","83300c43-0958-4165-99cf-e956cb47d38b","TCGA-B0-5116-01A-02R-1420-07","TCGA-B0-5116","Primary Tumor","CD3E","ENSG00000198851.10",11.554,"OK"
"TCGA-KIRC","83300c43-0958-4165-99cf-e956cb47d38b","TCGA-B0-5116-01A-02R-1420-07","TCGA-B0-5116","Primary Tumor","MS4A1","ENSG00000156738.18",0.1308,"OK"
"TCGA-KIRC","83300c43-0958-4165-99cf-e956cb47d38b","TCGA-B0-5116-01A-02R-1420-07","TCGA-B0-5116","Primary Tumor","CD79A","ENSG00000105369.10",1.0443,"OK"
"TCGA-KIRC","83300c43-0958-4165-99cf-e956cb47d38b","TCGA-B0-5116-01A-02R-1420-07","TCGA-B0-5116","Primary Tumor","NKG7","ENSG00000105374.10",33.2444,"OK"
"TCGA-KIRC","83300c43-0958-4165-99cf-e956cb47d38b","TCGA-B0-5116-01A-02R-1420-07","TCGA-B0-5116","Primary Tumor","LST1","ENSG00000204482.11",6.2672,"OK"
"TCGA-KIRC","83300c43-0958-4165-99cf-e956cb47d38b","TCGA-B0-5116-01A-02R-1420-07","TCGA-B0-5116","Primary Tumor","TYROBP","ENSG00000011600.12",62.013,"OK"
"TCGA-KIRC","83300c43-0958-4165-99cf-e956cb47d38b","TCGA-B0-5116-01A-02R-1420-07","TCGA-B0-5116","Primary Tumor","FCER1G","ENSG00000158869.11",37.0461,"OK"
"TCGA-KIRC","83300c43-0958-4165-99cf-e956cb47d38b","TCGA-B0-5116-01A-02R-1420-07","TCGA-B0-5116","Primary Tumor","CD68","ENSG00000129226.14",0.2403,"OK"
"TCGA-KIRC","0a98d561-9c8c-40d2-aaaf-cad735533329","TCGA-B0-5699-11A-01R-1541-07","TCGA-B0-5699","Solid Tissue Normal","PTPRC","ENSG00000081237.20",3.0612,"OK"
"TCGA-KIRC","0a98d561-9c8c-40d2-aaaf-cad735533329","TCGA-B0-5699-11A-01R-1541-07","TCGA-B0-5699","Solid Tissue Normal","CD3D","ENSG00000167286.10",0.3367,"OK"
"TCGA-KIRC","0a98d561-9c8c-40d2-aaaf-cad735533329","TCGA-B0-5699-11A-01R-1541-07","TCGA-B0-5699","Solid Tissue Normal","CD3E","ENSG00000198851.10",1.1879,"OK"
"TCGA-KIRC","0a98d561-9c8c-40d2-aaaf-cad735533329","TCGA-B0-5699-11A-01R-1541-07","TCGA-B0-5699","Solid Tissue Normal","MS4A1","ENSG00000156738.18",0.1086,"OK"
"TCGA-KIRC","0a98d561-9c8c-40d2-aaaf-cad735533329","TCGA-B0-5699-11A-01R-1541-07","TCGA-B0-5699","Solid Tissue Normal","CD79A","ENSG00000105369.10",0.9246,"OK"
"TCGA-KIRC","0a98d561-9c8c-40d2-aaaf-cad735533329","TCGA-B0-5699-11A-01R-1541-07","TCGA-B0-5699","Solid Tissue Normal","NKG7","ENSG00000105374.10",4.7788,"OK"
"TCGA-KIRC","0a98d561-9c8c-40d2-aaaf-cad735533329","TCGA-B0-5699-11A-01R-1541-07","TCGA-B0-5699","Solid Tissue Normal","LST1","ENSG00000204482.11",1.816,"OK"
"TCGA-KIRC","0a98d561-9c8c-40d2-aaaf-cad735533329","TCGA-B0-5699-11A-01R-1541-07","TCGA-B0-5699","Solid Tissue Normal","TYROBP","ENSG00000011600.12",16.8413,"OK"
"TCGA-KIRC","0a98d561-9c8c-40d2-aaaf-cad735533329","TCGA-B0-5699-11A-01R-1541-07","TCGA-B0-5699","Solid Tissue Normal","FCER1G","ENSG00000158869.11",9.0776,"OK"
"TCGA-KIRC","0a98d561-9c8c-40d2-aaaf-cad735533329","TCGA-B0-5699-11A-01R-1541-07","TCGA-B0-5699","Solid Tissue Normal","CD68","ENSG00000129226.14",0.0239,"OK"
"TCGA-KIRC","ffe0d448-20d6-4952-9650-03531ef6fc79","TCGA-BP-4340-01A-01R-1289-07","TCGA-BP-4340","Primary Tumor","PTPRC","ENSG00000081237.20",13.3412,"OK"
"TCGA-KIRC","ffe0d448-20d6-4952-9650-03531ef6fc79","TCGA-BP-4340-01A-01R-1289-07","TCGA-BP-4340","Primary Tumor","CD3D","ENSG00000167286.10",8.5254,"OK"
"TCGA-KIRC","ffe0d448-20d6-4952-9650-03531ef6fc79","TCGA-BP-4340-01A-01R-1289-07","TCGA-BP-4340","Primary Tumor","CD3E","ENSG00000198851.10",10.8034,"OK"
"TCGA-KIRC","ffe0d448-20d6-4952-9650-03531ef6fc79","TCGA-BP-4340-01A-01R-1289-07","TCGA-BP-4340","Primary Tumor","MS4A1","ENSG00000156738.18",0.3252,"OK"
"TCGA-KIRC","ffe0d448-20d6-4952-9650-03531ef6fc79","TCGA-BP-4340-01A-01R-1289-07","TCGA-BP-4340","Primary Tumor","CD79A","ENSG00000105369.10",2.4204,"OK"
"TCGA-KIRC","ffe0d448-20d6-4952-9650-03531ef6fc79","TCGA-BP-4340-01A-01R-1289-07","TCGA-BP-4340","Primary Tumor","NKG7","ENSG00000105374.10",40.9714,"OK"
"TCGA-KIRC","ffe0d448-20d6-4952-9650-03531ef6fc79","TCGA-BP-4340-01A-01R-1289-07","TCGA-BP-4340","Primary Tumor","LST1","ENSG00000204482.11",18.7151,"OK"
"TCGA-KIRC","ffe0d448-20d6-4952-9650-03531ef6fc79","TCGA-BP-4340-01A-01R-1289-07","TCGA-BP-4340","Primary Tumor","TYROBP","ENSG00000011600.12",116.8106,"OK"
"TCGA-KIRC","ffe0d448-20d6-4952-9650-03531ef6fc79","TCGA-BP-4340-01A-01R-1289-07","TCGA-BP-4340","Primary Tumor","FCER1G","ENSG00000158869.11",67.8527,"OK"
"TCGA-KIRC","ffe0d448-20d6-4952-9650-03531ef6fc79","TCGA-BP-4340-01A-01R-1289-07","TCGA-BP-4340","Primary Tumor","CD68","ENSG00000129226.14",0.5322,"OK"
"TCGA-KIRC","3a6bb1dd-89ba-4f26-b7d7-c0c174c0bdf1","TCGA-CZ-4860-01A-01R-1305-07","TCGA-CZ-4860","Primary Tumor","PTPRC","ENSG00000081237.20",25.4334,"OK"
"TCGA-KIRC","3a6bb1dd-89ba-4f26-b7d7-c0c174c0bdf1","TCGA-CZ-4860-01A-01R-1305-07","TCGA-CZ-4860","Primary Tumor","CD3D","ENSG00000167286.10",23.4261,"OK"
"TCGA-KIRC","3a6bb1dd-89ba-4f26-b7d7-c0c174c0bdf1","TCGA-CZ-4860-01A-01R-1305-07","TCGA-CZ-4860","Primary Tumor","CD3E","ENSG00000198851.10",21.7655,"OK"
"TCGA-KIRC","3a6bb1dd-89ba-4f26-b7d7-c0c174c0bdf1","TCGA-CZ-4860-01A-01R-1305-07","TCGA-CZ-4860","Primary Tumor","MS4A1","ENSG00000156738.18",0.2384,"OK"
"TCGA-KIRC","3a6bb1dd-89ba-4f26-b7d7-c0c174c0bdf1","TCGA-CZ-4860-01A-01R-1305-07","TCGA-CZ-4860","Primary Tumor","CD79A","ENSG00000105369.10",3.0726,"OK"
"TCGA-KIRC","3a6bb1dd-89ba-4f26-b7d7-c0c174c0bdf1","TCGA-CZ-4860-01A-01R-1305-07","TCGA-CZ-4860","Primary Tumor","NKG7","ENSG00000105374.10",29.1774,"OK"
"TCGA-KIRC","3a6bb1dd-89ba-4f26-b7d7-c0c174c0bdf1","TCGA-CZ-4860-01A-01R-1305-07","TCGA-CZ-4860","Primary Tumor","LST1","ENSG00000204482.11",15.0083,"OK"
"TCGA-KIRC","3a6bb1dd-89ba-4f26-b7d7-c0c174c0bdf1","TCGA-CZ-4860-01A-01R-1305-07","TCGA-CZ-4860","Primary Tumor","TYROBP","ENSG00000011600.12",335.9353,"OK"
"TCGA-KIRC","3a6bb1dd-89ba-4f26-b7d7-c0c174c0bdf1","TCGA-CZ-4860-01A-01R-1305-07","TCGA-CZ-4860","Primary Tumor","FCER1G","ENSG00000158869.11",216.4264,"OK"
"TCGA-KIRC","3a6bb1dd-89ba-4f26-b7d7-c0c174c0bdf1","TCGA-CZ-4860-01A-01R-1305-07","TCGA-CZ-4860","Primary Tumor","CD68","ENSG00000129226.14",0.1937,"OK"
"TCGA-KIRC","331a54d0-3061-4e9e-93c7-3fb0f9a96254","TCGA-CZ-5458-11A-01R-1503-07","TCGA-CZ-5458","Solid Tissue Normal","PTPRC","ENSG00000081237.20",1.714,"OK"
"TCGA-KIRC","331a54d0-3061-4e9e-93c7-3fb0f9a96254","TCGA-CZ-5458-11A-01R-1503-07","TCGA-CZ-5458","Solid Tissue Normal","CD3D","ENSG00000167286.10",0.9775,"OK"
"TCGA-KIRC","331a54d0-3061-4e9e-93c7-3fb0f9a96254","TCGA-CZ-5458-11A-01R-1503-07","TCGA-CZ-5458","Solid Tissue Normal","CD3E","ENSG00000198851.10",1.0096,"OK"
"TCGA-KIRC","331a54d0-3061-4e9e-93c7-3fb0f9a96254","TCGA-CZ-5458-11A-01R-1503-07","TCGA-CZ-5458","Solid Tissue Normal","MS4A1","ENSG00000156738.18",0.0375,"OK"
"TCGA-KIRC","331a54d0-3061-4e9e-93c7-3fb0f9a96254","TCGA-CZ-5458-11A-01R-1503-07","TCGA-CZ-5458","Solid Tissue Normal","CD79A","ENSG00000105369.10",0.1864,"OK"
"TCGA-KIRC","331a54d0-3061-4e9e-93c7-3fb0f9a96254","TCGA-CZ-5458-11A-01R-1503-07","TCGA-CZ-5458","Solid Tissue Normal","NKG7","ENSG00000105374.10",2.7983,"OK"
"TCGA-KIRC","331a54d0-3061-4e9e-93c7-3fb0f9a96254","TCGA-CZ-5458-11A-01R-1503-07","TCGA-CZ-5458","Solid Tissue Normal","LST1","ENSG00000204482.11",2.5422,"OK"
"TCGA-KIRC","331a54d0-3061-4e9e-93c7-3fb0f9a96254","TCGA-CZ-5458-11A-01R-1503-07","TCGA-CZ-5458","Solid Tissue Normal","TYROBP","ENSG00000011600.12",12.7868,"OK"
"TCGA-KIRC","331a54d0-3061-4e9e-93c7-3fb0f9a96254","TCGA-CZ-5458-11A-01R-1503-07","TCGA-CZ-5458","Solid Tissue Normal","FCER1G","ENSG00000158869.11",6.3496,"OK"
"TCGA-KIRC","331a54d0-3061-4e9e-93c7-3fb0f9a96254","TCGA-CZ-5458-11A-01R-1503-07","TCGA-CZ-5458","Solid Tissue Normal","CD68","ENSG00000129226.14",0.0993,"OK"
"TCGA-KIRC","206a4211-c6c8-4f43-be95-1f36289d7bd6","TCGA-CZ-5458-01A-01R-1503-07","TCGA-CZ-5458","Primary Tumor","PTPRC","ENSG00000081237.20",37.4622,"OK"
"TCGA-KIRC","206a4211-c6c8-4f43-be95-1f36289d7bd6","TCGA-CZ-5458-01A-01R-1503-07","TCGA-CZ-5458","Primary Tumor","CD3D","ENSG00000167286.10",49.0523,"OK"
"TCGA-KIRC","206a4211-c6c8-4f43-be95-1f36289d7bd6","TCGA-CZ-5458-01A-01R-1503-07","TCGA-CZ-5458","Primary Tumor","CD3E","ENSG00000198851.10",49.1003,"OK"
"TCGA-KIRC","206a4211-c6c8-4f43-be95-1f36289d7bd6","TCGA-CZ-5458-01A-01R-1503-07","TCGA-CZ-5458","Primary Tumor","MS4A1","ENSG00000156738.18",1.8233,"OK"
"TCGA-KIRC","206a4211-c6c8-4f43-be95-1f36289d7bd6","TCGA-CZ-5458-01A-01R-1503-07","TCGA-CZ-5458","Primary Tumor","CD79A","ENSG00000105369.10",8.5769,"OK"
"TCGA-KIRC","206a4211-c6c8-4f43-be95-1f36289d7bd6","TCGA-CZ-5458-01A-01R-1503-07","TCGA-CZ-5458","Primary Tumor","NKG7","ENSG00000105374.10",54.9816,"OK"
"TCGA-KIRC","206a4211-c6c8-4f43-be95-1f36289d7bd6","TCGA-CZ-5458-01A-01R-1503-07","TCGA-CZ-5458","Primary Tumor","LST1","ENSG00000204482.11",30.7731,"OK"
"TCGA-KIRC","206a4211-c6c8-4f43-be95-1f36289d7bd6","TCGA-CZ-5458-01A-01R-1503-07","TCGA-CZ-5458","Primary Tumor","TYROBP","ENSG00000011600.12",295.9457,"OK"
"TCGA-KIRC","206a4211-c6c8-4f43-be95-1f36289d7bd6","TCGA-CZ-5458-01A-01R-1503-07","TCGA-CZ-5458","Primary Tumor","FCER1G","ENSG00000158869.11",117.5498,"OK"
"TCGA-KIRC","206a4211-c6c8-4f43-be95-1f36289d7bd6","TCGA-CZ-5458-01A-01R-1503-07","TCGA-CZ-5458","Primary Tumor","CD68","ENSG00000129226.14",0.0238,"OK"
"TCGA-KIRC","b8a61143-0c20-4db9-a4fd-9c8b375ba841","TCGA-B0-4823-01A-02R-1420-07","TCGA-B0-4823","Primary Tumor","PTPRC","ENSG00000081237.20",29.7342,"OK"
"TCGA-KIRC","b8a61143-0c20-4db9-a4fd-9c8b375ba841","TCGA-B0-4823-01A-02R-1420-07","TCGA-B0-4823","Primary Tumor","CD3D","ENSG00000167286.10",46.9246,"OK"
"TCGA-KIRC","b8a61143-0c20-4db9-a4fd-9c8b375ba841","TCGA-B0-4823-01A-02R-1420-07","TCGA-B0-4823","Primary Tumor","CD3E","ENSG00000198851.10",46.45,"OK"
"TCGA-KIRC","b8a61143-0c20-4db9-a4fd-9c8b375ba841","TCGA-B0-4823-01A-02R-1420-07","TCGA-B0-4823","Primary Tumor","MS4A1","ENSG00000156738.18",0.4797,"OK"
"TCGA-KIRC","b8a61143-0c20-4db9-a4fd-9c8b375ba841","TCGA-B0-4823-01A-02R-1420-07","TCGA-B0-4823","Primary Tumor","CD79A","ENSG00000105369.10",9.7791,"OK"
"TCGA-KIRC","b8a61143-0c20-4db9-a4fd-9c8b375ba841","TCGA-B0-4823-01A-02R-1420-07","TCGA-B0-4823","Primary Tumor","NKG7","ENSG00000105374.10",104.7355,"OK"
"TCGA-KIRC","b8a61143-0c20-4db9-a4fd-9c8b375ba841","TCGA-B0-4823-01A-02R-1420-07","TCGA-B0-4823","Primary Tumor","LST1","ENSG00000204482.11",25.4918,"OK"
"TCGA-KIRC","b8a61143-0c20-4db9-a4fd-9c8b375ba841","TCGA-B0-4823-01A-02R-1420-07","TCGA-B0-4823","Primary Tumor","TYROBP","ENSG00000011600.12",419.651,"OK"
"TCGA-KIRC","b8a61143-0c20-4db9-a4fd-9c8b375ba841","TCGA-B0-4823-01A-02R-1420-07","TCGA-B0-4823","Primary Tumor","FCER1G","ENSG00000158869.11",185.8847,"OK"
"TCGA-KIRC","b8a61143-0c20-4db9-a4fd-9c8b375ba841","TCGA-B0-4823-01A-02R-1420-07","TCGA-B0-4823","Primary Tumor","CD68","ENSG00000129226.14",0.1356,"OK"
"TCGA-KIRC","21702617-18af-41b6-98fa-54395bfd0d9a","TCGA-3Z-A93Z-01A-11R-A37O-07","TCGA-3Z-A93Z","Primary Tumor","PTPRC","ENSG00000081237.20",11.7193,"OK"
"TCGA-KIRC","21702617-18af-41b6-98fa-54395bfd0d9a","TCGA-3Z-A93Z-01A-11R-A37O-07","TCGA-3Z-A93Z","Primary Tumor","CD3D","ENSG00000167286.10",22.803,"OK"
"TCGA-KIRC","21702617-18af-41b6-98fa-54395bfd0d9a","TCGA-3Z-A93Z-01A-11R-A37O-07","TCGA-3Z-A93Z","Primary Tumor","CD3E","ENSG00000198851.10",16.8872,"OK"
"TCGA-KIRC","21702617-18af-41b6-98fa-54395bfd0d9a","TCGA-3Z-A93Z-01A-11R-A37O-07","TCGA-3Z-A93Z","Primary Tumor","MS4A1","ENSG00000156738.18",0.4675,"OK"
"TCGA-KIRC","21702617-18af-41b6-98fa-54395bfd0d9a","TCGA-3Z-A93Z-01A-11R-A37O-07","TCGA-3Z-A93Z","Primary Tumor","CD79A","ENSG00000105369.10",5.958,"OK"
"TCGA-KIRC","21702617-18af-41b6-98fa-54395bfd0d9a","TCGA-3Z-A93Z-01A-11R-A37O-07","TCGA-3Z-A93Z","Primary Tumor","NKG7","ENSG00000105374.10",100.0406,"OK"
"TCGA-KIRC","21702617-18af-41b6-98fa-54395bfd0d9a","TCGA-3Z-A93Z-01A-11R-A37O-07","TCGA-3Z-A93Z","Primary Tumor","LST1","ENSG00000204482.11",32.928,"OK"
"TCGA-KIRC","21702617-18af-41b6-98fa-54395bfd0d9a","TCGA-3Z-A93Z-01A-11R-A37O-07","TCGA-3Z-A93Z","Primary Tumor","TYROBP","ENSG00000011600.12",266.8695,"OK"
"TCGA-KIRC","21702617-18af-41b6-98fa-54395bfd0d9a","TCGA-3Z-A93Z-01A-11R-A37O-07","TCGA-3Z-A93Z","Primary Tumor","FCER1G","ENSG00000158869.11",94.1061,"OK"
"TCGA-KIRC","21702617-18af-41b6-98fa-54395bfd0d9a","TCGA-3Z-A93Z-01A-11R-A37O-07","TCGA-3Z-A93Z","Primary Tumor","CD68","ENSG00000129226.14",0,"OK"
"TCGA-KIRC","f7a5094f-fea0-4ddf-ac40-8265cddbabc2","TCGA-BP-4765-01A-01R-1289-07","TCGA-BP-4765","Primary Tumor","PTPRC","ENSG00000081237.20",18.0319,"OK"
"TCGA-KIRC","f7a5094f-fea0-4ddf-ac40-8265cddbabc2","TCGA-BP-4765-01A-01R-1289-07","TCGA-BP-4765","Primary Tumor","CD3D","ENSG00000167286.10",5.1102,"OK"
"TCGA-KIRC","f7a5094f-fea0-4ddf-ac40-8265cddbabc2","TCGA-BP-4765-01A-01R-1289-07","TCGA-BP-4765","Primary Tumor","CD3E","ENSG00000198851.10",4.274,"OK"
"TCGA-KIRC","f7a5094f-fea0-4ddf-ac40-8265cddbabc2","TCGA-BP-4765-01A-01R-1289-07","TCGA-BP-4765","Primary Tumor","MS4A1","ENSG00000156738.18",0.7459,"OK"
"TCGA-KIRC","f7a5094f-fea0-4ddf-ac40-8265cddbabc2","TCGA-BP-4765-01A-01R-1289-07","TCGA-BP-4765","Primary Tumor","CD79A","ENSG00000105369.10",2.4498,"OK"
"TCGA-KIRC","f7a5094f-fea0-4ddf-ac40-8265cddbabc2","TCGA-BP-4765-01A-01R-1289-07","TCGA-BP-4765","Primary Tumor","NKG7","ENSG00000105374.10",60.2549,"OK"
"TCGA-KIRC","f7a5094f-fea0-4ddf-ac40-8265cddbabc2","TCGA-BP-4765-01A-01R-1289-07","TCGA-BP-4765","Primary Tumor","LST1","ENSG00000204482.11",22.3968,"OK"
"TCGA-KIRC","f7a5094f-fea0-4ddf-ac40-8265cddbabc2","TCGA-BP-4765-01A-01R-1289-07","TCGA-BP-4765","Primary Tumor","TYROBP","ENSG00000011600.12",204.3403,"OK"
"TCGA-KIRC","f7a5094f-fea0-4ddf-ac40-8265cddbabc2","TCGA-BP-4765-01A-01R-1289-07","TCGA-BP-4765","Primary Tumor","FCER1G","ENSG00000158869.11",88.031,"OK"
"TCGA-KIRC","f7a5094f-fea0-4ddf-ac40-8265cddbabc2","TCGA-BP-4765-01A-01R-1289-07","TCGA-BP-4765","Primary Tumor","CD68","ENSG00000129226.14",0.0982,"OK"
"TCGA-KIRC","06f37a68-0ffa-494c-9b43-00fc1e8b9ad2","TCGA-B0-4819-01A-01R-1277-07","TCGA-B0-4819","Primary Tumor","PTPRC","ENSG00000081237.20",46.9794,"OK"
"TCGA-KIRC","06f37a68-0ffa-494c-9b43-00fc1e8b9ad2","TCGA-B0-4819-01A-01R-1277-07","TCGA-B0-4819","Primary Tumor","CD3D","ENSG00000167286.10",132.8138,"OK"
"TCGA-KIRC","06f37a68-0ffa-494c-9b43-00fc1e8b9ad2","TCGA-B0-4819-01A-01R-1277-07","TCGA-B0-4819","Primary Tumor","CD3E","ENSG00000198851.10",98.4949,"OK"
"TCGA-KIRC","06f37a68-0ffa-494c-9b43-00fc1e8b9ad2","TCGA-B0-4819-01A-01R-1277-07","TCGA-B0-4819","Primary Tumor","MS4A1","ENSG00000156738.18",10.8737,"OK"
"TCGA-KIRC","06f37a68-0ffa-494c-9b43-00fc1e8b9ad2","TCGA-B0-4819-01A-01R-1277-07","TCGA-B0-4819","Primary Tumor","CD79A","ENSG00000105369.10",46.9295,"OK"
"TCGA-KIRC","06f37a68-0ffa-494c-9b43-00fc1e8b9ad2","TCGA-B0-4819-01A-01R-1277-07","TCGA-B0-4819","Primary Tumor","NKG7","ENSG00000105374.10",289.7074,"OK"
"TCGA-KIRC","06f37a68-0ffa-494c-9b43-00fc1e8b9ad2","TCGA-B0-4819-01A-01R-1277-07","TCGA-B0-4819","Primary Tumor","LST1","ENSG00000204482.11",38.5999,"OK"
"TCGA-KIRC","06f37a68-0ffa-494c-9b43-00fc1e8b9ad2","TCGA-B0-4819-01A-01R-1277-07","TCGA-B0-4819","Primary Tumor","TYROBP","ENSG00000011600.12",387.0616,"OK"
"TCGA-KIRC","06f37a68-0ffa-494c-9b43-00fc1e8b9ad2","TCGA-B0-4819-01A-01R-1277-07","TCGA-B0-4819","Primary Tumor","FCER1G","ENSG00000158869.11",205.627,"OK"
"TCGA-KIRC","06f37a68-0ffa-494c-9b43-00fc1e8b9ad2","TCGA-B0-4819-01A-01R-1277-07","TCGA-B0-4819","Primary Tumor","CD68","ENSG00000129226.14",0.1665,"OK"
"TCGA-KIRC","336a927a-fe7a-4c77-8fcb-5307cfd145c4","TCGA-CJ-4874-01A-01R-1305-07","TCGA-CJ-4874","Primary Tumor","PTPRC","ENSG00000081237.20",35.5594,"OK"
"TCGA-KIRC","336a927a-fe7a-4c77-8fcb-5307cfd145c4","TCGA-CJ-4874-01A-01R-1305-07","TCGA-CJ-4874","Primary Tumor","CD3D","ENSG00000167286.10",77.1184,"OK"
"TCGA-KIRC","336a927a-fe7a-4c77-8fcb-5307cfd145c4","TCGA-CJ-4874-01A-01R-1305-07","TCGA-CJ-4874","Primary Tumor","CD3E","ENSG00000198851.10",53.0314,"OK"
"TCGA-KIRC","336a927a-fe7a-4c77-8fcb-5307cfd145c4","TCGA-CJ-4874-01A-01R-1305-07","TCGA-CJ-4874","Primary Tumor","MS4A1","ENSG00000156738.18",0.5371,"OK"
"TCGA-KIRC","336a927a-fe7a-4c77-8fcb-5307cfd145c4","TCGA-CJ-4874-01A-01R-1305-07","TCGA-CJ-4874","Primary Tumor","CD79A","ENSG00000105369.10",2.2306,"OK"
"TCGA-KIRC","336a927a-fe7a-4c77-8fcb-5307cfd145c4","TCGA-CJ-4874-01A-01R-1305-07","TCGA-CJ-4874","Primary Tumor","NKG7","ENSG00000105374.10",214.7153,"OK"
"TCGA-KIRC","336a927a-fe7a-4c77-8fcb-5307cfd145c4","TCGA-CJ-4874-01A-01R-1305-07","TCGA-CJ-4874","Primary Tumor","LST1","ENSG00000204482.11",29.942,"OK"
"TCGA-KIRC","336a927a-fe7a-4c77-8fcb-5307cfd145c4","TCGA-CJ-4874-01A-01R-1305-07","TCGA-CJ-4874","Primary Tumor","TYROBP","ENSG00000011600.12",376.4435,"OK"
"TCGA-KIRC","336a927a-fe7a-4c77-8fcb-5307cfd145c4","TCGA-CJ-4874-01A-01R-1305-07","TCGA-CJ-4874","Primary Tumor","FCER1G","ENSG00000158869.11",192.4156,"OK"
"TCGA-KIRC","336a927a-fe7a-4c77-8fcb-5307cfd145c4","TCGA-CJ-4874-01A-01R-1305-07","TCGA-CJ-4874","Primary Tumor","CD68","ENSG00000129226.14",0.0504,"OK"
"TCGA-KIRC","1a106eaf-ff8d-43eb-8720-8be7ba8d9888","TCGA-BP-4804-01A-02R-1305-07","TCGA-BP-4804","Primary Tumor","PTPRC","ENSG00000081237.20",38.888,"OK"
"TCGA-KIRC","1a106eaf-ff8d-43eb-8720-8be7ba8d9888","TCGA-BP-4804-01A-02R-1305-07","TCGA-BP-4804","Primary Tumor","CD3D","ENSG00000167286.10",98.4086,"OK"
"TCGA-KIRC","1a106eaf-ff8d-43eb-8720-8be7ba8d9888","TCGA-BP-4804-01A-02R-1305-07","TCGA-BP-4804","Primary Tumor","CD3E","ENSG00000198851.10",78.9823,"OK"
"TCGA-KIRC","1a106eaf-ff8d-43eb-8720-8be7ba8d9888","TCGA-BP-4804-01A-02R-1305-07","TCGA-BP-4804","Primary Tumor","MS4A1","ENSG00000156738.18",4.9699,"OK"
"TCGA-KIRC","1a106eaf-ff8d-43eb-8720-8be7ba8d9888","TCGA-BP-4804-01A-02R-1305-07","TCGA-BP-4804","Primary Tumor","CD79A","ENSG00000105369.10",20.5522,"OK"
"TCGA-KIRC","1a106eaf-ff8d-43eb-8720-8be7ba8d9888","TCGA-BP-4804-01A-02R-1305-07","TCGA-BP-4804","Primary Tumor","NKG7","ENSG00000105374.10",219.6799,"OK"
"TCGA-KIRC","1a106eaf-ff8d-43eb-8720-8be7ba8d9888","TCGA-BP-4804-01A-02R-1305-07","TCGA-BP-4804","Primary Tumor","LST1","ENSG00000204482.11",46.9094,"OK"
"TCGA-KIRC","1a106eaf-ff8d-43eb-8720-8be7ba8d9888","TCGA-BP-4804-01A-02R-1305-07","TCGA-BP-4804","Primary Tumor","TYROBP","ENSG00000011600.12",471.8081,"OK"
"TCGA-KIRC","1a106eaf-ff8d-43eb-8720-8be7ba8d9888","TCGA-BP-4804-01A-02R-1305-07","TCGA-BP-4804","Primary Tumor","FCER1G","ENSG00000158869.11",205.9669,"OK"
"TCGA-KIRC","1a106eaf-ff8d-43eb-8720-8be7ba8d9888","TCGA-BP-4804-01A-02R-1305-07","TCGA-BP-4804","Primary Tumor","CD68","ENSG00000129226.14",0.2304,"OK"
"TCGA-KIRC","a7ce93ac-964a-4d4e-980a-7fb987bf58b7","TCGA-B0-5120-01A-01R-1420-07","TCGA-B0-5120","Primary Tumor","PTPRC","ENSG00000081237.20",23.0748,"OK"
"TCGA-KIRC","a7ce93ac-964a-4d4e-980a-7fb987bf58b7","TCGA-B0-5120-01A-01R-1420-07","TCGA-B0-5120","Primary Tumor","CD3D","ENSG00000167286.10",22.465,"OK"
"TCGA-KIRC","a7ce93ac-964a-4d4e-980a-7fb987bf58b7","TCGA-B0-5120-01A-01R-1420-07","TCGA-B0-5120","Primary Tumor","CD3E","ENSG00000198851.10",22.7965,"OK"
"TCGA-KIRC","a7ce93ac-964a-4d4e-980a-7fb987bf58b7","TCGA-B0-5120-01A-01R-1420-07","TCGA-B0-5120","Primary Tumor","MS4A1","ENSG00000156738.18",0.8006,"OK"
"TCGA-KIRC","a7ce93ac-964a-4d4e-980a-7fb987bf58b7","TCGA-B0-5120-01A-01R-1420-07","TCGA-B0-5120","Primary Tumor","CD79A","ENSG00000105369.10",4.8709,"OK"
"TCGA-KIRC","a7ce93ac-964a-4d4e-980a-7fb987bf58b7","TCGA-B0-5120-01A-01R-1420-07","TCGA-B0-5120","Primary Tumor","NKG7","ENSG00000105374.10",40.3448,"OK"
"TCGA-KIRC","a7ce93ac-964a-4d4e-980a-7fb987bf58b7","TCGA-B0-5120-01A-01R-1420-07","TCGA-B0-5120","Primary Tumor","LST1","ENSG00000204482.11",26.7337,"OK"
"TCGA-KIRC","a7ce93ac-964a-4d4e-980a-7fb987bf58b7","TCGA-B0-5120-01A-01R-1420-07","TCGA-B0-5120","Primary Tumor","TYROBP","ENSG00000011600.12",335.5599,"OK"
"TCGA-KIRC","a7ce93ac-964a-4d4e-980a-7fb987bf58b7","TCGA-B0-5120-01A-01R-1420-07","TCGA-B0-5120","Primary Tumor","FCER1G","ENSG00000158869.11",138.7125,"OK"
"TCGA-KIRC","a7ce93ac-964a-4d4e-980a-7fb987bf58b7","TCGA-B0-5120-01A-01R-1420-07","TCGA-B0-5120","Primary Tumor","CD68","ENSG00000129226.14",0.056,"OK"
"TCGA-KIRC","9e969cab-9be7-4aa5-957f-5868071cd1c7","TCGA-BP-4962-01A-01R-1334-07","TCGA-BP-4962","Primary Tumor","PTPRC","ENSG00000081237.20",25.9428,"OK"
"TCGA-KIRC","9e969cab-9be7-4aa5-957f-5868071cd1c7","TCGA-BP-4962-01A-01R-1334-07","TCGA-BP-4962","Primary Tumor","CD3D","ENSG00000167286.10",61.2768,"OK"
"TCGA-KIRC","9e969cab-9be7-4aa5-957f-5868071cd1c7","TCGA-BP-4962-01A-01R-1334-07","TCGA-BP-4962","Primary Tumor","CD3E","ENSG00000198851.10",44.6585,"OK"
"TCGA-KIRC","9e969cab-9be7-4aa5-957f-5868071cd1c7","TCGA-BP-4962-01A-01R-1334-07","TCGA-BP-4962","Primary Tumor","MS4A1","ENSG00000156738.18",1.5294,"OK"
"TCGA-KIRC","9e969cab-9be7-4aa5-957f-5868071cd1c7","TCGA-BP-4962-01A-01R-1334-07","TCGA-BP-4962","Primary Tumor","CD79A","ENSG00000105369.10",12.8037,"OK"
"TCGA-KIRC","9e969cab-9be7-4aa5-957f-5868071cd1c7","TCGA-BP-4962-01A-01R-1334-07","TCGA-BP-4962","Primary Tumor","NKG7","ENSG00000105374.10",177.5194,"OK"
"TCGA-KIRC","9e969cab-9be7-4aa5-957f-5868071cd1c7","TCGA-BP-4962-01A-01R-1334-07","TCGA-BP-4962","Primary Tumor","LST1","ENSG00000204482.11",30.0542,"OK"
"TCGA-KIRC","9e969cab-9be7-4aa5-957f-5868071cd1c7","TCGA-BP-4962-01A-01R-1334-07","TCGA-BP-4962","Primary Tumor","TYROBP","ENSG00000011600.12",449.3018,"OK"
"TCGA-KIRC","9e969cab-9be7-4aa5-957f-5868071cd1c7","TCGA-BP-4962-01A-01R-1334-07","TCGA-BP-4962","Primary Tumor","FCER1G","ENSG00000158869.11",178.8704,"OK"
"TCGA-KIRC","9e969cab-9be7-4aa5-957f-5868071cd1c7","TCGA-BP-4962-01A-01R-1334-07","TCGA-BP-4962","Primary Tumor","CD68","ENSG00000129226.14",0.0968,"OK"
"TCGA-KIRC","80472422-c0f4-4814-be44-fb1c9e821409","TCGA-B0-4818-01A-01R-1503-07","TCGA-B0-4818","Primary Tumor","PTPRC","ENSG00000081237.20",35.1113,"OK"
"TCGA-KIRC","80472422-c0f4-4814-be44-fb1c9e821409","TCGA-B0-4818-01A-01R-1503-07","TCGA-B0-4818","Primary Tumor","CD3D","ENSG00000167286.10",45.9603,"OK"
"TCGA-KIRC","80472422-c0f4-4814-be44-fb1c9e821409","TCGA-B0-4818-01A-01R-1503-07","TCGA-B0-4818","Primary Tumor","CD3E","ENSG00000198851.10",45.9524,"OK"
"TCGA-KIRC","80472422-c0f4-4814-be44-fb1c9e821409","TCGA-B0-4818-01A-01R-1503-07","TCGA-B0-4818","Primary Tumor","MS4A1","ENSG00000156738.18",2.0978,"OK"
"TCGA-KIRC","80472422-c0f4-4814-be44-fb1c9e821409","TCGA-B0-4818-01A-01R-1503-07","TCGA-B0-4818","Primary Tumor","CD79A","ENSG00000105369.10",50.1696,"OK"
"TCGA-KIRC","80472422-c0f4-4814-be44-fb1c9e821409","TCGA-B0-4818-01A-01R-1503-07","TCGA-B0-4818","Primary Tumor","NKG7","ENSG00000105374.10",99.0276,"OK"
"TCGA-KIRC","80472422-c0f4-4814-be44-fb1c9e821409","TCGA-B0-4818-01A-01R-1503-07","TCGA-B0-4818","Primary Tumor","LST1","ENSG00000204482.11",21.0889,"OK"
"TCGA-KIRC","80472422-c0f4-4814-be44-fb1c9e821409","TCGA-B0-4818-01A-01R-1503-07","TCGA-B0-4818","Primary Tumor","TYROBP","ENSG00000011600.12",208.1973,"OK"
"TCGA-KIRC","80472422-c0f4-4814-be44-fb1c9e821409","TCGA-B0-4818-01A-01R-1503-07","TCGA-B0-4818","Primary Tumor","FCER1G","ENSG00000158869.11",102.2764,"OK"
"TCGA-KIRC","80472422-c0f4-4814-be44-fb1c9e821409","TCGA-B0-4818-01A-01R-1503-07","TCGA-B0-4818","Primary Tumor","CD68","ENSG00000129226.14",0.0424,"OK"
"TCGA-KIRC","8e4480b4-e56b-4937-94c7-617b4125615c","TCGA-G6-A8L8-01A-21R-A37O-07","TCGA-G6-A8L8","Primary Tumor","PTPRC","ENSG00000081237.20",6.8747,"OK"
"TCGA-KIRC","8e4480b4-e56b-4937-94c7-617b4125615c","TCGA-G6-A8L8-01A-21R-A37O-07","TCGA-G6-A8L8","Primary Tumor","CD3D","ENSG00000167286.10",12.677,"OK"
"TCGA-KIRC","8e4480b4-e56b-4937-94c7-617b4125615c","TCGA-G6-A8L8-01A-21R-A37O-07","TCGA-G6-A8L8","Primary Tumor","CD3E","ENSG00000198851.10",10.566,"OK"
"TCGA-KIRC","8e4480b4-e56b-4937-94c7-617b4125615c","TCGA-G6-A8L8-01A-21R-A37O-07","TCGA-G6-A8L8","Primary Tumor","MS4A1","ENSG00000156738.18",0.5677,"OK"
"TCGA-KIRC","8e4480b4-e56b-4937-94c7-617b4125615c","TCGA-G6-A8L8-01A-21R-A37O-07","TCGA-G6-A8L8","Primary Tumor","CD79A","ENSG00000105369.10",2.5689,"OK"
"TCGA-KIRC","8e4480b4-e56b-4937-94c7-617b4125615c","TCGA-G6-A8L8-01A-21R-A37O-07","TCGA-G6-A8L8","Primary Tumor","NKG7","ENSG00000105374.10",60.2746,"OK"
"TCGA-KIRC","8e4480b4-e56b-4937-94c7-617b4125615c","TCGA-G6-A8L8-01A-21R-A37O-07","TCGA-G6-A8L8","Primary Tumor","LST1","ENSG00000204482.11",22.5266,"OK"
"TCGA-KIRC","8e4480b4-e56b-4937-94c7-617b4125615c","TCGA-G6-A8L8-01A-21R-A37O-07","TCGA-G6-A8L8","Primary Tumor","TYROBP","ENSG00000011600.12",90.4639,"OK"
"TCGA-KIRC","8e4480b4-e56b-4937-94c7-617b4125615c","TCGA-G6-A8L8-01A-21R-A37O-07","TCGA-G6-A8L8","Primary Tumor","FCER1G","ENSG00000158869.11",43.4704,"OK"
"TCGA-KIRC","8e4480b4-e56b-4937-94c7-617b4125615c","TCGA-G6-A8L8-01A-21R-A37O-07","TCGA-G6-A8L8","Primary Tumor","CD68","ENSG00000129226.14",0.1878,"OK"
"TCGA-KIRC","2a9c1676-cb34-430b-8111-6a28c563065b","TCGA-AK-3433-01A-02R-1277-07","TCGA-AK-3433","Primary Tumor","PTPRC","ENSG00000081237.20",4.6105,"OK"
"TCGA-KIRC","2a9c1676-cb34-430b-8111-6a28c563065b","TCGA-AK-3433-01A-02R-1277-07","TCGA-AK-3433","Primary Tumor","CD3D","ENSG00000167286.10",0.7935,"OK"
"TCGA-KIRC","2a9c1676-cb34-430b-8111-6a28c563065b","TCGA-AK-3433-01A-02R-1277-07","TCGA-AK-3433","Primary Tumor","CD3E","ENSG00000198851.10",1.3143,"OK"
"TCGA-KIRC","2a9c1676-cb34-430b-8111-6a28c563065b","TCGA-AK-3433-01A-02R-1277-07","TCGA-AK-3433","Primary Tumor","MS4A1","ENSG00000156738.18",0.0698,"OK"
"TCGA-KIRC","2a9c1676-cb34-430b-8111-6a28c563065b","TCGA-AK-3433-01A-02R-1277-07","TCGA-AK-3433","Primary Tumor","CD79A","ENSG00000105369.10",0.6604,"OK"
"TCGA-KIRC","2a9c1676-cb34-430b-8111-6a28c563065b","TCGA-AK-3433-01A-02R-1277-07","TCGA-AK-3433","Primary Tumor","NKG7","ENSG00000105374.10",5.7218,"OK"
"TCGA-KIRC","2a9c1676-cb34-430b-8111-6a28c563065b","TCGA-AK-3433-01A-02R-1277-07","TCGA-AK-3433","Primary Tumor","LST1","ENSG00000204482.11",3.2587,"OK"
"TCGA-KIRC","2a9c1676-cb34-430b-8111-6a28c563065b","TCGA-AK-3433-01A-02R-1277-07","TCGA-AK-3433","Primary Tumor","TYROBP","ENSG00000011600.12",32.7814,"OK"
"TCGA-KIRC","2a9c1676-cb34-430b-8111-6a28c563065b","TCGA-AK-3433-01A-02R-1277-07","TCGA-AK-3433","Primary Tumor","FCER1G","ENSG00000158869.11",21.5211,"OK"
"TCGA-KIRC","2a9c1676-cb34-430b-8111-6a28c563065b","TCGA-AK-3433-01A-02R-1277-07","TCGA-AK-3433","Primary Tumor","CD68","ENSG00000129226.14",0,"OK"
"TCGA-KIRC","8225b9d3-d25a-4f08-b369-d0ac81a8748c","TCGA-BP-5174-01A-01R-1426-07","TCGA-BP-5174","Primary Tumor","PTPRC","ENSG00000081237.20",5.2885,"OK"
"TCGA-KIRC","8225b9d3-d25a-4f08-b369-d0ac81a8748c","TCGA-BP-5174-01A-01R-1426-07","TCGA-BP-5174","Primary Tumor","CD3D","ENSG00000167286.10",16.235,"OK"
"TCGA-KIRC","8225b9d3-d25a-4f08-b369-d0ac81a8748c","TCGA-BP-5174-01A-01R-1426-07","TCGA-BP-5174","Primary Tumor","CD3E","ENSG00000198851.10",15.4043,"OK"
"TCGA-KIRC","8225b9d3-d25a-4f08-b369-d0ac81a8748c","TCGA-BP-5174-01A-01R-1426-07","TCGA-BP-5174","Primary Tumor","MS4A1","ENSG00000156738.18",0.0986,"OK"
"TCGA-KIRC","8225b9d3-d25a-4f08-b369-d0ac81a8748c","TCGA-BP-5174-01A-01R-1426-07","TCGA-BP-5174","Primary Tumor","CD79A","ENSG00000105369.10",0.9862,"OK"
"TCGA-KIRC","8225b9d3-d25a-4f08-b369-d0ac81a8748c","TCGA-BP-5174-01A-01R-1426-07","TCGA-BP-5174","Primary Tumor","NKG7","ENSG00000105374.10",29.9894,"OK"
"TCGA-KIRC","8225b9d3-d25a-4f08-b369-d0ac81a8748c","TCGA-BP-5174-01A-01R-1426-07","TCGA-BP-5174","Primary Tumor","LST1","ENSG00000204482.11",18.032,"OK"
"TCGA-KIRC","8225b9d3-d25a-4f08-b369-d0ac81a8748c","TCGA-BP-5174-01A-01R-1426-07","TCGA-BP-5174","Primary Tumor","TYROBP","ENSG00000011600.12",293.0211,"OK"
"TCGA-KIRC","8225b9d3-d25a-4f08-b369-d0ac81a8748c","TCGA-BP-5174-01A-01R-1426-07","TCGA-BP-5174","Primary Tumor","FCER1G","ENSG00000158869.11",137.8476,"OK"
"TCGA-KIRC","8225b9d3-d25a-4f08-b369-d0ac81a8748c","TCGA-BP-5174-01A-01R-1426-07","TCGA-BP-5174","Primary Tumor","CD68","ENSG00000129226.14",0.1186,"OK"
"TCGA-KIRC","12eadc69-863d-46fe-bb19-f8b38b05471b","TCGA-CJ-5686-01A-11R-1672-07","TCGA-CJ-5686","Primary Tumor","PTPRC","ENSG00000081237.20",49.125,"OK"
"TCGA-KIRC","12eadc69-863d-46fe-bb19-f8b38b05471b","TCGA-CJ-5686-01A-11R-1672-07","TCGA-CJ-5686","Primary Tumor","CD3D","ENSG00000167286.10",50.0996,"OK"
"TCGA-KIRC","12eadc69-863d-46fe-bb19-f8b38b05471b","TCGA-CJ-5686-01A-11R-1672-07","TCGA-CJ-5686","Primary Tumor","CD3E","ENSG00000198851.10",46.0732,"OK"
"TCGA-KIRC","12eadc69-863d-46fe-bb19-f8b38b05471b","TCGA-CJ-5686-01A-11R-1672-07","TCGA-CJ-5686","Primary Tumor","MS4A1","ENSG00000156738.18",1.6174,"OK"
"TCGA-KIRC","12eadc69-863d-46fe-bb19-f8b38b05471b","TCGA-CJ-5686-01A-11R-1672-07","TCGA-CJ-5686","Primary Tumor","CD79A","ENSG00000105369.10",14.2231,"OK"
"TCGA-KIRC","12eadc69-863d-46fe-bb19-f8b38b05471b","TCGA-CJ-5686-01A-11R-1672-07","TCGA-CJ-5686","Primary Tumor","NKG7","ENSG00000105374.10",99.4027,"OK"
"TCGA-KIRC","12eadc69-863d-46fe-bb19-f8b38b05471b","TCGA-CJ-5686-01A-11R-1672-07","TCGA-CJ-5686","Primary Tumor","LST1","ENSG00000204482.11",35.9348,"OK"
"TCGA-KIRC","12eadc69-863d-46fe-bb19-f8b38b05471b","TCGA-CJ-5686-01A-11R-1672-07","TCGA-CJ-5686","Primary Tumor","TYROBP","ENSG00000011600.12",380.7757,"OK"
"TCGA-KIRC","12eadc69-863d-46fe-bb19-f8b38b05471b","TCGA-CJ-5686-01A-11R-1672-07","TCGA-CJ-5686","Primary Tumor","FCER1G","ENSG00000158869.11",199.419,"OK"
"TCGA-KIRC","12eadc69-863d-46fe-bb19-f8b38b05471b","TCGA-CJ-5686-01A-11R-1672-07","TCGA-CJ-5686","Primary Tumor","CD68","ENSG00000129226.14",0.159,"OK"
"TCGA-KIRC","b2a87553-0fb8-4e1f-9e6e-cc0510b07c8a","TCGA-B0-4842-01A-02R-1420-07","TCGA-B0-4842","Primary Tumor","PTPRC","ENSG00000081237.20",8.733,"OK"
"TCGA-KIRC","b2a87553-0fb8-4e1f-9e6e-cc0510b07c8a","TCGA-B0-4842-01A-02R-1420-07","TCGA-B0-4842","Primary Tumor","CD3D","ENSG00000167286.10",54.4374,"OK"
"TCGA-KIRC","b2a87553-0fb8-4e1f-9e6e-cc0510b07c8a","TCGA-B0-4842-01A-02R-1420-07","TCGA-B0-4842","Primary Tumor","CD3E","ENSG00000198851.10",45.7469,"OK"
"TCGA-KIRC","b2a87553-0fb8-4e1f-9e6e-cc0510b07c8a","TCGA-B0-4842-01A-02R-1420-07","TCGA-B0-4842","Primary Tumor","MS4A1","ENSG00000156738.18",0.6834,"OK"
"TCGA-KIRC","b2a87553-0fb8-4e1f-9e6e-cc0510b07c8a","TCGA-B0-4842-01A-02R-1420-07","TCGA-B0-4842","Primary Tumor","CD79A","ENSG00000105369.10",24.85,"OK"
"TCGA-KIRC","b2a87553-0fb8-4e1f-9e6e-cc0510b07c8a","TCGA-B0-4842-01A-02R-1420-07","TCGA-B0-4842","Primary Tumor","NKG7","ENSG00000105374.10",119.3455,"OK"
"TCGA-KIRC","b2a87553-0fb8-4e1f-9e6e-cc0510b07c8a","TCGA-B0-4842-01A-02R-1420-07","TCGA-B0-4842","Primary Tumor","LST1","ENSG00000204482.11",69.4742,"OK"
"TCGA-KIRC","b2a87553-0fb8-4e1f-9e6e-cc0510b07c8a","TCGA-B0-4842-01A-02R-1420-07","TCGA-B0-4842","Primary Tumor","TYROBP","ENSG00000011600.12",525.3568,"OK"
"TCGA-KIRC","b2a87553-0fb8-4e1f-9e6e-cc0510b07c8a","TCGA-B0-4842-01A-02R-1420-07","TCGA-B0-4842","Primary Tumor","FCER1G","ENSG00000158869.11",254.5622,"OK"
"TCGA-KIRC","b2a87553-0fb8-4e1f-9e6e-cc0510b07c8a","TCGA-B0-4842-01A-02R-1420-07","TCGA-B0-4842","Primary Tumor","CD68","ENSG00000129226.14",0,"OK"
"TCGA-KIRC","4134fa64-6365-4a43-b990-48342be44405","TCGA-B2-3923-01A-02R-A277-07","TCGA-B2-3923","Primary Tumor","PTPRC","ENSG00000081237.20",10.4641,"OK"
"TCGA-KIRC","4134fa64-6365-4a43-b990-48342be44405","TCGA-B2-3923-01A-02R-A277-07","TCGA-B2-3923","Primary Tumor","CD3D","ENSG00000167286.10",1.9773,"OK"
"TCGA-KIRC","4134fa64-6365-4a43-b990-48342be44405","TCGA-B2-3923-01A-02R-A277-07","TCGA-B2-3923","Primary Tumor","CD3E","ENSG00000198851.10",0.3753,"OK"
"TCGA-KIRC","4134fa64-6365-4a43-b990-48342be44405","TCGA-B2-3923-01A-02R-A277-07","TCGA-B2-3923","Primary Tumor","MS4A1","ENSG00000156738.18",0.0697,"OK"
"TCGA-KIRC","4134fa64-6365-4a43-b990-48342be44405","TCGA-B2-3923-01A-02R-A277-07","TCGA-B2-3923","Primary Tumor","CD79A","ENSG00000105369.10",2.9344,"OK"
"TCGA-KIRC","4134fa64-6365-4a43-b990-48342be44405","TCGA-B2-3923-01A-02R-A277-07","TCGA-B2-3923","Primary Tumor","NKG7","ENSG00000105374.10",3.1471,"OK"
"TCGA-KIRC","4134fa64-6365-4a43-b990-48342be44405","TCGA-B2-3923-01A-02R-A277-07","TCGA-B2-3923","Primary Tumor","LST1","ENSG00000204482.11",3.6246,"OK"
"TCGA-KIRC","4134fa64-6365-4a43-b990-48342be44405","TCGA-B2-3923-01A-02R-A277-07","TCGA-B2-3923","Primary Tumor","TYROBP","ENSG00000011600.12",17.1833,"OK"
"TCGA-KIRC","4134fa64-6365-4a43-b990-48342be44405","TCGA-B2-3923-01A-02R-A277-07","TCGA-B2-3923","Primary Tumor","FCER1G","ENSG00000158869.11",10.7946,"OK"
"TCGA-KIRC","4134fa64-6365-4a43-b990-48342be44405","TCGA-B2-3923-01A-02R-A277-07","TCGA-B2-3923","Primary Tumor","CD68","ENSG00000129226.14",0.022,"OK"
"TCGA-KIRC","1e1f9cde-c6e0-4925-944f-12d354ef858e","TCGA-B0-5696-01A-11R-1541-07","TCGA-B0-5696","Primary Tumor","PTPRC","ENSG00000081237.20",11.1537,"OK"
"TCGA-KIRC","1e1f9cde-c6e0-4925-944f-12d354ef858e","TCGA-B0-5696-01A-11R-1541-07","TCGA-B0-5696","Primary Tumor","CD3D","ENSG00000167286.10",18.4742,"OK"
"TCGA-KIRC","1e1f9cde-c6e0-4925-944f-12d354ef858e","TCGA-B0-5696-01A-11R-1541-07","TCGA-B0-5696","Primary Tumor","CD3E","ENSG00000198851.10",15.1445,"OK"
"TCGA-KIRC","1e1f9cde-c6e0-4925-944f-12d354ef858e","TCGA-B0-5696-01A-11R-1541-07","TCGA-B0-5696","Primary Tumor","MS4A1","ENSG00000156738.18",0.2036,"OK"
"TCGA-KIRC","1e1f9cde-c6e0-4925-944f-12d354ef858e","TCGA-B0-5696-01A-11R-1541-07","TCGA-B0-5696","Primary Tumor","CD79A","ENSG00000105369.10",1.4069,"OK"
"TCGA-KIRC","1e1f9cde-c6e0-4925-944f-12d354ef858e","TCGA-B0-5696-01A-11R-1541-07","TCGA-B0-5696","Primary Tumor","NKG7","ENSG00000105374.10",65.9733,"OK"
"TCGA-KIRC","1e1f9cde-c6e0-4925-944f-12d354ef858e","TCGA-B0-5696-01A-11R-1541-07","TCGA-B0-5696","Primary Tumor","LST1","ENSG00000204482.11",17.9454,"OK"
"TCGA-KIRC","1e1f9cde-c6e0-4925-944f-12d354ef858e","TCGA-B0-5696-01A-11R-1541-07","TCGA-B0-5696","Primary Tumor","TYROBP","ENSG00000011600.12",221.3148,"OK"
"TCGA-KIRC","1e1f9cde-c6e0-4925-944f-12d354ef858e","TCGA-B0-5696-01A-11R-1541-07","TCGA-B0-5696","Primary Tumor","FCER1G","ENSG00000158869.11",97.594,"OK"
"TCGA-KIRC","1e1f9cde-c6e0-4925-944f-12d354ef858e","TCGA-B0-5696-01A-11R-1541-07","TCGA-B0-5696","Primary Tumor","CD68","ENSG00000129226.14",0.1418,"OK"
"TCGA-KIRC","6f2cbdf8-24b9-4b9c-9a73-4e872852e6ac","TCGA-CJ-5681-01A-11R-1541-07","TCGA-CJ-5681","Primary Tumor","PTPRC","ENSG00000081237.20",15.3425,"OK"
"TCGA-KIRC","6f2cbdf8-24b9-4b9c-9a73-4e872852e6ac","TCGA-CJ-5681-01A-11R-1541-07","TCGA-CJ-5681","Primary Tumor","CD3D","ENSG00000167286.10",5.2366,"OK"
"TCGA-KIRC","6f2cbdf8-24b9-4b9c-9a73-4e872852e6ac","TCGA-CJ-5681-01A-11R-1541-07","TCGA-CJ-5681","Primary Tumor","CD3E","ENSG00000198851.10",4.3042,"OK"
"TCGA-KIRC","6f2cbdf8-24b9-4b9c-9a73-4e872852e6ac","TCGA-CJ-5681-01A-11R-1541-07","TCGA-CJ-5681","Primary Tumor","MS4A1","ENSG00000156738.18",0,"OK"
"TCGA-KIRC","6f2cbdf8-24b9-4b9c-9a73-4e872852e6ac","TCGA-CJ-5681-01A-11R-1541-07","TCGA-CJ-5681","Primary Tumor","CD79A","ENSG00000105369.10",1.4718,"OK"
"TCGA-KIRC","6f2cbdf8-24b9-4b9c-9a73-4e872852e6ac","TCGA-CJ-5681-01A-11R-1541-07","TCGA-CJ-5681","Primary Tumor","NKG7","ENSG00000105374.10",11.1993,"OK"
"TCGA-KIRC","6f2cbdf8-24b9-4b9c-9a73-4e872852e6ac","TCGA-CJ-5681-01A-11R-1541-07","TCGA-CJ-5681","Primary Tumor","LST1","ENSG00000204482.11",23.4151,"OK"
"TCGA-KIRC","6f2cbdf8-24b9-4b9c-9a73-4e872852e6ac","TCGA-CJ-5681-01A-11R-1541-07","TCGA-CJ-5681","Primary Tumor","TYROBP","ENSG00000011600.12",151.266,"OK"
"TCGA-KIRC","6f2cbdf8-24b9-4b9c-9a73-4e872852e6ac","TCGA-CJ-5681-01A-11R-1541-07","TCGA-CJ-5681","Primary Tumor","FCER1G","ENSG00000158869.11",120.9223,"OK"
"TCGA-KIRC","6f2cbdf8-24b9-4b9c-9a73-4e872852e6ac","TCGA-CJ-5681-01A-11R-1541-07","TCGA-CJ-5681","Primary Tumor","CD68","ENSG00000129226.14",0.0653,"OK"
"TCGA-KIRC","afe81650-e131-41ab-81e9-0ecb888b1420","TCGA-A3-3319-01A-02R-1325-07","TCGA-A3-3319","Primary Tumor","PTPRC","ENSG00000081237.20",25.062,"OK"
"TCGA-KIRC","afe81650-e131-41ab-81e9-0ecb888b1420","TCGA-A3-3319-01A-02R-1325-07","TCGA-A3-3319","Primary Tumor","CD3D","ENSG00000167286.10",16.2866,"OK"
"TCGA-KIRC","afe81650-e131-41ab-81e9-0ecb888b1420","TCGA-A3-3319-01A-02R-1325-07","TCGA-A3-3319","Primary Tumor","CD3E","ENSG00000198851.10",14.4467,"OK"
"TCGA-KIRC","afe81650-e131-41ab-81e9-0ecb888b1420","TCGA-A3-3319-01A-02R-1325-07","TCGA-A3-3319","Primary Tumor","MS4A1","ENSG00000156738.18",0.1498,"OK"
"TCGA-KIRC","afe81650-e131-41ab-81e9-0ecb888b1420","TCGA-A3-3319-01A-02R-1325-07","TCGA-A3-3319","Primary Tumor","CD79A","ENSG00000105369.10",3.4085,"OK"
"TCGA-KIRC","afe81650-e131-41ab-81e9-0ecb888b1420","TCGA-A3-3319-01A-02R-1325-07","TCGA-A3-3319","Primary Tumor","NKG7","ENSG00000105374.10",33.8599,"OK"
"TCGA-KIRC","afe81650-e131-41ab-81e9-0ecb888b1420","TCGA-A3-3319-01A-02R-1325-07","TCGA-A3-3319","Primary Tumor","LST1","ENSG00000204482.11",18.2042,"OK"
"TCGA-KIRC","afe81650-e131-41ab-81e9-0ecb888b1420","TCGA-A3-3319-01A-02R-1325-07","TCGA-A3-3319","Primary Tumor","TYROBP","ENSG00000011600.12",202.449,"OK"
"TCGA-KIRC","afe81650-e131-41ab-81e9-0ecb888b1420","TCGA-A3-3319-01A-02R-1325-07","TCGA-A3-3319","Primary Tumor","FCER1G","ENSG00000158869.11",152.5485,"OK"
"TCGA-KIRC","afe81650-e131-41ab-81e9-0ecb888b1420","TCGA-A3-3319-01A-02R-1325-07","TCGA-A3-3319","Primary Tumor","CD68","ENSG00000129226.14",0.6412,"OK"
"TCGA-KIRC","fba70eac-57d4-468f-bbfc-859628c54dec","TCGA-A3-3373-01A-02R-1420-07","TCGA-A3-3373","Primary Tumor","PTPRC","ENSG00000081237.20",22.6107,"OK"
"TCGA-KIRC","fba70eac-57d4-468f-bbfc-859628c54dec","TCGA-A3-3373-01A-02R-1420-07","TCGA-A3-3373","Primary Tumor","CD3D","ENSG00000167286.10",13.3864,"OK"
"TCGA-KIRC","fba70eac-57d4-468f-bbfc-859628c54dec","TCGA-A3-3373-01A-02R-1420-07","TCGA-A3-3373","Primary Tumor","CD3E","ENSG00000198851.10",10.8338,"OK"
"TCGA-KIRC","fba70eac-57d4-468f-bbfc-859628c54dec","TCGA-A3-3373-01A-02R-1420-07","TCGA-A3-3373","Primary Tumor","MS4A1","ENSG00000156738.18",0.5743,"OK"
"TCGA-KIRC","fba70eac-57d4-468f-bbfc-859628c54dec","TCGA-A3-3373-01A-02R-1420-07","TCGA-A3-3373","Primary Tumor","CD79A","ENSG00000105369.10",3.2429,"OK"
"TCGA-KIRC","fba70eac-57d4-468f-bbfc-859628c54dec","TCGA-A3-3373-01A-02R-1420-07","TCGA-A3-3373","Primary Tumor","NKG7","ENSG00000105374.10",38.6244,"OK"
"TCGA-KIRC","fba70eac-57d4-468f-bbfc-859628c54dec","TCGA-A3-3373-01A-02R-1420-07","TCGA-A3-3373","Primary Tumor","LST1","ENSG00000204482.11",13.903,"OK"
"TCGA-KIRC","fba70eac-57d4-468f-bbfc-859628c54dec","TCGA-A3-3373-01A-02R-1420-07","TCGA-A3-3373","Primary Tumor","TYROBP","ENSG00000011600.12",217.658,"OK"
"TCGA-KIRC","fba70eac-57d4-468f-bbfc-859628c54dec","TCGA-A3-3373-01A-02R-1420-07","TCGA-A3-3373","Primary Tumor","FCER1G","ENSG00000158869.11",120.9955,"OK"
"TCGA-KIRC","fba70eac-57d4-468f-bbfc-859628c54dec","TCGA-A3-3373-01A-02R-1420-07","TCGA-A3-3373","Primary Tumor","CD68","ENSG00000129226.14",0.3262,"OK"
"TCGA-KIRC","d9da2793-4334-4b17-b234-172705dca082","TCGA-EU-5905-01A-11R-1672-07","TCGA-EU-5905","Primary Tumor","PTPRC","ENSG00000081237.20",22.5864,"OK"
"TCGA-KIRC","d9da2793-4334-4b17-b234-172705dca082","TCGA-EU-5905-01A-11R-1672-07","TCGA-EU-5905","Primary Tumor","CD3D","ENSG00000167286.10",15.5072,"OK"
"TCGA-KIRC","d9da2793-4334-4b17-b234-172705dca082","TCGA-EU-5905-01A-11R-1672-07","TCGA-EU-5905","Primary Tumor","CD3E","ENSG00000198851.10",13.9154,"OK"
"TCGA-KIRC","d9da2793-4334-4b17-b234-172705dca082","TCGA-EU-5905-01A-11R-1672-07","TCGA-EU-5905","Primary Tumor","MS4A1","ENSG00000156738.18",0.3271,"OK"
"TCGA-KIRC","d9da2793-4334-4b17-b234-172705dca082","TCGA-EU-5905-01A-11R-1672-07","TCGA-EU-5905","Primary Tumor","CD79A","ENSG00000105369.10",1.078,"OK"
"TCGA-KIRC","d9da2793-4334-4b17-b234-172705dca082","TCGA-EU-5905-01A-11R-1672-07","TCGA-EU-5905","Primary Tumor","NKG7","ENSG00000105374.10",49.4926,"OK"
"TCGA-KIRC","d9da2793-4334-4b17-b234-172705dca082","TCGA-EU-5905-01A-11R-1672-07","TCGA-EU-5905","Primary Tumor","LST1","ENSG00000204482.11",15.2931,"OK"
"TCGA-KIRC","d9da2793-4334-4b17-b234-172705dca082","TCGA-EU-5905-01A-11R-1672-07","TCGA-EU-5905","Primary Tumor","TYROBP","ENSG00000011600.12",277.5783,"OK"
"TCGA-KIRC","d9da2793-4334-4b17-b234-172705dca082","TCGA-EU-5905-01A-11R-1672-07","TCGA-EU-5905","Primary Tumor","FCER1G","ENSG00000158869.11",139.1958,"OK"
"TCGA-KIRC","d9da2793-4334-4b17-b234-172705dca082","TCGA-EU-5905-01A-11R-1672-07","TCGA-EU-5905","Primary Tumor","CD68","ENSG00000129226.14",0.2061,"OK"
"TCGA-KIRC","6d8bf03c-2f7c-45b1-b81c-1de9d5085960","TCGA-B0-4839-01A-01R-1305-07","TCGA-B0-4839","Primary Tumor","PTPRC","ENSG00000081237.20",9.7446,"OK"
"TCGA-KIRC","6d8bf03c-2f7c-45b1-b81c-1de9d5085960","TCGA-B0-4839-01A-01R-1305-07","TCGA-B0-4839","Primary Tumor","CD3D","ENSG00000167286.10",19.2531,"OK"
"TCGA-KIRC","6d8bf03c-2f7c-45b1-b81c-1de9d5085960","TCGA-B0-4839-01A-01R-1305-07","TCGA-B0-4839","Primary Tumor","CD3E","ENSG00000198851.10",16.1782,"OK"
"TCGA-KIRC","6d8bf03c-2f7c-45b1-b81c-1de9d5085960","TCGA-B0-4839-01A-01R-1305-07","TCGA-B0-4839","Primary Tumor","MS4A1","ENSG00000156738.18",0.1303,"OK"
"TCGA-KIRC","6d8bf03c-2f7c-45b1-b81c-1de9d5085960","TCGA-B0-4839-01A-01R-1305-07","TCGA-B0-4839","Primary Tumor","CD79A","ENSG00000105369.10",2.9203,"OK"
"TCGA-KIRC","6d8bf03c-2f7c-45b1-b81c-1de9d5085960","TCGA-B0-4839-01A-01R-1305-07","TCGA-B0-4839","Primary Tumor","NKG7","ENSG00000105374.10",83.8378,"OK"
"TCGA-KIRC","6d8bf03c-2f7c-45b1-b81c-1de9d5085960","TCGA-B0-4839-01A-01R-1305-07","TCGA-B0-4839","Primary Tumor","LST1","ENSG00000204482.11",31.9772,"OK"
"TCGA-KIRC","6d8bf03c-2f7c-45b1-b81c-1de9d5085960","TCGA-B0-4839-01A-01R-1305-07","TCGA-B0-4839","Primary Tumor","TYROBP","ENSG00000011600.12",308.0087,"OK"
"TCGA-KIRC","6d8bf03c-2f7c-45b1-b81c-1de9d5085960","TCGA-B0-4839-01A-01R-1305-07","TCGA-B0-4839","Primary Tumor","FCER1G","ENSG00000158869.11",135.0019,"OK"
"TCGA-KIRC","6d8bf03c-2f7c-45b1-b81c-1de9d5085960","TCGA-B0-4839-01A-01R-1305-07","TCGA-B0-4839","Primary Tumor","CD68","ENSG00000129226.14",0.0719,"OK"
"TCGA-KIRC","831bedf9-e67d-4a2a-b0a7-6d6c92edf77a","TCGA-B0-4814-01A-01R-1277-07","TCGA-B0-4814","Primary Tumor","PTPRC","ENSG00000081237.20",16.1944,"OK"
"TCGA-KIRC","831bedf9-e67d-4a2a-b0a7-6d6c92edf77a","TCGA-B0-4814-01A-01R-1277-07","TCGA-B0-4814","Primary Tumor","CD3D","ENSG00000167286.10",16.4138,"OK"
"TCGA-KIRC","831bedf9-e67d-4a2a-b0a7-6d6c92edf77a","TCGA-B0-4814-01A-01R-1277-07","TCGA-B0-4814","Primary Tumor","CD3E","ENSG00000198851.10",17.4535,"OK"
"TCGA-KIRC","831bedf9-e67d-4a2a-b0a7-6d6c92edf77a","TCGA-B0-4814-01A-01R-1277-07","TCGA-B0-4814","Primary Tumor","MS4A1","ENSG00000156738.18",1.43,"OK"
"TCGA-KIRC","831bedf9-e67d-4a2a-b0a7-6d6c92edf77a","TCGA-B0-4814-01A-01R-1277-07","TCGA-B0-4814","Primary Tumor","CD79A","ENSG00000105369.10",16.3166,"OK"
"TCGA-KIRC","831bedf9-e67d-4a2a-b0a7-6d6c92edf77a","TCGA-B0-4814-01A-01R-1277-07","TCGA-B0-4814","Primary Tumor","NKG7","ENSG00000105374.10",42.0837,"OK"
"TCGA-KIRC","831bedf9-e67d-4a2a-b0a7-6d6c92edf77a","TCGA-B0-4814-01A-01R-1277-07","TCGA-B0-4814","Primary Tumor","LST1","ENSG00000204482.11",18.6969,"OK"
"TCGA-KIRC","831bedf9-e67d-4a2a-b0a7-6d6c92edf77a","TCGA-B0-4814-01A-01R-1277-07","TCGA-B0-4814","Primary Tumor","TYROBP","ENSG00000011600.12",147.739,"OK"
"TCGA-KIRC","831bedf9-e67d-4a2a-b0a7-6d6c92edf77a","TCGA-B0-4814-01A-01R-1277-07","TCGA-B0-4814","Primary Tumor","FCER1G","ENSG00000158869.11",78.4291,"OK"
"TCGA-KIRC","831bedf9-e67d-4a2a-b0a7-6d6c92edf77a","TCGA-B0-4814-01A-01R-1277-07","TCGA-B0-4814","Primary Tumor","CD68","ENSG00000129226.14",0.0589,"OK"
"TCGA-KIRC","040bcb51-b1dd-4666-819f-3ffed0b5ebb0","TCGA-CZ-5461-01A-01R-1503-07","TCGA-CZ-5461","Primary Tumor","PTPRC","ENSG00000081237.20",53.6965,"OK"
"TCGA-KIRC","040bcb51-b1dd-4666-819f-3ffed0b5ebb0","TCGA-CZ-5461-01A-01R-1503-07","TCGA-CZ-5461","Primary Tumor","CD3D","ENSG00000167286.10",45.0508,"OK"
"TCGA-KIRC","040bcb51-b1dd-4666-819f-3ffed0b5ebb0","TCGA-CZ-5461-01A-01R-1503-07","TCGA-CZ-5461","Primary Tumor","CD3E","ENSG00000198851.10",32.8188,"OK"
"TCGA-KIRC","040bcb51-b1dd-4666-819f-3ffed0b5ebb0","TCGA-CZ-5461-01A-01R-1503-07","TCGA-CZ-5461","Primary Tumor","MS4A1","ENSG00000156738.18",1.2121,"OK"
"TCGA-KIRC","040bcb51-b1dd-4666-819f-3ffed0b5ebb0","TCGA-CZ-5461-01A-01R-1503-07","TCGA-CZ-5461","Primary Tumor","CD79A","ENSG00000105369.10",4.6714,"OK"
"TCGA-KIRC","040bcb51-b1dd-4666-819f-3ffed0b5ebb0","TCGA-CZ-5461-01A-01R-1503-07","TCGA-CZ-5461","Primary Tumor","NKG7","ENSG00000105374.10",37.959,"OK"
"TCGA-KIRC","040bcb51-b1dd-4666-819f-3ffed0b5ebb0","TCGA-CZ-5461-01A-01R-1503-07","TCGA-CZ-5461","Primary Tumor","LST1","ENSG00000204482.11",29.8218,"OK"
"TCGA-KIRC","040bcb51-b1dd-4666-819f-3ffed0b5ebb0","TCGA-CZ-5461-01A-01R-1503-07","TCGA-CZ-5461","Primary Tumor","TYROBP","ENSG00000011600.12",373.7464,"OK"
"TCGA-KIRC","040bcb51-b1dd-4666-819f-3ffed0b5ebb0","TCGA-CZ-5461-01A-01R-1503-07","TCGA-CZ-5461","Primary Tumor","FCER1G","ENSG00000158869.11",180.9543,"OK"
"TCGA-KIRC","040bcb51-b1dd-4666-819f-3ffed0b5ebb0","TCGA-CZ-5461-01A-01R-1503-07","TCGA-CZ-5461","Primary Tumor","CD68","ENSG00000129226.14",0,"OK"
"TCGA-KIRC","164a6eaa-7f88-4687-a7e1-b907c468766e","TCGA-B0-5081-01A-01R-1334-07","TCGA-B0-5081","Primary Tumor","PTPRC","ENSG00000081237.20",53.8765,"OK"
"TCGA-KIRC","164a6eaa-7f88-4687-a7e1-b907c468766e","TCGA-B0-5081-01A-01R-1334-07","TCGA-B0-5081","Primary Tumor","CD3D","ENSG00000167286.10",124.2856,"OK"
"TCGA-KIRC","164a6eaa-7f88-4687-a7e1-b907c468766e","TCGA-B0-5081-01A-01R-1334-07","TCGA-B0-5081","Primary Tumor","CD3E","ENSG00000198851.10",100.4046,"OK"
"TCGA-KIRC","164a6eaa-7f88-4687-a7e1-b907c468766e","TCGA-B0-5081-01A-01R-1334-07","TCGA-B0-5081","Primary Tumor","MS4A1","ENSG00000156738.18",5.3609,"OK"
"TCGA-KIRC","164a6eaa-7f88-4687-a7e1-b907c468766e","TCGA-B0-5081-01A-01R-1334-07","TCGA-B0-5081","Primary Tumor","CD79A","ENSG00000105369.10",68.1074,"OK"
"TCGA-KIRC","164a6eaa-7f88-4687-a7e1-b907c468766e","TCGA-B0-5081-01A-01R-1334-07","TCGA-B0-5081","Primary Tumor","NKG7","ENSG00000105374.10",146.1812,"OK"
"TCGA-KIRC","164a6eaa-7f88-4687-a7e1-b907c468766e","TCGA-B0-5081-01A-01R-1334-07","TCGA-B0-5081","Primary Tumor","LST1","ENSG00000204482.11",43.4346,"OK"
"TCGA-KIRC","164a6eaa-7f88-4687-a7e1-b907c468766e","TCGA-B0-5081-01A-01R-1334-07","TCGA-B0-5081","Primary Tumor","TYROBP","ENSG00000011600.12",436.7213,"OK"
"TCGA-KIRC","164a6eaa-7f88-4687-a7e1-b907c468766e","TCGA-B0-5081-01A-01R-1334-07","TCGA-B0-5081","Primary Tumor","FCER1G","ENSG00000158869.11",256.6549,"OK"
"TCGA-KIRC","164a6eaa-7f88-4687-a7e1-b907c468766e","TCGA-B0-5081-01A-01R-1334-07","TCGA-B0-5081","Primary Tumor","CD68","ENSG00000129226.14",0.147,"OK"
"TCGA-KIRC","7d7719e1-5451-4ec0-a3d6-99aaaf640bcd","TCGA-CZ-5461-11A-01R-1503-07","TCGA-CZ-5461","Solid Tissue Normal","PTPRC","ENSG00000081237.20",5.5848,"OK"
"TCGA-KIRC","7d7719e1-5451-4ec0-a3d6-99aaaf640bcd","TCGA-CZ-5461-11A-01R-1503-07","TCGA-CZ-5461","Solid Tissue Normal","CD3D","ENSG00000167286.10",2.4643,"OK"
"TCGA-KIRC","7d7719e1-5451-4ec0-a3d6-99aaaf640bcd","TCGA-CZ-5461-11A-01R-1503-07","TCGA-CZ-5461","Solid Tissue Normal","CD3E","ENSG00000198851.10",2.5011,"OK"
"TCGA-KIRC","7d7719e1-5451-4ec0-a3d6-99aaaf640bcd","TCGA-CZ-5461-11A-01R-1503-07","TCGA-CZ-5461","Solid Tissue Normal","MS4A1","ENSG00000156738.18",0.2399,"OK"
"TCGA-KIRC","7d7719e1-5451-4ec0-a3d6-99aaaf640bcd","TCGA-CZ-5461-11A-01R-1503-07","TCGA-CZ-5461","Solid Tissue Normal","CD79A","ENSG00000105369.10",0.9843,"OK"
"TCGA-KIRC","7d7719e1-5451-4ec0-a3d6-99aaaf640bcd","TCGA-CZ-5461-11A-01R-1503-07","TCGA-CZ-5461","Solid Tissue Normal","NKG7","ENSG00000105374.10",5.901,"OK"
"TCGA-KIRC","7d7719e1-5451-4ec0-a3d6-99aaaf640bcd","TCGA-CZ-5461-11A-01R-1503-07","TCGA-CZ-5461","Solid Tissue Normal","LST1","ENSG00000204482.11",4.1853,"OK"
"TCGA-KIRC","7d7719e1-5451-4ec0-a3d6-99aaaf640bcd","TCGA-CZ-5461-11A-01R-1503-07","TCGA-CZ-5461","Solid Tissue Normal","TYROBP","ENSG00000011600.12",36.7408,"OK"
"TCGA-KIRC","7d7719e1-5451-4ec0-a3d6-99aaaf640bcd","TCGA-CZ-5461-11A-01R-1503-07","TCGA-CZ-5461","Solid Tissue Normal","FCER1G","ENSG00000158869.11",31.7124,"OK"
"TCGA-KIRC","7d7719e1-5451-4ec0-a3d6-99aaaf640bcd","TCGA-CZ-5461-11A-01R-1503-07","TCGA-CZ-5461","Solid Tissue Normal","CD68","ENSG00000129226.14",0.0165,"OK"
"TCGA-KIRC","79b8911f-fabb-416e-9b80-2f55080192c3","TCGA-B4-5378-01A-01R-1503-07","TCGA-B4-5378","Primary Tumor","PTPRC","ENSG00000081237.20",15.541,"OK"
"TCGA-KIRC","79b8911f-fabb-416e-9b80-2f55080192c3","TCGA-B4-5378-01A-01R-1503-07","TCGA-B4-5378","Primary Tumor","CD3D","ENSG00000167286.10",11.2697,"OK"
"TCGA-KIRC","79b8911f-fabb-416e-9b80-2f55080192c3","TCGA-B4-5378-01A-01R-1503-07","TCGA-B4-5378","Primary Tumor","CD3E","ENSG00000198851.10",8.9801,"OK"
"TCGA-KIRC","79b8911f-fabb-416e-9b80-2f55080192c3","TCGA-B4-5378-01A-01R-1503-07","TCGA-B4-5378","Primary Tumor","MS4A1","ENSG00000156738.18",0.0762,"OK"
"TCGA-KIRC","79b8911f-fabb-416e-9b80-2f55080192c3","TCGA-B4-5378-01A-01R-1503-07","TCGA-B4-5378","Primary Tumor","CD79A","ENSG00000105369.10",0.9018,"OK"
"TCGA-KIRC","79b8911f-fabb-416e-9b80-2f55080192c3","TCGA-B4-5378-01A-01R-1503-07","TCGA-B4-5378","Primary Tumor","NKG7","ENSG00000105374.10",61.0646,"OK"
"TCGA-KIRC","79b8911f-fabb-416e-9b80-2f55080192c3","TCGA-B4-5378-01A-01R-1503-07","TCGA-B4-5378","Primary Tumor","LST1","ENSG00000204482.11",10.0165,"OK"
"TCGA-KIRC","79b8911f-fabb-416e-9b80-2f55080192c3","TCGA-B4-5378-01A-01R-1503-07","TCGA-B4-5378","Primary Tumor","TYROBP","ENSG00000011600.12",155.8198,"OK"
"TCGA-KIRC","79b8911f-fabb-416e-9b80-2f55080192c3","TCGA-B4-5378-01A-01R-1503-07","TCGA-B4-5378","Primary Tumor","FCER1G","ENSG00000158869.11",76.5094,"OK"
"TCGA-KIRC","79b8911f-fabb-416e-9b80-2f55080192c3","TCGA-B4-5378-01A-01R-1503-07","TCGA-B4-5378","Primary Tumor","CD68","ENSG00000129226.14",0.028,"OK"
"TCGA-KIRC","0bbde4ab-4f9d-478b-a168-055e489b53f2","TCGA-CJ-4884-01A-01R-1305-07","TCGA-CJ-4884","Primary Tumor","PTPRC","ENSG00000081237.20",36.6625,"OK"
"TCGA-KIRC","0bbde4ab-4f9d-478b-a168-055e489b53f2","TCGA-CJ-4884-01A-01R-1305-07","TCGA-CJ-4884","Primary Tumor","CD3D","ENSG00000167286.10",44.1939,"OK"
"TCGA-KIRC","0bbde4ab-4f9d-478b-a168-055e489b53f2","TCGA-CJ-4884-01A-01R-1305-07","TCGA-CJ-4884","Primary Tumor","CD3E","ENSG00000198851.10",36.1823,"OK"
"TCGA-KIRC","0bbde4ab-4f9d-478b-a168-055e489b53f2","TCGA-CJ-4884-01A-01R-1305-07","TCGA-CJ-4884","Primary Tumor","MS4A1","ENSG00000156738.18",2.1861,"OK"
"TCGA-KIRC","0bbde4ab-4f9d-478b-a168-055e489b53f2","TCGA-CJ-4884-01A-01R-1305-07","TCGA-CJ-4884","Primary Tumor","CD79A","ENSG00000105369.10",13.7901,"OK"
"TCGA-KIRC","0bbde4ab-4f9d-478b-a168-055e489b53f2","TCGA-CJ-4884-01A-01R-1305-07","TCGA-CJ-4884","Primary Tumor","NKG7","ENSG00000105374.10",67.3543,"OK"
"TCGA-KIRC","0bbde4ab-4f9d-478b-a168-055e489b53f2","TCGA-CJ-4884-01A-01R-1305-07","TCGA-CJ-4884","Primary Tumor","LST1","ENSG00000204482.11",24.3593,"OK"
"TCGA-KIRC","0bbde4ab-4f9d-478b-a168-055e489b53f2","TCGA-CJ-4884-01A-01R-1305-07","TCGA-CJ-4884","Primary Tumor","TYROBP","ENSG00000011600.12",325.8152,"OK"
"TCGA-KIRC","0bbde4ab-4f9d-478b-a168-055e489b53f2","TCGA-CJ-4884-01A-01R-1305-07","TCGA-CJ-4884","Primary Tumor","FCER1G","ENSG00000158869.11",139.7537,"OK"
"TCGA-KIRC","0bbde4ab-4f9d-478b-a168-055e489b53f2","TCGA-CJ-4884-01A-01R-1305-07","TCGA-CJ-4884","Primary Tumor","CD68","ENSG00000129226.14",0.0352,"OK"
"TCGA-KIRC","bacd130e-c30f-40aa-8e9e-ef8076f7a6db","TCGA-BP-4959-01A-01R-1334-07","TCGA-BP-4959","Primary Tumor","PTPRC","ENSG00000081237.20",29.1444,"OK"
"TCGA-KIRC","bacd130e-c30f-40aa-8e9e-ef8076f7a6db","TCGA-BP-4959-01A-01R-1334-07","TCGA-BP-4959","Primary Tumor","CD3D","ENSG00000167286.10",27.0474,"OK"
"TCGA-KIRC","bacd130e-c30f-40aa-8e9e-ef8076f7a6db","TCGA-BP-4959-01A-01R-1334-07","TCGA-BP-4959","Primary Tumor","CD3E","ENSG00000198851.10",25.7057,"OK"
"TCGA-KIRC","bacd130e-c30f-40aa-8e9e-ef8076f7a6db","TCGA-BP-4959-01A-01R-1334-07","TCGA-BP-4959","Primary Tumor","MS4A1","ENSG00000156738.18",0.963,"OK"
"TCGA-KIRC","bacd130e-c30f-40aa-8e9e-ef8076f7a6db","TCGA-BP-4959-01A-01R-1334-07","TCGA-BP-4959","Primary Tumor","CD79A","ENSG00000105369.10",6.9176,"OK"
"TCGA-KIRC","bacd130e-c30f-40aa-8e9e-ef8076f7a6db","TCGA-BP-4959-01A-01R-1334-07","TCGA-BP-4959","Primary Tumor","NKG7","ENSG00000105374.10",25.4165,"OK"
"TCGA-KIRC","bacd130e-c30f-40aa-8e9e-ef8076f7a6db","TCGA-BP-4959-01A-01R-1334-07","TCGA-BP-4959","Primary Tumor","LST1","ENSG00000204482.11",20.847,"OK"
"TCGA-KIRC","bacd130e-c30f-40aa-8e9e-ef8076f7a6db","TCGA-BP-4959-01A-01R-1334-07","TCGA-BP-4959","Primary Tumor","TYROBP","ENSG00000011600.12",400.5423,"OK"
"TCGA-KIRC","bacd130e-c30f-40aa-8e9e-ef8076f7a6db","TCGA-BP-4959-01A-01R-1334-07","TCGA-BP-4959","Primary Tumor","FCER1G","ENSG00000158869.11",229.9807,"OK"
"TCGA-KIRC","bacd130e-c30f-40aa-8e9e-ef8076f7a6db","TCGA-BP-4959-01A-01R-1334-07","TCGA-BP-4959","Primary Tumor","CD68","ENSG00000129226.14",0.0849,"OK"
"TCGA-KIRC","edc7b71d-a551-463e-a76a-dc135373cb43","TCGA-CZ-5466-01A-01R-1503-07","TCGA-CZ-5466","Primary Tumor","PTPRC","ENSG00000081237.20",41.3095,"OK"
"TCGA-KIRC","edc7b71d-a551-463e-a76a-dc135373cb43","TCGA-CZ-5466-01A-01R-1503-07","TCGA-CZ-5466","Primary Tumor","CD3D","ENSG00000167286.10",63.6378,"OK"
"TCGA-KIRC","edc7b71d-a551-463e-a76a-dc135373cb43","TCGA-CZ-5466-01A-01R-1503-07","TCGA-CZ-5466","Primary Tumor","CD3E","ENSG00000198851.10",47.0629,"OK"
"TCGA-KIRC","edc7b71d-a551-463e-a76a-dc135373cb43","TCGA-CZ-5466-01A-01R-1503-07","TCGA-CZ-5466","Primary Tumor","MS4A1","ENSG00000156738.18",4.77,"OK"
"TCGA-KIRC","edc7b71d-a551-463e-a76a-dc135373cb43","TCGA-CZ-5466-01A-01R-1503-07","TCGA-CZ-5466","Primary Tumor","CD79A","ENSG00000105369.10",30.0279,"OK"
"TCGA-KIRC","edc7b71d-a551-463e-a76a-dc135373cb43","TCGA-CZ-5466-01A-01R-1503-07","TCGA-CZ-5466","Primary Tumor","NKG7","ENSG00000105374.10",128.7665,"OK"
"TCGA-KIRC","edc7b71d-a551-463e-a76a-dc135373cb43","TCGA-CZ-5466-01A-01R-1503-07","TCGA-CZ-5466","Primary Tumor","LST1","ENSG00000204482.11",34.2992,"OK"
"TCGA-KIRC","edc7b71d-a551-463e-a76a-dc135373cb43","TCGA-CZ-5466-01A-01R-1503-07","TCGA-CZ-5466","Primary Tumor","TYROBP","ENSG00000011600.12",682.5,"OK"
"TCGA-KIRC","edc7b71d-a551-463e-a76a-dc135373cb43","TCGA-CZ-5466-01A-01R-1503-07","TCGA-CZ-5466","Primary Tumor","FCER1G","ENSG00000158869.11",267.9998,"OK"
"TCGA-KIRC","edc7b71d-a551-463e-a76a-dc135373cb43","TCGA-CZ-5466-01A-01R-1503-07","TCGA-CZ-5466","Primary Tumor","CD68","ENSG00000129226.14",0.2351,"OK"
"TCGA-KIRC","6df1efd7-bd1b-4c00-8cbb-eb1b6b7c78b6","TCGA-B0-4811-01A-01R-1503-07","TCGA-B0-4811","Primary Tumor","PTPRC","ENSG00000081237.20",3.6767,"OK"
"TCGA-KIRC","6df1efd7-bd1b-4c00-8cbb-eb1b6b7c78b6","TCGA-B0-4811-01A-01R-1503-07","TCGA-B0-4811","Primary Tumor","CD3D","ENSG00000167286.10",14.1674,"OK"
"TCGA-KIRC","6df1efd7-bd1b-4c00-8cbb-eb1b6b7c78b6","TCGA-B0-4811-01A-01R-1503-07","TCGA-B0-4811","Primary Tumor","CD3E","ENSG00000198851.10",9.9222,"OK"
"TCGA-KIRC","6df1efd7-bd1b-4c00-8cbb-eb1b6b7c78b6","TCGA-B0-4811-01A-01R-1503-07","TCGA-B0-4811","Primary Tumor","MS4A1","ENSG00000156738.18",0.5076,"OK"
"TCGA-KIRC","6df1efd7-bd1b-4c00-8cbb-eb1b6b7c78b6","TCGA-B0-4811-01A-01R-1503-07","TCGA-B0-4811","Primary Tumor","CD79A","ENSG00000105369.10",2.448,"OK"
"TCGA-KIRC","6df1efd7-bd1b-4c00-8cbb-eb1b6b7c78b6","TCGA-B0-4811-01A-01R-1503-07","TCGA-B0-4811","Primary Tumor","NKG7","ENSG00000105374.10",39.5319,"OK"
"TCGA-KIRC","6df1efd7-bd1b-4c00-8cbb-eb1b6b7c78b6","TCGA-B0-4811-01A-01R-1503-07","TCGA-B0-4811","Primary Tumor","LST1","ENSG00000204482.11",15.1453,"OK"
"TCGA-KIRC","6df1efd7-bd1b-4c00-8cbb-eb1b6b7c78b6","TCGA-B0-4811-01A-01R-1503-07","TCGA-B0-4811","Primary Tumor","TYROBP","ENSG00000011600.12",122.0688,"OK"
"TCGA-KIRC","6df1efd7-bd1b-4c00-8cbb-eb1b6b7c78b6","TCGA-B0-4811-01A-01R-1503-07","TCGA-B0-4811","Primary Tumor","FCER1G","ENSG00000158869.11",51.6137,"OK"
"TCGA-KIRC","6df1efd7-bd1b-4c00-8cbb-eb1b6b7c78b6","TCGA-B0-4811-01A-01R-1503-07","TCGA-B0-4811","Primary Tumor","CD68","ENSG00000129226.14",0.0861,"OK"
"TCGA-KIRC","dbe50f57-74d7-4b5f-a996-dfc8d9874d55","TCGA-CZ-5453-11A-01R-1503-07","TCGA-CZ-5453","Solid Tissue Normal","PTPRC","ENSG00000081237.20",4.6646,"OK"
"TCGA-KIRC","dbe50f57-74d7-4b5f-a996-dfc8d9874d55","TCGA-CZ-5453-11A-01R-1503-07","TCGA-CZ-5453","Solid Tissue Normal","CD3D","ENSG00000167286.10",3.7237,"OK"
"TCGA-KIRC","dbe50f57-74d7-4b5f-a996-dfc8d9874d55","TCGA-CZ-5453-11A-01R-1503-07","TCGA-CZ-5453","Solid Tissue Normal","CD3E","ENSG00000198851.10",2.8777,"OK"
"TCGA-KIRC","dbe50f57-74d7-4b5f-a996-dfc8d9874d55","TCGA-CZ-5453-11A-01R-1503-07","TCGA-CZ-5453","Solid Tissue Normal","MS4A1","ENSG00000156738.18",0.1476,"OK"
"TCGA-KIRC","dbe50f57-74d7-4b5f-a996-dfc8d9874d55","TCGA-CZ-5453-11A-01R-1503-07","TCGA-CZ-5453","Solid Tissue Normal","CD79A","ENSG00000105369.10",2.2703,"OK"
"TCGA-KIRC","dbe50f57-74d7-4b5f-a996-dfc8d9874d55","TCGA-CZ-5453-11A-01R-1503-07","TCGA-CZ-5453","Solid Tissue Normal","NKG7","ENSG00000105374.10",3.6189,"OK"
"TCGA-KIRC","dbe50f57-74d7-4b5f-a996-dfc8d9874d55","TCGA-CZ-5453-11A-01R-1503-07","TCGA-CZ-5453","Solid Tissue Normal","LST1","ENSG00000204482.11",4.3424,"OK"
"TCGA-KIRC","dbe50f57-74d7-4b5f-a996-dfc8d9874d55","TCGA-CZ-5453-11A-01R-1503-07","TCGA-CZ-5453","Solid Tissue Normal","TYROBP","ENSG00000011600.12",34.4182,"OK"
"TCGA-KIRC","dbe50f57-74d7-4b5f-a996-dfc8d9874d55","TCGA-CZ-5453-11A-01R-1503-07","TCGA-CZ-5453","Solid Tissue Normal","FCER1G","ENSG00000158869.11",22.2542,"OK"
"TCGA-KIRC","dbe50f57-74d7-4b5f-a996-dfc8d9874d55","TCGA-CZ-5453-11A-01R-1503-07","TCGA-CZ-5453","Solid Tissue Normal","CD68","ENSG00000129226.14",0.0217,"OK"
"TCGA-KIRC","a56c9911-e164-4572-aef8-37754ee056e3","TCGA-CJ-5680-11A-01R-1541-07","TCGA-CJ-5680","Solid Tissue Normal","PTPRC","ENSG00000081237.20",14.1336,"OK"
"TCGA-KIRC","a56c9911-e164-4572-aef8-37754ee056e3","TCGA-CJ-5680-11A-01R-1541-07","TCGA-CJ-5680","Solid Tissue Normal","CD3D","ENSG00000167286.10",8.6963,"OK"
"TCGA-KIRC","a56c9911-e164-4572-aef8-37754ee056e3","TCGA-CJ-5680-11A-01R-1541-07","TCGA-CJ-5680","Solid Tissue Normal","CD3E","ENSG00000198851.10",13.8201,"OK"
"TCGA-KIRC","a56c9911-e164-4572-aef8-37754ee056e3","TCGA-CJ-5680-11A-01R-1541-07","TCGA-CJ-5680","Solid Tissue Normal","MS4A1","ENSG00000156738.18",0.9439,"OK"
"TCGA-KIRC","a56c9911-e164-4572-aef8-37754ee056e3","TCGA-CJ-5680-11A-01R-1541-07","TCGA-CJ-5680","Solid Tissue Normal","CD79A","ENSG00000105369.10",1.9706,"OK"
"TCGA-KIRC","a56c9911-e164-4572-aef8-37754ee056e3","TCGA-CJ-5680-11A-01R-1541-07","TCGA-CJ-5680","Solid Tissue Normal","NKG7","ENSG00000105374.10",12.5091,"OK"
"TCGA-KIRC","a56c9911-e164-4572-aef8-37754ee056e3","TCGA-CJ-5680-11A-01R-1541-07","TCGA-CJ-5680","Solid Tissue Normal","LST1","ENSG00000204482.11",9.9565,"OK"
"TCGA-KIRC","a56c9911-e164-4572-aef8-37754ee056e3","TCGA-CJ-5680-11A-01R-1541-07","TCGA-CJ-5680","Solid Tissue Normal","TYROBP","ENSG00000011600.12",96.8726,"OK"
"TCGA-KIRC","a56c9911-e164-4572-aef8-37754ee056e3","TCGA-CJ-5680-11A-01R-1541-07","TCGA-CJ-5680","Solid Tissue Normal","FCER1G","ENSG00000158869.11",51.6509,"OK"
"TCGA-KIRC","a56c9911-e164-4572-aef8-37754ee056e3","TCGA-CJ-5680-11A-01R-1541-07","TCGA-CJ-5680","Solid Tissue Normal","CD68","ENSG00000129226.14",0.2143,"OK"
"TCGA-KIRC","2a8ed8a3-37a6-4492-823c-a86f392d0c44","TCGA-EU-5906-01A-11R-1672-07","TCGA-EU-5906","Primary Tumor","PTPRC","ENSG00000081237.20",47.7765,"OK"
"TCGA-KIRC","2a8ed8a3-37a6-4492-823c-a86f392d0c44","TCGA-EU-5906-01A-11R-1672-07","TCGA-EU-5906","Primary Tumor","CD3D","ENSG00000167286.10",19.6103,"OK"
"TCGA-KIRC","2a8ed8a3-37a6-4492-823c-a86f392d0c44","TCGA-EU-5906-01A-11R-1672-07","TCGA-EU-5906","Primary Tumor","CD3E","ENSG00000198851.10",20.8812,"OK"
"TCGA-KIRC","2a8ed8a3-37a6-4492-823c-a86f392d0c44","TCGA-EU-5906-01A-11R-1672-07","TCGA-EU-5906","Primary Tumor","MS4A1","ENSG00000156738.18",0.8109,"OK"
"TCGA-KIRC","2a8ed8a3-37a6-4492-823c-a86f392d0c44","TCGA-EU-5906-01A-11R-1672-07","TCGA-EU-5906","Primary Tumor","CD79A","ENSG00000105369.10",3.133,"OK"
"TCGA-KIRC","2a8ed8a3-37a6-4492-823c-a86f392d0c44","TCGA-EU-5906-01A-11R-1672-07","TCGA-EU-5906","Primary Tumor","NKG7","ENSG00000105374.10",56.0858,"OK"
"TCGA-KIRC","2a8ed8a3-37a6-4492-823c-a86f392d0c44","TCGA-EU-5906-01A-11R-1672-07","TCGA-EU-5906","Primary Tumor","LST1","ENSG00000204482.11",26.2949,"OK"
"TCGA-KIRC","2a8ed8a3-37a6-4492-823c-a86f392d0c44","TCGA-EU-5906-01A-11R-1672-07","TCGA-EU-5906","Primary Tumor","TYROBP","ENSG00000011600.12",326.1621,"OK"
"TCGA-KIRC","2a8ed8a3-37a6-4492-823c-a86f392d0c44","TCGA-EU-5906-01A-11R-1672-07","TCGA-EU-5906","Primary Tumor","FCER1G","ENSG00000158869.11",162.733,"OK"
"TCGA-KIRC","2a8ed8a3-37a6-4492-823c-a86f392d0c44","TCGA-EU-5906-01A-11R-1672-07","TCGA-EU-5906","Primary Tumor","CD68","ENSG00000129226.14",0.0679,"OK"
"TCGA-KIRC","3e2569b7-b145-4bda-9bdf-24105aefe42c","TCGA-B0-4852-01A-01R-1503-07","TCGA-B0-4852","Primary Tumor","PTPRC","ENSG00000081237.20",25.2184,"OK"
"TCGA-KIRC","3e2569b7-b145-4bda-9bdf-24105aefe42c","TCGA-B0-4852-01A-01R-1503-07","TCGA-B0-4852","Primary Tumor","CD3D","ENSG00000167286.10",22.3501,"OK"
"TCGA-KIRC","3e2569b7-b145-4bda-9bdf-24105aefe42c","TCGA-B0-4852-01A-01R-1503-07","TCGA-B0-4852","Primary Tumor","CD3E","ENSG00000198851.10",16.033,"OK"
"TCGA-KIRC","3e2569b7-b145-4bda-9bdf-24105aefe42c","TCGA-B0-4852-01A-01R-1503-07","TCGA-B0-4852","Primary Tumor","MS4A1","ENSG00000156738.18",3.8789,"OK"
"TCGA-KIRC","3e2569b7-b145-4bda-9bdf-24105aefe42c","TCGA-B0-4852-01A-01R-1503-07","TCGA-B0-4852","Primary Tumor","CD79A","ENSG00000105369.10",7.1222,"OK"
"TCGA-KIRC","3e2569b7-b145-4bda-9bdf-24105aefe42c","TCGA-B0-4852-01A-01R-1503-07","TCGA-B0-4852","Primary Tumor","NKG7","ENSG00000105374.10",47.6499,"OK"
"TCGA-KIRC","3e2569b7-b145-4bda-9bdf-24105aefe42c","TCGA-B0-4852-01A-01R-1503-07","TCGA-B0-4852","Primary Tumor","LST1","ENSG00000204482.11",14.4934,"OK"
"TCGA-KIRC","3e2569b7-b145-4bda-9bdf-24105aefe42c","TCGA-B0-4852-01A-01R-1503-07","TCGA-B0-4852","Primary Tumor","TYROBP","ENSG00000011600.12",111.0673,"OK"
"TCGA-KIRC","3e2569b7-b145-4bda-9bdf-24105aefe42c","TCGA-B0-4852-01A-01R-1503-07","TCGA-B0-4852","Primary Tumor","FCER1G","ENSG00000158869.11",87.8448,"OK"
"TCGA-KIRC","3e2569b7-b145-4bda-9bdf-24105aefe42c","TCGA-B0-4852-01A-01R-1503-07","TCGA-B0-4852","Primary Tumor","CD68","ENSG00000129226.14",0.1272,"OK"
"TCGA-KIRC","d91f4d1a-4628-446c-a696-8839c8f62d90","TCGA-B4-5832-01A-11R-1672-07","TCGA-B4-5832","Primary Tumor","PTPRC","ENSG00000081237.20",85.7741,"OK"
"TCGA-KIRC","d91f4d1a-4628-446c-a696-8839c8f62d90","TCGA-B4-5832-01A-11R-1672-07","TCGA-B4-5832","Primary Tumor","CD3D","ENSG00000167286.10",8.384,"OK"
"TCGA-KIRC","d91f4d1a-4628-446c-a696-8839c8f62d90","TCGA-B4-5832-01A-11R-1672-07","TCGA-B4-5832","Primary Tumor","CD3E","ENSG00000198851.10",13.3727,"OK"
"TCGA-KIRC","d91f4d1a-4628-446c-a696-8839c8f62d90","TCGA-B4-5832-01A-11R-1672-07","TCGA-B4-5832","Primary Tumor","MS4A1","ENSG00000156738.18",1.6588,"OK"
"TCGA-KIRC","d91f4d1a-4628-446c-a696-8839c8f62d90","TCGA-B4-5832-01A-11R-1672-07","TCGA-B4-5832","Primary Tumor","CD79A","ENSG00000105369.10",1.2356,"OK"
"TCGA-KIRC","d91f4d1a-4628-446c-a696-8839c8f62d90","TCGA-B4-5832-01A-11R-1672-07","TCGA-B4-5832","Primary Tumor","NKG7","ENSG00000105374.10",5.8336,"OK"
"TCGA-KIRC","d91f4d1a-4628-446c-a696-8839c8f62d90","TCGA-B4-5832-01A-11R-1672-07","TCGA-B4-5832","Primary Tumor","LST1","ENSG00000204482.11",5.182,"OK"
"TCGA-KIRC","d91f4d1a-4628-446c-a696-8839c8f62d90","TCGA-B4-5832-01A-11R-1672-07","TCGA-B4-5832","Primary Tumor","TYROBP","ENSG00000011600.12",35.7574,"OK"
"TCGA-KIRC","d91f4d1a-4628-446c-a696-8839c8f62d90","TCGA-B4-5832-01A-11R-1672-07","TCGA-B4-5832","Primary Tumor","FCER1G","ENSG00000158869.11",108.428,"OK"
"TCGA-KIRC","d91f4d1a-4628-446c-a696-8839c8f62d90","TCGA-B4-5832-01A-11R-1672-07","TCGA-B4-5832","Primary Tumor","CD68","ENSG00000129226.14",0,"OK"
"TCGA-KIRC","c64293ef-e723-4fe6-8cfa-fe36d07bad81","TCGA-CJ-4875-01A-01R-1305-07","TCGA-CJ-4875","Primary Tumor","PTPRC","ENSG00000081237.20",16.6118,"OK"
"TCGA-KIRC","c64293ef-e723-4fe6-8cfa-fe36d07bad81","TCGA-CJ-4875-01A-01R-1305-07","TCGA-CJ-4875","Primary Tumor","CD3D","ENSG00000167286.10",85.3768,"OK"
"TCGA-KIRC","c64293ef-e723-4fe6-8cfa-fe36d07bad81","TCGA-CJ-4875-01A-01R-1305-07","TCGA-CJ-4875","Primary Tumor","CD3E","ENSG00000198851.10",44.7217,"OK"
"TCGA-KIRC","c64293ef-e723-4fe6-8cfa-fe36d07bad81","TCGA-CJ-4875-01A-01R-1305-07","TCGA-CJ-4875","Primary Tumor","MS4A1","ENSG00000156738.18",0.1909,"OK"
"TCGA-KIRC","c64293ef-e723-4fe6-8cfa-fe36d07bad81","TCGA-CJ-4875-01A-01R-1305-07","TCGA-CJ-4875","Primary Tumor","CD79A","ENSG00000105369.10",0.9428,"OK"
"TCGA-KIRC","c64293ef-e723-4fe6-8cfa-fe36d07bad81","TCGA-CJ-4875-01A-01R-1305-07","TCGA-CJ-4875","Primary Tumor","NKG7","ENSG00000105374.10",163.6405,"OK"
"TCGA-KIRC","c64293ef-e723-4fe6-8cfa-fe36d07bad81","TCGA-CJ-4875-01A-01R-1305-07","TCGA-CJ-4875","Primary Tumor","LST1","ENSG00000204482.11",23.2801,"OK"
"TCGA-KIRC","c64293ef-e723-4fe6-8cfa-fe36d07bad81","TCGA-CJ-4875-01A-01R-1305-07","TCGA-CJ-4875","Primary Tumor","TYROBP","ENSG00000011600.12",205.154,"OK"
"TCGA-KIRC","c64293ef-e723-4fe6-8cfa-fe36d07bad81","TCGA-CJ-4875-01A-01R-1305-07","TCGA-CJ-4875","Primary Tumor","FCER1G","ENSG00000158869.11",98.3397,"OK"
"TCGA-KIRC","c64293ef-e723-4fe6-8cfa-fe36d07bad81","TCGA-CJ-4875-01A-01R-1305-07","TCGA-CJ-4875","Primary Tumor","CD68","ENSG00000129226.14",0.0549,"OK"
"TCGA-KIRC","efb66622-cf03-4f74-98e5-8c38d87a90f7","TCGA-CW-5587-11A-01R-1541-07","TCGA-CW-5587","Solid Tissue Normal","PTPRC","ENSG00000081237.20",5.9071,"OK"
"TCGA-KIRC","efb66622-cf03-4f74-98e5-8c38d87a90f7","TCGA-CW-5587-11A-01R-1541-07","TCGA-CW-5587","Solid Tissue Normal","CD3D","ENSG00000167286.10",3.1697,"OK"
"TCGA-KIRC","efb66622-cf03-4f74-98e5-8c38d87a90f7","TCGA-CW-5587-11A-01R-1541-07","TCGA-CW-5587","Solid Tissue Normal","CD3E","ENSG00000198851.10",2.5334,"OK"
"TCGA-KIRC","efb66622-cf03-4f74-98e5-8c38d87a90f7","TCGA-CW-5587-11A-01R-1541-07","TCGA-CW-5587","Solid Tissue Normal","MS4A1","ENSG00000156738.18",0.1672,"OK"
"TCGA-KIRC","efb66622-cf03-4f74-98e5-8c38d87a90f7","TCGA-CW-5587-11A-01R-1541-07","TCGA-CW-5587","Solid Tissue Normal","CD79A","ENSG00000105369.10",0.6925,"OK"
"TCGA-KIRC","efb66622-cf03-4f74-98e5-8c38d87a90f7","TCGA-CW-5587-11A-01R-1541-07","TCGA-CW-5587","Solid Tissue Normal","NKG7","ENSG00000105374.10",6.448,"OK"
"TCGA-KIRC","efb66622-cf03-4f74-98e5-8c38d87a90f7","TCGA-CW-5587-11A-01R-1541-07","TCGA-CW-5587","Solid Tissue Normal","LST1","ENSG00000204482.11",4.4298,"OK"
"TCGA-KIRC","efb66622-cf03-4f74-98e5-8c38d87a90f7","TCGA-CW-5587-11A-01R-1541-07","TCGA-CW-5587","Solid Tissue Normal","TYROBP","ENSG00000011600.12",32.1022,"OK"
"TCGA-KIRC","efb66622-cf03-4f74-98e5-8c38d87a90f7","TCGA-CW-5587-11A-01R-1541-07","TCGA-CW-5587","Solid Tissue Normal","FCER1G","ENSG00000158869.11",22.1589,"OK"
"TCGA-KIRC","efb66622-cf03-4f74-98e5-8c38d87a90f7","TCGA-CW-5587-11A-01R-1541-07","TCGA-CW-5587","Solid Tissue Normal","CD68","ENSG00000129226.14",0,"OK"
"TCGA-KIRC","3f311bca-c591-4dbe-bfb2-fc513259f21c","TCGA-BP-4326-01A-01R-1289-07","TCGA-BP-4326","Primary Tumor","PTPRC","ENSG00000081237.20",12.3385,"OK"
"TCGA-KIRC","3f311bca-c591-4dbe-bfb2-fc513259f21c","TCGA-BP-4326-01A-01R-1289-07","TCGA-BP-4326","Primary Tumor","CD3D","ENSG00000167286.10",5.9314,"OK"
"TCGA-KIRC","3f311bca-c591-4dbe-bfb2-fc513259f21c","TCGA-BP-4326-01A-01R-1289-07","TCGA-BP-4326","Primary Tumor","CD3E","ENSG00000198851.10",6.9688,"OK"
"TCGA-KIRC","3f311bca-c591-4dbe-bfb2-fc513259f21c","TCGA-BP-4326-01A-01R-1289-07","TCGA-BP-4326","Primary Tumor","MS4A1","ENSG00000156738.18",0.4901,"OK"
"TCGA-KIRC","3f311bca-c591-4dbe-bfb2-fc513259f21c","TCGA-BP-4326-01A-01R-1289-07","TCGA-BP-4326","Primary Tumor","CD79A","ENSG00000105369.10",3.4362,"OK"
"TCGA-KIRC","3f311bca-c591-4dbe-bfb2-fc513259f21c","TCGA-BP-4326-01A-01R-1289-07","TCGA-BP-4326","Primary Tumor","NKG7","ENSG00000105374.10",18.51,"OK"
"TCGA-KIRC","3f311bca-c591-4dbe-bfb2-fc513259f21c","TCGA-BP-4326-01A-01R-1289-07","TCGA-BP-4326","Primary Tumor","LST1","ENSG00000204482.11",9.6234,"OK"
"TCGA-KIRC","3f311bca-c591-4dbe-bfb2-fc513259f21c","TCGA-BP-4326-01A-01R-1289-07","TCGA-BP-4326","Primary Tumor","TYROBP","ENSG00000011600.12",143.0737,"OK"
"TCGA-KIRC","3f311bca-c591-4dbe-bfb2-fc513259f21c","TCGA-BP-4326-01A-01R-1289-07","TCGA-BP-4326","Primary Tumor","FCER1G","ENSG00000158869.11",106.2835,"OK"
"TCGA-KIRC","3f311bca-c591-4dbe-bfb2-fc513259f21c","TCGA-BP-4326-01A-01R-1289-07","TCGA-BP-4326","Primary Tumor","CD68","ENSG00000129226.14",0.5799,"OK"
"TCGA-KIRC","1c38241a-2cdc-4b93-8845-87182a998ef4","TCGA-BP-4329-01A-02R-1289-07","TCGA-BP-4329","Primary Tumor","PTPRC","ENSG00000081237.20",17.9149,"OK"
"TCGA-KIRC","1c38241a-2cdc-4b93-8845-87182a998ef4","TCGA-BP-4329-01A-02R-1289-07","TCGA-BP-4329","Primary Tumor","CD3D","ENSG00000167286.10",25.4385,"OK"
"TCGA-KIRC","1c38241a-2cdc-4b93-8845-87182a998ef4","TCGA-BP-4329-01A-02R-1289-07","TCGA-BP-4329","Primary Tumor","CD3E","ENSG00000198851.10",17.8082,"OK"
"TCGA-KIRC","1c38241a-2cdc-4b93-8845-87182a998ef4","TCGA-BP-4329-01A-02R-1289-07","TCGA-BP-4329","Primary Tumor","MS4A1","ENSG00000156738.18",0.4679,"OK"
"TCGA-KIRC","1c38241a-2cdc-4b93-8845-87182a998ef4","TCGA-BP-4329-01A-02R-1289-07","TCGA-BP-4329","Primary Tumor","CD79A","ENSG00000105369.10",2.3119,"OK"
"TCGA-KIRC","1c38241a-2cdc-4b93-8845-87182a998ef4","TCGA-BP-4329-01A-02R-1289-07","TCGA-BP-4329","Primary Tumor","NKG7","ENSG00000105374.10",56.688,"OK"
"TCGA-KIRC","1c38241a-2cdc-4b93-8845-87182a998ef4","TCGA-BP-4329-01A-02R-1289-07","TCGA-BP-4329","Primary Tumor","LST1","ENSG00000204482.11",35.2063,"OK"
"TCGA-KIRC","1c38241a-2cdc-4b93-8845-87182a998ef4","TCGA-BP-4329-01A-02R-1289-07","TCGA-BP-4329","Primary Tumor","TYROBP","ENSG00000011600.12",311.7954,"OK"
"TCGA-KIRC","1c38241a-2cdc-4b93-8845-87182a998ef4","TCGA-BP-4329-01A-02R-1289-07","TCGA-BP-4329","Primary Tumor","FCER1G","ENSG00000158869.11",141.3228,"OK"
"TCGA-KIRC","1c38241a-2cdc-4b93-8845-87182a998ef4","TCGA-BP-4329-01A-02R-1289-07","TCGA-BP-4329","Primary Tumor","CD68","ENSG00000129226.14",0.0607,"OK"
"TCGA-KIRC","7e74a46c-7ff4-4d46-b9a8-b10aa076f448","TCGA-B0-4847-01A-01R-1277-07","TCGA-B0-4847","Primary Tumor","PTPRC","ENSG00000081237.20",22.6087,"OK"
"TCGA-KIRC","7e74a46c-7ff4-4d46-b9a8-b10aa076f448","TCGA-B0-4847-01A-01R-1277-07","TCGA-B0-4847","Primary Tumor","CD3D","ENSG00000167286.10",90.8509,"OK"
"TCGA-KIRC","7e74a46c-7ff4-4d46-b9a8-b10aa076f448","TCGA-B0-4847-01A-01R-1277-07","TCGA-B0-4847","Primary Tumor","CD3E","ENSG00000198851.10",73.4197,"OK"
"TCGA-KIRC","7e74a46c-7ff4-4d46-b9a8-b10aa076f448","TCGA-B0-4847-01A-01R-1277-07","TCGA-B0-4847","Primary Tumor","MS4A1","ENSG00000156738.18",1.0207,"OK"
"TCGA-KIRC","7e74a46c-7ff4-4d46-b9a8-b10aa076f448","TCGA-B0-4847-01A-01R-1277-07","TCGA-B0-4847","Primary Tumor","CD79A","ENSG00000105369.10",5.7328,"OK"
"TCGA-KIRC","7e74a46c-7ff4-4d46-b9a8-b10aa076f448","TCGA-B0-4847-01A-01R-1277-07","TCGA-B0-4847","Primary Tumor","NKG7","ENSG00000105374.10",156.4359,"OK"
"TCGA-KIRC","7e74a46c-7ff4-4d46-b9a8-b10aa076f448","TCGA-B0-4847-01A-01R-1277-07","TCGA-B0-4847","Primary Tumor","LST1","ENSG00000204482.11",54.792,"OK"
"TCGA-KIRC","7e74a46c-7ff4-4d46-b9a8-b10aa076f448","TCGA-B0-4847-01A-01R-1277-07","TCGA-B0-4847","Primary Tumor","TYROBP","ENSG00000011600.12",390.2991,"OK"
"TCGA-KIRC","7e74a46c-7ff4-4d46-b9a8-b10aa076f448","TCGA-B0-4847-01A-01R-1277-07","TCGA-B0-4847","Primary Tumor","FCER1G","ENSG00000158869.11",182.1641,"OK"
"TCGA-KIRC","7e74a46c-7ff4-4d46-b9a8-b10aa076f448","TCGA-B0-4847-01A-01R-1277-07","TCGA-B0-4847","Primary Tumor","CD68","ENSG00000129226.14",0.1311,"OK"
"TCGA-KIRC","9848e118-7372-41e5-8c64-71ec86c9c563","TCGA-A3-3380-01A-01R-0864-07","TCGA-A3-3380","Primary Tumor","PTPRC","ENSG00000081237.20",17.4452,"OK"
"TCGA-KIRC","9848e118-7372-41e5-8c64-71ec86c9c563","TCGA-A3-3380-01A-01R-0864-07","TCGA-A3-3380","Primary Tumor","CD3D","ENSG00000167286.10",19.7985,"OK"
"TCGA-KIRC","9848e118-7372-41e5-8c64-71ec86c9c563","TCGA-A3-3380-01A-01R-0864-07","TCGA-A3-3380","Primary Tumor","CD3E","ENSG00000198851.10",20.2376,"OK"
"TCGA-KIRC","9848e118-7372-41e5-8c64-71ec86c9c563","TCGA-A3-3380-01A-01R-0864-07","TCGA-A3-3380","Primary Tumor","MS4A1","ENSG00000156738.18",1.5593,"OK"
"TCGA-KIRC","9848e118-7372-41e5-8c64-71ec86c9c563","TCGA-A3-3380-01A-01R-0864-07","TCGA-A3-3380","Primary Tumor","CD79A","ENSG00000105369.10",6.5369,"OK"
"TCGA-KIRC","9848e118-7372-41e5-8c64-71ec86c9c563","TCGA-A3-3380-01A-01R-0864-07","TCGA-A3-3380","Primary Tumor","NKG7","ENSG00000105374.10",53.3869,"OK"
"TCGA-KIRC","9848e118-7372-41e5-8c64-71ec86c9c563","TCGA-A3-3380-01A-01R-0864-07","TCGA-A3-3380","Primary Tumor","LST1","ENSG00000204482.11",16.9603,"OK"
"TCGA-KIRC","9848e118-7372-41e5-8c64-71ec86c9c563","TCGA-A3-3380-01A-01R-0864-07","TCGA-A3-3380","Primary Tumor","TYROBP","ENSG00000011600.12",229.0619,"OK"
"TCGA-KIRC","9848e118-7372-41e5-8c64-71ec86c9c563","TCGA-A3-3380-01A-01R-0864-07","TCGA-A3-3380","Primary Tumor","FCER1G","ENSG00000158869.11",104.8073,"OK"
"TCGA-KIRC","9848e118-7372-41e5-8c64-71ec86c9c563","TCGA-A3-3380-01A-01R-0864-07","TCGA-A3-3380","Primary Tumor","CD68","ENSG00000129226.14",0.1615,"OK"
"TCGA-KIRC","5d1a0224-01c6-4843-baab-12f1a56b767a","TCGA-B8-4619-01A-02R-1325-07","TCGA-B8-4619","Primary Tumor","PTPRC","ENSG00000081237.20",4.7666,"OK"
"TCGA-KIRC","5d1a0224-01c6-4843-baab-12f1a56b767a","TCGA-B8-4619-01A-02R-1325-07","TCGA-B8-4619","Primary Tumor","CD3D","ENSG00000167286.10",2.255,"OK"
"TCGA-KIRC","5d1a0224-01c6-4843-baab-12f1a56b767a","TCGA-B8-4619-01A-02R-1325-07","TCGA-B8-4619","Primary Tumor","CD3E","ENSG00000198851.10",3.1957,"OK"
"TCGA-KIRC","5d1a0224-01c6-4843-baab-12f1a56b767a","TCGA-B8-4619-01A-02R-1325-07","TCGA-B8-4619","Primary Tumor","MS4A1","ENSG00000156738.18",0.509,"OK"
"TCGA-KIRC","5d1a0224-01c6-4843-baab-12f1a56b767a","TCGA-B8-4619-01A-02R-1325-07","TCGA-B8-4619","Primary Tumor","CD79A","ENSG00000105369.10",1.8064,"OK"
"TCGA-KIRC","5d1a0224-01c6-4843-baab-12f1a56b767a","TCGA-B8-4619-01A-02R-1325-07","TCGA-B8-4619","Primary Tumor","NKG7","ENSG00000105374.10",4.7543,"OK"
"TCGA-KIRC","5d1a0224-01c6-4843-baab-12f1a56b767a","TCGA-B8-4619-01A-02R-1325-07","TCGA-B8-4619","Primary Tumor","LST1","ENSG00000204482.11",2.1477,"OK"
"TCGA-KIRC","5d1a0224-01c6-4843-baab-12f1a56b767a","TCGA-B8-4619-01A-02R-1325-07","TCGA-B8-4619","Primary Tumor","TYROBP","ENSG00000011600.12",28.7269,"OK"
"TCGA-KIRC","5d1a0224-01c6-4843-baab-12f1a56b767a","TCGA-B8-4619-01A-02R-1325-07","TCGA-B8-4619","Primary Tumor","FCER1G","ENSG00000158869.11",23.5655,"OK"
"TCGA-KIRC","5d1a0224-01c6-4843-baab-12f1a56b767a","TCGA-B8-4619-01A-02R-1325-07","TCGA-B8-4619","Primary Tumor","CD68","ENSG00000129226.14",0,"OK"
"TCGA-KIRC","2b5b6593-4fe2-4c8a-92c6-5bd5a6c26320","TCGA-A3-3317-01A-02R-1325-07","TCGA-A3-3317","Primary Tumor","PTPRC","ENSG00000081237.20",37.2925,"OK"
"TCGA-KIRC","2b5b6593-4fe2-4c8a-92c6-5bd5a6c26320","TCGA-A3-3317-01A-02R-1325-07","TCGA-A3-3317","Primary Tumor","CD3D","ENSG00000167286.10",28.3204,"OK"
"TCGA-KIRC","2b5b6593-4fe2-4c8a-92c6-5bd5a6c26320","TCGA-A3-3317-01A-02R-1325-07","TCGA-A3-3317","Primary Tumor","CD3E","ENSG00000198851.10",28.1948,"OK"
"TCGA-KIRC","2b5b6593-4fe2-4c8a-92c6-5bd5a6c26320","TCGA-A3-3317-01A-02R-1325-07","TCGA-A3-3317","Primary Tumor","MS4A1","ENSG00000156738.18",2.9283,"OK"
"TCGA-KIRC","2b5b6593-4fe2-4c8a-92c6-5bd5a6c26320","TCGA-A3-3317-01A-02R-1325-07","TCGA-A3-3317","Primary Tumor","CD79A","ENSG00000105369.10",5.5993,"OK"
"TCGA-KIRC","2b5b6593-4fe2-4c8a-92c6-5bd5a6c26320","TCGA-A3-3317-01A-02R-1325-07","TCGA-A3-3317","Primary Tumor","NKG7","ENSG00000105374.10",78.058,"OK"
"TCGA-KIRC","2b5b6593-4fe2-4c8a-92c6-5bd5a6c26320","TCGA-A3-3317-01A-02R-1325-07","TCGA-A3-3317","Primary Tumor","LST1","ENSG00000204482.11",18.3206,"OK"
"TCGA-KIRC","2b5b6593-4fe2-4c8a-92c6-5bd5a6c26320","TCGA-A3-3317-01A-02R-1325-07","TCGA-A3-3317","Primary Tumor","TYROBP","ENSG00000011600.12",230.9999,"OK"
"TCGA-KIRC","2b5b6593-4fe2-4c8a-92c6-5bd5a6c26320","TCGA-A3-3317-01A-02R-1325-07","TCGA-A3-3317","Primary Tumor","FCER1G","ENSG00000158869.11",161.3943,"OK"
"TCGA-KIRC","2b5b6593-4fe2-4c8a-92c6-5bd5a6c26320","TCGA-A3-3317-01A-02R-1325-07","TCGA-A3-3317","Primary Tumor","CD68","ENSG00000129226.14",0.1845,"OK"
"TCGA-KIRC","114e63e4-03a5-409e-835f-afa8af005d03","TCGA-B0-5711-01A-11R-1672-07","TCGA-B0-5711","Primary Tumor","PTPRC","ENSG00000081237.20",42.8653,"OK"
"TCGA-KIRC","114e63e4-03a5-409e-835f-afa8af005d03","TCGA-B0-5711-01A-11R-1672-07","TCGA-B0-5711","Primary Tumor","CD3D","ENSG00000167286.10",39.846,"OK"
"TCGA-KIRC","114e63e4-03a5-409e-835f-afa8af005d03","TCGA-B0-5711-01A-11R-1672-07","TCGA-B0-5711","Primary Tumor","CD3E","ENSG00000198851.10",34.3721,"OK"
"TCGA-KIRC","114e63e4-03a5-409e-835f-afa8af005d03","TCGA-B0-5711-01A-11R-1672-07","TCGA-B0-5711","Primary Tumor","MS4A1","ENSG00000156738.18",0.8384,"OK"
"TCGA-KIRC","114e63e4-03a5-409e-835f-afa8af005d03","TCGA-B0-5711-01A-11R-1672-07","TCGA-B0-5711","Primary Tumor","CD79A","ENSG00000105369.10",15.0096,"OK"
"TCGA-KIRC","114e63e4-03a5-409e-835f-afa8af005d03","TCGA-B0-5711-01A-11R-1672-07","TCGA-B0-5711","Primary Tumor","NKG7","ENSG00000105374.10",90.295,"OK"
"TCGA-KIRC","114e63e4-03a5-409e-835f-afa8af005d03","TCGA-B0-5711-01A-11R-1672-07","TCGA-B0-5711","Primary Tumor","LST1","ENSG00000204482.11",24.1337,"OK"
"TCGA-KIRC","114e63e4-03a5-409e-835f-afa8af005d03","TCGA-B0-5711-01A-11R-1672-07","TCGA-B0-5711","Primary Tumor","TYROBP","ENSG00000011600.12",225.3312,"OK"
"TCGA-KIRC","114e63e4-03a5-409e-835f-afa8af005d03","TCGA-B0-5711-01A-11R-1672-07","TCGA-B0-5711","Primary Tumor","FCER1G","ENSG00000158869.11",146.3616,"OK"
"TCGA-KIRC","114e63e4-03a5-409e-835f-afa8af005d03","TCGA-B0-5711-01A-11R-1672-07","TCGA-B0-5711","Primary Tumor","CD68","ENSG00000129226.14",0.0272,"OK"
"TCGA-KIRC","8ceb5f0b-cbfb-400d-93b8-df005bb46e31","TCGA-B0-5711-11A-01R-1672-07","TCGA-B0-5711","Solid Tissue Normal","PTPRC","ENSG00000081237.20",5.4953,"OK"
"TCGA-KIRC","8ceb5f0b-cbfb-400d-93b8-df005bb46e31","TCGA-B0-5711-11A-01R-1672-07","TCGA-B0-5711","Solid Tissue Normal","CD3D","ENSG00000167286.10",2.93,"OK"
"TCGA-KIRC","8ceb5f0b-cbfb-400d-93b8-df005bb46e31","TCGA-B0-5711-11A-01R-1672-07","TCGA-B0-5711","Solid Tissue Normal","CD3E","ENSG00000198851.10",2.9997,"OK"
"TCGA-KIRC","8ceb5f0b-cbfb-400d-93b8-df005bb46e31","TCGA-B0-5711-11A-01R-1672-07","TCGA-B0-5711","Solid Tissue Normal","MS4A1","ENSG00000156738.18",0.2834,"OK"
"TCGA-KIRC","8ceb5f0b-cbfb-400d-93b8-df005bb46e31","TCGA-B0-5711-11A-01R-1672-07","TCGA-B0-5711","Solid Tissue Normal","CD79A","ENSG00000105369.10",1.1735,"OK"
"TCGA-KIRC","8ceb5f0b-cbfb-400d-93b8-df005bb46e31","TCGA-B0-5711-11A-01R-1672-07","TCGA-B0-5711","Solid Tissue Normal","NKG7","ENSG00000105374.10",9.4922,"OK"
"TCGA-KIRC","8ceb5f0b-cbfb-400d-93b8-df005bb46e31","TCGA-B0-5711-11A-01R-1672-07","TCGA-B0-5711","Solid Tissue Normal","LST1","ENSG00000204482.11",4.5241,"OK"
"TCGA-KIRC","8ceb5f0b-cbfb-400d-93b8-df005bb46e31","TCGA-B0-5711-11A-01R-1672-07","TCGA-B0-5711","Solid Tissue Normal","TYROBP","ENSG00000011600.12",27.3261,"OK"
"TCGA-KIRC","8ceb5f0b-cbfb-400d-93b8-df005bb46e31","TCGA-B0-5711-11A-01R-1672-07","TCGA-B0-5711","Solid Tissue Normal","FCER1G","ENSG00000158869.11",22.2044,"OK"
"TCGA-KIRC","8ceb5f0b-cbfb-400d-93b8-df005bb46e31","TCGA-B0-5711-11A-01R-1672-07","TCGA-B0-5711","Solid Tissue Normal","CD68","ENSG00000129226.14",0.0625,"OK"
"TCGA-KIRC","d782f777-5651-47a6-bbb3-4d871a6b3a27","TCGA-CZ-4863-11A-01R-1503-07","TCGA-CZ-4863","Solid Tissue Normal","PTPRC","ENSG00000081237.20",1.9233,"OK"
"TCGA-KIRC","d782f777-5651-47a6-bbb3-4d871a6b3a27","TCGA-CZ-4863-11A-01R-1503-07","TCGA-CZ-4863","Solid Tissue Normal","CD3D","ENSG00000167286.10",0.7329,"OK"
"TCGA-KIRC","d782f777-5651-47a6-bbb3-4d871a6b3a27","TCGA-CZ-4863-11A-01R-1503-07","TCGA-CZ-4863","Solid Tissue Normal","CD3E","ENSG00000198851.10",0.3634,"OK"
"TCGA-KIRC","d782f777-5651-47a6-bbb3-4d871a6b3a27","TCGA-CZ-4863-11A-01R-1503-07","TCGA-CZ-4863","Solid Tissue Normal","MS4A1","ENSG00000156738.18",0.0253,"OK"
"TCGA-KIRC","d782f777-5651-47a6-bbb3-4d871a6b3a27","TCGA-CZ-4863-11A-01R-1503-07","TCGA-CZ-4863","Solid Tissue Normal","CD79A","ENSG00000105369.10",0.3594,"OK"
"TCGA-KIRC","d782f777-5651-47a6-bbb3-4d871a6b3a27","TCGA-CZ-4863-11A-01R-1503-07","TCGA-CZ-4863","Solid Tissue Normal","NKG7","ENSG00000105374.10",1.661,"OK"
"TCGA-KIRC","d782f777-5651-47a6-bbb3-4d871a6b3a27","TCGA-CZ-4863-11A-01R-1503-07","TCGA-CZ-4863","Solid Tissue Normal","LST1","ENSG00000204482.11",2.1532,"OK"
"TCGA-KIRC","d782f777-5651-47a6-bbb3-4d871a6b3a27","TCGA-CZ-4863-11A-01R-1503-07","TCGA-CZ-4863","Solid Tissue Normal","TYROBP","ENSG00000011600.12",21.3047,"OK"
"TCGA-KIRC","d782f777-5651-47a6-bbb3-4d871a6b3a27","TCGA-CZ-4863-11A-01R-1503-07","TCGA-CZ-4863","Solid Tissue Normal","FCER1G","ENSG00000158869.11",9.7719,"OK"
"TCGA-KIRC","d782f777-5651-47a6-bbb3-4d871a6b3a27","TCGA-CZ-4863-11A-01R-1503-07","TCGA-CZ-4863","Solid Tissue Normal","CD68","ENSG00000129226.14",0.0372,"OK"
"TCGA-KIRC","4a63eb90-d580-40d0-9136-a7baf34d3627","TCGA-CZ-4863-01A-01R-1503-07","TCGA-CZ-4863","Primary Tumor","PTPRC","ENSG00000081237.20",87.2984,"OK"
"TCGA-KIRC","4a63eb90-d580-40d0-9136-a7baf34d3627","TCGA-CZ-4863-01A-01R-1503-07","TCGA-CZ-4863","Primary Tumor","CD3D","ENSG00000167286.10",168.1036,"OK"
"TCGA-KIRC","4a63eb90-d580-40d0-9136-a7baf34d3627","TCGA-CZ-4863-01A-01R-1503-07","TCGA-CZ-4863","Primary Tumor","CD3E","ENSG00000198851.10",96.8538,"OK"
"TCGA-KIRC","4a63eb90-d580-40d0-9136-a7baf34d3627","TCGA-CZ-4863-01A-01R-1503-07","TCGA-CZ-4863","Primary Tumor","MS4A1","ENSG00000156738.18",1.1282,"OK"
"TCGA-KIRC","4a63eb90-d580-40d0-9136-a7baf34d3627","TCGA-CZ-4863-01A-01R-1503-07","TCGA-CZ-4863","Primary Tumor","CD79A","ENSG00000105369.10",5.1304,"OK"
"TCGA-KIRC","4a63eb90-d580-40d0-9136-a7baf34d3627","TCGA-CZ-4863-01A-01R-1503-07","TCGA-CZ-4863","Primary Tumor","NKG7","ENSG00000105374.10",272.6248,"OK"
"TCGA-KIRC","4a63eb90-d580-40d0-9136-a7baf34d3627","TCGA-CZ-4863-01A-01R-1503-07","TCGA-CZ-4863","Primary Tumor","LST1","ENSG00000204482.11",53.1097,"OK"
"TCGA-KIRC","4a63eb90-d580-40d0-9136-a7baf34d3627","TCGA-CZ-4863-01A-01R-1503-07","TCGA-CZ-4863","Primary Tumor","TYROBP","ENSG00000011600.12",449.4595,"OK"
"TCGA-KIRC","4a63eb90-d580-40d0-9136-a7baf34d3627","TCGA-CZ-4863-01A-01R-1503-07","TCGA-CZ-4863","Primary Tumor","FCER1G","ENSG00000158869.11",219.8157,"OK"
"TCGA-KIRC","4a63eb90-d580-40d0-9136-a7baf34d3627","TCGA-CZ-4863-01A-01R-1503-07","TCGA-CZ-4863","Primary Tumor","CD68","ENSG00000129226.14",0.0778,"OK"
"TCGA-KIRC","86f25e09-9bdb-478d-b929-6f570418af6c","TCGA-CJ-5671-01A-11R-1541-07","TCGA-CJ-5671","Primary Tumor","PTPRC","ENSG00000081237.20",50.5536,"OK"
"TCGA-KIRC","86f25e09-9bdb-478d-b929-6f570418af6c","TCGA-CJ-5671-01A-11R-1541-07","TCGA-CJ-5671","Primary Tumor","CD3D","ENSG00000167286.10",73.2203,"OK"
"TCGA-KIRC","86f25e09-9bdb-478d-b929-6f570418af6c","TCGA-CJ-5671-01A-11R-1541-07","TCGA-CJ-5671","Primary Tumor","CD3E","ENSG00000198851.10",69.0672,"OK"
"TCGA-KIRC","86f25e09-9bdb-478d-b929-6f570418af6c","TCGA-CJ-5671-01A-11R-1541-07","TCGA-CJ-5671","Primary Tumor","MS4A1","ENSG00000156738.18",2.8139,"OK"
"TCGA-KIRC","86f25e09-9bdb-478d-b929-6f570418af6c","TCGA-CJ-5671-01A-11R-1541-07","TCGA-CJ-5671","Primary Tumor","CD79A","ENSG00000105369.10",35.42,"OK"
"TCGA-KIRC","86f25e09-9bdb-478d-b929-6f570418af6c","TCGA-CJ-5671-01A-11R-1541-07","TCGA-CJ-5671","Primary Tumor","NKG7","ENSG00000105374.10",101.029,"OK"
"TCGA-KIRC","86f25e09-9bdb-478d-b929-6f570418af6c","TCGA-CJ-5671-01A-11R-1541-07","TCGA-CJ-5671","Primary Tumor","LST1","ENSG00000204482.11",33.8358,"OK"
"TCGA-KIRC","86f25e09-9bdb-478d-b929-6f570418af6c","TCGA-CJ-5671-01A-11R-1541-07","TCGA-CJ-5671","Primary Tumor","TYROBP","ENSG00000011600.12",536.5827,"OK"
"TCGA-KIRC","86f25e09-9bdb-478d-b929-6f570418af6c","TCGA-CJ-5671-01A-11R-1541-07","TCGA-CJ-5671","Primary Tumor","FCER1G","ENSG00000158869.11",319.2441,"OK"
"TCGA-KIRC","86f25e09-9bdb-478d-b929-6f570418af6c","TCGA-CJ-5671-01A-11R-1541-07","TCGA-CJ-5671","Primary Tumor","CD68","ENSG00000129226.14",0.447,"OK"
"TCGA-KIRC","c8134951-c924-4789-93bc-9af9b79933cb","TCGA-B0-4849-01A-01R-1277-07","TCGA-B0-4849","Primary Tumor","PTPRC","ENSG00000081237.20",30.4735,"OK"
"TCGA-KIRC","c8134951-c924-4789-93bc-9af9b79933cb","TCGA-B0-4849-01A-01R-1277-07","TCGA-B0-4849","Primary Tumor","CD3D","ENSG00000167286.10",17.4377,"OK"
"TCGA-KIRC","c8134951-c924-4789-93bc-9af9b79933cb","TCGA-B0-4849-01A-01R-1277-07","TCGA-B0-4849","Primary Tumor","CD3E","ENSG00000198851.10",21.7813,"OK"
"TCGA-KIRC","c8134951-c924-4789-93bc-9af9b79933cb","TCGA-B0-4849-01A-01R-1277-07","TCGA-B0-4849","Primary Tumor","MS4A1","ENSG00000156738.18",0.276,"OK"
"TCGA-KIRC","c8134951-c924-4789-93bc-9af9b79933cb","TCGA-B0-4849-01A-01R-1277-07","TCGA-B0-4849","Primary Tumor","CD79A","ENSG00000105369.10",0.9794,"OK"
"TCGA-KIRC","c8134951-c924-4789-93bc-9af9b79933cb","TCGA-B0-4849-01A-01R-1277-07","TCGA-B0-4849","Primary Tumor","NKG7","ENSG00000105374.10",53.0586,"OK"
"TCGA-KIRC","c8134951-c924-4789-93bc-9af9b79933cb","TCGA-B0-4849-01A-01R-1277-07","TCGA-B0-4849","Primary Tumor","LST1","ENSG00000204482.11",25.8957,"OK"
"TCGA-KIRC","c8134951-c924-4789-93bc-9af9b79933cb","TCGA-B0-4849-01A-01R-1277-07","TCGA-B0-4849","Primary Tumor","TYROBP","ENSG00000011600.12",252.5171,"OK"
"TCGA-KIRC","c8134951-c924-4789-93bc-9af9b79933cb","TCGA-B0-4849-01A-01R-1277-07","TCGA-B0-4849","Primary Tumor","FCER1G","ENSG00000158869.11",165.0472,"OK"
"TCGA-KIRC","c8134951-c924-4789-93bc-9af9b79933cb","TCGA-B0-4849-01A-01R-1277-07","TCGA-B0-4849","Primary Tumor","CD68","ENSG00000129226.14",0.3043,"OK"
"TCGA-KIRC","36e0d06c-4153-4bc3-b415-3f18306218e3","TCGA-A3-A6NJ-01A-12R-A33J-07","TCGA-A3-A6NJ","Primary Tumor","PTPRC","ENSG00000081237.20",49.5673,"OK"
"TCGA-KIRC","36e0d06c-4153-4bc3-b415-3f18306218e3","TCGA-A3-A6NJ-01A-12R-A33J-07","TCGA-A3-A6NJ","Primary Tumor","CD3D","ENSG00000167286.10",97.6903,"OK"
"TCGA-KIRC","36e0d06c-4153-4bc3-b415-3f18306218e3","TCGA-A3-A6NJ-01A-12R-A33J-07","TCGA-A3-A6NJ","Primary Tumor","CD3E","ENSG00000198851.10",77.9922,"OK"
"TCGA-KIRC","36e0d06c-4153-4bc3-b415-3f18306218e3","TCGA-A3-A6NJ-01A-12R-A33J-07","TCGA-A3-A6NJ","Primary Tumor","MS4A1","ENSG00000156738.18",0.7046,"OK"
"TCGA-KIRC","36e0d06c-4153-4bc3-b415-3f18306218e3","TCGA-A3-A6NJ-01A-12R-A33J-07","TCGA-A3-A6NJ","Primary Tumor","CD79A","ENSG00000105369.10",7.4528,"OK"
"TCGA-KIRC","36e0d06c-4153-4bc3-b415-3f18306218e3","TCGA-A3-A6NJ-01A-12R-A33J-07","TCGA-A3-A6NJ","Primary Tumor","NKG7","ENSG00000105374.10",336.9318,"OK"
"TCGA-KIRC","36e0d06c-4153-4bc3-b415-3f18306218e3","TCGA-A3-A6NJ-01A-12R-A33J-07","TCGA-A3-A6NJ","Primary Tumor","LST1","ENSG00000204482.11",45.0973,"OK"
"TCGA-KIRC","36e0d06c-4153-4bc3-b415-3f18306218e3","TCGA-A3-A6NJ-01A-12R-A33J-07","TCGA-A3-A6NJ","Primary Tumor","TYROBP","ENSG00000011600.12",480.5404,"OK"
"TCGA-KIRC","36e0d06c-4153-4bc3-b415-3f18306218e3","TCGA-A3-A6NJ-01A-12R-A33J-07","TCGA-A3-A6NJ","Primary Tumor","FCER1G","ENSG00000158869.11",240.3504,"OK"
"TCGA-KIRC","36e0d06c-4153-4bc3-b415-3f18306218e3","TCGA-A3-A6NJ-01A-12R-A33J-07","TCGA-A3-A6NJ","Primary Tumor","CD68","ENSG00000129226.14",0.2133,"OK"
"TCGA-KIRC","ff21a21b-35fb-423c-896c-c6943dbce540","TCGA-CZ-5982-01A-11R-1672-07","TCGA-CZ-5982","Primary Tumor","PTPRC","ENSG00000081237.20",24.4473,"OK"
"TCGA-KIRC","ff21a21b-35fb-423c-896c-c6943dbce540","TCGA-CZ-5982-01A-11R-1672-07","TCGA-CZ-5982","Primary Tumor","CD3D","ENSG00000167286.10",9.0055,"OK"
"TCGA-KIRC","ff21a21b-35fb-423c-896c-c6943dbce540","TCGA-CZ-5982-01A-11R-1672-07","TCGA-CZ-5982","Primary Tumor","CD3E","ENSG00000198851.10",10.5152,"OK"
"TCGA-KIRC","ff21a21b-35fb-423c-896c-c6943dbce540","TCGA-CZ-5982-01A-11R-1672-07","TCGA-CZ-5982","Primary Tumor","MS4A1","ENSG00000156738.18",0.1628,"OK"
"TCGA-KIRC","ff21a21b-35fb-423c-896c-c6943dbce540","TCGA-CZ-5982-01A-11R-1672-07","TCGA-CZ-5982","Primary Tumor","CD79A","ENSG00000105369.10",0.5779,"OK"
"TCGA-KIRC","ff21a21b-35fb-423c-896c-c6943dbce540","TCGA-CZ-5982-01A-11R-1672-07","TCGA-CZ-5982","Primary Tumor","NKG7","ENSG00000105374.10",24.4552,"OK"
"TCGA-KIRC","ff21a21b-35fb-423c-896c-c6943dbce540","TCGA-CZ-5982-01A-11R-1672-07","TCGA-CZ-5982","Primary Tumor","LST1","ENSG00000204482.11",10.4985,"OK"
"TCGA-KIRC","ff21a21b-35fb-423c-896c-c6943dbce540","TCGA-CZ-5982-01A-11R-1672-07","TCGA-CZ-5982","Primary Tumor","TYROBP","ENSG00000011600.12",99.1882,"OK"
"TCGA-KIRC","ff21a21b-35fb-423c-896c-c6943dbce540","TCGA-CZ-5982-01A-11R-1672-07","TCGA-CZ-5982","Primary Tumor","FCER1G","ENSG00000158869.11",71.6374,"OK"
"TCGA-KIRC","ff21a21b-35fb-423c-896c-c6943dbce540","TCGA-CZ-5982-01A-11R-1672-07","TCGA-CZ-5982","Primary Tumor","CD68","ENSG00000129226.14",0.1197,"OK"
"TCGA-KIRC","976e2956-36c4-4451-94bc-19a9e7bb861c","TCGA-BP-4789-01A-01R-1305-07","TCGA-BP-4789","Primary Tumor","PTPRC","ENSG00000081237.20",15.9752,"OK"
"TCGA-KIRC","976e2956-36c4-4451-94bc-19a9e7bb861c","TCGA-BP-4789-01A-01R-1305-07","TCGA-BP-4789","Primary Tumor","CD3D","ENSG00000167286.10",15.2664,"OK"
"TCGA-KIRC","976e2956-36c4-4451-94bc-19a9e7bb861c","TCGA-BP-4789-01A-01R-1305-07","TCGA-BP-4789","Primary Tumor","CD3E","ENSG00000198851.10",12.7477,"OK"
"TCGA-KIRC","976e2956-36c4-4451-94bc-19a9e7bb861c","TCGA-BP-4789-01A-01R-1305-07","TCGA-BP-4789","Primary Tumor","MS4A1","ENSG00000156738.18",0.567,"OK"
"TCGA-KIRC","976e2956-36c4-4451-94bc-19a9e7bb861c","TCGA-BP-4789-01A-01R-1305-07","TCGA-BP-4789","Primary Tumor","CD79A","ENSG00000105369.10",1.9268,"OK"
"TCGA-KIRC","976e2956-36c4-4451-94bc-19a9e7bb861c","TCGA-BP-4789-01A-01R-1305-07","TCGA-BP-4789","Primary Tumor","NKG7","ENSG00000105374.10",60.4852,"OK"
"TCGA-KIRC","976e2956-36c4-4451-94bc-19a9e7bb861c","TCGA-BP-4789-01A-01R-1305-07","TCGA-BP-4789","Primary Tumor","LST1","ENSG00000204482.11",9.9656,"OK"
"TCGA-KIRC","976e2956-36c4-4451-94bc-19a9e7bb861c","TCGA-BP-4789-01A-01R-1305-07","TCGA-BP-4789","Primary Tumor","TYROBP","ENSG00000011600.12",124.4874,"OK"
"TCGA-KIRC","976e2956-36c4-4451-94bc-19a9e7bb861c","TCGA-BP-4789-01A-01R-1305-07","TCGA-BP-4789","Primary Tumor","FCER1G","ENSG00000158869.11",69.0104,"OK"
"TCGA-KIRC","976e2956-36c4-4451-94bc-19a9e7bb861c","TCGA-BP-4789-01A-01R-1305-07","TCGA-BP-4789","Primary Tumor","CD68","ENSG00000129226.14",0.0798,"OK"
"TCGA-KIRC","4b758e7e-870c-4b60-8cb6-dac730bd9faf","TCGA-A3-3331-01A-02R-1325-07","TCGA-A3-3331","Primary Tumor","PTPRC","ENSG00000081237.20",42.8401,"OK"
"TCGA-KIRC","4b758e7e-870c-4b60-8cb6-dac730bd9faf","TCGA-A3-3331-01A-02R-1325-07","TCGA-A3-3331","Primary Tumor","CD3D","ENSG00000167286.10",25.9586,"OK"
"TCGA-KIRC","4b758e7e-870c-4b60-8cb6-dac730bd9faf","TCGA-A3-3331-01A-02R-1325-07","TCGA-A3-3331","Primary Tumor","CD3E","ENSG00000198851.10",23.9322,"OK"
"TCGA-KIRC","4b758e7e-870c-4b60-8cb6-dac730bd9faf","TCGA-A3-3331-01A-02R-1325-07","TCGA-A3-3331","Primary Tumor","MS4A1","ENSG00000156738.18",0.6798,"OK"
"TCGA-KIRC","4b758e7e-870c-4b60-8cb6-dac730bd9faf","TCGA-A3-3331-01A-02R-1325-07","TCGA-A3-3331","Primary Tumor","CD79A","ENSG00000105369.10",2.4503,"OK"
"TCGA-KIRC","4b758e7e-870c-4b60-8cb6-dac730bd9faf","TCGA-A3-3331-01A-02R-1325-07","TCGA-A3-3331","Primary Tumor","NKG7","ENSG00000105374.10",57.7069,"OK"
"TCGA-KIRC","4b758e7e-870c-4b60-8cb6-dac730bd9faf","TCGA-A3-3331-01A-02R-1325-07","TCGA-A3-3331","Primary Tumor","LST1","ENSG00000204482.11",21.2124,"OK"
"TCGA-KIRC","4b758e7e-870c-4b60-8cb6-dac730bd9faf","TCGA-A3-3331-01A-02R-1325-07","TCGA-A3-3331","Primary Tumor","TYROBP","ENSG00000011600.12",231.9885,"OK"
"TCGA-KIRC","4b758e7e-870c-4b60-8cb6-dac730bd9faf","TCGA-A3-3331-01A-02R-1325-07","TCGA-A3-3331","Primary Tumor","FCER1G","ENSG00000158869.11",117.3084,"OK"
"TCGA-KIRC","4b758e7e-870c-4b60-8cb6-dac730bd9faf","TCGA-A3-3331-01A-02R-1325-07","TCGA-A3-3331","Primary Tumor","CD68","ENSG00000129226.14",0.1405,"OK"
"TCGA-KIRC","9b962201-6959-487b-a125-730322128939","TCGA-A3-A8CQ-01A-11R-A37O-07","TCGA-A3-A8CQ","Primary Tumor","PTPRC","ENSG00000081237.20",21.963,"OK"
"TCGA-KIRC","9b962201-6959-487b-a125-730322128939","TCGA-A3-A8CQ-01A-11R-A37O-07","TCGA-A3-A8CQ","Primary Tumor","CD3D","ENSG00000167286.10",22.2277,"OK"
"TCGA-KIRC","9b962201-6959-487b-a125-730322128939","TCGA-A3-A8CQ-01A-11R-A37O-07","TCGA-A3-A8CQ","Primary Tumor","CD3E","ENSG00000198851.10",14.721,"OK"
"TCGA-KIRC","9b962201-6959-487b-a125-730322128939","TCGA-A3-A8CQ-01A-11R-A37O-07","TCGA-A3-A8CQ","Primary Tumor","MS4A1","ENSG00000156738.18",0.5017,"OK"
"TCGA-KIRC","9b962201-6959-487b-a125-730322128939","TCGA-A3-A8CQ-01A-11R-A37O-07","TCGA-A3-A8CQ","Primary Tumor","CD79A","ENSG00000105369.10",1.2718,"OK"
"TCGA-KIRC","9b962201-6959-487b-a125-730322128939","TCGA-A3-A8CQ-01A-11R-A37O-07","TCGA-A3-A8CQ","Primary Tumor","NKG7","ENSG00000105374.10",40.3665,"OK"
"TCGA-KIRC","9b962201-6959-487b-a125-730322128939","TCGA-A3-A8CQ-01A-11R-A37O-07","TCGA-A3-A8CQ","Primary Tumor","LST1","ENSG00000204482.11",20.795,"OK"
"TCGA-KIRC","9b962201-6959-487b-a125-730322128939","TCGA-A3-A8CQ-01A-11R-A37O-07","TCGA-A3-A8CQ","Primary Tumor","TYROBP","ENSG00000011600.12",216.6323,"OK"
"TCGA-KIRC","9b962201-6959-487b-a125-730322128939","TCGA-A3-A8CQ-01A-11R-A37O-07","TCGA-A3-A8CQ","Primary Tumor","FCER1G","ENSG00000158869.11",93.0902,"OK"
"TCGA-KIRC","9b962201-6959-487b-a125-730322128939","TCGA-A3-A8CQ-01A-11R-A37O-07","TCGA-A3-A8CQ","Primary Tumor","CD68","ENSG00000129226.14",0.3556,"OK"
"TCGA-KIRC","d1d341bd-1a8e-4162-a63c-92ecc78e9c82","TCGA-CJ-5684-01A-11R-1541-07","TCGA-CJ-5684","Primary Tumor","PTPRC","ENSG00000081237.20",28.6599,"OK"
"TCGA-KIRC","d1d341bd-1a8e-4162-a63c-92ecc78e9c82","TCGA-CJ-5684-01A-11R-1541-07","TCGA-CJ-5684","Primary Tumor","CD3D","ENSG00000167286.10",67.9458,"OK"
"TCGA-KIRC","d1d341bd-1a8e-4162-a63c-92ecc78e9c82","TCGA-CJ-5684-01A-11R-1541-07","TCGA-CJ-5684","Primary Tumor","CD3E","ENSG00000198851.10",57.2351,"OK"
"TCGA-KIRC","d1d341bd-1a8e-4162-a63c-92ecc78e9c82","TCGA-CJ-5684-01A-11R-1541-07","TCGA-CJ-5684","Primary Tumor","MS4A1","ENSG00000156738.18",0.8866,"OK"
"TCGA-KIRC","d1d341bd-1a8e-4162-a63c-92ecc78e9c82","TCGA-CJ-5684-01A-11R-1541-07","TCGA-CJ-5684","Primary Tumor","CD79A","ENSG00000105369.10",4.8027,"OK"
"TCGA-KIRC","d1d341bd-1a8e-4162-a63c-92ecc78e9c82","TCGA-CJ-5684-01A-11R-1541-07","TCGA-CJ-5684","Primary Tumor","NKG7","ENSG00000105374.10",201.9158,"OK"
"TCGA-KIRC","d1d341bd-1a8e-4162-a63c-92ecc78e9c82","TCGA-CJ-5684-01A-11R-1541-07","TCGA-CJ-5684","Primary Tumor","LST1","ENSG00000204482.11",19.6379,"OK"
"TCGA-KIRC","d1d341bd-1a8e-4162-a63c-92ecc78e9c82","TCGA-CJ-5684-01A-11R-1541-07","TCGA-CJ-5684","Primary Tumor","TYROBP","ENSG00000011600.12",284.9105,"OK"
"TCGA-KIRC","d1d341bd-1a8e-4162-a63c-92ecc78e9c82","TCGA-CJ-5684-01A-11R-1541-07","TCGA-CJ-5684","Primary Tumor","FCER1G","ENSG00000158869.11",150.8294,"OK"
"TCGA-KIRC","d1d341bd-1a8e-4162-a63c-92ecc78e9c82","TCGA-CJ-5684-01A-11R-1541-07","TCGA-CJ-5684","Primary Tumor","CD68","ENSG00000129226.14",0.0515,"OK"
"TCGA-KIRC","131cc059-cc0f-43df-a19e-5f854a769181","TCGA-A3-3325-01A-01R-0864-07","TCGA-A3-3325","Primary Tumor","PTPRC","ENSG00000081237.20",26.0202,"OK"
"TCGA-KIRC","131cc059-cc0f-43df-a19e-5f854a769181","TCGA-A3-3325-01A-01R-0864-07","TCGA-A3-3325","Primary Tumor","CD3D","ENSG00000167286.10",25.8469,"OK"
"TCGA-KIRC","131cc059-cc0f-43df-a19e-5f854a769181","TCGA-A3-3325-01A-01R-0864-07","TCGA-A3-3325","Primary Tumor","CD3E","ENSG00000198851.10",20.7355,"OK"
"TCGA-KIRC","131cc059-cc0f-43df-a19e-5f854a769181","TCGA-A3-3325-01A-01R-0864-07","TCGA-A3-3325","Primary Tumor","MS4A1","ENSG00000156738.18",1.4049,"OK"
"TCGA-KIRC","131cc059-cc0f-43df-a19e-5f854a769181","TCGA-A3-3325-01A-01R-0864-07","TCGA-A3-3325","Primary Tumor","CD79A","ENSG00000105369.10",6.1479,"OK"
"TCGA-KIRC","131cc059-cc0f-43df-a19e-5f854a769181","TCGA-A3-3325-01A-01R-0864-07","TCGA-A3-3325","Primary Tumor","NKG7","ENSG00000105374.10",25.0954,"OK"
"TCGA-KIRC","131cc059-cc0f-43df-a19e-5f854a769181","TCGA-A3-3325-01A-01R-0864-07","TCGA-A3-3325","Primary Tumor","LST1","ENSG00000204482.11",29.8307,"OK"
"TCGA-KIRC","131cc059-cc0f-43df-a19e-5f854a769181","TCGA-A3-3325-01A-01R-0864-07","TCGA-A3-3325","Primary Tumor","TYROBP","ENSG00000011600.12",299.1598,"OK"
"TCGA-KIRC","131cc059-cc0f-43df-a19e-5f854a769181","TCGA-A3-3325-01A-01R-0864-07","TCGA-A3-3325","Primary Tumor","FCER1G","ENSG00000158869.11",134.1391,"OK"
"TCGA-KIRC","131cc059-cc0f-43df-a19e-5f854a769181","TCGA-A3-3325-01A-01R-0864-07","TCGA-A3-3325","Primary Tumor","CD68","ENSG00000129226.14",0.4753,"OK"
"TCGA-KIRC","54bccab4-c77e-4848-b698-b62941d96289","TCGA-A3-3359-01A-01R-0864-07","TCGA-A3-3359","Primary Tumor","PTPRC","ENSG00000081237.20",48.6224,"OK"
"TCGA-KIRC","54bccab4-c77e-4848-b698-b62941d96289","TCGA-A3-3359-01A-01R-0864-07","TCGA-A3-3359","Primary Tumor","CD3D","ENSG00000167286.10",56.3808,"OK"
"TCGA-KIRC","54bccab4-c77e-4848-b698-b62941d96289","TCGA-A3-3359-01A-01R-0864-07","TCGA-A3-3359","Primary Tumor","CD3E","ENSG00000198851.10",52.6187,"OK"
"TCGA-KIRC","54bccab4-c77e-4848-b698-b62941d96289","TCGA-A3-3359-01A-01R-0864-07","TCGA-A3-3359","Primary Tumor","MS4A1","ENSG00000156738.18",1.0573,"OK"
"TCGA-KIRC","54bccab4-c77e-4848-b698-b62941d96289","TCGA-A3-3359-01A-01R-0864-07","TCGA-A3-3359","Primary Tumor","CD79A","ENSG00000105369.10",2.1184,"OK"
"TCGA-KIRC","54bccab4-c77e-4848-b698-b62941d96289","TCGA-A3-3359-01A-01R-0864-07","TCGA-A3-3359","Primary Tumor","NKG7","ENSG00000105374.10",140.2559,"OK"
"TCGA-KIRC","54bccab4-c77e-4848-b698-b62941d96289","TCGA-A3-3359-01A-01R-0864-07","TCGA-A3-3359","Primary Tumor","LST1","ENSG00000204482.11",31.4538,"OK"
"TCGA-KIRC","54bccab4-c77e-4848-b698-b62941d96289","TCGA-A3-3359-01A-01R-0864-07","TCGA-A3-3359","Primary Tumor","TYROBP","ENSG00000011600.12",300.8057,"OK"
"TCGA-KIRC","54bccab4-c77e-4848-b698-b62941d96289","TCGA-A3-3359-01A-01R-0864-07","TCGA-A3-3359","Primary Tumor","FCER1G","ENSG00000158869.11",195.4302,"OK"
"TCGA-KIRC","54bccab4-c77e-4848-b698-b62941d96289","TCGA-A3-3359-01A-01R-0864-07","TCGA-A3-3359","Primary Tumor","CD68","ENSG00000129226.14",0.0376,"OK"
"TCGA-KIRC","89cf5c7f-c4af-4eb6-97a5-cc086fe76bbb","TCGA-CZ-4856-01A-02R-1426-07","TCGA-CZ-4856","Primary Tumor","PTPRC","ENSG00000081237.20",26.3009,"OK"
"TCGA-KIRC","89cf5c7f-c4af-4eb6-97a5-cc086fe76bbb","TCGA-CZ-4856-01A-02R-1426-07","TCGA-CZ-4856","Primary Tumor","CD3D","ENSG00000167286.10",48.7629,"OK"
"TCGA-KIRC","89cf5c7f-c4af-4eb6-97a5-cc086fe76bbb","TCGA-CZ-4856-01A-02R-1426-07","TCGA-CZ-4856","Primary Tumor","CD3E","ENSG00000198851.10",38.5114,"OK"
"TCGA-KIRC","89cf5c7f-c4af-4eb6-97a5-cc086fe76bbb","TCGA-CZ-4856-01A-02R-1426-07","TCGA-CZ-4856","Primary Tumor","MS4A1","ENSG00000156738.18",0.6714,"OK"
"TCGA-KIRC","89cf5c7f-c4af-4eb6-97a5-cc086fe76bbb","TCGA-CZ-4856-01A-02R-1426-07","TCGA-CZ-4856","Primary Tumor","CD79A","ENSG00000105369.10",15.5038,"OK"
"TCGA-KIRC","89cf5c7f-c4af-4eb6-97a5-cc086fe76bbb","TCGA-CZ-4856-01A-02R-1426-07","TCGA-CZ-4856","Primary Tumor","NKG7","ENSG00000105374.10",108.5444,"OK"
"TCGA-KIRC","89cf5c7f-c4af-4eb6-97a5-cc086fe76bbb","TCGA-CZ-4856-01A-02R-1426-07","TCGA-CZ-4856","Primary Tumor","LST1","ENSG00000204482.11",21.6469,"OK"
"TCGA-KIRC","89cf5c7f-c4af-4eb6-97a5-cc086fe76bbb","TCGA-CZ-4856-01A-02R-1426-07","TCGA-CZ-4856","Primary Tumor","TYROBP","ENSG00000011600.12",400.6531,"OK"
"TCGA-KIRC","89cf5c7f-c4af-4eb6-97a5-cc086fe76bbb","TCGA-CZ-4856-01A-02R-1426-07","TCGA-CZ-4856","Primary Tumor","FCER1G","ENSG00000158869.11",137.2189,"OK"
"TCGA-KIRC","89cf5c7f-c4af-4eb6-97a5-cc086fe76bbb","TCGA-CZ-4856-01A-02R-1426-07","TCGA-CZ-4856","Primary Tumor","CD68","ENSG00000129226.14",0.1125,"OK"
"TCGA-KIRC","f462d8a7-549d-4823-be4b-1b5c81678665","TCGA-BP-4331-01A-01R-1289-07","TCGA-BP-4331","Primary Tumor","PTPRC","ENSG00000081237.20",44.6244,"OK"
"TCGA-KIRC","f462d8a7-549d-4823-be4b-1b5c81678665","TCGA-BP-4331-01A-01R-1289-07","TCGA-BP-4331","Primary Tumor","CD3D","ENSG00000167286.10",49.1697,"OK"
"TCGA-KIRC","f462d8a7-549d-4823-be4b-1b5c81678665","TCGA-BP-4331-01A-01R-1289-07","TCGA-BP-4331","Primary Tumor","CD3E","ENSG00000198851.10",36.0805,"OK"
"TCGA-KIRC","f462d8a7-549d-4823-be4b-1b5c81678665","TCGA-BP-4331-01A-01R-1289-07","TCGA-BP-4331","Primary Tumor","MS4A1","ENSG00000156738.18",1.2186,"OK"
"TCGA-KIRC","f462d8a7-549d-4823-be4b-1b5c81678665","TCGA-BP-4331-01A-01R-1289-07","TCGA-BP-4331","Primary Tumor","CD79A","ENSG00000105369.10",2.9706,"OK"
"TCGA-KIRC","f462d8a7-549d-4823-be4b-1b5c81678665","TCGA-BP-4331-01A-01R-1289-07","TCGA-BP-4331","Primary Tumor","NKG7","ENSG00000105374.10",75.416,"OK"
"TCGA-KIRC","f462d8a7-549d-4823-be4b-1b5c81678665","TCGA-BP-4331-01A-01R-1289-07","TCGA-BP-4331","Primary Tumor","LST1","ENSG00000204482.11",44.6079,"OK"
"TCGA-KIRC","f462d8a7-549d-4823-be4b-1b5c81678665","TCGA-BP-4331-01A-01R-1289-07","TCGA-BP-4331","Primary Tumor","TYROBP","ENSG00000011600.12",475.5993,"OK"
"TCGA-KIRC","f462d8a7-549d-4823-be4b-1b5c81678665","TCGA-BP-4331-01A-01R-1289-07","TCGA-BP-4331","Primary Tumor","FCER1G","ENSG00000158869.11",200.2595,"OK"
"TCGA-KIRC","f462d8a7-549d-4823-be4b-1b5c81678665","TCGA-BP-4331-01A-01R-1289-07","TCGA-BP-4331","Primary Tumor","CD68","ENSG00000129226.14",0.4615,"OK"
"TCGA-KIRC","e71c8e45-ab52-4796-ab72-e8add8868291","TCGA-AK-3451-01A-02R-1188-07","TCGA-AK-3451","Primary Tumor","PTPRC","ENSG00000081237.20",7.6984,"OK"
"TCGA-KIRC","e71c8e45-ab52-4796-ab72-e8add8868291","TCGA-AK-3451-01A-02R-1188-07","TCGA-AK-3451","Primary Tumor","CD3D","ENSG00000167286.10",58.4177,"OK"
"TCGA-KIRC","e71c8e45-ab52-4796-ab72-e8add8868291","TCGA-AK-3451-01A-02R-1188-07","TCGA-AK-3451","Primary Tumor","CD3E","ENSG00000198851.10",17.7338,"OK"
"TCGA-KIRC","e71c8e45-ab52-4796-ab72-e8add8868291","TCGA-AK-3451-01A-02R-1188-07","TCGA-AK-3451","Primary Tumor","MS4A1","ENSG00000156738.18",0.7972,"OK"
"TCGA-KIRC","e71c8e45-ab52-4796-ab72-e8add8868291","TCGA-AK-3451-01A-02R-1188-07","TCGA-AK-3451","Primary Tumor","CD79A","ENSG00000105369.10",4.6025,"OK"
"TCGA-KIRC","e71c8e45-ab52-4796-ab72-e8add8868291","TCGA-AK-3451-01A-02R-1188-07","TCGA-AK-3451","Primary Tumor","NKG7","ENSG00000105374.10",72.4492,"OK"
"TCGA-KIRC","e71c8e45-ab52-4796-ab72-e8add8868291","TCGA-AK-3451-01A-02R-1188-07","TCGA-AK-3451","Primary Tumor","LST1","ENSG00000204482.11",42.8567,"OK"
"TCGA-KIRC","e71c8e45-ab52-4796-ab72-e8add8868291","TCGA-AK-3451-01A-02R-1188-07","TCGA-AK-3451","Primary Tumor","TYROBP","ENSG00000011600.12",461.6972,"OK"
"TCGA-KIRC","e71c8e45-ab52-4796-ab72-e8add8868291","TCGA-AK-3451-01A-02R-1188-07","TCGA-AK-3451","Primary Tumor","FCER1G","ENSG00000158869.11",116.0813,"OK"
"TCGA-KIRC","e71c8e45-ab52-4796-ab72-e8add8868291","TCGA-AK-3451-01A-02R-1188-07","TCGA-AK-3451","Primary Tumor","CD68","ENSG00000129226.14",0,"OK"
"TCGA-KIRC","e0f18f8e-b8e0-4bf2-916c-69a38fc64fd8","TCGA-CJ-4642-01B-01R-1305-07","TCGA-CJ-4642","Primary Tumor","PTPRC","ENSG00000081237.20",2.4081,"OK"
"TCGA-KIRC","e0f18f8e-b8e0-4bf2-916c-69a38fc64fd8","TCGA-CJ-4642-01B-01R-1305-07","TCGA-CJ-4642","Primary Tumor","CD3D","ENSG00000167286.10",40.9267,"OK"
"TCGA-KIRC","e0f18f8e-b8e0-4bf2-916c-69a38fc64fd8","TCGA-CJ-4642-01B-01R-1305-07","TCGA-CJ-4642","Primary Tumor","CD3E","ENSG00000198851.10",8.1264,"OK"
"TCGA-KIRC","e0f18f8e-b8e0-4bf2-916c-69a38fc64fd8","TCGA-CJ-4642-01B-01R-1305-07","TCGA-CJ-4642","Primary Tumor","MS4A1","ENSG00000156738.18",0,"OK"
"TCGA-KIRC","e0f18f8e-b8e0-4bf2-916c-69a38fc64fd8","TCGA-CJ-4642-01B-01R-1305-07","TCGA-CJ-4642","Primary Tumor","CD79A","ENSG00000105369.10",4.5436,"OK"
"TCGA-KIRC","e0f18f8e-b8e0-4bf2-916c-69a38fc64fd8","TCGA-CJ-4642-01B-01R-1305-07","TCGA-CJ-4642","Primary Tumor","NKG7","ENSG00000105374.10",22.9515,"OK"
"TCGA-KIRC","e0f18f8e-b8e0-4bf2-916c-69a38fc64fd8","TCGA-CJ-4642-01B-01R-1305-07","TCGA-CJ-4642","Primary Tumor","LST1","ENSG00000204482.11",31.5083,"OK"
"TCGA-KIRC","e0f18f8e-b8e0-4bf2-916c-69a38fc64fd8","TCGA-CJ-4642-01B-01R-1305-07","TCGA-CJ-4642","Primary Tumor","TYROBP","ENSG00000011600.12",934.3033,"OK"
"TCGA-KIRC","e0f18f8e-b8e0-4bf2-916c-69a38fc64fd8","TCGA-CJ-4642-01B-01R-1305-07","TCGA-CJ-4642","Primary Tumor","FCER1G","ENSG00000158869.11",219.2775,"OK"
"TCGA-KIRC","e0f18f8e-b8e0-4bf2-916c-69a38fc64fd8","TCGA-CJ-4642-01B-01R-1305-07","TCGA-CJ-4642","Primary Tumor","CD68","ENSG00000129226.14",0,"OK"
"TCGA-KIRC","822bf4fe-8d43-47c8-9906-5d38c4a21f27","TCGA-BP-5191-01A-01R-1426-07","TCGA-BP-5191","Primary Tumor","PTPRC","ENSG00000081237.20",9.9441,"OK"
"TCGA-KIRC","822bf4fe-8d43-47c8-9906-5d38c4a21f27","TCGA-BP-5191-01A-01R-1426-07","TCGA-BP-5191","Primary Tumor","CD3D","ENSG00000167286.10",60.9647,"OK"
"TCGA-KIRC","822bf4fe-8d43-47c8-9906-5d38c4a21f27","TCGA-BP-5191-01A-01R-1426-07","TCGA-BP-5191","Primary Tumor","CD3E","ENSG00000198851.10",52.6785,"OK"
"TCGA-KIRC","822bf4fe-8d43-47c8-9906-5d38c4a21f27","TCGA-BP-5191-01A-01R-1426-07","TCGA-BP-5191","Primary Tumor","MS4A1","ENSG00000156738.18",1.4303,"OK"
"TCGA-KIRC","822bf4fe-8d43-47c8-9906-5d38c4a21f27","TCGA-BP-5191-01A-01R-1426-07","TCGA-BP-5191","Primary Tumor","CD79A","ENSG00000105369.10",47.5056,"OK"
"TCGA-KIRC","822bf4fe-8d43-47c8-9906-5d38c4a21f27","TCGA-BP-5191-01A-01R-1426-07","TCGA-BP-5191","Primary Tumor","NKG7","ENSG00000105374.10",74.2079,"OK"
"TCGA-KIRC","822bf4fe-8d43-47c8-9906-5d38c4a21f27","TCGA-BP-5191-01A-01R-1426-07","TCGA-BP-5191","Primary Tumor","LST1","ENSG00000204482.11",25.8603,"OK"
"TCGA-KIRC","822bf4fe-8d43-47c8-9906-5d38c4a21f27","TCGA-BP-5191-01A-01R-1426-07","TCGA-BP-5191","Primary Tumor","TYROBP","ENSG00000011600.12",378.7305,"OK"
"TCGA-KIRC","822bf4fe-8d43-47c8-9906-5d38c4a21f27","TCGA-BP-5191-01A-01R-1426-07","TCGA-BP-5191","Primary Tumor","FCER1G","ENSG00000158869.11",200.23,"OK"
"TCGA-KIRC","822bf4fe-8d43-47c8-9906-5d38c4a21f27","TCGA-BP-5191-01A-01R-1426-07","TCGA-BP-5191","Primary Tumor","CD68","ENSG00000129226.14",0.014,"OK"
"TCGA-KIRC","adfade14-1572-4e3a-b4eb-64de445b9678","TCGA-B0-5812-01A-11R-1672-07","TCGA-B0-5812","Primary Tumor","PTPRC","ENSG00000081237.20",39.8411,"OK"
"TCGA-KIRC","adfade14-1572-4e3a-b4eb-64de445b9678","TCGA-B0-5812-01A-11R-1672-07","TCGA-B0-5812","Primary Tumor","CD3D","ENSG00000167286.10",31.9945,"OK"
"TCGA-KIRC","adfade14-1572-4e3a-b4eb-64de445b9678","TCGA-B0-5812-01A-11R-1672-07","TCGA-B0-5812","Primary Tumor","CD3E","ENSG00000198851.10",33.9422,"OK"
"TCGA-KIRC","adfade14-1572-4e3a-b4eb-64de445b9678","TCGA-B0-5812-01A-11R-1672-07","TCGA-B0-5812","Primary Tumor","MS4A1","ENSG00000156738.18",1.0364,"OK"
"TCGA-KIRC","adfade14-1572-4e3a-b4eb-64de445b9678","TCGA-B0-5812-01A-11R-1672-07","TCGA-B0-5812","Primary Tumor","CD79A","ENSG00000105369.10",4.0206,"OK"
"TCGA-KIRC","adfade14-1572-4e3a-b4eb-64de445b9678","TCGA-B0-5812-01A-11R-1672-07","TCGA-B0-5812","Primary Tumor","NKG7","ENSG00000105374.10",100.8649,"OK"
"TCGA-KIRC","adfade14-1572-4e3a-b4eb-64de445b9678","TCGA-B0-5812-01A-11R-1672-07","TCGA-B0-5812","Primary Tumor","LST1","ENSG00000204482.11",28.705,"OK"
"TCGA-KIRC","adfade14-1572-4e3a-b4eb-64de445b9678","TCGA-B0-5812-01A-11R-1672-07","TCGA-B0-5812","Primary Tumor","TYROBP","ENSG00000011600.12",219.7379,"OK"
"TCGA-KIRC","adfade14-1572-4e3a-b4eb-64de445b9678","TCGA-B0-5812-01A-11R-1672-07","TCGA-B0-5812","Primary Tumor","FCER1G","ENSG00000158869.11",151.1082,"OK"
"TCGA-KIRC","adfade14-1572-4e3a-b4eb-64de445b9678","TCGA-B0-5812-01A-11R-1672-07","TCGA-B0-5812","Primary Tumor","CD68","ENSG00000129226.14",0.0266,"OK"
"TCGA-KIRC","49ddcd56-df4a-4136-a743-c21bb6bfd8a6","TCGA-BP-4993-01A-02R-1420-07","TCGA-BP-4993","Primary Tumor","PTPRC","ENSG00000081237.20",19.8041,"OK"
"TCGA-KIRC","49ddcd56-df4a-4136-a743-c21bb6bfd8a6","TCGA-BP-4993-01A-02R-1420-07","TCGA-BP-4993","Primary Tumor","CD3D","ENSG00000167286.10",34.3958,"OK"
"TCGA-KIRC","49ddcd56-df4a-4136-a743-c21bb6bfd8a6","TCGA-BP-4993-01A-02R-1420-07","TCGA-BP-4993","Primary Tumor","CD3E","ENSG00000198851.10",36.0242,"OK"
"TCGA-KIRC","49ddcd56-df4a-4136-a743-c21bb6bfd8a6","TCGA-BP-4993-01A-02R-1420-07","TCGA-BP-4993","Primary Tumor","MS4A1","ENSG00000156738.18",0.3276,"OK"
"TCGA-KIRC","49ddcd56-df4a-4136-a743-c21bb6bfd8a6","TCGA-BP-4993-01A-02R-1420-07","TCGA-BP-4993","Primary Tumor","CD79A","ENSG00000105369.10",2.3255,"OK"
"TCGA-KIRC","49ddcd56-df4a-4136-a743-c21bb6bfd8a6","TCGA-BP-4993-01A-02R-1420-07","TCGA-BP-4993","Primary Tumor","NKG7","ENSG00000105374.10",144.2242,"OK"
"TCGA-KIRC","49ddcd56-df4a-4136-a743-c21bb6bfd8a6","TCGA-BP-4993-01A-02R-1420-07","TCGA-BP-4993","Primary Tumor","LST1","ENSG00000204482.11",16.62,"OK"
"TCGA-KIRC","49ddcd56-df4a-4136-a743-c21bb6bfd8a6","TCGA-BP-4993-01A-02R-1420-07","TCGA-BP-4993","Primary Tumor","TYROBP","ENSG00000011600.12",247.5299,"OK"
"TCGA-KIRC","49ddcd56-df4a-4136-a743-c21bb6bfd8a6","TCGA-BP-4993-01A-02R-1420-07","TCGA-BP-4993","Primary Tumor","FCER1G","ENSG00000158869.11",133.1679,"OK"
"TCGA-KIRC","49ddcd56-df4a-4136-a743-c21bb6bfd8a6","TCGA-BP-4993-01A-02R-1420-07","TCGA-BP-4993","Primary Tumor","CD68","ENSG00000129226.14",0.0535,"OK"
"TCGA-KIRC","79b49079-070b-4b97-80b9-838bbd32f33c","TCGA-DV-5574-01A-01R-1541-07","TCGA-DV-5574","Primary Tumor","PTPRC","ENSG00000081237.20",43.9825,"OK"
"TCGA-KIRC","79b49079-070b-4b97-80b9-838bbd32f33c","TCGA-DV-5574-01A-01R-1541-07","TCGA-DV-5574","Primary Tumor","CD3D","ENSG00000167286.10",56.2742,"OK"
"TCGA-KIRC","79b49079-070b-4b97-80b9-838bbd32f33c","TCGA-DV-5574-01A-01R-1541-07","TCGA-DV-5574","Primary Tumor","CD3E","ENSG00000198851.10",51.6819,"OK"
"TCGA-KIRC","79b49079-070b-4b97-80b9-838bbd32f33c","TCGA-DV-5574-01A-01R-1541-07","TCGA-DV-5574","Primary Tumor","MS4A1","ENSG00000156738.18",4.3263,"OK"
"TCGA-KIRC","79b49079-070b-4b97-80b9-838bbd32f33c","TCGA-DV-5574-01A-01R-1541-07","TCGA-DV-5574","Primary Tumor","CD79A","ENSG00000105369.10",34.2229,"OK"
"TCGA-KIRC","79b49079-070b-4b97-80b9-838bbd32f33c","TCGA-DV-5574-01A-01R-1541-07","TCGA-DV-5574","Primary Tumor","NKG7","ENSG00000105374.10",145.9769,"OK"
"TCGA-KIRC","79b49079-070b-4b97-80b9-838bbd32f33c","TCGA-DV-5574-01A-01R-1541-07","TCGA-DV-5574","Primary Tumor","LST1","ENSG00000204482.11",43.9752,"OK"
"TCGA-KIRC","79b49079-070b-4b97-80b9-838bbd32f33c","TCGA-DV-5574-01A-01R-1541-07","TCGA-DV-5574","Primary Tumor","TYROBP","ENSG00000011600.12",656.3666,"OK"
"TCGA-KIRC","79b49079-070b-4b97-80b9-838bbd32f33c","TCGA-DV-5574-01A-01R-1541-07","TCGA-DV-5574","Primary Tumor","FCER1G","ENSG00000158869.11",329.36,"OK"
"TCGA-KIRC","79b49079-070b-4b97-80b9-838bbd32f33c","TCGA-DV-5574-01A-01R-1541-07","TCGA-DV-5574","Primary Tumor","CD68","ENSG00000129226.14",0.2136,"OK"
"TCGA-KIRC","1a9ee264-40bf-4a12-bcee-bd0f989e0798","TCGA-CZ-4865-01A-02R-1503-07","TCGA-CZ-4865","Primary Tumor","PTPRC","ENSG00000081237.20",36.2703,"OK"
"TCGA-KIRC","1a9ee264-40bf-4a12-bcee-bd0f989e0798","TCGA-CZ-4865-01A-02R-1503-07","TCGA-CZ-4865","Primary Tumor","CD3D","ENSG00000167286.10",44.3389,"OK"
"TCGA-KIRC","1a9ee264-40bf-4a12-bcee-bd0f989e0798","TCGA-CZ-4865-01A-02R-1503-07","TCGA-CZ-4865","Primary Tumor","CD3E","ENSG00000198851.10",37.3074,"OK"
"TCGA-KIRC","1a9ee264-40bf-4a12-bcee-bd0f989e0798","TCGA-CZ-4865-01A-02R-1503-07","TCGA-CZ-4865","Primary Tumor","MS4A1","ENSG00000156738.18",0.782,"OK"
"TCGA-KIRC","1a9ee264-40bf-4a12-bcee-bd0f989e0798","TCGA-CZ-4865-01A-02R-1503-07","TCGA-CZ-4865","Primary Tumor","CD79A","ENSG00000105369.10",13.2874,"OK"
"TCGA-KIRC","1a9ee264-40bf-4a12-bcee-bd0f989e0798","TCGA-CZ-4865-01A-02R-1503-07","TCGA-CZ-4865","Primary Tumor","NKG7","ENSG00000105374.10",137.4082,"OK"
"TCGA-KIRC","1a9ee264-40bf-4a12-bcee-bd0f989e0798","TCGA-CZ-4865-01A-02R-1503-07","TCGA-CZ-4865","Primary Tumor","LST1","ENSG00000204482.11",37.1307,"OK"
"TCGA-KIRC","1a9ee264-40bf-4a12-bcee-bd0f989e0798","TCGA-CZ-4865-01A-02R-1503-07","TCGA-CZ-4865","Primary Tumor","TYROBP","ENSG00000011600.12",435.7016,"OK"
"TCGA-KIRC","1a9ee264-40bf-4a12-bcee-bd0f989e0798","TCGA-CZ-4865-01A-02R-1503-07","TCGA-CZ-4865","Primary Tumor","FCER1G","ENSG00000158869.11",286.5939,"OK"
"TCGA-KIRC","1a9ee264-40bf-4a12-bcee-bd0f989e0798","TCGA-CZ-4865-01A-02R-1503-07","TCGA-CZ-4865","Primary Tumor","CD68","ENSG00000129226.14",0.0871,"OK"
"TCGA-KIRC","e59a58f3-d886-45a8-a296-263297839a63","TCGA-BP-4988-01A-01R-1334-07","TCGA-BP-4988","Primary Tumor","PTPRC","ENSG00000081237.20",52.856,"OK"
"TCGA-KIRC","e59a58f3-d886-45a8-a296-263297839a63","TCGA-BP-4988-01A-01R-1334-07","TCGA-BP-4988","Primary Tumor","CD3D","ENSG00000167286.10",49.5171,"OK"
"TCGA-KIRC","e59a58f3-d886-45a8-a296-263297839a63","TCGA-BP-4988-01A-01R-1334-07","TCGA-BP-4988","Primary Tumor","CD3E","ENSG00000198851.10",46.1419,"OK"
"TCGA-KIRC","e59a58f3-d886-45a8-a296-263297839a63","TCGA-BP-4988-01A-01R-1334-07","TCGA-BP-4988","Primary Tumor","MS4A1","ENSG00000156738.18",93.1669,"OK"
"TCGA-KIRC","e59a58f3-d886-45a8-a296-263297839a63","TCGA-BP-4988-01A-01R-1334-07","TCGA-BP-4988","Primary Tumor","CD79A","ENSG00000105369.10",176.9359,"OK"
"TCGA-KIRC","e59a58f3-d886-45a8-a296-263297839a63","TCGA-BP-4988-01A-01R-1334-07","TCGA-BP-4988","Primary Tumor","NKG7","ENSG00000105374.10",114.0941,"OK"
"TCGA-KIRC","e59a58f3-d886-45a8-a296-263297839a63","TCGA-BP-4988-01A-01R-1334-07","TCGA-BP-4988","Primary Tumor","LST1","ENSG00000204482.11",43.5113,"OK"
"TCGA-KIRC","e59a58f3-d886-45a8-a296-263297839a63","TCGA-BP-4988-01A-01R-1334-07","TCGA-BP-4988","Primary Tumor","TYROBP","ENSG00000011600.12",274.7221,"OK"
"TCGA-KIRC","e59a58f3-d886-45a8-a296-263297839a63","TCGA-BP-4988-01A-01R-1334-07","TCGA-BP-4988","Primary Tumor","FCER1G","ENSG00000158869.11",143.8477,"OK"
"TCGA-KIRC","e59a58f3-d886-45a8-a296-263297839a63","TCGA-BP-4988-01A-01R-1334-07","TCGA-BP-4988","Primary Tumor","CD68","ENSG00000129226.14",0.4583,"OK"
"TCGA-KIRC","9fcf3bdd-e137-4f93-83f4-24b883ca62c3","TCGA-AK-3455-01A-01R-0864-07","TCGA-AK-3455","Primary Tumor","PTPRC","ENSG00000081237.20",68.1902,"OK"
"TCGA-KIRC","9fcf3bdd-e137-4f93-83f4-24b883ca62c3","TCGA-AK-3455-01A-01R-0864-07","TCGA-AK-3455","Primary Tumor","CD3D","ENSG00000167286.10",254.374,"OK"
"TCGA-KIRC","9fcf3bdd-e137-4f93-83f4-24b883ca62c3","TCGA-AK-3455-01A-01R-0864-07","TCGA-AK-3455","Primary Tumor","CD3E","ENSG00000198851.10",137.6698,"OK"
"TCGA-KIRC","9fcf3bdd-e137-4f93-83f4-24b883ca62c3","TCGA-AK-3455-01A-01R-0864-07","TCGA-AK-3455","Primary Tumor","MS4A1","ENSG00000156738.18",1.1068,"OK"
"TCGA-KIRC","9fcf3bdd-e137-4f93-83f4-24b883ca62c3","TCGA-AK-3455-01A-01R-0864-07","TCGA-AK-3455","Primary Tumor","CD79A","ENSG00000105369.10",22.1915,"OK"
"TCGA-KIRC","9fcf3bdd-e137-4f93-83f4-24b883ca62c3","TCGA-AK-3455-01A-01R-0864-07","TCGA-AK-3455","Primary Tumor","NKG7","ENSG00000105374.10",502.3572,"OK"
"TCGA-KIRC","9fcf3bdd-e137-4f93-83f4-24b883ca62c3","TCGA-AK-3455-01A-01R-0864-07","TCGA-AK-3455","Primary Tumor","LST1","ENSG00000204482.11",17.5844,"OK"
"TCGA-KIRC","9fcf3bdd-e137-4f93-83f4-24b883ca62c3","TCGA-AK-3455-01A-01R-0864-07","TCGA-AK-3455","Primary Tumor","TYROBP","ENSG00000011600.12",157.8412,"OK"
"TCGA-KIRC","9fcf3bdd-e137-4f93-83f4-24b883ca62c3","TCGA-AK-3455-01A-01R-0864-07","TCGA-AK-3455","Primary Tumor","FCER1G","ENSG00000158869.11",77.6681,"OK"
"TCGA-KIRC","9fcf3bdd-e137-4f93-83f4-24b883ca62c3","TCGA-AK-3455-01A-01R-0864-07","TCGA-AK-3455","Primary Tumor","CD68","ENSG00000129226.14",0,"OK"
"TCGA-KIRC","986759bd-7232-46a9-84f3-0e71026a01fd","TCGA-B0-5694-11A-01R-1541-07","TCGA-B0-5694","Solid Tissue Normal","PTPRC","ENSG00000081237.20",14.9918,"OK"
"TCGA-KIRC","986759bd-7232-46a9-84f3-0e71026a01fd","TCGA-B0-5694-11A-01R-1541-07","TCGA-B0-5694","Solid Tissue Normal","CD3D","ENSG00000167286.10",10.3776,"OK"
"TCGA-KIRC","986759bd-7232-46a9-84f3-0e71026a01fd","TCGA-B0-5694-11A-01R-1541-07","TCGA-B0-5694","Solid Tissue Normal","CD3E","ENSG00000198851.10",11.2457,"OK"
"TCGA-KIRC","986759bd-7232-46a9-84f3-0e71026a01fd","TCGA-B0-5694-11A-01R-1541-07","TCGA-B0-5694","Solid Tissue Normal","MS4A1","ENSG00000156738.18",4.0717,"OK"
"TCGA-KIRC","986759bd-7232-46a9-84f3-0e71026a01fd","TCGA-B0-5694-11A-01R-1541-07","TCGA-B0-5694","Solid Tissue Normal","CD79A","ENSG00000105369.10",16.8475,"OK"
"TCGA-KIRC","986759bd-7232-46a9-84f3-0e71026a01fd","TCGA-B0-5694-11A-01R-1541-07","TCGA-B0-5694","Solid Tissue Normal","NKG7","ENSG00000105374.10",20.4094,"OK"
"TCGA-KIRC","986759bd-7232-46a9-84f3-0e71026a01fd","TCGA-B0-5694-11A-01R-1541-07","TCGA-B0-5694","Solid Tissue Normal","LST1","ENSG00000204482.11",8.9573,"OK"
"TCGA-KIRC","986759bd-7232-46a9-84f3-0e71026a01fd","TCGA-B0-5694-11A-01R-1541-07","TCGA-B0-5694","Solid Tissue Normal","TYROBP","ENSG00000011600.12",76.0072,"OK"
"TCGA-KIRC","986759bd-7232-46a9-84f3-0e71026a01fd","TCGA-B0-5694-11A-01R-1541-07","TCGA-B0-5694","Solid Tissue Normal","FCER1G","ENSG00000158869.11",48.4733,"OK"
"TCGA-KIRC","986759bd-7232-46a9-84f3-0e71026a01fd","TCGA-B0-5694-11A-01R-1541-07","TCGA-B0-5694","Solid Tissue Normal","CD68","ENSG00000129226.14",0.0222,"OK"
"TCGA-KIRC","0e7e953c-82c3-4887-86b5-584d41cfe518","TCGA-B0-4690-01A-01R-1277-07","TCGA-B0-4690","Primary Tumor","PTPRC","ENSG00000081237.20",96.6054,"OK"
"TCGA-KIRC","0e7e953c-82c3-4887-86b5-584d41cfe518","TCGA-B0-4690-01A-01R-1277-07","TCGA-B0-4690","Primary Tumor","CD3D","ENSG00000167286.10",72.188,"OK"
"TCGA-KIRC","0e7e953c-82c3-4887-86b5-584d41cfe518","TCGA-B0-4690-01A-01R-1277-07","TCGA-B0-4690","Primary Tumor","CD3E","ENSG00000198851.10",55.1756,"OK"
"TCGA-KIRC","0e7e953c-82c3-4887-86b5-584d41cfe518","TCGA-B0-4690-01A-01R-1277-07","TCGA-B0-4690","Primary Tumor","MS4A1","ENSG00000156738.18",2.0656,"OK"
"TCGA-KIRC","0e7e953c-82c3-4887-86b5-584d41cfe518","TCGA-B0-4690-01A-01R-1277-07","TCGA-B0-4690","Primary Tumor","CD79A","ENSG00000105369.10",9.2532,"OK"
"TCGA-KIRC","0e7e953c-82c3-4887-86b5-584d41cfe518","TCGA-B0-4690-01A-01R-1277-07","TCGA-B0-4690","Primary Tumor","NKG7","ENSG00000105374.10",149.7072,"OK"
"TCGA-KIRC","0e7e953c-82c3-4887-86b5-584d41cfe518","TCGA-B0-4690-01A-01R-1277-07","TCGA-B0-4690","Primary Tumor","LST1","ENSG00000204482.11",32.2649,"OK"
"TCGA-KIRC","0e7e953c-82c3-4887-86b5-584d41cfe518","TCGA-B0-4690-01A-01R-1277-07","TCGA-B0-4690","Primary Tumor","TYROBP","ENSG00000011600.12",617.2129,"OK"
"TCGA-KIRC","0e7e953c-82c3-4887-86b5-584d41cfe518","TCGA-B0-4690-01A-01R-1277-07","TCGA-B0-4690","Primary Tumor","FCER1G","ENSG00000158869.11",532.6053,"OK"
"TCGA-KIRC","0e7e953c-82c3-4887-86b5-584d41cfe518","TCGA-B0-4690-01A-01R-1277-07","TCGA-B0-4690","Primary Tumor","CD68","ENSG00000129226.14",0.0278,"OK"
"TCGA-KIRC","f34985d8-172b-4fae-8d06-989e7dc4dc06","TCGA-B0-4700-01A-02R-1541-07","TCGA-B0-4700","Primary Tumor","PTPRC","ENSG00000081237.20",41.6841,"OK"
"TCGA-KIRC","f34985d8-172b-4fae-8d06-989e7dc4dc06","TCGA-B0-4700-01A-02R-1541-07","TCGA-B0-4700","Primary Tumor","CD3D","ENSG00000167286.10",176.2771,"OK"
"TCGA-KIRC","f34985d8-172b-4fae-8d06-989e7dc4dc06","TCGA-B0-4700-01A-02R-1541-07","TCGA-B0-4700","Primary Tumor","CD3E","ENSG00000198851.10",133.4671,"OK"
"TCGA-KIRC","f34985d8-172b-4fae-8d06-989e7dc4dc06","TCGA-B0-4700-01A-02R-1541-07","TCGA-B0-4700","Primary Tumor","MS4A1","ENSG00000156738.18",3.3035,"OK"
"TCGA-KIRC","f34985d8-172b-4fae-8d06-989e7dc4dc06","TCGA-B0-4700-01A-02R-1541-07","TCGA-B0-4700","Primary Tumor","CD79A","ENSG00000105369.10",33.8308,"OK"
"TCGA-KIRC","f34985d8-172b-4fae-8d06-989e7dc4dc06","TCGA-B0-4700-01A-02R-1541-07","TCGA-B0-4700","Primary Tumor","NKG7","ENSG00000105374.10",470.9333,"OK"
"TCGA-KIRC","f34985d8-172b-4fae-8d06-989e7dc4dc06","TCGA-B0-4700-01A-02R-1541-07","TCGA-B0-4700","Primary Tumor","LST1","ENSG00000204482.11",42.4724,"OK"
"TCGA-KIRC","f34985d8-172b-4fae-8d06-989e7dc4dc06","TCGA-B0-4700-01A-02R-1541-07","TCGA-B0-4700","Primary Tumor","TYROBP","ENSG00000011600.12",541.5532,"OK"
"TCGA-KIRC","f34985d8-172b-4fae-8d06-989e7dc4dc06","TCGA-B0-4700-01A-02R-1541-07","TCGA-B0-4700","Primary Tumor","FCER1G","ENSG00000158869.11",317.453,"OK"
"TCGA-KIRC","f34985d8-172b-4fae-8d06-989e7dc4dc06","TCGA-B0-4700-01A-02R-1541-07","TCGA-B0-4700","Primary Tumor","CD68","ENSG00000129226.14",0.0981,"OK"
"TCGA-KIRC","3bfbdcb6-1e9a-43e9-9015-d55b279dc559","TCGA-CZ-5469-11A-01R-1503-07","TCGA-CZ-5469","Solid Tissue Normal","PTPRC","ENSG00000081237.20",1.4133,"OK"
"TCGA-KIRC","3bfbdcb6-1e9a-43e9-9015-d55b279dc559","TCGA-CZ-5469-11A-01R-1503-07","TCGA-CZ-5469","Solid Tissue Normal","CD3D","ENSG00000167286.10",0.9911,"OK"
"TCGA-KIRC","3bfbdcb6-1e9a-43e9-9015-d55b279dc559","TCGA-CZ-5469-11A-01R-1503-07","TCGA-CZ-5469","Solid Tissue Normal","CD3E","ENSG00000198851.10",1.1466,"OK"
"TCGA-KIRC","3bfbdcb6-1e9a-43e9-9015-d55b279dc559","TCGA-CZ-5469-11A-01R-1503-07","TCGA-CZ-5469","Solid Tissue Normal","MS4A1","ENSG00000156738.18",0.0282,"OK"
"TCGA-KIRC","3bfbdcb6-1e9a-43e9-9015-d55b279dc559","TCGA-CZ-5469-11A-01R-1503-07","TCGA-CZ-5469","Solid Tissue Normal","CD79A","ENSG00000105369.10",0.2669,"OK"
"TCGA-KIRC","3bfbdcb6-1e9a-43e9-9015-d55b279dc559","TCGA-CZ-5469-11A-01R-1503-07","TCGA-CZ-5469","Solid Tissue Normal","NKG7","ENSG00000105374.10",1.4117,"OK"
"TCGA-KIRC","3bfbdcb6-1e9a-43e9-9015-d55b279dc559","TCGA-CZ-5469-11A-01R-1503-07","TCGA-CZ-5469","Solid Tissue Normal","LST1","ENSG00000204482.11",1.5528,"OK"
"TCGA-KIRC","3bfbdcb6-1e9a-43e9-9015-d55b279dc559","TCGA-CZ-5469-11A-01R-1503-07","TCGA-CZ-5469","Solid Tissue Normal","TYROBP","ENSG00000011600.12",13.6431,"OK"
"TCGA-KIRC","3bfbdcb6-1e9a-43e9-9015-d55b279dc559","TCGA-CZ-5469-11A-01R-1503-07","TCGA-CZ-5469","Solid Tissue Normal","FCER1G","ENSG00000158869.11",9.1622,"OK"
"TCGA-KIRC","3bfbdcb6-1e9a-43e9-9015-d55b279dc559","TCGA-CZ-5469-11A-01R-1503-07","TCGA-CZ-5469","Solid Tissue Normal","CD68","ENSG00000129226.14",0,"OK"
"TCGA-KIRC","afe6bf7f-c463-4077-9c5c-3d00ce6ee8a8","TCGA-CZ-5989-01A-11R-1672-07","TCGA-CZ-5989","Primary Tumor","PTPRC","ENSG00000081237.20",145.0328,"OK"
"TCGA-KIRC","afe6bf7f-c463-4077-9c5c-3d00ce6ee8a8","TCGA-CZ-5989-01A-11R-1672-07","TCGA-CZ-5989","Primary Tumor","CD3D","ENSG00000167286.10",34.4209,"OK"
"TCGA-KIRC","afe6bf7f-c463-4077-9c5c-3d00ce6ee8a8","TCGA-CZ-5989-01A-11R-1672-07","TCGA-CZ-5989","Primary Tumor","CD3E","ENSG00000198851.10",31.6856,"OK"
"TCGA-KIRC","afe6bf7f-c463-4077-9c5c-3d00ce6ee8a8","TCGA-CZ-5989-01A-11R-1672-07","TCGA-CZ-5989","Primary Tumor","MS4A1","ENSG00000156738.18",2.8884,"OK"
"TCGA-KIRC","afe6bf7f-c463-4077-9c5c-3d00ce6ee8a8","TCGA-CZ-5989-01A-11R-1672-07","TCGA-CZ-5989","Primary Tumor","CD79A","ENSG00000105369.10",0.1243,"OK"
"TCGA-KIRC","afe6bf7f-c463-4077-9c5c-3d00ce6ee8a8","TCGA-CZ-5989-01A-11R-1672-07","TCGA-CZ-5989","Primary Tumor","NKG7","ENSG00000105374.10",15.6847,"OK"
"TCGA-KIRC","afe6bf7f-c463-4077-9c5c-3d00ce6ee8a8","TCGA-CZ-5989-01A-11R-1672-07","TCGA-CZ-5989","Primary Tumor","LST1","ENSG00000204482.11",8.4562,"OK"
"TCGA-KIRC","afe6bf7f-c463-4077-9c5c-3d00ce6ee8a8","TCGA-CZ-5989-01A-11R-1672-07","TCGA-CZ-5989","Primary Tumor","TYROBP","ENSG00000011600.12",40.6915,"OK"
"TCGA-KIRC","afe6bf7f-c463-4077-9c5c-3d00ce6ee8a8","TCGA-CZ-5989-01A-11R-1672-07","TCGA-CZ-5989","Primary Tumor","FCER1G","ENSG00000158869.11",157.6461,"OK"
"TCGA-KIRC","afe6bf7f-c463-4077-9c5c-3d00ce6ee8a8","TCGA-CZ-5989-01A-11R-1672-07","TCGA-CZ-5989","Primary Tumor","CD68","ENSG00000129226.14",0.0772,"OK"
"TCGA-KIRC","7947afe8-e62c-4d32-81d6-5eb44fd1cea6","TCGA-BP-4177-01A-02R-1420-07","TCGA-BP-4177","Primary Tumor","PTPRC","ENSG00000081237.20",7.4149,"OK"
"TCGA-KIRC","7947afe8-e62c-4d32-81d6-5eb44fd1cea6","TCGA-BP-4177-01A-02R-1420-07","TCGA-BP-4177","Primary Tumor","CD3D","ENSG00000167286.10",8.2899,"OK"
"TCGA-KIRC","7947afe8-e62c-4d32-81d6-5eb44fd1cea6","TCGA-BP-4177-01A-02R-1420-07","TCGA-BP-4177","Primary Tumor","CD3E","ENSG00000198851.10",9.1977,"OK"
"TCGA-KIRC","7947afe8-e62c-4d32-81d6-5eb44fd1cea6","TCGA-BP-4177-01A-02R-1420-07","TCGA-BP-4177","Primary Tumor","MS4A1","ENSG00000156738.18",0.8991,"OK"
"TCGA-KIRC","7947afe8-e62c-4d32-81d6-5eb44fd1cea6","TCGA-BP-4177-01A-02R-1420-07","TCGA-BP-4177","Primary Tumor","CD79A","ENSG00000105369.10",6.08,"OK"
"TCGA-KIRC","7947afe8-e62c-4d32-81d6-5eb44fd1cea6","TCGA-BP-4177-01A-02R-1420-07","TCGA-BP-4177","Primary Tumor","NKG7","ENSG00000105374.10",20.0102,"OK"
"TCGA-KIRC","7947afe8-e62c-4d32-81d6-5eb44fd1cea6","TCGA-BP-4177-01A-02R-1420-07","TCGA-BP-4177","Primary Tumor","LST1","ENSG00000204482.11",9.6548,"OK"
"TCGA-KIRC","7947afe8-e62c-4d32-81d6-5eb44fd1cea6","TCGA-BP-4177-01A-02R-1420-07","TCGA-BP-4177","Primary Tumor","TYROBP","ENSG00000011600.12",94.2474,"OK"
"TCGA-KIRC","7947afe8-e62c-4d32-81d6-5eb44fd1cea6","TCGA-BP-4177-01A-02R-1420-07","TCGA-BP-4177","Primary Tumor","FCER1G","ENSG00000158869.11",55.6697,"OK"
"TCGA-KIRC","7947afe8-e62c-4d32-81d6-5eb44fd1cea6","TCGA-BP-4177-01A-02R-1420-07","TCGA-BP-4177","Primary Tumor","CD68","ENSG00000129226.14",0,"OK"
"TCGA-KIRC","e8871fd9-41a0-4c1f-b44c-ea7beea35ebe","TCGA-BP-4807-01A-01R-1305-07","TCGA-BP-4807","Primary Tumor","PTPRC","ENSG00000081237.20",33.7099,"OK"
"TCGA-KIRC","e8871fd9-41a0-4c1f-b44c-ea7beea35ebe","TCGA-BP-4807-01A-01R-1305-07","TCGA-BP-4807","Primary Tumor","CD3D","ENSG00000167286.10",11.7124,"OK"
"TCGA-KIRC","e8871fd9-41a0-4c1f-b44c-ea7beea35ebe","TCGA-BP-4807-01A-01R-1305-07","TCGA-BP-4807","Primary Tumor","CD3E","ENSG00000198851.10",8.2473,"OK"
"TCGA-KIRC","e8871fd9-41a0-4c1f-b44c-ea7beea35ebe","TCGA-BP-4807-01A-01R-1305-07","TCGA-BP-4807","Primary Tumor","MS4A1","ENSG00000156738.18",0.821,"OK"
"TCGA-KIRC","e8871fd9-41a0-4c1f-b44c-ea7beea35ebe","TCGA-BP-4807-01A-01R-1305-07","TCGA-BP-4807","Primary Tumor","CD79A","ENSG00000105369.10",2.8554,"OK"
"TCGA-KIRC","e8871fd9-41a0-4c1f-b44c-ea7beea35ebe","TCGA-BP-4807-01A-01R-1305-07","TCGA-BP-4807","Primary Tumor","NKG7","ENSG00000105374.10",36.3964,"OK"
"TCGA-KIRC","e8871fd9-41a0-4c1f-b44c-ea7beea35ebe","TCGA-BP-4807-01A-01R-1305-07","TCGA-BP-4807","Primary Tumor","LST1","ENSG00000204482.11",18.8505,"OK"
"TCGA-KIRC","e8871fd9-41a0-4c1f-b44c-ea7beea35ebe","TCGA-BP-4807-01A-01R-1305-07","TCGA-BP-4807","Primary Tumor","TYROBP","ENSG00000011600.12",368.2007,"OK"
"TCGA-KIRC","e8871fd9-41a0-4c1f-b44c-ea7beea35ebe","TCGA-BP-4807-01A-01R-1305-07","TCGA-BP-4807","Primary Tumor","FCER1G","ENSG00000158869.11",196.3696,"OK"
"TCGA-KIRC","e8871fd9-41a0-4c1f-b44c-ea7beea35ebe","TCGA-BP-4807-01A-01R-1305-07","TCGA-BP-4807","Primary Tumor","CD68","ENSG00000129226.14",0.1086,"OK"
"TCGA-KIRC","8522fa29-c1b0-4e41-9bcb-2e0bc7c8e2d0","TCGA-A3-3335-01A-01R-0864-07","TCGA-A3-3335","Primary Tumor","PTPRC","ENSG00000081237.20",16.7322,"OK"
"TCGA-KIRC","8522fa29-c1b0-4e41-9bcb-2e0bc7c8e2d0","TCGA-A3-3335-01A-01R-0864-07","TCGA-A3-3335","Primary Tumor","CD3D","ENSG00000167286.10",15.6658,"OK"
"TCGA-KIRC","8522fa29-c1b0-4e41-9bcb-2e0bc7c8e2d0","TCGA-A3-3335-01A-01R-0864-07","TCGA-A3-3335","Primary Tumor","CD3E","ENSG00000198851.10",15.1283,"OK"
"TCGA-KIRC","8522fa29-c1b0-4e41-9bcb-2e0bc7c8e2d0","TCGA-A3-3335-01A-01R-0864-07","TCGA-A3-3335","Primary Tumor","MS4A1","ENSG00000156738.18",3.784,"OK"
"TCGA-KIRC","8522fa29-c1b0-4e41-9bcb-2e0bc7c8e2d0","TCGA-A3-3335-01A-01R-0864-07","TCGA-A3-3335","Primary Tumor","CD79A","ENSG00000105369.10",8.3742,"OK"
"TCGA-KIRC","8522fa29-c1b0-4e41-9bcb-2e0bc7c8e2d0","TCGA-A3-3335-01A-01R-0864-07","TCGA-A3-3335","Primary Tumor","NKG7","ENSG00000105374.10",15.0718,"OK"
"TCGA-KIRC","8522fa29-c1b0-4e41-9bcb-2e0bc7c8e2d0","TCGA-A3-3335-01A-01R-0864-07","TCGA-A3-3335","Primary Tumor","LST1","ENSG00000204482.11",11.5132,"OK"
"TCGA-KIRC","8522fa29-c1b0-4e41-9bcb-2e0bc7c8e2d0","TCGA-A3-3335-01A-01R-0864-07","TCGA-A3-3335","Primary Tumor","TYROBP","ENSG00000011600.12",172.4851,"OK"
"TCGA-KIRC","8522fa29-c1b0-4e41-9bcb-2e0bc7c8e2d0","TCGA-A3-3335-01A-01R-0864-07","TCGA-A3-3335","Primary Tumor","FCER1G","ENSG00000158869.11",108.7097,"OK"
"TCGA-KIRC","8522fa29-c1b0-4e41-9bcb-2e0bc7c8e2d0","TCGA-A3-3335-01A-01R-0864-07","TCGA-A3-3335","Primary Tumor","CD68","ENSG00000129226.14",0.1927,"OK"
"TCGA-KIRC","bed26808-c053-4ad1-ba5c-68819d4a6fd1","TCGA-B8-5552-11A-01R-1672-07","TCGA-B8-5552","Solid Tissue Normal","PTPRC","ENSG00000081237.20",54.0853,"OK"
"TCGA-KIRC","bed26808-c053-4ad1-ba5c-68819d4a6fd1","TCGA-B8-5552-11A-01R-1672-07","TCGA-B8-5552","Solid Tissue Normal","CD3D","ENSG00000167286.10",9.1979,"OK"
"TCGA-KIRC","bed26808-c053-4ad1-ba5c-68819d4a6fd1","TCGA-B8-5552-11A-01R-1672-07","TCGA-B8-5552","Solid Tissue Normal","CD3E","ENSG00000198851.10",10.0882,"OK"
"TCGA-KIRC","bed26808-c053-4ad1-ba5c-68819d4a6fd1","TCGA-B8-5552-11A-01R-1672-07","TCGA-B8-5552","Solid Tissue Normal","MS4A1","ENSG00000156738.18",3.9729,"OK"
"TCGA-KIRC","bed26808-c053-4ad1-ba5c-68819d4a6fd1","TCGA-B8-5552-11A-01R-1672-07","TCGA-B8-5552","Solid Tissue Normal","CD79A","ENSG00000105369.10",6.9012,"OK"
"TCGA-KIRC","bed26808-c053-4ad1-ba5c-68819d4a6fd1","TCGA-B8-5552-11A-01R-1672-07","TCGA-B8-5552","Solid Tissue Normal","NKG7","ENSG00000105374.10",9.8534,"OK"
"TCGA-KIRC","bed26808-c053-4ad1-ba5c-68819d4a6fd1","TCGA-B8-5552-11A-01R-1672-07","TCGA-B8-5552","Solid Tissue Normal","LST1","ENSG00000204482.11",15.3582,"OK"
"TCGA-KIRC","bed26808-c053-4ad1-ba5c-68819d4a6fd1","TCGA-B8-5552-11A-01R-1672-07","TCGA-B8-5552","Solid Tissue Normal","TYROBP","ENSG00000011600.12",107.4855,"OK"
"TCGA-KIRC","bed26808-c053-4ad1-ba5c-68819d4a6fd1","TCGA-B8-5552-11A-01R-1672-07","TCGA-B8-5552","Solid Tissue Normal","FCER1G","ENSG00000158869.11",124.0417,"OK"
"TCGA-KIRC","bed26808-c053-4ad1-ba5c-68819d4a6fd1","TCGA-B8-5552-11A-01R-1672-07","TCGA-B8-5552","Solid Tissue Normal","CD68","ENSG00000129226.14",0,"OK"
"TCGA-KIRC","bd1ebebf-1e32-4c8e-a476-a429bfbc3d46","TCGA-CJ-4886-01A-01R-1305-07","TCGA-CJ-4886","Primary Tumor","PTPRC","ENSG00000081237.20",38.8709,"OK"
"TCGA-KIRC","bd1ebebf-1e32-4c8e-a476-a429bfbc3d46","TCGA-CJ-4886-01A-01R-1305-07","TCGA-CJ-4886","Primary Tumor","CD3D","ENSG00000167286.10",58.4663,"OK"
"TCGA-KIRC","bd1ebebf-1e32-4c8e-a476-a429bfbc3d46","TCGA-CJ-4886-01A-01R-1305-07","TCGA-CJ-4886","Primary Tumor","CD3E","ENSG00000198851.10",54.0364,"OK"
"TCGA-KIRC","bd1ebebf-1e32-4c8e-a476-a429bfbc3d46","TCGA-CJ-4886-01A-01R-1305-07","TCGA-CJ-4886","Primary Tumor","MS4A1","ENSG00000156738.18",1.1097,"OK"
"TCGA-KIRC","bd1ebebf-1e32-4c8e-a476-a429bfbc3d46","TCGA-CJ-4886-01A-01R-1305-07","TCGA-CJ-4886","Primary Tumor","CD79A","ENSG00000105369.10",5.3619,"OK"
"TCGA-KIRC","bd1ebebf-1e32-4c8e-a476-a429bfbc3d46","TCGA-CJ-4886-01A-01R-1305-07","TCGA-CJ-4886","Primary Tumor","NKG7","ENSG00000105374.10",151.7141,"OK"
"TCGA-KIRC","bd1ebebf-1e32-4c8e-a476-a429bfbc3d46","TCGA-CJ-4886-01A-01R-1305-07","TCGA-CJ-4886","Primary Tumor","LST1","ENSG00000204482.11",27.148,"OK"
"TCGA-KIRC","bd1ebebf-1e32-4c8e-a476-a429bfbc3d46","TCGA-CJ-4886-01A-01R-1305-07","TCGA-CJ-4886","Primary Tumor","TYROBP","ENSG00000011600.12",305.018,"OK"
"TCGA-KIRC","bd1ebebf-1e32-4c8e-a476-a429bfbc3d46","TCGA-CJ-4886-01A-01R-1305-07","TCGA-CJ-4886","Primary Tumor","FCER1G","ENSG00000158869.11",187.9479,"OK"
"TCGA-KIRC","bd1ebebf-1e32-4c8e-a476-a429bfbc3d46","TCGA-CJ-4886-01A-01R-1305-07","TCGA-CJ-4886","Primary Tumor","CD68","ENSG00000129226.14",0.1179,"OK"
"TCGA-KIRC","1bd902eb-9e76-406a-bfe9-b0b5861bcdfb","TCGA-DV-5573-01A-01R-1541-07","TCGA-DV-5573","Primary Tumor","PTPRC","ENSG00000081237.20",68.5282,"OK"
"TCGA-KIRC","1bd902eb-9e76-406a-bfe9-b0b5861bcdfb","TCGA-DV-5573-01A-01R-1541-07","TCGA-DV-5573","Primary Tumor","CD3D","ENSG00000167286.10",214.2152,"OK"
"TCGA-KIRC","1bd902eb-9e76-406a-bfe9-b0b5861bcdfb","TCGA-DV-5573-01A-01R-1541-07","TCGA-DV-5573","Primary Tumor","CD3E","ENSG00000198851.10",157.6171,"OK"
"TCGA-KIRC","1bd902eb-9e76-406a-bfe9-b0b5861bcdfb","TCGA-DV-5573-01A-01R-1541-07","TCGA-DV-5573","Primary Tumor","MS4A1","ENSG00000156738.18",1.7703,"OK"
"TCGA-KIRC","1bd902eb-9e76-406a-bfe9-b0b5861bcdfb","TCGA-DV-5573-01A-01R-1541-07","TCGA-DV-5573","Primary Tumor","CD79A","ENSG00000105369.10",6.6214,"OK"
"TCGA-KIRC","1bd902eb-9e76-406a-bfe9-b0b5861bcdfb","TCGA-DV-5573-01A-01R-1541-07","TCGA-DV-5573","Primary Tumor","NKG7","ENSG00000105374.10",536.7963,"OK"
"TCGA-KIRC","1bd902eb-9e76-406a-bfe9-b0b5861bcdfb","TCGA-DV-5573-01A-01R-1541-07","TCGA-DV-5573","Primary Tumor","LST1","ENSG00000204482.11",45.4786,"OK"
"TCGA-KIRC","1bd902eb-9e76-406a-bfe9-b0b5861bcdfb","TCGA-DV-5573-01A-01R-1541-07","TCGA-DV-5573","Primary Tumor","TYROBP","ENSG00000011600.12",521.7346,"OK"
"TCGA-KIRC","1bd902eb-9e76-406a-bfe9-b0b5861bcdfb","TCGA-DV-5573-01A-01R-1541-07","TCGA-DV-5573","Primary Tumor","FCER1G","ENSG00000158869.11",294.5985,"OK"
"TCGA-KIRC","1bd902eb-9e76-406a-bfe9-b0b5861bcdfb","TCGA-DV-5573-01A-01R-1541-07","TCGA-DV-5573","Primary Tumor","CD68","ENSG00000129226.14",0.1201,"OK"
"TCGA-KIRC","9845de96-d57a-4613-89db-6a6c4e2eca4b","TCGA-CJ-4900-01A-01R-1334-07","TCGA-CJ-4900","Primary Tumor","PTPRC","ENSG00000081237.20",24.7089,"OK"
"TCGA-KIRC","9845de96-d57a-4613-89db-6a6c4e2eca4b","TCGA-CJ-4900-01A-01R-1334-07","TCGA-CJ-4900","Primary Tumor","CD3D","ENSG00000167286.10",55.5892,"OK"
"TCGA-KIRC","9845de96-d57a-4613-89db-6a6c4e2eca4b","TCGA-CJ-4900-01A-01R-1334-07","TCGA-CJ-4900","Primary Tumor","CD3E","ENSG00000198851.10",40.3551,"OK"
"TCGA-KIRC","9845de96-d57a-4613-89db-6a6c4e2eca4b","TCGA-CJ-4900-01A-01R-1334-07","TCGA-CJ-4900","Primary Tumor","MS4A1","ENSG00000156738.18",1.3842,"OK"
"TCGA-KIRC","9845de96-d57a-4613-89db-6a6c4e2eca4b","TCGA-CJ-4900-01A-01R-1334-07","TCGA-CJ-4900","Primary Tumor","CD79A","ENSG00000105369.10",161.6159,"OK"
"TCGA-KIRC","9845de96-d57a-4613-89db-6a6c4e2eca4b","TCGA-CJ-4900-01A-01R-1334-07","TCGA-CJ-4900","Primary Tumor","NKG7","ENSG00000105374.10",92.7069,"OK"
"TCGA-KIRC","9845de96-d57a-4613-89db-6a6c4e2eca4b","TCGA-CJ-4900-01A-01R-1334-07","TCGA-CJ-4900","Primary Tumor","LST1","ENSG00000204482.11",27.6235,"OK"
"TCGA-KIRC","9845de96-d57a-4613-89db-6a6c4e2eca4b","TCGA-CJ-4900-01A-01R-1334-07","TCGA-CJ-4900","Primary Tumor","TYROBP","ENSG00000011600.12",328.2553,"OK"
"TCGA-KIRC","9845de96-d57a-4613-89db-6a6c4e2eca4b","TCGA-CJ-4900-01A-01R-1334-07","TCGA-CJ-4900","Primary Tumor","FCER1G","ENSG00000158869.11",242.7402,"OK"
"TCGA-KIRC","9845de96-d57a-4613-89db-6a6c4e2eca4b","TCGA-CJ-4900-01A-01R-1334-07","TCGA-CJ-4900","Primary Tumor","CD68","ENSG00000129226.14",0.1744,"OK"
"TCGA-KIRC","4d6e5f5f-ab63-49a6-9a53-a89b7ef76783","TCGA-B0-5712-11A-01R-1672-07","TCGA-B0-5712","Solid Tissue Normal","PTPRC","ENSG00000081237.20",15.3712,"OK"
"TCGA-KIRC","4d6e5f5f-ab63-49a6-9a53-a89b7ef76783","TCGA-B0-5712-11A-01R-1672-07","TCGA-B0-5712","Solid Tissue Normal","CD3D","ENSG00000167286.10",24.1002,"OK"
"TCGA-KIRC","4d6e5f5f-ab63-49a6-9a53-a89b7ef76783","TCGA-B0-5712-11A-01R-1672-07","TCGA-B0-5712","Solid Tissue Normal","CD3E","ENSG00000198851.10",23.69,"OK"
"TCGA-KIRC","4d6e5f5f-ab63-49a6-9a53-a89b7ef76783","TCGA-B0-5712-11A-01R-1672-07","TCGA-B0-5712","Solid Tissue Normal","MS4A1","ENSG00000156738.18",2.8306,"OK"
"TCGA-KIRC","4d6e5f5f-ab63-49a6-9a53-a89b7ef76783","TCGA-B0-5712-11A-01R-1672-07","TCGA-B0-5712","Solid Tissue Normal","CD79A","ENSG00000105369.10",21.5818,"OK"
"TCGA-KIRC","4d6e5f5f-ab63-49a6-9a53-a89b7ef76783","TCGA-B0-5712-11A-01R-1672-07","TCGA-B0-5712","Solid Tissue Normal","NKG7","ENSG00000105374.10",22.3524,"OK"
"TCGA-KIRC","4d6e5f5f-ab63-49a6-9a53-a89b7ef76783","TCGA-B0-5712-11A-01R-1672-07","TCGA-B0-5712","Solid Tissue Normal","LST1","ENSG00000204482.11",12.4012,"OK"
"TCGA-KIRC","4d6e5f5f-ab63-49a6-9a53-a89b7ef76783","TCGA-B0-5712-11A-01R-1672-07","TCGA-B0-5712","Solid Tissue Normal","TYROBP","ENSG00000011600.12",79.8654,"OK"
"TCGA-KIRC","4d6e5f5f-ab63-49a6-9a53-a89b7ef76783","TCGA-B0-5712-11A-01R-1672-07","TCGA-B0-5712","Solid Tissue Normal","FCER1G","ENSG00000158869.11",48.9415,"OK"
"TCGA-KIRC","4d6e5f5f-ab63-49a6-9a53-a89b7ef76783","TCGA-B0-5712-11A-01R-1672-07","TCGA-B0-5712","Solid Tissue Normal","CD68","ENSG00000129226.14",0.0475,"OK"
"TCGA-KIRC","e4747f6d-4c5c-4d49-886f-2c69fe206879","TCGA-CZ-4858-01A-01R-1305-07","TCGA-CZ-4858","Primary Tumor","PTPRC","ENSG00000081237.20",47.1719,"OK"
"TCGA-KIRC","e4747f6d-4c5c-4d49-886f-2c69fe206879","TCGA-CZ-4858-01A-01R-1305-07","TCGA-CZ-4858","Primary Tumor","CD3D","ENSG00000167286.10",93.8908,"OK"
"TCGA-KIRC","e4747f6d-4c5c-4d49-886f-2c69fe206879","TCGA-CZ-4858-01A-01R-1305-07","TCGA-CZ-4858","Primary Tumor","CD3E","ENSG00000198851.10",78.8714,"OK"
"TCGA-KIRC","e4747f6d-4c5c-4d49-886f-2c69fe206879","TCGA-CZ-4858-01A-01R-1305-07","TCGA-CZ-4858","Primary Tumor","MS4A1","ENSG00000156738.18",2.0182,"OK"
"TCGA-KIRC","e4747f6d-4c5c-4d49-886f-2c69fe206879","TCGA-CZ-4858-01A-01R-1305-07","TCGA-CZ-4858","Primary Tumor","CD79A","ENSG00000105369.10",13.7197,"OK"
"TCGA-KIRC","e4747f6d-4c5c-4d49-886f-2c69fe206879","TCGA-CZ-4858-01A-01R-1305-07","TCGA-CZ-4858","Primary Tumor","NKG7","ENSG00000105374.10",244.5932,"OK"
"TCGA-KIRC","e4747f6d-4c5c-4d49-886f-2c69fe206879","TCGA-CZ-4858-01A-01R-1305-07","TCGA-CZ-4858","Primary Tumor","LST1","ENSG00000204482.11",25.258,"OK"
"TCGA-KIRC","e4747f6d-4c5c-4d49-886f-2c69fe206879","TCGA-CZ-4858-01A-01R-1305-07","TCGA-CZ-4858","Primary Tumor","TYROBP","ENSG00000011600.12",480.8979,"OK"
"TCGA-KIRC","e4747f6d-4c5c-4d49-886f-2c69fe206879","TCGA-CZ-4858-01A-01R-1305-07","TCGA-CZ-4858","Primary Tumor","FCER1G","ENSG00000158869.11",403.1453,"OK"
"TCGA-KIRC","e4747f6d-4c5c-4d49-886f-2c69fe206879","TCGA-CZ-4858-01A-01R-1305-07","TCGA-CZ-4858","Primary Tumor","CD68","ENSG00000129226.14",0.1712,"OK"
"TCGA-KIRC","bdb74506-8766-42e1-922e-e03da4637a70","TCGA-B2-5633-01A-01R-A277-07","TCGA-B2-5633","Primary Tumor","PTPRC","ENSG00000081237.20",71.7033,"OK"
"TCGA-KIRC","bdb74506-8766-42e1-922e-e03da4637a70","TCGA-B2-5633-01A-01R-A277-07","TCGA-B2-5633","Primary Tumor","CD3D","ENSG00000167286.10",32.8564,"OK"
"TCGA-KIRC","bdb74506-8766-42e1-922e-e03da4637a70","TCGA-B2-5633-01A-01R-A277-07","TCGA-B2-5633","Primary Tumor","CD3E","ENSG00000198851.10",3.5634,"OK"
"TCGA-KIRC","bdb74506-8766-42e1-922e-e03da4637a70","TCGA-B2-5633-01A-01R-A277-07","TCGA-B2-5633","Primary Tumor","MS4A1","ENSG00000156738.18",0.6062,"OK"
"TCGA-KIRC","bdb74506-8766-42e1-922e-e03da4637a70","TCGA-B2-5633-01A-01R-A277-07","TCGA-B2-5633","Primary Tumor","CD79A","ENSG00000105369.10",1.1253,"OK"
"TCGA-KIRC","bdb74506-8766-42e1-922e-e03da4637a70","TCGA-B2-5633-01A-01R-A277-07","TCGA-B2-5633","Primary Tumor","NKG7","ENSG00000105374.10",12.3646,"OK"
"TCGA-KIRC","bdb74506-8766-42e1-922e-e03da4637a70","TCGA-B2-5633-01A-01R-A277-07","TCGA-B2-5633","Primary Tumor","LST1","ENSG00000204482.11",26.3858,"OK"
"TCGA-KIRC","bdb74506-8766-42e1-922e-e03da4637a70","TCGA-B2-5633-01A-01R-A277-07","TCGA-B2-5633","Primary Tumor","TYROBP","ENSG00000011600.12",72.586,"OK"
"TCGA-KIRC","bdb74506-8766-42e1-922e-e03da4637a70","TCGA-B2-5633-01A-01R-A277-07","TCGA-B2-5633","Primary Tumor","FCER1G","ENSG00000158869.11",15.5969,"OK"
"TCGA-KIRC","bdb74506-8766-42e1-922e-e03da4637a70","TCGA-B2-5633-01A-01R-A277-07","TCGA-B2-5633","Primary Tumor","CD68","ENSG00000129226.14",0,"OK"
"TCGA-KIRC","307fc027-0530-452b-8fa9-d46f7fc73d0e","TCGA-B2-5633-01B-04R-A277-07","TCGA-B2-5633","Primary Tumor","PTPRC","ENSG00000081237.20",88.3019,"OK"
"TCGA-KIRC","307fc027-0530-452b-8fa9-d46f7fc73d0e","TCGA-B2-5633-01B-04R-A277-07","TCGA-B2-5633","Primary Tumor","CD3D","ENSG00000167286.10",17.9024,"OK"
"TCGA-KIRC","307fc027-0530-452b-8fa9-d46f7fc73d0e","TCGA-B2-5633-01B-04R-A277-07","TCGA-B2-5633","Primary Tumor","CD3E","ENSG00000198851.10",18.3751,"OK"
"TCGA-KIRC","307fc027-0530-452b-8fa9-d46f7fc73d0e","TCGA-B2-5633-01B-04R-A277-07","TCGA-B2-5633","Primary Tumor","MS4A1","ENSG00000156738.18",1.9807,"OK"
"TCGA-KIRC","307fc027-0530-452b-8fa9-d46f7fc73d0e","TCGA-B2-5633-01B-04R-A277-07","TCGA-B2-5633","Primary Tumor","CD79A","ENSG00000105369.10",1.7072,"OK"
"TCGA-KIRC","307fc027-0530-452b-8fa9-d46f7fc73d0e","TCGA-B2-5633-01B-04R-A277-07","TCGA-B2-5633","Primary Tumor","NKG7","ENSG00000105374.10",18.6115,"OK"
"TCGA-KIRC","307fc027-0530-452b-8fa9-d46f7fc73d0e","TCGA-B2-5633-01B-04R-A277-07","TCGA-B2-5633","Primary Tumor","LST1","ENSG00000204482.11",12.7811,"OK"
"TCGA-KIRC","307fc027-0530-452b-8fa9-d46f7fc73d0e","TCGA-B2-5633-01B-04R-A277-07","TCGA-B2-5633","Primary Tumor","TYROBP","ENSG00000011600.12",101.4882,"OK"
"TCGA-KIRC","307fc027-0530-452b-8fa9-d46f7fc73d0e","TCGA-B2-5633-01B-04R-A277-07","TCGA-B2-5633","Primary Tumor","FCER1G","ENSG00000158869.11",106.6882,"OK"
"TCGA-KIRC","307fc027-0530-452b-8fa9-d46f7fc73d0e","TCGA-B2-5633-01B-04R-A277-07","TCGA-B2-5633","Primary Tumor","CD68","ENSG00000129226.14",0.2496,"OK"
"TCGA-KIRC","58585ab6-9163-4bfb-ae55-9529ad1bc3aa","TCGA-BP-4795-01A-02R-1420-07","TCGA-BP-4795","Primary Tumor","PTPRC","ENSG00000081237.20",36.0497,"OK"
"TCGA-KIRC","58585ab6-9163-4bfb-ae55-9529ad1bc3aa","TCGA-BP-4795-01A-02R-1420-07","TCGA-BP-4795","Primary Tumor","CD3D","ENSG00000167286.10",41.1902,"OK"
"TCGA-KIRC","58585ab6-9163-4bfb-ae55-9529ad1bc3aa","TCGA-BP-4795-01A-02R-1420-07","TCGA-BP-4795","Primary Tumor","CD3E","ENSG00000198851.10",43.7159,"OK"
"TCGA-KIRC","58585ab6-9163-4bfb-ae55-9529ad1bc3aa","TCGA-BP-4795-01A-02R-1420-07","TCGA-BP-4795","Primary Tumor","MS4A1","ENSG00000156738.18",6.0122,"OK"
"TCGA-KIRC","58585ab6-9163-4bfb-ae55-9529ad1bc3aa","TCGA-BP-4795-01A-02R-1420-07","TCGA-BP-4795","Primary Tumor","CD79A","ENSG00000105369.10",27.4157,"OK"
"TCGA-KIRC","58585ab6-9163-4bfb-ae55-9529ad1bc3aa","TCGA-BP-4795-01A-02R-1420-07","TCGA-BP-4795","Primary Tumor","NKG7","ENSG00000105374.10",36.3703,"OK"
"TCGA-KIRC","58585ab6-9163-4bfb-ae55-9529ad1bc3aa","TCGA-BP-4795-01A-02R-1420-07","TCGA-BP-4795","Primary Tumor","LST1","ENSG00000204482.11",22.4401,"OK"
"TCGA-KIRC","58585ab6-9163-4bfb-ae55-9529ad1bc3aa","TCGA-BP-4795-01A-02R-1420-07","TCGA-BP-4795","Primary Tumor","TYROBP","ENSG00000011600.12",199.4958,"OK"
"TCGA-KIRC","58585ab6-9163-4bfb-ae55-9529ad1bc3aa","TCGA-BP-4795-01A-02R-1420-07","TCGA-BP-4795","Primary Tumor","FCER1G","ENSG00000158869.11",142.7104,"OK"
"TCGA-KIRC","58585ab6-9163-4bfb-ae55-9529ad1bc3aa","TCGA-BP-4795-01A-02R-1420-07","TCGA-BP-4795","Primary Tumor","CD68","ENSG00000129226.14",0.1087,"OK"
"TCGA-KIRC","961f4263-5071-4dfd-b626-346f916b4c9d","TCGA-BP-4354-01A-02R-1289-07","TCGA-BP-4354","Primary Tumor","PTPRC","ENSG00000081237.20",141.007,"OK"
"TCGA-KIRC","961f4263-5071-4dfd-b626-346f916b4c9d","TCGA-BP-4354-01A-02R-1289-07","TCGA-BP-4354","Primary Tumor","CD3D","ENSG00000167286.10",60.4792,"OK"
"TCGA-KIRC","961f4263-5071-4dfd-b626-346f916b4c9d","TCGA-BP-4354-01A-02R-1289-07","TCGA-BP-4354","Primary Tumor","CD3E","ENSG00000198851.10",41.5281,"OK"
"TCGA-KIRC","961f4263-5071-4dfd-b626-346f916b4c9d","TCGA-BP-4354-01A-02R-1289-07","TCGA-BP-4354","Primary Tumor","MS4A1","ENSG00000156738.18",0.6178,"OK"
"TCGA-KIRC","961f4263-5071-4dfd-b626-346f916b4c9d","TCGA-BP-4354-01A-02R-1289-07","TCGA-BP-4354","Primary Tumor","CD79A","ENSG00000105369.10",2.3298,"OK"
"TCGA-KIRC","961f4263-5071-4dfd-b626-346f916b4c9d","TCGA-BP-4354-01A-02R-1289-07","TCGA-BP-4354","Primary Tumor","NKG7","ENSG00000105374.10",91.0961,"OK"
"TCGA-KIRC","961f4263-5071-4dfd-b626-346f916b4c9d","TCGA-BP-4354-01A-02R-1289-07","TCGA-BP-4354","Primary Tumor","LST1","ENSG00000204482.11",101.665,"OK"
"TCGA-KIRC","961f4263-5071-4dfd-b626-346f916b4c9d","TCGA-BP-4354-01A-02R-1289-07","TCGA-BP-4354","Primary Tumor","TYROBP","ENSG00000011600.12",961.8806,"OK"
"TCGA-KIRC","961f4263-5071-4dfd-b626-346f916b4c9d","TCGA-BP-4354-01A-02R-1289-07","TCGA-BP-4354","Primary Tumor","FCER1G","ENSG00000158869.11",627.9535,"OK"
"TCGA-KIRC","961f4263-5071-4dfd-b626-346f916b4c9d","TCGA-BP-4354-01A-02R-1289-07","TCGA-BP-4354","Primary Tumor","CD68","ENSG00000129226.14",0.3832,"OK"
"TCGA-KIRC","0cb86c23-556d-4c56-b6cd-96dbbaff1441","TCGA-CW-6097-01A-11R-1672-07","TCGA-CW-6097","Primary Tumor","PTPRC","ENSG00000081237.20",117.2082,"OK"
"TCGA-KIRC","0cb86c23-556d-4c56-b6cd-96dbbaff1441","TCGA-CW-6097-01A-11R-1672-07","TCGA-CW-6097","Primary Tumor","CD3D","ENSG00000167286.10",93.6817,"OK"
"TCGA-KIRC","0cb86c23-556d-4c56-b6cd-96dbbaff1441","TCGA-CW-6097-01A-11R-1672-07","TCGA-CW-6097","Primary Tumor","CD3E","ENSG00000198851.10",97.7215,"OK"
"TCGA-KIRC","0cb86c23-556d-4c56-b6cd-96dbbaff1441","TCGA-CW-6097-01A-11R-1672-07","TCGA-CW-6097","Primary Tumor","MS4A1","ENSG00000156738.18",28.5296,"OK"
"TCGA-KIRC","0cb86c23-556d-4c56-b6cd-96dbbaff1441","TCGA-CW-6097-01A-11R-1672-07","TCGA-CW-6097","Primary Tumor","CD79A","ENSG00000105369.10",95.6942,"OK"
"TCGA-KIRC","0cb86c23-556d-4c56-b6cd-96dbbaff1441","TCGA-CW-6097-01A-11R-1672-07","TCGA-CW-6097","Primary Tumor","NKG7","ENSG00000105374.10",105.9711,"OK"
"TCGA-KIRC","0cb86c23-556d-4c56-b6cd-96dbbaff1441","TCGA-CW-6097-01A-11R-1672-07","TCGA-CW-6097","Primary Tumor","LST1","ENSG00000204482.11",33.9093,"OK"
"TCGA-KIRC","0cb86c23-556d-4c56-b6cd-96dbbaff1441","TCGA-CW-6097-01A-11R-1672-07","TCGA-CW-6097","Primary Tumor","TYROBP","ENSG00000011600.12",487.0321,"OK"
"TCGA-KIRC","0cb86c23-556d-4c56-b6cd-96dbbaff1441","TCGA-CW-6097-01A-11R-1672-07","TCGA-CW-6097","Primary Tumor","FCER1G","ENSG00000158869.11",314.8183,"OK"
"TCGA-KIRC","0cb86c23-556d-4c56-b6cd-96dbbaff1441","TCGA-CW-6097-01A-11R-1672-07","TCGA-CW-6097","Primary Tumor","CD68","ENSG00000129226.14",0.4146,"OK"
"TCGA-KIRC","bc8cef4d-5c5c-4d5b-bbbc-553e8940ced1","TCGA-CJ-4902-01A-01R-1426-07","TCGA-CJ-4902","Primary Tumor","PTPRC","ENSG00000081237.20",33.835,"OK"
"TCGA-KIRC","bc8cef4d-5c5c-4d5b-bbbc-553e8940ced1","TCGA-CJ-4902-01A-01R-1426-07","TCGA-CJ-4902","Primary Tumor","CD3D","ENSG00000167286.10",46.7695,"OK"
"TCGA-KIRC","bc8cef4d-5c5c-4d5b-bbbc-553e8940ced1","TCGA-CJ-4902-01A-01R-1426-07","TCGA-CJ-4902","Primary Tumor","CD3E","ENSG00000198851.10",45.7407,"OK"
"TCGA-KIRC","bc8cef4d-5c5c-4d5b-bbbc-553e8940ced1","TCGA-CJ-4902-01A-01R-1426-07","TCGA-CJ-4902","Primary Tumor","MS4A1","ENSG00000156738.18",3.8563,"OK"
"TCGA-KIRC","bc8cef4d-5c5c-4d5b-bbbc-553e8940ced1","TCGA-CJ-4902-01A-01R-1426-07","TCGA-CJ-4902","Primary Tumor","CD79A","ENSG00000105369.10",13.1904,"OK"
"TCGA-KIRC","bc8cef4d-5c5c-4d5b-bbbc-553e8940ced1","TCGA-CJ-4902-01A-01R-1426-07","TCGA-CJ-4902","Primary Tumor","NKG7","ENSG00000105374.10",102.3326,"OK"
"TCGA-KIRC","bc8cef4d-5c5c-4d5b-bbbc-553e8940ced1","TCGA-CJ-4902-01A-01R-1426-07","TCGA-CJ-4902","Primary Tumor","LST1","ENSG00000204482.11",28.44,"OK"
"TCGA-KIRC","bc8cef4d-5c5c-4d5b-bbbc-553e8940ced1","TCGA-CJ-4902-01A-01R-1426-07","TCGA-CJ-4902","Primary Tumor","TYROBP","ENSG00000011600.12",350.0927,"OK"
"TCGA-KIRC","bc8cef4d-5c5c-4d5b-bbbc-553e8940ced1","TCGA-CJ-4902-01A-01R-1426-07","TCGA-CJ-4902","Primary Tumor","FCER1G","ENSG00000158869.11",209.6132,"OK"
"TCGA-KIRC","bc8cef4d-5c5c-4d5b-bbbc-553e8940ced1","TCGA-CJ-4902-01A-01R-1426-07","TCGA-CJ-4902","Primary Tumor","CD68","ENSG00000129226.14",0.2901,"OK"
"TCGA-KIRC","539f5a17-442a-4c07-9606-b8f88c731504","TCGA-AK-3443-01A-02R-1325-07","TCGA-AK-3443","Primary Tumor","PTPRC","ENSG00000081237.20",4.6967,"OK"
"TCGA-KIRC","539f5a17-442a-4c07-9606-b8f88c731504","TCGA-AK-3443-01A-02R-1325-07","TCGA-AK-3443","Primary Tumor","CD3D","ENSG00000167286.10",0.3816,"OK"
"TCGA-KIRC","539f5a17-442a-4c07-9606-b8f88c731504","TCGA-AK-3443-01A-02R-1325-07","TCGA-AK-3443","Primary Tumor","CD3E","ENSG00000198851.10",0.2759,"OK"
"TCGA-KIRC","539f5a17-442a-4c07-9606-b8f88c731504","TCGA-AK-3443-01A-02R-1325-07","TCGA-AK-3443","Primary Tumor","MS4A1","ENSG00000156738.18",0.0231,"OK"
"TCGA-KIRC","539f5a17-442a-4c07-9606-b8f88c731504","TCGA-AK-3443-01A-02R-1325-07","TCGA-AK-3443","Primary Tumor","CD79A","ENSG00000105369.10",0.0819,"OK"
"TCGA-KIRC","539f5a17-442a-4c07-9606-b8f88c731504","TCGA-AK-3443-01A-02R-1325-07","TCGA-AK-3443","Primary Tumor","NKG7","ENSG00000105374.10",1.0354,"OK"
"TCGA-KIRC","539f5a17-442a-4c07-9606-b8f88c731504","TCGA-AK-3443-01A-02R-1325-07","TCGA-AK-3443","Primary Tumor","LST1","ENSG00000204482.11",0.7718,"OK"
"TCGA-KIRC","539f5a17-442a-4c07-9606-b8f88c731504","TCGA-AK-3443-01A-02R-1325-07","TCGA-AK-3443","Primary Tumor","TYROBP","ENSG00000011600.12",7.7237,"OK"
"TCGA-KIRC","539f5a17-442a-4c07-9606-b8f88c731504","TCGA-AK-3443-01A-02R-1325-07","TCGA-AK-3443","Primary Tumor","FCER1G","ENSG00000158869.11",3.3482,"OK"
"TCGA-KIRC","539f5a17-442a-4c07-9606-b8f88c731504","TCGA-AK-3443-01A-02R-1325-07","TCGA-AK-3443","Primary Tumor","CD68","ENSG00000129226.14",0.0678,"OK"
"TCGA-KIRC","58cdb5fa-ab1d-4b7c-a790-4c81cd86efc4","TCGA-BP-5190-01A-01R-1426-07","TCGA-BP-5190","Primary Tumor","PTPRC","ENSG00000081237.20",6.3479,"OK"
"TCGA-KIRC","58cdb5fa-ab1d-4b7c-a790-4c81cd86efc4","TCGA-BP-5190-01A-01R-1426-07","TCGA-BP-5190","Primary Tumor","CD3D","ENSG00000167286.10",13.3638,"OK"
"TCGA-KIRC","58cdb5fa-ab1d-4b7c-a790-4c81cd86efc4","TCGA-BP-5190-01A-01R-1426-07","TCGA-BP-5190","Primary Tumor","CD3E","ENSG00000198851.10",13.4431,"OK"
"TCGA-KIRC","58cdb5fa-ab1d-4b7c-a790-4c81cd86efc4","TCGA-BP-5190-01A-01R-1426-07","TCGA-BP-5190","Primary Tumor","MS4A1","ENSG00000156738.18",0.4215,"OK"
"TCGA-KIRC","58cdb5fa-ab1d-4b7c-a790-4c81cd86efc4","TCGA-BP-5190-01A-01R-1426-07","TCGA-BP-5190","Primary Tumor","CD79A","ENSG00000105369.10",1.3021,"OK"
"TCGA-KIRC","58cdb5fa-ab1d-4b7c-a790-4c81cd86efc4","TCGA-BP-5190-01A-01R-1426-07","TCGA-BP-5190","Primary Tumor","NKG7","ENSG00000105374.10",32.5044,"OK"
"TCGA-KIRC","58cdb5fa-ab1d-4b7c-a790-4c81cd86efc4","TCGA-BP-5190-01A-01R-1426-07","TCGA-BP-5190","Primary Tumor","LST1","ENSG00000204482.11",9.8596,"OK"
"TCGA-KIRC","58cdb5fa-ab1d-4b7c-a790-4c81cd86efc4","TCGA-BP-5190-01A-01R-1426-07","TCGA-BP-5190","Primary Tumor","TYROBP","ENSG00000011600.12",136.7047,"OK"
"TCGA-KIRC","58cdb5fa-ab1d-4b7c-a790-4c81cd86efc4","TCGA-BP-5190-01A-01R-1426-07","TCGA-BP-5190","Primary Tumor","FCER1G","ENSG00000158869.11",81.7693,"OK"
"TCGA-KIRC","58cdb5fa-ab1d-4b7c-a790-4c81cd86efc4","TCGA-BP-5190-01A-01R-1426-07","TCGA-BP-5190","Primary Tumor","CD68","ENSG00000129226.14",0.0172,"OK"
"TCGA-KIRC","8fc7b6c7-aa50-4a13-a898-35a6bce2d32f","TCGA-MM-A84U-01A-11R-A37O-07","TCGA-MM-A84U","Primary Tumor","PTPRC","ENSG00000081237.20",7.2634,"OK"
"TCGA-KIRC","8fc7b6c7-aa50-4a13-a898-35a6bce2d32f","TCGA-MM-A84U-01A-11R-A37O-07","TCGA-MM-A84U","Primary Tumor","CD3D","ENSG00000167286.10",25.233,"OK"
"TCGA-KIRC","8fc7b6c7-aa50-4a13-a898-35a6bce2d32f","TCGA-MM-A84U-01A-11R-A37O-07","TCGA-MM-A84U","Primary Tumor","CD3E","ENSG00000198851.10",15.083,"OK"
"TCGA-KIRC","8fc7b6c7-aa50-4a13-a898-35a6bce2d32f","TCGA-MM-A84U-01A-11R-A37O-07","TCGA-MM-A84U","Primary Tumor","MS4A1","ENSG00000156738.18",0.4986,"OK"
"TCGA-KIRC","8fc7b6c7-aa50-4a13-a898-35a6bce2d32f","TCGA-MM-A84U-01A-11R-A37O-07","TCGA-MM-A84U","Primary Tumor","CD79A","ENSG00000105369.10",5.8314,"OK"
"TCGA-KIRC","8fc7b6c7-aa50-4a13-a898-35a6bce2d32f","TCGA-MM-A84U-01A-11R-A37O-07","TCGA-MM-A84U","Primary Tumor","NKG7","ENSG00000105374.10",64.5557,"OK"
"TCGA-KIRC","8fc7b6c7-aa50-4a13-a898-35a6bce2d32f","TCGA-MM-A84U-01A-11R-A37O-07","TCGA-MM-A84U","Primary Tumor","LST1","ENSG00000204482.11",28.6485,"OK"
"TCGA-KIRC","8fc7b6c7-aa50-4a13-a898-35a6bce2d32f","TCGA-MM-A84U-01A-11R-A37O-07","TCGA-MM-A84U","Primary Tumor","TYROBP","ENSG00000011600.12",300.0501,"OK"
"TCGA-KIRC","8fc7b6c7-aa50-4a13-a898-35a6bce2d32f","TCGA-MM-A84U-01A-11R-A37O-07","TCGA-MM-A84U","Primary Tumor","FCER1G","ENSG00000158869.11",123.7448,"OK"
"TCGA-KIRC","8fc7b6c7-aa50-4a13-a898-35a6bce2d32f","TCGA-MM-A84U-01A-11R-A37O-07","TCGA-MM-A84U","Primary Tumor","CD68","ENSG00000129226.14",0.025,"OK"
"TCGA-KIRC","5fc65294-257d-41eb-83b5-1cb566b1743f","TCGA-BP-4335-01A-01R-1289-07","TCGA-BP-4335","Primary Tumor","PTPRC","ENSG00000081237.20",19.5743,"OK"
"TCGA-KIRC","5fc65294-257d-41eb-83b5-1cb566b1743f","TCGA-BP-4335-01A-01R-1289-07","TCGA-BP-4335","Primary Tumor","CD3D","ENSG00000167286.10",40.6038,"OK"
"TCGA-KIRC","5fc65294-257d-41eb-83b5-1cb566b1743f","TCGA-BP-4335-01A-01R-1289-07","TCGA-BP-4335","Primary Tumor","CD3E","ENSG00000198851.10",35.3533,"OK"
"TCGA-KIRC","5fc65294-257d-41eb-83b5-1cb566b1743f","TCGA-BP-4335-01A-01R-1289-07","TCGA-BP-4335","Primary Tumor","MS4A1","ENSG00000156738.18",0.9868,"OK"
"TCGA-KIRC","5fc65294-257d-41eb-83b5-1cb566b1743f","TCGA-BP-4335-01A-01R-1289-07","TCGA-BP-4335","Primary Tumor","CD79A","ENSG00000105369.10",23.2817,"OK"
"TCGA-KIRC","5fc65294-257d-41eb-83b5-1cb566b1743f","TCGA-BP-4335-01A-01R-1289-07","TCGA-BP-4335","Primary Tumor","NKG7","ENSG00000105374.10",79.3221,"OK"
"TCGA-KIRC","5fc65294-257d-41eb-83b5-1cb566b1743f","TCGA-BP-4335-01A-01R-1289-07","TCGA-BP-4335","Primary Tumor","LST1","ENSG00000204482.11",18.775,"OK"
"TCGA-KIRC","5fc65294-257d-41eb-83b5-1cb566b1743f","TCGA-BP-4335-01A-01R-1289-07","TCGA-BP-4335","Primary Tumor","TYROBP","ENSG00000011600.12",164.309,"OK"
"TCGA-KIRC","5fc65294-257d-41eb-83b5-1cb566b1743f","TCGA-BP-4335-01A-01R-1289-07","TCGA-BP-4335","Primary Tumor","FCER1G","ENSG00000158869.11",93.8703,"OK"
"TCGA-KIRC","5fc65294-257d-41eb-83b5-1cb566b1743f","TCGA-BP-4335-01A-01R-1289-07","TCGA-BP-4335","Primary Tumor","CD68","ENSG00000129226.14",0.0306,"OK"
"TCGA-KIRC","4b881bd7-355b-4b47-8c00-41734f8e01d2","TCGA-BP-4766-01A-01R-1289-07","TCGA-BP-4766","Primary Tumor","PTPRC","ENSG00000081237.20",20.5178,"OK"
"TCGA-KIRC","4b881bd7-355b-4b47-8c00-41734f8e01d2","TCGA-BP-4766-01A-01R-1289-07","TCGA-BP-4766","Primary Tumor","CD3D","ENSG00000167286.10",7.8691,"OK"
"TCGA-KIRC","4b881bd7-355b-4b47-8c00-41734f8e01d2","TCGA-BP-4766-01A-01R-1289-07","TCGA-BP-4766","Primary Tumor","CD3E","ENSG00000198851.10",6.7921,"OK"
"TCGA-KIRC","4b881bd7-355b-4b47-8c00-41734f8e01d2","TCGA-BP-4766-01A-01R-1289-07","TCGA-BP-4766","Primary Tumor","MS4A1","ENSG00000156738.18",0.2852,"OK"
"TCGA-KIRC","4b881bd7-355b-4b47-8c00-41734f8e01d2","TCGA-BP-4766-01A-01R-1289-07","TCGA-BP-4766","Primary Tumor","CD79A","ENSG00000105369.10",1.4659,"OK"
"TCGA-KIRC","4b881bd7-355b-4b47-8c00-41734f8e01d2","TCGA-BP-4766-01A-01R-1289-07","TCGA-BP-4766","Primary Tumor","NKG7","ENSG00000105374.10",37.9962,"OK"
"TCGA-KIRC","4b881bd7-355b-4b47-8c00-41734f8e01d2","TCGA-BP-4766-01A-01R-1289-07","TCGA-BP-4766","Primary Tumor","LST1","ENSG00000204482.11",19.681,"OK"
"TCGA-KIRC","4b881bd7-355b-4b47-8c00-41734f8e01d2","TCGA-BP-4766-01A-01R-1289-07","TCGA-BP-4766","Primary Tumor","TYROBP","ENSG00000011600.12",237.0302,"OK"
"TCGA-KIRC","4b881bd7-355b-4b47-8c00-41734f8e01d2","TCGA-BP-4766-01A-01R-1289-07","TCGA-BP-4766","Primary Tumor","FCER1G","ENSG00000158869.11",134.5,"OK"
"TCGA-KIRC","4b881bd7-355b-4b47-8c00-41734f8e01d2","TCGA-BP-4766-01A-01R-1289-07","TCGA-BP-4766","Primary Tumor","CD68","ENSG00000129226.14",0.2602,"OK"
"TCGA-KIRC","d499f1d6-3d58-406e-9ed5-98141e774ddc","TCGA-A3-3374-01A-02R-1325-07","TCGA-A3-3374","Primary Tumor","PTPRC","ENSG00000081237.20",5.072,"OK"
"TCGA-KIRC","d499f1d6-3d58-406e-9ed5-98141e774ddc","TCGA-A3-3374-01A-02R-1325-07","TCGA-A3-3374","Primary Tumor","CD3D","ENSG00000167286.10",5.3021,"OK"
"TCGA-KIRC","d499f1d6-3d58-406e-9ed5-98141e774ddc","TCGA-A3-3374-01A-02R-1325-07","TCGA-A3-3374","Primary Tumor","CD3E","ENSG00000198851.10",5.1965,"OK"
"TCGA-KIRC","d499f1d6-3d58-406e-9ed5-98141e774ddc","TCGA-A3-3374-01A-02R-1325-07","TCGA-A3-3374","Primary Tumor","MS4A1","ENSG00000156738.18",0.0611,"OK"
"TCGA-KIRC","d499f1d6-3d58-406e-9ed5-98141e774ddc","TCGA-A3-3374-01A-02R-1325-07","TCGA-A3-3374","Primary Tumor","CD79A","ENSG00000105369.10",1.1557,"OK"
"TCGA-KIRC","d499f1d6-3d58-406e-9ed5-98141e774ddc","TCGA-A3-3374-01A-02R-1325-07","TCGA-A3-3374","Primary Tumor","NKG7","ENSG00000105374.10",14.6513,"OK"
"TCGA-KIRC","d499f1d6-3d58-406e-9ed5-98141e774ddc","TCGA-A3-3374-01A-02R-1325-07","TCGA-A3-3374","Primary Tumor","LST1","ENSG00000204482.11",11.4201,"OK"
"TCGA-KIRC","d499f1d6-3d58-406e-9ed5-98141e774ddc","TCGA-A3-3374-01A-02R-1325-07","TCGA-A3-3374","Primary Tumor","TYROBP","ENSG00000011600.12",474.4373,"OK"
"TCGA-KIRC","d499f1d6-3d58-406e-9ed5-98141e774ddc","TCGA-A3-3374-01A-02R-1325-07","TCGA-A3-3374","Primary Tumor","FCER1G","ENSG00000158869.11",313.691,"OK"
"TCGA-KIRC","d499f1d6-3d58-406e-9ed5-98141e774ddc","TCGA-A3-3374-01A-02R-1325-07","TCGA-A3-3374","Primary Tumor","CD68","ENSG00000129226.14",0.1795,"OK"
"TCGA-KIRC","fc9e3356-b4e0-46e8-9842-46a2366352de","TCGA-A3-3372-01A-02R-1325-07","TCGA-A3-3372","Primary Tumor","PTPRC","ENSG00000081237.20",43.0423,"OK"
"TCGA-KIRC","fc9e3356-b4e0-46e8-9842-46a2366352de","TCGA-A3-3372-01A-02R-1325-07","TCGA-A3-3372","Primary Tumor","CD3D","ENSG00000167286.10",25.9763,"OK"
"TCGA-KIRC","fc9e3356-b4e0-46e8-9842-46a2366352de","TCGA-A3-3372-01A-02R-1325-07","TCGA-A3-3372","Primary Tumor","CD3E","ENSG00000198851.10",25.8215,"OK"
"TCGA-KIRC","fc9e3356-b4e0-46e8-9842-46a2366352de","TCGA-A3-3372-01A-02R-1325-07","TCGA-A3-3372","Primary Tumor","MS4A1","ENSG00000156738.18",0.8651,"OK"
"TCGA-KIRC","fc9e3356-b4e0-46e8-9842-46a2366352de","TCGA-A3-3372-01A-02R-1325-07","TCGA-A3-3372","Primary Tumor","CD79A","ENSG00000105369.10",1.5575,"OK"
"TCGA-KIRC","fc9e3356-b4e0-46e8-9842-46a2366352de","TCGA-A3-3372-01A-02R-1325-07","TCGA-A3-3372","Primary Tumor","NKG7","ENSG00000105374.10",84.8738,"OK"
"TCGA-KIRC","fc9e3356-b4e0-46e8-9842-46a2366352de","TCGA-A3-3372-01A-02R-1325-07","TCGA-A3-3372","Primary Tumor","LST1","ENSG00000204482.11",23.0998,"OK"
"TCGA-KIRC","fc9e3356-b4e0-46e8-9842-46a2366352de","TCGA-A3-3372-01A-02R-1325-07","TCGA-A3-3372","Primary Tumor","TYROBP","ENSG00000011600.12",217.6687,"OK"
"TCGA-KIRC","fc9e3356-b4e0-46e8-9842-46a2366352de","TCGA-A3-3372-01A-02R-1325-07","TCGA-A3-3372","Primary Tumor","FCER1G","ENSG00000158869.11",143.8737,"OK"
"TCGA-KIRC","fc9e3356-b4e0-46e8-9842-46a2366352de","TCGA-A3-3372-01A-02R-1325-07","TCGA-A3-3372","Primary Tumor","CD68","ENSG00000129226.14",0.1106,"OK"
"TCGA-KIRC","a1f29e81-e426-4cc5-813b-fcf83a595303","TCGA-B0-5077-01A-01R-1334-07","TCGA-B0-5077","Primary Tumor","PTPRC","ENSG00000081237.20",19.2636,"OK"
"TCGA-KIRC","a1f29e81-e426-4cc5-813b-fcf83a595303","TCGA-B0-5077-01A-01R-1334-07","TCGA-B0-5077","Primary Tumor","CD3D","ENSG00000167286.10",30.6178,"OK"
"TCGA-KIRC","a1f29e81-e426-4cc5-813b-fcf83a595303","TCGA-B0-5077-01A-01R-1334-07","TCGA-B0-5077","Primary Tumor","CD3E","ENSG00000198851.10",26.1628,"OK"
"TCGA-KIRC","a1f29e81-e426-4cc5-813b-fcf83a595303","TCGA-B0-5077-01A-01R-1334-07","TCGA-B0-5077","Primary Tumor","MS4A1","ENSG00000156738.18",0.2757,"OK"
"TCGA-KIRC","a1f29e81-e426-4cc5-813b-fcf83a595303","TCGA-B0-5077-01A-01R-1334-07","TCGA-B0-5077","Primary Tumor","CD79A","ENSG00000105369.10",1.7733,"OK"
"TCGA-KIRC","a1f29e81-e426-4cc5-813b-fcf83a595303","TCGA-B0-5077-01A-01R-1334-07","TCGA-B0-5077","Primary Tumor","NKG7","ENSG00000105374.10",73.7049,"OK"
"TCGA-KIRC","a1f29e81-e426-4cc5-813b-fcf83a595303","TCGA-B0-5077-01A-01R-1334-07","TCGA-B0-5077","Primary Tumor","LST1","ENSG00000204482.11",16.3031,"OK"
"TCGA-KIRC","a1f29e81-e426-4cc5-813b-fcf83a595303","TCGA-B0-5077-01A-01R-1334-07","TCGA-B0-5077","Primary Tumor","TYROBP","ENSG00000011600.12",223.1232,"OK"
"TCGA-KIRC","a1f29e81-e426-4cc5-813b-fcf83a595303","TCGA-B0-5077-01A-01R-1334-07","TCGA-B0-5077","Primary Tumor","FCER1G","ENSG00000158869.11",108.3112,"OK"
"TCGA-KIRC","a1f29e81-e426-4cc5-813b-fcf83a595303","TCGA-B0-5077-01A-01R-1334-07","TCGA-B0-5077","Primary Tumor","CD68","ENSG00000129226.14",0.247,"OK"
"TCGA-KIRC","cc4d6b44-ae57-4f0c-affe-ba411b9fba9b","TCGA-B0-4694-01A-01R-1277-07","TCGA-B0-4694","Primary Tumor","PTPRC","ENSG00000081237.20",57.0283,"OK"
"TCGA-KIRC","cc4d6b44-ae57-4f0c-affe-ba411b9fba9b","TCGA-B0-4694-01A-01R-1277-07","TCGA-B0-4694","Primary Tumor","CD3D","ENSG00000167286.10",122.4425,"OK"
"TCGA-KIRC","cc4d6b44-ae57-4f0c-affe-ba411b9fba9b","TCGA-B0-4694-01A-01R-1277-07","TCGA-B0-4694","Primary Tumor","CD3E","ENSG00000198851.10",89.8781,"OK"
"TCGA-KIRC","cc4d6b44-ae57-4f0c-affe-ba411b9fba9b","TCGA-B0-4694-01A-01R-1277-07","TCGA-B0-4694","Primary Tumor","MS4A1","ENSG00000156738.18",1.5053,"OK"
"TCGA-KIRC","cc4d6b44-ae57-4f0c-affe-ba411b9fba9b","TCGA-B0-4694-01A-01R-1277-07","TCGA-B0-4694","Primary Tumor","CD79A","ENSG00000105369.10",20.1953,"OK"
"TCGA-KIRC","cc4d6b44-ae57-4f0c-affe-ba411b9fba9b","TCGA-B0-4694-01A-01R-1277-07","TCGA-B0-4694","Primary Tumor","NKG7","ENSG00000105374.10",354.145,"OK"
"TCGA-KIRC","cc4d6b44-ae57-4f0c-affe-ba411b9fba9b","TCGA-B0-4694-01A-01R-1277-07","TCGA-B0-4694","Primary Tumor","LST1","ENSG00000204482.11",50.1202,"OK"
"TCGA-KIRC","cc4d6b44-ae57-4f0c-affe-ba411b9fba9b","TCGA-B0-4694-01A-01R-1277-07","TCGA-B0-4694","Primary Tumor","TYROBP","ENSG00000011600.12",963.6799,"OK"
"TCGA-KIRC","cc4d6b44-ae57-4f0c-affe-ba411b9fba9b","TCGA-B0-4694-01A-01R-1277-07","TCGA-B0-4694","Primary Tumor","FCER1G","ENSG00000158869.11",467.0312,"OK"
"TCGA-KIRC","cc4d6b44-ae57-4f0c-affe-ba411b9fba9b","TCGA-B0-4694-01A-01R-1277-07","TCGA-B0-4694","Primary Tumor","CD68","ENSG00000129226.14",0.0942,"OK"
"TCGA-KIRC","d514c3bc-c1e1-4028-9822-90ad703a3a8d","TCGA-B2-3923-01B-10R-A277-07","TCGA-B2-3923","Primary Tumor","PTPRC","ENSG00000081237.20",18.4825,"OK"
"TCGA-KIRC","d514c3bc-c1e1-4028-9822-90ad703a3a8d","TCGA-B2-3923-01B-10R-A277-07","TCGA-B2-3923","Primary Tumor","CD3D","ENSG00000167286.10",1.476,"OK"
"TCGA-KIRC","d514c3bc-c1e1-4028-9822-90ad703a3a8d","TCGA-B2-3923-01B-10R-A277-07","TCGA-B2-3923","Primary Tumor","CD3E","ENSG00000198851.10",1.4636,"OK"
"TCGA-KIRC","d514c3bc-c1e1-4028-9822-90ad703a3a8d","TCGA-B2-3923-01B-10R-A277-07","TCGA-B2-3923","Primary Tumor","MS4A1","ENSG00000156738.18",1.0878,"OK"
"TCGA-KIRC","d514c3bc-c1e1-4028-9822-90ad703a3a8d","TCGA-B2-3923-01B-10R-A277-07","TCGA-B2-3923","Primary Tumor","CD79A","ENSG00000105369.10",3.2575,"OK"
"TCGA-KIRC","d514c3bc-c1e1-4028-9822-90ad703a3a8d","TCGA-B2-3923-01B-10R-A277-07","TCGA-B2-3923","Primary Tumor","NKG7","ENSG00000105374.10",3.3451,"OK"
"TCGA-KIRC","d514c3bc-c1e1-4028-9822-90ad703a3a8d","TCGA-B2-3923-01B-10R-A277-07","TCGA-B2-3923","Primary Tumor","LST1","ENSG00000204482.11",1.4217,"OK"
"TCGA-KIRC","d514c3bc-c1e1-4028-9822-90ad703a3a8d","TCGA-B2-3923-01B-10R-A277-07","TCGA-B2-3923","Primary Tumor","TYROBP","ENSG00000011600.12",11.0842,"OK"
"TCGA-KIRC","d514c3bc-c1e1-4028-9822-90ad703a3a8d","TCGA-B2-3923-01B-10R-A277-07","TCGA-B2-3923","Primary Tumor","FCER1G","ENSG00000158869.11",26.7447,"OK"
"TCGA-KIRC","d514c3bc-c1e1-4028-9822-90ad703a3a8d","TCGA-B2-3923-01B-10R-A277-07","TCGA-B2-3923","Primary Tumor","CD68","ENSG00000129226.14",0.3748,"OK"
"TCGA-KIRC","fb449c0c-d752-4110-a41a-c46aa29617ea","TCGA-A3-3365-01A-01R-0864-07","TCGA-A3-3365","Primary Tumor","PTPRC","ENSG00000081237.20",32.076,"OK"
"TCGA-KIRC","fb449c0c-d752-4110-a41a-c46aa29617ea","TCGA-A3-3365-01A-01R-0864-07","TCGA-A3-3365","Primary Tumor","CD3D","ENSG00000167286.10",27.7733,"OK"
"TCGA-KIRC","fb449c0c-d752-4110-a41a-c46aa29617ea","TCGA-A3-3365-01A-01R-0864-07","TCGA-A3-3365","Primary Tumor","CD3E","ENSG00000198851.10",27.3307,"OK"
"TCGA-KIRC","fb449c0c-d752-4110-a41a-c46aa29617ea","TCGA-A3-3365-01A-01R-0864-07","TCGA-A3-3365","Primary Tumor","MS4A1","ENSG00000156738.18",5.5267,"OK"
"TCGA-KIRC","fb449c0c-d752-4110-a41a-c46aa29617ea","TCGA-A3-3365-01A-01R-0864-07","TCGA-A3-3365","Primary Tumor","CD79A","ENSG00000105369.10",10.5416,"OK"
"TCGA-KIRC","fb449c0c-d752-4110-a41a-c46aa29617ea","TCGA-A3-3365-01A-01R-0864-07","TCGA-A3-3365","Primary Tumor","NKG7","ENSG00000105374.10",80.1306,"OK"
"TCGA-KIRC","fb449c0c-d752-4110-a41a-c46aa29617ea","TCGA-A3-3365-01A-01R-0864-07","TCGA-A3-3365","Primary Tumor","LST1","ENSG00000204482.11",22.6511,"OK"
"TCGA-KIRC","fb449c0c-d752-4110-a41a-c46aa29617ea","TCGA-A3-3365-01A-01R-0864-07","TCGA-A3-3365","Primary Tumor","TYROBP","ENSG00000011600.12",262.1321,"OK"
"TCGA-KIRC","fb449c0c-d752-4110-a41a-c46aa29617ea","TCGA-A3-3365-01A-01R-0864-07","TCGA-A3-3365","Primary Tumor","FCER1G","ENSG00000158869.11",138.2693,"OK"
"TCGA-KIRC","fb449c0c-d752-4110-a41a-c46aa29617ea","TCGA-A3-3365-01A-01R-0864-07","TCGA-A3-3365","Primary Tumor","CD68","ENSG00000129226.14",0.1629,"OK"
"TCGA-KIRC","4845a010-e208-4c1b-85b1-99fbd155edf2","TCGA-A3-3311-01A-02R-1325-07","TCGA-A3-3311","Primary Tumor","PTPRC","ENSG00000081237.20",37.6971,"OK"
"TCGA-KIRC","4845a010-e208-4c1b-85b1-99fbd155edf2","TCGA-A3-3311-01A-02R-1325-07","TCGA-A3-3311","Primary Tumor","CD3D","ENSG00000167286.10",27.1489,"OK"
"TCGA-KIRC","4845a010-e208-4c1b-85b1-99fbd155edf2","TCGA-A3-3311-01A-02R-1325-07","TCGA-A3-3311","Primary Tumor","CD3E","ENSG00000198851.10",26.1014,"OK"
"TCGA-KIRC","4845a010-e208-4c1b-85b1-99fbd155edf2","TCGA-A3-3311-01A-02R-1325-07","TCGA-A3-3311","Primary Tumor","MS4A1","ENSG00000156738.18",0.7098,"OK"
"TCGA-KIRC","4845a010-e208-4c1b-85b1-99fbd155edf2","TCGA-A3-3311-01A-02R-1325-07","TCGA-A3-3311","Primary Tumor","CD79A","ENSG00000105369.10",12.1402,"OK"
"TCGA-KIRC","4845a010-e208-4c1b-85b1-99fbd155edf2","TCGA-A3-3311-01A-02R-1325-07","TCGA-A3-3311","Primary Tumor","NKG7","ENSG00000105374.10",52.9948,"OK"
"TCGA-KIRC","4845a010-e208-4c1b-85b1-99fbd155edf2","TCGA-A3-3311-01A-02R-1325-07","TCGA-A3-3311","Primary Tumor","LST1","ENSG00000204482.11",18.8828,"OK"
"TCGA-KIRC","4845a010-e208-4c1b-85b1-99fbd155edf2","TCGA-A3-3311-01A-02R-1325-07","TCGA-A3-3311","Primary Tumor","TYROBP","ENSG00000011600.12",273.9371,"OK"
"TCGA-KIRC","4845a010-e208-4c1b-85b1-99fbd155edf2","TCGA-A3-3311-01A-02R-1325-07","TCGA-A3-3311","Primary Tumor","FCER1G","ENSG00000158869.11",156.429,"OK"
"TCGA-KIRC","4845a010-e208-4c1b-85b1-99fbd155edf2","TCGA-A3-3311-01A-02R-1325-07","TCGA-A3-3311","Primary Tumor","CD68","ENSG00000129226.14",0.1739,"OK"
"TCGA-KIRC","60ae8b09-673e-418f-abda-7e3ce228c808","TCGA-BP-4968-01A-01R-1334-07","TCGA-BP-4968","Primary Tumor","PTPRC","ENSG00000081237.20",23.6651,"OK"
"TCGA-KIRC","60ae8b09-673e-418f-abda-7e3ce228c808","TCGA-BP-4968-01A-01R-1334-07","TCGA-BP-4968","Primary Tumor","CD3D","ENSG00000167286.10",88.275,"OK"
"TCGA-KIRC","60ae8b09-673e-418f-abda-7e3ce228c808","TCGA-BP-4968-01A-01R-1334-07","TCGA-BP-4968","Primary Tumor","CD3E","ENSG00000198851.10",65.652,"OK"
"TCGA-KIRC","60ae8b09-673e-418f-abda-7e3ce228c808","TCGA-BP-4968-01A-01R-1334-07","TCGA-BP-4968","Primary Tumor","MS4A1","ENSG00000156738.18",0.9166,"OK"
"TCGA-KIRC","60ae8b09-673e-418f-abda-7e3ce228c808","TCGA-BP-4968-01A-01R-1334-07","TCGA-BP-4968","Primary Tumor","CD79A","ENSG00000105369.10",5.8089,"OK"
"TCGA-KIRC","60ae8b09-673e-418f-abda-7e3ce228c808","TCGA-BP-4968-01A-01R-1334-07","TCGA-BP-4968","Primary Tumor","NKG7","ENSG00000105374.10",148.4722,"OK"
"TCGA-KIRC","60ae8b09-673e-418f-abda-7e3ce228c808","TCGA-BP-4968-01A-01R-1334-07","TCGA-BP-4968","Primary Tumor","LST1","ENSG00000204482.11",36.0411,"OK"
"TCGA-KIRC","60ae8b09-673e-418f-abda-7e3ce228c808","TCGA-BP-4968-01A-01R-1334-07","TCGA-BP-4968","Primary Tumor","TYROBP","ENSG00000011600.12",317.3661,"OK"
"TCGA-KIRC","60ae8b09-673e-418f-abda-7e3ce228c808","TCGA-BP-4968-01A-01R-1334-07","TCGA-BP-4968","Primary Tumor","FCER1G","ENSG00000158869.11",166.8746,"OK"
"TCGA-KIRC","60ae8b09-673e-418f-abda-7e3ce228c808","TCGA-BP-4968-01A-01R-1334-07","TCGA-BP-4968","Primary Tumor","CD68","ENSG00000129226.14",0.2166,"OK"
"TCGA-KIRC","6dc1b313-81c8-4b4d-8fcd-07ad3fe499f7","TCGA-BP-4969-01A-01R-1334-07","TCGA-BP-4969","Primary Tumor","PTPRC","ENSG00000081237.20",3.3502,"OK"
"TCGA-KIRC","6dc1b313-81c8-4b4d-8fcd-07ad3fe499f7","TCGA-BP-4969-01A-01R-1334-07","TCGA-BP-4969","Primary Tumor","CD3D","ENSG00000167286.10",5.2413,"OK"
"TCGA-KIRC","6dc1b313-81c8-4b4d-8fcd-07ad3fe499f7","TCGA-BP-4969-01A-01R-1334-07","TCGA-BP-4969","Primary Tumor","CD3E","ENSG00000198851.10",4.7439,"OK"
"TCGA-KIRC","6dc1b313-81c8-4b4d-8fcd-07ad3fe499f7","TCGA-BP-4969-01A-01R-1334-07","TCGA-BP-4969","Primary Tumor","MS4A1","ENSG00000156738.18",0.1721,"OK"
"TCGA-KIRC","6dc1b313-81c8-4b4d-8fcd-07ad3fe499f7","TCGA-BP-4969-01A-01R-1334-07","TCGA-BP-4969","Primary Tumor","CD79A","ENSG00000105369.10",1.0274,"OK"
"TCGA-KIRC","6dc1b313-81c8-4b4d-8fcd-07ad3fe499f7","TCGA-BP-4969-01A-01R-1334-07","TCGA-BP-4969","Primary Tumor","NKG7","ENSG00000105374.10",15.9247,"OK"
"TCGA-KIRC","6dc1b313-81c8-4b4d-8fcd-07ad3fe499f7","TCGA-BP-4969-01A-01R-1334-07","TCGA-BP-4969","Primary Tumor","LST1","ENSG00000204482.11",6.659,"OK"
"TCGA-KIRC","6dc1b313-81c8-4b4d-8fcd-07ad3fe499f7","TCGA-BP-4969-01A-01R-1334-07","TCGA-BP-4969","Primary Tumor","TYROBP","ENSG00000011600.12",71.8005,"OK"
"TCGA-KIRC","6dc1b313-81c8-4b4d-8fcd-07ad3fe499f7","TCGA-BP-4969-01A-01R-1334-07","TCGA-BP-4969","Primary Tumor","FCER1G","ENSG00000158869.11",37.0101,"OK"
"TCGA-KIRC","6dc1b313-81c8-4b4d-8fcd-07ad3fe499f7","TCGA-BP-4969-01A-01R-1334-07","TCGA-BP-4969","Primary Tumor","CD68","ENSG00000129226.14",0.069,"OK"
"TCGA-KIRC","450ec77d-c822-4d53-9a2b-bd6e4b6b9a62","TCGA-B0-4837-01A-01R-1305-07","TCGA-B0-4837","Primary Tumor","PTPRC","ENSG00000081237.20",8.528,"OK"
"TCGA-KIRC","450ec77d-c822-4d53-9a2b-bd6e4b6b9a62","TCGA-B0-4837-01A-01R-1305-07","TCGA-B0-4837","Primary Tumor","CD3D","ENSG00000167286.10",17.4418,"OK"
"TCGA-KIRC","450ec77d-c822-4d53-9a2b-bd6e4b6b9a62","TCGA-B0-4837-01A-01R-1305-07","TCGA-B0-4837","Primary Tumor","CD3E","ENSG00000198851.10",12.2897,"OK"
"TCGA-KIRC","450ec77d-c822-4d53-9a2b-bd6e4b6b9a62","TCGA-B0-4837-01A-01R-1305-07","TCGA-B0-4837","Primary Tumor","MS4A1","ENSG00000156738.18",0.1023,"OK"
"TCGA-KIRC","450ec77d-c822-4d53-9a2b-bd6e4b6b9a62","TCGA-B0-4837-01A-01R-1305-07","TCGA-B0-4837","Primary Tumor","CD79A","ENSG00000105369.10",1.0161,"OK"
"TCGA-KIRC","450ec77d-c822-4d53-9a2b-bd6e4b6b9a62","TCGA-B0-4837-01A-01R-1305-07","TCGA-B0-4837","Primary Tumor","NKG7","ENSG00000105374.10",41.6774,"OK"
"TCGA-KIRC","450ec77d-c822-4d53-9a2b-bd6e4b6b9a62","TCGA-B0-4837-01A-01R-1305-07","TCGA-B0-4837","Primary Tumor","LST1","ENSG00000204482.11",14.1553,"OK"
"TCGA-KIRC","450ec77d-c822-4d53-9a2b-bd6e4b6b9a62","TCGA-B0-4837-01A-01R-1305-07","TCGA-B0-4837","Primary Tumor","TYROBP","ENSG00000011600.12",134.5982,"OK"
"TCGA-KIRC","450ec77d-c822-4d53-9a2b-bd6e4b6b9a62","TCGA-B0-4837-01A-01R-1305-07","TCGA-B0-4837","Primary Tumor","FCER1G","ENSG00000158869.11",75.4374,"OK"
"TCGA-KIRC","450ec77d-c822-4d53-9a2b-bd6e4b6b9a62","TCGA-B0-4837-01A-01R-1305-07","TCGA-B0-4837","Primary Tumor","CD68","ENSG00000129226.14",0.0451,"OK"
"TCGA-KIRC","b59e21e2-af42-41ff-9423-0b3b0af05ccd","TCGA-B0-5098-01A-01R-1420-07","TCGA-B0-5098","Primary Tumor","PTPRC","ENSG00000081237.20",1.4479,"OK"
"TCGA-KIRC","b59e21e2-af42-41ff-9423-0b3b0af05ccd","TCGA-B0-5098-01A-01R-1420-07","TCGA-B0-5098","Primary Tumor","CD3D","ENSG00000167286.10",4.0319,"OK"
"TCGA-KIRC","b59e21e2-af42-41ff-9423-0b3b0af05ccd","TCGA-B0-5098-01A-01R-1420-07","TCGA-B0-5098","Primary Tumor","CD3E","ENSG00000198851.10",3.899,"OK"
"TCGA-KIRC","b59e21e2-af42-41ff-9423-0b3b0af05ccd","TCGA-B0-5098-01A-01R-1420-07","TCGA-B0-5098","Primary Tumor","MS4A1","ENSG00000156738.18",0.0102,"OK"
"TCGA-KIRC","b59e21e2-af42-41ff-9423-0b3b0af05ccd","TCGA-B0-5098-01A-01R-1420-07","TCGA-B0-5098","Primary Tumor","CD79A","ENSG00000105369.10",2.7755,"OK"
"TCGA-KIRC","b59e21e2-af42-41ff-9423-0b3b0af05ccd","TCGA-B0-5098-01A-01R-1420-07","TCGA-B0-5098","Primary Tumor","NKG7","ENSG00000105374.10",10.9937,"OK"
"TCGA-KIRC","b59e21e2-af42-41ff-9423-0b3b0af05ccd","TCGA-B0-5098-01A-01R-1420-07","TCGA-B0-5098","Primary Tumor","LST1","ENSG00000204482.11",5.2035,"OK"
"TCGA-KIRC","b59e21e2-af42-41ff-9423-0b3b0af05ccd","TCGA-B0-5098-01A-01R-1420-07","TCGA-B0-5098","Primary Tumor","TYROBP","ENSG00000011600.12",30.9262,"OK"
"TCGA-KIRC","b59e21e2-af42-41ff-9423-0b3b0af05ccd","TCGA-B0-5098-01A-01R-1420-07","TCGA-B0-5098","Primary Tumor","FCER1G","ENSG00000158869.11",25.7808,"OK"
"TCGA-KIRC","b59e21e2-af42-41ff-9423-0b3b0af05ccd","TCGA-B0-5098-01A-01R-1420-07","TCGA-B0-5098","Primary Tumor","CD68","ENSG00000129226.14",0.4703,"OK"
"TCGA-KIRC","0461aca8-2256-4954-9c65-1b2a92c2b2a1","TCGA-B0-4706-01A-01R-1503-07","TCGA-B0-4706","Primary Tumor","PTPRC","ENSG00000081237.20",17.2929,"OK"
"TCGA-KIRC","0461aca8-2256-4954-9c65-1b2a92c2b2a1","TCGA-B0-4706-01A-01R-1503-07","TCGA-B0-4706","Primary Tumor","CD3D","ENSG00000167286.10",33.0269,"OK"
"TCGA-KIRC","0461aca8-2256-4954-9c65-1b2a92c2b2a1","TCGA-B0-4706-01A-01R-1503-07","TCGA-B0-4706","Primary Tumor","CD3E","ENSG00000198851.10",31.3127,"OK"
"TCGA-KIRC","0461aca8-2256-4954-9c65-1b2a92c2b2a1","TCGA-B0-4706-01A-01R-1503-07","TCGA-B0-4706","Primary Tumor","MS4A1","ENSG00000156738.18",0.6883,"OK"
"TCGA-KIRC","0461aca8-2256-4954-9c65-1b2a92c2b2a1","TCGA-B0-4706-01A-01R-1503-07","TCGA-B0-4706","Primary Tumor","CD79A","ENSG00000105369.10",2.307,"OK"
"TCGA-KIRC","0461aca8-2256-4954-9c65-1b2a92c2b2a1","TCGA-B0-4706-01A-01R-1503-07","TCGA-B0-4706","Primary Tumor","NKG7","ENSG00000105374.10",201.8953,"OK"
"TCGA-KIRC","0461aca8-2256-4954-9c65-1b2a92c2b2a1","TCGA-B0-4706-01A-01R-1503-07","TCGA-B0-4706","Primary Tumor","LST1","ENSG00000204482.11",12.8136,"OK"
"TCGA-KIRC","0461aca8-2256-4954-9c65-1b2a92c2b2a1","TCGA-B0-4706-01A-01R-1503-07","TCGA-B0-4706","Primary Tumor","TYROBP","ENSG00000011600.12",86.6197,"OK"
"TCGA-KIRC","0461aca8-2256-4954-9c65-1b2a92c2b2a1","TCGA-B0-4706-01A-01R-1503-07","TCGA-B0-4706","Primary Tumor","FCER1G","ENSG00000158869.11",42.9484,"OK"
"TCGA-KIRC","0461aca8-2256-4954-9c65-1b2a92c2b2a1","TCGA-B0-4706-01A-01R-1503-07","TCGA-B0-4706","Primary Tumor","CD68","ENSG00000129226.14",0.0422,"OK"
"TCGA-KIRC","8b3d23b8-cf1f-49ed-bd33-f340984cca9b","TCGA-BP-4761-01A-01R-1289-07","TCGA-BP-4761","Primary Tumor","PTPRC","ENSG00000081237.20",4.6271,"OK"
"TCGA-KIRC","8b3d23b8-cf1f-49ed-bd33-f340984cca9b","TCGA-BP-4761-01A-01R-1289-07","TCGA-BP-4761","Primary Tumor","CD3D","ENSG00000167286.10",43.1122,"OK"
"TCGA-KIRC","8b3d23b8-cf1f-49ed-bd33-f340984cca9b","TCGA-BP-4761-01A-01R-1289-07","TCGA-BP-4761","Primary Tumor","CD3E","ENSG00000198851.10",31.9078,"OK"
"TCGA-KIRC","8b3d23b8-cf1f-49ed-bd33-f340984cca9b","TCGA-BP-4761-01A-01R-1289-07","TCGA-BP-4761","Primary Tumor","MS4A1","ENSG00000156738.18",0.319,"OK"
"TCGA-KIRC","8b3d23b8-cf1f-49ed-bd33-f340984cca9b","TCGA-BP-4761-01A-01R-1289-07","TCGA-BP-4761","Primary Tumor","CD79A","ENSG00000105369.10",52.6288,"OK"
"TCGA-KIRC","8b3d23b8-cf1f-49ed-bd33-f340984cca9b","TCGA-BP-4761-01A-01R-1289-07","TCGA-BP-4761","Primary Tumor","NKG7","ENSG00000105374.10",138.1806,"OK"
"TCGA-KIRC","8b3d23b8-cf1f-49ed-bd33-f340984cca9b","TCGA-BP-4761-01A-01R-1289-07","TCGA-BP-4761","Primary Tumor","LST1","ENSG00000204482.11",21.0033,"OK"
"TCGA-KIRC","8b3d23b8-cf1f-49ed-bd33-f340984cca9b","TCGA-BP-4761-01A-01R-1289-07","TCGA-BP-4761","Primary Tumor","TYROBP","ENSG00000011600.12",253.581,"OK"
"TCGA-KIRC","8b3d23b8-cf1f-49ed-bd33-f340984cca9b","TCGA-BP-4761-01A-01R-1289-07","TCGA-BP-4761","Primary Tumor","FCER1G","ENSG00000158869.11",96.5254,"OK"
"TCGA-KIRC","8b3d23b8-cf1f-49ed-bd33-f340984cca9b","TCGA-BP-4761-01A-01R-1289-07","TCGA-BP-4761","Primary Tumor","CD68","ENSG00000129226.14",0.0853,"OK"
"TCGA-KIRC","83eb5df9-30fa-4c4f-a062-5ffe6d7f2c3d","TCGA-B8-A54H-01A-11R-A33J-07","TCGA-B8-A54H","Primary Tumor","PTPRC","ENSG00000081237.20",37.4644,"OK"
"TCGA-KIRC","83eb5df9-30fa-4c4f-a062-5ffe6d7f2c3d","TCGA-B8-A54H-01A-11R-A33J-07","TCGA-B8-A54H","Primary Tumor","CD3D","ENSG00000167286.10",57.5685,"OK"
"TCGA-KIRC","83eb5df9-30fa-4c4f-a062-5ffe6d7f2c3d","TCGA-B8-A54H-01A-11R-A33J-07","TCGA-B8-A54H","Primary Tumor","CD3E","ENSG00000198851.10",49.1666,"OK"
"TCGA-KIRC","83eb5df9-30fa-4c4f-a062-5ffe6d7f2c3d","TCGA-B8-A54H-01A-11R-A33J-07","TCGA-B8-A54H","Primary Tumor","MS4A1","ENSG00000156738.18",1.0194,"OK"
"TCGA-KIRC","83eb5df9-30fa-4c4f-a062-5ffe6d7f2c3d","TCGA-B8-A54H-01A-11R-A33J-07","TCGA-B8-A54H","Primary Tumor","CD79A","ENSG00000105369.10",2.1482,"OK"
"TCGA-KIRC","83eb5df9-30fa-4c4f-a062-5ffe6d7f2c3d","TCGA-B8-A54H-01A-11R-A33J-07","TCGA-B8-A54H","Primary Tumor","NKG7","ENSG00000105374.10",149.4824,"OK"
"TCGA-KIRC","83eb5df9-30fa-4c4f-a062-5ffe6d7f2c3d","TCGA-B8-A54H-01A-11R-A33J-07","TCGA-B8-A54H","Primary Tumor","LST1","ENSG00000204482.11",16.9878,"OK"
"TCGA-KIRC","83eb5df9-30fa-4c4f-a062-5ffe6d7f2c3d","TCGA-B8-A54H-01A-11R-A33J-07","TCGA-B8-A54H","Primary Tumor","TYROBP","ENSG00000011600.12",215.175,"OK"
"TCGA-KIRC","83eb5df9-30fa-4c4f-a062-5ffe6d7f2c3d","TCGA-B8-A54H-01A-11R-A33J-07","TCGA-B8-A54H","Primary Tumor","FCER1G","ENSG00000158869.11",100.8845,"OK"
"TCGA-KIRC","83eb5df9-30fa-4c4f-a062-5ffe6d7f2c3d","TCGA-B8-A54H-01A-11R-A33J-07","TCGA-B8-A54H","Primary Tumor","CD68","ENSG00000129226.14",0.0703,"OK"
"TCGA-KIRC","4962d196-c54d-442d-b7b3-dd34f8082781","TCGA-BP-4165-01A-02R-1289-07","TCGA-BP-4165","Primary Tumor","PTPRC","ENSG00000081237.20",12.9879,"OK"
"TCGA-KIRC","4962d196-c54d-442d-b7b3-dd34f8082781","TCGA-BP-4165-01A-02R-1289-07","TCGA-BP-4165","Primary Tumor","CD3D","ENSG00000167286.10",35.0611,"OK"
"TCGA-KIRC","4962d196-c54d-442d-b7b3-dd34f8082781","TCGA-BP-4165-01A-02R-1289-07","TCGA-BP-4165","Primary Tumor","CD3E","ENSG00000198851.10",30.0359,"OK"
"TCGA-KIRC","4962d196-c54d-442d-b7b3-dd34f8082781","TCGA-BP-4165-01A-02R-1289-07","TCGA-BP-4165","Primary Tumor","MS4A1","ENSG00000156738.18",0.7431,"OK"
"TCGA-KIRC","4962d196-c54d-442d-b7b3-dd34f8082781","TCGA-BP-4165-01A-02R-1289-07","TCGA-BP-4165","Primary Tumor","CD79A","ENSG00000105369.10",3.7964,"OK"
"TCGA-KIRC","4962d196-c54d-442d-b7b3-dd34f8082781","TCGA-BP-4165-01A-02R-1289-07","TCGA-BP-4165","Primary Tumor","NKG7","ENSG00000105374.10",211.3378,"OK"
"TCGA-KIRC","4962d196-c54d-442d-b7b3-dd34f8082781","TCGA-BP-4165-01A-02R-1289-07","TCGA-BP-4165","Primary Tumor","LST1","ENSG00000204482.11",26.1364,"OK"
"TCGA-KIRC","4962d196-c54d-442d-b7b3-dd34f8082781","TCGA-BP-4165-01A-02R-1289-07","TCGA-BP-4165","Primary Tumor","TYROBP","ENSG00000011600.12",193.9926,"OK"
"TCGA-KIRC","4962d196-c54d-442d-b7b3-dd34f8082781","TCGA-BP-4165-01A-02R-1289-07","TCGA-BP-4165","Primary Tumor","FCER1G","ENSG00000158869.11",94.3811,"OK"
"TCGA-KIRC","4962d196-c54d-442d-b7b3-dd34f8082781","TCGA-BP-4165-01A-02R-1289-07","TCGA-BP-4165","Primary Tumor","CD68","ENSG00000129226.14",0.0745,"OK"
"TCGA-KIRC","8bbda4a1-af04-496f-b047-1d74c29ec19a","TCGA-G6-A8L6-01A-11R-A37O-07","TCGA-G6-A8L6","Primary Tumor","PTPRC","ENSG00000081237.20",13.1377,"OK"
"TCGA-KIRC","8bbda4a1-af04-496f-b047-1d74c29ec19a","TCGA-G6-A8L6-01A-11R-A37O-07","TCGA-G6-A8L6","Primary Tumor","CD3D","ENSG00000167286.10",34.8928,"OK"
"TCGA-KIRC","8bbda4a1-af04-496f-b047-1d74c29ec19a","TCGA-G6-A8L6-01A-11R-A37O-07","TCGA-G6-A8L6","Primary Tumor","CD3E","ENSG00000198851.10",21.7945,"OK"
"TCGA-KIRC","8bbda4a1-af04-496f-b047-1d74c29ec19a","TCGA-G6-A8L6-01A-11R-A37O-07","TCGA-G6-A8L6","Primary Tumor","MS4A1","ENSG00000156738.18",0.8447,"OK"
"TCGA-KIRC","8bbda4a1-af04-496f-b047-1d74c29ec19a","TCGA-G6-A8L6-01A-11R-A37O-07","TCGA-G6-A8L6","Primary Tumor","CD79A","ENSG00000105369.10",5.7406,"OK"
"TCGA-KIRC","8bbda4a1-af04-496f-b047-1d74c29ec19a","TCGA-G6-A8L6-01A-11R-A37O-07","TCGA-G6-A8L6","Primary Tumor","NKG7","ENSG00000105374.10",82.283,"OK"
"TCGA-KIRC","8bbda4a1-af04-496f-b047-1d74c29ec19a","TCGA-G6-A8L6-01A-11R-A37O-07","TCGA-G6-A8L6","Primary Tumor","LST1","ENSG00000204482.11",65.6201,"OK"
"TCGA-KIRC","8bbda4a1-af04-496f-b047-1d74c29ec19a","TCGA-G6-A8L6-01A-11R-A37O-07","TCGA-G6-A8L6","Primary Tumor","TYROBP","ENSG00000011600.12",487.8973,"OK"
"TCGA-KIRC","8bbda4a1-af04-496f-b047-1d74c29ec19a","TCGA-G6-A8L6-01A-11R-A37O-07","TCGA-G6-A8L6","Primary Tumor","FCER1G","ENSG00000158869.11",159.8044,"OK"
"TCGA-KIRC","8bbda4a1-af04-496f-b047-1d74c29ec19a","TCGA-G6-A8L6-01A-11R-A37O-07","TCGA-G6-A8L6","Primary Tumor","CD68","ENSG00000129226.14",0.1585,"OK"
"TCGA-KIRC","59f744da-4e53-4cca-a7f1-48a27f91aba1","TCGA-B0-4810-01A-01R-1503-07","TCGA-B0-4810","Primary Tumor","PTPRC","ENSG00000081237.20",31.3764,"OK"
"TCGA-KIRC","59f744da-4e53-4cca-a7f1-48a27f91aba1","TCGA-B0-4810-01A-01R-1503-07","TCGA-B0-4810","Primary Tumor","CD3D","ENSG00000167286.10",111.793,"OK"
"TCGA-KIRC","59f744da-4e53-4cca-a7f1-48a27f91aba1","TCGA-B0-4810-01A-01R-1503-07","TCGA-B0-4810","Primary Tumor","CD3E","ENSG00000198851.10",95.7785,"OK"
"TCGA-KIRC","59f744da-4e53-4cca-a7f1-48a27f91aba1","TCGA-B0-4810-01A-01R-1503-07","TCGA-B0-4810","Primary Tumor","MS4A1","ENSG00000156738.18",1.3082,"OK"
"TCGA-KIRC","59f744da-4e53-4cca-a7f1-48a27f91aba1","TCGA-B0-4810-01A-01R-1503-07","TCGA-B0-4810","Primary Tumor","CD79A","ENSG00000105369.10",8.8299,"OK"
"TCGA-KIRC","59f744da-4e53-4cca-a7f1-48a27f91aba1","TCGA-B0-4810-01A-01R-1503-07","TCGA-B0-4810","Primary Tumor","NKG7","ENSG00000105374.10",350.2024,"OK"
"TCGA-KIRC","59f744da-4e53-4cca-a7f1-48a27f91aba1","TCGA-B0-4810-01A-01R-1503-07","TCGA-B0-4810","Primary Tumor","LST1","ENSG00000204482.11",33.3169,"OK"
"TCGA-KIRC","59f744da-4e53-4cca-a7f1-48a27f91aba1","TCGA-B0-4810-01A-01R-1503-07","TCGA-B0-4810","Primary Tumor","TYROBP","ENSG00000011600.12",553.9596,"OK"
"TCGA-KIRC","59f744da-4e53-4cca-a7f1-48a27f91aba1","TCGA-B0-4810-01A-01R-1503-07","TCGA-B0-4810","Primary Tumor","FCER1G","ENSG00000158869.11",295.9158,"OK"
"TCGA-KIRC","59f744da-4e53-4cca-a7f1-48a27f91aba1","TCGA-B0-4810-01A-01R-1503-07","TCGA-B0-4810","Primary Tumor","CD68","ENSG00000129226.14",0.1803,"OK"
"TCGA-KIRC","6faba44d-0367-4d54-a41e-1f2969760558","TCGA-CJ-4916-01A-01R-1426-07","TCGA-CJ-4916","Primary Tumor","PTPRC","ENSG00000081237.20",45.389,"OK"
"TCGA-KIRC","6faba44d-0367-4d54-a41e-1f2969760558","TCGA-CJ-4916-01A-01R-1426-07","TCGA-CJ-4916","Primary Tumor","CD3D","ENSG00000167286.10",147.8685,"OK"
"TCGA-KIRC","6faba44d-0367-4d54-a41e-1f2969760558","TCGA-CJ-4916-01A-01R-1426-07","TCGA-CJ-4916","Primary Tumor","CD3E","ENSG00000198851.10",134.4472,"OK"
"TCGA-KIRC","6faba44d-0367-4d54-a41e-1f2969760558","TCGA-CJ-4916-01A-01R-1426-07","TCGA-CJ-4916","Primary Tumor","MS4A1","ENSG00000156738.18",1.1585,"OK"
"TCGA-KIRC","6faba44d-0367-4d54-a41e-1f2969760558","TCGA-CJ-4916-01A-01R-1426-07","TCGA-CJ-4916","Primary Tumor","CD79A","ENSG00000105369.10",9.8783,"OK"
"TCGA-KIRC","6faba44d-0367-4d54-a41e-1f2969760558","TCGA-CJ-4916-01A-01R-1426-07","TCGA-CJ-4916","Primary Tumor","NKG7","ENSG00000105374.10",414.185,"OK"
"TCGA-KIRC","6faba44d-0367-4d54-a41e-1f2969760558","TCGA-CJ-4916-01A-01R-1426-07","TCGA-CJ-4916","Primary Tumor","LST1","ENSG00000204482.11",42.7724,"OK"
"TCGA-KIRC","6faba44d-0367-4d54-a41e-1f2969760558","TCGA-CJ-4916-01A-01R-1426-07","TCGA-CJ-4916","Primary Tumor","TYROBP","ENSG00000011600.12",598.4466,"OK"
"TCGA-KIRC","6faba44d-0367-4d54-a41e-1f2969760558","TCGA-CJ-4916-01A-01R-1426-07","TCGA-CJ-4916","Primary Tumor","FCER1G","ENSG00000158869.11",272.7276,"OK"
"TCGA-KIRC","6faba44d-0367-4d54-a41e-1f2969760558","TCGA-CJ-4916-01A-01R-1426-07","TCGA-CJ-4916","Primary Tumor","CD68","ENSG00000129226.14",0.2654,"OK"
"TCGA-KIRC","13b48a2d-dde2-4cd1-b26d-22621a002f5b","TCGA-AK-3431-01A-02R-1277-07","TCGA-AK-3431","Primary Tumor","PTPRC","ENSG00000081237.20",19.9599,"OK"
"TCGA-KIRC","13b48a2d-dde2-4cd1-b26d-22621a002f5b","TCGA-AK-3431-01A-02R-1277-07","TCGA-AK-3431","Primary Tumor","CD3D","ENSG00000167286.10",38.0689,"OK"
"TCGA-KIRC","13b48a2d-dde2-4cd1-b26d-22621a002f5b","TCGA-AK-3431-01A-02R-1277-07","TCGA-AK-3431","Primary Tumor","CD3E","ENSG00000198851.10",24.8516,"OK"
"TCGA-KIRC","13b48a2d-dde2-4cd1-b26d-22621a002f5b","TCGA-AK-3431-01A-02R-1277-07","TCGA-AK-3431","Primary Tumor","MS4A1","ENSG00000156738.18",0.4736,"OK"
"TCGA-KIRC","13b48a2d-dde2-4cd1-b26d-22621a002f5b","TCGA-AK-3431-01A-02R-1277-07","TCGA-AK-3431","Primary Tumor","CD79A","ENSG00000105369.10",5.6731,"OK"
"TCGA-KIRC","13b48a2d-dde2-4cd1-b26d-22621a002f5b","TCGA-AK-3431-01A-02R-1277-07","TCGA-AK-3431","Primary Tumor","NKG7","ENSG00000105374.10",88.4082,"OK"
"TCGA-KIRC","13b48a2d-dde2-4cd1-b26d-22621a002f5b","TCGA-AK-3431-01A-02R-1277-07","TCGA-AK-3431","Primary Tumor","LST1","ENSG00000204482.11",30.1255,"OK"
"TCGA-KIRC","13b48a2d-dde2-4cd1-b26d-22621a002f5b","TCGA-AK-3431-01A-02R-1277-07","TCGA-AK-3431","Primary Tumor","TYROBP","ENSG00000011600.12",274.8191,"OK"
"TCGA-KIRC","13b48a2d-dde2-4cd1-b26d-22621a002f5b","TCGA-AK-3431-01A-02R-1277-07","TCGA-AK-3431","Primary Tumor","FCER1G","ENSG00000158869.11",116.5906,"OK"
"TCGA-KIRC","13b48a2d-dde2-4cd1-b26d-22621a002f5b","TCGA-AK-3431-01A-02R-1277-07","TCGA-AK-3431","Primary Tumor","CD68","ENSG00000129226.14",0.087,"OK"
"TCGA-KIRC","5a1cd867-8bad-4e36-908a-c82b6ae64083","TCGA-BP-4803-01A-01R-1305-07","TCGA-BP-4803","Primary Tumor","PTPRC","ENSG00000081237.20",16.9618,"OK"
"TCGA-KIRC","5a1cd867-8bad-4e36-908a-c82b6ae64083","TCGA-BP-4803-01A-01R-1305-07","TCGA-BP-4803","Primary Tumor","CD3D","ENSG00000167286.10",18.8874,"OK"
"TCGA-KIRC","5a1cd867-8bad-4e36-908a-c82b6ae64083","TCGA-BP-4803-01A-01R-1305-07","TCGA-BP-4803","Primary Tumor","CD3E","ENSG00000198851.10",18.8107,"OK"
"TCGA-KIRC","5a1cd867-8bad-4e36-908a-c82b6ae64083","TCGA-BP-4803-01A-01R-1305-07","TCGA-BP-4803","Primary Tumor","MS4A1","ENSG00000156738.18",0.3637,"OK"
"TCGA-KIRC","5a1cd867-8bad-4e36-908a-c82b6ae64083","TCGA-BP-4803-01A-01R-1305-07","TCGA-BP-4803","Primary Tumor","CD79A","ENSG00000105369.10",2.3974,"OK"
"TCGA-KIRC","5a1cd867-8bad-4e36-908a-c82b6ae64083","TCGA-BP-4803-01A-01R-1305-07","TCGA-BP-4803","Primary Tumor","NKG7","ENSG00000105374.10",53.4467,"OK"
"TCGA-KIRC","5a1cd867-8bad-4e36-908a-c82b6ae64083","TCGA-BP-4803-01A-01R-1305-07","TCGA-BP-4803","Primary Tumor","LST1","ENSG00000204482.11",13.3654,"OK"
"TCGA-KIRC","5a1cd867-8bad-4e36-908a-c82b6ae64083","TCGA-BP-4803-01A-01R-1305-07","TCGA-BP-4803","Primary Tumor","TYROBP","ENSG00000011600.12",161.5581,"OK"
"TCGA-KIRC","5a1cd867-8bad-4e36-908a-c82b6ae64083","TCGA-BP-4803-01A-01R-1305-07","TCGA-BP-4803","Primary Tumor","FCER1G","ENSG00000158869.11",97.2917,"OK"
"TCGA-KIRC","5a1cd867-8bad-4e36-908a-c82b6ae64083","TCGA-BP-4803-01A-01R-1305-07","TCGA-BP-4803","Primary Tumor","CD68","ENSG00000129226.14",0.0688,"OK"
"TCGA-KIRC","000d81dd-9ba4-4852-9090-2bf22f6483f0","TCGA-CJ-4639-01A-02R-1325-07","TCGA-CJ-4639","Primary Tumor","PTPRC","ENSG00000081237.20",65.5228,"OK"
"TCGA-KIRC","000d81dd-9ba4-4852-9090-2bf22f6483f0","TCGA-CJ-4639-01A-02R-1325-07","TCGA-CJ-4639","Primary Tumor","CD3D","ENSG00000167286.10",87.6364,"OK"
"TCGA-KIRC","000d81dd-9ba4-4852-9090-2bf22f6483f0","TCGA-CJ-4639-01A-02R-1325-07","TCGA-CJ-4639","Primary Tumor","CD3E","ENSG00000198851.10",73.8467,"OK"
"TCGA-KIRC","000d81dd-9ba4-4852-9090-2bf22f6483f0","TCGA-CJ-4639-01A-02R-1325-07","TCGA-CJ-4639","Primary Tumor","MS4A1","ENSG00000156738.18",1.1312,"OK"
"TCGA-KIRC","000d81dd-9ba4-4852-9090-2bf22f6483f0","TCGA-CJ-4639-01A-02R-1325-07","TCGA-CJ-4639","Primary Tumor","CD79A","ENSG00000105369.10",2.8338,"OK"
"TCGA-KIRC","000d81dd-9ba4-4852-9090-2bf22f6483f0","TCGA-CJ-4639-01A-02R-1325-07","TCGA-CJ-4639","Primary Tumor","NKG7","ENSG00000105374.10",286.9486,"OK"
"TCGA-KIRC","000d81dd-9ba4-4852-9090-2bf22f6483f0","TCGA-CJ-4639-01A-02R-1325-07","TCGA-CJ-4639","Primary Tumor","LST1","ENSG00000204482.11",19.3411,"OK"
"TCGA-KIRC","000d81dd-9ba4-4852-9090-2bf22f6483f0","TCGA-CJ-4639-01A-02R-1325-07","TCGA-CJ-4639","Primary Tumor","TYROBP","ENSG00000011600.12",194.4463,"OK"
"TCGA-KIRC","000d81dd-9ba4-4852-9090-2bf22f6483f0","TCGA-CJ-4639-01A-02R-1325-07","TCGA-CJ-4639","Primary Tumor","FCER1G","ENSG00000158869.11",115.7835,"OK"
"TCGA-KIRC","000d81dd-9ba4-4852-9090-2bf22f6483f0","TCGA-CJ-4639-01A-02R-1325-07","TCGA-CJ-4639","Primary Tumor","CD68","ENSG00000129226.14",0.0489,"OK"
"TCGA-KIRC","5b7970e3-9272-4919-beaa-176127e7be10","TCGA-BP-4338-01A-01R-1289-07","TCGA-BP-4338","Primary Tumor","PTPRC","ENSG00000081237.20",11.2429,"OK"
"TCGA-KIRC","5b7970e3-9272-4919-beaa-176127e7be10","TCGA-BP-4338-01A-01R-1289-07","TCGA-BP-4338","Primary Tumor","CD3D","ENSG00000167286.10",14.3277,"OK"
"TCGA-KIRC","5b7970e3-9272-4919-beaa-176127e7be10","TCGA-BP-4338-01A-01R-1289-07","TCGA-BP-4338","Primary Tumor","CD3E","ENSG00000198851.10",10.0429,"OK"
"TCGA-KIRC","5b7970e3-9272-4919-beaa-176127e7be10","TCGA-BP-4338-01A-01R-1289-07","TCGA-BP-4338","Primary Tumor","MS4A1","ENSG00000156738.18",0.2087,"OK"
"TCGA-KIRC","5b7970e3-9272-4919-beaa-176127e7be10","TCGA-BP-4338-01A-01R-1289-07","TCGA-BP-4338","Primary Tumor","CD79A","ENSG00000105369.10",11.5435,"OK"
"TCGA-KIRC","5b7970e3-9272-4919-beaa-176127e7be10","TCGA-BP-4338-01A-01R-1289-07","TCGA-BP-4338","Primary Tumor","NKG7","ENSG00000105374.10",17.777,"OK"
"TCGA-KIRC","5b7970e3-9272-4919-beaa-176127e7be10","TCGA-BP-4338-01A-01R-1289-07","TCGA-BP-4338","Primary Tumor","LST1","ENSG00000204482.11",10.1422,"OK"
"TCGA-KIRC","5b7970e3-9272-4919-beaa-176127e7be10","TCGA-BP-4338-01A-01R-1289-07","TCGA-BP-4338","Primary Tumor","TYROBP","ENSG00000011600.12",279.1337,"OK"
"TCGA-KIRC","5b7970e3-9272-4919-beaa-176127e7be10","TCGA-BP-4338-01A-01R-1289-07","TCGA-BP-4338","Primary Tumor","FCER1G","ENSG00000158869.11",149.1174,"OK"
"TCGA-KIRC","5b7970e3-9272-4919-beaa-176127e7be10","TCGA-BP-4338-01A-01R-1289-07","TCGA-BP-4338","Primary Tumor","CD68","ENSG00000129226.14",0.3015,"OK"
"TCGA-KIRC","df630d23-f007-4cc4-9910-edb44046d556","TCGA-B2-3924-01A-02R-A277-07","TCGA-B2-3924","Primary Tumor","PTPRC","ENSG00000081237.20",56.3962,"OK"
"TCGA-KIRC","df630d23-f007-4cc4-9910-edb44046d556","TCGA-B2-3924-01A-02R-A277-07","TCGA-B2-3924","Primary Tumor","CD3D","ENSG00000167286.10",61.4115,"OK"
"TCGA-KIRC","df630d23-f007-4cc4-9910-edb44046d556","TCGA-B2-3924-01A-02R-A277-07","TCGA-B2-3924","Primary Tumor","CD3E","ENSG00000198851.10",14.1167,"OK"
"TCGA-KIRC","df630d23-f007-4cc4-9910-edb44046d556","TCGA-B2-3924-01A-02R-A277-07","TCGA-B2-3924","Primary Tumor","MS4A1","ENSG00000156738.18",0.4213,"OK"
"TCGA-KIRC","df630d23-f007-4cc4-9910-edb44046d556","TCGA-B2-3924-01A-02R-A277-07","TCGA-B2-3924","Primary Tumor","CD79A","ENSG00000105369.10",4.8595,"OK"
"TCGA-KIRC","df630d23-f007-4cc4-9910-edb44046d556","TCGA-B2-3924-01A-02R-A277-07","TCGA-B2-3924","Primary Tumor","NKG7","ENSG00000105374.10",170.895,"OK"
"TCGA-KIRC","df630d23-f007-4cc4-9910-edb44046d556","TCGA-B2-3924-01A-02R-A277-07","TCGA-B2-3924","Primary Tumor","LST1","ENSG00000204482.11",23.284,"OK"
"TCGA-KIRC","df630d23-f007-4cc4-9910-edb44046d556","TCGA-B2-3924-01A-02R-A277-07","TCGA-B2-3924","Primary Tumor","TYROBP","ENSG00000011600.12",123.4434,"OK"
"TCGA-KIRC","df630d23-f007-4cc4-9910-edb44046d556","TCGA-B2-3924-01A-02R-A277-07","TCGA-B2-3924","Primary Tumor","FCER1G","ENSG00000158869.11",90.0863,"OK"
"TCGA-KIRC","df630d23-f007-4cc4-9910-edb44046d556","TCGA-B2-3924-01A-02R-A277-07","TCGA-B2-3924","Primary Tumor","CD68","ENSG00000129226.14",0,"OK"
"TCGA-KIRC","200dfa9f-ed6f-4434-9dde-7833f4d3b275","TCGA-CZ-5466-11A-01R-1503-07","TCGA-CZ-5466","Solid Tissue Normal","PTPRC","ENSG00000081237.20",16.6279,"OK"
"TCGA-KIRC","200dfa9f-ed6f-4434-9dde-7833f4d3b275","TCGA-CZ-5466-11A-01R-1503-07","TCGA-CZ-5466","Solid Tissue Normal","CD3D","ENSG00000167286.10",10.0249,"OK"
"TCGA-KIRC","200dfa9f-ed6f-4434-9dde-7833f4d3b275","TCGA-CZ-5466-11A-01R-1503-07","TCGA-CZ-5466","Solid Tissue Normal","CD3E","ENSG00000198851.10",9.7442,"OK"
"TCGA-KIRC","200dfa9f-ed6f-4434-9dde-7833f4d3b275","TCGA-CZ-5466-11A-01R-1503-07","TCGA-CZ-5466","Solid Tissue Normal","MS4A1","ENSG00000156738.18",3.2567,"OK"
"TCGA-KIRC","200dfa9f-ed6f-4434-9dde-7833f4d3b275","TCGA-CZ-5466-11A-01R-1503-07","TCGA-CZ-5466","Solid Tissue Normal","CD79A","ENSG00000105369.10",10.7819,"OK"
"TCGA-KIRC","200dfa9f-ed6f-4434-9dde-7833f4d3b275","TCGA-CZ-5466-11A-01R-1503-07","TCGA-CZ-5466","Solid Tissue Normal","NKG7","ENSG00000105374.10",13.657,"OK"
"TCGA-KIRC","200dfa9f-ed6f-4434-9dde-7833f4d3b275","TCGA-CZ-5466-11A-01R-1503-07","TCGA-CZ-5466","Solid Tissue Normal","LST1","ENSG00000204482.11",6.7595,"OK"
"TCGA-KIRC","200dfa9f-ed6f-4434-9dde-7833f4d3b275","TCGA-CZ-5466-11A-01R-1503-07","TCGA-CZ-5466","Solid Tissue Normal","TYROBP","ENSG00000011600.12",59.7851,"OK"
"TCGA-KIRC","200dfa9f-ed6f-4434-9dde-7833f4d3b275","TCGA-CZ-5466-11A-01R-1503-07","TCGA-CZ-5466","Solid Tissue Normal","FCER1G","ENSG00000158869.11",38.4821,"OK"
"TCGA-KIRC","200dfa9f-ed6f-4434-9dde-7833f4d3b275","TCGA-CZ-5466-11A-01R-1503-07","TCGA-CZ-5466","Solid Tissue Normal","CD68","ENSG00000129226.14",0.0402,"OK"
"TCGA-KIRC","c6bede90-50d8-4bf5-97e3-6fffe14e723d","TCGA-CJ-5682-01A-11R-1541-07","TCGA-CJ-5682","Primary Tumor","PTPRC","ENSG00000081237.20",18.7696,"OK"
"TCGA-KIRC","c6bede90-50d8-4bf5-97e3-6fffe14e723d","TCGA-CJ-5682-01A-11R-1541-07","TCGA-CJ-5682","Primary Tumor","CD3D","ENSG00000167286.10",31.0418,"OK"
"TCGA-KIRC","c6bede90-50d8-4bf5-97e3-6fffe14e723d","TCGA-CJ-5682-01A-11R-1541-07","TCGA-CJ-5682","Primary Tumor","CD3E","ENSG00000198851.10",30.7837,"OK"
"TCGA-KIRC","c6bede90-50d8-4bf5-97e3-6fffe14e723d","TCGA-CJ-5682-01A-11R-1541-07","TCGA-CJ-5682","Primary Tumor","MS4A1","ENSG00000156738.18",0.6673,"OK"
"TCGA-KIRC","c6bede90-50d8-4bf5-97e3-6fffe14e723d","TCGA-CJ-5682-01A-11R-1541-07","TCGA-CJ-5682","Primary Tumor","CD79A","ENSG00000105369.10",5.766,"OK"
"TCGA-KIRC","c6bede90-50d8-4bf5-97e3-6fffe14e723d","TCGA-CJ-5682-01A-11R-1541-07","TCGA-CJ-5682","Primary Tumor","NKG7","ENSG00000105374.10",96.9135,"OK"
"TCGA-KIRC","c6bede90-50d8-4bf5-97e3-6fffe14e723d","TCGA-CJ-5682-01A-11R-1541-07","TCGA-CJ-5682","Primary Tumor","LST1","ENSG00000204482.11",18.807,"OK"
"TCGA-KIRC","c6bede90-50d8-4bf5-97e3-6fffe14e723d","TCGA-CJ-5682-01A-11R-1541-07","TCGA-CJ-5682","Primary Tumor","TYROBP","ENSG00000011600.12",179.8069,"OK"
"TCGA-KIRC","c6bede90-50d8-4bf5-97e3-6fffe14e723d","TCGA-CJ-5682-01A-11R-1541-07","TCGA-CJ-5682","Primary Tumor","FCER1G","ENSG00000158869.11",101.1319,"OK"
"TCGA-KIRC","c6bede90-50d8-4bf5-97e3-6fffe14e723d","TCGA-CJ-5682-01A-11R-1541-07","TCGA-CJ-5682","Primary Tumor","CD68","ENSG00000129226.14",0.032,"OK"
"TCGA-KIRC","5d956a24-693e-47ad-b315-180c86a0528e","TCGA-BP-4998-01A-01R-1334-07","TCGA-BP-4998","Primary Tumor","PTPRC","ENSG00000081237.20",67.887,"OK"
"TCGA-KIRC","5d956a24-693e-47ad-b315-180c86a0528e","TCGA-BP-4998-01A-01R-1334-07","TCGA-BP-4998","Primary Tumor","CD3D","ENSG00000167286.10",48.0504,"OK"
"TCGA-KIRC","5d956a24-693e-47ad-b315-180c86a0528e","TCGA-BP-4998-01A-01R-1334-07","TCGA-BP-4998","Primary Tumor","CD3E","ENSG00000198851.10",51.3158,"OK"
"TCGA-KIRC","5d956a24-693e-47ad-b315-180c86a0528e","TCGA-BP-4998-01A-01R-1334-07","TCGA-BP-4998","Primary Tumor","MS4A1","ENSG00000156738.18",1.7545,"OK"
"TCGA-KIRC","5d956a24-693e-47ad-b315-180c86a0528e","TCGA-BP-4998-01A-01R-1334-07","TCGA-BP-4998","Primary Tumor","CD79A","ENSG00000105369.10",6.9552,"OK"
"TCGA-KIRC","5d956a24-693e-47ad-b315-180c86a0528e","TCGA-BP-4998-01A-01R-1334-07","TCGA-BP-4998","Primary Tumor","NKG7","ENSG00000105374.10",98.1485,"OK"
"TCGA-KIRC","5d956a24-693e-47ad-b315-180c86a0528e","TCGA-BP-4998-01A-01R-1334-07","TCGA-BP-4998","Primary Tumor","LST1","ENSG00000204482.11",42.6333,"OK"
"TCGA-KIRC","5d956a24-693e-47ad-b315-180c86a0528e","TCGA-BP-4998-01A-01R-1334-07","TCGA-BP-4998","Primary Tumor","TYROBP","ENSG00000011600.12",445.4369,"OK"
"TCGA-KIRC","5d956a24-693e-47ad-b315-180c86a0528e","TCGA-BP-4998-01A-01R-1334-07","TCGA-BP-4998","Primary Tumor","FCER1G","ENSG00000158869.11",253.5408,"OK"
"TCGA-KIRC","5d956a24-693e-47ad-b315-180c86a0528e","TCGA-BP-4998-01A-01R-1334-07","TCGA-BP-4998","Primary Tumor","CD68","ENSG00000129226.14",0.2941,"OK"
"TCGA-KIRC","485e84af-cd91-4096-a2e4-d2594481e5bf","TCGA-CW-6090-01A-11R-1672-07","TCGA-CW-6090","Primary Tumor","PTPRC","ENSG00000081237.20",38.1004,"OK"
"TCGA-KIRC","485e84af-cd91-4096-a2e4-d2594481e5bf","TCGA-CW-6090-01A-11R-1672-07","TCGA-CW-6090","Primary Tumor","CD3D","ENSG00000167286.10",39.6915,"OK"
"TCGA-KIRC","485e84af-cd91-4096-a2e4-d2594481e5bf","TCGA-CW-6090-01A-11R-1672-07","TCGA-CW-6090","Primary Tumor","CD3E","ENSG00000198851.10",30.9877,"OK"
"TCGA-KIRC","485e84af-cd91-4096-a2e4-d2594481e5bf","TCGA-CW-6090-01A-11R-1672-07","TCGA-CW-6090","Primary Tumor","MS4A1","ENSG00000156738.18",1.7306,"OK"
"TCGA-KIRC","485e84af-cd91-4096-a2e4-d2594481e5bf","TCGA-CW-6090-01A-11R-1672-07","TCGA-CW-6090","Primary Tumor","CD79A","ENSG00000105369.10",14.104,"OK"
"TCGA-KIRC","485e84af-cd91-4096-a2e4-d2594481e5bf","TCGA-CW-6090-01A-11R-1672-07","TCGA-CW-6090","Primary Tumor","NKG7","ENSG00000105374.10",77.9558,"OK"
"TCGA-KIRC","485e84af-cd91-4096-a2e4-d2594481e5bf","TCGA-CW-6090-01A-11R-1672-07","TCGA-CW-6090","Primary Tumor","LST1","ENSG00000204482.11",42.9587,"OK"
"TCGA-KIRC","485e84af-cd91-4096-a2e4-d2594481e5bf","TCGA-CW-6090-01A-11R-1672-07","TCGA-CW-6090","Primary Tumor","TYROBP","ENSG00000011600.12",470.4601,"OK"
"TCGA-KIRC","485e84af-cd91-4096-a2e4-d2594481e5bf","TCGA-CW-6090-01A-11R-1672-07","TCGA-CW-6090","Primary Tumor","FCER1G","ENSG00000158869.11",369.3268,"OK"
"TCGA-KIRC","485e84af-cd91-4096-a2e4-d2594481e5bf","TCGA-CW-6090-01A-11R-1672-07","TCGA-CW-6090","Primary Tumor","CD68","ENSG00000129226.14",0.3063,"OK"
"TCGA-KIRC","588a43e3-60a0-416b-9b79-48d863d054bf","TCGA-BP-4346-01A-01R-1289-07","TCGA-BP-4346","Primary Tumor","PTPRC","ENSG00000081237.20",81.4644,"OK"
"TCGA-KIRC","588a43e3-60a0-416b-9b79-48d863d054bf","TCGA-BP-4346-01A-01R-1289-07","TCGA-BP-4346","Primary Tumor","CD3D","ENSG00000167286.10",185.552,"OK"
"TCGA-KIRC","588a43e3-60a0-416b-9b79-48d863d054bf","TCGA-BP-4346-01A-01R-1289-07","TCGA-BP-4346","Primary Tumor","CD3E","ENSG00000198851.10",153.4859,"OK"
"TCGA-KIRC","588a43e3-60a0-416b-9b79-48d863d054bf","TCGA-BP-4346-01A-01R-1289-07","TCGA-BP-4346","Primary Tumor","MS4A1","ENSG00000156738.18",3.0245,"OK"
"TCGA-KIRC","588a43e3-60a0-416b-9b79-48d863d054bf","TCGA-BP-4346-01A-01R-1289-07","TCGA-BP-4346","Primary Tumor","CD79A","ENSG00000105369.10",13.6274,"OK"
"TCGA-KIRC","588a43e3-60a0-416b-9b79-48d863d054bf","TCGA-BP-4346-01A-01R-1289-07","TCGA-BP-4346","Primary Tumor","NKG7","ENSG00000105374.10",444.5944,"OK"
"TCGA-KIRC","588a43e3-60a0-416b-9b79-48d863d054bf","TCGA-BP-4346-01A-01R-1289-07","TCGA-BP-4346","Primary Tumor","LST1","ENSG00000204482.11",56.9721,"OK"
"TCGA-KIRC","588a43e3-60a0-416b-9b79-48d863d054bf","TCGA-BP-4346-01A-01R-1289-07","TCGA-BP-4346","Primary Tumor","TYROBP","ENSG00000011600.12",454.1286,"OK"
"TCGA-KIRC","588a43e3-60a0-416b-9b79-48d863d054bf","TCGA-BP-4346-01A-01R-1289-07","TCGA-BP-4346","Primary Tumor","FCER1G","ENSG00000158869.11",272.4773,"OK"
"TCGA-KIRC","588a43e3-60a0-416b-9b79-48d863d054bf","TCGA-BP-4346-01A-01R-1289-07","TCGA-BP-4346","Primary Tumor","CD68","ENSG00000129226.14",0.1824,"OK"
"TCGA-KIRC","b8f8504c-1d5e-48b3-a54f-88250da4264f","TCGA-CW-6090-11A-01R-1672-07","TCGA-CW-6090","Solid Tissue Normal","PTPRC","ENSG00000081237.20",4.4611,"OK"
"TCGA-KIRC","b8f8504c-1d5e-48b3-a54f-88250da4264f","TCGA-CW-6090-11A-01R-1672-07","TCGA-CW-6090","Solid Tissue Normal","CD3D","ENSG00000167286.10",1.6393,"OK"
"TCGA-KIRC","b8f8504c-1d5e-48b3-a54f-88250da4264f","TCGA-CW-6090-11A-01R-1672-07","TCGA-CW-6090","Solid Tissue Normal","CD3E","ENSG00000198851.10",1.9666,"OK"
"TCGA-KIRC","b8f8504c-1d5e-48b3-a54f-88250da4264f","TCGA-CW-6090-11A-01R-1672-07","TCGA-CW-6090","Solid Tissue Normal","MS4A1","ENSG00000156738.18",0.5285,"OK"
"TCGA-KIRC","b8f8504c-1d5e-48b3-a54f-88250da4264f","TCGA-CW-6090-11A-01R-1672-07","TCGA-CW-6090","Solid Tissue Normal","CD79A","ENSG00000105369.10",0.9032,"OK"
"TCGA-KIRC","b8f8504c-1d5e-48b3-a54f-88250da4264f","TCGA-CW-6090-11A-01R-1672-07","TCGA-CW-6090","Solid Tissue Normal","NKG7","ENSG00000105374.10",3.4471,"OK"
"TCGA-KIRC","b8f8504c-1d5e-48b3-a54f-88250da4264f","TCGA-CW-6090-11A-01R-1672-07","TCGA-CW-6090","Solid Tissue Normal","LST1","ENSG00000204482.11",1.3509,"OK"
"TCGA-KIRC","b8f8504c-1d5e-48b3-a54f-88250da4264f","TCGA-CW-6090-11A-01R-1672-07","TCGA-CW-6090","Solid Tissue Normal","TYROBP","ENSG00000011600.12",8.7509,"OK"
"TCGA-KIRC","b8f8504c-1d5e-48b3-a54f-88250da4264f","TCGA-CW-6090-11A-01R-1672-07","TCGA-CW-6090","Solid Tissue Normal","FCER1G","ENSG00000158869.11",8.3787,"OK"
"TCGA-KIRC","b8f8504c-1d5e-48b3-a54f-88250da4264f","TCGA-CW-6090-11A-01R-1672-07","TCGA-CW-6090","Solid Tissue Normal","CD68","ENSG00000129226.14",0,"OK"
"TCGA-KIRC","78beabfc-8b98-4f21-94c2-cd6c21255f66","TCGA-CW-5589-11A-01R-1541-07","TCGA-CW-5589","Solid Tissue Normal","PTPRC","ENSG00000081237.20",6.8939,"OK"
"TCGA-KIRC","78beabfc-8b98-4f21-94c2-cd6c21255f66","TCGA-CW-5589-11A-01R-1541-07","TCGA-CW-5589","Solid Tissue Normal","CD3D","ENSG00000167286.10",3.7359,"OK"
"TCGA-KIRC","78beabfc-8b98-4f21-94c2-cd6c21255f66","TCGA-CW-5589-11A-01R-1541-07","TCGA-CW-5589","Solid Tissue Normal","CD3E","ENSG00000198851.10",3.8456,"OK"
"TCGA-KIRC","78beabfc-8b98-4f21-94c2-cd6c21255f66","TCGA-CW-5589-11A-01R-1541-07","TCGA-CW-5589","Solid Tissue Normal","MS4A1","ENSG00000156738.18",0.5512,"OK"
"TCGA-KIRC","78beabfc-8b98-4f21-94c2-cd6c21255f66","TCGA-CW-5589-11A-01R-1541-07","TCGA-CW-5589","Solid Tissue Normal","CD79A","ENSG00000105369.10",2.3187,"OK"
"TCGA-KIRC","78beabfc-8b98-4f21-94c2-cd6c21255f66","TCGA-CW-5589-11A-01R-1541-07","TCGA-CW-5589","Solid Tissue Normal","NKG7","ENSG00000105374.10",6.6087,"OK"
"TCGA-KIRC","78beabfc-8b98-4f21-94c2-cd6c21255f66","TCGA-CW-5589-11A-01R-1541-07","TCGA-CW-5589","Solid Tissue Normal","LST1","ENSG00000204482.11",3.8639,"OK"
"TCGA-KIRC","78beabfc-8b98-4f21-94c2-cd6c21255f66","TCGA-CW-5589-11A-01R-1541-07","TCGA-CW-5589","Solid Tissue Normal","TYROBP","ENSG00000011600.12",31.4599,"OK"
"TCGA-KIRC","78beabfc-8b98-4f21-94c2-cd6c21255f66","TCGA-CW-5589-11A-01R-1541-07","TCGA-CW-5589","Solid Tissue Normal","FCER1G","ENSG00000158869.11",19.6995,"OK"
"TCGA-KIRC","78beabfc-8b98-4f21-94c2-cd6c21255f66","TCGA-CW-5589-11A-01R-1541-07","TCGA-CW-5589","Solid Tissue Normal","CD68","ENSG00000129226.14",0.09,"OK"
"TCGA-KIRC","efde0fd9-7f08-4c33-9e2b-8d9b8cfccf50","TCGA-A3-3367-01A-02R-1420-07","TCGA-A3-3367","Primary Tumor","PTPRC","ENSG00000081237.20",29.7298,"OK"
"TCGA-KIRC","efde0fd9-7f08-4c33-9e2b-8d9b8cfccf50","TCGA-A3-3367-01A-02R-1420-07","TCGA-A3-3367","Primary Tumor","CD3D","ENSG00000167286.10",18.2808,"OK"
"TCGA-KIRC","efde0fd9-7f08-4c33-9e2b-8d9b8cfccf50","TCGA-A3-3367-01A-02R-1420-07","TCGA-A3-3367","Primary Tumor","CD3E","ENSG00000198851.10",18.9501,"OK"
"TCGA-KIRC","efde0fd9-7f08-4c33-9e2b-8d9b8cfccf50","TCGA-A3-3367-01A-02R-1420-07","TCGA-A3-3367","Primary Tumor","MS4A1","ENSG00000156738.18",0.5326,"OK"
"TCGA-KIRC","efde0fd9-7f08-4c33-9e2b-8d9b8cfccf50","TCGA-A3-3367-01A-02R-1420-07","TCGA-A3-3367","Primary Tumor","CD79A","ENSG00000105369.10",1.4807,"OK"
"TCGA-KIRC","efde0fd9-7f08-4c33-9e2b-8d9b8cfccf50","TCGA-A3-3367-01A-02R-1420-07","TCGA-A3-3367","Primary Tumor","NKG7","ENSG00000105374.10",30.9413,"OK"
"TCGA-KIRC","efde0fd9-7f08-4c33-9e2b-8d9b8cfccf50","TCGA-A3-3367-01A-02R-1420-07","TCGA-A3-3367","Primary Tumor","LST1","ENSG00000204482.11",22.3875,"OK"
"TCGA-KIRC","efde0fd9-7f08-4c33-9e2b-8d9b8cfccf50","TCGA-A3-3367-01A-02R-1420-07","TCGA-A3-3367","Primary Tumor","TYROBP","ENSG00000011600.12",229.7827,"OK"
"TCGA-KIRC","efde0fd9-7f08-4c33-9e2b-8d9b8cfccf50","TCGA-A3-3367-01A-02R-1420-07","TCGA-A3-3367","Primary Tumor","FCER1G","ENSG00000158869.11",119.4305,"OK"
"TCGA-KIRC","efde0fd9-7f08-4c33-9e2b-8d9b8cfccf50","TCGA-A3-3367-01A-02R-1420-07","TCGA-A3-3367","Primary Tumor","CD68","ENSG00000129226.14",0.0979,"OK"
"TCGA-KIRC","d6a8b3be-0ea5-4d4f-bf62-27ec684d4705","TCGA-B0-5400-01A-01R-1503-07","TCGA-B0-5400","Primary Tumor","PTPRC","ENSG00000081237.20",12.8341,"OK"
"TCGA-KIRC","d6a8b3be-0ea5-4d4f-bf62-27ec684d4705","TCGA-B0-5400-01A-01R-1503-07","TCGA-B0-5400","Primary Tumor","CD3D","ENSG00000167286.10",32.5423,"OK"
"TCGA-KIRC","d6a8b3be-0ea5-4d4f-bf62-27ec684d4705","TCGA-B0-5400-01A-01R-1503-07","TCGA-B0-5400","Primary Tumor","CD3E","ENSG00000198851.10",36.7104,"OK"
"TCGA-KIRC","d6a8b3be-0ea5-4d4f-bf62-27ec684d4705","TCGA-B0-5400-01A-01R-1503-07","TCGA-B0-5400","Primary Tumor","MS4A1","ENSG00000156738.18",0.3405,"OK"
"TCGA-KIRC","d6a8b3be-0ea5-4d4f-bf62-27ec684d4705","TCGA-B0-5400-01A-01R-1503-07","TCGA-B0-5400","Primary Tumor","CD79A","ENSG00000105369.10",6.0807,"OK"
"TCGA-KIRC","d6a8b3be-0ea5-4d4f-bf62-27ec684d4705","TCGA-B0-5400-01A-01R-1503-07","TCGA-B0-5400","Primary Tumor","NKG7","ENSG00000105374.10",107.9149,"OK"
"TCGA-KIRC","d6a8b3be-0ea5-4d4f-bf62-27ec684d4705","TCGA-B0-5400-01A-01R-1503-07","TCGA-B0-5400","Primary Tumor","LST1","ENSG00000204482.11",26.7267,"OK"
"TCGA-KIRC","d6a8b3be-0ea5-4d4f-bf62-27ec684d4705","TCGA-B0-5400-01A-01R-1503-07","TCGA-B0-5400","Primary Tumor","TYROBP","ENSG00000011600.12",312.9595,"OK"
"TCGA-KIRC","d6a8b3be-0ea5-4d4f-bf62-27ec684d4705","TCGA-B0-5400-01A-01R-1503-07","TCGA-B0-5400","Primary Tumor","FCER1G","ENSG00000158869.11",123.9532,"OK"
"TCGA-KIRC","d6a8b3be-0ea5-4d4f-bf62-27ec684d4705","TCGA-B0-5400-01A-01R-1503-07","TCGA-B0-5400","Primary Tumor","CD68","ENSG00000129226.14",0.0704,"OK"
"TCGA-KIRC","c85688fc-f98a-4672-b66d-8a28ea94d40b","TCGA-CJ-4920-01A-01R-1426-07","TCGA-CJ-4920","Primary Tumor","PTPRC","ENSG00000081237.20",18.3736,"OK"
"TCGA-KIRC","c85688fc-f98a-4672-b66d-8a28ea94d40b","TCGA-CJ-4920-01A-01R-1426-07","TCGA-CJ-4920","Primary Tumor","CD3D","ENSG00000167286.10",18.2277,"OK"
"TCGA-KIRC","c85688fc-f98a-4672-b66d-8a28ea94d40b","TCGA-CJ-4920-01A-01R-1426-07","TCGA-CJ-4920","Primary Tumor","CD3E","ENSG00000198851.10",18.5422,"OK"
"TCGA-KIRC","c85688fc-f98a-4672-b66d-8a28ea94d40b","TCGA-CJ-4920-01A-01R-1426-07","TCGA-CJ-4920","Primary Tumor","MS4A1","ENSG00000156738.18",0.1789,"OK"
"TCGA-KIRC","c85688fc-f98a-4672-b66d-8a28ea94d40b","TCGA-CJ-4920-01A-01R-1426-07","TCGA-CJ-4920","Primary Tumor","CD79A","ENSG00000105369.10",3.2649,"OK"
"TCGA-KIRC","c85688fc-f98a-4672-b66d-8a28ea94d40b","TCGA-CJ-4920-01A-01R-1426-07","TCGA-CJ-4920","Primary Tumor","NKG7","ENSG00000105374.10",32.0271,"OK"
"TCGA-KIRC","c85688fc-f98a-4672-b66d-8a28ea94d40b","TCGA-CJ-4920-01A-01R-1426-07","TCGA-CJ-4920","Primary Tumor","LST1","ENSG00000204482.11",21.0539,"OK"
"TCGA-KIRC","c85688fc-f98a-4672-b66d-8a28ea94d40b","TCGA-CJ-4920-01A-01R-1426-07","TCGA-CJ-4920","Primary Tumor","TYROBP","ENSG00000011600.12",276.8352,"OK"
"TCGA-KIRC","c85688fc-f98a-4672-b66d-8a28ea94d40b","TCGA-CJ-4920-01A-01R-1426-07","TCGA-CJ-4920","Primary Tumor","FCER1G","ENSG00000158869.11",124.1008,"OK"
"TCGA-KIRC","c85688fc-f98a-4672-b66d-8a28ea94d40b","TCGA-CJ-4920-01A-01R-1426-07","TCGA-CJ-4920","Primary Tumor","CD68","ENSG00000129226.14",0.2536,"OK"
"TCGA-KIRC","0c5ce27e-46a9-4868-880d-c7e87391cdf9","TCGA-BP-4784-01A-01R-1305-07","TCGA-BP-4784","Primary Tumor","PTPRC","ENSG00000081237.20",5.0569,"OK"
"TCGA-KIRC","0c5ce27e-46a9-4868-880d-c7e87391cdf9","TCGA-BP-4784-01A-01R-1305-07","TCGA-BP-4784","Primary Tumor","CD3D","ENSG00000167286.10",8.9349,"OK"
"TCGA-KIRC","0c5ce27e-46a9-4868-880d-c7e87391cdf9","TCGA-BP-4784-01A-01R-1305-07","TCGA-BP-4784","Primary Tumor","CD3E","ENSG00000198851.10",6.3688,"OK"
"TCGA-KIRC","0c5ce27e-46a9-4868-880d-c7e87391cdf9","TCGA-BP-4784-01A-01R-1305-07","TCGA-BP-4784","Primary Tumor","MS4A1","ENSG00000156738.18",0.3783,"OK"
"TCGA-KIRC","0c5ce27e-46a9-4868-880d-c7e87391cdf9","TCGA-BP-4784-01A-01R-1305-07","TCGA-BP-4784","Primary Tumor","CD79A","ENSG00000105369.10",28.5051,"OK"
"TCGA-KIRC","0c5ce27e-46a9-4868-880d-c7e87391cdf9","TCGA-BP-4784-01A-01R-1305-07","TCGA-BP-4784","Primary Tumor","NKG7","ENSG00000105374.10",21.9289,"OK"
"TCGA-KIRC","0c5ce27e-46a9-4868-880d-c7e87391cdf9","TCGA-BP-4784-01A-01R-1305-07","TCGA-BP-4784","Primary Tumor","LST1","ENSG00000204482.11",10.1322,"OK"
"TCGA-KIRC","0c5ce27e-46a9-4868-880d-c7e87391cdf9","TCGA-BP-4784-01A-01R-1305-07","TCGA-BP-4784","Primary Tumor","TYROBP","ENSG00000011600.12",132.686,"OK"
"TCGA-KIRC","0c5ce27e-46a9-4868-880d-c7e87391cdf9","TCGA-BP-4784-01A-01R-1305-07","TCGA-BP-4784","Primary Tumor","FCER1G","ENSG00000158869.11",58.4605,"OK"
"TCGA-KIRC","0c5ce27e-46a9-4868-880d-c7e87391cdf9","TCGA-BP-4784-01A-01R-1305-07","TCGA-BP-4784","Primary Tumor","CD68","ENSG00000129226.14",0.0321,"OK"
"TCGA-KIRC","f8a0a7cf-0444-4039-a255-6d31bcf748ac","TCGA-CJ-4637-01A-02R-1325-07","TCGA-CJ-4637","Primary Tumor","PTPRC","ENSG00000081237.20",125.4391,"OK"
"TCGA-KIRC","f8a0a7cf-0444-4039-a255-6d31bcf748ac","TCGA-CJ-4637-01A-02R-1325-07","TCGA-CJ-4637","Primary Tumor","CD3D","ENSG00000167286.10",215.7285,"OK"
"TCGA-KIRC","f8a0a7cf-0444-4039-a255-6d31bcf748ac","TCGA-CJ-4637-01A-02R-1325-07","TCGA-CJ-4637","Primary Tumor","CD3E","ENSG00000198851.10",185.1494,"OK"
"TCGA-KIRC","f8a0a7cf-0444-4039-a255-6d31bcf748ac","TCGA-CJ-4637-01A-02R-1325-07","TCGA-CJ-4637","Primary Tumor","MS4A1","ENSG00000156738.18",6.1374,"OK"
"TCGA-KIRC","f8a0a7cf-0444-4039-a255-6d31bcf748ac","TCGA-CJ-4637-01A-02R-1325-07","TCGA-CJ-4637","Primary Tumor","CD79A","ENSG00000105369.10",53.9506,"OK"
"TCGA-KIRC","f8a0a7cf-0444-4039-a255-6d31bcf748ac","TCGA-CJ-4637-01A-02R-1325-07","TCGA-CJ-4637","Primary Tumor","NKG7","ENSG00000105374.10",581.8187,"OK"
"TCGA-KIRC","f8a0a7cf-0444-4039-a255-6d31bcf748ac","TCGA-CJ-4637-01A-02R-1325-07","TCGA-CJ-4637","Primary Tumor","LST1","ENSG00000204482.11",48.0348,"OK"
"TCGA-KIRC","f8a0a7cf-0444-4039-a255-6d31bcf748ac","TCGA-CJ-4637-01A-02R-1325-07","TCGA-CJ-4637","Primary Tumor","TYROBP","ENSG00000011600.12",680.2092,"OK"
"TCGA-KIRC","f8a0a7cf-0444-4039-a255-6d31bcf748ac","TCGA-CJ-4637-01A-02R-1325-07","TCGA-CJ-4637","Primary Tumor","FCER1G","ENSG00000158869.11",511.5943,"OK"
"TCGA-KIRC","f8a0a7cf-0444-4039-a255-6d31bcf748ac","TCGA-CJ-4637-01A-02R-1325-07","TCGA-CJ-4637","Primary Tumor","CD68","ENSG00000129226.14",0.1428,"OK"
"TCGA-KIRC","dbe1371f-dbf9-46b1-b603-a9e560fb75df","TCGA-AS-3778-01A-01R-A32Z-07","TCGA-AS-3778","Primary Tumor","PTPRC","ENSG00000081237.20",21.8436,"OK"
"TCGA-KIRC","dbe1371f-dbf9-46b1-b603-a9e560fb75df","TCGA-AS-3778-01A-01R-A32Z-07","TCGA-AS-3778","Primary Tumor","CD3D","ENSG00000167286.10",19.3549,"OK"
"TCGA-KIRC","dbe1371f-dbf9-46b1-b603-a9e560fb75df","TCGA-AS-3778-01A-01R-A32Z-07","TCGA-AS-3778","Primary Tumor","CD3E","ENSG00000198851.10",18.2101,"OK"
"TCGA-KIRC","dbe1371f-dbf9-46b1-b603-a9e560fb75df","TCGA-AS-3778-01A-01R-A32Z-07","TCGA-AS-3778","Primary Tumor","MS4A1","ENSG00000156738.18",0.375,"OK"
"TCGA-KIRC","dbe1371f-dbf9-46b1-b603-a9e560fb75df","TCGA-AS-3778-01A-01R-A32Z-07","TCGA-AS-3778","Primary Tumor","CD79A","ENSG00000105369.10",1.0456,"OK"
"TCGA-KIRC","dbe1371f-dbf9-46b1-b603-a9e560fb75df","TCGA-AS-3778-01A-01R-A32Z-07","TCGA-AS-3778","Primary Tumor","NKG7","ENSG00000105374.10",52.1579,"OK"
"TCGA-KIRC","dbe1371f-dbf9-46b1-b603-a9e560fb75df","TCGA-AS-3778-01A-01R-A32Z-07","TCGA-AS-3778","Primary Tumor","LST1","ENSG00000204482.11",21.8999,"OK"
"TCGA-KIRC","dbe1371f-dbf9-46b1-b603-a9e560fb75df","TCGA-AS-3778-01A-01R-A32Z-07","TCGA-AS-3778","Primary Tumor","TYROBP","ENSG00000011600.12",313.4815,"OK"
"TCGA-KIRC","dbe1371f-dbf9-46b1-b603-a9e560fb75df","TCGA-AS-3778-01A-01R-A32Z-07","TCGA-AS-3778","Primary Tumor","FCER1G","ENSG00000158869.11",107.5482,"OK"
"TCGA-KIRC","dbe1371f-dbf9-46b1-b603-a9e560fb75df","TCGA-AS-3778-01A-01R-A32Z-07","TCGA-AS-3778","Primary Tumor","CD68","ENSG00000129226.14",0.2067,"OK"
"TCGA-KIRC","6e837fc7-1583-4fde-af30-fe955e7651bf","TCGA-CW-5580-01A-01R-1672-07","TCGA-CW-5580","Primary Tumor","PTPRC","ENSG00000081237.20",35.4539,"OK"
"TCGA-KIRC","6e837fc7-1583-4fde-af30-fe955e7651bf","TCGA-CW-5580-01A-01R-1672-07","TCGA-CW-5580","Primary Tumor","CD3D","ENSG00000167286.10",11.8573,"OK"
"TCGA-KIRC","6e837fc7-1583-4fde-af30-fe955e7651bf","TCGA-CW-5580-01A-01R-1672-07","TCGA-CW-5580","Primary Tumor","CD3E","ENSG00000198851.10",10.7388,"OK"
"TCGA-KIRC","6e837fc7-1583-4fde-af30-fe955e7651bf","TCGA-CW-5580-01A-01R-1672-07","TCGA-CW-5580","Primary Tumor","MS4A1","ENSG00000156738.18",0.1207,"OK"
"TCGA-KIRC","6e837fc7-1583-4fde-af30-fe955e7651bf","TCGA-CW-5580-01A-01R-1672-07","TCGA-CW-5580","Primary Tumor","CD79A","ENSG00000105369.10",1.1069,"OK"
"TCGA-KIRC","6e837fc7-1583-4fde-af30-fe955e7651bf","TCGA-CW-5580-01A-01R-1672-07","TCGA-CW-5580","Primary Tumor","NKG7","ENSG00000105374.10",40.2268,"OK"
"TCGA-KIRC","6e837fc7-1583-4fde-af30-fe955e7651bf","TCGA-CW-5580-01A-01R-1672-07","TCGA-CW-5580","Primary Tumor","LST1","ENSG00000204482.11",24.616,"OK"
"TCGA-KIRC","6e837fc7-1583-4fde-af30-fe955e7651bf","TCGA-CW-5580-01A-01R-1672-07","TCGA-CW-5580","Primary Tumor","TYROBP","ENSG00000011600.12",256.8856,"OK"
"TCGA-KIRC","6e837fc7-1583-4fde-af30-fe955e7651bf","TCGA-CW-5580-01A-01R-1672-07","TCGA-CW-5580","Primary Tumor","FCER1G","ENSG00000158869.11",159.9526,"OK"
"TCGA-KIRC","6e837fc7-1583-4fde-af30-fe955e7651bf","TCGA-CW-5580-01A-01R-1672-07","TCGA-CW-5580","Primary Tumor","CD68","ENSG00000129226.14",0.1109,"OK"
"TCGA-KIRC","db24671d-74b5-4647-be36-d865aa923ffa","TCGA-CJ-4892-01A-01R-1305-07","TCGA-CJ-4892","Primary Tumor","PTPRC","ENSG00000081237.20",30.3276,"OK"
"TCGA-KIRC","db24671d-74b5-4647-be36-d865aa923ffa","TCGA-CJ-4892-01A-01R-1305-07","TCGA-CJ-4892","Primary Tumor","CD3D","ENSG00000167286.10",140.6614,"OK"
"TCGA-KIRC","db24671d-74b5-4647-be36-d865aa923ffa","TCGA-CJ-4892-01A-01R-1305-07","TCGA-CJ-4892","Primary Tumor","CD3E","ENSG00000198851.10",107.244,"OK"
"TCGA-KIRC","db24671d-74b5-4647-be36-d865aa923ffa","TCGA-CJ-4892-01A-01R-1305-07","TCGA-CJ-4892","Primary Tumor","MS4A1","ENSG00000156738.18",0.5405,"OK"
"TCGA-KIRC","db24671d-74b5-4647-be36-d865aa923ffa","TCGA-CJ-4892-01A-01R-1305-07","TCGA-CJ-4892","Primary Tumor","CD79A","ENSG00000105369.10",2.0016,"OK"
"TCGA-KIRC","db24671d-74b5-4647-be36-d865aa923ffa","TCGA-CJ-4892-01A-01R-1305-07","TCGA-CJ-4892","Primary Tumor","NKG7","ENSG00000105374.10",363.7813,"OK"
"TCGA-KIRC","db24671d-74b5-4647-be36-d865aa923ffa","TCGA-CJ-4892-01A-01R-1305-07","TCGA-CJ-4892","Primary Tumor","LST1","ENSG00000204482.11",33.2443,"OK"
"TCGA-KIRC","db24671d-74b5-4647-be36-d865aa923ffa","TCGA-CJ-4892-01A-01R-1305-07","TCGA-CJ-4892","Primary Tumor","TYROBP","ENSG00000011600.12",309.5193,"OK"
"TCGA-KIRC","db24671d-74b5-4647-be36-d865aa923ffa","TCGA-CJ-4892-01A-01R-1305-07","TCGA-CJ-4892","Primary Tumor","FCER1G","ENSG00000158869.11",133.2544,"OK"
"TCGA-KIRC","db24671d-74b5-4647-be36-d865aa923ffa","TCGA-CJ-4892-01A-01R-1305-07","TCGA-CJ-4892","Primary Tumor","CD68","ENSG00000129226.14",0.0518,"OK"
"TCGA-KIRC","499d7906-265e-4836-b2b5-55203bf08e2d","TCGA-CW-5583-01A-02R-1541-07","TCGA-CW-5583","Primary Tumor","PTPRC","ENSG00000081237.20",22.2288,"OK"
"TCGA-KIRC","499d7906-265e-4836-b2b5-55203bf08e2d","TCGA-CW-5583-01A-02R-1541-07","TCGA-CW-5583","Primary Tumor","CD3D","ENSG00000167286.10",16.1226,"OK"
"TCGA-KIRC","499d7906-265e-4836-b2b5-55203bf08e2d","TCGA-CW-5583-01A-02R-1541-07","TCGA-CW-5583","Primary Tumor","CD3E","ENSG00000198851.10",14.1992,"OK"
"TCGA-KIRC","499d7906-265e-4836-b2b5-55203bf08e2d","TCGA-CW-5583-01A-02R-1541-07","TCGA-CW-5583","Primary Tumor","MS4A1","ENSG00000156738.18",0.0784,"OK"
"TCGA-KIRC","499d7906-265e-4836-b2b5-55203bf08e2d","TCGA-CW-5583-01A-02R-1541-07","TCGA-CW-5583","Primary Tumor","CD79A","ENSG00000105369.10",2.2251,"OK"
"TCGA-KIRC","499d7906-265e-4836-b2b5-55203bf08e2d","TCGA-CW-5583-01A-02R-1541-07","TCGA-CW-5583","Primary Tumor","NKG7","ENSG00000105374.10",78.5384,"OK"
"TCGA-KIRC","499d7906-265e-4836-b2b5-55203bf08e2d","TCGA-CW-5583-01A-02R-1541-07","TCGA-CW-5583","Primary Tumor","LST1","ENSG00000204482.11",10.789,"OK"
"TCGA-KIRC","499d7906-265e-4836-b2b5-55203bf08e2d","TCGA-CW-5583-01A-02R-1541-07","TCGA-CW-5583","Primary Tumor","TYROBP","ENSG00000011600.12",133.9482,"OK"
"TCGA-KIRC","499d7906-265e-4836-b2b5-55203bf08e2d","TCGA-CW-5583-01A-02R-1541-07","TCGA-CW-5583","Primary Tumor","FCER1G","ENSG00000158869.11",71.3513,"OK"
"TCGA-KIRC","499d7906-265e-4836-b2b5-55203bf08e2d","TCGA-CW-5583-01A-02R-1541-07","TCGA-CW-5583","Primary Tumor","CD68","ENSG00000129226.14",0.2016,"OK"
"TCGA-KIRC","61ee46ed-0cb0-428d-806b-db92f33e0c93","TCGA-BP-4170-01A-02R-1289-07","TCGA-BP-4170","Primary Tumor","PTPRC","ENSG00000081237.20",41.2906,"OK"
"TCGA-KIRC","61ee46ed-0cb0-428d-806b-db92f33e0c93","TCGA-BP-4170-01A-02R-1289-07","TCGA-BP-4170","Primary Tumor","CD3D","ENSG00000167286.10",54.736,"OK"
"TCGA-KIRC","61ee46ed-0cb0-428d-806b-db92f33e0c93","TCGA-BP-4170-01A-02R-1289-07","TCGA-BP-4170","Primary Tumor","CD3E","ENSG00000198851.10",40.5082,"OK"
"TCGA-KIRC","61ee46ed-0cb0-428d-806b-db92f33e0c93","TCGA-BP-4170-01A-02R-1289-07","TCGA-BP-4170","Primary Tumor","MS4A1","ENSG00000156738.18",1.1849,"OK"
"TCGA-KIRC","61ee46ed-0cb0-428d-806b-db92f33e0c93","TCGA-BP-4170-01A-02R-1289-07","TCGA-BP-4170","Primary Tumor","CD79A","ENSG00000105369.10",5.573,"OK"
"TCGA-KIRC","61ee46ed-0cb0-428d-806b-db92f33e0c93","TCGA-BP-4170-01A-02R-1289-07","TCGA-BP-4170","Primary Tumor","NKG7","ENSG00000105374.10",79.68,"OK"
"TCGA-KIRC","61ee46ed-0cb0-428d-806b-db92f33e0c93","TCGA-BP-4170-01A-02R-1289-07","TCGA-BP-4170","Primary Tumor","LST1","ENSG00000204482.11",28.0224,"OK"
"TCGA-KIRC","61ee46ed-0cb0-428d-806b-db92f33e0c93","TCGA-BP-4170-01A-02R-1289-07","TCGA-BP-4170","Primary Tumor","TYROBP","ENSG00000011600.12",356.6215,"OK"
"TCGA-KIRC","61ee46ed-0cb0-428d-806b-db92f33e0c93","TCGA-BP-4170-01A-02R-1289-07","TCGA-BP-4170","Primary Tumor","FCER1G","ENSG00000158869.11",157.8764,"OK"
"TCGA-KIRC","61ee46ed-0cb0-428d-806b-db92f33e0c93","TCGA-BP-4170-01A-02R-1289-07","TCGA-BP-4170","Primary Tumor","CD68","ENSG00000129226.14",0.0637,"OK"
"TCGA-KIRC","0626d61a-3222-49c5-b6f0-4b59c5835d29","TCGA-B0-4718-01A-01R-1277-07","TCGA-B0-4718","Primary Tumor","PTPRC","ENSG00000081237.20",11.4569,"OK"
"TCGA-KIRC","0626d61a-3222-49c5-b6f0-4b59c5835d29","TCGA-B0-4718-01A-01R-1277-07","TCGA-B0-4718","Primary Tumor","CD3D","ENSG00000167286.10",34.3256,"OK"
"TCGA-KIRC","0626d61a-3222-49c5-b6f0-4b59c5835d29","TCGA-B0-4718-01A-01R-1277-07","TCGA-B0-4718","Primary Tumor","CD3E","ENSG00000198851.10",24.8824,"OK"
"TCGA-KIRC","0626d61a-3222-49c5-b6f0-4b59c5835d29","TCGA-B0-4718-01A-01R-1277-07","TCGA-B0-4718","Primary Tumor","MS4A1","ENSG00000156738.18",1.1068,"OK"
"TCGA-KIRC","0626d61a-3222-49c5-b6f0-4b59c5835d29","TCGA-B0-4718-01A-01R-1277-07","TCGA-B0-4718","Primary Tumor","CD79A","ENSG00000105369.10",6.3767,"OK"
"TCGA-KIRC","0626d61a-3222-49c5-b6f0-4b59c5835d29","TCGA-B0-4718-01A-01R-1277-07","TCGA-B0-4718","Primary Tumor","NKG7","ENSG00000105374.10",95.0638,"OK"
"TCGA-KIRC","0626d61a-3222-49c5-b6f0-4b59c5835d29","TCGA-B0-4718-01A-01R-1277-07","TCGA-B0-4718","Primary Tumor","LST1","ENSG00000204482.11",24.1666,"OK"
"TCGA-KIRC","0626d61a-3222-49c5-b6f0-4b59c5835d29","TCGA-B0-4718-01A-01R-1277-07","TCGA-B0-4718","Primary Tumor","TYROBP","ENSG00000011600.12",196.6907,"OK"
"TCGA-KIRC","0626d61a-3222-49c5-b6f0-4b59c5835d29","TCGA-B0-4718-01A-01R-1277-07","TCGA-B0-4718","Primary Tumor","FCER1G","ENSG00000158869.11",105.0479,"OK"
"TCGA-KIRC","0626d61a-3222-49c5-b6f0-4b59c5835d29","TCGA-B0-4718-01A-01R-1277-07","TCGA-B0-4718","Primary Tumor","CD68","ENSG00000129226.14",0.1585,"OK"
"TCGA-KIRC","ff6cd0e8-98a0-4a96-9650-c348bcfe8901","TCGA-CZ-5986-01A-11R-1672-07","TCGA-CZ-5986","Primary Tumor","PTPRC","ENSG00000081237.20",35.5357,"OK"
"TCGA-KIRC","ff6cd0e8-98a0-4a96-9650-c348bcfe8901","TCGA-CZ-5986-01A-11R-1672-07","TCGA-CZ-5986","Primary Tumor","CD3D","ENSG00000167286.10",17.8298,"OK"
"TCGA-KIRC","ff6cd0e8-98a0-4a96-9650-c348bcfe8901","TCGA-CZ-5986-01A-11R-1672-07","TCGA-CZ-5986","Primary Tumor","CD3E","ENSG00000198851.10",16.1236,"OK"
"TCGA-KIRC","ff6cd0e8-98a0-4a96-9650-c348bcfe8901","TCGA-CZ-5986-01A-11R-1672-07","TCGA-CZ-5986","Primary Tumor","MS4A1","ENSG00000156738.18",0.4076,"OK"
"TCGA-KIRC","ff6cd0e8-98a0-4a96-9650-c348bcfe8901","TCGA-CZ-5986-01A-11R-1672-07","TCGA-CZ-5986","Primary Tumor","CD79A","ENSG00000105369.10",1.0658,"OK"
"TCGA-KIRC","ff6cd0e8-98a0-4a96-9650-c348bcfe8901","TCGA-CZ-5986-01A-11R-1672-07","TCGA-CZ-5986","Primary Tumor","NKG7","ENSG00000105374.10",35.2182,"OK"
"TCGA-KIRC","ff6cd0e8-98a0-4a96-9650-c348bcfe8901","TCGA-CZ-5986-01A-11R-1672-07","TCGA-CZ-5986","Primary Tumor","LST1","ENSG00000204482.11",12.7397,"OK"
"TCGA-KIRC","ff6cd0e8-98a0-4a96-9650-c348bcfe8901","TCGA-CZ-5986-01A-11R-1672-07","TCGA-CZ-5986","Primary Tumor","TYROBP","ENSG00000011600.12",151.6208,"OK"
"TCGA-KIRC","ff6cd0e8-98a0-4a96-9650-c348bcfe8901","TCGA-CZ-5986-01A-11R-1672-07","TCGA-CZ-5986","Primary Tumor","FCER1G","ENSG00000158869.11",139.896,"OK"
"TCGA-KIRC","ff6cd0e8-98a0-4a96-9650-c348bcfe8901","TCGA-CZ-5986-01A-11R-1672-07","TCGA-CZ-5986","Primary Tumor","CD68","ENSG00000129226.14",0.2838,"OK"
"TCGA-KIRC","7fc459c0-68f0-414f-ad41-737b4de021be","TCGA-BP-5177-01A-01R-1426-07","TCGA-BP-5177","Primary Tumor","PTPRC","ENSG00000081237.20",8.4924,"OK"
"TCGA-KIRC","7fc459c0-68f0-414f-ad41-737b4de021be","TCGA-BP-5177-01A-01R-1426-07","TCGA-BP-5177","Primary Tumor","CD3D","ENSG00000167286.10",20.9858,"OK"
"TCGA-KIRC","7fc459c0-68f0-414f-ad41-737b4de021be","TCGA-BP-5177-01A-01R-1426-07","TCGA-BP-5177","Primary Tumor","CD3E","ENSG00000198851.10",23.5132,"OK"
"TCGA-KIRC","7fc459c0-68f0-414f-ad41-737b4de021be","TCGA-BP-5177-01A-01R-1426-07","TCGA-BP-5177","Primary Tumor","MS4A1","ENSG00000156738.18",0.8514,"OK"
"TCGA-KIRC","7fc459c0-68f0-414f-ad41-737b4de021be","TCGA-BP-5177-01A-01R-1426-07","TCGA-BP-5177","Primary Tumor","CD79A","ENSG00000105369.10",5.0097,"OK"
"TCGA-KIRC","7fc459c0-68f0-414f-ad41-737b4de021be","TCGA-BP-5177-01A-01R-1426-07","TCGA-BP-5177","Primary Tumor","NKG7","ENSG00000105374.10",59.8776,"OK"
"TCGA-KIRC","7fc459c0-68f0-414f-ad41-737b4de021be","TCGA-BP-5177-01A-01R-1426-07","TCGA-BP-5177","Primary Tumor","LST1","ENSG00000204482.11",13.494,"OK"
"TCGA-KIRC","7fc459c0-68f0-414f-ad41-737b4de021be","TCGA-BP-5177-01A-01R-1426-07","TCGA-BP-5177","Primary Tumor","TYROBP","ENSG00000011600.12",134.8599,"OK"
"TCGA-KIRC","7fc459c0-68f0-414f-ad41-737b4de021be","TCGA-BP-5177-01A-01R-1426-07","TCGA-BP-5177","Primary Tumor","FCER1G","ENSG00000158869.11",64.8564,"OK"
"TCGA-KIRC","7fc459c0-68f0-414f-ad41-737b4de021be","TCGA-BP-5177-01A-01R-1426-07","TCGA-BP-5177","Primary Tumor","CD68","ENSG00000129226.14",0.0494,"OK"
"TCGA-KIRC","996511b1-d236-4060-a307-81557721cfe5","TCGA-B0-5100-01A-01R-1420-07","TCGA-B0-5100","Primary Tumor","PTPRC","ENSG00000081237.20",2.5945,"OK"
"TCGA-KIRC","996511b1-d236-4060-a307-81557721cfe5","TCGA-B0-5100-01A-01R-1420-07","TCGA-B0-5100","Primary Tumor","CD3D","ENSG00000167286.10",8.7822,"OK"
"TCGA-KIRC","996511b1-d236-4060-a307-81557721cfe5","TCGA-B0-5100-01A-01R-1420-07","TCGA-B0-5100","Primary Tumor","CD3E","ENSG00000198851.10",7.5297,"OK"
"TCGA-KIRC","996511b1-d236-4060-a307-81557721cfe5","TCGA-B0-5100-01A-01R-1420-07","TCGA-B0-5100","Primary Tumor","MS4A1","ENSG00000156738.18",0.2005,"OK"
"TCGA-KIRC","996511b1-d236-4060-a307-81557721cfe5","TCGA-B0-5100-01A-01R-1420-07","TCGA-B0-5100","Primary Tumor","CD79A","ENSG00000105369.10",2.0011,"OK"
"TCGA-KIRC","996511b1-d236-4060-a307-81557721cfe5","TCGA-B0-5100-01A-01R-1420-07","TCGA-B0-5100","Primary Tumor","NKG7","ENSG00000105374.10",80.7909,"OK"
"TCGA-KIRC","996511b1-d236-4060-a307-81557721cfe5","TCGA-B0-5100-01A-01R-1420-07","TCGA-B0-5100","Primary Tumor","LST1","ENSG00000204482.11",17.8695,"OK"
"TCGA-KIRC","996511b1-d236-4060-a307-81557721cfe5","TCGA-B0-5100-01A-01R-1420-07","TCGA-B0-5100","Primary Tumor","TYROBP","ENSG00000011600.12",135.2802,"OK"
"TCGA-KIRC","996511b1-d236-4060-a307-81557721cfe5","TCGA-B0-5100-01A-01R-1420-07","TCGA-B0-5100","Primary Tumor","FCER1G","ENSG00000158869.11",67.3295,"OK"
"TCGA-KIRC","996511b1-d236-4060-a307-81557721cfe5","TCGA-B0-5100-01A-01R-1420-07","TCGA-B0-5100","Primary Tumor","CD68","ENSG00000129226.14",0.0553,"OK"
"TCGA-KIRC","4d4db765-51e5-4549-a559-114bae985a88","TCGA-BP-4774-01A-01R-1289-07","TCGA-BP-4774","Primary Tumor","PTPRC","ENSG00000081237.20",14.4139,"OK"
"TCGA-KIRC","4d4db765-51e5-4549-a559-114bae985a88","TCGA-BP-4774-01A-01R-1289-07","TCGA-BP-4774","Primary Tumor","CD3D","ENSG00000167286.10",23.7198,"OK"
"TCGA-KIRC","4d4db765-51e5-4549-a559-114bae985a88","TCGA-BP-4774-01A-01R-1289-07","TCGA-BP-4774","Primary Tumor","CD3E","ENSG00000198851.10",22.8786,"OK"
"TCGA-KIRC","4d4db765-51e5-4549-a559-114bae985a88","TCGA-BP-4774-01A-01R-1289-07","TCGA-BP-4774","Primary Tumor","MS4A1","ENSG00000156738.18",0.7933,"OK"
"TCGA-KIRC","4d4db765-51e5-4549-a559-114bae985a88","TCGA-BP-4774-01A-01R-1289-07","TCGA-BP-4774","Primary Tumor","CD79A","ENSG00000105369.10",3.0681,"OK"
"TCGA-KIRC","4d4db765-51e5-4549-a559-114bae985a88","TCGA-BP-4774-01A-01R-1289-07","TCGA-BP-4774","Primary Tumor","NKG7","ENSG00000105374.10",47.8273,"OK"
"TCGA-KIRC","4d4db765-51e5-4549-a559-114bae985a88","TCGA-BP-4774-01A-01R-1289-07","TCGA-BP-4774","Primary Tumor","LST1","ENSG00000204482.11",16.8442,"OK"
"TCGA-KIRC","4d4db765-51e5-4549-a559-114bae985a88","TCGA-BP-4774-01A-01R-1289-07","TCGA-BP-4774","Primary Tumor","TYROBP","ENSG00000011600.12",162.7051,"OK"
"TCGA-KIRC","4d4db765-51e5-4549-a559-114bae985a88","TCGA-BP-4774-01A-01R-1289-07","TCGA-BP-4774","Primary Tumor","FCER1G","ENSG00000158869.11",81.5747,"OK"
"TCGA-KIRC","4d4db765-51e5-4549-a559-114bae985a88","TCGA-BP-4774-01A-01R-1289-07","TCGA-BP-4774","Primary Tumor","CD68","ENSG00000129226.14",0.4037,"OK"
"TCGA-KIRC","330a912b-ae31-4a54-8611-f32b098ba946","TCGA-B8-5549-11A-01R-1541-07","TCGA-B8-5549","Solid Tissue Normal","PTPRC","ENSG00000081237.20",2.5567,"OK"
"TCGA-KIRC","330a912b-ae31-4a54-8611-f32b098ba946","TCGA-B8-5549-11A-01R-1541-07","TCGA-B8-5549","Solid Tissue Normal","CD3D","ENSG00000167286.10",0.2889,"OK"
"TCGA-KIRC","330a912b-ae31-4a54-8611-f32b098ba946","TCGA-B8-5549-11A-01R-1541-07","TCGA-B8-5549","Solid Tissue Normal","CD3E","ENSG00000198851.10",0.2716,"OK"
"TCGA-KIRC","330a912b-ae31-4a54-8611-f32b098ba946","TCGA-B8-5549-11A-01R-1541-07","TCGA-B8-5549","Solid Tissue Normal","MS4A1","ENSG00000156738.18",0.0116,"OK"
"TCGA-KIRC","330a912b-ae31-4a54-8611-f32b098ba946","TCGA-B8-5549-11A-01R-1541-07","TCGA-B8-5549","Solid Tissue Normal","CD79A","ENSG00000105369.10",0.248,"OK"
"TCGA-KIRC","330a912b-ae31-4a54-8611-f32b098ba946","TCGA-B8-5549-11A-01R-1541-07","TCGA-B8-5549","Solid Tissue Normal","NKG7","ENSG00000105374.10",1.9902,"OK"
"TCGA-KIRC","330a912b-ae31-4a54-8611-f32b098ba946","TCGA-B8-5549-11A-01R-1541-07","TCGA-B8-5549","Solid Tissue Normal","LST1","ENSG00000204482.11",2.4595,"OK"
"TCGA-KIRC","330a912b-ae31-4a54-8611-f32b098ba946","TCGA-B8-5549-11A-01R-1541-07","TCGA-B8-5549","Solid Tissue Normal","TYROBP","ENSG00000011600.12",15.5551,"OK"
"TCGA-KIRC","330a912b-ae31-4a54-8611-f32b098ba946","TCGA-B8-5549-11A-01R-1541-07","TCGA-B8-5549","Solid Tissue Normal","FCER1G","ENSG00000158869.11",11.351,"OK"
"TCGA-KIRC","330a912b-ae31-4a54-8611-f32b098ba946","TCGA-B8-5549-11A-01R-1541-07","TCGA-B8-5549","Solid Tissue Normal","CD68","ENSG00000129226.14",0.0514,"OK"
"TCGA-KIRC","ccb3a294-e4b3-439a-b168-18c3ae05d3b8","TCGA-B8-4151-01A-01R-1188-07","TCGA-B8-4151","Primary Tumor","PTPRC","ENSG00000081237.20",12.033,"OK"
"TCGA-KIRC","ccb3a294-e4b3-439a-b168-18c3ae05d3b8","TCGA-B8-4151-01A-01R-1188-07","TCGA-B8-4151","Primary Tumor","CD3D","ENSG00000167286.10",9.5398,"OK"
"TCGA-KIRC","ccb3a294-e4b3-439a-b168-18c3ae05d3b8","TCGA-B8-4151-01A-01R-1188-07","TCGA-B8-4151","Primary Tumor","CD3E","ENSG00000198851.10",8.2249,"OK"
"TCGA-KIRC","ccb3a294-e4b3-439a-b168-18c3ae05d3b8","TCGA-B8-4151-01A-01R-1188-07","TCGA-B8-4151","Primary Tumor","MS4A1","ENSG00000156738.18",0.1016,"OK"
"TCGA-KIRC","ccb3a294-e4b3-439a-b168-18c3ae05d3b8","TCGA-B8-4151-01A-01R-1188-07","TCGA-B8-4151","Primary Tumor","CD79A","ENSG00000105369.10",0.8754,"OK"
"TCGA-KIRC","ccb3a294-e4b3-439a-b168-18c3ae05d3b8","TCGA-B8-4151-01A-01R-1188-07","TCGA-B8-4151","Primary Tumor","NKG7","ENSG00000105374.10",31.035,"OK"
"TCGA-KIRC","ccb3a294-e4b3-439a-b168-18c3ae05d3b8","TCGA-B8-4151-01A-01R-1188-07","TCGA-B8-4151","Primary Tumor","LST1","ENSG00000204482.11",21.8155,"OK"
"TCGA-KIRC","ccb3a294-e4b3-439a-b168-18c3ae05d3b8","TCGA-B8-4151-01A-01R-1188-07","TCGA-B8-4151","Primary Tumor","TYROBP","ENSG00000011600.12",205.7953,"OK"
"TCGA-KIRC","ccb3a294-e4b3-439a-b168-18c3ae05d3b8","TCGA-B8-4151-01A-01R-1188-07","TCGA-B8-4151","Primary Tumor","FCER1G","ENSG00000158869.11",97.9262,"OK"
"TCGA-KIRC","ccb3a294-e4b3-439a-b168-18c3ae05d3b8","TCGA-B8-4151-01A-01R-1188-07","TCGA-B8-4151","Primary Tumor","CD68","ENSG00000129226.14",0.032,"OK"
"TCGA-KIRC","489b2714-26c8-4889-9ca9-378957da1a6c","TCGA-B0-4841-01A-01R-1277-07","TCGA-B0-4841","Primary Tumor","PTPRC","ENSG00000081237.20",1.5524,"OK"
"TCGA-KIRC","489b2714-26c8-4889-9ca9-378957da1a6c","TCGA-B0-4841-01A-01R-1277-07","TCGA-B0-4841","Primary Tumor","CD3D","ENSG00000167286.10",8.706,"OK"
"TCGA-KIRC","489b2714-26c8-4889-9ca9-378957da1a6c","TCGA-B0-4841-01A-01R-1277-07","TCGA-B0-4841","Primary Tumor","CD3E","ENSG00000198851.10",4.9476,"OK"
"TCGA-KIRC","489b2714-26c8-4889-9ca9-378957da1a6c","TCGA-B0-4841-01A-01R-1277-07","TCGA-B0-4841","Primary Tumor","MS4A1","ENSG00000156738.18",0.0098,"OK"
"TCGA-KIRC","489b2714-26c8-4889-9ca9-378957da1a6c","TCGA-B0-4841-01A-01R-1277-07","TCGA-B0-4841","Primary Tumor","CD79A","ENSG00000105369.10",0.1742,"OK"
"TCGA-KIRC","489b2714-26c8-4889-9ca9-378957da1a6c","TCGA-B0-4841-01A-01R-1277-07","TCGA-B0-4841","Primary Tumor","NKG7","ENSG00000105374.10",38.1758,"OK"
"TCGA-KIRC","489b2714-26c8-4889-9ca9-378957da1a6c","TCGA-B0-4841-01A-01R-1277-07","TCGA-B0-4841","Primary Tumor","LST1","ENSG00000204482.11",7.9021,"OK"
"TCGA-KIRC","489b2714-26c8-4889-9ca9-378957da1a6c","TCGA-B0-4841-01A-01R-1277-07","TCGA-B0-4841","Primary Tumor","TYROBP","ENSG00000011600.12",82.95,"OK"
"TCGA-KIRC","489b2714-26c8-4889-9ca9-378957da1a6c","TCGA-B0-4841-01A-01R-1277-07","TCGA-B0-4841","Primary Tumor","FCER1G","ENSG00000158869.11",29.9166,"OK"
"TCGA-KIRC","489b2714-26c8-4889-9ca9-378957da1a6c","TCGA-B0-4841-01A-01R-1277-07","TCGA-B0-4841","Primary Tumor","CD68","ENSG00000129226.14",0.1082,"OK"
"TCGA-KIRC","66b1f91a-937c-4e1f-b4ab-07d1ef9fe1db","TCGA-B0-4714-01A-01R-1277-07","TCGA-B0-4714","Primary Tumor","PTPRC","ENSG00000081237.20",38.9167,"OK"
"TCGA-KIRC","66b1f91a-937c-4e1f-b4ab-07d1ef9fe1db","TCGA-B0-4714-01A-01R-1277-07","TCGA-B0-4714","Primary Tumor","CD3D","ENSG00000167286.10",87.7531,"OK"
"TCGA-KIRC","66b1f91a-937c-4e1f-b4ab-07d1ef9fe1db","TCGA-B0-4714-01A-01R-1277-07","TCGA-B0-4714","Primary Tumor","CD3E","ENSG00000198851.10",61.2665,"OK"
"TCGA-KIRC","66b1f91a-937c-4e1f-b4ab-07d1ef9fe1db","TCGA-B0-4714-01A-01R-1277-07","TCGA-B0-4714","Primary Tumor","MS4A1","ENSG00000156738.18",0.8869,"OK"
"TCGA-KIRC","66b1f91a-937c-4e1f-b4ab-07d1ef9fe1db","TCGA-B0-4714-01A-01R-1277-07","TCGA-B0-4714","Primary Tumor","CD79A","ENSG00000105369.10",1.4768,"OK"
"TCGA-KIRC","66b1f91a-937c-4e1f-b4ab-07d1ef9fe1db","TCGA-B0-4714-01A-01R-1277-07","TCGA-B0-4714","Primary Tumor","NKG7","ENSG00000105374.10",320.5866,"OK"
"TCGA-KIRC","66b1f91a-937c-4e1f-b4ab-07d1ef9fe1db","TCGA-B0-4714-01A-01R-1277-07","TCGA-B0-4714","Primary Tumor","LST1","ENSG00000204482.11",50.5592,"OK"
"TCGA-KIRC","66b1f91a-937c-4e1f-b4ab-07d1ef9fe1db","TCGA-B0-4714-01A-01R-1277-07","TCGA-B0-4714","Primary Tumor","TYROBP","ENSG00000011600.12",410.4172,"OK"
"TCGA-KIRC","66b1f91a-937c-4e1f-b4ab-07d1ef9fe1db","TCGA-B0-4714-01A-01R-1277-07","TCGA-B0-4714","Primary Tumor","FCER1G","ENSG00000158869.11",224.5813,"OK"
"TCGA-KIRC","66b1f91a-937c-4e1f-b4ab-07d1ef9fe1db","TCGA-B0-4714-01A-01R-1277-07","TCGA-B0-4714","Primary Tumor","CD68","ENSG00000129226.14",0.2173,"OK"
"TCGA-KIRC","572fb090-3796-4170-829d-7b77c1e8127d","TCGA-BP-4174-01A-02R-1289-07","TCGA-BP-4174","Primary Tumor","PTPRC","ENSG00000081237.20",38.7206,"OK"
"TCGA-KIRC","572fb090-3796-4170-829d-7b77c1e8127d","TCGA-BP-4174-01A-02R-1289-07","TCGA-BP-4174","Primary Tumor","CD3D","ENSG00000167286.10",40.5565,"OK"
"TCGA-KIRC","572fb090-3796-4170-829d-7b77c1e8127d","TCGA-BP-4174-01A-02R-1289-07","TCGA-BP-4174","Primary Tumor","CD3E","ENSG00000198851.10",24.6491,"OK"
"TCGA-KIRC","572fb090-3796-4170-829d-7b77c1e8127d","TCGA-BP-4174-01A-02R-1289-07","TCGA-BP-4174","Primary Tumor","MS4A1","ENSG00000156738.18",1.0733,"OK"
"TCGA-KIRC","572fb090-3796-4170-829d-7b77c1e8127d","TCGA-BP-4174-01A-02R-1289-07","TCGA-BP-4174","Primary Tumor","CD79A","ENSG00000105369.10",4.1098,"OK"
"TCGA-KIRC","572fb090-3796-4170-829d-7b77c1e8127d","TCGA-BP-4174-01A-02R-1289-07","TCGA-BP-4174","Primary Tumor","NKG7","ENSG00000105374.10",96.2503,"OK"
"TCGA-KIRC","572fb090-3796-4170-829d-7b77c1e8127d","TCGA-BP-4174-01A-02R-1289-07","TCGA-BP-4174","Primary Tumor","LST1","ENSG00000204482.11",32.3957,"OK"
"TCGA-KIRC","572fb090-3796-4170-829d-7b77c1e8127d","TCGA-BP-4174-01A-02R-1289-07","TCGA-BP-4174","Primary Tumor","TYROBP","ENSG00000011600.12",415.1551,"OK"
"TCGA-KIRC","572fb090-3796-4170-829d-7b77c1e8127d","TCGA-BP-4174-01A-02R-1289-07","TCGA-BP-4174","Primary Tumor","FCER1G","ENSG00000158869.11",165.6064,"OK"
"TCGA-KIRC","572fb090-3796-4170-829d-7b77c1e8127d","TCGA-BP-4174-01A-02R-1289-07","TCGA-BP-4174","Primary Tumor","CD68","ENSG00000129226.14",0.0623,"OK"
"TCGA-KIRC","6d560c49-6d99-467b-b2a9-5d236eff9f87","TCGA-BP-4973-01A-01R-1334-07","TCGA-BP-4973","Primary Tumor","PTPRC","ENSG00000081237.20",44.3458,"OK"
"TCGA-KIRC","6d560c49-6d99-467b-b2a9-5d236eff9f87","TCGA-BP-4973-01A-01R-1334-07","TCGA-BP-4973","Primary Tumor","CD3D","ENSG00000167286.10",31.4097,"OK"
"TCGA-KIRC","6d560c49-6d99-467b-b2a9-5d236eff9f87","TCGA-BP-4973-01A-01R-1334-07","TCGA-BP-4973","Primary Tumor","CD3E","ENSG00000198851.10",38.6525,"OK"
"TCGA-KIRC","6d560c49-6d99-467b-b2a9-5d236eff9f87","TCGA-BP-4973-01A-01R-1334-07","TCGA-BP-4973","Primary Tumor","MS4A1","ENSG00000156738.18",1.0553,"OK"
"TCGA-KIRC","6d560c49-6d99-467b-b2a9-5d236eff9f87","TCGA-BP-4973-01A-01R-1334-07","TCGA-BP-4973","Primary Tumor","CD79A","ENSG00000105369.10",2.1242,"OK"
"TCGA-KIRC","6d560c49-6d99-467b-b2a9-5d236eff9f87","TCGA-BP-4973-01A-01R-1334-07","TCGA-BP-4973","Primary Tumor","NKG7","ENSG00000105374.10",53.186,"OK"
"TCGA-KIRC","6d560c49-6d99-467b-b2a9-5d236eff9f87","TCGA-BP-4973-01A-01R-1334-07","TCGA-BP-4973","Primary Tumor","LST1","ENSG00000204482.11",22.1172,"OK"
"TCGA-KIRC","6d560c49-6d99-467b-b2a9-5d236eff9f87","TCGA-BP-4973-01A-01R-1334-07","TCGA-BP-4973","Primary Tumor","TYROBP","ENSG00000011600.12",186.1253,"OK"
"TCGA-KIRC","6d560c49-6d99-467b-b2a9-5d236eff9f87","TCGA-BP-4973-01A-01R-1334-07","TCGA-BP-4973","Primary Tumor","FCER1G","ENSG00000158869.11",93.9507,"OK"
"TCGA-KIRC","6d560c49-6d99-467b-b2a9-5d236eff9f87","TCGA-BP-4973-01A-01R-1334-07","TCGA-BP-4973","Primary Tumor","CD68","ENSG00000129226.14",0.2952,"OK"
"TCGA-KIRC","e0ab8fc2-a369-4e2b-a07a-67794bf6955b","TCGA-A3-A8OV-01A-11R-A37O-07","TCGA-A3-A8OV","Primary Tumor","PTPRC","ENSG00000081237.20",15.2008,"OK"
"TCGA-KIRC","e0ab8fc2-a369-4e2b-a07a-67794bf6955b","TCGA-A3-A8OV-01A-11R-A37O-07","TCGA-A3-A8OV","Primary Tumor","CD3D","ENSG00000167286.10",6.298,"OK"
"TCGA-KIRC","e0ab8fc2-a369-4e2b-a07a-67794bf6955b","TCGA-A3-A8OV-01A-11R-A37O-07","TCGA-A3-A8OV","Primary Tumor","CD3E","ENSG00000198851.10",5.4386,"OK"
"TCGA-KIRC","e0ab8fc2-a369-4e2b-a07a-67794bf6955b","TCGA-A3-A8OV-01A-11R-A37O-07","TCGA-A3-A8OV","Primary Tumor","MS4A1","ENSG00000156738.18",0.2002,"OK"
"TCGA-KIRC","e0ab8fc2-a369-4e2b-a07a-67794bf6955b","TCGA-A3-A8OV-01A-11R-A37O-07","TCGA-A3-A8OV","Primary Tumor","CD79A","ENSG00000105369.10",0.6091,"OK"
"TCGA-KIRC","e0ab8fc2-a369-4e2b-a07a-67794bf6955b","TCGA-A3-A8OV-01A-11R-A37O-07","TCGA-A3-A8OV","Primary Tumor","NKG7","ENSG00000105374.10",69.1767,"OK"
"TCGA-KIRC","e0ab8fc2-a369-4e2b-a07a-67794bf6955b","TCGA-A3-A8OV-01A-11R-A37O-07","TCGA-A3-A8OV","Primary Tumor","LST1","ENSG00000204482.11",33.3743,"OK"
"TCGA-KIRC","e0ab8fc2-a369-4e2b-a07a-67794bf6955b","TCGA-A3-A8OV-01A-11R-A37O-07","TCGA-A3-A8OV","Primary Tumor","TYROBP","ENSG00000011600.12",344.3034,"OK"
"TCGA-KIRC","e0ab8fc2-a369-4e2b-a07a-67794bf6955b","TCGA-A3-A8OV-01A-11R-A37O-07","TCGA-A3-A8OV","Primary Tumor","FCER1G","ENSG00000158869.11",139.3997,"OK"
"TCGA-KIRC","e0ab8fc2-a369-4e2b-a07a-67794bf6955b","TCGA-A3-A8OV-01A-11R-A37O-07","TCGA-A3-A8OV","Primary Tumor","CD68","ENSG00000129226.14",0.1577,"OK"
"TCGA-KIRC","54813ceb-f5c7-4c62-8b0a-047145bb6bae","TCGA-BP-4991-01A-01R-1334-07","TCGA-BP-4991","Primary Tumor","PTPRC","ENSG00000081237.20",33.1636,"OK"
"TCGA-KIRC","54813ceb-f5c7-4c62-8b0a-047145bb6bae","TCGA-BP-4991-01A-01R-1334-07","TCGA-BP-4991","Primary Tumor","CD3D","ENSG00000167286.10",18.5059,"OK"
"TCGA-KIRC","54813ceb-f5c7-4c62-8b0a-047145bb6bae","TCGA-BP-4991-01A-01R-1334-07","TCGA-BP-4991","Primary Tumor","CD3E","ENSG00000198851.10",17.1195,"OK"
"TCGA-KIRC","54813ceb-f5c7-4c62-8b0a-047145bb6bae","TCGA-BP-4991-01A-01R-1334-07","TCGA-BP-4991","Primary Tumor","MS4A1","ENSG00000156738.18",1.1564,"OK"
"TCGA-KIRC","54813ceb-f5c7-4c62-8b0a-047145bb6bae","TCGA-BP-4991-01A-01R-1334-07","TCGA-BP-4991","Primary Tumor","CD79A","ENSG00000105369.10",2.0004,"OK"
"TCGA-KIRC","54813ceb-f5c7-4c62-8b0a-047145bb6bae","TCGA-BP-4991-01A-01R-1334-07","TCGA-BP-4991","Primary Tumor","NKG7","ENSG00000105374.10",49.7274,"OK"
"TCGA-KIRC","54813ceb-f5c7-4c62-8b0a-047145bb6bae","TCGA-BP-4991-01A-01R-1334-07","TCGA-BP-4991","Primary Tumor","LST1","ENSG00000204482.11",16.7456,"OK"
"TCGA-KIRC","54813ceb-f5c7-4c62-8b0a-047145bb6bae","TCGA-BP-4991-01A-01R-1334-07","TCGA-BP-4991","Primary Tumor","TYROBP","ENSG00000011600.12",191.9114,"OK"
"TCGA-KIRC","54813ceb-f5c7-4c62-8b0a-047145bb6bae","TCGA-BP-4991-01A-01R-1334-07","TCGA-BP-4991","Primary Tumor","FCER1G","ENSG00000158869.11",127.092,"OK"
"TCGA-KIRC","54813ceb-f5c7-4c62-8b0a-047145bb6bae","TCGA-BP-4991-01A-01R-1334-07","TCGA-BP-4991","Primary Tumor","CD68","ENSG00000129226.14",0.1714,"OK"
"TCGA-KIRC","4a2da9f0-b75d-466c-b9f0-2e910ee24365","TCGA-AK-3456-01A-02R-1325-07","TCGA-AK-3456","Primary Tumor","PTPRC","ENSG00000081237.20",15.3762,"OK"
"TCGA-KIRC","4a2da9f0-b75d-466c-b9f0-2e910ee24365","TCGA-AK-3456-01A-02R-1325-07","TCGA-AK-3456","Primary Tumor","CD3D","ENSG00000167286.10",7.2082,"OK"
"TCGA-KIRC","4a2da9f0-b75d-466c-b9f0-2e910ee24365","TCGA-AK-3456-01A-02R-1325-07","TCGA-AK-3456","Primary Tumor","CD3E","ENSG00000198851.10",6.2978,"OK"
"TCGA-KIRC","4a2da9f0-b75d-466c-b9f0-2e910ee24365","TCGA-AK-3456-01A-02R-1325-07","TCGA-AK-3456","Primary Tumor","MS4A1","ENSG00000156738.18",0.9174,"OK"
"TCGA-KIRC","4a2da9f0-b75d-466c-b9f0-2e910ee24365","TCGA-AK-3456-01A-02R-1325-07","TCGA-AK-3456","Primary Tumor","CD79A","ENSG00000105369.10",3.3429,"OK"
"TCGA-KIRC","4a2da9f0-b75d-466c-b9f0-2e910ee24365","TCGA-AK-3456-01A-02R-1325-07","TCGA-AK-3456","Primary Tumor","NKG7","ENSG00000105374.10",20.0829,"OK"
"TCGA-KIRC","4a2da9f0-b75d-466c-b9f0-2e910ee24365","TCGA-AK-3456-01A-02R-1325-07","TCGA-AK-3456","Primary Tumor","LST1","ENSG00000204482.11",17.8037,"OK"
"TCGA-KIRC","4a2da9f0-b75d-466c-b9f0-2e910ee24365","TCGA-AK-3456-01A-02R-1325-07","TCGA-AK-3456","Primary Tumor","TYROBP","ENSG00000011600.12",224.9009,"OK"
"TCGA-KIRC","4a2da9f0-b75d-466c-b9f0-2e910ee24365","TCGA-AK-3456-01A-02R-1325-07","TCGA-AK-3456","Primary Tumor","FCER1G","ENSG00000158869.11",124.8675,"OK"
"TCGA-KIRC","4a2da9f0-b75d-466c-b9f0-2e910ee24365","TCGA-AK-3456-01A-02R-1325-07","TCGA-AK-3456","Primary Tumor","CD68","ENSG00000129226.14",0.027,"OK"
"TCGA-KIRC","152893a4-2d02-4941-bbe9-eb038cce9ef2","TCGA-BP-4758-01A-01R-1289-07","TCGA-BP-4758","Primary Tumor","PTPRC","ENSG00000081237.20",15.4377,"OK"
"TCGA-KIRC","152893a4-2d02-4941-bbe9-eb038cce9ef2","TCGA-BP-4758-01A-01R-1289-07","TCGA-BP-4758","Primary Tumor","CD3D","ENSG00000167286.10",96.9189,"OK"
"TCGA-KIRC","152893a4-2d02-4941-bbe9-eb038cce9ef2","TCGA-BP-4758-01A-01R-1289-07","TCGA-BP-4758","Primary Tumor","CD3E","ENSG00000198851.10",92.3248,"OK"
"TCGA-KIRC","152893a4-2d02-4941-bbe9-eb038cce9ef2","TCGA-BP-4758-01A-01R-1289-07","TCGA-BP-4758","Primary Tumor","MS4A1","ENSG00000156738.18",0.6832,"OK"
"TCGA-KIRC","152893a4-2d02-4941-bbe9-eb038cce9ef2","TCGA-BP-4758-01A-01R-1289-07","TCGA-BP-4758","Primary Tumor","CD79A","ENSG00000105369.10",8.2927,"OK"
"TCGA-KIRC","152893a4-2d02-4941-bbe9-eb038cce9ef2","TCGA-BP-4758-01A-01R-1289-07","TCGA-BP-4758","Primary Tumor","NKG7","ENSG00000105374.10",194.7191,"OK"
"TCGA-KIRC","152893a4-2d02-4941-bbe9-eb038cce9ef2","TCGA-BP-4758-01A-01R-1289-07","TCGA-BP-4758","Primary Tumor","LST1","ENSG00000204482.11",25.931,"OK"
"TCGA-KIRC","152893a4-2d02-4941-bbe9-eb038cce9ef2","TCGA-BP-4758-01A-01R-1289-07","TCGA-BP-4758","Primary Tumor","TYROBP","ENSG00000011600.12",275.7295,"OK"
"TCGA-KIRC","152893a4-2d02-4941-bbe9-eb038cce9ef2","TCGA-BP-4758-01A-01R-1289-07","TCGA-BP-4758","Primary Tumor","FCER1G","ENSG00000158869.11",150.6388,"OK"
"TCGA-KIRC","152893a4-2d02-4941-bbe9-eb038cce9ef2","TCGA-BP-4758-01A-01R-1289-07","TCGA-BP-4758","Primary Tumor","CD68","ENSG00000129226.14",0.0151,"OK"
"TCGA-KIRC","2d6da3de-d9be-4037-9fd7-e64d5c91ba1e","TCGA-CZ-5989-11A-01R-1672-07","TCGA-CZ-5989","Solid Tissue Normal","PTPRC","ENSG00000081237.20",13.1485,"OK"
"TCGA-KIRC","2d6da3de-d9be-4037-9fd7-e64d5c91ba1e","TCGA-CZ-5989-11A-01R-1672-07","TCGA-CZ-5989","Solid Tissue Normal","CD3D","ENSG00000167286.10",6.8364,"OK"
"TCGA-KIRC","2d6da3de-d9be-4037-9fd7-e64d5c91ba1e","TCGA-CZ-5989-11A-01R-1672-07","TCGA-CZ-5989","Solid Tissue Normal","CD3E","ENSG00000198851.10",4.9778,"OK"
"TCGA-KIRC","2d6da3de-d9be-4037-9fd7-e64d5c91ba1e","TCGA-CZ-5989-11A-01R-1672-07","TCGA-CZ-5989","Solid Tissue Normal","MS4A1","ENSG00000156738.18",0.1815,"OK"
"TCGA-KIRC","2d6da3de-d9be-4037-9fd7-e64d5c91ba1e","TCGA-CZ-5989-11A-01R-1672-07","TCGA-CZ-5989","Solid Tissue Normal","CD79A","ENSG00000105369.10",0.7823,"OK"
"TCGA-KIRC","2d6da3de-d9be-4037-9fd7-e64d5c91ba1e","TCGA-CZ-5989-11A-01R-1672-07","TCGA-CZ-5989","Solid Tissue Normal","NKG7","ENSG00000105374.10",5.9768,"OK"
"TCGA-KIRC","2d6da3de-d9be-4037-9fd7-e64d5c91ba1e","TCGA-CZ-5989-11A-01R-1672-07","TCGA-CZ-5989","Solid Tissue Normal","LST1","ENSG00000204482.11",8.2701,"OK"
"TCGA-KIRC","2d6da3de-d9be-4037-9fd7-e64d5c91ba1e","TCGA-CZ-5989-11A-01R-1672-07","TCGA-CZ-5989","Solid Tissue Normal","TYROBP","ENSG00000011600.12",83.3301,"OK"
"TCGA-KIRC","2d6da3de-d9be-4037-9fd7-e64d5c91ba1e","TCGA-CZ-5989-11A-01R-1672-07","TCGA-CZ-5989","Solid Tissue Normal","FCER1G","ENSG00000158869.11",50.5577,"OK"
"TCGA-KIRC","2d6da3de-d9be-4037-9fd7-e64d5c91ba1e","TCGA-CZ-5989-11A-01R-1672-07","TCGA-CZ-5989","Solid Tissue Normal","CD68","ENSG00000129226.14",0.0572,"OK"
"TCGA-KIRC","c0d545e4-ab23-41f8-a29f-7a9df01c4abd","TCGA-CW-6088-01A-11R-1672-07","TCGA-CW-6088","Primary Tumor","PTPRC","ENSG00000081237.20",33.2491,"OK"
"TCGA-KIRC","c0d545e4-ab23-41f8-a29f-7a9df01c4abd","TCGA-CW-6088-01A-11R-1672-07","TCGA-CW-6088","Primary Tumor","CD3D","ENSG00000167286.10",11.3388,"OK"
"TCGA-KIRC","c0d545e4-ab23-41f8-a29f-7a9df01c4abd","TCGA-CW-6088-01A-11R-1672-07","TCGA-CW-6088","Primary Tumor","CD3E","ENSG00000198851.10",11.9793,"OK"
"TCGA-KIRC","c0d545e4-ab23-41f8-a29f-7a9df01c4abd","TCGA-CW-6088-01A-11R-1672-07","TCGA-CW-6088","Primary Tumor","MS4A1","ENSG00000156738.18",0.3606,"OK"
"TCGA-KIRC","c0d545e4-ab23-41f8-a29f-7a9df01c4abd","TCGA-CW-6088-01A-11R-1672-07","TCGA-CW-6088","Primary Tumor","CD79A","ENSG00000105369.10",1.5888,"OK"
"TCGA-KIRC","c0d545e4-ab23-41f8-a29f-7a9df01c4abd","TCGA-CW-6088-01A-11R-1672-07","TCGA-CW-6088","Primary Tumor","NKG7","ENSG00000105374.10",57.2556,"OK"
"TCGA-KIRC","c0d545e4-ab23-41f8-a29f-7a9df01c4abd","TCGA-CW-6088-01A-11R-1672-07","TCGA-CW-6088","Primary Tumor","LST1","ENSG00000204482.11",19.5035,"OK"
"TCGA-KIRC","c0d545e4-ab23-41f8-a29f-7a9df01c4abd","TCGA-CW-6088-01A-11R-1672-07","TCGA-CW-6088","Primary Tumor","TYROBP","ENSG00000011600.12",163.889,"OK"
"TCGA-KIRC","c0d545e4-ab23-41f8-a29f-7a9df01c4abd","TCGA-CW-6088-01A-11R-1672-07","TCGA-CW-6088","Primary Tumor","FCER1G","ENSG00000158869.11",98.4507,"OK"
"TCGA-KIRC","c0d545e4-ab23-41f8-a29f-7a9df01c4abd","TCGA-CW-6088-01A-11R-1672-07","TCGA-CW-6088","Primary Tumor","CD68","ENSG00000129226.14",0.192,"OK"
"TCGA-KIRC","fd493a63-08fb-4076-8b3c-f443dc4bcb0b","TCGA-CZ-5470-01A-01R-1503-07","TCGA-CZ-5470","Primary Tumor","PTPRC","ENSG00000081237.20",34.5167,"OK"
"TCGA-KIRC","fd493a63-08fb-4076-8b3c-f443dc4bcb0b","TCGA-CZ-5470-01A-01R-1503-07","TCGA-CZ-5470","Primary Tumor","CD3D","ENSG00000167286.10",64.1819,"OK"
"TCGA-KIRC","fd493a63-08fb-4076-8b3c-f443dc4bcb0b","TCGA-CZ-5470-01A-01R-1503-07","TCGA-CZ-5470","Primary Tumor","CD3E","ENSG00000198851.10",40.5239,"OK"
"TCGA-KIRC","fd493a63-08fb-4076-8b3c-f443dc4bcb0b","TCGA-CZ-5470-01A-01R-1503-07","TCGA-CZ-5470","Primary Tumor","MS4A1","ENSG00000156738.18",0.3939,"OK"
"TCGA-KIRC","fd493a63-08fb-4076-8b3c-f443dc4bcb0b","TCGA-CZ-5470-01A-01R-1503-07","TCGA-CZ-5470","Primary Tumor","CD79A","ENSG00000105369.10",13.4545,"OK"
"TCGA-KIRC","fd493a63-08fb-4076-8b3c-f443dc4bcb0b","TCGA-CZ-5470-01A-01R-1503-07","TCGA-CZ-5470","Primary Tumor","NKG7","ENSG00000105374.10",112.576,"OK"
"TCGA-KIRC","fd493a63-08fb-4076-8b3c-f443dc4bcb0b","TCGA-CZ-5470-01A-01R-1503-07","TCGA-CZ-5470","Primary Tumor","LST1","ENSG00000204482.11",59.3195,"OK"
"TCGA-KIRC","fd493a63-08fb-4076-8b3c-f443dc4bcb0b","TCGA-CZ-5470-01A-01R-1503-07","TCGA-CZ-5470","Primary Tumor","TYROBP","ENSG00000011600.12",584.9892,"OK"
"TCGA-KIRC","fd493a63-08fb-4076-8b3c-f443dc4bcb0b","TCGA-CZ-5470-01A-01R-1503-07","TCGA-CZ-5470","Primary Tumor","FCER1G","ENSG00000158869.11",301.5504,"OK"
"TCGA-KIRC","fd493a63-08fb-4076-8b3c-f443dc4bcb0b","TCGA-CZ-5470-01A-01R-1503-07","TCGA-CZ-5470","Primary Tumor","CD68","ENSG00000129226.14",0.0905,"OK"
"TCGA-KIRC","e44dbaa1-6ef0-48ba-bf0f-3cfa502cbd14","TCGA-B0-5690-01A-11R-1541-07","TCGA-B0-5690","Primary Tumor","PTPRC","ENSG00000081237.20",30.0043,"OK"
"TCGA-KIRC","e44dbaa1-6ef0-48ba-bf0f-3cfa502cbd14","TCGA-B0-5690-01A-11R-1541-07","TCGA-B0-5690","Primary Tumor","CD3D","ENSG00000167286.10",21.3558,"OK"
"TCGA-KIRC","e44dbaa1-6ef0-48ba-bf0f-3cfa502cbd14","TCGA-B0-5690-01A-11R-1541-07","TCGA-B0-5690","Primary Tumor","CD3E","ENSG00000198851.10",21.3595,"OK"
"TCGA-KIRC","e44dbaa1-6ef0-48ba-bf0f-3cfa502cbd14","TCGA-B0-5690-01A-11R-1541-07","TCGA-B0-5690","Primary Tumor","MS4A1","ENSG00000156738.18",3.9163,"OK"
"TCGA-KIRC","e44dbaa1-6ef0-48ba-bf0f-3cfa502cbd14","TCGA-B0-5690-01A-11R-1541-07","TCGA-B0-5690","Primary Tumor","CD79A","ENSG00000105369.10",19.9071,"OK"
"TCGA-KIRC","e44dbaa1-6ef0-48ba-bf0f-3cfa502cbd14","TCGA-B0-5690-01A-11R-1541-07","TCGA-B0-5690","Primary Tumor","NKG7","ENSG00000105374.10",78.9035,"OK"
"TCGA-KIRC","e44dbaa1-6ef0-48ba-bf0f-3cfa502cbd14","TCGA-B0-5690-01A-11R-1541-07","TCGA-B0-5690","Primary Tumor","LST1","ENSG00000204482.11",42.6585,"OK"
"TCGA-KIRC","e44dbaa1-6ef0-48ba-bf0f-3cfa502cbd14","TCGA-B0-5690-01A-11R-1541-07","TCGA-B0-5690","Primary Tumor","TYROBP","ENSG00000011600.12",257.0374,"OK"
"TCGA-KIRC","e44dbaa1-6ef0-48ba-bf0f-3cfa502cbd14","TCGA-B0-5690-01A-11R-1541-07","TCGA-B0-5690","Primary Tumor","FCER1G","ENSG00000158869.11",141.6111,"OK"
"TCGA-KIRC","e44dbaa1-6ef0-48ba-bf0f-3cfa502cbd14","TCGA-B0-5690-01A-11R-1541-07","TCGA-B0-5690","Primary Tumor","CD68","ENSG00000129226.14",0.0949,"OK"
"TCGA-KIRC","9b794c4e-3176-4cdf-b59b-2b1a13bd603a","TCGA-BP-5196-01A-01R-1426-07","TCGA-BP-5196","Primary Tumor","PTPRC","ENSG00000081237.20",21.6314,"OK"
"TCGA-KIRC","9b794c4e-3176-4cdf-b59b-2b1a13bd603a","TCGA-BP-5196-01A-01R-1426-07","TCGA-BP-5196","Primary Tumor","CD3D","ENSG00000167286.10",91.2607,"OK"
"TCGA-KIRC","9b794c4e-3176-4cdf-b59b-2b1a13bd603a","TCGA-BP-5196-01A-01R-1426-07","TCGA-BP-5196","Primary Tumor","CD3E","ENSG00000198851.10",90.6948,"OK"
"TCGA-KIRC","9b794c4e-3176-4cdf-b59b-2b1a13bd603a","TCGA-BP-5196-01A-01R-1426-07","TCGA-BP-5196","Primary Tumor","MS4A1","ENSG00000156738.18",1.6317,"OK"
"TCGA-KIRC","9b794c4e-3176-4cdf-b59b-2b1a13bd603a","TCGA-BP-5196-01A-01R-1426-07","TCGA-BP-5196","Primary Tumor","CD79A","ENSG00000105369.10",7.9929,"OK"
"TCGA-KIRC","9b794c4e-3176-4cdf-b59b-2b1a13bd603a","TCGA-BP-5196-01A-01R-1426-07","TCGA-BP-5196","Primary Tumor","NKG7","ENSG00000105374.10",211.6256,"OK"
"TCGA-KIRC","9b794c4e-3176-4cdf-b59b-2b1a13bd603a","TCGA-BP-5196-01A-01R-1426-07","TCGA-BP-5196","Primary Tumor","LST1","ENSG00000204482.11",32.6846,"OK"
"TCGA-KIRC","9b794c4e-3176-4cdf-b59b-2b1a13bd603a","TCGA-BP-5196-01A-01R-1426-07","TCGA-BP-5196","Primary Tumor","TYROBP","ENSG00000011600.12",381.4158,"OK"
"TCGA-KIRC","9b794c4e-3176-4cdf-b59b-2b1a13bd603a","TCGA-BP-5196-01A-01R-1426-07","TCGA-BP-5196","Primary Tumor","FCER1G","ENSG00000158869.11",196.0469,"OK"
"TCGA-KIRC","9b794c4e-3176-4cdf-b59b-2b1a13bd603a","TCGA-BP-5196-01A-01R-1426-07","TCGA-BP-5196","Primary Tumor","CD68","ENSG00000129226.14",0.0595,"OK"
"TCGA-KIRC","a41454c8-c8c2-4d33-9ff8-402fd89d2163","TCGA-CZ-5454-11A-01R-1503-07","TCGA-CZ-5454","Solid Tissue Normal","PTPRC","ENSG00000081237.20",2.7569,"OK"
"TCGA-KIRC","a41454c8-c8c2-4d33-9ff8-402fd89d2163","TCGA-CZ-5454-11A-01R-1503-07","TCGA-CZ-5454","Solid Tissue Normal","CD3D","ENSG00000167286.10",2.3719,"OK"
"TCGA-KIRC","a41454c8-c8c2-4d33-9ff8-402fd89d2163","TCGA-CZ-5454-11A-01R-1503-07","TCGA-CZ-5454","Solid Tissue Normal","CD3E","ENSG00000198851.10",2.1979,"OK"
"TCGA-KIRC","a41454c8-c8c2-4d33-9ff8-402fd89d2163","TCGA-CZ-5454-11A-01R-1503-07","TCGA-CZ-5454","Solid Tissue Normal","MS4A1","ENSG00000156738.18",0.359,"OK"
"TCGA-KIRC","a41454c8-c8c2-4d33-9ff8-402fd89d2163","TCGA-CZ-5454-11A-01R-1503-07","TCGA-CZ-5454","Solid Tissue Normal","CD79A","ENSG00000105369.10",1.3294,"OK"
"TCGA-KIRC","a41454c8-c8c2-4d33-9ff8-402fd89d2163","TCGA-CZ-5454-11A-01R-1503-07","TCGA-CZ-5454","Solid Tissue Normal","NKG7","ENSG00000105374.10",4.4055,"OK"
"TCGA-KIRC","a41454c8-c8c2-4d33-9ff8-402fd89d2163","TCGA-CZ-5454-11A-01R-1503-07","TCGA-CZ-5454","Solid Tissue Normal","LST1","ENSG00000204482.11",3.4107,"OK"
"TCGA-KIRC","a41454c8-c8c2-4d33-9ff8-402fd89d2163","TCGA-CZ-5454-11A-01R-1503-07","TCGA-CZ-5454","Solid Tissue Normal","TYROBP","ENSG00000011600.12",26.7587,"OK"
"TCGA-KIRC","a41454c8-c8c2-4d33-9ff8-402fd89d2163","TCGA-CZ-5454-11A-01R-1503-07","TCGA-CZ-5454","Solid Tissue Normal","FCER1G","ENSG00000158869.11",14.8665,"OK"
"TCGA-KIRC","a41454c8-c8c2-4d33-9ff8-402fd89d2163","TCGA-CZ-5454-11A-01R-1503-07","TCGA-CZ-5454","Solid Tissue Normal","CD68","ENSG00000129226.14",0.0172,"OK"
"TCGA-KIRC","6d47118e-cd8a-4d75-970f-2f0f3aff712c","TCGA-BP-4337-01A-01R-1289-07","TCGA-BP-4337","Primary Tumor","PTPRC","ENSG00000081237.20",9.4317,"OK"
"TCGA-KIRC","6d47118e-cd8a-4d75-970f-2f0f3aff712c","TCGA-BP-4337-01A-01R-1289-07","TCGA-BP-4337","Primary Tumor","CD3D","ENSG00000167286.10",17.6064,"OK"
"TCGA-KIRC","6d47118e-cd8a-4d75-970f-2f0f3aff712c","TCGA-BP-4337-01A-01R-1289-07","TCGA-BP-4337","Primary Tumor","CD3E","ENSG00000198851.10",19.3023,"OK"
"TCGA-KIRC","6d47118e-cd8a-4d75-970f-2f0f3aff712c","TCGA-BP-4337-01A-01R-1289-07","TCGA-BP-4337","Primary Tumor","MS4A1","ENSG00000156738.18",4.5194,"OK"
"TCGA-KIRC","6d47118e-cd8a-4d75-970f-2f0f3aff712c","TCGA-BP-4337-01A-01R-1289-07","TCGA-BP-4337","Primary Tumor","CD79A","ENSG00000105369.10",29.4001,"OK"
"TCGA-KIRC","6d47118e-cd8a-4d75-970f-2f0f3aff712c","TCGA-BP-4337-01A-01R-1289-07","TCGA-BP-4337","Primary Tumor","NKG7","ENSG00000105374.10",21.634,"OK"
"TCGA-KIRC","6d47118e-cd8a-4d75-970f-2f0f3aff712c","TCGA-BP-4337-01A-01R-1289-07","TCGA-BP-4337","Primary Tumor","LST1","ENSG00000204482.11",14.7972,"OK"
"TCGA-KIRC","6d47118e-cd8a-4d75-970f-2f0f3aff712c","TCGA-BP-4337-01A-01R-1289-07","TCGA-BP-4337","Primary Tumor","TYROBP","ENSG00000011600.12",186.2247,"OK"
"TCGA-KIRC","6d47118e-cd8a-4d75-970f-2f0f3aff712c","TCGA-BP-4337-01A-01R-1289-07","TCGA-BP-4337","Primary Tumor","FCER1G","ENSG00000158869.11",91.2425,"OK"
"TCGA-KIRC","6d47118e-cd8a-4d75-970f-2f0f3aff712c","TCGA-BP-4337-01A-01R-1289-07","TCGA-BP-4337","Primary Tumor","CD68","ENSG00000129226.14",0.111,"OK"
"TCGA-KIRC","12e9affd-cc06-49d9-b485-47e7034be973","TCGA-CJ-4641-01A-02R-1325-07","TCGA-CJ-4641","Primary Tumor","PTPRC","ENSG00000081237.20",92.7281,"OK"
"TCGA-KIRC","12e9affd-cc06-49d9-b485-47e7034be973","TCGA-CJ-4641-01A-02R-1325-07","TCGA-CJ-4641","Primary Tumor","CD3D","ENSG00000167286.10",157.8683,"OK"
"TCGA-KIRC","12e9affd-cc06-49d9-b485-47e7034be973","TCGA-CJ-4641-01A-02R-1325-07","TCGA-CJ-4641","Primary Tumor","CD3E","ENSG00000198851.10",125.3591,"OK"
"TCGA-KIRC","12e9affd-cc06-49d9-b485-47e7034be973","TCGA-CJ-4641-01A-02R-1325-07","TCGA-CJ-4641","Primary Tumor","MS4A1","ENSG00000156738.18",11.4529,"OK"
"TCGA-KIRC","12e9affd-cc06-49d9-b485-47e7034be973","TCGA-CJ-4641-01A-02R-1325-07","TCGA-CJ-4641","Primary Tumor","CD79A","ENSG00000105369.10",20.9794,"OK"
"TCGA-KIRC","12e9affd-cc06-49d9-b485-47e7034be973","TCGA-CJ-4641-01A-02R-1325-07","TCGA-CJ-4641","Primary Tumor","NKG7","ENSG00000105374.10",245.4859,"OK"
"TCGA-KIRC","12e9affd-cc06-49d9-b485-47e7034be973","TCGA-CJ-4641-01A-02R-1325-07","TCGA-CJ-4641","Primary Tumor","LST1","ENSG00000204482.11",65.4123,"OK"
"TCGA-KIRC","12e9affd-cc06-49d9-b485-47e7034be973","TCGA-CJ-4641-01A-02R-1325-07","TCGA-CJ-4641","Primary Tumor","TYROBP","ENSG00000011600.12",569.5764,"OK"
"TCGA-KIRC","12e9affd-cc06-49d9-b485-47e7034be973","TCGA-CJ-4641-01A-02R-1325-07","TCGA-CJ-4641","Primary Tumor","FCER1G","ENSG00000158869.11",393.4434,"OK"
"TCGA-KIRC","12e9affd-cc06-49d9-b485-47e7034be973","TCGA-CJ-4641-01A-02R-1325-07","TCGA-CJ-4641","Primary Tumor","CD68","ENSG00000129226.14",0.2414,"OK"
"TCGA-KIRC","41954992-a111-4fbb-b6e2-d5ac8f564bf6","TCGA-CZ-5456-11A-02R-1503-07","TCGA-CZ-5456","Solid Tissue Normal","PTPRC","ENSG00000081237.20",0.9077,"OK"
"TCGA-KIRC","41954992-a111-4fbb-b6e2-d5ac8f564bf6","TCGA-CZ-5456-11A-02R-1503-07","TCGA-CZ-5456","Solid Tissue Normal","CD3D","ENSG00000167286.10",0.316,"OK"
"TCGA-KIRC","41954992-a111-4fbb-b6e2-d5ac8f564bf6","TCGA-CZ-5456-11A-02R-1503-07","TCGA-CZ-5456","Solid Tissue Normal","CD3E","ENSG00000198851.10",0.5939,"OK"
"TCGA-KIRC","41954992-a111-4fbb-b6e2-d5ac8f564bf6","TCGA-CZ-5456-11A-02R-1503-07","TCGA-CZ-5456","Solid Tissue Normal","MS4A1","ENSG00000156738.18",0,"OK"
"TCGA-KIRC","41954992-a111-4fbb-b6e2-d5ac8f564bf6","TCGA-CZ-5456-11A-02R-1503-07","TCGA-CZ-5456","Solid Tissue Normal","CD79A","ENSG00000105369.10",0.4068,"OK"
"TCGA-KIRC","41954992-a111-4fbb-b6e2-d5ac8f564bf6","TCGA-CZ-5456-11A-02R-1503-07","TCGA-CZ-5456","Solid Tissue Normal","NKG7","ENSG00000105374.10",5.7379,"OK"
"TCGA-KIRC","41954992-a111-4fbb-b6e2-d5ac8f564bf6","TCGA-CZ-5456-11A-02R-1503-07","TCGA-CZ-5456","Solid Tissue Normal","LST1","ENSG00000204482.11",3.1423,"OK"
"TCGA-KIRC","41954992-a111-4fbb-b6e2-d5ac8f564bf6","TCGA-CZ-5456-11A-02R-1503-07","TCGA-CZ-5456","Solid Tissue Normal","TYROBP","ENSG00000011600.12",12.1217,"OK"
"TCGA-KIRC","41954992-a111-4fbb-b6e2-d5ac8f564bf6","TCGA-CZ-5456-11A-02R-1503-07","TCGA-CZ-5456","Solid Tissue Normal","FCER1G","ENSG00000158869.11",9.0106,"OK"
"TCGA-KIRC","41954992-a111-4fbb-b6e2-d5ac8f564bf6","TCGA-CZ-5456-11A-02R-1503-07","TCGA-CZ-5456","Solid Tissue Normal","CD68","ENSG00000129226.14",0.1123,"OK"
"TCGA-KIRC","5f006edb-0f66-45eb-9a36-e31bbcdf8147","TCGA-B8-5546-01A-01R-1541-07","TCGA-B8-5546","Primary Tumor","PTPRC","ENSG00000081237.20",8.2387,"OK"
"TCGA-KIRC","5f006edb-0f66-45eb-9a36-e31bbcdf8147","TCGA-B8-5546-01A-01R-1541-07","TCGA-B8-5546","Primary Tumor","CD3D","ENSG00000167286.10",10.8555,"OK"
"TCGA-KIRC","5f006edb-0f66-45eb-9a36-e31bbcdf8147","TCGA-B8-5546-01A-01R-1541-07","TCGA-B8-5546","Primary Tumor","CD3E","ENSG00000198851.10",11.0485,"OK"
"TCGA-KIRC","5f006edb-0f66-45eb-9a36-e31bbcdf8147","TCGA-B8-5546-01A-01R-1541-07","TCGA-B8-5546","Primary Tumor","MS4A1","ENSG00000156738.18",0.589,"OK"
"TCGA-KIRC","5f006edb-0f66-45eb-9a36-e31bbcdf8147","TCGA-B8-5546-01A-01R-1541-07","TCGA-B8-5546","Primary Tumor","CD79A","ENSG00000105369.10",2.5681,"OK"
"TCGA-KIRC","5f006edb-0f66-45eb-9a36-e31bbcdf8147","TCGA-B8-5546-01A-01R-1541-07","TCGA-B8-5546","Primary Tumor","NKG7","ENSG00000105374.10",25.1,"OK"
"TCGA-KIRC","5f006edb-0f66-45eb-9a36-e31bbcdf8147","TCGA-B8-5546-01A-01R-1541-07","TCGA-B8-5546","Primary Tumor","LST1","ENSG00000204482.11",5.2433,"OK"
"TCGA-KIRC","5f006edb-0f66-45eb-9a36-e31bbcdf8147","TCGA-B8-5546-01A-01R-1541-07","TCGA-B8-5546","Primary Tumor","TYROBP","ENSG00000011600.12",57.8777,"OK"
"TCGA-KIRC","5f006edb-0f66-45eb-9a36-e31bbcdf8147","TCGA-B8-5546-01A-01R-1541-07","TCGA-B8-5546","Primary Tumor","FCER1G","ENSG00000158869.11",31.8073,"OK"
"TCGA-KIRC","5f006edb-0f66-45eb-9a36-e31bbcdf8147","TCGA-B8-5546-01A-01R-1541-07","TCGA-B8-5546","Primary Tumor","CD68","ENSG00000129226.14",0,"OK"
"TCGA-KIRC","f43cfd22-5e58-4369-9ea0-a0b6cc63a7db","TCGA-CJ-4640-01A-02R-1325-07","TCGA-CJ-4640","Primary Tumor","PTPRC","ENSG00000081237.20",51.4448,"OK"
"TCGA-KIRC","f43cfd22-5e58-4369-9ea0-a0b6cc63a7db","TCGA-CJ-4640-01A-02R-1325-07","TCGA-CJ-4640","Primary Tumor","CD3D","ENSG00000167286.10",95.4777,"OK"
"TCGA-KIRC","f43cfd22-5e58-4369-9ea0-a0b6cc63a7db","TCGA-CJ-4640-01A-02R-1325-07","TCGA-CJ-4640","Primary Tumor","CD3E","ENSG00000198851.10",71.7808,"OK"
"TCGA-KIRC","f43cfd22-5e58-4369-9ea0-a0b6cc63a7db","TCGA-CJ-4640-01A-02R-1325-07","TCGA-CJ-4640","Primary Tumor","MS4A1","ENSG00000156738.18",1.3068,"OK"
"TCGA-KIRC","f43cfd22-5e58-4369-9ea0-a0b6cc63a7db","TCGA-CJ-4640-01A-02R-1325-07","TCGA-CJ-4640","Primary Tumor","CD79A","ENSG00000105369.10",3.4067,"OK"
"TCGA-KIRC","f43cfd22-5e58-4369-9ea0-a0b6cc63a7db","TCGA-CJ-4640-01A-02R-1325-07","TCGA-CJ-4640","Primary Tumor","NKG7","ENSG00000105374.10",243.5331,"OK"
"TCGA-KIRC","f43cfd22-5e58-4369-9ea0-a0b6cc63a7db","TCGA-CJ-4640-01A-02R-1325-07","TCGA-CJ-4640","Primary Tumor","LST1","ENSG00000204482.11",65.8767,"OK"
"TCGA-KIRC","f43cfd22-5e58-4369-9ea0-a0b6cc63a7db","TCGA-CJ-4640-01A-02R-1325-07","TCGA-CJ-4640","Primary Tumor","TYROBP","ENSG00000011600.12",616.9533,"OK"
"TCGA-KIRC","f43cfd22-5e58-4369-9ea0-a0b6cc63a7db","TCGA-CJ-4640-01A-02R-1325-07","TCGA-CJ-4640","Primary Tumor","FCER1G","ENSG00000158869.11",356.7876,"OK"
"TCGA-KIRC","f43cfd22-5e58-4369-9ea0-a0b6cc63a7db","TCGA-CJ-4640-01A-02R-1325-07","TCGA-CJ-4640","Primary Tumor","CD68","ENSG00000129226.14",0.051,"OK"
"TCGA-KIRC","1be72033-3da7-4266-9b58-2fff2dbaa48b","TCGA-B0-4813-01A-01R-1277-07","TCGA-B0-4813","Primary Tumor","PTPRC","ENSG00000081237.20",6.1289,"OK"
"TCGA-KIRC","1be72033-3da7-4266-9b58-2fff2dbaa48b","TCGA-B0-4813-01A-01R-1277-07","TCGA-B0-4813","Primary Tumor","CD3D","ENSG00000167286.10",7.6353,"OK"
"TCGA-KIRC","1be72033-3da7-4266-9b58-2fff2dbaa48b","TCGA-B0-4813-01A-01R-1277-07","TCGA-B0-4813","Primary Tumor","CD3E","ENSG00000198851.10",5.6745,"OK"
"TCGA-KIRC","1be72033-3da7-4266-9b58-2fff2dbaa48b","TCGA-B0-4813-01A-01R-1277-07","TCGA-B0-4813","Primary Tumor","MS4A1","ENSG00000156738.18",0.1002,"OK"
"TCGA-KIRC","1be72033-3da7-4266-9b58-2fff2dbaa48b","TCGA-B0-4813-01A-01R-1277-07","TCGA-B0-4813","Primary Tumor","CD79A","ENSG00000105369.10",1.3208,"OK"
"TCGA-KIRC","1be72033-3da7-4266-9b58-2fff2dbaa48b","TCGA-B0-4813-01A-01R-1277-07","TCGA-B0-4813","Primary Tumor","NKG7","ENSG00000105374.10",12.7504,"OK"
"TCGA-KIRC","1be72033-3da7-4266-9b58-2fff2dbaa48b","TCGA-B0-4813-01A-01R-1277-07","TCGA-B0-4813","Primary Tumor","LST1","ENSG00000204482.11",22.2391,"OK"
"TCGA-KIRC","1be72033-3da7-4266-9b58-2fff2dbaa48b","TCGA-B0-4813-01A-01R-1277-07","TCGA-B0-4813","Primary Tumor","TYROBP","ENSG00000011600.12",186.0782,"OK"
"TCGA-KIRC","1be72033-3da7-4266-9b58-2fff2dbaa48b","TCGA-B0-4813-01A-01R-1277-07","TCGA-B0-4813","Primary Tumor","FCER1G","ENSG00000158869.11",100.286,"OK"
"TCGA-KIRC","1be72033-3da7-4266-9b58-2fff2dbaa48b","TCGA-B0-4813-01A-01R-1277-07","TCGA-B0-4813","Primary Tumor","CD68","ENSG00000129226.14",0.0316,"OK"
"TCGA-KIRC","363d5bdc-23e6-40b0-929c-0805d86471eb","TCGA-A3-3378-01A-02R-1325-07","TCGA-A3-3378","Primary Tumor","PTPRC","ENSG00000081237.20",93.462,"OK"
"TCGA-KIRC","363d5bdc-23e6-40b0-929c-0805d86471eb","TCGA-A3-3378-01A-02R-1325-07","TCGA-A3-3378","Primary Tumor","CD3D","ENSG00000167286.10",49.6818,"OK"
"TCGA-KIRC","363d5bdc-23e6-40b0-929c-0805d86471eb","TCGA-A3-3378-01A-02R-1325-07","TCGA-A3-3378","Primary Tumor","CD3E","ENSG00000198851.10",43.524,"OK"
"TCGA-KIRC","363d5bdc-23e6-40b0-929c-0805d86471eb","TCGA-A3-3378-01A-02R-1325-07","TCGA-A3-3378","Primary Tumor","MS4A1","ENSG00000156738.18",3.4485,"OK"
"TCGA-KIRC","363d5bdc-23e6-40b0-929c-0805d86471eb","TCGA-A3-3378-01A-02R-1325-07","TCGA-A3-3378","Primary Tumor","CD79A","ENSG00000105369.10",29.3741,"OK"
"TCGA-KIRC","363d5bdc-23e6-40b0-929c-0805d86471eb","TCGA-A3-3378-01A-02R-1325-07","TCGA-A3-3378","Primary Tumor","NKG7","ENSG00000105374.10",95.8704,"OK"
"TCGA-KIRC","363d5bdc-23e6-40b0-929c-0805d86471eb","TCGA-A3-3378-01A-02R-1325-07","TCGA-A3-3378","Primary Tumor","LST1","ENSG00000204482.11",29.2416,"OK"
"TCGA-KIRC","363d5bdc-23e6-40b0-929c-0805d86471eb","TCGA-A3-3378-01A-02R-1325-07","TCGA-A3-3378","Primary Tumor","TYROBP","ENSG00000011600.12",389.2254,"OK"
"TCGA-KIRC","363d5bdc-23e6-40b0-929c-0805d86471eb","TCGA-A3-3378-01A-02R-1325-07","TCGA-A3-3378","Primary Tumor","FCER1G","ENSG00000158869.11",373.7522,"OK"
"TCGA-KIRC","363d5bdc-23e6-40b0-929c-0805d86471eb","TCGA-A3-3378-01A-02R-1325-07","TCGA-A3-3378","Primary Tumor","CD68","ENSG00000129226.14",0.2944,"OK"
"TCGA-KIRC","d4afe781-4959-40a7-8556-b60a150ea6b0","TCGA-B0-5096-01A-01R-1420-07","TCGA-B0-5096","Primary Tumor","PTPRC","ENSG00000081237.20",28.8125,"OK"
"TCGA-KIRC","d4afe781-4959-40a7-8556-b60a150ea6b0","TCGA-B0-5096-01A-01R-1420-07","TCGA-B0-5096","Primary Tumor","CD3D","ENSG00000167286.10",17.1055,"OK"
"TCGA-KIRC","d4afe781-4959-40a7-8556-b60a150ea6b0","TCGA-B0-5096-01A-01R-1420-07","TCGA-B0-5096","Primary Tumor","CD3E","ENSG00000198851.10",13.0421,"OK"
"TCGA-KIRC","d4afe781-4959-40a7-8556-b60a150ea6b0","TCGA-B0-5096-01A-01R-1420-07","TCGA-B0-5096","Primary Tumor","MS4A1","ENSG00000156738.18",0.7653,"OK"
"TCGA-KIRC","d4afe781-4959-40a7-8556-b60a150ea6b0","TCGA-B0-5096-01A-01R-1420-07","TCGA-B0-5096","Primary Tumor","CD79A","ENSG00000105369.10",27.1141,"OK"
"TCGA-KIRC","d4afe781-4959-40a7-8556-b60a150ea6b0","TCGA-B0-5096-01A-01R-1420-07","TCGA-B0-5096","Primary Tumor","NKG7","ENSG00000105374.10",24.533,"OK"
"TCGA-KIRC","d4afe781-4959-40a7-8556-b60a150ea6b0","TCGA-B0-5096-01A-01R-1420-07","TCGA-B0-5096","Primary Tumor","LST1","ENSG00000204482.11",25.0264,"OK"
"TCGA-KIRC","d4afe781-4959-40a7-8556-b60a150ea6b0","TCGA-B0-5096-01A-01R-1420-07","TCGA-B0-5096","Primary Tumor","TYROBP","ENSG00000011600.12",384.2922,"OK"
"TCGA-KIRC","d4afe781-4959-40a7-8556-b60a150ea6b0","TCGA-B0-5096-01A-01R-1420-07","TCGA-B0-5096","Primary Tumor","FCER1G","ENSG00000158869.11",237.9778,"OK"
"TCGA-KIRC","d4afe781-4959-40a7-8556-b60a150ea6b0","TCGA-B0-5096-01A-01R-1420-07","TCGA-B0-5096","Primary Tumor","CD68","ENSG00000129226.14",0.1746,"OK"
"TCGA-KIRC","24ec3d48-d4c2-4f0c-b188-87ebc1f3123e","TCGA-CZ-5462-01A-01R-1503-07","TCGA-CZ-5462","Primary Tumor","PTPRC","ENSG00000081237.20",41.0232,"OK"
"TCGA-KIRC","24ec3d48-d4c2-4f0c-b188-87ebc1f3123e","TCGA-CZ-5462-01A-01R-1503-07","TCGA-CZ-5462","Primary Tumor","CD3D","ENSG00000167286.10",27.275,"OK"
"TCGA-KIRC","24ec3d48-d4c2-4f0c-b188-87ebc1f3123e","TCGA-CZ-5462-01A-01R-1503-07","TCGA-CZ-5462","Primary Tumor","CD3E","ENSG00000198851.10",18.7536,"OK"
"TCGA-KIRC","24ec3d48-d4c2-4f0c-b188-87ebc1f3123e","TCGA-CZ-5462-01A-01R-1503-07","TCGA-CZ-5462","Primary Tumor","MS4A1","ENSG00000156738.18",1.1532,"OK"
"TCGA-KIRC","24ec3d48-d4c2-4f0c-b188-87ebc1f3123e","TCGA-CZ-5462-01A-01R-1503-07","TCGA-CZ-5462","Primary Tumor","CD79A","ENSG00000105369.10",8.6062,"OK"
"TCGA-KIRC","24ec3d48-d4c2-4f0c-b188-87ebc1f3123e","TCGA-CZ-5462-01A-01R-1503-07","TCGA-CZ-5462","Primary Tumor","NKG7","ENSG00000105374.10",43.8168,"OK"
"TCGA-KIRC","24ec3d48-d4c2-4f0c-b188-87ebc1f3123e","TCGA-CZ-5462-01A-01R-1503-07","TCGA-CZ-5462","Primary Tumor","LST1","ENSG00000204482.11",40.7027,"OK"
"TCGA-KIRC","24ec3d48-d4c2-4f0c-b188-87ebc1f3123e","TCGA-CZ-5462-01A-01R-1503-07","TCGA-CZ-5462","Primary Tumor","TYROBP","ENSG00000011600.12",343.9288,"OK"
"TCGA-KIRC","24ec3d48-d4c2-4f0c-b188-87ebc1f3123e","TCGA-CZ-5462-01A-01R-1503-07","TCGA-CZ-5462","Primary Tumor","FCER1G","ENSG00000158869.11",219.8703,"OK"
"TCGA-KIRC","24ec3d48-d4c2-4f0c-b188-87ebc1f3123e","TCGA-CZ-5462-01A-01R-1503-07","TCGA-CZ-5462","Primary Tumor","CD68","ENSG00000129226.14",0.1664,"OK"
"TCGA-KIRC","343ba69a-e983-4966-9084-3bf576a08701","TCGA-B0-5102-01A-01R-1420-07","TCGA-B0-5102","Primary Tumor","PTPRC","ENSG00000081237.20",13.0651,"OK"
"TCGA-KIRC","343ba69a-e983-4966-9084-3bf576a08701","TCGA-B0-5102-01A-01R-1420-07","TCGA-B0-5102","Primary Tumor","CD3D","ENSG00000167286.10",23.2828,"OK"
"TCGA-KIRC","343ba69a-e983-4966-9084-3bf576a08701","TCGA-B0-5102-01A-01R-1420-07","TCGA-B0-5102","Primary Tumor","CD3E","ENSG00000198851.10",21.4295,"OK"
"TCGA-KIRC","343ba69a-e983-4966-9084-3bf576a08701","TCGA-B0-5102-01A-01R-1420-07","TCGA-B0-5102","Primary Tumor","MS4A1","ENSG00000156738.18",0.7319,"OK"
"TCGA-KIRC","343ba69a-e983-4966-9084-3bf576a08701","TCGA-B0-5102-01A-01R-1420-07","TCGA-B0-5102","Primary Tumor","CD79A","ENSG00000105369.10",2.9974,"OK"
"TCGA-KIRC","343ba69a-e983-4966-9084-3bf576a08701","TCGA-B0-5102-01A-01R-1420-07","TCGA-B0-5102","Primary Tumor","NKG7","ENSG00000105374.10",61.9173,"OK"
"TCGA-KIRC","343ba69a-e983-4966-9084-3bf576a08701","TCGA-B0-5102-01A-01R-1420-07","TCGA-B0-5102","Primary Tumor","LST1","ENSG00000204482.11",16.7389,"OK"
"TCGA-KIRC","343ba69a-e983-4966-9084-3bf576a08701","TCGA-B0-5102-01A-01R-1420-07","TCGA-B0-5102","Primary Tumor","TYROBP","ENSG00000011600.12",197.5021,"OK"
"TCGA-KIRC","343ba69a-e983-4966-9084-3bf576a08701","TCGA-B0-5102-01A-01R-1420-07","TCGA-B0-5102","Primary Tumor","FCER1G","ENSG00000158869.11",111.3923,"OK"
"TCGA-KIRC","343ba69a-e983-4966-9084-3bf576a08701","TCGA-B0-5102-01A-01R-1420-07","TCGA-B0-5102","Primary Tumor","CD68","ENSG00000129226.14",0.0414,"OK"
"TCGA-KIRC","c59faf4c-0b9f-4c20-acd2-0804a8c9d96c","TCGA-BP-5010-01A-02R-1420-07","TCGA-BP-5010","Primary Tumor","PTPRC","ENSG00000081237.20",6.0313,"OK"
"TCGA-KIRC","c59faf4c-0b9f-4c20-acd2-0804a8c9d96c","TCGA-BP-5010-01A-02R-1420-07","TCGA-BP-5010","Primary Tumor","CD3D","ENSG00000167286.10",25.1924,"OK"
"TCGA-KIRC","c59faf4c-0b9f-4c20-acd2-0804a8c9d96c","TCGA-BP-5010-01A-02R-1420-07","TCGA-BP-5010","Primary Tumor","CD3E","ENSG00000198851.10",19.6501,"OK"
"TCGA-KIRC","c59faf4c-0b9f-4c20-acd2-0804a8c9d96c","TCGA-BP-5010-01A-02R-1420-07","TCGA-BP-5010","Primary Tumor","MS4A1","ENSG00000156738.18",0.4071,"OK"
"TCGA-KIRC","c59faf4c-0b9f-4c20-acd2-0804a8c9d96c","TCGA-BP-5010-01A-02R-1420-07","TCGA-BP-5010","Primary Tumor","CD79A","ENSG00000105369.10",2.1999,"OK"
"TCGA-KIRC","c59faf4c-0b9f-4c20-acd2-0804a8c9d96c","TCGA-BP-5010-01A-02R-1420-07","TCGA-BP-5010","Primary Tumor","NKG7","ENSG00000105374.10",36.4633,"OK"
"TCGA-KIRC","c59faf4c-0b9f-4c20-acd2-0804a8c9d96c","TCGA-BP-5010-01A-02R-1420-07","TCGA-BP-5010","Primary Tumor","LST1","ENSG00000204482.11",21.1652,"OK"
"TCGA-KIRC","c59faf4c-0b9f-4c20-acd2-0804a8c9d96c","TCGA-BP-5010-01A-02R-1420-07","TCGA-BP-5010","Primary Tumor","TYROBP","ENSG00000011600.12",118.0847,"OK"
"TCGA-KIRC","c59faf4c-0b9f-4c20-acd2-0804a8c9d96c","TCGA-BP-5010-01A-02R-1420-07","TCGA-BP-5010","Primary Tumor","FCER1G","ENSG00000158869.11",59.4653,"OK"
"TCGA-KIRC","c59faf4c-0b9f-4c20-acd2-0804a8c9d96c","TCGA-BP-5010-01A-02R-1420-07","TCGA-BP-5010","Primary Tumor","CD68","ENSG00000129226.14",0,"OK"
"TCGA-KIRC","7f6b6886-84b6-4cb9-8b01-b2d10f55b8c9","TCGA-DV-A4VX-01A-11R-A266-07","TCGA-DV-A4VX","Primary Tumor","PTPRC","ENSG00000081237.20",9.6677,"OK"
"TCGA-KIRC","7f6b6886-84b6-4cb9-8b01-b2d10f55b8c9","TCGA-DV-A4VX-01A-11R-A266-07","TCGA-DV-A4VX","Primary Tumor","CD3D","ENSG00000167286.10",24.5157,"OK"
"TCGA-KIRC","7f6b6886-84b6-4cb9-8b01-b2d10f55b8c9","TCGA-DV-A4VX-01A-11R-A266-07","TCGA-DV-A4VX","Primary Tumor","CD3E","ENSG00000198851.10",12.6292,"OK"
"TCGA-KIRC","7f6b6886-84b6-4cb9-8b01-b2d10f55b8c9","TCGA-DV-A4VX-01A-11R-A266-07","TCGA-DV-A4VX","Primary Tumor","MS4A1","ENSG00000156738.18",0.3843,"OK"
"TCGA-KIRC","7f6b6886-84b6-4cb9-8b01-b2d10f55b8c9","TCGA-DV-A4VX-01A-11R-A266-07","TCGA-DV-A4VX","Primary Tumor","CD79A","ENSG00000105369.10",1.0228,"OK"
"TCGA-KIRC","7f6b6886-84b6-4cb9-8b01-b2d10f55b8c9","TCGA-DV-A4VX-01A-11R-A266-07","TCGA-DV-A4VX","Primary Tumor","NKG7","ENSG00000105374.10",50.3924,"OK"
"TCGA-KIRC","7f6b6886-84b6-4cb9-8b01-b2d10f55b8c9","TCGA-DV-A4VX-01A-11R-A266-07","TCGA-DV-A4VX","Primary Tumor","LST1","ENSG00000204482.11",16.8458,"OK"
"TCGA-KIRC","7f6b6886-84b6-4cb9-8b01-b2d10f55b8c9","TCGA-DV-A4VX-01A-11R-A266-07","TCGA-DV-A4VX","Primary Tumor","TYROBP","ENSG00000011600.12",226.4049,"OK"
"TCGA-KIRC","7f6b6886-84b6-4cb9-8b01-b2d10f55b8c9","TCGA-DV-A4VX-01A-11R-A266-07","TCGA-DV-A4VX","Primary Tumor","FCER1G","ENSG00000158869.11",136.9643,"OK"
"TCGA-KIRC","7f6b6886-84b6-4cb9-8b01-b2d10f55b8c9","TCGA-DV-A4VX-01A-11R-A266-07","TCGA-DV-A4VX","Primary Tumor","CD68","ENSG00000129226.14",0.0605,"OK"
"TCGA-KIRC","b9015212-73c0-4247-9848-95ac288ffb3c","TCGA-CJ-4635-01A-02R-1305-07","TCGA-CJ-4635","Primary Tumor","PTPRC","ENSG00000081237.20",56.7262,"OK"
"TCGA-KIRC","b9015212-73c0-4247-9848-95ac288ffb3c","TCGA-CJ-4635-01A-02R-1305-07","TCGA-CJ-4635","Primary Tumor","CD3D","ENSG00000167286.10",77.3519,"OK"
"TCGA-KIRC","b9015212-73c0-4247-9848-95ac288ffb3c","TCGA-CJ-4635-01A-02R-1305-07","TCGA-CJ-4635","Primary Tumor","CD3E","ENSG00000198851.10",63.0906,"OK"
"TCGA-KIRC","b9015212-73c0-4247-9848-95ac288ffb3c","TCGA-CJ-4635-01A-02R-1305-07","TCGA-CJ-4635","Primary Tumor","MS4A1","ENSG00000156738.18",1.9096,"OK"
"TCGA-KIRC","b9015212-73c0-4247-9848-95ac288ffb3c","TCGA-CJ-4635-01A-02R-1305-07","TCGA-CJ-4635","Primary Tumor","CD79A","ENSG00000105369.10",3.9485,"OK"
"TCGA-KIRC","b9015212-73c0-4247-9848-95ac288ffb3c","TCGA-CJ-4635-01A-02R-1305-07","TCGA-CJ-4635","Primary Tumor","NKG7","ENSG00000105374.10",138.4597,"OK"
"TCGA-KIRC","b9015212-73c0-4247-9848-95ac288ffb3c","TCGA-CJ-4635-01A-02R-1305-07","TCGA-CJ-4635","Primary Tumor","LST1","ENSG00000204482.11",21.1817,"OK"
"TCGA-KIRC","b9015212-73c0-4247-9848-95ac288ffb3c","TCGA-CJ-4635-01A-02R-1305-07","TCGA-CJ-4635","Primary Tumor","TYROBP","ENSG00000011600.12",315.6882,"OK"
"TCGA-KIRC","b9015212-73c0-4247-9848-95ac288ffb3c","TCGA-CJ-4635-01A-02R-1305-07","TCGA-CJ-4635","Primary Tumor","FCER1G","ENSG00000158869.11",158.7404,"OK"
"TCGA-KIRC","b9015212-73c0-4247-9848-95ac288ffb3c","TCGA-CJ-4635-01A-02R-1305-07","TCGA-CJ-4635","Primary Tumor","CD68","ENSG00000129226.14",0.4394,"OK"
"TCGA-KIRC","c55cb5e4-8428-4a52-9a84-101b6e823265","TCGA-BP-4975-01A-01R-1334-07","TCGA-BP-4975","Primary Tumor","PTPRC","ENSG00000081237.20",23.3007,"OK"
"TCGA-KIRC","c55cb5e4-8428-4a52-9a84-101b6e823265","TCGA-BP-4975-01A-01R-1334-07","TCGA-BP-4975","Primary Tumor","CD3D","ENSG00000167286.10",14.2215,"OK"
"TCGA-KIRC","c55cb5e4-8428-4a52-9a84-101b6e823265","TCGA-BP-4975-01A-01R-1334-07","TCGA-BP-4975","Primary Tumor","CD3E","ENSG00000198851.10",12.0393,"OK"
"TCGA-KIRC","c55cb5e4-8428-4a52-9a84-101b6e823265","TCGA-BP-4975-01A-01R-1334-07","TCGA-BP-4975","Primary Tumor","MS4A1","ENSG00000156738.18",0.6149,"OK"
"TCGA-KIRC","c55cb5e4-8428-4a52-9a84-101b6e823265","TCGA-BP-4975-01A-01R-1334-07","TCGA-BP-4975","Primary Tumor","CD79A","ENSG00000105369.10",5.335,"OK"
"TCGA-KIRC","c55cb5e4-8428-4a52-9a84-101b6e823265","TCGA-BP-4975-01A-01R-1334-07","TCGA-BP-4975","Primary Tumor","NKG7","ENSG00000105374.10",30.1579,"OK"
"TCGA-KIRC","c55cb5e4-8428-4a52-9a84-101b6e823265","TCGA-BP-4975-01A-01R-1334-07","TCGA-BP-4975","Primary Tumor","LST1","ENSG00000204482.11",18.1939,"OK"
"TCGA-KIRC","c55cb5e4-8428-4a52-9a84-101b6e823265","TCGA-BP-4975-01A-01R-1334-07","TCGA-BP-4975","Primary Tumor","TYROBP","ENSG00000011600.12",216.2407,"OK"
"TCGA-KIRC","c55cb5e4-8428-4a52-9a84-101b6e823265","TCGA-BP-4975-01A-01R-1334-07","TCGA-BP-4975","Primary Tumor","FCER1G","ENSG00000158869.11",111.8325,"OK"
"TCGA-KIRC","c55cb5e4-8428-4a52-9a84-101b6e823265","TCGA-BP-4975-01A-01R-1334-07","TCGA-BP-4975","Primary Tumor","CD68","ENSG00000129226.14",0.1172,"OK"
"TCGA-KIRC","1eb01cfb-4b8b-472b-a20b-61239ad14ab6","TCGA-EU-5904-01A-11R-1672-07","TCGA-EU-5904","Primary Tumor","PTPRC","ENSG00000081237.20",24.8815,"OK"
"TCGA-KIRC","1eb01cfb-4b8b-472b-a20b-61239ad14ab6","TCGA-EU-5904-01A-11R-1672-07","TCGA-EU-5904","Primary Tumor","CD3D","ENSG00000167286.10",22.517,"OK"
"TCGA-KIRC","1eb01cfb-4b8b-472b-a20b-61239ad14ab6","TCGA-EU-5904-01A-11R-1672-07","TCGA-EU-5904","Primary Tumor","CD3E","ENSG00000198851.10",27.7234,"OK"
"TCGA-KIRC","1eb01cfb-4b8b-472b-a20b-61239ad14ab6","TCGA-EU-5904-01A-11R-1672-07","TCGA-EU-5904","Primary Tumor","MS4A1","ENSG00000156738.18",0.6971,"OK"
"TCGA-KIRC","1eb01cfb-4b8b-472b-a20b-61239ad14ab6","TCGA-EU-5904-01A-11R-1672-07","TCGA-EU-5904","Primary Tumor","CD79A","ENSG00000105369.10",5.4148,"OK"
"TCGA-KIRC","1eb01cfb-4b8b-472b-a20b-61239ad14ab6","TCGA-EU-5904-01A-11R-1672-07","TCGA-EU-5904","Primary Tumor","NKG7","ENSG00000105374.10",37.4654,"OK"
"TCGA-KIRC","1eb01cfb-4b8b-472b-a20b-61239ad14ab6","TCGA-EU-5904-01A-11R-1672-07","TCGA-EU-5904","Primary Tumor","LST1","ENSG00000204482.11",15.2649,"OK"
"TCGA-KIRC","1eb01cfb-4b8b-472b-a20b-61239ad14ab6","TCGA-EU-5904-01A-11R-1672-07","TCGA-EU-5904","Primary Tumor","TYROBP","ENSG00000011600.12",175.7618,"OK"
"TCGA-KIRC","1eb01cfb-4b8b-472b-a20b-61239ad14ab6","TCGA-EU-5904-01A-11R-1672-07","TCGA-EU-5904","Primary Tumor","FCER1G","ENSG00000158869.11",111.743,"OK"
"TCGA-KIRC","1eb01cfb-4b8b-472b-a20b-61239ad14ab6","TCGA-EU-5904-01A-11R-1672-07","TCGA-EU-5904","Primary Tumor","CD68","ENSG00000129226.14",0.145,"OK"
"TCGA-KIRC","77cfb44f-6e99-4c0b-bd54-6ab249fd54ef","TCGA-B0-5095-01A-01R-1420-07","TCGA-B0-5095","Primary Tumor","PTPRC","ENSG00000081237.20",32.5152,"OK"
"TCGA-KIRC","77cfb44f-6e99-4c0b-bd54-6ab249fd54ef","TCGA-B0-5095-01A-01R-1420-07","TCGA-B0-5095","Primary Tumor","CD3D","ENSG00000167286.10",29.5628,"OK"
"TCGA-KIRC","77cfb44f-6e99-4c0b-bd54-6ab249fd54ef","TCGA-B0-5095-01A-01R-1420-07","TCGA-B0-5095","Primary Tumor","CD3E","ENSG00000198851.10",30.143,"OK"
"TCGA-KIRC","77cfb44f-6e99-4c0b-bd54-6ab249fd54ef","TCGA-B0-5095-01A-01R-1420-07","TCGA-B0-5095","Primary Tumor","MS4A1","ENSG00000156738.18",5.4492,"OK"
"TCGA-KIRC","77cfb44f-6e99-4c0b-bd54-6ab249fd54ef","TCGA-B0-5095-01A-01R-1420-07","TCGA-B0-5095","Primary Tumor","CD79A","ENSG00000105369.10",15.3563,"OK"
"TCGA-KIRC","77cfb44f-6e99-4c0b-bd54-6ab249fd54ef","TCGA-B0-5095-01A-01R-1420-07","TCGA-B0-5095","Primary Tumor","NKG7","ENSG00000105374.10",97.2187,"OK"
"TCGA-KIRC","77cfb44f-6e99-4c0b-bd54-6ab249fd54ef","TCGA-B0-5095-01A-01R-1420-07","TCGA-B0-5095","Primary Tumor","LST1","ENSG00000204482.11",20.6475,"OK"
"TCGA-KIRC","77cfb44f-6e99-4c0b-bd54-6ab249fd54ef","TCGA-B0-5095-01A-01R-1420-07","TCGA-B0-5095","Primary Tumor","TYROBP","ENSG00000011600.12",198.3797,"OK"
"TCGA-KIRC","77cfb44f-6e99-4c0b-bd54-6ab249fd54ef","TCGA-B0-5095-01A-01R-1420-07","TCGA-B0-5095","Primary Tumor","FCER1G","ENSG00000158869.11",146.1647,"OK"
"TCGA-KIRC","77cfb44f-6e99-4c0b-bd54-6ab249fd54ef","TCGA-B0-5095-01A-01R-1420-07","TCGA-B0-5095","Primary Tumor","CD68","ENSG00000129226.14",0.1076,"OK"
"TCGA-KIRC","62482815-63b6-4df9-8698-44a2d5cdafaf","TCGA-BP-5000-01A-01R-1334-07","TCGA-BP-5000","Primary Tumor","PTPRC","ENSG00000081237.20",12.2722,"OK"
"TCGA-KIRC","62482815-63b6-4df9-8698-44a2d5cdafaf","TCGA-BP-5000-01A-01R-1334-07","TCGA-BP-5000","Primary Tumor","CD3D","ENSG00000167286.10",52.424,"OK"
"TCGA-KIRC","62482815-63b6-4df9-8698-44a2d5cdafaf","TCGA-BP-5000-01A-01R-1334-07","TCGA-BP-5000","Primary Tumor","CD3E","ENSG00000198851.10",40.2534,"OK"
"TCGA-KIRC","62482815-63b6-4df9-8698-44a2d5cdafaf","TCGA-BP-5000-01A-01R-1334-07","TCGA-BP-5000","Primary Tumor","MS4A1","ENSG00000156738.18",0.4401,"OK"
"TCGA-KIRC","62482815-63b6-4df9-8698-44a2d5cdafaf","TCGA-BP-5000-01A-01R-1334-07","TCGA-BP-5000","Primary Tumor","CD79A","ENSG00000105369.10",3.905,"OK"
"TCGA-KIRC","62482815-63b6-4df9-8698-44a2d5cdafaf","TCGA-BP-5000-01A-01R-1334-07","TCGA-BP-5000","Primary Tumor","NKG7","ENSG00000105374.10",79.4236,"OK"
"TCGA-KIRC","62482815-63b6-4df9-8698-44a2d5cdafaf","TCGA-BP-5000-01A-01R-1334-07","TCGA-BP-5000","Primary Tumor","LST1","ENSG00000204482.11",23.7137,"OK"
"TCGA-KIRC","62482815-63b6-4df9-8698-44a2d5cdafaf","TCGA-BP-5000-01A-01R-1334-07","TCGA-BP-5000","Primary Tumor","TYROBP","ENSG00000011600.12",262.4546,"OK"
"TCGA-KIRC","62482815-63b6-4df9-8698-44a2d5cdafaf","TCGA-BP-5000-01A-01R-1334-07","TCGA-BP-5000","Primary Tumor","FCER1G","ENSG00000158869.11",114.1615,"OK"
"TCGA-KIRC","62482815-63b6-4df9-8698-44a2d5cdafaf","TCGA-BP-5000-01A-01R-1334-07","TCGA-BP-5000","Primary Tumor","CD68","ENSG00000129226.14",0.182,"OK"
"TCGA-KIRC","451091ae-1364-4e63-b2c6-82e72aae9458","TCGA-BP-5192-01A-01R-1426-07","TCGA-BP-5192","Primary Tumor","PTPRC","ENSG00000081237.20",8.7205,"OK"
"TCGA-KIRC","451091ae-1364-4e63-b2c6-82e72aae9458","TCGA-BP-5192-01A-01R-1426-07","TCGA-BP-5192","Primary Tumor","CD3D","ENSG00000167286.10",12.6472,"OK"
"TCGA-KIRC","451091ae-1364-4e63-b2c6-82e72aae9458","TCGA-BP-5192-01A-01R-1426-07","TCGA-BP-5192","Primary Tumor","CD3E","ENSG00000198851.10",13.5293,"OK"
"TCGA-KIRC","451091ae-1364-4e63-b2c6-82e72aae9458","TCGA-BP-5192-01A-01R-1426-07","TCGA-BP-5192","Primary Tumor","MS4A1","ENSG00000156738.18",0.4604,"OK"
"TCGA-KIRC","451091ae-1364-4e63-b2c6-82e72aae9458","TCGA-BP-5192-01A-01R-1426-07","TCGA-BP-5192","Primary Tumor","CD79A","ENSG00000105369.10",1.9453,"OK"
"TCGA-KIRC","451091ae-1364-4e63-b2c6-82e72aae9458","TCGA-BP-5192-01A-01R-1426-07","TCGA-BP-5192","Primary Tumor","NKG7","ENSG00000105374.10",29.2952,"OK"
"TCGA-KIRC","451091ae-1364-4e63-b2c6-82e72aae9458","TCGA-BP-5192-01A-01R-1426-07","TCGA-BP-5192","Primary Tumor","LST1","ENSG00000204482.11",7.1521,"OK"
"TCGA-KIRC","451091ae-1364-4e63-b2c6-82e72aae9458","TCGA-BP-5192-01A-01R-1426-07","TCGA-BP-5192","Primary Tumor","TYROBP","ENSG00000011600.12",88.8963,"OK"
"TCGA-KIRC","451091ae-1364-4e63-b2c6-82e72aae9458","TCGA-BP-5192-01A-01R-1426-07","TCGA-BP-5192","Primary Tumor","FCER1G","ENSG00000158869.11",47.7323,"OK"
"TCGA-KIRC","451091ae-1364-4e63-b2c6-82e72aae9458","TCGA-BP-5192-01A-01R-1426-07","TCGA-BP-5192","Primary Tumor","CD68","ENSG00000129226.14",0.0725,"OK"
"TCGA-KIRC","51a2c5e1-ba04-4178-a5b0-0ac50c870c4e","TCGA-BP-4343-01A-02R-1289-07","TCGA-BP-4343","Primary Tumor","PTPRC","ENSG00000081237.20",67.5274,"OK"
"TCGA-KIRC","51a2c5e1-ba04-4178-a5b0-0ac50c870c4e","TCGA-BP-4343-01A-02R-1289-07","TCGA-BP-4343","Primary Tumor","CD3D","ENSG00000167286.10",66.3414,"OK"
"TCGA-KIRC","51a2c5e1-ba04-4178-a5b0-0ac50c870c4e","TCGA-BP-4343-01A-02R-1289-07","TCGA-BP-4343","Primary Tumor","CD3E","ENSG00000198851.10",34.8549,"OK"
"TCGA-KIRC","51a2c5e1-ba04-4178-a5b0-0ac50c870c4e","TCGA-BP-4343-01A-02R-1289-07","TCGA-BP-4343","Primary Tumor","MS4A1","ENSG00000156738.18",6.0766,"OK"
"TCGA-KIRC","51a2c5e1-ba04-4178-a5b0-0ac50c870c4e","TCGA-BP-4343-01A-02R-1289-07","TCGA-BP-4343","Primary Tumor","CD79A","ENSG00000105369.10",15.4308,"OK"
"TCGA-KIRC","51a2c5e1-ba04-4178-a5b0-0ac50c870c4e","TCGA-BP-4343-01A-02R-1289-07","TCGA-BP-4343","Primary Tumor","NKG7","ENSG00000105374.10",92.6105,"OK"
"TCGA-KIRC","51a2c5e1-ba04-4178-a5b0-0ac50c870c4e","TCGA-BP-4343-01A-02R-1289-07","TCGA-BP-4343","Primary Tumor","LST1","ENSG00000204482.11",34.2907,"OK"
"TCGA-KIRC","51a2c5e1-ba04-4178-a5b0-0ac50c870c4e","TCGA-BP-4343-01A-02R-1289-07","TCGA-BP-4343","Primary Tumor","TYROBP","ENSG00000011600.12",597.2829,"OK"
"TCGA-KIRC","51a2c5e1-ba04-4178-a5b0-0ac50c870c4e","TCGA-BP-4343-01A-02R-1289-07","TCGA-BP-4343","Primary Tumor","FCER1G","ENSG00000158869.11",282.5472,"OK"
"TCGA-KIRC","51a2c5e1-ba04-4178-a5b0-0ac50c870c4e","TCGA-BP-4343-01A-02R-1289-07","TCGA-BP-4343","Primary Tumor","CD68","ENSG00000129226.14",0.1707,"OK"
"TCGA-KIRC","fb185dab-f274-4565-ba4a-223e5d629310","TCGA-B0-4822-01A-01R-1277-07","TCGA-B0-4822","Primary Tumor","PTPRC","ENSG00000081237.20",6.393,"OK"
"TCGA-KIRC","fb185dab-f274-4565-ba4a-223e5d629310","TCGA-B0-4822-01A-01R-1277-07","TCGA-B0-4822","Primary Tumor","CD3D","ENSG00000167286.10",35.3072,"OK"
"TCGA-KIRC","fb185dab-f274-4565-ba4a-223e5d629310","TCGA-B0-4822-01A-01R-1277-07","TCGA-B0-4822","Primary Tumor","CD3E","ENSG00000198851.10",23.6626,"OK"
"TCGA-KIRC","fb185dab-f274-4565-ba4a-223e5d629310","TCGA-B0-4822-01A-01R-1277-07","TCGA-B0-4822","Primary Tumor","MS4A1","ENSG00000156738.18",0.5986,"OK"
"TCGA-KIRC","fb185dab-f274-4565-ba4a-223e5d629310","TCGA-B0-4822-01A-01R-1277-07","TCGA-B0-4822","Primary Tumor","CD79A","ENSG00000105369.10",8.6473,"OK"
"TCGA-KIRC","fb185dab-f274-4565-ba4a-223e5d629310","TCGA-B0-4822-01A-01R-1277-07","TCGA-B0-4822","Primary Tumor","NKG7","ENSG00000105374.10",80.3906,"OK"
"TCGA-KIRC","fb185dab-f274-4565-ba4a-223e5d629310","TCGA-B0-4822-01A-01R-1277-07","TCGA-B0-4822","Primary Tumor","LST1","ENSG00000204482.11",22.9939,"OK"
"TCGA-KIRC","fb185dab-f274-4565-ba4a-223e5d629310","TCGA-B0-4822-01A-01R-1277-07","TCGA-B0-4822","Primary Tumor","TYROBP","ENSG00000011600.12",414.0119,"OK"
"TCGA-KIRC","fb185dab-f274-4565-ba4a-223e5d629310","TCGA-B0-4822-01A-01R-1277-07","TCGA-B0-4822","Primary Tumor","FCER1G","ENSG00000158869.11",163.223,"OK"
"TCGA-KIRC","fb185dab-f274-4565-ba4a-223e5d629310","TCGA-B0-4822-01A-01R-1277-07","TCGA-B0-4822","Primary Tumor","CD68","ENSG00000129226.14",0.3474,"OK"
"TCGA-KIRC","8e4576b0-ae52-47fa-b4a0-eaaed1fefcd2","TCGA-BP-4985-01A-01R-1334-07","TCGA-BP-4985","Primary Tumor","PTPRC","ENSG00000081237.20",12.1937,"OK"
"TCGA-KIRC","8e4576b0-ae52-47fa-b4a0-eaaed1fefcd2","TCGA-BP-4985-01A-01R-1334-07","TCGA-BP-4985","Primary Tumor","CD3D","ENSG00000167286.10",18.789,"OK"
"TCGA-KIRC","8e4576b0-ae52-47fa-b4a0-eaaed1fefcd2","TCGA-BP-4985-01A-01R-1334-07","TCGA-BP-4985","Primary Tumor","CD3E","ENSG00000198851.10",11.5157,"OK"
"TCGA-KIRC","8e4576b0-ae52-47fa-b4a0-eaaed1fefcd2","TCGA-BP-4985-01A-01R-1334-07","TCGA-BP-4985","Primary Tumor","MS4A1","ENSG00000156738.18",0.2873,"OK"
"TCGA-KIRC","8e4576b0-ae52-47fa-b4a0-eaaed1fefcd2","TCGA-BP-4985-01A-01R-1334-07","TCGA-BP-4985","Primary Tumor","CD79A","ENSG00000105369.10",3.263,"OK"
"TCGA-KIRC","8e4576b0-ae52-47fa-b4a0-eaaed1fefcd2","TCGA-BP-4985-01A-01R-1334-07","TCGA-BP-4985","Primary Tumor","NKG7","ENSG00000105374.10",13.9875,"OK"
"TCGA-KIRC","8e4576b0-ae52-47fa-b4a0-eaaed1fefcd2","TCGA-BP-4985-01A-01R-1334-07","TCGA-BP-4985","Primary Tumor","LST1","ENSG00000204482.11",12.9263,"OK"
"TCGA-KIRC","8e4576b0-ae52-47fa-b4a0-eaaed1fefcd2","TCGA-BP-4985-01A-01R-1334-07","TCGA-BP-4985","Primary Tumor","TYROBP","ENSG00000011600.12",137.1987,"OK"
"TCGA-KIRC","8e4576b0-ae52-47fa-b4a0-eaaed1fefcd2","TCGA-BP-4985-01A-01R-1334-07","TCGA-BP-4985","Primary Tumor","FCER1G","ENSG00000158869.11",74.5354,"OK"
"TCGA-KIRC","8e4576b0-ae52-47fa-b4a0-eaaed1fefcd2","TCGA-BP-4985-01A-01R-1334-07","TCGA-BP-4985","Primary Tumor","CD68","ENSG00000129226.14",0.344,"OK"
"TCGA-KIRC","6b9f9688-4bd2-4e54-9744-ac31665650b2","TCGA-CZ-5459-01A-01R-1503-07","TCGA-CZ-5459","Primary Tumor","PTPRC","ENSG00000081237.20",16.4412,"OK"
"TCGA-KIRC","6b9f9688-4bd2-4e54-9744-ac31665650b2","TCGA-CZ-5459-01A-01R-1503-07","TCGA-CZ-5459","Primary Tumor","CD3D","ENSG00000167286.10",37.1398,"OK"
"TCGA-KIRC","6b9f9688-4bd2-4e54-9744-ac31665650b2","TCGA-CZ-5459-01A-01R-1503-07","TCGA-CZ-5459","Primary Tumor","CD3E","ENSG00000198851.10",28.9269,"OK"
"TCGA-KIRC","6b9f9688-4bd2-4e54-9744-ac31665650b2","TCGA-CZ-5459-01A-01R-1503-07","TCGA-CZ-5459","Primary Tumor","MS4A1","ENSG00000156738.18",0.4,"OK"
"TCGA-KIRC","6b9f9688-4bd2-4e54-9744-ac31665650b2","TCGA-CZ-5459-01A-01R-1503-07","TCGA-CZ-5459","Primary Tumor","CD79A","ENSG00000105369.10",5.3237,"OK"
"TCGA-KIRC","6b9f9688-4bd2-4e54-9744-ac31665650b2","TCGA-CZ-5459-01A-01R-1503-07","TCGA-CZ-5459","Primary Tumor","NKG7","ENSG00000105374.10",59.0427,"OK"
"TCGA-KIRC","6b9f9688-4bd2-4e54-9744-ac31665650b2","TCGA-CZ-5459-01A-01R-1503-07","TCGA-CZ-5459","Primary Tumor","LST1","ENSG00000204482.11",15.1612,"OK"
"TCGA-KIRC","6b9f9688-4bd2-4e54-9744-ac31665650b2","TCGA-CZ-5459-01A-01R-1503-07","TCGA-CZ-5459","Primary Tumor","TYROBP","ENSG00000011600.12",240.0133,"OK"
"TCGA-KIRC","6b9f9688-4bd2-4e54-9744-ac31665650b2","TCGA-CZ-5459-01A-01R-1503-07","TCGA-CZ-5459","Primary Tumor","FCER1G","ENSG00000158869.11",118.5703,"OK"
"TCGA-KIRC","6b9f9688-4bd2-4e54-9744-ac31665650b2","TCGA-CZ-5459-01A-01R-1503-07","TCGA-CZ-5459","Primary Tumor","CD68","ENSG00000129226.14",0.1378,"OK"
"TCGA-KIRC","fd3d7a82-a316-4df0-9d84-409cb12eb9b1","TCGA-B8-A54J-01A-11R-A33J-07","TCGA-B8-A54J","Primary Tumor","PTPRC","ENSG00000081237.20",23.4999,"OK"
"TCGA-KIRC","fd3d7a82-a316-4df0-9d84-409cb12eb9b1","TCGA-B8-A54J-01A-11R-A33J-07","TCGA-B8-A54J","Primary Tumor","CD3D","ENSG00000167286.10",58.6762,"OK"
"TCGA-KIRC","fd3d7a82-a316-4df0-9d84-409cb12eb9b1","TCGA-B8-A54J-01A-11R-A33J-07","TCGA-B8-A54J","Primary Tumor","CD3E","ENSG00000198851.10",36.1034,"OK"
"TCGA-KIRC","fd3d7a82-a316-4df0-9d84-409cb12eb9b1","TCGA-B8-A54J-01A-11R-A33J-07","TCGA-B8-A54J","Primary Tumor","MS4A1","ENSG00000156738.18",0.5391,"OK"
"TCGA-KIRC","fd3d7a82-a316-4df0-9d84-409cb12eb9b1","TCGA-B8-A54J-01A-11R-A33J-07","TCGA-B8-A54J","Primary Tumor","CD79A","ENSG00000105369.10",2.9154,"OK"
"TCGA-KIRC","fd3d7a82-a316-4df0-9d84-409cb12eb9b1","TCGA-B8-A54J-01A-11R-A33J-07","TCGA-B8-A54J","Primary Tumor","NKG7","ENSG00000105374.10",160.4717,"OK"
"TCGA-KIRC","fd3d7a82-a316-4df0-9d84-409cb12eb9b1","TCGA-B8-A54J-01A-11R-A33J-07","TCGA-B8-A54J","Primary Tumor","LST1","ENSG00000204482.11",29.337,"OK"
"TCGA-KIRC","fd3d7a82-a316-4df0-9d84-409cb12eb9b1","TCGA-B8-A54J-01A-11R-A33J-07","TCGA-B8-A54J","Primary Tumor","TYROBP","ENSG00000011600.12",300.7193,"OK"
"TCGA-KIRC","fd3d7a82-a316-4df0-9d84-409cb12eb9b1","TCGA-B8-A54J-01A-11R-A33J-07","TCGA-B8-A54J","Primary Tumor","FCER1G","ENSG00000158869.11",133.054,"OK"
"TCGA-KIRC","fd3d7a82-a316-4df0-9d84-409cb12eb9b1","TCGA-B8-A54J-01A-11R-A33J-07","TCGA-B8-A54J","Primary Tumor","CD68","ENSG00000129226.14",0.1698,"OK"
"TCGA-KIRC","f41b182b-f528-49bf-9d7e-912614796b77","TCGA-B8-5545-01A-01R-1672-07","TCGA-B8-5545","Primary Tumor","PTPRC","ENSG00000081237.20",46.6582,"OK"
"TCGA-KIRC","f41b182b-f528-49bf-9d7e-912614796b77","TCGA-B8-5545-01A-01R-1672-07","TCGA-B8-5545","Primary Tumor","CD3D","ENSG00000167286.10",29.2908,"OK"
"TCGA-KIRC","f41b182b-f528-49bf-9d7e-912614796b77","TCGA-B8-5545-01A-01R-1672-07","TCGA-B8-5545","Primary Tumor","CD3E","ENSG00000198851.10",26.2139,"OK"
"TCGA-KIRC","f41b182b-f528-49bf-9d7e-912614796b77","TCGA-B8-5545-01A-01R-1672-07","TCGA-B8-5545","Primary Tumor","MS4A1","ENSG00000156738.18",1.4253,"OK"
"TCGA-KIRC","f41b182b-f528-49bf-9d7e-912614796b77","TCGA-B8-5545-01A-01R-1672-07","TCGA-B8-5545","Primary Tumor","CD79A","ENSG00000105369.10",10.7301,"OK"
"TCGA-KIRC","f41b182b-f528-49bf-9d7e-912614796b77","TCGA-B8-5545-01A-01R-1672-07","TCGA-B8-5545","Primary Tumor","NKG7","ENSG00000105374.10",58.6812,"OK"
"TCGA-KIRC","f41b182b-f528-49bf-9d7e-912614796b77","TCGA-B8-5545-01A-01R-1672-07","TCGA-B8-5545","Primary Tumor","LST1","ENSG00000204482.11",29.715,"OK"
"TCGA-KIRC","f41b182b-f528-49bf-9d7e-912614796b77","TCGA-B8-5545-01A-01R-1672-07","TCGA-B8-5545","Primary Tumor","TYROBP","ENSG00000011600.12",504.7857,"OK"
"TCGA-KIRC","f41b182b-f528-49bf-9d7e-912614796b77","TCGA-B8-5545-01A-01R-1672-07","TCGA-B8-5545","Primary Tumor","FCER1G","ENSG00000158869.11",228.244,"OK"
"TCGA-KIRC","f41b182b-f528-49bf-9d7e-912614796b77","TCGA-B8-5545-01A-01R-1672-07","TCGA-B8-5545","Primary Tumor","CD68","ENSG00000129226.14",0.0635,"OK"
"TCGA-KIRC","f7cb60c9-cede-46db-9266-b1437cd06a48","TCGA-BP-4352-01A-01R-1289-07","TCGA-BP-4352","Primary Tumor","PTPRC","ENSG00000081237.20",1.3581,"OK"
"TCGA-KIRC","f7cb60c9-cede-46db-9266-b1437cd06a48","TCGA-BP-4352-01A-01R-1289-07","TCGA-BP-4352","Primary Tumor","CD3D","ENSG00000167286.10",4.6897,"OK"
"TCGA-KIRC","f7cb60c9-cede-46db-9266-b1437cd06a48","TCGA-BP-4352-01A-01R-1289-07","TCGA-BP-4352","Primary Tumor","CD3E","ENSG00000198851.10",4.0689,"OK"
"TCGA-KIRC","f7cb60c9-cede-46db-9266-b1437cd06a48","TCGA-BP-4352-01A-01R-1289-07","TCGA-BP-4352","Primary Tumor","MS4A1","ENSG00000156738.18",0.108,"OK"
"TCGA-KIRC","f7cb60c9-cede-46db-9266-b1437cd06a48","TCGA-BP-4352-01A-01R-1289-07","TCGA-BP-4352","Primary Tumor","CD79A","ENSG00000105369.10",3.0028,"OK"
"TCGA-KIRC","f7cb60c9-cede-46db-9266-b1437cd06a48","TCGA-BP-4352-01A-01R-1289-07","TCGA-BP-4352","Primary Tumor","NKG7","ENSG00000105374.10",12.7261,"OK"
"TCGA-KIRC","f7cb60c9-cede-46db-9266-b1437cd06a48","TCGA-BP-4352-01A-01R-1289-07","TCGA-BP-4352","Primary Tumor","LST1","ENSG00000204482.11",10.2392,"OK"
"TCGA-KIRC","f7cb60c9-cede-46db-9266-b1437cd06a48","TCGA-BP-4352-01A-01R-1289-07","TCGA-BP-4352","Primary Tumor","TYROBP","ENSG00000011600.12",90.1265,"OK"
"TCGA-KIRC","f7cb60c9-cede-46db-9266-b1437cd06a48","TCGA-BP-4352-01A-01R-1289-07","TCGA-BP-4352","Primary Tumor","FCER1G","ENSG00000158869.11",44.9818,"OK"
"TCGA-KIRC","f7cb60c9-cede-46db-9266-b1437cd06a48","TCGA-BP-4352-01A-01R-1289-07","TCGA-BP-4352","Primary Tumor","CD68","ENSG00000129226.14",0.0397,"OK"
"TCGA-KIRC","421291fd-adda-42ab-8574-209da13d33a6","TCGA-B0-5097-01A-01R-1420-07","TCGA-B0-5097","Primary Tumor","PTPRC","ENSG00000081237.20",43.1257,"OK"
"TCGA-KIRC","421291fd-adda-42ab-8574-209da13d33a6","TCGA-B0-5097-01A-01R-1420-07","TCGA-B0-5097","Primary Tumor","CD3D","ENSG00000167286.10",35.4731,"OK"
"TCGA-KIRC","421291fd-adda-42ab-8574-209da13d33a6","TCGA-B0-5097-01A-01R-1420-07","TCGA-B0-5097","Primary Tumor","CD3E","ENSG00000198851.10",32.9238,"OK"
"TCGA-KIRC","421291fd-adda-42ab-8574-209da13d33a6","TCGA-B0-5097-01A-01R-1420-07","TCGA-B0-5097","Primary Tumor","MS4A1","ENSG00000156738.18",0.9601,"OK"
"TCGA-KIRC","421291fd-adda-42ab-8574-209da13d33a6","TCGA-B0-5097-01A-01R-1420-07","TCGA-B0-5097","Primary Tumor","CD79A","ENSG00000105369.10",3.4569,"OK"
"TCGA-KIRC","421291fd-adda-42ab-8574-209da13d33a6","TCGA-B0-5097-01A-01R-1420-07","TCGA-B0-5097","Primary Tumor","NKG7","ENSG00000105374.10",22.7004,"OK"
"TCGA-KIRC","421291fd-adda-42ab-8574-209da13d33a6","TCGA-B0-5097-01A-01R-1420-07","TCGA-B0-5097","Primary Tumor","LST1","ENSG00000204482.11",17.284,"OK"
"TCGA-KIRC","421291fd-adda-42ab-8574-209da13d33a6","TCGA-B0-5097-01A-01R-1420-07","TCGA-B0-5097","Primary Tumor","TYROBP","ENSG00000011600.12",280.0493,"OK"
"TCGA-KIRC","421291fd-adda-42ab-8574-209da13d33a6","TCGA-B0-5097-01A-01R-1420-07","TCGA-B0-5097","Primary Tumor","FCER1G","ENSG00000158869.11",234.9863,"OK"
"TCGA-KIRC","421291fd-adda-42ab-8574-209da13d33a6","TCGA-B0-5097-01A-01R-1420-07","TCGA-B0-5097","Primary Tumor","CD68","ENSG00000129226.14",0.1534,"OK"
"TCGA-KIRC","158ed2cd-7be5-4191-89b6-0d034a6426c1","TCGA-B0-4848-01A-01R-1277-07","TCGA-B0-4848","Primary Tumor","PTPRC","ENSG00000081237.20",44.5847,"OK"
"TCGA-KIRC","158ed2cd-7be5-4191-89b6-0d034a6426c1","TCGA-B0-4848-01A-01R-1277-07","TCGA-B0-4848","Primary Tumor","CD3D","ENSG00000167286.10",44.8233,"OK"
"TCGA-KIRC","158ed2cd-7be5-4191-89b6-0d034a6426c1","TCGA-B0-4848-01A-01R-1277-07","TCGA-B0-4848","Primary Tumor","CD3E","ENSG00000198851.10",52.2569,"OK"
"TCGA-KIRC","158ed2cd-7be5-4191-89b6-0d034a6426c1","TCGA-B0-4848-01A-01R-1277-07","TCGA-B0-4848","Primary Tumor","MS4A1","ENSG00000156738.18",1.5423,"OK"
"TCGA-KIRC","158ed2cd-7be5-4191-89b6-0d034a6426c1","TCGA-B0-4848-01A-01R-1277-07","TCGA-B0-4848","Primary Tumor","CD79A","ENSG00000105369.10",13.3461,"OK"
"TCGA-KIRC","158ed2cd-7be5-4191-89b6-0d034a6426c1","TCGA-B0-4848-01A-01R-1277-07","TCGA-B0-4848","Primary Tumor","NKG7","ENSG00000105374.10",93.1606,"OK"
"TCGA-KIRC","158ed2cd-7be5-4191-89b6-0d034a6426c1","TCGA-B0-4848-01A-01R-1277-07","TCGA-B0-4848","Primary Tumor","LST1","ENSG00000204482.11",39.1012,"OK"
"TCGA-KIRC","158ed2cd-7be5-4191-89b6-0d034a6426c1","TCGA-B0-4848-01A-01R-1277-07","TCGA-B0-4848","Primary Tumor","TYROBP","ENSG00000011600.12",556.655,"OK"
"TCGA-KIRC","158ed2cd-7be5-4191-89b6-0d034a6426c1","TCGA-B0-4848-01A-01R-1277-07","TCGA-B0-4848","Primary Tumor","FCER1G","ENSG00000158869.11",286.6512,"OK"
"TCGA-KIRC","158ed2cd-7be5-4191-89b6-0d034a6426c1","TCGA-B0-4848-01A-01R-1277-07","TCGA-B0-4848","Primary Tumor","CD68","ENSG00000129226.14",0.3822,"OK"
"TCGA-KIRC","d7b28bbe-cf7d-4634-8a48-f42d58be4a55","TCGA-CW-5585-01A-01R-1541-07","TCGA-CW-5585","Primary Tumor","PTPRC","ENSG00000081237.20",12.0843,"OK"
"TCGA-KIRC","d7b28bbe-cf7d-4634-8a48-f42d58be4a55","TCGA-CW-5585-01A-01R-1541-07","TCGA-CW-5585","Primary Tumor","CD3D","ENSG00000167286.10",6.0705,"OK"
"TCGA-KIRC","d7b28bbe-cf7d-4634-8a48-f42d58be4a55","TCGA-CW-5585-01A-01R-1541-07","TCGA-CW-5585","Primary Tumor","CD3E","ENSG00000198851.10",5.3077,"OK"
"TCGA-KIRC","d7b28bbe-cf7d-4634-8a48-f42d58be4a55","TCGA-CW-5585-01A-01R-1541-07","TCGA-CW-5585","Primary Tumor","MS4A1","ENSG00000156738.18",0.1138,"OK"
"TCGA-KIRC","d7b28bbe-cf7d-4634-8a48-f42d58be4a55","TCGA-CW-5585-01A-01R-1541-07","TCGA-CW-5585","Primary Tumor","CD79A","ENSG00000105369.10",0.7674,"OK"
"TCGA-KIRC","d7b28bbe-cf7d-4634-8a48-f42d58be4a55","TCGA-CW-5585-01A-01R-1541-07","TCGA-CW-5585","Primary Tumor","NKG7","ENSG00000105374.10",68.0144,"OK"
"TCGA-KIRC","d7b28bbe-cf7d-4634-8a48-f42d58be4a55","TCGA-CW-5585-01A-01R-1541-07","TCGA-CW-5585","Primary Tumor","LST1","ENSG00000204482.11",16.7534,"OK"
"TCGA-KIRC","d7b28bbe-cf7d-4634-8a48-f42d58be4a55","TCGA-CW-5585-01A-01R-1541-07","TCGA-CW-5585","Primary Tumor","TYROBP","ENSG00000011600.12",125.5006,"OK"
"TCGA-KIRC","d7b28bbe-cf7d-4634-8a48-f42d58be4a55","TCGA-CW-5585-01A-01R-1541-07","TCGA-CW-5585","Primary Tumor","FCER1G","ENSG00000158869.11",56.5342,"OK"
"TCGA-KIRC","d7b28bbe-cf7d-4634-8a48-f42d58be4a55","TCGA-CW-5585-01A-01R-1541-07","TCGA-CW-5585","Primary Tumor","CD68","ENSG00000129226.14",0,"OK"
"TCGA-KIRC","41cc637e-36ce-4e10-8175-f24909ff0472","TCGA-A3-3313-01A-02R-1325-07","TCGA-A3-3313","Primary Tumor","PTPRC","ENSG00000081237.20",8.8589,"OK"
"TCGA-KIRC","41cc637e-36ce-4e10-8175-f24909ff0472","TCGA-A3-3313-01A-02R-1325-07","TCGA-A3-3313","Primary Tumor","CD3D","ENSG00000167286.10",2.1505,"OK"
"TCGA-KIRC","41cc637e-36ce-4e10-8175-f24909ff0472","TCGA-A3-3313-01A-02R-1325-07","TCGA-A3-3313","Primary Tumor","CD3E","ENSG00000198851.10",2.1976,"OK"
"TCGA-KIRC","41cc637e-36ce-4e10-8175-f24909ff0472","TCGA-A3-3313-01A-02R-1325-07","TCGA-A3-3313","Primary Tumor","MS4A1","ENSG00000156738.18",0.2157,"OK"
"TCGA-KIRC","41cc637e-36ce-4e10-8175-f24909ff0472","TCGA-A3-3313-01A-02R-1325-07","TCGA-A3-3313","Primary Tumor","CD79A","ENSG00000105369.10",0.9297,"OK"
"TCGA-KIRC","41cc637e-36ce-4e10-8175-f24909ff0472","TCGA-A3-3313-01A-02R-1325-07","TCGA-A3-3313","Primary Tumor","NKG7","ENSG00000105374.10",6.0253,"OK"
"TCGA-KIRC","41cc637e-36ce-4e10-8175-f24909ff0472","TCGA-A3-3313-01A-02R-1325-07","TCGA-A3-3313","Primary Tumor","LST1","ENSG00000204482.11",5.8485,"OK"
"TCGA-KIRC","41cc637e-36ce-4e10-8175-f24909ff0472","TCGA-A3-3313-01A-02R-1325-07","TCGA-A3-3313","Primary Tumor","TYROBP","ENSG00000011600.12",53.2413,"OK"
"TCGA-KIRC","41cc637e-36ce-4e10-8175-f24909ff0472","TCGA-A3-3313-01A-02R-1325-07","TCGA-A3-3313","Primary Tumor","FCER1G","ENSG00000158869.11",42.8118,"OK"
"TCGA-KIRC","41cc637e-36ce-4e10-8175-f24909ff0472","TCGA-A3-3313-01A-02R-1325-07","TCGA-A3-3313","Primary Tumor","CD68","ENSG00000129226.14",0.1189,"OK"
"TCGA-KIRC","c2bbfd1c-59bb-42a8-8987-1d36865ec762","TCGA-BP-4967-01A-01R-1334-07","TCGA-BP-4967","Primary Tumor","PTPRC","ENSG00000081237.20",17.3007,"OK"
"TCGA-KIRC","c2bbfd1c-59bb-42a8-8987-1d36865ec762","TCGA-BP-4967-01A-01R-1334-07","TCGA-BP-4967","Primary Tumor","CD3D","ENSG00000167286.10",10.3563,"OK"
"TCGA-KIRC","c2bbfd1c-59bb-42a8-8987-1d36865ec762","TCGA-BP-4967-01A-01R-1334-07","TCGA-BP-4967","Primary Tumor","CD3E","ENSG00000198851.10",11.1542,"OK"
"TCGA-KIRC","c2bbfd1c-59bb-42a8-8987-1d36865ec762","TCGA-BP-4967-01A-01R-1334-07","TCGA-BP-4967","Primary Tumor","MS4A1","ENSG00000156738.18",0.3372,"OK"
"TCGA-KIRC","c2bbfd1c-59bb-42a8-8987-1d36865ec762","TCGA-BP-4967-01A-01R-1334-07","TCGA-BP-4967","Primary Tumor","CD79A","ENSG00000105369.10",9.4868,"OK"
"TCGA-KIRC","c2bbfd1c-59bb-42a8-8987-1d36865ec762","TCGA-BP-4967-01A-01R-1334-07","TCGA-BP-4967","Primary Tumor","NKG7","ENSG00000105374.10",31.351,"OK"
"TCGA-KIRC","c2bbfd1c-59bb-42a8-8987-1d36865ec762","TCGA-BP-4967-01A-01R-1334-07","TCGA-BP-4967","Primary Tumor","LST1","ENSG00000204482.11",10.5431,"OK"
"TCGA-KIRC","c2bbfd1c-59bb-42a8-8987-1d36865ec762","TCGA-BP-4967-01A-01R-1334-07","TCGA-BP-4967","Primary Tumor","TYROBP","ENSG00000011600.12",160.7751,"OK"
"TCGA-KIRC","c2bbfd1c-59bb-42a8-8987-1d36865ec762","TCGA-BP-4967-01A-01R-1334-07","TCGA-BP-4967","Primary Tumor","FCER1G","ENSG00000158869.11",84.4858,"OK"
"TCGA-KIRC","c2bbfd1c-59bb-42a8-8987-1d36865ec762","TCGA-BP-4967-01A-01R-1334-07","TCGA-BP-4967","Primary Tumor","CD68","ENSG00000129226.14",0.2176,"OK"
"TCGA-KIRC","86e14130-79ee-4cbf-8328-3dd9c65d61dd","TCGA-CJ-5681-11A-01R-1541-07","TCGA-CJ-5681","Solid Tissue Normal","PTPRC","ENSG00000081237.20",3.3259,"OK"
"TCGA-KIRC","86e14130-79ee-4cbf-8328-3dd9c65d61dd","TCGA-CJ-5681-11A-01R-1541-07","TCGA-CJ-5681","Solid Tissue Normal","CD3D","ENSG00000167286.10",17.0316,"OK"
"TCGA-KIRC","86e14130-79ee-4cbf-8328-3dd9c65d61dd","TCGA-CJ-5681-11A-01R-1541-07","TCGA-CJ-5681","Solid Tissue Normal","CD3E","ENSG00000198851.10",9.1778,"OK"
"TCGA-KIRC","86e14130-79ee-4cbf-8328-3dd9c65d61dd","TCGA-CJ-5681-11A-01R-1541-07","TCGA-CJ-5681","Solid Tissue Normal","MS4A1","ENSG00000156738.18",0.3861,"OK"
"TCGA-KIRC","86e14130-79ee-4cbf-8328-3dd9c65d61dd","TCGA-CJ-5681-11A-01R-1541-07","TCGA-CJ-5681","Solid Tissue Normal","CD79A","ENSG00000105369.10",0.7613,"OK"
"TCGA-KIRC","86e14130-79ee-4cbf-8328-3dd9c65d61dd","TCGA-CJ-5681-11A-01R-1541-07","TCGA-CJ-5681","Solid Tissue Normal","NKG7","ENSG00000105374.10",4.9439,"OK"
"TCGA-KIRC","86e14130-79ee-4cbf-8328-3dd9c65d61dd","TCGA-CJ-5681-11A-01R-1541-07","TCGA-CJ-5681","Solid Tissue Normal","LST1","ENSG00000204482.11",1.8841,"OK"
"TCGA-KIRC","86e14130-79ee-4cbf-8328-3dd9c65d61dd","TCGA-CJ-5681-11A-01R-1541-07","TCGA-CJ-5681","Solid Tissue Normal","TYROBP","ENSG00000011600.12",13.8761,"OK"
"TCGA-KIRC","86e14130-79ee-4cbf-8328-3dd9c65d61dd","TCGA-CJ-5681-11A-01R-1541-07","TCGA-CJ-5681","Solid Tissue Normal","FCER1G","ENSG00000158869.11",11.6758,"OK"
"TCGA-KIRC","86e14130-79ee-4cbf-8328-3dd9c65d61dd","TCGA-CJ-5681-11A-01R-1541-07","TCGA-CJ-5681","Solid Tissue Normal","CD68","ENSG00000129226.14",0,"OK"
"TCGA-KIRC","2e4b4712-a733-4599-8119-926aa5934be9","TCGA-CJ-5676-11A-01R-1541-07","TCGA-CJ-5676","Solid Tissue Normal","PTPRC","ENSG00000081237.20",15.8742,"OK"
"TCGA-KIRC","2e4b4712-a733-4599-8119-926aa5934be9","TCGA-CJ-5676-11A-01R-1541-07","TCGA-CJ-5676","Solid Tissue Normal","CD3D","ENSG00000167286.10",11.7824,"OK"
"TCGA-KIRC","2e4b4712-a733-4599-8119-926aa5934be9","TCGA-CJ-5676-11A-01R-1541-07","TCGA-CJ-5676","Solid Tissue Normal","CD3E","ENSG00000198851.10",12.2369,"OK"
"TCGA-KIRC","2e4b4712-a733-4599-8119-926aa5934be9","TCGA-CJ-5676-11A-01R-1541-07","TCGA-CJ-5676","Solid Tissue Normal","MS4A1","ENSG00000156738.18",5.04,"OK"
"TCGA-KIRC","2e4b4712-a733-4599-8119-926aa5934be9","TCGA-CJ-5676-11A-01R-1541-07","TCGA-CJ-5676","Solid Tissue Normal","CD79A","ENSG00000105369.10",19.1761,"OK"
"TCGA-KIRC","2e4b4712-a733-4599-8119-926aa5934be9","TCGA-CJ-5676-11A-01R-1541-07","TCGA-CJ-5676","Solid Tissue Normal","NKG7","ENSG00000105374.10",13.3358,"OK"
"TCGA-KIRC","2e4b4712-a733-4599-8119-926aa5934be9","TCGA-CJ-5676-11A-01R-1541-07","TCGA-CJ-5676","Solid Tissue Normal","LST1","ENSG00000204482.11",7.7679,"OK"
"TCGA-KIRC","2e4b4712-a733-4599-8119-926aa5934be9","TCGA-CJ-5676-11A-01R-1541-07","TCGA-CJ-5676","Solid Tissue Normal","TYROBP","ENSG00000011600.12",60.6932,"OK"
"TCGA-KIRC","2e4b4712-a733-4599-8119-926aa5934be9","TCGA-CJ-5676-11A-01R-1541-07","TCGA-CJ-5676","Solid Tissue Normal","FCER1G","ENSG00000158869.11",43.4863,"OK"
"TCGA-KIRC","2e4b4712-a733-4599-8119-926aa5934be9","TCGA-CJ-5676-11A-01R-1541-07","TCGA-CJ-5676","Solid Tissue Normal","CD68","ENSG00000129226.14",0.0931,"OK"
"TCGA-KIRC","8d116906-c391-48f2-9eb4-94945197d90b","TCGA-CJ-4918-01A-01R-1426-07","TCGA-CJ-4918","Primary Tumor","PTPRC","ENSG00000081237.20",28.8806,"OK"
"TCGA-KIRC","8d116906-c391-48f2-9eb4-94945197d90b","TCGA-CJ-4918-01A-01R-1426-07","TCGA-CJ-4918","Primary Tumor","CD3D","ENSG00000167286.10",36.0059,"OK"
"TCGA-KIRC","8d116906-c391-48f2-9eb4-94945197d90b","TCGA-CJ-4918-01A-01R-1426-07","TCGA-CJ-4918","Primary Tumor","CD3E","ENSG00000198851.10",33.2735,"OK"
"TCGA-KIRC","8d116906-c391-48f2-9eb4-94945197d90b","TCGA-CJ-4918-01A-01R-1426-07","TCGA-CJ-4918","Primary Tumor","MS4A1","ENSG00000156738.18",1.5084,"OK"
"TCGA-KIRC","8d116906-c391-48f2-9eb4-94945197d90b","TCGA-CJ-4918-01A-01R-1426-07","TCGA-CJ-4918","Primary Tumor","CD79A","ENSG00000105369.10",13.4021,"OK"
"TCGA-KIRC","8d116906-c391-48f2-9eb4-94945197d90b","TCGA-CJ-4918-01A-01R-1426-07","TCGA-CJ-4918","Primary Tumor","NKG7","ENSG00000105374.10",69.0168,"OK"
"TCGA-KIRC","8d116906-c391-48f2-9eb4-94945197d90b","TCGA-CJ-4918-01A-01R-1426-07","TCGA-CJ-4918","Primary Tumor","LST1","ENSG00000204482.11",19.0783,"OK"
"TCGA-KIRC","8d116906-c391-48f2-9eb4-94945197d90b","TCGA-CJ-4918-01A-01R-1426-07","TCGA-CJ-4918","Primary Tumor","TYROBP","ENSG00000011600.12",365.7839,"OK"
"TCGA-KIRC","8d116906-c391-48f2-9eb4-94945197d90b","TCGA-CJ-4918-01A-01R-1426-07","TCGA-CJ-4918","Primary Tumor","FCER1G","ENSG00000158869.11",161.6286,"OK"
"TCGA-KIRC","8d116906-c391-48f2-9eb4-94945197d90b","TCGA-CJ-4918-01A-01R-1426-07","TCGA-CJ-4918","Primary Tumor","CD68","ENSG00000129226.14",0.1376,"OK"
"TCGA-KIRC","7a16bbe0-eed5-45f2-8400-8874924a6eda","TCGA-B0-5706-01A-11R-1541-07","TCGA-B0-5706","Primary Tumor","PTPRC","ENSG00000081237.20",33.6899,"OK"
"TCGA-KIRC","7a16bbe0-eed5-45f2-8400-8874924a6eda","TCGA-B0-5706-01A-11R-1541-07","TCGA-B0-5706","Primary Tumor","CD3D","ENSG00000167286.10",58.7364,"OK"
"TCGA-KIRC","7a16bbe0-eed5-45f2-8400-8874924a6eda","TCGA-B0-5706-01A-11R-1541-07","TCGA-B0-5706","Primary Tumor","CD3E","ENSG00000198851.10",47.1546,"OK"
"TCGA-KIRC","7a16bbe0-eed5-45f2-8400-8874924a6eda","TCGA-B0-5706-01A-11R-1541-07","TCGA-B0-5706","Primary Tumor","MS4A1","ENSG00000156738.18",2.9862,"OK"
"TCGA-KIRC","7a16bbe0-eed5-45f2-8400-8874924a6eda","TCGA-B0-5706-01A-11R-1541-07","TCGA-B0-5706","Primary Tumor","CD79A","ENSG00000105369.10",205.6882,"OK"
"TCGA-KIRC","7a16bbe0-eed5-45f2-8400-8874924a6eda","TCGA-B0-5706-01A-11R-1541-07","TCGA-B0-5706","Primary Tumor","NKG7","ENSG00000105374.10",176.9402,"OK"
"TCGA-KIRC","7a16bbe0-eed5-45f2-8400-8874924a6eda","TCGA-B0-5706-01A-11R-1541-07","TCGA-B0-5706","Primary Tumor","LST1","ENSG00000204482.11",10.3118,"OK"
"TCGA-KIRC","7a16bbe0-eed5-45f2-8400-8874924a6eda","TCGA-B0-5706-01A-11R-1541-07","TCGA-B0-5706","Primary Tumor","TYROBP","ENSG00000011600.12",146.6094,"OK"
"TCGA-KIRC","7a16bbe0-eed5-45f2-8400-8874924a6eda","TCGA-B0-5706-01A-11R-1541-07","TCGA-B0-5706","Primary Tumor","FCER1G","ENSG00000158869.11",108.3888,"OK"
"TCGA-KIRC","7a16bbe0-eed5-45f2-8400-8874924a6eda","TCGA-B0-5706-01A-11R-1541-07","TCGA-B0-5706","Primary Tumor","CD68","ENSG00000129226.14",0,"OK"
"TCGA-KIRC","743a0026-5df2-4a13-8abf-aa45798ec131","TCGA-CW-5581-11A-01R-1541-07","TCGA-CW-5581","Solid Tissue Normal","PTPRC","ENSG00000081237.20",4.5654,"OK"
"TCGA-KIRC","743a0026-5df2-4a13-8abf-aa45798ec131","TCGA-CW-5581-11A-01R-1541-07","TCGA-CW-5581","Solid Tissue Normal","CD3D","ENSG00000167286.10",2.6732,"OK"
"TCGA-KIRC","743a0026-5df2-4a13-8abf-aa45798ec131","TCGA-CW-5581-11A-01R-1541-07","TCGA-CW-5581","Solid Tissue Normal","CD3E","ENSG00000198851.10",2.8562,"OK"
"TCGA-KIRC","743a0026-5df2-4a13-8abf-aa45798ec131","TCGA-CW-5581-11A-01R-1541-07","TCGA-CW-5581","Solid Tissue Normal","MS4A1","ENSG00000156738.18",0.2035,"OK"
"TCGA-KIRC","743a0026-5df2-4a13-8abf-aa45798ec131","TCGA-CW-5581-11A-01R-1541-07","TCGA-CW-5581","Solid Tissue Normal","CD79A","ENSG00000105369.10",0.4249,"OK"
"TCGA-KIRC","743a0026-5df2-4a13-8abf-aa45798ec131","TCGA-CW-5581-11A-01R-1541-07","TCGA-CW-5581","Solid Tissue Normal","NKG7","ENSG00000105374.10",5.394,"OK"
"TCGA-KIRC","743a0026-5df2-4a13-8abf-aa45798ec131","TCGA-CW-5581-11A-01R-1541-07","TCGA-CW-5581","Solid Tissue Normal","LST1","ENSG00000204482.11",2.3281,"OK"
"TCGA-KIRC","743a0026-5df2-4a13-8abf-aa45798ec131","TCGA-CW-5581-11A-01R-1541-07","TCGA-CW-5581","Solid Tissue Normal","TYROBP","ENSG00000011600.12",17.2501,"OK"
"TCGA-KIRC","743a0026-5df2-4a13-8abf-aa45798ec131","TCGA-CW-5581-11A-01R-1541-07","TCGA-CW-5581","Solid Tissue Normal","FCER1G","ENSG00000158869.11",12.0245,"OK"
"TCGA-KIRC","743a0026-5df2-4a13-8abf-aa45798ec131","TCGA-CW-5581-11A-01R-1541-07","TCGA-CW-5581","Solid Tissue Normal","CD68","ENSG00000129226.14",0.0528,"OK"
"TCGA-KIRC","02f13d48-a03a-42e8-917d-e5d9025e2898","TCGA-BP-5186-01A-01R-1426-07","TCGA-BP-5186","Primary Tumor","PTPRC","ENSG00000081237.20",16.6383,"OK"
"TCGA-KIRC","02f13d48-a03a-42e8-917d-e5d9025e2898","TCGA-BP-5186-01A-01R-1426-07","TCGA-BP-5186","Primary Tumor","CD3D","ENSG00000167286.10",28.0058,"OK"
"TCGA-KIRC","02f13d48-a03a-42e8-917d-e5d9025e2898","TCGA-BP-5186-01A-01R-1426-07","TCGA-BP-5186","Primary Tumor","CD3E","ENSG00000198851.10",24.9696,"OK"
"TCGA-KIRC","02f13d48-a03a-42e8-917d-e5d9025e2898","TCGA-BP-5186-01A-01R-1426-07","TCGA-BP-5186","Primary Tumor","MS4A1","ENSG00000156738.18",0.4989,"OK"
"TCGA-KIRC","02f13d48-a03a-42e8-917d-e5d9025e2898","TCGA-BP-5186-01A-01R-1426-07","TCGA-BP-5186","Primary Tumor","CD79A","ENSG00000105369.10",9.2515,"OK"
"TCGA-KIRC","02f13d48-a03a-42e8-917d-e5d9025e2898","TCGA-BP-5186-01A-01R-1426-07","TCGA-BP-5186","Primary Tumor","NKG7","ENSG00000105374.10",83.8457,"OK"
"TCGA-KIRC","02f13d48-a03a-42e8-917d-e5d9025e2898","TCGA-BP-5186-01A-01R-1426-07","TCGA-BP-5186","Primary Tumor","LST1","ENSG00000204482.11",19.4572,"OK"
"TCGA-KIRC","02f13d48-a03a-42e8-917d-e5d9025e2898","TCGA-BP-5186-01A-01R-1426-07","TCGA-BP-5186","Primary Tumor","TYROBP","ENSG00000011600.12",174.3466,"OK"
"TCGA-KIRC","02f13d48-a03a-42e8-917d-e5d9025e2898","TCGA-BP-5186-01A-01R-1426-07","TCGA-BP-5186","Primary Tumor","FCER1G","ENSG00000158869.11",79.6737,"OK"
"TCGA-KIRC","02f13d48-a03a-42e8-917d-e5d9025e2898","TCGA-BP-5186-01A-01R-1426-07","TCGA-BP-5186","Primary Tumor","CD68","ENSG00000129226.14",0.0275,"OK"
"TCGA-KIRC","056c67e7-03b3-40cc-8c19-d6938ad634aa","TCGA-B2-3924-01A-02R-1325-07","TCGA-B2-3924","Primary Tumor","PTPRC","ENSG00000081237.20",83.089,"OK"
"TCGA-KIRC","056c67e7-03b3-40cc-8c19-d6938ad634aa","TCGA-B2-3924-01A-02R-1325-07","TCGA-B2-3924","Primary Tumor","CD3D","ENSG00000167286.10",141.5232,"OK"
"TCGA-KIRC","056c67e7-03b3-40cc-8c19-d6938ad634aa","TCGA-B2-3924-01A-02R-1325-07","TCGA-B2-3924","Primary Tumor","CD3E","ENSG00000198851.10",111.3868,"OK"
"TCGA-KIRC","056c67e7-03b3-40cc-8c19-d6938ad634aa","TCGA-B2-3924-01A-02R-1325-07","TCGA-B2-3924","Primary Tumor","MS4A1","ENSG00000156738.18",1.1172,"OK"
"TCGA-KIRC","056c67e7-03b3-40cc-8c19-d6938ad634aa","TCGA-B2-3924-01A-02R-1325-07","TCGA-B2-3924","Primary Tumor","CD79A","ENSG00000105369.10",15.7281,"OK"
"TCGA-KIRC","056c67e7-03b3-40cc-8c19-d6938ad634aa","TCGA-B2-3924-01A-02R-1325-07","TCGA-B2-3924","Primary Tumor","NKG7","ENSG00000105374.10",478.4521,"OK"
"TCGA-KIRC","056c67e7-03b3-40cc-8c19-d6938ad634aa","TCGA-B2-3924-01A-02R-1325-07","TCGA-B2-3924","Primary Tumor","LST1","ENSG00000204482.11",54.4873,"OK"
"TCGA-KIRC","056c67e7-03b3-40cc-8c19-d6938ad634aa","TCGA-B2-3924-01A-02R-1325-07","TCGA-B2-3924","Primary Tumor","TYROBP","ENSG00000011600.12",604.2609,"OK"
"TCGA-KIRC","056c67e7-03b3-40cc-8c19-d6938ad634aa","TCGA-B2-3924-01A-02R-1325-07","TCGA-B2-3924","Primary Tumor","FCER1G","ENSG00000158869.11",445.0715,"OK"
"TCGA-KIRC","056c67e7-03b3-40cc-8c19-d6938ad634aa","TCGA-B2-3924-01A-02R-1325-07","TCGA-B2-3924","Primary Tumor","CD68","ENSG00000129226.14",0.0547,"OK"
"TCGA-KIRC","375080ea-cbbe-4dfb-8da3-cbef10418a2d","TCGA-A3-3385-01A-02R-1420-07","TCGA-A3-3385","Primary Tumor","PTPRC","ENSG00000081237.20",11.2738,"OK"
"TCGA-KIRC","375080ea-cbbe-4dfb-8da3-cbef10418a2d","TCGA-A3-3385-01A-02R-1420-07","TCGA-A3-3385","Primary Tumor","CD3D","ENSG00000167286.10",2.7337,"OK"
"TCGA-KIRC","375080ea-cbbe-4dfb-8da3-cbef10418a2d","TCGA-A3-3385-01A-02R-1420-07","TCGA-A3-3385","Primary Tumor","CD3E","ENSG00000198851.10",3.1295,"OK"
"TCGA-KIRC","375080ea-cbbe-4dfb-8da3-cbef10418a2d","TCGA-A3-3385-01A-02R-1420-07","TCGA-A3-3385","Primary Tumor","MS4A1","ENSG00000156738.18",0.0918,"OK"
"TCGA-KIRC","375080ea-cbbe-4dfb-8da3-cbef10418a2d","TCGA-A3-3385-01A-02R-1420-07","TCGA-A3-3385","Primary Tumor","CD79A","ENSG00000105369.10",0.8798,"OK"
"TCGA-KIRC","375080ea-cbbe-4dfb-8da3-cbef10418a2d","TCGA-A3-3385-01A-02R-1420-07","TCGA-A3-3385","Primary Tumor","NKG7","ENSG00000105374.10",13.9805,"OK"
"TCGA-KIRC","375080ea-cbbe-4dfb-8da3-cbef10418a2d","TCGA-A3-3385-01A-02R-1420-07","TCGA-A3-3385","Primary Tumor","LST1","ENSG00000204482.11",9.2354,"OK"
"TCGA-KIRC","375080ea-cbbe-4dfb-8da3-cbef10418a2d","TCGA-A3-3385-01A-02R-1420-07","TCGA-A3-3385","Primary Tumor","TYROBP","ENSG00000011600.12",88.1713,"OK"
"TCGA-KIRC","375080ea-cbbe-4dfb-8da3-cbef10418a2d","TCGA-A3-3385-01A-02R-1420-07","TCGA-A3-3385","Primary Tumor","FCER1G","ENSG00000158869.11",68.2381,"OK"
"TCGA-KIRC","375080ea-cbbe-4dfb-8da3-cbef10418a2d","TCGA-A3-3385-01A-02R-1420-07","TCGA-A3-3385","Primary Tumor","CD68","ENSG00000129226.14",0.0202,"OK"
"TCGA-KIRC","dcead401-3e21-4718-9ce1-863177be3f10","TCGA-BP-5194-01A-02R-1426-07","TCGA-BP-5194","Primary Tumor","PTPRC","ENSG00000081237.20",24.663,"OK"
"TCGA-KIRC","dcead401-3e21-4718-9ce1-863177be3f10","TCGA-BP-5194-01A-02R-1426-07","TCGA-BP-5194","Primary Tumor","CD3D","ENSG00000167286.10",19.4786,"OK"
"TCGA-KIRC","dcead401-3e21-4718-9ce1-863177be3f10","TCGA-BP-5194-01A-02R-1426-07","TCGA-BP-5194","Primary Tumor","CD3E","ENSG00000198851.10",19.1503,"OK"
"TCGA-KIRC","dcead401-3e21-4718-9ce1-863177be3f10","TCGA-BP-5194-01A-02R-1426-07","TCGA-BP-5194","Primary Tumor","MS4A1","ENSG00000156738.18",0.7851,"OK"
"TCGA-KIRC","dcead401-3e21-4718-9ce1-863177be3f10","TCGA-BP-5194-01A-02R-1426-07","TCGA-BP-5194","Primary Tumor","CD79A","ENSG00000105369.10",9.9943,"OK"
"TCGA-KIRC","dcead401-3e21-4718-9ce1-863177be3f10","TCGA-BP-5194-01A-02R-1426-07","TCGA-BP-5194","Primary Tumor","NKG7","ENSG00000105374.10",56.5701,"OK"
"TCGA-KIRC","dcead401-3e21-4718-9ce1-863177be3f10","TCGA-BP-5194-01A-02R-1426-07","TCGA-BP-5194","Primary Tumor","LST1","ENSG00000204482.11",17.8805,"OK"
"TCGA-KIRC","dcead401-3e21-4718-9ce1-863177be3f10","TCGA-BP-5194-01A-02R-1426-07","TCGA-BP-5194","Primary Tumor","TYROBP","ENSG00000011600.12",229.8627,"OK"
"TCGA-KIRC","dcead401-3e21-4718-9ce1-863177be3f10","TCGA-BP-5194-01A-02R-1426-07","TCGA-BP-5194","Primary Tumor","FCER1G","ENSG00000158869.11",119.5783,"OK"
"TCGA-KIRC","dcead401-3e21-4718-9ce1-863177be3f10","TCGA-BP-5194-01A-02R-1426-07","TCGA-BP-5194","Primary Tumor","CD68","ENSG00000129226.14",0.1317,"OK"
"TCGA-KIRC","5544a704-6f67-4c0d-b4ad-9becaab27512","TCGA-A3-3357-01A-02R-1420-07","TCGA-A3-3357","Primary Tumor","PTPRC","ENSG00000081237.20",29.5853,"OK"
"TCGA-KIRC","5544a704-6f67-4c0d-b4ad-9becaab27512","TCGA-A3-3357-01A-02R-1420-07","TCGA-A3-3357","Primary Tumor","CD3D","ENSG00000167286.10",42.6556,"OK"
"TCGA-KIRC","5544a704-6f67-4c0d-b4ad-9becaab27512","TCGA-A3-3357-01A-02R-1420-07","TCGA-A3-3357","Primary Tumor","CD3E","ENSG00000198851.10",30.7108,"OK"
"TCGA-KIRC","5544a704-6f67-4c0d-b4ad-9becaab27512","TCGA-A3-3357-01A-02R-1420-07","TCGA-A3-3357","Primary Tumor","MS4A1","ENSG00000156738.18",0.4261,"OK"
"TCGA-KIRC","5544a704-6f67-4c0d-b4ad-9becaab27512","TCGA-A3-3357-01A-02R-1420-07","TCGA-A3-3357","Primary Tumor","CD79A","ENSG00000105369.10",1.24,"OK"
"TCGA-KIRC","5544a704-6f67-4c0d-b4ad-9becaab27512","TCGA-A3-3357-01A-02R-1420-07","TCGA-A3-3357","Primary Tumor","NKG7","ENSG00000105374.10",61.3898,"OK"
"TCGA-KIRC","5544a704-6f67-4c0d-b4ad-9becaab27512","TCGA-A3-3357-01A-02R-1420-07","TCGA-A3-3357","Primary Tumor","LST1","ENSG00000204482.11",17.6595,"OK"
"TCGA-KIRC","5544a704-6f67-4c0d-b4ad-9becaab27512","TCGA-A3-3357-01A-02R-1420-07","TCGA-A3-3357","Primary Tumor","TYROBP","ENSG00000011600.12",280.496,"OK"
"TCGA-KIRC","5544a704-6f67-4c0d-b4ad-9becaab27512","TCGA-A3-3357-01A-02R-1420-07","TCGA-A3-3357","Primary Tumor","FCER1G","ENSG00000158869.11",180.2132,"OK"
"TCGA-KIRC","5544a704-6f67-4c0d-b4ad-9becaab27512","TCGA-A3-3357-01A-02R-1420-07","TCGA-A3-3357","Primary Tumor","CD68","ENSG00000129226.14",0.2819,"OK"
"TCGA-KIRC","99ad8f7e-a32c-4fbc-af00-8765d524cd73","TCGA-A3-3320-01A-02R-1325-07","TCGA-A3-3320","Primary Tumor","PTPRC","ENSG00000081237.20",35.4697,"OK"
"TCGA-KIRC","99ad8f7e-a32c-4fbc-af00-8765d524cd73","TCGA-A3-3320-01A-02R-1325-07","TCGA-A3-3320","Primary Tumor","CD3D","ENSG00000167286.10",21.4301,"OK"
"TCGA-KIRC","99ad8f7e-a32c-4fbc-af00-8765d524cd73","TCGA-A3-3320-01A-02R-1325-07","TCGA-A3-3320","Primary Tumor","CD3E","ENSG00000198851.10",24.1532,"OK"
"TCGA-KIRC","99ad8f7e-a32c-4fbc-af00-8765d524cd73","TCGA-A3-3320-01A-02R-1325-07","TCGA-A3-3320","Primary Tumor","MS4A1","ENSG00000156738.18",0.6824,"OK"
"TCGA-KIRC","99ad8f7e-a32c-4fbc-af00-8765d524cd73","TCGA-A3-3320-01A-02R-1325-07","TCGA-A3-3320","Primary Tumor","CD79A","ENSG00000105369.10",1.1101,"OK"
"TCGA-KIRC","99ad8f7e-a32c-4fbc-af00-8765d524cd73","TCGA-A3-3320-01A-02R-1325-07","TCGA-A3-3320","Primary Tumor","NKG7","ENSG00000105374.10",44.1073,"OK"
"TCGA-KIRC","99ad8f7e-a32c-4fbc-af00-8765d524cd73","TCGA-A3-3320-01A-02R-1325-07","TCGA-A3-3320","Primary Tumor","LST1","ENSG00000204482.11",12.8441,"OK"
"TCGA-KIRC","99ad8f7e-a32c-4fbc-af00-8765d524cd73","TCGA-A3-3320-01A-02R-1325-07","TCGA-A3-3320","Primary Tumor","TYROBP","ENSG00000011600.12",178.4049,"OK"
"TCGA-KIRC","99ad8f7e-a32c-4fbc-af00-8765d524cd73","TCGA-A3-3320-01A-02R-1325-07","TCGA-A3-3320","Primary Tumor","FCER1G","ENSG00000158869.11",123.3946,"OK"
"TCGA-KIRC","99ad8f7e-a32c-4fbc-af00-8765d524cd73","TCGA-A3-3320-01A-02R-1325-07","TCGA-A3-3320","Primary Tumor","CD68","ENSG00000129226.14",0.1254,"OK"
"TCGA-KIRC","636b709e-402e-4c0c-8ee3-a5dff383abfd","TCGA-CJ-4873-01A-01R-1305-07","TCGA-CJ-4873","Primary Tumor","PTPRC","ENSG00000081237.20",18.5483,"OK"
"TCGA-KIRC","636b709e-402e-4c0c-8ee3-a5dff383abfd","TCGA-CJ-4873-01A-01R-1305-07","TCGA-CJ-4873","Primary Tumor","CD3D","ENSG00000167286.10",64.1171,"OK"
"TCGA-KIRC","636b709e-402e-4c0c-8ee3-a5dff383abfd","TCGA-CJ-4873-01A-01R-1305-07","TCGA-CJ-4873","Primary Tumor","CD3E","ENSG00000198851.10",45.7226,"OK"
"TCGA-KIRC","636b709e-402e-4c0c-8ee3-a5dff383abfd","TCGA-CJ-4873-01A-01R-1305-07","TCGA-CJ-4873","Primary Tumor","MS4A1","ENSG00000156738.18",0.9912,"OK"
"TCGA-KIRC","636b709e-402e-4c0c-8ee3-a5dff383abfd","TCGA-CJ-4873-01A-01R-1305-07","TCGA-CJ-4873","Primary Tumor","CD79A","ENSG00000105369.10",10.8241,"OK"
"TCGA-KIRC","636b709e-402e-4c0c-8ee3-a5dff383abfd","TCGA-CJ-4873-01A-01R-1305-07","TCGA-CJ-4873","Primary Tumor","NKG7","ENSG00000105374.10",113.6144,"OK"
"TCGA-KIRC","636b709e-402e-4c0c-8ee3-a5dff383abfd","TCGA-CJ-4873-01A-01R-1305-07","TCGA-CJ-4873","Primary Tumor","LST1","ENSG00000204482.11",63.0257,"OK"
"TCGA-KIRC","636b709e-402e-4c0c-8ee3-a5dff383abfd","TCGA-CJ-4873-01A-01R-1305-07","TCGA-CJ-4873","Primary Tumor","TYROBP","ENSG00000011600.12",760.9486,"OK"
"TCGA-KIRC","636b709e-402e-4c0c-8ee3-a5dff383abfd","TCGA-CJ-4873-01A-01R-1305-07","TCGA-CJ-4873","Primary Tumor","FCER1G","ENSG00000158869.11",274.6002,"OK"
"TCGA-KIRC","636b709e-402e-4c0c-8ee3-a5dff383abfd","TCGA-CJ-4873-01A-01R-1305-07","TCGA-CJ-4873","Primary Tumor","CD68","ENSG00000129226.14",0.2162,"OK"
"TCGA-KIRC","81cbdf35-12a2-435d-bec9-0f52c47f7a0f","TCGA-B8-A54E-01A-11R-A266-07","TCGA-B8-A54E","Primary Tumor","PTPRC","ENSG00000081237.20",9.8834,"OK"
"TCGA-KIRC","81cbdf35-12a2-435d-bec9-0f52c47f7a0f","TCGA-B8-A54E-01A-11R-A266-07","TCGA-B8-A54E","Primary Tumor","CD3D","ENSG00000167286.10",8.7501,"OK"
"TCGA-KIRC","81cbdf35-12a2-435d-bec9-0f52c47f7a0f","TCGA-B8-A54E-01A-11R-A266-07","TCGA-B8-A54E","Primary Tumor","CD3E","ENSG00000198851.10",7.2272,"OK"
"TCGA-KIRC","81cbdf35-12a2-435d-bec9-0f52c47f7a0f","TCGA-B8-A54E-01A-11R-A266-07","TCGA-B8-A54E","Primary Tumor","MS4A1","ENSG00000156738.18",0.263,"OK"
"TCGA-KIRC","81cbdf35-12a2-435d-bec9-0f52c47f7a0f","TCGA-B8-A54E-01A-11R-A266-07","TCGA-B8-A54E","Primary Tumor","CD79A","ENSG00000105369.10",3.0973,"OK"
"TCGA-KIRC","81cbdf35-12a2-435d-bec9-0f52c47f7a0f","TCGA-B8-A54E-01A-11R-A266-07","TCGA-B8-A54E","Primary Tumor","NKG7","ENSG00000105374.10",10.0302,"OK"
"TCGA-KIRC","81cbdf35-12a2-435d-bec9-0f52c47f7a0f","TCGA-B8-A54E-01A-11R-A266-07","TCGA-B8-A54E","Primary Tumor","LST1","ENSG00000204482.11",7.3998,"OK"
"TCGA-KIRC","81cbdf35-12a2-435d-bec9-0f52c47f7a0f","TCGA-B8-A54E-01A-11R-A266-07","TCGA-B8-A54E","Primary Tumor","TYROBP","ENSG00000011600.12",116.8767,"OK"
"TCGA-KIRC","81cbdf35-12a2-435d-bec9-0f52c47f7a0f","TCGA-B8-A54E-01A-11R-A266-07","TCGA-B8-A54E","Primary Tumor","FCER1G","ENSG00000158869.11",73.9416,"OK"
"TCGA-KIRC","81cbdf35-12a2-435d-bec9-0f52c47f7a0f","TCGA-B8-A54E-01A-11R-A266-07","TCGA-B8-A54E","Primary Tumor","CD68","ENSG00000129226.14",0.2109,"OK"
"TCGA-KIRC","5f2edb2e-9b7f-44d6-af6c-ff958631cf6a","TCGA-BP-4781-01A-01R-1305-07","TCGA-BP-4781","Primary Tumor","PTPRC","ENSG00000081237.20",23.4667,"OK"
"TCGA-KIRC","5f2edb2e-9b7f-44d6-af6c-ff958631cf6a","TCGA-BP-4781-01A-01R-1305-07","TCGA-BP-4781","Primary Tumor","CD3D","ENSG00000167286.10",11.8155,"OK"
"TCGA-KIRC","5f2edb2e-9b7f-44d6-af6c-ff958631cf6a","TCGA-BP-4781-01A-01R-1305-07","TCGA-BP-4781","Primary Tumor","CD3E","ENSG00000198851.10",8.8705,"OK"
"TCGA-KIRC","5f2edb2e-9b7f-44d6-af6c-ff958631cf6a","TCGA-BP-4781-01A-01R-1305-07","TCGA-BP-4781","Primary Tumor","MS4A1","ENSG00000156738.18",0.1566,"OK"
"TCGA-KIRC","5f2edb2e-9b7f-44d6-af6c-ff958631cf6a","TCGA-BP-4781-01A-01R-1305-07","TCGA-BP-4781","Primary Tumor","CD79A","ENSG00000105369.10",1.3428,"OK"
"TCGA-KIRC","5f2edb2e-9b7f-44d6-af6c-ff958631cf6a","TCGA-BP-4781-01A-01R-1305-07","TCGA-BP-4781","Primary Tumor","NKG7","ENSG00000105374.10",27.2315,"OK"
"TCGA-KIRC","5f2edb2e-9b7f-44d6-af6c-ff958631cf6a","TCGA-BP-4781-01A-01R-1305-07","TCGA-BP-4781","Primary Tumor","LST1","ENSG00000204482.11",24.4461,"OK"
"TCGA-KIRC","5f2edb2e-9b7f-44d6-af6c-ff958631cf6a","TCGA-BP-4781-01A-01R-1305-07","TCGA-BP-4781","Primary Tumor","TYROBP","ENSG00000011600.12",351.1718,"OK"
"TCGA-KIRC","5f2edb2e-9b7f-44d6-af6c-ff958631cf6a","TCGA-BP-4781-01A-01R-1305-07","TCGA-BP-4781","Primary Tumor","FCER1G","ENSG00000158869.11",186.1851,"OK"
"TCGA-KIRC","5f2edb2e-9b7f-44d6-af6c-ff958631cf6a","TCGA-BP-4781-01A-01R-1305-07","TCGA-BP-4781","Primary Tumor","CD68","ENSG00000129226.14",0.374,"OK"
"TCGA-KIRC","572cfe32-d1b4-44f7-98f4-a9079f3e376c","TCGA-CJ-5678-11A-01R-1541-07","TCGA-CJ-5678","Solid Tissue Normal","PTPRC","ENSG00000081237.20",7.5306,"OK"
"TCGA-KIRC","572cfe32-d1b4-44f7-98f4-a9079f3e376c","TCGA-CJ-5678-11A-01R-1541-07","TCGA-CJ-5678","Solid Tissue Normal","CD3D","ENSG00000167286.10",6.0307,"OK"
"TCGA-KIRC","572cfe32-d1b4-44f7-98f4-a9079f3e376c","TCGA-CJ-5678-11A-01R-1541-07","TCGA-CJ-5678","Solid Tissue Normal","CD3E","ENSG00000198851.10",6.806,"OK"
"TCGA-KIRC","572cfe32-d1b4-44f7-98f4-a9079f3e376c","TCGA-CJ-5678-11A-01R-1541-07","TCGA-CJ-5678","Solid Tissue Normal","MS4A1","ENSG00000156738.18",1.5132,"OK"
"TCGA-KIRC","572cfe32-d1b4-44f7-98f4-a9079f3e376c","TCGA-CJ-5678-11A-01R-1541-07","TCGA-CJ-5678","Solid Tissue Normal","CD79A","ENSG00000105369.10",5.5521,"OK"
"TCGA-KIRC","572cfe32-d1b4-44f7-98f4-a9079f3e376c","TCGA-CJ-5678-11A-01R-1541-07","TCGA-CJ-5678","Solid Tissue Normal","NKG7","ENSG00000105374.10",10.0708,"OK"
"TCGA-KIRC","572cfe32-d1b4-44f7-98f4-a9079f3e376c","TCGA-CJ-5678-11A-01R-1541-07","TCGA-CJ-5678","Solid Tissue Normal","LST1","ENSG00000204482.11",4.4943,"OK"
"TCGA-KIRC","572cfe32-d1b4-44f7-98f4-a9079f3e376c","TCGA-CJ-5678-11A-01R-1541-07","TCGA-CJ-5678","Solid Tissue Normal","TYROBP","ENSG00000011600.12",28.9871,"OK"
"TCGA-KIRC","572cfe32-d1b4-44f7-98f4-a9079f3e376c","TCGA-CJ-5678-11A-01R-1541-07","TCGA-CJ-5678","Solid Tissue Normal","FCER1G","ENSG00000158869.11",19.5687,"OK"
"TCGA-KIRC","572cfe32-d1b4-44f7-98f4-a9079f3e376c","TCGA-CJ-5678-11A-01R-1541-07","TCGA-CJ-5678","Solid Tissue Normal","CD68","ENSG00000129226.14",0,"OK"
"TCGA-KIRC","8e10e799-ae5c-49f7-a249-2d16d796066c","TCGA-CZ-5455-11A-01R-1503-07","TCGA-CZ-5455","Solid Tissue Normal","PTPRC","ENSG00000081237.20",1.2997,"OK"
"TCGA-KIRC","8e10e799-ae5c-49f7-a249-2d16d796066c","TCGA-CZ-5455-11A-01R-1503-07","TCGA-CZ-5455","Solid Tissue Normal","CD3D","ENSG00000167286.10",0.2582,"OK"
"TCGA-KIRC","8e10e799-ae5c-49f7-a249-2d16d796066c","TCGA-CZ-5455-11A-01R-1503-07","TCGA-CZ-5455","Solid Tissue Normal","CD3E","ENSG00000198851.10",0.4033,"OK"
"TCGA-KIRC","8e10e799-ae5c-49f7-a249-2d16d796066c","TCGA-CZ-5455-11A-01R-1503-07","TCGA-CZ-5455","Solid Tissue Normal","MS4A1","ENSG00000156738.18",0.0083,"OK"
"TCGA-KIRC","8e10e799-ae5c-49f7-a249-2d16d796066c","TCGA-CZ-5455-11A-01R-1503-07","TCGA-CZ-5455","Solid Tissue Normal","CD79A","ENSG00000105369.10",0.0887,"OK"
"TCGA-KIRC","8e10e799-ae5c-49f7-a249-2d16d796066c","TCGA-CZ-5455-11A-01R-1503-07","TCGA-CZ-5455","Solid Tissue Normal","NKG7","ENSG00000105374.10",1.4231,"OK"
"TCGA-KIRC","8e10e799-ae5c-49f7-a249-2d16d796066c","TCGA-CZ-5455-11A-01R-1503-07","TCGA-CZ-5455","Solid Tissue Normal","LST1","ENSG00000204482.11",2.49,"OK"
"TCGA-KIRC","8e10e799-ae5c-49f7-a249-2d16d796066c","TCGA-CZ-5455-11A-01R-1503-07","TCGA-CZ-5455","Solid Tissue Normal","TYROBP","ENSG00000011600.12",28.7708,"OK"
"TCGA-KIRC","8e10e799-ae5c-49f7-a249-2d16d796066c","TCGA-CZ-5455-11A-01R-1503-07","TCGA-CZ-5455","Solid Tissue Normal","FCER1G","ENSG00000158869.11",17.964,"OK"
"TCGA-KIRC","8e10e799-ae5c-49f7-a249-2d16d796066c","TCGA-CZ-5455-11A-01R-1503-07","TCGA-CZ-5455","Solid Tissue Normal","CD68","ENSG00000129226.14",0,"OK"
"TCGA-KIRC","b81e79c9-7f6d-498c-9591-2b7e8b3bc466","TCGA-CZ-4853-01A-01R-1426-07","TCGA-CZ-4853","Primary Tumor","PTPRC","ENSG00000081237.20",19.2749,"OK"
"TCGA-KIRC","b81e79c9-7f6d-498c-9591-2b7e8b3bc466","TCGA-CZ-4853-01A-01R-1426-07","TCGA-CZ-4853","Primary Tumor","CD3D","ENSG00000167286.10",26.7215,"OK"
"TCGA-KIRC","b81e79c9-7f6d-498c-9591-2b7e8b3bc466","TCGA-CZ-4853-01A-01R-1426-07","TCGA-CZ-4853","Primary Tumor","CD3E","ENSG00000198851.10",23.2396,"OK"
"TCGA-KIRC","b81e79c9-7f6d-498c-9591-2b7e8b3bc466","TCGA-CZ-4853-01A-01R-1426-07","TCGA-CZ-4853","Primary Tumor","MS4A1","ENSG00000156738.18",0.4176,"OK"
"TCGA-KIRC","b81e79c9-7f6d-498c-9591-2b7e8b3bc466","TCGA-CZ-4853-01A-01R-1426-07","TCGA-CZ-4853","Primary Tumor","CD79A","ENSG00000105369.10",2.7175,"OK"
"TCGA-KIRC","b81e79c9-7f6d-498c-9591-2b7e8b3bc466","TCGA-CZ-4853-01A-01R-1426-07","TCGA-CZ-4853","Primary Tumor","NKG7","ENSG00000105374.10",36.0908,"OK"
"TCGA-KIRC","b81e79c9-7f6d-498c-9591-2b7e8b3bc466","TCGA-CZ-4853-01A-01R-1426-07","TCGA-CZ-4853","Primary Tumor","LST1","ENSG00000204482.11",18.7452,"OK"
"TCGA-KIRC","b81e79c9-7f6d-498c-9591-2b7e8b3bc466","TCGA-CZ-4853-01A-01R-1426-07","TCGA-CZ-4853","Primary Tumor","TYROBP","ENSG00000011600.12",162.5768,"OK"
"TCGA-KIRC","b81e79c9-7f6d-498c-9591-2b7e8b3bc466","TCGA-CZ-4853-01A-01R-1426-07","TCGA-CZ-4853","Primary Tumor","FCER1G","ENSG00000158869.11",83.3131,"OK"
"TCGA-KIRC","b81e79c9-7f6d-498c-9591-2b7e8b3bc466","TCGA-CZ-4853-01A-01R-1426-07","TCGA-CZ-4853","Primary Tumor","CD68","ENSG00000129226.14",0.1194,"OK"
"TCGA-KIRC","b4499ca2-b2fa-430b-95f5-8d1e2ca14dc0","TCGA-BP-4344-01A-01R-1289-07","TCGA-BP-4344","Primary Tumor","PTPRC","ENSG00000081237.20",22.9717,"OK"
"TCGA-KIRC","b4499ca2-b2fa-430b-95f5-8d1e2ca14dc0","TCGA-BP-4344-01A-01R-1289-07","TCGA-BP-4344","Primary Tumor","CD3D","ENSG00000167286.10",12.5197,"OK"
"TCGA-KIRC","b4499ca2-b2fa-430b-95f5-8d1e2ca14dc0","TCGA-BP-4344-01A-01R-1289-07","TCGA-BP-4344","Primary Tumor","CD3E","ENSG00000198851.10",10.8861,"OK"
"TCGA-KIRC","b4499ca2-b2fa-430b-95f5-8d1e2ca14dc0","TCGA-BP-4344-01A-01R-1289-07","TCGA-BP-4344","Primary Tumor","MS4A1","ENSG00000156738.18",0.9959,"OK"
"TCGA-KIRC","b4499ca2-b2fa-430b-95f5-8d1e2ca14dc0","TCGA-BP-4344-01A-01R-1289-07","TCGA-BP-4344","Primary Tumor","CD79A","ENSG00000105369.10",3.4403,"OK"
"TCGA-KIRC","b4499ca2-b2fa-430b-95f5-8d1e2ca14dc0","TCGA-BP-4344-01A-01R-1289-07","TCGA-BP-4344","Primary Tumor","NKG7","ENSG00000105374.10",33.3548,"OK"
"TCGA-KIRC","b4499ca2-b2fa-430b-95f5-8d1e2ca14dc0","TCGA-BP-4344-01A-01R-1289-07","TCGA-BP-4344","Primary Tumor","LST1","ENSG00000204482.11",34.1551,"OK"
"TCGA-KIRC","b4499ca2-b2fa-430b-95f5-8d1e2ca14dc0","TCGA-BP-4344-01A-01R-1289-07","TCGA-BP-4344","Primary Tumor","TYROBP","ENSG00000011600.12",296.6561,"OK"
"TCGA-KIRC","b4499ca2-b2fa-430b-95f5-8d1e2ca14dc0","TCGA-BP-4344-01A-01R-1289-07","TCGA-BP-4344","Primary Tumor","FCER1G","ENSG00000158869.11",134.0384,"OK"
"TCGA-KIRC","b4499ca2-b2fa-430b-95f5-8d1e2ca14dc0","TCGA-BP-4344-01A-01R-1289-07","TCGA-BP-4344","Primary Tumor","CD68","ENSG00000129226.14",0.2343,"OK"
"TCGA-KIRC","466888ef-7b80-471e-822c-bf355ef474b8","TCGA-B0-4815-01A-01R-1503-07","TCGA-B0-4815","Primary Tumor","PTPRC","ENSG00000081237.20",58.7355,"OK"
"TCGA-KIRC","466888ef-7b80-471e-822c-bf355ef474b8","TCGA-B0-4815-01A-01R-1503-07","TCGA-B0-4815","Primary Tumor","CD3D","ENSG00000167286.10",121.0708,"OK"
"TCGA-KIRC","466888ef-7b80-471e-822c-bf355ef474b8","TCGA-B0-4815-01A-01R-1503-07","TCGA-B0-4815","Primary Tumor","CD3E","ENSG00000198851.10",84.1843,"OK"
"TCGA-KIRC","466888ef-7b80-471e-822c-bf355ef474b8","TCGA-B0-4815-01A-01R-1503-07","TCGA-B0-4815","Primary Tumor","MS4A1","ENSG00000156738.18",14.129,"OK"
"TCGA-KIRC","466888ef-7b80-471e-822c-bf355ef474b8","TCGA-B0-4815-01A-01R-1503-07","TCGA-B0-4815","Primary Tumor","CD79A","ENSG00000105369.10",144.5177,"OK"
"TCGA-KIRC","466888ef-7b80-471e-822c-bf355ef474b8","TCGA-B0-4815-01A-01R-1503-07","TCGA-B0-4815","Primary Tumor","NKG7","ENSG00000105374.10",352.2326,"OK"
"TCGA-KIRC","466888ef-7b80-471e-822c-bf355ef474b8","TCGA-B0-4815-01A-01R-1503-07","TCGA-B0-4815","Primary Tumor","LST1","ENSG00000204482.11",35.9289,"OK"
"TCGA-KIRC","466888ef-7b80-471e-822c-bf355ef474b8","TCGA-B0-4815-01A-01R-1503-07","TCGA-B0-4815","Primary Tumor","TYROBP","ENSG00000011600.12",392.6299,"OK"
"TCGA-KIRC","466888ef-7b80-471e-822c-bf355ef474b8","TCGA-B0-4815-01A-01R-1503-07","TCGA-B0-4815","Primary Tumor","FCER1G","ENSG00000158869.11",304.2538,"OK"
"TCGA-KIRC","466888ef-7b80-471e-822c-bf355ef474b8","TCGA-B0-4815-01A-01R-1503-07","TCGA-B0-4815","Primary Tumor","CD68","ENSG00000129226.14",0.2462,"OK"
"TCGA-KIRC","52258ebc-d3ba-4795-83c9-6457386fea2b","TCGA-B0-5088-01A-01R-1334-07","TCGA-B0-5088","Primary Tumor","PTPRC","ENSG00000081237.20",14.4327,"OK"
"TCGA-KIRC","52258ebc-d3ba-4795-83c9-6457386fea2b","TCGA-B0-5088-01A-01R-1334-07","TCGA-B0-5088","Primary Tumor","CD3D","ENSG00000167286.10",36.8609,"OK"
"TCGA-KIRC","52258ebc-d3ba-4795-83c9-6457386fea2b","TCGA-B0-5088-01A-01R-1334-07","TCGA-B0-5088","Primary Tumor","CD3E","ENSG00000198851.10",36.1151,"OK"
"TCGA-KIRC","52258ebc-d3ba-4795-83c9-6457386fea2b","TCGA-B0-5088-01A-01R-1334-07","TCGA-B0-5088","Primary Tumor","MS4A1","ENSG00000156738.18",1.7283,"OK"
"TCGA-KIRC","52258ebc-d3ba-4795-83c9-6457386fea2b","TCGA-B0-5088-01A-01R-1334-07","TCGA-B0-5088","Primary Tumor","CD79A","ENSG00000105369.10",15.3209,"OK"
"TCGA-KIRC","52258ebc-d3ba-4795-83c9-6457386fea2b","TCGA-B0-5088-01A-01R-1334-07","TCGA-B0-5088","Primary Tumor","NKG7","ENSG00000105374.10",61.8819,"OK"
"TCGA-KIRC","52258ebc-d3ba-4795-83c9-6457386fea2b","TCGA-B0-5088-01A-01R-1334-07","TCGA-B0-5088","Primary Tumor","LST1","ENSG00000204482.11",24.1939,"OK"
"TCGA-KIRC","52258ebc-d3ba-4795-83c9-6457386fea2b","TCGA-B0-5088-01A-01R-1334-07","TCGA-B0-5088","Primary Tumor","TYROBP","ENSG00000011600.12",555.4894,"OK"
"TCGA-KIRC","52258ebc-d3ba-4795-83c9-6457386fea2b","TCGA-B0-5088-01A-01R-1334-07","TCGA-B0-5088","Primary Tumor","FCER1G","ENSG00000158869.11",216.3365,"OK"
"TCGA-KIRC","52258ebc-d3ba-4795-83c9-6457386fea2b","TCGA-B0-5088-01A-01R-1334-07","TCGA-B0-5088","Primary Tumor","CD68","ENSG00000129226.14",0.2611,"OK"
"TCGA-KIRC","7f16d20f-07e2-4901-ae00-4da70125e8a3","TCGA-B0-4712-01A-01R-1503-07","TCGA-B0-4712","Primary Tumor","PTPRC","ENSG00000081237.20",21.2881,"OK"
"TCGA-KIRC","7f16d20f-07e2-4901-ae00-4da70125e8a3","TCGA-B0-4712-01A-01R-1503-07","TCGA-B0-4712","Primary Tumor","CD3D","ENSG00000167286.10",64.4086,"OK"
"TCGA-KIRC","7f16d20f-07e2-4901-ae00-4da70125e8a3","TCGA-B0-4712-01A-01R-1503-07","TCGA-B0-4712","Primary Tumor","CD3E","ENSG00000198851.10",33.1342,"OK"
"TCGA-KIRC","7f16d20f-07e2-4901-ae00-4da70125e8a3","TCGA-B0-4712-01A-01R-1503-07","TCGA-B0-4712","Primary Tumor","MS4A1","ENSG00000156738.18",3.7234,"OK"
"TCGA-KIRC","7f16d20f-07e2-4901-ae00-4da70125e8a3","TCGA-B0-4712-01A-01R-1503-07","TCGA-B0-4712","Primary Tumor","CD79A","ENSG00000105369.10",18.8359,"OK"
"TCGA-KIRC","7f16d20f-07e2-4901-ae00-4da70125e8a3","TCGA-B0-4712-01A-01R-1503-07","TCGA-B0-4712","Primary Tumor","NKG7","ENSG00000105374.10",130.5357,"OK"
"TCGA-KIRC","7f16d20f-07e2-4901-ae00-4da70125e8a3","TCGA-B0-4712-01A-01R-1503-07","TCGA-B0-4712","Primary Tumor","LST1","ENSG00000204482.11",38.3838,"OK"
"TCGA-KIRC","7f16d20f-07e2-4901-ae00-4da70125e8a3","TCGA-B0-4712-01A-01R-1503-07","TCGA-B0-4712","Primary Tumor","TYROBP","ENSG00000011600.12",487.8942,"OK"
"TCGA-KIRC","7f16d20f-07e2-4901-ae00-4da70125e8a3","TCGA-B0-4712-01A-01R-1503-07","TCGA-B0-4712","Primary Tumor","FCER1G","ENSG00000158869.11",300.7021,"OK"
"TCGA-KIRC","7f16d20f-07e2-4901-ae00-4da70125e8a3","TCGA-B0-4712-01A-01R-1503-07","TCGA-B0-4712","Primary Tumor","CD68","ENSG00000129226.14",0.1388,"OK"
"TCGA-KIRC","ac6da4db-868b-4b98-9c12-4c1930d08a5e","TCGA-DV-5565-01A-01R-1541-07","TCGA-DV-5565","Primary Tumor","PTPRC","ENSG00000081237.20",7.5649,"OK"
"TCGA-KIRC","ac6da4db-868b-4b98-9c12-4c1930d08a5e","TCGA-DV-5565-01A-01R-1541-07","TCGA-DV-5565","Primary Tumor","CD3D","ENSG00000167286.10",8.3614,"OK"
"TCGA-KIRC","ac6da4db-868b-4b98-9c12-4c1930d08a5e","TCGA-DV-5565-01A-01R-1541-07","TCGA-DV-5565","Primary Tumor","CD3E","ENSG00000198851.10",9.765,"OK"
"TCGA-KIRC","ac6da4db-868b-4b98-9c12-4c1930d08a5e","TCGA-DV-5565-01A-01R-1541-07","TCGA-DV-5565","Primary Tumor","MS4A1","ENSG00000156738.18",0.3601,"OK"
"TCGA-KIRC","ac6da4db-868b-4b98-9c12-4c1930d08a5e","TCGA-DV-5565-01A-01R-1541-07","TCGA-DV-5565","Primary Tumor","CD79A","ENSG00000105369.10",2.0817,"OK"
"TCGA-KIRC","ac6da4db-868b-4b98-9c12-4c1930d08a5e","TCGA-DV-5565-01A-01R-1541-07","TCGA-DV-5565","Primary Tumor","NKG7","ENSG00000105374.10",28.2988,"OK"
"TCGA-KIRC","ac6da4db-868b-4b98-9c12-4c1930d08a5e","TCGA-DV-5565-01A-01R-1541-07","TCGA-DV-5565","Primary Tumor","LST1","ENSG00000204482.11",15.5577,"OK"
"TCGA-KIRC","ac6da4db-868b-4b98-9c12-4c1930d08a5e","TCGA-DV-5565-01A-01R-1541-07","TCGA-DV-5565","Primary Tumor","TYROBP","ENSG00000011600.12",234.4306,"OK"
"TCGA-KIRC","ac6da4db-868b-4b98-9c12-4c1930d08a5e","TCGA-DV-5565-01A-01R-1541-07","TCGA-DV-5565","Primary Tumor","FCER1G","ENSG00000158869.11",127.6469,"OK"
"TCGA-KIRC","ac6da4db-868b-4b98-9c12-4c1930d08a5e","TCGA-DV-5565-01A-01R-1541-07","TCGA-DV-5565","Primary Tumor","CD68","ENSG00000129226.14",0.0681,"OK"
"TCGA-KIRC","dd7f3972-e7c6-422b-84ed-a8038645a52b","TCGA-BP-4986-01A-01R-1334-07","TCGA-BP-4986","Primary Tumor","PTPRC","ENSG00000081237.20",43.4306,"OK"
"TCGA-KIRC","dd7f3972-e7c6-422b-84ed-a8038645a52b","TCGA-BP-4986-01A-01R-1334-07","TCGA-BP-4986","Primary Tumor","CD3D","ENSG00000167286.10",26.6969,"OK"
"TCGA-KIRC","dd7f3972-e7c6-422b-84ed-a8038645a52b","TCGA-BP-4986-01A-01R-1334-07","TCGA-BP-4986","Primary Tumor","CD3E","ENSG00000198851.10",25.7117,"OK"
"TCGA-KIRC","dd7f3972-e7c6-422b-84ed-a8038645a52b","TCGA-BP-4986-01A-01R-1334-07","TCGA-BP-4986","Primary Tumor","MS4A1","ENSG00000156738.18",1.4209,"OK"
"TCGA-KIRC","dd7f3972-e7c6-422b-84ed-a8038645a52b","TCGA-BP-4986-01A-01R-1334-07","TCGA-BP-4986","Primary Tumor","CD79A","ENSG00000105369.10",16.0426,"OK"
"TCGA-KIRC","dd7f3972-e7c6-422b-84ed-a8038645a52b","TCGA-BP-4986-01A-01R-1334-07","TCGA-BP-4986","Primary Tumor","NKG7","ENSG00000105374.10",29.97,"OK"
"TCGA-KIRC","dd7f3972-e7c6-422b-84ed-a8038645a52b","TCGA-BP-4986-01A-01R-1334-07","TCGA-BP-4986","Primary Tumor","LST1","ENSG00000204482.11",21.3813,"OK"
"TCGA-KIRC","dd7f3972-e7c6-422b-84ed-a8038645a52b","TCGA-BP-4986-01A-01R-1334-07","TCGA-BP-4986","Primary Tumor","TYROBP","ENSG00000011600.12",287.1603,"OK"
"TCGA-KIRC","dd7f3972-e7c6-422b-84ed-a8038645a52b","TCGA-BP-4986-01A-01R-1334-07","TCGA-BP-4986","Primary Tumor","FCER1G","ENSG00000158869.11",161.8131,"OK"
"TCGA-KIRC","dd7f3972-e7c6-422b-84ed-a8038645a52b","TCGA-BP-4986-01A-01R-1334-07","TCGA-BP-4986","Primary Tumor","CD68","ENSG00000129226.14",0.3633,"OK"
"TCGA-KIRC","843f5279-d6a2-4616-a3e7-985f26247cc7","TCGA-B8-4621-01A-01R-1503-07","TCGA-B8-4621","Primary Tumor","PTPRC","ENSG00000081237.20",19.4507,"OK"
"TCGA-KIRC","843f5279-d6a2-4616-a3e7-985f26247cc7","TCGA-B8-4621-01A-01R-1503-07","TCGA-B8-4621","Primary Tumor","CD3D","ENSG00000167286.10",8.0807,"OK"
"TCGA-KIRC","843f5279-d6a2-4616-a3e7-985f26247cc7","TCGA-B8-4621-01A-01R-1503-07","TCGA-B8-4621","Primary Tumor","CD3E","ENSG00000198851.10",7.7725,"OK"
"TCGA-KIRC","843f5279-d6a2-4616-a3e7-985f26247cc7","TCGA-B8-4621-01A-01R-1503-07","TCGA-B8-4621","Primary Tumor","MS4A1","ENSG00000156738.18",0.1317,"OK"
"TCGA-KIRC","843f5279-d6a2-4616-a3e7-985f26247cc7","TCGA-B8-4621-01A-01R-1503-07","TCGA-B8-4621","Primary Tumor","CD79A","ENSG00000105369.10",1.4286,"OK"
"TCGA-KIRC","843f5279-d6a2-4616-a3e7-985f26247cc7","TCGA-B8-4621-01A-01R-1503-07","TCGA-B8-4621","Primary Tumor","NKG7","ENSG00000105374.10",15.3895,"OK"
"TCGA-KIRC","843f5279-d6a2-4616-a3e7-985f26247cc7","TCGA-B8-4621-01A-01R-1503-07","TCGA-B8-4621","Primary Tumor","LST1","ENSG00000204482.11",14.2795,"OK"
"TCGA-KIRC","843f5279-d6a2-4616-a3e7-985f26247cc7","TCGA-B8-4621-01A-01R-1503-07","TCGA-B8-4621","Primary Tumor","TYROBP","ENSG00000011600.12",225.4759,"OK"
"TCGA-KIRC","843f5279-d6a2-4616-a3e7-985f26247cc7","TCGA-B8-4621-01A-01R-1503-07","TCGA-B8-4621","Primary Tumor","FCER1G","ENSG00000158869.11",130.1182,"OK"
"TCGA-KIRC","843f5279-d6a2-4616-a3e7-985f26247cc7","TCGA-B8-4621-01A-01R-1503-07","TCGA-B8-4621","Primary Tumor","CD68","ENSG00000129226.14",0.0968,"OK"
"TCGA-KIRC","3ce8971c-7d06-4da7-af07-efaf4c9f6a75","TCGA-CJ-5689-01A-11R-1541-07","TCGA-CJ-5689","Primary Tumor","PTPRC","ENSG00000081237.20",26.0834,"OK"
"TCGA-KIRC","3ce8971c-7d06-4da7-af07-efaf4c9f6a75","TCGA-CJ-5689-01A-11R-1541-07","TCGA-CJ-5689","Primary Tumor","CD3D","ENSG00000167286.10",36.1325,"OK"
"TCGA-KIRC","3ce8971c-7d06-4da7-af07-efaf4c9f6a75","TCGA-CJ-5689-01A-11R-1541-07","TCGA-CJ-5689","Primary Tumor","CD3E","ENSG00000198851.10",28.9097,"OK"
"TCGA-KIRC","3ce8971c-7d06-4da7-af07-efaf4c9f6a75","TCGA-CJ-5689-01A-11R-1541-07","TCGA-CJ-5689","Primary Tumor","MS4A1","ENSG00000156738.18",1.1163,"OK"
"TCGA-KIRC","3ce8971c-7d06-4da7-af07-efaf4c9f6a75","TCGA-CJ-5689-01A-11R-1541-07","TCGA-CJ-5689","Primary Tumor","CD79A","ENSG00000105369.10",12.7142,"OK"
"TCGA-KIRC","3ce8971c-7d06-4da7-af07-efaf4c9f6a75","TCGA-CJ-5689-01A-11R-1541-07","TCGA-CJ-5689","Primary Tumor","NKG7","ENSG00000105374.10",146.1158,"OK"
"TCGA-KIRC","3ce8971c-7d06-4da7-af07-efaf4c9f6a75","TCGA-CJ-5689-01A-11R-1541-07","TCGA-CJ-5689","Primary Tumor","LST1","ENSG00000204482.11",28.6073,"OK"
"TCGA-KIRC","3ce8971c-7d06-4da7-af07-efaf4c9f6a75","TCGA-CJ-5689-01A-11R-1541-07","TCGA-CJ-5689","Primary Tumor","TYROBP","ENSG00000011600.12",365.3239,"OK"
"TCGA-KIRC","3ce8971c-7d06-4da7-af07-efaf4c9f6a75","TCGA-CJ-5689-01A-11R-1541-07","TCGA-CJ-5689","Primary Tumor","FCER1G","ENSG00000158869.11",251.0758,"OK"
"TCGA-KIRC","3ce8971c-7d06-4da7-af07-efaf4c9f6a75","TCGA-CJ-5689-01A-11R-1541-07","TCGA-CJ-5689","Primary Tumor","CD68","ENSG00000129226.14",0.2462,"OK"
"TCGA-KIRC","2562285c-fe56-4011-a9e9-9e17bb78becb","TCGA-CJ-5689-11A-01R-1541-07","TCGA-CJ-5689","Solid Tissue Normal","PTPRC","ENSG00000081237.20",11.3593,"OK"
"TCGA-KIRC","2562285c-fe56-4011-a9e9-9e17bb78becb","TCGA-CJ-5689-11A-01R-1541-07","TCGA-CJ-5689","Solid Tissue Normal","CD3D","ENSG00000167286.10",12.5308,"OK"
"TCGA-KIRC","2562285c-fe56-4011-a9e9-9e17bb78becb","TCGA-CJ-5689-11A-01R-1541-07","TCGA-CJ-5689","Solid Tissue Normal","CD3E","ENSG00000198851.10",14.4154,"OK"
"TCGA-KIRC","2562285c-fe56-4011-a9e9-9e17bb78becb","TCGA-CJ-5689-11A-01R-1541-07","TCGA-CJ-5689","Solid Tissue Normal","MS4A1","ENSG00000156738.18",3.3969,"OK"
"TCGA-KIRC","2562285c-fe56-4011-a9e9-9e17bb78becb","TCGA-CJ-5689-11A-01R-1541-07","TCGA-CJ-5689","Solid Tissue Normal","CD79A","ENSG00000105369.10",31.1221,"OK"
"TCGA-KIRC","2562285c-fe56-4011-a9e9-9e17bb78becb","TCGA-CJ-5689-11A-01R-1541-07","TCGA-CJ-5689","Solid Tissue Normal","NKG7","ENSG00000105374.10",16.8179,"OK"
"TCGA-KIRC","2562285c-fe56-4011-a9e9-9e17bb78becb","TCGA-CJ-5689-11A-01R-1541-07","TCGA-CJ-5689","Solid Tissue Normal","LST1","ENSG00000204482.11",8.8246,"OK"
"TCGA-KIRC","2562285c-fe56-4011-a9e9-9e17bb78becb","TCGA-CJ-5689-11A-01R-1541-07","TCGA-CJ-5689","Solid Tissue Normal","TYROBP","ENSG00000011600.12",79.485,"OK"
"TCGA-KIRC","2562285c-fe56-4011-a9e9-9e17bb78becb","TCGA-CJ-5689-11A-01R-1541-07","TCGA-CJ-5689","Solid Tissue Normal","FCER1G","ENSG00000158869.11",34.875,"OK"
"TCGA-KIRC","2562285c-fe56-4011-a9e9-9e17bb78becb","TCGA-CJ-5689-11A-01R-1541-07","TCGA-CJ-5689","Solid Tissue Normal","CD68","ENSG00000129226.14",0,"OK"
"TCGA-KIRC","39fd293e-c269-4de9-ae9e-4e68f8c20897","TCGA-A3-3329-01A-01R-0864-07","TCGA-A3-3329","Primary Tumor","PTPRC","ENSG00000081237.20",38.6512,"OK"
"TCGA-KIRC","39fd293e-c269-4de9-ae9e-4e68f8c20897","TCGA-A3-3329-01A-01R-0864-07","TCGA-A3-3329","Primary Tumor","CD3D","ENSG00000167286.10",48.2439,"OK"
"TCGA-KIRC","39fd293e-c269-4de9-ae9e-4e68f8c20897","TCGA-A3-3329-01A-01R-0864-07","TCGA-A3-3329","Primary Tumor","CD3E","ENSG00000198851.10",39.3899,"OK"
"TCGA-KIRC","39fd293e-c269-4de9-ae9e-4e68f8c20897","TCGA-A3-3329-01A-01R-0864-07","TCGA-A3-3329","Primary Tumor","MS4A1","ENSG00000156738.18",1.2004,"OK"
"TCGA-KIRC","39fd293e-c269-4de9-ae9e-4e68f8c20897","TCGA-A3-3329-01A-01R-0864-07","TCGA-A3-3329","Primary Tumor","CD79A","ENSG00000105369.10",2.1302,"OK"
"TCGA-KIRC","39fd293e-c269-4de9-ae9e-4e68f8c20897","TCGA-A3-3329-01A-01R-0864-07","TCGA-A3-3329","Primary Tumor","NKG7","ENSG00000105374.10",67.9999,"OK"
"TCGA-KIRC","39fd293e-c269-4de9-ae9e-4e68f8c20897","TCGA-A3-3329-01A-01R-0864-07","TCGA-A3-3329","Primary Tumor","LST1","ENSG00000204482.11",20.8407,"OK"
"TCGA-KIRC","39fd293e-c269-4de9-ae9e-4e68f8c20897","TCGA-A3-3329-01A-01R-0864-07","TCGA-A3-3329","Primary Tumor","TYROBP","ENSG00000011600.12",292.9671,"OK"
"TCGA-KIRC","39fd293e-c269-4de9-ae9e-4e68f8c20897","TCGA-A3-3329-01A-01R-0864-07","TCGA-A3-3329","Primary Tumor","FCER1G","ENSG00000158869.11",161.2411,"OK"
"TCGA-KIRC","39fd293e-c269-4de9-ae9e-4e68f8c20897","TCGA-A3-3329-01A-01R-0864-07","TCGA-A3-3329","Primary Tumor","CD68","ENSG00000129226.14",0.1379,"OK"
"TCGA-KIRC","3c7b458e-ecca-4d6a-b1c7-48152e184c0b","TCGA-CZ-4864-01A-01R-1503-07","TCGA-CZ-4864","Primary Tumor","PTPRC","ENSG00000081237.20",81.6247,"OK"
"TCGA-KIRC","3c7b458e-ecca-4d6a-b1c7-48152e184c0b","TCGA-CZ-4864-01A-01R-1503-07","TCGA-CZ-4864","Primary Tumor","CD3D","ENSG00000167286.10",104.6598,"OK"
"TCGA-KIRC","3c7b458e-ecca-4d6a-b1c7-48152e184c0b","TCGA-CZ-4864-01A-01R-1503-07","TCGA-CZ-4864","Primary Tumor","CD3E","ENSG00000198851.10",81.2846,"OK"
"TCGA-KIRC","3c7b458e-ecca-4d6a-b1c7-48152e184c0b","TCGA-CZ-4864-01A-01R-1503-07","TCGA-CZ-4864","Primary Tumor","MS4A1","ENSG00000156738.18",0.8557,"OK"
"TCGA-KIRC","3c7b458e-ecca-4d6a-b1c7-48152e184c0b","TCGA-CZ-4864-01A-01R-1503-07","TCGA-CZ-4864","Primary Tumor","CD79A","ENSG00000105369.10",3.2416,"OK"
"TCGA-KIRC","3c7b458e-ecca-4d6a-b1c7-48152e184c0b","TCGA-CZ-4864-01A-01R-1503-07","TCGA-CZ-4864","Primary Tumor","NKG7","ENSG00000105374.10",222.5754,"OK"
"TCGA-KIRC","3c7b458e-ecca-4d6a-b1c7-48152e184c0b","TCGA-CZ-4864-01A-01R-1503-07","TCGA-CZ-4864","Primary Tumor","LST1","ENSG00000204482.11",45.96,"OK"
"TCGA-KIRC","3c7b458e-ecca-4d6a-b1c7-48152e184c0b","TCGA-CZ-4864-01A-01R-1503-07","TCGA-CZ-4864","Primary Tumor","TYROBP","ENSG00000011600.12",484.2297,"OK"
"TCGA-KIRC","3c7b458e-ecca-4d6a-b1c7-48152e184c0b","TCGA-CZ-4864-01A-01R-1503-07","TCGA-CZ-4864","Primary Tumor","FCER1G","ENSG00000158869.11",279.9141,"OK"
"TCGA-KIRC","3c7b458e-ecca-4d6a-b1c7-48152e184c0b","TCGA-CZ-4864-01A-01R-1503-07","TCGA-CZ-4864","Primary Tumor","CD68","ENSG00000129226.14",0.318,"OK"
"TCGA-KIRC","53a4f1ae-7669-4580-b054-0a5b58e76520","TCGA-B0-5108-01A-01R-1420-07","TCGA-B0-5108","Primary Tumor","PTPRC","ENSG00000081237.20",61.5867,"OK"
"TCGA-KIRC","53a4f1ae-7669-4580-b054-0a5b58e76520","TCGA-B0-5108-01A-01R-1420-07","TCGA-B0-5108","Primary Tumor","CD3D","ENSG00000167286.10",62.2496,"OK"
"TCGA-KIRC","53a4f1ae-7669-4580-b054-0a5b58e76520","TCGA-B0-5108-01A-01R-1420-07","TCGA-B0-5108","Primary Tumor","CD3E","ENSG00000198851.10",50.8947,"OK"
"TCGA-KIRC","53a4f1ae-7669-4580-b054-0a5b58e76520","TCGA-B0-5108-01A-01R-1420-07","TCGA-B0-5108","Primary Tumor","MS4A1","ENSG00000156738.18",1.5577,"OK"
"TCGA-KIRC","53a4f1ae-7669-4580-b054-0a5b58e76520","TCGA-B0-5108-01A-01R-1420-07","TCGA-B0-5108","Primary Tumor","CD79A","ENSG00000105369.10",10.5924,"OK"
"TCGA-KIRC","53a4f1ae-7669-4580-b054-0a5b58e76520","TCGA-B0-5108-01A-01R-1420-07","TCGA-B0-5108","Primary Tumor","NKG7","ENSG00000105374.10",101.4887,"OK"
"TCGA-KIRC","53a4f1ae-7669-4580-b054-0a5b58e76520","TCGA-B0-5108-01A-01R-1420-07","TCGA-B0-5108","Primary Tumor","LST1","ENSG00000204482.11",33.5682,"OK"
"TCGA-KIRC","53a4f1ae-7669-4580-b054-0a5b58e76520","TCGA-B0-5108-01A-01R-1420-07","TCGA-B0-5108","Primary Tumor","TYROBP","ENSG00000011600.12",444.9885,"OK"
"TCGA-KIRC","53a4f1ae-7669-4580-b054-0a5b58e76520","TCGA-B0-5108-01A-01R-1420-07","TCGA-B0-5108","Primary Tumor","FCER1G","ENSG00000158869.11",422.6189,"OK"
"TCGA-KIRC","53a4f1ae-7669-4580-b054-0a5b58e76520","TCGA-B0-5108-01A-01R-1420-07","TCGA-B0-5108","Primary Tumor","CD68","ENSG00000129226.14",0.1573,"OK"
"TCGA-KIRC","f1aa53c8-fb44-431d-9bb9-ba7647cd9ead","TCGA-A3-3376-01A-02R-1420-07","TCGA-A3-3376","Primary Tumor","PTPRC","ENSG00000081237.20",45.5885,"OK"
"TCGA-KIRC","f1aa53c8-fb44-431d-9bb9-ba7647cd9ead","TCGA-A3-3376-01A-02R-1420-07","TCGA-A3-3376","Primary Tumor","CD3D","ENSG00000167286.10",24.9832,"OK"
"TCGA-KIRC","f1aa53c8-fb44-431d-9bb9-ba7647cd9ead","TCGA-A3-3376-01A-02R-1420-07","TCGA-A3-3376","Primary Tumor","CD3E","ENSG00000198851.10",21.2725,"OK"
"TCGA-KIRC","f1aa53c8-fb44-431d-9bb9-ba7647cd9ead","TCGA-A3-3376-01A-02R-1420-07","TCGA-A3-3376","Primary Tumor","MS4A1","ENSG00000156738.18",2.1605,"OK"
"TCGA-KIRC","f1aa53c8-fb44-431d-9bb9-ba7647cd9ead","TCGA-A3-3376-01A-02R-1420-07","TCGA-A3-3376","Primary Tumor","CD79A","ENSG00000105369.10",5.586,"OK"
"TCGA-KIRC","f1aa53c8-fb44-431d-9bb9-ba7647cd9ead","TCGA-A3-3376-01A-02R-1420-07","TCGA-A3-3376","Primary Tumor","NKG7","ENSG00000105374.10",57.77,"OK"
"TCGA-KIRC","f1aa53c8-fb44-431d-9bb9-ba7647cd9ead","TCGA-A3-3376-01A-02R-1420-07","TCGA-A3-3376","Primary Tumor","LST1","ENSG00000204482.11",35.8576,"OK"
"TCGA-KIRC","f1aa53c8-fb44-431d-9bb9-ba7647cd9ead","TCGA-A3-3376-01A-02R-1420-07","TCGA-A3-3376","Primary Tumor","TYROBP","ENSG00000011600.12",393.409,"OK"
"TCGA-KIRC","f1aa53c8-fb44-431d-9bb9-ba7647cd9ead","TCGA-A3-3376-01A-02R-1420-07","TCGA-A3-3376","Primary Tumor","FCER1G","ENSG00000158869.11",190.6848,"OK"
"TCGA-KIRC","f1aa53c8-fb44-431d-9bb9-ba7647cd9ead","TCGA-A3-3376-01A-02R-1420-07","TCGA-A3-3376","Primary Tumor","CD68","ENSG00000129226.14",0.194,"OK"
"TCGA-KIRC","b98e59fc-120a-45c4-aade-3b59ca4a1a86","TCGA-B2-5635-01A-01R-1541-07","TCGA-B2-5635","Primary Tumor","PTPRC","ENSG00000081237.20",50.6914,"OK"
"TCGA-KIRC","b98e59fc-120a-45c4-aade-3b59ca4a1a86","TCGA-B2-5635-01A-01R-1541-07","TCGA-B2-5635","Primary Tumor","CD3D","ENSG00000167286.10",65.4236,"OK"
"TCGA-KIRC","b98e59fc-120a-45c4-aade-3b59ca4a1a86","TCGA-B2-5635-01A-01R-1541-07","TCGA-B2-5635","Primary Tumor","CD3E","ENSG00000198851.10",56.3566,"OK"
"TCGA-KIRC","b98e59fc-120a-45c4-aade-3b59ca4a1a86","TCGA-B2-5635-01A-01R-1541-07","TCGA-B2-5635","Primary Tumor","MS4A1","ENSG00000156738.18",1.3584,"OK"
"TCGA-KIRC","b98e59fc-120a-45c4-aade-3b59ca4a1a86","TCGA-B2-5635-01A-01R-1541-07","TCGA-B2-5635","Primary Tumor","CD79A","ENSG00000105369.10",6.6643,"OK"
"TCGA-KIRC","b98e59fc-120a-45c4-aade-3b59ca4a1a86","TCGA-B2-5635-01A-01R-1541-07","TCGA-B2-5635","Primary Tumor","NKG7","ENSG00000105374.10",136.3586,"OK"
"TCGA-KIRC","b98e59fc-120a-45c4-aade-3b59ca4a1a86","TCGA-B2-5635-01A-01R-1541-07","TCGA-B2-5635","Primary Tumor","LST1","ENSG00000204482.11",40.576,"OK"
"TCGA-KIRC","b98e59fc-120a-45c4-aade-3b59ca4a1a86","TCGA-B2-5635-01A-01R-1541-07","TCGA-B2-5635","Primary Tumor","TYROBP","ENSG00000011600.12",482.6256,"OK"
"TCGA-KIRC","b98e59fc-120a-45c4-aade-3b59ca4a1a86","TCGA-B2-5635-01A-01R-1541-07","TCGA-B2-5635","Primary Tumor","FCER1G","ENSG00000158869.11",247.8345,"OK"
"TCGA-KIRC","b98e59fc-120a-45c4-aade-3b59ca4a1a86","TCGA-B2-5635-01A-01R-1541-07","TCGA-B2-5635","Primary Tumor","CD68","ENSG00000129226.14",0.2056,"OK"
"TCGA-KIRC","f13ca22a-ad44-45c0-806b-678bacee6135","TCGA-B4-5834-01A-11R-1672-07","TCGA-B4-5834","Primary Tumor","PTPRC","ENSG00000081237.20",21.5354,"OK"
"TCGA-KIRC","f13ca22a-ad44-45c0-806b-678bacee6135","TCGA-B4-5834-01A-11R-1672-07","TCGA-B4-5834","Primary Tumor","CD3D","ENSG00000167286.10",22.6627,"OK"
"TCGA-KIRC","f13ca22a-ad44-45c0-806b-678bacee6135","TCGA-B4-5834-01A-11R-1672-07","TCGA-B4-5834","Primary Tumor","CD3E","ENSG00000198851.10",20.9691,"OK"
"TCGA-KIRC","f13ca22a-ad44-45c0-806b-678bacee6135","TCGA-B4-5834-01A-11R-1672-07","TCGA-B4-5834","Primary Tumor","MS4A1","ENSG00000156738.18",0.4855,"OK"
"TCGA-KIRC","f13ca22a-ad44-45c0-806b-678bacee6135","TCGA-B4-5834-01A-11R-1672-07","TCGA-B4-5834","Primary Tumor","CD79A","ENSG00000105369.10",2.9294,"OK"
"TCGA-KIRC","f13ca22a-ad44-45c0-806b-678bacee6135","TCGA-B4-5834-01A-11R-1672-07","TCGA-B4-5834","Primary Tumor","NKG7","ENSG00000105374.10",102.2194,"OK"
"TCGA-KIRC","f13ca22a-ad44-45c0-806b-678bacee6135","TCGA-B4-5834-01A-11R-1672-07","TCGA-B4-5834","Primary Tumor","LST1","ENSG00000204482.11",20.002,"OK"
"TCGA-KIRC","f13ca22a-ad44-45c0-806b-678bacee6135","TCGA-B4-5834-01A-11R-1672-07","TCGA-B4-5834","Primary Tumor","TYROBP","ENSG00000011600.12",185.6986,"OK"
"TCGA-KIRC","f13ca22a-ad44-45c0-806b-678bacee6135","TCGA-B4-5834-01A-11R-1672-07","TCGA-B4-5834","Primary Tumor","FCER1G","ENSG00000158869.11",88.8308,"OK"
"TCGA-KIRC","f13ca22a-ad44-45c0-806b-678bacee6135","TCGA-B4-5834-01A-11R-1672-07","TCGA-B4-5834","Primary Tumor","CD68","ENSG00000129226.14",0.1606,"OK"
"TCGA-KIRC","a5dd6162-2bca-4bbb-a068-94d122a52cc5","TCGA-DV-5575-01A-01R-1541-07","TCGA-DV-5575","Primary Tumor","PTPRC","ENSG00000081237.20",29.2588,"OK"
"TCGA-KIRC","a5dd6162-2bca-4bbb-a068-94d122a52cc5","TCGA-DV-5575-01A-01R-1541-07","TCGA-DV-5575","Primary Tumor","CD3D","ENSG00000167286.10",45.5338,"OK"
"TCGA-KIRC","a5dd6162-2bca-4bbb-a068-94d122a52cc5","TCGA-DV-5575-01A-01R-1541-07","TCGA-DV-5575","Primary Tumor","CD3E","ENSG00000198851.10",43.1683,"OK"
"TCGA-KIRC","a5dd6162-2bca-4bbb-a068-94d122a52cc5","TCGA-DV-5575-01A-01R-1541-07","TCGA-DV-5575","Primary Tumor","MS4A1","ENSG00000156738.18",0.999,"OK"
"TCGA-KIRC","a5dd6162-2bca-4bbb-a068-94d122a52cc5","TCGA-DV-5575-01A-01R-1541-07","TCGA-DV-5575","Primary Tumor","CD79A","ENSG00000105369.10",9.0955,"OK"
"TCGA-KIRC","a5dd6162-2bca-4bbb-a068-94d122a52cc5","TCGA-DV-5575-01A-01R-1541-07","TCGA-DV-5575","Primary Tumor","NKG7","ENSG00000105374.10",92.6854,"OK"
"TCGA-KIRC","a5dd6162-2bca-4bbb-a068-94d122a52cc5","TCGA-DV-5575-01A-01R-1541-07","TCGA-DV-5575","Primary Tumor","LST1","ENSG00000204482.11",24.9793,"OK"
"TCGA-KIRC","a5dd6162-2bca-4bbb-a068-94d122a52cc5","TCGA-DV-5575-01A-01R-1541-07","TCGA-DV-5575","Primary Tumor","TYROBP","ENSG00000011600.12",302.8313,"OK"
"TCGA-KIRC","a5dd6162-2bca-4bbb-a068-94d122a52cc5","TCGA-DV-5575-01A-01R-1541-07","TCGA-DV-5575","Primary Tumor","FCER1G","ENSG00000158869.11",157.3286,"OK"
"TCGA-KIRC","a5dd6162-2bca-4bbb-a068-94d122a52cc5","TCGA-DV-5575-01A-01R-1541-07","TCGA-DV-5575","Primary Tumor","CD68","ENSG00000129226.14",0.0319,"OK"
"TCGA-KIRC","2693e892-e285-4d51-b84a-7498437b6956","TCGA-CJ-4643-01A-02R-1325-07","TCGA-CJ-4643","Primary Tumor","PTPRC","ENSG00000081237.20",46.2578,"OK"
"TCGA-KIRC","2693e892-e285-4d51-b84a-7498437b6956","TCGA-CJ-4643-01A-02R-1325-07","TCGA-CJ-4643","Primary Tumor","CD3D","ENSG00000167286.10",31.0783,"OK"
"TCGA-KIRC","2693e892-e285-4d51-b84a-7498437b6956","TCGA-CJ-4643-01A-02R-1325-07","TCGA-CJ-4643","Primary Tumor","CD3E","ENSG00000198851.10",31.5031,"OK"
"TCGA-KIRC","2693e892-e285-4d51-b84a-7498437b6956","TCGA-CJ-4643-01A-02R-1325-07","TCGA-CJ-4643","Primary Tumor","MS4A1","ENSG00000156738.18",2.0292,"OK"
"TCGA-KIRC","2693e892-e285-4d51-b84a-7498437b6956","TCGA-CJ-4643-01A-02R-1325-07","TCGA-CJ-4643","Primary Tumor","CD79A","ENSG00000105369.10",3.2008,"OK"
"TCGA-KIRC","2693e892-e285-4d51-b84a-7498437b6956","TCGA-CJ-4643-01A-02R-1325-07","TCGA-CJ-4643","Primary Tumor","NKG7","ENSG00000105374.10",59.6183,"OK"
"TCGA-KIRC","2693e892-e285-4d51-b84a-7498437b6956","TCGA-CJ-4643-01A-02R-1325-07","TCGA-CJ-4643","Primary Tumor","LST1","ENSG00000204482.11",27.8964,"OK"
"TCGA-KIRC","2693e892-e285-4d51-b84a-7498437b6956","TCGA-CJ-4643-01A-02R-1325-07","TCGA-CJ-4643","Primary Tumor","TYROBP","ENSG00000011600.12",276.3429,"OK"
"TCGA-KIRC","2693e892-e285-4d51-b84a-7498437b6956","TCGA-CJ-4643-01A-02R-1325-07","TCGA-CJ-4643","Primary Tumor","FCER1G","ENSG00000158869.11",163.9972,"OK"
"TCGA-KIRC","2693e892-e285-4d51-b84a-7498437b6956","TCGA-CJ-4643-01A-02R-1325-07","TCGA-CJ-4643","Primary Tumor","CD68","ENSG00000129226.14",0.1657,"OK"
"TCGA-KIRC","16349fe9-a2c9-4577-8b34-6761dd22ee61","TCGA-A3-3382-01A-02R-1325-07","TCGA-A3-3382","Primary Tumor","PTPRC","ENSG00000081237.20",50.8295,"OK"
"TCGA-KIRC","16349fe9-a2c9-4577-8b34-6761dd22ee61","TCGA-A3-3382-01A-02R-1325-07","TCGA-A3-3382","Primary Tumor","CD3D","ENSG00000167286.10",41.6272,"OK"
"TCGA-KIRC","16349fe9-a2c9-4577-8b34-6761dd22ee61","TCGA-A3-3382-01A-02R-1325-07","TCGA-A3-3382","Primary Tumor","CD3E","ENSG00000198851.10",42.6476,"OK"
"TCGA-KIRC","16349fe9-a2c9-4577-8b34-6761dd22ee61","TCGA-A3-3382-01A-02R-1325-07","TCGA-A3-3382","Primary Tumor","MS4A1","ENSG00000156738.18",1.359,"OK"
"TCGA-KIRC","16349fe9-a2c9-4577-8b34-6761dd22ee61","TCGA-A3-3382-01A-02R-1325-07","TCGA-A3-3382","Primary Tumor","CD79A","ENSG00000105369.10",1.31,"OK"
"TCGA-KIRC","16349fe9-a2c9-4577-8b34-6761dd22ee61","TCGA-A3-3382-01A-02R-1325-07","TCGA-A3-3382","Primary Tumor","NKG7","ENSG00000105374.10",88.0224,"OK"
"TCGA-KIRC","16349fe9-a2c9-4577-8b34-6761dd22ee61","TCGA-A3-3382-01A-02R-1325-07","TCGA-A3-3382","Primary Tumor","LST1","ENSG00000204482.11",13.1919,"OK"
"TCGA-KIRC","16349fe9-a2c9-4577-8b34-6761dd22ee61","TCGA-A3-3382-01A-02R-1325-07","TCGA-A3-3382","Primary Tumor","TYROBP","ENSG00000011600.12",221.9085,"OK"
"TCGA-KIRC","16349fe9-a2c9-4577-8b34-6761dd22ee61","TCGA-A3-3382-01A-02R-1325-07","TCGA-A3-3382","Primary Tumor","FCER1G","ENSG00000158869.11",149.2643,"OK"
"TCGA-KIRC","16349fe9-a2c9-4577-8b34-6761dd22ee61","TCGA-A3-3382-01A-02R-1325-07","TCGA-A3-3382","Primary Tumor","CD68","ENSG00000129226.14",0.222,"OK"
"TCGA-KIRC","61e2977f-ac86-4a5a-819d-3fba1af9253a","TCGA-B0-5703-11A-01R-1541-07","TCGA-B0-5703","Solid Tissue Normal","PTPRC","ENSG00000081237.20",4.2257,"OK"
"TCGA-KIRC","61e2977f-ac86-4a5a-819d-3fba1af9253a","TCGA-B0-5703-11A-01R-1541-07","TCGA-B0-5703","Solid Tissue Normal","CD3D","ENSG00000167286.10",6.0295,"OK"
"TCGA-KIRC","61e2977f-ac86-4a5a-819d-3fba1af9253a","TCGA-B0-5703-11A-01R-1541-07","TCGA-B0-5703","Solid Tissue Normal","CD3E","ENSG00000198851.10",4.4512,"OK"
"TCGA-KIRC","61e2977f-ac86-4a5a-819d-3fba1af9253a","TCGA-B0-5703-11A-01R-1541-07","TCGA-B0-5703","Solid Tissue Normal","MS4A1","ENSG00000156738.18",0.4349,"OK"
"TCGA-KIRC","61e2977f-ac86-4a5a-819d-3fba1af9253a","TCGA-B0-5703-11A-01R-1541-07","TCGA-B0-5703","Solid Tissue Normal","CD79A","ENSG00000105369.10",2.2697,"OK"
"TCGA-KIRC","61e2977f-ac86-4a5a-819d-3fba1af9253a","TCGA-B0-5703-11A-01R-1541-07","TCGA-B0-5703","Solid Tissue Normal","NKG7","ENSG00000105374.10",10.2014,"OK"
"TCGA-KIRC","61e2977f-ac86-4a5a-819d-3fba1af9253a","TCGA-B0-5703-11A-01R-1541-07","TCGA-B0-5703","Solid Tissue Normal","LST1","ENSG00000204482.11",6.7937,"OK"
"TCGA-KIRC","61e2977f-ac86-4a5a-819d-3fba1af9253a","TCGA-B0-5703-11A-01R-1541-07","TCGA-B0-5703","Solid Tissue Normal","TYROBP","ENSG00000011600.12",37.7357,"OK"
"TCGA-KIRC","61e2977f-ac86-4a5a-819d-3fba1af9253a","TCGA-B0-5703-11A-01R-1541-07","TCGA-B0-5703","Solid Tissue Normal","FCER1G","ENSG00000158869.11",15.6954,"OK"
"TCGA-KIRC","61e2977f-ac86-4a5a-819d-3fba1af9253a","TCGA-B0-5703-11A-01R-1541-07","TCGA-B0-5703","Solid Tissue Normal","CD68","ENSG00000129226.14",0.0282,"OK"
"TCGA-KIRC","8c4bd061-8371-4313-bfdc-1b2213daea12","TCGA-B8-5165-01A-01R-1420-07","TCGA-B8-5165","Primary Tumor","PTPRC","ENSG00000081237.20",33.4314,"OK"
"TCGA-KIRC","8c4bd061-8371-4313-bfdc-1b2213daea12","TCGA-B8-5165-01A-01R-1420-07","TCGA-B8-5165","Primary Tumor","CD3D","ENSG00000167286.10",19.9964,"OK"
"TCGA-KIRC","8c4bd061-8371-4313-bfdc-1b2213daea12","TCGA-B8-5165-01A-01R-1420-07","TCGA-B8-5165","Primary Tumor","CD3E","ENSG00000198851.10",24.1749,"OK"
"TCGA-KIRC","8c4bd061-8371-4313-bfdc-1b2213daea12","TCGA-B8-5165-01A-01R-1420-07","TCGA-B8-5165","Primary Tumor","MS4A1","ENSG00000156738.18",1.568,"OK"
"TCGA-KIRC","8c4bd061-8371-4313-bfdc-1b2213daea12","TCGA-B8-5165-01A-01R-1420-07","TCGA-B8-5165","Primary Tumor","CD79A","ENSG00000105369.10",7.6276,"OK"
"TCGA-KIRC","8c4bd061-8371-4313-bfdc-1b2213daea12","TCGA-B8-5165-01A-01R-1420-07","TCGA-B8-5165","Primary Tumor","NKG7","ENSG00000105374.10",41.911,"OK"
"TCGA-KIRC","8c4bd061-8371-4313-bfdc-1b2213daea12","TCGA-B8-5165-01A-01R-1420-07","TCGA-B8-5165","Primary Tumor","LST1","ENSG00000204482.11",13.2765,"OK"
"TCGA-KIRC","8c4bd061-8371-4313-bfdc-1b2213daea12","TCGA-B8-5165-01A-01R-1420-07","TCGA-B8-5165","Primary Tumor","TYROBP","ENSG00000011600.12",155.9881,"OK"
"TCGA-KIRC","8c4bd061-8371-4313-bfdc-1b2213daea12","TCGA-B8-5165-01A-01R-1420-07","TCGA-B8-5165","Primary Tumor","FCER1G","ENSG00000158869.11",106.2891,"OK"
"TCGA-KIRC","8c4bd061-8371-4313-bfdc-1b2213daea12","TCGA-B8-5165-01A-01R-1420-07","TCGA-B8-5165","Primary Tumor","CD68","ENSG00000129226.14",0.0242,"OK"
"TCGA-KIRC","160f9fb3-e1e0-4f32-ab86-9555e838a0a0","TCGA-CJ-4888-01A-01R-1305-07","TCGA-CJ-4888","Primary Tumor","PTPRC","ENSG00000081237.20",68.7189,"OK"
"TCGA-KIRC","160f9fb3-e1e0-4f32-ab86-9555e838a0a0","TCGA-CJ-4888-01A-01R-1305-07","TCGA-CJ-4888","Primary Tumor","CD3D","ENSG00000167286.10",118.127,"OK"
"TCGA-KIRC","160f9fb3-e1e0-4f32-ab86-9555e838a0a0","TCGA-CJ-4888-01A-01R-1305-07","TCGA-CJ-4888","Primary Tumor","CD3E","ENSG00000198851.10",103.2285,"OK"
"TCGA-KIRC","160f9fb3-e1e0-4f32-ab86-9555e838a0a0","TCGA-CJ-4888-01A-01R-1305-07","TCGA-CJ-4888","Primary Tumor","MS4A1","ENSG00000156738.18",1.6918,"OK"
"TCGA-KIRC","160f9fb3-e1e0-4f32-ab86-9555e838a0a0","TCGA-CJ-4888-01A-01R-1305-07","TCGA-CJ-4888","Primary Tumor","CD79A","ENSG00000105369.10",50.0887,"OK"
"TCGA-KIRC","160f9fb3-e1e0-4f32-ab86-9555e838a0a0","TCGA-CJ-4888-01A-01R-1305-07","TCGA-CJ-4888","Primary Tumor","NKG7","ENSG00000105374.10",285.9715,"OK"
"TCGA-KIRC","160f9fb3-e1e0-4f32-ab86-9555e838a0a0","TCGA-CJ-4888-01A-01R-1305-07","TCGA-CJ-4888","Primary Tumor","LST1","ENSG00000204482.11",32.8998,"OK"
"TCGA-KIRC","160f9fb3-e1e0-4f32-ab86-9555e838a0a0","TCGA-CJ-4888-01A-01R-1305-07","TCGA-CJ-4888","Primary Tumor","TYROBP","ENSG00000011600.12",532.4053,"OK"
"TCGA-KIRC","160f9fb3-e1e0-4f32-ab86-9555e838a0a0","TCGA-CJ-4888-01A-01R-1305-07","TCGA-CJ-4888","Primary Tumor","FCER1G","ENSG00000158869.11",299.4388,"OK"
"TCGA-KIRC","160f9fb3-e1e0-4f32-ab86-9555e838a0a0","TCGA-CJ-4888-01A-01R-1305-07","TCGA-CJ-4888","Primary Tumor","CD68","ENSG00000129226.14",0.1276,"OK"
"TCGA-KIRC","6ae1ed76-5b6f-41a6-917b-cc713f874a03","TCGA-CZ-5469-01A-01R-1503-07","TCGA-CZ-5469","Primary Tumor","PTPRC","ENSG00000081237.20",4.6635,"OK"
"TCGA-KIRC","6ae1ed76-5b6f-41a6-917b-cc713f874a03","TCGA-CZ-5469-01A-01R-1503-07","TCGA-CZ-5469","Primary Tumor","CD3D","ENSG00000167286.10",18.5329,"OK"
"TCGA-KIRC","6ae1ed76-5b6f-41a6-917b-cc713f874a03","TCGA-CZ-5469-01A-01R-1503-07","TCGA-CZ-5469","Primary Tumor","CD3E","ENSG00000198851.10",11.0265,"OK"
"TCGA-KIRC","6ae1ed76-5b6f-41a6-917b-cc713f874a03","TCGA-CZ-5469-01A-01R-1503-07","TCGA-CZ-5469","Primary Tumor","MS4A1","ENSG00000156738.18",0.3018,"OK"
"TCGA-KIRC","6ae1ed76-5b6f-41a6-917b-cc713f874a03","TCGA-CZ-5469-01A-01R-1503-07","TCGA-CZ-5469","Primary Tumor","CD79A","ENSG00000105369.10",3.5704,"OK"
"TCGA-KIRC","6ae1ed76-5b6f-41a6-917b-cc713f874a03","TCGA-CZ-5469-01A-01R-1503-07","TCGA-CZ-5469","Primary Tumor","NKG7","ENSG00000105374.10",30.4275,"OK"
"TCGA-KIRC","6ae1ed76-5b6f-41a6-917b-cc713f874a03","TCGA-CZ-5469-01A-01R-1503-07","TCGA-CZ-5469","Primary Tumor","LST1","ENSG00000204482.11",19.3332,"OK"
"TCGA-KIRC","6ae1ed76-5b6f-41a6-917b-cc713f874a03","TCGA-CZ-5469-01A-01R-1503-07","TCGA-CZ-5469","Primary Tumor","TYROBP","ENSG00000011600.12",295.0047,"OK"
"TCGA-KIRC","6ae1ed76-5b6f-41a6-917b-cc713f874a03","TCGA-CZ-5469-01A-01R-1503-07","TCGA-CZ-5469","Primary Tumor","FCER1G","ENSG00000158869.11",168.8466,"OK"
"TCGA-KIRC","6ae1ed76-5b6f-41a6-917b-cc713f874a03","TCGA-CZ-5469-01A-01R-1503-07","TCGA-CZ-5469","Primary Tumor","CD68","ENSG00000129226.14",0.0887,"OK"
"TCGA-KIRC","de6772b8-dd18-4584-880e-b4080e2e0f8d","TCGA-CZ-4866-01A-01R-1503-07","TCGA-CZ-4866","Primary Tumor","PTPRC","ENSG00000081237.20",27.2983,"OK"
"TCGA-KIRC","de6772b8-dd18-4584-880e-b4080e2e0f8d","TCGA-CZ-4866-01A-01R-1503-07","TCGA-CZ-4866","Primary Tumor","CD3D","ENSG00000167286.10",12.287,"OK"
"TCGA-KIRC","de6772b8-dd18-4584-880e-b4080e2e0f8d","TCGA-CZ-4866-01A-01R-1503-07","TCGA-CZ-4866","Primary Tumor","CD3E","ENSG00000198851.10",8.1204,"OK"
"TCGA-KIRC","de6772b8-dd18-4584-880e-b4080e2e0f8d","TCGA-CZ-4866-01A-01R-1503-07","TCGA-CZ-4866","Primary Tumor","MS4A1","ENSG00000156738.18",0.3361,"OK"
"TCGA-KIRC","de6772b8-dd18-4584-880e-b4080e2e0f8d","TCGA-CZ-4866-01A-01R-1503-07","TCGA-CZ-4866","Primary Tumor","CD79A","ENSG00000105369.10",2.7918,"OK"
"TCGA-KIRC","de6772b8-dd18-4584-880e-b4080e2e0f8d","TCGA-CZ-4866-01A-01R-1503-07","TCGA-CZ-4866","Primary Tumor","NKG7","ENSG00000105374.10",15.4443,"OK"
"TCGA-KIRC","de6772b8-dd18-4584-880e-b4080e2e0f8d","TCGA-CZ-4866-01A-01R-1503-07","TCGA-CZ-4866","Primary Tumor","LST1","ENSG00000204482.11",17.6162,"OK"
"TCGA-KIRC","de6772b8-dd18-4584-880e-b4080e2e0f8d","TCGA-CZ-4866-01A-01R-1503-07","TCGA-CZ-4866","Primary Tumor","TYROBP","ENSG00000011600.12",298.9118,"OK"
"TCGA-KIRC","de6772b8-dd18-4584-880e-b4080e2e0f8d","TCGA-CZ-4866-01A-01R-1503-07","TCGA-CZ-4866","Primary Tumor","FCER1G","ENSG00000158869.11",169.8465,"OK"
"TCGA-KIRC","de6772b8-dd18-4584-880e-b4080e2e0f8d","TCGA-CZ-4866-01A-01R-1503-07","TCGA-CZ-4866","Primary Tumor","CD68","ENSG00000129226.14",0.1262,"OK"
"TCGA-KIRC","83395208-40ec-4a57-a3ea-5f9dd8491998","TCGA-CW-6088-11A-01R-1672-07","TCGA-CW-6088","Solid Tissue Normal","PTPRC","ENSG00000081237.20",1.9203,"OK"
"TCGA-KIRC","83395208-40ec-4a57-a3ea-5f9dd8491998","TCGA-CW-6088-11A-01R-1672-07","TCGA-CW-6088","Solid Tissue Normal","CD3D","ENSG00000167286.10",0.863,"OK"
"TCGA-KIRC","83395208-40ec-4a57-a3ea-5f9dd8491998","TCGA-CW-6088-11A-01R-1672-07","TCGA-CW-6088","Solid Tissue Normal","CD3E","ENSG00000198851.10",0.6313,"OK"
"TCGA-KIRC","83395208-40ec-4a57-a3ea-5f9dd8491998","TCGA-CW-6088-11A-01R-1672-07","TCGA-CW-6088","Solid Tissue Normal","MS4A1","ENSG00000156738.18",0.0082,"OK"
"TCGA-KIRC","83395208-40ec-4a57-a3ea-5f9dd8491998","TCGA-CW-6088-11A-01R-1672-07","TCGA-CW-6088","Solid Tissue Normal","CD79A","ENSG00000105369.10",0.1452,"OK"
"TCGA-KIRC","83395208-40ec-4a57-a3ea-5f9dd8491998","TCGA-CW-6088-11A-01R-1672-07","TCGA-CW-6088","Solid Tissue Normal","NKG7","ENSG00000105374.10",2.6279,"OK"
"TCGA-KIRC","83395208-40ec-4a57-a3ea-5f9dd8491998","TCGA-CW-6088-11A-01R-1672-07","TCGA-CW-6088","Solid Tissue Normal","LST1","ENSG00000204482.11",1.198,"OK"
"TCGA-KIRC","83395208-40ec-4a57-a3ea-5f9dd8491998","TCGA-CW-6088-11A-01R-1672-07","TCGA-CW-6088","Solid Tissue Normal","TYROBP","ENSG00000011600.12",11.2763,"OK"
"TCGA-KIRC","83395208-40ec-4a57-a3ea-5f9dd8491998","TCGA-CW-6088-11A-01R-1672-07","TCGA-CW-6088","Solid Tissue Normal","FCER1G","ENSG00000158869.11",8.6253,"OK"
"TCGA-KIRC","83395208-40ec-4a57-a3ea-5f9dd8491998","TCGA-CW-6088-11A-01R-1672-07","TCGA-CW-6088","Solid Tissue Normal","CD68","ENSG00000129226.14",0.018,"OK"
"TCGA-KIRC","61894bd0-9fdb-4bb1-b32c-f52dbc10c850","TCGA-B2-5633-01A-01R-1541-07","TCGA-B2-5633","Primary Tumor","PTPRC","ENSG00000081237.20",53.7826,"OK"
"TCGA-KIRC","61894bd0-9fdb-4bb1-b32c-f52dbc10c850","TCGA-B2-5633-01A-01R-1541-07","TCGA-B2-5633","Primary Tumor","CD3D","ENSG00000167286.10",38.9182,"OK"
"TCGA-KIRC","61894bd0-9fdb-4bb1-b32c-f52dbc10c850","TCGA-B2-5633-01A-01R-1541-07","TCGA-B2-5633","Primary Tumor","CD3E","ENSG00000198851.10",37.4259,"OK"
"TCGA-KIRC","61894bd0-9fdb-4bb1-b32c-f52dbc10c850","TCGA-B2-5633-01A-01R-1541-07","TCGA-B2-5633","Primary Tumor","MS4A1","ENSG00000156738.18",1.1163,"OK"
"TCGA-KIRC","61894bd0-9fdb-4bb1-b32c-f52dbc10c850","TCGA-B2-5633-01A-01R-1541-07","TCGA-B2-5633","Primary Tumor","CD79A","ENSG00000105369.10",6.011,"OK"
"TCGA-KIRC","61894bd0-9fdb-4bb1-b32c-f52dbc10c850","TCGA-B2-5633-01A-01R-1541-07","TCGA-B2-5633","Primary Tumor","NKG7","ENSG00000105374.10",67.7815,"OK"
"TCGA-KIRC","61894bd0-9fdb-4bb1-b32c-f52dbc10c850","TCGA-B2-5633-01A-01R-1541-07","TCGA-B2-5633","Primary Tumor","LST1","ENSG00000204482.11",27.9316,"OK"
"TCGA-KIRC","61894bd0-9fdb-4bb1-b32c-f52dbc10c850","TCGA-B2-5633-01A-01R-1541-07","TCGA-B2-5633","Primary Tumor","TYROBP","ENSG00000011600.12",385.7388,"OK"
"TCGA-KIRC","61894bd0-9fdb-4bb1-b32c-f52dbc10c850","TCGA-B2-5633-01A-01R-1541-07","TCGA-B2-5633","Primary Tumor","FCER1G","ENSG00000158869.11",212.6539,"OK"
"TCGA-KIRC","61894bd0-9fdb-4bb1-b32c-f52dbc10c850","TCGA-B2-5633-01A-01R-1541-07","TCGA-B2-5633","Primary Tumor","CD68","ENSG00000129226.14",0.1698,"OK"
"TCGA-KIRC","1fbf38d0-bc11-4d81-81a3-2a558afa4db5","TCGA-CZ-4862-01A-01R-1305-07","TCGA-CZ-4862","Primary Tumor","PTPRC","ENSG00000081237.20",146.2993,"OK"
"TCGA-KIRC","1fbf38d0-bc11-4d81-81a3-2a558afa4db5","TCGA-CZ-4862-01A-01R-1305-07","TCGA-CZ-4862","Primary Tumor","CD3D","ENSG00000167286.10",148.3985,"OK"
"TCGA-KIRC","1fbf38d0-bc11-4d81-81a3-2a558afa4db5","TCGA-CZ-4862-01A-01R-1305-07","TCGA-CZ-4862","Primary Tumor","CD3E","ENSG00000198851.10",118.6709,"OK"
"TCGA-KIRC","1fbf38d0-bc11-4d81-81a3-2a558afa4db5","TCGA-CZ-4862-01A-01R-1305-07","TCGA-CZ-4862","Primary Tumor","MS4A1","ENSG00000156738.18",3.672,"OK"
"TCGA-KIRC","1fbf38d0-bc11-4d81-81a3-2a558afa4db5","TCGA-CZ-4862-01A-01R-1305-07","TCGA-CZ-4862","Primary Tumor","CD79A","ENSG00000105369.10",10.6386,"OK"
"TCGA-KIRC","1fbf38d0-bc11-4d81-81a3-2a558afa4db5","TCGA-CZ-4862-01A-01R-1305-07","TCGA-CZ-4862","Primary Tumor","NKG7","ENSG00000105374.10",273.236,"OK"
"TCGA-KIRC","1fbf38d0-bc11-4d81-81a3-2a558afa4db5","TCGA-CZ-4862-01A-01R-1305-07","TCGA-CZ-4862","Primary Tumor","LST1","ENSG00000204482.11",45.5246,"OK"
"TCGA-KIRC","1fbf38d0-bc11-4d81-81a3-2a558afa4db5","TCGA-CZ-4862-01A-01R-1305-07","TCGA-CZ-4862","Primary Tumor","TYROBP","ENSG00000011600.12",379.7252,"OK"
"TCGA-KIRC","1fbf38d0-bc11-4d81-81a3-2a558afa4db5","TCGA-CZ-4862-01A-01R-1305-07","TCGA-CZ-4862","Primary Tumor","FCER1G","ENSG00000158869.11",247.5137,"OK"
"TCGA-KIRC","1fbf38d0-bc11-4d81-81a3-2a558afa4db5","TCGA-CZ-4862-01A-01R-1305-07","TCGA-CZ-4862","Primary Tumor","CD68","ENSG00000129226.14",0.1653,"OK"
"TCGA-KIRC","1d4c5088-5f7a-4ac9-8a04-46288af80215","TCGA-BP-5169-01A-01R-1426-07","TCGA-BP-5169","Primary Tumor","PTPRC","ENSG00000081237.20",6.2766,"OK"
"TCGA-KIRC","1d4c5088-5f7a-4ac9-8a04-46288af80215","TCGA-BP-5169-01A-01R-1426-07","TCGA-BP-5169","Primary Tumor","CD3D","ENSG00000167286.10",28.6341,"OK"
"TCGA-KIRC","1d4c5088-5f7a-4ac9-8a04-46288af80215","TCGA-BP-5169-01A-01R-1426-07","TCGA-BP-5169","Primary Tumor","CD3E","ENSG00000198851.10",29.9597,"OK"
"TCGA-KIRC","1d4c5088-5f7a-4ac9-8a04-46288af80215","TCGA-BP-5169-01A-01R-1426-07","TCGA-BP-5169","Primary Tumor","MS4A1","ENSG00000156738.18",3.0393,"OK"
"TCGA-KIRC","1d4c5088-5f7a-4ac9-8a04-46288af80215","TCGA-BP-5169-01A-01R-1426-07","TCGA-BP-5169","Primary Tumor","CD79A","ENSG00000105369.10",209.7548,"OK"
"TCGA-KIRC","1d4c5088-5f7a-4ac9-8a04-46288af80215","TCGA-BP-5169-01A-01R-1426-07","TCGA-BP-5169","Primary Tumor","NKG7","ENSG00000105374.10",33.7466,"OK"
"TCGA-KIRC","1d4c5088-5f7a-4ac9-8a04-46288af80215","TCGA-BP-5169-01A-01R-1426-07","TCGA-BP-5169","Primary Tumor","LST1","ENSG00000204482.11",10.9159,"OK"
"TCGA-KIRC","1d4c5088-5f7a-4ac9-8a04-46288af80215","TCGA-BP-5169-01A-01R-1426-07","TCGA-BP-5169","Primary Tumor","TYROBP","ENSG00000011600.12",189.9494,"OK"
"TCGA-KIRC","1d4c5088-5f7a-4ac9-8a04-46288af80215","TCGA-BP-5169-01A-01R-1426-07","TCGA-BP-5169","Primary Tumor","FCER1G","ENSG00000158869.11",78.6204,"OK"
"TCGA-KIRC","1d4c5088-5f7a-4ac9-8a04-46288af80215","TCGA-BP-5169-01A-01R-1426-07","TCGA-BP-5169","Primary Tumor","CD68","ENSG00000129226.14",0.1492,"OK"
"TCGA-KIRC","07b09d0e-fac2-42a7-9cac-ac1e38a92298","TCGA-DV-A4W0-01A-11R-A266-07","TCGA-DV-A4W0","Primary Tumor","PTPRC","ENSG00000081237.20",13.0521,"OK"
"TCGA-KIRC","07b09d0e-fac2-42a7-9cac-ac1e38a92298","TCGA-DV-A4W0-01A-11R-A266-07","TCGA-DV-A4W0","Primary Tumor","CD3D","ENSG00000167286.10",8.7162,"OK"
"TCGA-KIRC","07b09d0e-fac2-42a7-9cac-ac1e38a92298","TCGA-DV-A4W0-01A-11R-A266-07","TCGA-DV-A4W0","Primary Tumor","CD3E","ENSG00000198851.10",6.6602,"OK"
"TCGA-KIRC","07b09d0e-fac2-42a7-9cac-ac1e38a92298","TCGA-DV-A4W0-01A-11R-A266-07","TCGA-DV-A4W0","Primary Tumor","MS4A1","ENSG00000156738.18",0.71,"OK"
"TCGA-KIRC","07b09d0e-fac2-42a7-9cac-ac1e38a92298","TCGA-DV-A4W0-01A-11R-A266-07","TCGA-DV-A4W0","Primary Tumor","CD79A","ENSG00000105369.10",2.8873,"OK"
"TCGA-KIRC","07b09d0e-fac2-42a7-9cac-ac1e38a92298","TCGA-DV-A4W0-01A-11R-A266-07","TCGA-DV-A4W0","Primary Tumor","NKG7","ENSG00000105374.10",36.3885,"OK"
"TCGA-KIRC","07b09d0e-fac2-42a7-9cac-ac1e38a92298","TCGA-DV-A4W0-01A-11R-A266-07","TCGA-DV-A4W0","Primary Tumor","LST1","ENSG00000204482.11",11.5376,"OK"
"TCGA-KIRC","07b09d0e-fac2-42a7-9cac-ac1e38a92298","TCGA-DV-A4W0-01A-11R-A266-07","TCGA-DV-A4W0","Primary Tumor","TYROBP","ENSG00000011600.12",168.8039,"OK"
"TCGA-KIRC","07b09d0e-fac2-42a7-9cac-ac1e38a92298","TCGA-DV-A4W0-01A-11R-A266-07","TCGA-DV-A4W0","Primary Tumor","FCER1G","ENSG00000158869.11",98.5872,"OK"
"TCGA-KIRC","07b09d0e-fac2-42a7-9cac-ac1e38a92298","TCGA-DV-A4W0-01A-11R-A266-07","TCGA-DV-A4W0","Primary Tumor","CD68","ENSG00000129226.14",0.4567,"OK"
"TCGA-KIRC","ceaf66d6-7fcf-47d6-ae3f-99323057c910","TCGA-CZ-5465-01A-01R-1503-07","TCGA-CZ-5465","Primary Tumor","PTPRC","ENSG00000081237.20",14.9713,"OK"
"TCGA-KIRC","ceaf66d6-7fcf-47d6-ae3f-99323057c910","TCGA-CZ-5465-01A-01R-1503-07","TCGA-CZ-5465","Primary Tumor","CD3D","ENSG00000167286.10",9.1694,"OK"
"TCGA-KIRC","ceaf66d6-7fcf-47d6-ae3f-99323057c910","TCGA-CZ-5465-01A-01R-1503-07","TCGA-CZ-5465","Primary Tumor","CD3E","ENSG00000198851.10",8.9237,"OK"
"TCGA-KIRC","ceaf66d6-7fcf-47d6-ae3f-99323057c910","TCGA-CZ-5465-01A-01R-1503-07","TCGA-CZ-5465","Primary Tumor","MS4A1","ENSG00000156738.18",0.2659,"OK"
"TCGA-KIRC","ceaf66d6-7fcf-47d6-ae3f-99323057c910","TCGA-CZ-5465-01A-01R-1503-07","TCGA-CZ-5465","Primary Tumor","CD79A","ENSG00000105369.10",1.9709,"OK"
"TCGA-KIRC","ceaf66d6-7fcf-47d6-ae3f-99323057c910","TCGA-CZ-5465-01A-01R-1503-07","TCGA-CZ-5465","Primary Tumor","NKG7","ENSG00000105374.10",19.4035,"OK"
"TCGA-KIRC","ceaf66d6-7fcf-47d6-ae3f-99323057c910","TCGA-CZ-5465-01A-01R-1503-07","TCGA-CZ-5465","Primary Tumor","LST1","ENSG00000204482.11",12.2507,"OK"
"TCGA-KIRC","ceaf66d6-7fcf-47d6-ae3f-99323057c910","TCGA-CZ-5465-01A-01R-1503-07","TCGA-CZ-5465","Primary Tumor","TYROBP","ENSG00000011600.12",141.3765,"OK"
"TCGA-KIRC","ceaf66d6-7fcf-47d6-ae3f-99323057c910","TCGA-CZ-5465-01A-01R-1503-07","TCGA-CZ-5465","Primary Tumor","FCER1G","ENSG00000158869.11",100.6239,"OK"
"TCGA-KIRC","ceaf66d6-7fcf-47d6-ae3f-99323057c910","TCGA-CZ-5465-01A-01R-1503-07","TCGA-CZ-5465","Primary Tumor","CD68","ENSG00000129226.14",0.0345,"OK"
"TCGA-KIRC","7bb02e2f-67db-4527-959a-4f38da4edd7a","TCGA-CZ-5454-01A-01R-1503-07","TCGA-CZ-5454","Primary Tumor","PTPRC","ENSG00000081237.20",42.674,"OK"
"TCGA-KIRC","7bb02e2f-67db-4527-959a-4f38da4edd7a","TCGA-CZ-5454-01A-01R-1503-07","TCGA-CZ-5454","Primary Tumor","CD3D","ENSG00000167286.10",29.9584,"OK"
"TCGA-KIRC","7bb02e2f-67db-4527-959a-4f38da4edd7a","TCGA-CZ-5454-01A-01R-1503-07","TCGA-CZ-5454","Primary Tumor","CD3E","ENSG00000198851.10",25.9503,"OK"
"TCGA-KIRC","7bb02e2f-67db-4527-959a-4f38da4edd7a","TCGA-CZ-5454-01A-01R-1503-07","TCGA-CZ-5454","Primary Tumor","MS4A1","ENSG00000156738.18",0.3685,"OK"
"TCGA-KIRC","7bb02e2f-67db-4527-959a-4f38da4edd7a","TCGA-CZ-5454-01A-01R-1503-07","TCGA-CZ-5454","Primary Tumor","CD79A","ENSG00000105369.10",1.0853,"OK"
"TCGA-KIRC","7bb02e2f-67db-4527-959a-4f38da4edd7a","TCGA-CZ-5454-01A-01R-1503-07","TCGA-CZ-5454","Primary Tumor","NKG7","ENSG00000105374.10",54.4545,"OK"
"TCGA-KIRC","7bb02e2f-67db-4527-959a-4f38da4edd7a","TCGA-CZ-5454-01A-01R-1503-07","TCGA-CZ-5454","Primary Tumor","LST1","ENSG00000204482.11",35.0548,"OK"
"TCGA-KIRC","7bb02e2f-67db-4527-959a-4f38da4edd7a","TCGA-CZ-5454-01A-01R-1503-07","TCGA-CZ-5454","Primary Tumor","TYROBP","ENSG00000011600.12",740.4838,"OK"
"TCGA-KIRC","7bb02e2f-67db-4527-959a-4f38da4edd7a","TCGA-CZ-5454-01A-01R-1503-07","TCGA-CZ-5454","Primary Tumor","FCER1G","ENSG00000158869.11",459.5396,"OK"
"TCGA-KIRC","7bb02e2f-67db-4527-959a-4f38da4edd7a","TCGA-CZ-5454-01A-01R-1503-07","TCGA-CZ-5454","Primary Tumor","CD68","ENSG00000129226.14",0.2075,"OK"
"TCGA-KIRC","eeb522fe-ab63-4e1f-b2cf-de74af6b64f2","TCGA-BP-4960-01A-01R-1334-07","TCGA-BP-4960","Primary Tumor","PTPRC","ENSG00000081237.20",10.8086,"OK"
"TCGA-KIRC","eeb522fe-ab63-4e1f-b2cf-de74af6b64f2","TCGA-BP-4960-01A-01R-1334-07","TCGA-BP-4960","Primary Tumor","CD3D","ENSG00000167286.10",18.2407,"OK"
"TCGA-KIRC","eeb522fe-ab63-4e1f-b2cf-de74af6b64f2","TCGA-BP-4960-01A-01R-1334-07","TCGA-BP-4960","Primary Tumor","CD3E","ENSG00000198851.10",16.4942,"OK"
"TCGA-KIRC","eeb522fe-ab63-4e1f-b2cf-de74af6b64f2","TCGA-BP-4960-01A-01R-1334-07","TCGA-BP-4960","Primary Tumor","MS4A1","ENSG00000156738.18",1.2286,"OK"
"TCGA-KIRC","eeb522fe-ab63-4e1f-b2cf-de74af6b64f2","TCGA-BP-4960-01A-01R-1334-07","TCGA-BP-4960","Primary Tumor","CD79A","ENSG00000105369.10",12.8257,"OK"
"TCGA-KIRC","eeb522fe-ab63-4e1f-b2cf-de74af6b64f2","TCGA-BP-4960-01A-01R-1334-07","TCGA-BP-4960","Primary Tumor","NKG7","ENSG00000105374.10",41.3587,"OK"
"TCGA-KIRC","eeb522fe-ab63-4e1f-b2cf-de74af6b64f2","TCGA-BP-4960-01A-01R-1334-07","TCGA-BP-4960","Primary Tumor","LST1","ENSG00000204482.11",24.8305,"OK"
"TCGA-KIRC","eeb522fe-ab63-4e1f-b2cf-de74af6b64f2","TCGA-BP-4960-01A-01R-1334-07","TCGA-BP-4960","Primary Tumor","TYROBP","ENSG00000011600.12",251.6046,"OK"
"TCGA-KIRC","eeb522fe-ab63-4e1f-b2cf-de74af6b64f2","TCGA-BP-4960-01A-01R-1334-07","TCGA-BP-4960","Primary Tumor","FCER1G","ENSG00000158869.11",126.3345,"OK"
"TCGA-KIRC","eeb522fe-ab63-4e1f-b2cf-de74af6b64f2","TCGA-BP-4960-01A-01R-1334-07","TCGA-BP-4960","Primary Tumor","CD68","ENSG00000129226.14",0.3603,"OK"
"TCGA-KIRC","2b393323-81e3-49e2-9acd-18eb8ab0c563","TCGA-B2-3923-01A-02R-1325-07","TCGA-B2-3923","Primary Tumor","PTPRC","ENSG00000081237.20",8.252,"OK"
"TCGA-KIRC","2b393323-81e3-49e2-9acd-18eb8ab0c563","TCGA-B2-3923-01A-02R-1325-07","TCGA-B2-3923","Primary Tumor","CD3D","ENSG00000167286.10",1.6023,"OK"
"TCGA-KIRC","2b393323-81e3-49e2-9acd-18eb8ab0c563","TCGA-B2-3923-01A-02R-1325-07","TCGA-B2-3923","Primary Tumor","CD3E","ENSG00000198851.10",2.4096,"OK"
"TCGA-KIRC","2b393323-81e3-49e2-9acd-18eb8ab0c563","TCGA-B2-3923-01A-02R-1325-07","TCGA-B2-3923","Primary Tumor","MS4A1","ENSG00000156738.18",0.2066,"OK"
"TCGA-KIRC","2b393323-81e3-49e2-9acd-18eb8ab0c563","TCGA-B2-3923-01A-02R-1325-07","TCGA-B2-3923","Primary Tumor","CD79A","ENSG00000105369.10",4.3089,"OK"
"TCGA-KIRC","2b393323-81e3-49e2-9acd-18eb8ab0c563","TCGA-B2-3923-01A-02R-1325-07","TCGA-B2-3923","Primary Tumor","NKG7","ENSG00000105374.10",8.0939,"OK"
"TCGA-KIRC","2b393323-81e3-49e2-9acd-18eb8ab0c563","TCGA-B2-3923-01A-02R-1325-07","TCGA-B2-3923","Primary Tumor","LST1","ENSG00000204482.11",3.6462,"OK"
"TCGA-KIRC","2b393323-81e3-49e2-9acd-18eb8ab0c563","TCGA-B2-3923-01A-02R-1325-07","TCGA-B2-3923","Primary Tumor","TYROBP","ENSG00000011600.12",47.683,"OK"
"TCGA-KIRC","2b393323-81e3-49e2-9acd-18eb8ab0c563","TCGA-B2-3923-01A-02R-1325-07","TCGA-B2-3923","Primary Tumor","FCER1G","ENSG00000158869.11",39.2396,"OK"
"TCGA-KIRC","2b393323-81e3-49e2-9acd-18eb8ab0c563","TCGA-B2-3923-01A-02R-1325-07","TCGA-B2-3923","Primary Tumor","CD68","ENSG00000129226.14",0.0285,"OK"
"TCGA-KIRC","c68fded5-978b-4d7a-9077-89c2c6b35f47","TCGA-CW-5585-11A-01R-1541-07","TCGA-CW-5585","Solid Tissue Normal","PTPRC","ENSG00000081237.20",5.7364,"OK"
"TCGA-KIRC","c68fded5-978b-4d7a-9077-89c2c6b35f47","TCGA-CW-5585-11A-01R-1541-07","TCGA-CW-5585","Solid Tissue Normal","CD3D","ENSG00000167286.10",1.9375,"OK"
"TCGA-KIRC","c68fded5-978b-4d7a-9077-89c2c6b35f47","TCGA-CW-5585-11A-01R-1541-07","TCGA-CW-5585","Solid Tissue Normal","CD3E","ENSG00000198851.10",3.4984,"OK"
"TCGA-KIRC","c68fded5-978b-4d7a-9077-89c2c6b35f47","TCGA-CW-5585-11A-01R-1541-07","TCGA-CW-5585","Solid Tissue Normal","MS4A1","ENSG00000156738.18",0.7682,"OK"
"TCGA-KIRC","c68fded5-978b-4d7a-9077-89c2c6b35f47","TCGA-CW-5585-11A-01R-1541-07","TCGA-CW-5585","Solid Tissue Normal","CD79A","ENSG00000105369.10",2.8164,"OK"
"TCGA-KIRC","c68fded5-978b-4d7a-9077-89c2c6b35f47","TCGA-CW-5585-11A-01R-1541-07","TCGA-CW-5585","Solid Tissue Normal","NKG7","ENSG00000105374.10",7.4767,"OK"
"TCGA-KIRC","c68fded5-978b-4d7a-9077-89c2c6b35f47","TCGA-CW-5585-11A-01R-1541-07","TCGA-CW-5585","Solid Tissue Normal","LST1","ENSG00000204482.11",3.2484,"OK"
"TCGA-KIRC","c68fded5-978b-4d7a-9077-89c2c6b35f47","TCGA-CW-5585-11A-01R-1541-07","TCGA-CW-5585","Solid Tissue Normal","TYROBP","ENSG00000011600.12",38.6708,"OK"
"TCGA-KIRC","c68fded5-978b-4d7a-9077-89c2c6b35f47","TCGA-CW-5585-11A-01R-1541-07","TCGA-CW-5585","Solid Tissue Normal","FCER1G","ENSG00000158869.11",19.7169,"OK"
"TCGA-KIRC","c68fded5-978b-4d7a-9077-89c2c6b35f47","TCGA-CW-5585-11A-01R-1541-07","TCGA-CW-5585","Solid Tissue Normal","CD68","ENSG00000129226.14",0,"OK"
"TCGA-KIRC","d9735236-6587-4453-8c8d-2d39ca495cce","TCGA-B4-5835-01A-11R-1672-07","TCGA-B4-5835","Primary Tumor","PTPRC","ENSG00000081237.20",11.8431,"OK"
"TCGA-KIRC","d9735236-6587-4453-8c8d-2d39ca495cce","TCGA-B4-5835-01A-11R-1672-07","TCGA-B4-5835","Primary Tumor","CD3D","ENSG00000167286.10",19.0312,"OK"
"TCGA-KIRC","d9735236-6587-4453-8c8d-2d39ca495cce","TCGA-B4-5835-01A-11R-1672-07","TCGA-B4-5835","Primary Tumor","CD3E","ENSG00000198851.10",17.5306,"OK"
"TCGA-KIRC","d9735236-6587-4453-8c8d-2d39ca495cce","TCGA-B4-5835-01A-11R-1672-07","TCGA-B4-5835","Primary Tumor","MS4A1","ENSG00000156738.18",0.347,"OK"
"TCGA-KIRC","d9735236-6587-4453-8c8d-2d39ca495cce","TCGA-B4-5835-01A-11R-1672-07","TCGA-B4-5835","Primary Tumor","CD79A","ENSG00000105369.10",2.8552,"OK"
"TCGA-KIRC","d9735236-6587-4453-8c8d-2d39ca495cce","TCGA-B4-5835-01A-11R-1672-07","TCGA-B4-5835","Primary Tumor","NKG7","ENSG00000105374.10",27.3281,"OK"
"TCGA-KIRC","d9735236-6587-4453-8c8d-2d39ca495cce","TCGA-B4-5835-01A-11R-1672-07","TCGA-B4-5835","Primary Tumor","LST1","ENSG00000204482.11",21.9036,"OK"
"TCGA-KIRC","d9735236-6587-4453-8c8d-2d39ca495cce","TCGA-B4-5835-01A-11R-1672-07","TCGA-B4-5835","Primary Tumor","TYROBP","ENSG00000011600.12",290.4407,"OK"
"TCGA-KIRC","d9735236-6587-4453-8c8d-2d39ca495cce","TCGA-B4-5835-01A-11R-1672-07","TCGA-B4-5835","Primary Tumor","FCER1G","ENSG00000158869.11",125.55,"OK"
"TCGA-KIRC","d9735236-6587-4453-8c8d-2d39ca495cce","TCGA-B4-5835-01A-11R-1672-07","TCGA-B4-5835","Primary Tumor","CD68","ENSG00000129226.14",0.6262,"OK"
"TCGA-KIRC","304948c1-e699-44b0-814d-defc3a1119f3","TCGA-EU-5907-01A-11R-1672-07","TCGA-EU-5907","Primary Tumor","PTPRC","ENSG00000081237.20",15.6859,"OK"
"TCGA-KIRC","304948c1-e699-44b0-814d-defc3a1119f3","TCGA-EU-5907-01A-11R-1672-07","TCGA-EU-5907","Primary Tumor","CD3D","ENSG00000167286.10",9.0234,"OK"
"TCGA-KIRC","304948c1-e699-44b0-814d-defc3a1119f3","TCGA-EU-5907-01A-11R-1672-07","TCGA-EU-5907","Primary Tumor","CD3E","ENSG00000198851.10",6.3161,"OK"
"TCGA-KIRC","304948c1-e699-44b0-814d-defc3a1119f3","TCGA-EU-5907-01A-11R-1672-07","TCGA-EU-5907","Primary Tumor","MS4A1","ENSG00000156738.18",0.1897,"OK"
"TCGA-KIRC","304948c1-e699-44b0-814d-defc3a1119f3","TCGA-EU-5907-01A-11R-1672-07","TCGA-EU-5907","Primary Tumor","CD79A","ENSG00000105369.10",0.8231,"OK"
"TCGA-KIRC","304948c1-e699-44b0-814d-defc3a1119f3","TCGA-EU-5907-01A-11R-1672-07","TCGA-EU-5907","Primary Tumor","NKG7","ENSG00000105374.10",15.5052,"OK"
"TCGA-KIRC","304948c1-e699-44b0-814d-defc3a1119f3","TCGA-EU-5907-01A-11R-1672-07","TCGA-EU-5907","Primary Tumor","LST1","ENSG00000204482.11",6.9219,"OK"
"TCGA-KIRC","304948c1-e699-44b0-814d-defc3a1119f3","TCGA-EU-5907-01A-11R-1672-07","TCGA-EU-5907","Primary Tumor","TYROBP","ENSG00000011600.12",181.2837,"OK"
"TCGA-KIRC","304948c1-e699-44b0-814d-defc3a1119f3","TCGA-EU-5907-01A-11R-1672-07","TCGA-EU-5907","Primary Tumor","FCER1G","ENSG00000158869.11",106.1986,"OK"
"TCGA-KIRC","304948c1-e699-44b0-814d-defc3a1119f3","TCGA-EU-5907-01A-11R-1672-07","TCGA-EU-5907","Primary Tumor","CD68","ENSG00000129226.14",0.3719,"OK"
"TCGA-KIRC","d6ad13eb-3ed8-4b4a-ac50-37061cf8236a","TCGA-B0-4697-01A-01R-1277-07","TCGA-B0-4697","Primary Tumor","PTPRC","ENSG00000081237.20",25.3377,"OK"
"TCGA-KIRC","d6ad13eb-3ed8-4b4a-ac50-37061cf8236a","TCGA-B0-4697-01A-01R-1277-07","TCGA-B0-4697","Primary Tumor","CD3D","ENSG00000167286.10",102.1566,"OK"
"TCGA-KIRC","d6ad13eb-3ed8-4b4a-ac50-37061cf8236a","TCGA-B0-4697-01A-01R-1277-07","TCGA-B0-4697","Primary Tumor","CD3E","ENSG00000198851.10",77.3553,"OK"
"TCGA-KIRC","d6ad13eb-3ed8-4b4a-ac50-37061cf8236a","TCGA-B0-4697-01A-01R-1277-07","TCGA-B0-4697","Primary Tumor","MS4A1","ENSG00000156738.18",28.529,"OK"
"TCGA-KIRC","d6ad13eb-3ed8-4b4a-ac50-37061cf8236a","TCGA-B0-4697-01A-01R-1277-07","TCGA-B0-4697","Primary Tumor","CD79A","ENSG00000105369.10",274.6577,"OK"
"TCGA-KIRC","d6ad13eb-3ed8-4b4a-ac50-37061cf8236a","TCGA-B0-4697-01A-01R-1277-07","TCGA-B0-4697","Primary Tumor","NKG7","ENSG00000105374.10",231.5855,"OK"
"TCGA-KIRC","d6ad13eb-3ed8-4b4a-ac50-37061cf8236a","TCGA-B0-4697-01A-01R-1277-07","TCGA-B0-4697","Primary Tumor","LST1","ENSG00000204482.11",35.4402,"OK"
"TCGA-KIRC","d6ad13eb-3ed8-4b4a-ac50-37061cf8236a","TCGA-B0-4697-01A-01R-1277-07","TCGA-B0-4697","Primary Tumor","TYROBP","ENSG00000011600.12",331.8319,"OK"
"TCGA-KIRC","d6ad13eb-3ed8-4b4a-ac50-37061cf8236a","TCGA-B0-4697-01A-01R-1277-07","TCGA-B0-4697","Primary Tumor","FCER1G","ENSG00000158869.11",223.4461,"OK"
"TCGA-KIRC","d6ad13eb-3ed8-4b4a-ac50-37061cf8236a","TCGA-B0-4697-01A-01R-1277-07","TCGA-B0-4697","Primary Tumor","CD68","ENSG00000129226.14",0.1562,"OK"
"TCGA-KIRC","80bd1a2f-c729-40f3-b50f-8a3b766e0231","TCGA-B0-5696-11A-01R-1541-07","TCGA-B0-5696","Solid Tissue Normal","PTPRC","ENSG00000081237.20",5.7011,"OK"
"TCGA-KIRC","80bd1a2f-c729-40f3-b50f-8a3b766e0231","TCGA-B0-5696-11A-01R-1541-07","TCGA-B0-5696","Solid Tissue Normal","CD3D","ENSG00000167286.10",4.272,"OK"
"TCGA-KIRC","80bd1a2f-c729-40f3-b50f-8a3b766e0231","TCGA-B0-5696-11A-01R-1541-07","TCGA-B0-5696","Solid Tissue Normal","CD3E","ENSG00000198851.10",4.2596,"OK"
"TCGA-KIRC","80bd1a2f-c729-40f3-b50f-8a3b766e0231","TCGA-B0-5696-11A-01R-1541-07","TCGA-B0-5696","Solid Tissue Normal","MS4A1","ENSG00000156738.18",0.2364,"OK"
"TCGA-KIRC","80bd1a2f-c729-40f3-b50f-8a3b766e0231","TCGA-B0-5696-11A-01R-1541-07","TCGA-B0-5696","Solid Tissue Normal","CD79A","ENSG00000105369.10",0.7661,"OK"
"TCGA-KIRC","80bd1a2f-c729-40f3-b50f-8a3b766e0231","TCGA-B0-5696-11A-01R-1541-07","TCGA-B0-5696","Solid Tissue Normal","NKG7","ENSG00000105374.10",6.4417,"OK"
"TCGA-KIRC","80bd1a2f-c729-40f3-b50f-8a3b766e0231","TCGA-B0-5696-11A-01R-1541-07","TCGA-B0-5696","Solid Tissue Normal","LST1","ENSG00000204482.11",2.5795,"OK"
"TCGA-KIRC","80bd1a2f-c729-40f3-b50f-8a3b766e0231","TCGA-B0-5696-11A-01R-1541-07","TCGA-B0-5696","Solid Tissue Normal","TYROBP","ENSG00000011600.12",23.8942,"OK"
"TCGA-KIRC","80bd1a2f-c729-40f3-b50f-8a3b766e0231","TCGA-B0-5696-11A-01R-1541-07","TCGA-B0-5696","Solid Tissue Normal","FCER1G","ENSG00000158869.11",12.0545,"OK"
"TCGA-KIRC","80bd1a2f-c729-40f3-b50f-8a3b766e0231","TCGA-B0-5696-11A-01R-1541-07","TCGA-B0-5696","Solid Tissue Normal","CD68","ENSG00000129226.14",0,"OK"
"TCGA-KIRC","6d481b79-8322-4ac0-93ba-aaa34fd41ed9","TCGA-BP-5175-01A-01R-1426-07","TCGA-BP-5175","Primary Tumor","PTPRC","ENSG00000081237.20",4.4779,"OK"
"TCGA-KIRC","6d481b79-8322-4ac0-93ba-aaa34fd41ed9","TCGA-BP-5175-01A-01R-1426-07","TCGA-BP-5175","Primary Tumor","CD3D","ENSG00000167286.10",25.6962,"OK"
"TCGA-KIRC","6d481b79-8322-4ac0-93ba-aaa34fd41ed9","TCGA-BP-5175-01A-01R-1426-07","TCGA-BP-5175","Primary Tumor","CD3E","ENSG00000198851.10",21.2767,"OK"
"TCGA-KIRC","6d481b79-8322-4ac0-93ba-aaa34fd41ed9","TCGA-BP-5175-01A-01R-1426-07","TCGA-BP-5175","Primary Tumor","MS4A1","ENSG00000156738.18",0.1641,"OK"
"TCGA-KIRC","6d481b79-8322-4ac0-93ba-aaa34fd41ed9","TCGA-BP-5175-01A-01R-1426-07","TCGA-BP-5175","Primary Tumor","CD79A","ENSG00000105369.10",0.7279,"OK"
"TCGA-KIRC","6d481b79-8322-4ac0-93ba-aaa34fd41ed9","TCGA-BP-5175-01A-01R-1426-07","TCGA-BP-5175","Primary Tumor","NKG7","ENSG00000105374.10",55.4794,"OK"
"TCGA-KIRC","6d481b79-8322-4ac0-93ba-aaa34fd41ed9","TCGA-BP-5175-01A-01R-1426-07","TCGA-BP-5175","Primary Tumor","LST1","ENSG00000204482.11",16.7257,"OK"
"TCGA-KIRC","6d481b79-8322-4ac0-93ba-aaa34fd41ed9","TCGA-BP-5175-01A-01R-1426-07","TCGA-BP-5175","Primary Tumor","TYROBP","ENSG00000011600.12",167.6052,"OK"
"TCGA-KIRC","6d481b79-8322-4ac0-93ba-aaa34fd41ed9","TCGA-BP-5175-01A-01R-1426-07","TCGA-BP-5175","Primary Tumor","FCER1G","ENSG00000158869.11",88.6569,"OK"
"TCGA-KIRC","6d481b79-8322-4ac0-93ba-aaa34fd41ed9","TCGA-BP-5175-01A-01R-1426-07","TCGA-BP-5175","Primary Tumor","CD68","ENSG00000129226.14",0.1809,"OK"
"TCGA-KIRC","09c297be-f824-4a0b-ae20-57ecf089a7d5","TCGA-BP-5182-01A-01R-1426-07","TCGA-BP-5182","Primary Tumor","PTPRC","ENSG00000081237.20",44.0074,"OK"
"TCGA-KIRC","09c297be-f824-4a0b-ae20-57ecf089a7d5","TCGA-BP-5182-01A-01R-1426-07","TCGA-BP-5182","Primary Tumor","CD3D","ENSG00000167286.10",62.4704,"OK"
"TCGA-KIRC","09c297be-f824-4a0b-ae20-57ecf089a7d5","TCGA-BP-5182-01A-01R-1426-07","TCGA-BP-5182","Primary Tumor","CD3E","ENSG00000198851.10",58.4922,"OK"
"TCGA-KIRC","09c297be-f824-4a0b-ae20-57ecf089a7d5","TCGA-BP-5182-01A-01R-1426-07","TCGA-BP-5182","Primary Tumor","MS4A1","ENSG00000156738.18",1.6014,"OK"
"TCGA-KIRC","09c297be-f824-4a0b-ae20-57ecf089a7d5","TCGA-BP-5182-01A-01R-1426-07","TCGA-BP-5182","Primary Tumor","CD79A","ENSG00000105369.10",11.8119,"OK"
"TCGA-KIRC","09c297be-f824-4a0b-ae20-57ecf089a7d5","TCGA-BP-5182-01A-01R-1426-07","TCGA-BP-5182","Primary Tumor","NKG7","ENSG00000105374.10",86.884,"OK"
"TCGA-KIRC","09c297be-f824-4a0b-ae20-57ecf089a7d5","TCGA-BP-5182-01A-01R-1426-07","TCGA-BP-5182","Primary Tumor","LST1","ENSG00000204482.11",33.8708,"OK"
"TCGA-KIRC","09c297be-f824-4a0b-ae20-57ecf089a7d5","TCGA-BP-5182-01A-01R-1426-07","TCGA-BP-5182","Primary Tumor","TYROBP","ENSG00000011600.12",692.9145,"OK"
"TCGA-KIRC","09c297be-f824-4a0b-ae20-57ecf089a7d5","TCGA-BP-5182-01A-01R-1426-07","TCGA-BP-5182","Primary Tumor","FCER1G","ENSG00000158869.11",376.235,"OK"
"TCGA-KIRC","09c297be-f824-4a0b-ae20-57ecf089a7d5","TCGA-BP-5182-01A-01R-1426-07","TCGA-BP-5182","Primary Tumor","CD68","ENSG00000129226.14",0.0425,"OK"
"TCGA-KIRC","7560bd39-ffd0-45ae-95c9-451bccc8ccc4","TCGA-CW-5581-01A-02R-1541-07","TCGA-CW-5581","Primary Tumor","PTPRC","ENSG00000081237.20",28.3577,"OK"
"TCGA-KIRC","7560bd39-ffd0-45ae-95c9-451bccc8ccc4","TCGA-CW-5581-01A-02R-1541-07","TCGA-CW-5581","Primary Tumor","CD3D","ENSG00000167286.10",36.915,"OK"
"TCGA-KIRC","7560bd39-ffd0-45ae-95c9-451bccc8ccc4","TCGA-CW-5581-01A-02R-1541-07","TCGA-CW-5581","Primary Tumor","CD3E","ENSG00000198851.10",32.8734,"OK"
"TCGA-KIRC","7560bd39-ffd0-45ae-95c9-451bccc8ccc4","TCGA-CW-5581-01A-02R-1541-07","TCGA-CW-5581","Primary Tumor","MS4A1","ENSG00000156738.18",1.4382,"OK"
"TCGA-KIRC","7560bd39-ffd0-45ae-95c9-451bccc8ccc4","TCGA-CW-5581-01A-02R-1541-07","TCGA-CW-5581","Primary Tumor","CD79A","ENSG00000105369.10",5.3244,"OK"
"TCGA-KIRC","7560bd39-ffd0-45ae-95c9-451bccc8ccc4","TCGA-CW-5581-01A-02R-1541-07","TCGA-CW-5581","Primary Tumor","NKG7","ENSG00000105374.10",49.3804,"OK"
"TCGA-KIRC","7560bd39-ffd0-45ae-95c9-451bccc8ccc4","TCGA-CW-5581-01A-02R-1541-07","TCGA-CW-5581","Primary Tumor","LST1","ENSG00000204482.11",12.3934,"OK"
"TCGA-KIRC","7560bd39-ffd0-45ae-95c9-451bccc8ccc4","TCGA-CW-5581-01A-02R-1541-07","TCGA-CW-5581","Primary Tumor","TYROBP","ENSG00000011600.12",128.845,"OK"
"TCGA-KIRC","7560bd39-ffd0-45ae-95c9-451bccc8ccc4","TCGA-CW-5581-01A-02R-1541-07","TCGA-CW-5581","Primary Tumor","FCER1G","ENSG00000158869.11",65.8894,"OK"
"TCGA-KIRC","7560bd39-ffd0-45ae-95c9-451bccc8ccc4","TCGA-CW-5581-01A-02R-1541-07","TCGA-CW-5581","Primary Tumor","CD68","ENSG00000129226.14",0.082,"OK"
"TCGA-KIRC","a57d26d5-0255-4bd1-bcd6-ebfb9d35055d","TCGA-G6-A5PC-01A-11R-A33J-07","TCGA-G6-A5PC","Primary Tumor","PTPRC","ENSG00000081237.20",1.8336,"OK"
"TCGA-KIRC","a57d26d5-0255-4bd1-bcd6-ebfb9d35055d","TCGA-G6-A5PC-01A-11R-A33J-07","TCGA-G6-A5PC","Primary Tumor","CD3D","ENSG00000167286.10",60.1982,"OK"
"TCGA-KIRC","a57d26d5-0255-4bd1-bcd6-ebfb9d35055d","TCGA-G6-A5PC-01A-11R-A33J-07","TCGA-G6-A5PC","Primary Tumor","CD3E","ENSG00000198851.10",29.4005,"OK"
"TCGA-KIRC","a57d26d5-0255-4bd1-bcd6-ebfb9d35055d","TCGA-G6-A5PC-01A-11R-A33J-07","TCGA-G6-A5PC","Primary Tumor","MS4A1","ENSG00000156738.18",0.2357,"OK"
"TCGA-KIRC","a57d26d5-0255-4bd1-bcd6-ebfb9d35055d","TCGA-G6-A5PC-01A-11R-A33J-07","TCGA-G6-A5PC","Primary Tumor","CD79A","ENSG00000105369.10",2.281,"OK"
"TCGA-KIRC","a57d26d5-0255-4bd1-bcd6-ebfb9d35055d","TCGA-G6-A5PC-01A-11R-A33J-07","TCGA-G6-A5PC","Primary Tumor","NKG7","ENSG00000105374.10",100.0271,"OK"
"TCGA-KIRC","a57d26d5-0255-4bd1-bcd6-ebfb9d35055d","TCGA-G6-A5PC-01A-11R-A33J-07","TCGA-G6-A5PC","Primary Tumor","LST1","ENSG00000204482.11",35.1463,"OK"
"TCGA-KIRC","a57d26d5-0255-4bd1-bcd6-ebfb9d35055d","TCGA-G6-A5PC-01A-11R-A33J-07","TCGA-G6-A5PC","Primary Tumor","TYROBP","ENSG00000011600.12",355.7524,"OK"
"TCGA-KIRC","a57d26d5-0255-4bd1-bcd6-ebfb9d35055d","TCGA-G6-A5PC-01A-11R-A33J-07","TCGA-G6-A5PC","Primary Tumor","FCER1G","ENSG00000158869.11",135.901,"OK"
"TCGA-KIRC","a57d26d5-0255-4bd1-bcd6-ebfb9d35055d","TCGA-G6-A5PC-01A-11R-A33J-07","TCGA-G6-A5PC","Primary Tumor","CD68","ENSG00000129226.14",0,"OK"
"TCGA-KIRC","486f1d07-6c9a-445d-b603-129238a55dbb","TCGA-BP-4166-01A-02R-1289-07","TCGA-BP-4166","Primary Tumor","PTPRC","ENSG00000081237.20",17.0109,"OK"
"TCGA-KIRC","486f1d07-6c9a-445d-b603-129238a55dbb","TCGA-BP-4166-01A-02R-1289-07","TCGA-BP-4166","Primary Tumor","CD3D","ENSG00000167286.10",25.6543,"OK"
"TCGA-KIRC","486f1d07-6c9a-445d-b603-129238a55dbb","TCGA-BP-4166-01A-02R-1289-07","TCGA-BP-4166","Primary Tumor","CD3E","ENSG00000198851.10",19.2318,"OK"
"TCGA-KIRC","486f1d07-6c9a-445d-b603-129238a55dbb","TCGA-BP-4166-01A-02R-1289-07","TCGA-BP-4166","Primary Tumor","MS4A1","ENSG00000156738.18",0.7945,"OK"
"TCGA-KIRC","486f1d07-6c9a-445d-b603-129238a55dbb","TCGA-BP-4166-01A-02R-1289-07","TCGA-BP-4166","Primary Tumor","CD79A","ENSG00000105369.10",5.8328,"OK"
"TCGA-KIRC","486f1d07-6c9a-445d-b603-129238a55dbb","TCGA-BP-4166-01A-02R-1289-07","TCGA-BP-4166","Primary Tumor","NKG7","ENSG00000105374.10",56.1438,"OK"
"TCGA-KIRC","486f1d07-6c9a-445d-b603-129238a55dbb","TCGA-BP-4166-01A-02R-1289-07","TCGA-BP-4166","Primary Tumor","LST1","ENSG00000204482.11",17.5026,"OK"
"TCGA-KIRC","486f1d07-6c9a-445d-b603-129238a55dbb","TCGA-BP-4166-01A-02R-1289-07","TCGA-BP-4166","Primary Tumor","TYROBP","ENSG00000011600.12",198.1628,"OK"
"TCGA-KIRC","486f1d07-6c9a-445d-b603-129238a55dbb","TCGA-BP-4166-01A-02R-1289-07","TCGA-BP-4166","Primary Tumor","FCER1G","ENSG00000158869.11",103.186,"OK"
"TCGA-KIRC","486f1d07-6c9a-445d-b603-129238a55dbb","TCGA-BP-4166-01A-02R-1289-07","TCGA-BP-4166","Primary Tumor","CD68","ENSG00000129226.14",0.024,"OK"
"TCGA-KIRC","fae1f158-5990-4e7c-90a9-f33fe8be8753","TCGA-B0-5075-01A-01R-1334-07","TCGA-B0-5075","Primary Tumor","PTPRC","ENSG00000081237.20",27.872,"OK"
"TCGA-KIRC","fae1f158-5990-4e7c-90a9-f33fe8be8753","TCGA-B0-5075-01A-01R-1334-07","TCGA-B0-5075","Primary Tumor","CD3D","ENSG00000167286.10",42.409,"OK"
"TCGA-KIRC","fae1f158-5990-4e7c-90a9-f33fe8be8753","TCGA-B0-5075-01A-01R-1334-07","TCGA-B0-5075","Primary Tumor","CD3E","ENSG00000198851.10",31.7124,"OK"
"TCGA-KIRC","fae1f158-5990-4e7c-90a9-f33fe8be8753","TCGA-B0-5075-01A-01R-1334-07","TCGA-B0-5075","Primary Tumor","MS4A1","ENSG00000156738.18",0.1342,"OK"
"TCGA-KIRC","fae1f158-5990-4e7c-90a9-f33fe8be8753","TCGA-B0-5075-01A-01R-1334-07","TCGA-B0-5075","Primary Tumor","CD79A","ENSG00000105369.10",0.7938,"OK"
"TCGA-KIRC","fae1f158-5990-4e7c-90a9-f33fe8be8753","TCGA-B0-5075-01A-01R-1334-07","TCGA-B0-5075","Primary Tumor","NKG7","ENSG00000105374.10",77.5389,"OK"
"TCGA-KIRC","fae1f158-5990-4e7c-90a9-f33fe8be8753","TCGA-B0-5075-01A-01R-1334-07","TCGA-B0-5075","Primary Tumor","LST1","ENSG00000204482.11",29.5928,"OK"
"TCGA-KIRC","fae1f158-5990-4e7c-90a9-f33fe8be8753","TCGA-B0-5075-01A-01R-1334-07","TCGA-B0-5075","Primary Tumor","TYROBP","ENSG00000011600.12",588.322,"OK"
"TCGA-KIRC","fae1f158-5990-4e7c-90a9-f33fe8be8753","TCGA-B0-5075-01A-01R-1334-07","TCGA-B0-5075","Primary Tumor","FCER1G","ENSG00000158869.11",236.2966,"OK"
"TCGA-KIRC","fae1f158-5990-4e7c-90a9-f33fe8be8753","TCGA-B0-5075-01A-01R-1334-07","TCGA-B0-5075","Primary Tumor","CD68","ENSG00000129226.14",0.3453,"OK"
"TCGA-KIRC","0558db50-149d-4b8f-9994-4e0c3451ae8e","TCGA-A3-3383-01A-02R-1325-07","TCGA-A3-3383","Primary Tumor","PTPRC","ENSG00000081237.20",11.823,"OK"
"TCGA-KIRC","0558db50-149d-4b8f-9994-4e0c3451ae8e","TCGA-A3-3383-01A-02R-1325-07","TCGA-A3-3383","Primary Tumor","CD3D","ENSG00000167286.10",76.4604,"OK"
"TCGA-KIRC","0558db50-149d-4b8f-9994-4e0c3451ae8e","TCGA-A3-3383-01A-02R-1325-07","TCGA-A3-3383","Primary Tumor","CD3E","ENSG00000198851.10",40.7119,"OK"
"TCGA-KIRC","0558db50-149d-4b8f-9994-4e0c3451ae8e","TCGA-A3-3383-01A-02R-1325-07","TCGA-A3-3383","Primary Tumor","MS4A1","ENSG00000156738.18",0.8394,"OK"
"TCGA-KIRC","0558db50-149d-4b8f-9994-4e0c3451ae8e","TCGA-A3-3383-01A-02R-1325-07","TCGA-A3-3383","Primary Tumor","CD79A","ENSG00000105369.10",4.3383,"OK"
"TCGA-KIRC","0558db50-149d-4b8f-9994-4e0c3451ae8e","TCGA-A3-3383-01A-02R-1325-07","TCGA-A3-3383","Primary Tumor","NKG7","ENSG00000105374.10",172.6085,"OK"
"TCGA-KIRC","0558db50-149d-4b8f-9994-4e0c3451ae8e","TCGA-A3-3383-01A-02R-1325-07","TCGA-A3-3383","Primary Tumor","LST1","ENSG00000204482.11",62.6724,"OK"
"TCGA-KIRC","0558db50-149d-4b8f-9994-4e0c3451ae8e","TCGA-A3-3383-01A-02R-1325-07","TCGA-A3-3383","Primary Tumor","TYROBP","ENSG00000011600.12",620.1544,"OK"
"TCGA-KIRC","0558db50-149d-4b8f-9994-4e0c3451ae8e","TCGA-A3-3383-01A-02R-1325-07","TCGA-A3-3383","Primary Tumor","FCER1G","ENSG00000158869.11",248.639,"OK"
"TCGA-KIRC","0558db50-149d-4b8f-9994-4e0c3451ae8e","TCGA-A3-3383-01A-02R-1325-07","TCGA-A3-3383","Primary Tumor","CD68","ENSG00000129226.14",0,"OK"
"TCGA-KIRC","1b70671f-61a5-4a23-ab6b-2120e80d1698","TCGA-CZ-5453-01A-01R-1503-07","TCGA-CZ-5453","Primary Tumor","PTPRC","ENSG00000081237.20",6.6951,"OK"
"TCGA-KIRC","1b70671f-61a5-4a23-ab6b-2120e80d1698","TCGA-CZ-5453-01A-01R-1503-07","TCGA-CZ-5453","Primary Tumor","CD3D","ENSG00000167286.10",1.0072,"OK"
"TCGA-KIRC","1b70671f-61a5-4a23-ab6b-2120e80d1698","TCGA-CZ-5453-01A-01R-1503-07","TCGA-CZ-5453","Primary Tumor","CD3E","ENSG00000198851.10",1.2088,"OK"
"TCGA-KIRC","1b70671f-61a5-4a23-ab6b-2120e80d1698","TCGA-CZ-5453-01A-01R-1503-07","TCGA-CZ-5453","Primary Tumor","MS4A1","ENSG00000156738.18",0.0974,"OK"
"TCGA-KIRC","1b70671f-61a5-4a23-ab6b-2120e80d1698","TCGA-CZ-5453-01A-01R-1503-07","TCGA-CZ-5453","Primary Tumor","CD79A","ENSG00000105369.10",0.8068,"OK"
"TCGA-KIRC","1b70671f-61a5-4a23-ab6b-2120e80d1698","TCGA-CZ-5453-01A-01R-1503-07","TCGA-CZ-5453","Primary Tumor","NKG7","ENSG00000105374.10",20.1829,"OK"
"TCGA-KIRC","1b70671f-61a5-4a23-ab6b-2120e80d1698","TCGA-CZ-5453-01A-01R-1503-07","TCGA-CZ-5453","Primary Tumor","LST1","ENSG00000204482.11",7.9116,"OK"
"TCGA-KIRC","1b70671f-61a5-4a23-ab6b-2120e80d1698","TCGA-CZ-5453-01A-01R-1503-07","TCGA-CZ-5453","Primary Tumor","TYROBP","ENSG00000011600.12",115.9216,"OK"
"TCGA-KIRC","1b70671f-61a5-4a23-ab6b-2120e80d1698","TCGA-CZ-5453-01A-01R-1503-07","TCGA-CZ-5453","Primary Tumor","FCER1G","ENSG00000158869.11",52.4246,"OK"
"TCGA-KIRC","1b70671f-61a5-4a23-ab6b-2120e80d1698","TCGA-CZ-5453-01A-01R-1503-07","TCGA-CZ-5453","Primary Tumor","CD68","ENSG00000129226.14",0,"OK"
"TCGA-KIRC","3dff6d1d-98ca-49b9-a6e4-5a4da59fb2f8","TCGA-CJ-5680-01A-11R-1541-07","TCGA-CJ-5680","Primary Tumor","PTPRC","ENSG00000081237.20",17.6198,"OK"
"TCGA-KIRC","3dff6d1d-98ca-49b9-a6e4-5a4da59fb2f8","TCGA-CJ-5680-01A-11R-1541-07","TCGA-CJ-5680","Primary Tumor","CD3D","ENSG00000167286.10",9.3379,"OK"
"TCGA-KIRC","3dff6d1d-98ca-49b9-a6e4-5a4da59fb2f8","TCGA-CJ-5680-01A-11R-1541-07","TCGA-CJ-5680","Primary Tumor","CD3E","ENSG00000198851.10",9.418,"OK"
"TCGA-KIRC","3dff6d1d-98ca-49b9-a6e4-5a4da59fb2f8","TCGA-CJ-5680-01A-11R-1541-07","TCGA-CJ-5680","Primary Tumor","MS4A1","ENSG00000156738.18",0.291,"OK"
"TCGA-KIRC","3dff6d1d-98ca-49b9-a6e4-5a4da59fb2f8","TCGA-CJ-5680-01A-11R-1541-07","TCGA-CJ-5680","Primary Tumor","CD79A","ENSG00000105369.10",0.7184,"OK"
"TCGA-KIRC","3dff6d1d-98ca-49b9-a6e4-5a4da59fb2f8","TCGA-CJ-5680-01A-11R-1541-07","TCGA-CJ-5680","Primary Tumor","NKG7","ENSG00000105374.10",30.1388,"OK"
"TCGA-KIRC","3dff6d1d-98ca-49b9-a6e4-5a4da59fb2f8","TCGA-CJ-5680-01A-11R-1541-07","TCGA-CJ-5680","Primary Tumor","LST1","ENSG00000204482.11",28.6504,"OK"
"TCGA-KIRC","3dff6d1d-98ca-49b9-a6e4-5a4da59fb2f8","TCGA-CJ-5680-01A-11R-1541-07","TCGA-CJ-5680","Primary Tumor","TYROBP","ENSG00000011600.12",312.427,"OK"
"TCGA-KIRC","3dff6d1d-98ca-49b9-a6e4-5a4da59fb2f8","TCGA-CJ-5680-01A-11R-1541-07","TCGA-CJ-5680","Primary Tumor","FCER1G","ENSG00000158869.11",168.0093,"OK"
"TCGA-KIRC","3dff6d1d-98ca-49b9-a6e4-5a4da59fb2f8","TCGA-CJ-5680-01A-11R-1541-07","TCGA-CJ-5680","Primary Tumor","CD68","ENSG00000129226.14",0.0558,"OK"
"TCGA-KIRC","cbe040e0-9ed9-4af4-a177-392a0b63a40b","TCGA-B0-5121-01A-02R-1420-07","TCGA-B0-5121","Primary Tumor","PTPRC","ENSG00000081237.20",11.5978,"OK"
"TCGA-KIRC","cbe040e0-9ed9-4af4-a177-392a0b63a40b","TCGA-B0-5121-01A-02R-1420-07","TCGA-B0-5121","Primary Tumor","CD3D","ENSG00000167286.10",19.8664,"OK"
"TCGA-KIRC","cbe040e0-9ed9-4af4-a177-392a0b63a40b","TCGA-B0-5121-01A-02R-1420-07","TCGA-B0-5121","Primary Tumor","CD3E","ENSG00000198851.10",21.4359,"OK"
"TCGA-KIRC","cbe040e0-9ed9-4af4-a177-392a0b63a40b","TCGA-B0-5121-01A-02R-1420-07","TCGA-B0-5121","Primary Tumor","MS4A1","ENSG00000156738.18",0.6173,"OK"
"TCGA-KIRC","cbe040e0-9ed9-4af4-a177-392a0b63a40b","TCGA-B0-5121-01A-02R-1420-07","TCGA-B0-5121","Primary Tumor","CD79A","ENSG00000105369.10",1.4968,"OK"
"TCGA-KIRC","cbe040e0-9ed9-4af4-a177-392a0b63a40b","TCGA-B0-5121-01A-02R-1420-07","TCGA-B0-5121","Primary Tumor","NKG7","ENSG00000105374.10",65.7809,"OK"
"TCGA-KIRC","cbe040e0-9ed9-4af4-a177-392a0b63a40b","TCGA-B0-5121-01A-02R-1420-07","TCGA-B0-5121","Primary Tumor","LST1","ENSG00000204482.11",16.7824,"OK"
"TCGA-KIRC","cbe040e0-9ed9-4af4-a177-392a0b63a40b","TCGA-B0-5121-01A-02R-1420-07","TCGA-B0-5121","Primary Tumor","TYROBP","ENSG00000011600.12",142.7858,"OK"
"TCGA-KIRC","cbe040e0-9ed9-4af4-a177-392a0b63a40b","TCGA-B0-5121-01A-02R-1420-07","TCGA-B0-5121","Primary Tumor","FCER1G","ENSG00000158869.11",69.1676,"OK"
"TCGA-KIRC","cbe040e0-9ed9-4af4-a177-392a0b63a40b","TCGA-B0-5121-01A-02R-1420-07","TCGA-B0-5121","Primary Tumor","CD68","ENSG00000129226.14",0.027,"OK"
"TCGA-KIRC","52f4db86-9951-464d-a9c2-520a3681a9a8","TCGA-B0-4701-01A-01R-1277-07","TCGA-B0-4701","Primary Tumor","PTPRC","ENSG00000081237.20",36.6314,"OK"
"TCGA-KIRC","52f4db86-9951-464d-a9c2-520a3681a9a8","TCGA-B0-4701-01A-01R-1277-07","TCGA-B0-4701","Primary Tumor","CD3D","ENSG00000167286.10",56.1184,"OK"
"TCGA-KIRC","52f4db86-9951-464d-a9c2-520a3681a9a8","TCGA-B0-4701-01A-01R-1277-07","TCGA-B0-4701","Primary Tumor","CD3E","ENSG00000198851.10",56.9254,"OK"
"TCGA-KIRC","52f4db86-9951-464d-a9c2-520a3681a9a8","TCGA-B0-4701-01A-01R-1277-07","TCGA-B0-4701","Primary Tumor","MS4A1","ENSG00000156738.18",4.132,"OK"
"TCGA-KIRC","52f4db86-9951-464d-a9c2-520a3681a9a8","TCGA-B0-4701-01A-01R-1277-07","TCGA-B0-4701","Primary Tumor","CD79A","ENSG00000105369.10",11.6936,"OK"
"TCGA-KIRC","52f4db86-9951-464d-a9c2-520a3681a9a8","TCGA-B0-4701-01A-01R-1277-07","TCGA-B0-4701","Primary Tumor","NKG7","ENSG00000105374.10",67.8373,"OK"
"TCGA-KIRC","52f4db86-9951-464d-a9c2-520a3681a9a8","TCGA-B0-4701-01A-01R-1277-07","TCGA-B0-4701","Primary Tumor","LST1","ENSG00000204482.11",24.0586,"OK"
"TCGA-KIRC","52f4db86-9951-464d-a9c2-520a3681a9a8","TCGA-B0-4701-01A-01R-1277-07","TCGA-B0-4701","Primary Tumor","TYROBP","ENSG00000011600.12",270.2117,"OK"
"TCGA-KIRC","52f4db86-9951-464d-a9c2-520a3681a9a8","TCGA-B0-4701-01A-01R-1277-07","TCGA-B0-4701","Primary Tumor","FCER1G","ENSG00000158869.11",132.8968,"OK"
"TCGA-KIRC","52f4db86-9951-464d-a9c2-520a3681a9a8","TCGA-B0-4701-01A-01R-1277-07","TCGA-B0-4701","Primary Tumor","CD68","ENSG00000129226.14",0.1787,"OK"
"TCGA-KIRC","d07320f0-36a4-4dab-83bb-faaaf21a2bcb","TCGA-B0-5107-01A-01R-1420-07","TCGA-B0-5107","Primary Tumor","PTPRC","ENSG00000081237.20",20.8684,"OK"
"TCGA-KIRC","d07320f0-36a4-4dab-83bb-faaaf21a2bcb","TCGA-B0-5107-01A-01R-1420-07","TCGA-B0-5107","Primary Tumor","CD3D","ENSG00000167286.10",75.0669,"OK"
"TCGA-KIRC","d07320f0-36a4-4dab-83bb-faaaf21a2bcb","TCGA-B0-5107-01A-01R-1420-07","TCGA-B0-5107","Primary Tumor","CD3E","ENSG00000198851.10",59.5256,"OK"
"TCGA-KIRC","d07320f0-36a4-4dab-83bb-faaaf21a2bcb","TCGA-B0-5107-01A-01R-1420-07","TCGA-B0-5107","Primary Tumor","MS4A1","ENSG00000156738.18",0.1312,"OK"
"TCGA-KIRC","d07320f0-36a4-4dab-83bb-faaaf21a2bcb","TCGA-B0-5107-01A-01R-1420-07","TCGA-B0-5107","Primary Tumor","CD79A","ENSG00000105369.10",3.8931,"OK"
"TCGA-KIRC","d07320f0-36a4-4dab-83bb-faaaf21a2bcb","TCGA-B0-5107-01A-01R-1420-07","TCGA-B0-5107","Primary Tumor","NKG7","ENSG00000105374.10",248.7359,"OK"
"TCGA-KIRC","d07320f0-36a4-4dab-83bb-faaaf21a2bcb","TCGA-B0-5107-01A-01R-1420-07","TCGA-B0-5107","Primary Tumor","LST1","ENSG00000204482.11",54.9285,"OK"
"TCGA-KIRC","d07320f0-36a4-4dab-83bb-faaaf21a2bcb","TCGA-B0-5107-01A-01R-1420-07","TCGA-B0-5107","Primary Tumor","TYROBP","ENSG00000011600.12",382.437,"OK"
"TCGA-KIRC","d07320f0-36a4-4dab-83bb-faaaf21a2bcb","TCGA-B0-5107-01A-01R-1420-07","TCGA-B0-5107","Primary Tumor","FCER1G","ENSG00000158869.11",277.3459,"OK"
"TCGA-KIRC","d07320f0-36a4-4dab-83bb-faaaf21a2bcb","TCGA-B0-5107-01A-01R-1420-07","TCGA-B0-5107","Primary Tumor","CD68","ENSG00000129226.14",0.0526,"OK"
"TCGA-KIRC","e0999ea7-e0c9-487f-b8a7-3eda87ab8601","TCGA-B8-5553-01A-01R-1541-07","TCGA-B8-5553","Primary Tumor","PTPRC","ENSG00000081237.20",59.6527,"OK"
"TCGA-KIRC","e0999ea7-e0c9-487f-b8a7-3eda87ab8601","TCGA-B8-5553-01A-01R-1541-07","TCGA-B8-5553","Primary Tumor","CD3D","ENSG00000167286.10",54.9012,"OK"
"TCGA-KIRC","e0999ea7-e0c9-487f-b8a7-3eda87ab8601","TCGA-B8-5553-01A-01R-1541-07","TCGA-B8-5553","Primary Tumor","CD3E","ENSG00000198851.10",48.9928,"OK"
"TCGA-KIRC","e0999ea7-e0c9-487f-b8a7-3eda87ab8601","TCGA-B8-5553-01A-01R-1541-07","TCGA-B8-5553","Primary Tumor","MS4A1","ENSG00000156738.18",0.8336,"OK"
"TCGA-KIRC","e0999ea7-e0c9-487f-b8a7-3eda87ab8601","TCGA-B8-5553-01A-01R-1541-07","TCGA-B8-5553","Primary Tumor","CD79A","ENSG00000105369.10",8.7139,"OK"
"TCGA-KIRC","e0999ea7-e0c9-487f-b8a7-3eda87ab8601","TCGA-B8-5553-01A-01R-1541-07","TCGA-B8-5553","Primary Tumor","NKG7","ENSG00000105374.10",127.2386,"OK"
"TCGA-KIRC","e0999ea7-e0c9-487f-b8a7-3eda87ab8601","TCGA-B8-5553-01A-01R-1541-07","TCGA-B8-5553","Primary Tumor","LST1","ENSG00000204482.11",30.8061,"OK"
"TCGA-KIRC","e0999ea7-e0c9-487f-b8a7-3eda87ab8601","TCGA-B8-5553-01A-01R-1541-07","TCGA-B8-5553","Primary Tumor","TYROBP","ENSG00000011600.12",443.0031,"OK"
"TCGA-KIRC","e0999ea7-e0c9-487f-b8a7-3eda87ab8601","TCGA-B8-5553-01A-01R-1541-07","TCGA-B8-5553","Primary Tumor","FCER1G","ENSG00000158869.11",157.9344,"OK"
"TCGA-KIRC","e0999ea7-e0c9-487f-b8a7-3eda87ab8601","TCGA-B8-5553-01A-01R-1541-07","TCGA-B8-5553","Primary Tumor","CD68","ENSG00000129226.14",0.1003,"OK"
"TCGA-KIRC","d5c03bc2-fb49-457d-8445-f8177008554b","TCGA-B0-5083-01A-02R-1420-07","TCGA-B0-5083","Primary Tumor","PTPRC","ENSG00000081237.20",17.9158,"OK"
"TCGA-KIRC","d5c03bc2-fb49-457d-8445-f8177008554b","TCGA-B0-5083-01A-02R-1420-07","TCGA-B0-5083","Primary Tumor","CD3D","ENSG00000167286.10",21.8405,"OK"
"TCGA-KIRC","d5c03bc2-fb49-457d-8445-f8177008554b","TCGA-B0-5083-01A-02R-1420-07","TCGA-B0-5083","Primary Tumor","CD3E","ENSG00000198851.10",23.5082,"OK"
"TCGA-KIRC","d5c03bc2-fb49-457d-8445-f8177008554b","TCGA-B0-5083-01A-02R-1420-07","TCGA-B0-5083","Primary Tumor","MS4A1","ENSG00000156738.18",0.485,"OK"
"TCGA-KIRC","d5c03bc2-fb49-457d-8445-f8177008554b","TCGA-B0-5083-01A-02R-1420-07","TCGA-B0-5083","Primary Tumor","CD79A","ENSG00000105369.10",2.2377,"OK"
"TCGA-KIRC","d5c03bc2-fb49-457d-8445-f8177008554b","TCGA-B0-5083-01A-02R-1420-07","TCGA-B0-5083","Primary Tumor","NKG7","ENSG00000105374.10",18.7886,"OK"
"TCGA-KIRC","d5c03bc2-fb49-457d-8445-f8177008554b","TCGA-B0-5083-01A-02R-1420-07","TCGA-B0-5083","Primary Tumor","LST1","ENSG00000204482.11",19.0266,"OK"
"TCGA-KIRC","d5c03bc2-fb49-457d-8445-f8177008554b","TCGA-B0-5083-01A-02R-1420-07","TCGA-B0-5083","Primary Tumor","TYROBP","ENSG00000011600.12",276.079,"OK"
"TCGA-KIRC","d5c03bc2-fb49-457d-8445-f8177008554b","TCGA-B0-5083-01A-02R-1420-07","TCGA-B0-5083","Primary Tumor","FCER1G","ENSG00000158869.11",155.1713,"OK"
"TCGA-KIRC","d5c03bc2-fb49-457d-8445-f8177008554b","TCGA-B0-5083-01A-02R-1420-07","TCGA-B0-5083","Primary Tumor","CD68","ENSG00000129226.14",0.0856,"OK"
"TCGA-KIRC","bbb17751-e367-45a2-b561-9607d02d03c3","TCGA-CZ-5468-11A-01R-1503-07","TCGA-CZ-5468","Solid Tissue Normal","PTPRC","ENSG00000081237.20",4.0433,"OK"
"TCGA-KIRC","bbb17751-e367-45a2-b561-9607d02d03c3","TCGA-CZ-5468-11A-01R-1503-07","TCGA-CZ-5468","Solid Tissue Normal","CD3D","ENSG00000167286.10",5.5328,"OK"
"TCGA-KIRC","bbb17751-e367-45a2-b561-9607d02d03c3","TCGA-CZ-5468-11A-01R-1503-07","TCGA-CZ-5468","Solid Tissue Normal","CD3E","ENSG00000198851.10",3.3002,"OK"
"TCGA-KIRC","bbb17751-e367-45a2-b561-9607d02d03c3","TCGA-CZ-5468-11A-01R-1503-07","TCGA-CZ-5468","Solid Tissue Normal","MS4A1","ENSG00000156738.18",0.1003,"OK"
"TCGA-KIRC","bbb17751-e367-45a2-b561-9607d02d03c3","TCGA-CZ-5468-11A-01R-1503-07","TCGA-CZ-5468","Solid Tissue Normal","CD79A","ENSG00000105369.10",0.554,"OK"
"TCGA-KIRC","bbb17751-e367-45a2-b561-9607d02d03c3","TCGA-CZ-5468-11A-01R-1503-07","TCGA-CZ-5468","Solid Tissue Normal","NKG7","ENSG00000105374.10",13.5125,"OK"
"TCGA-KIRC","bbb17751-e367-45a2-b561-9607d02d03c3","TCGA-CZ-5468-11A-01R-1503-07","TCGA-CZ-5468","Solid Tissue Normal","LST1","ENSG00000204482.11",4.9896,"OK"
"TCGA-KIRC","bbb17751-e367-45a2-b561-9607d02d03c3","TCGA-CZ-5468-11A-01R-1503-07","TCGA-CZ-5468","Solid Tissue Normal","TYROBP","ENSG00000011600.12",52.0696,"OK"
"TCGA-KIRC","bbb17751-e367-45a2-b561-9607d02d03c3","TCGA-CZ-5468-11A-01R-1503-07","TCGA-CZ-5468","Solid Tissue Normal","FCER1G","ENSG00000158869.11",23.0058,"OK"
"TCGA-KIRC","bbb17751-e367-45a2-b561-9607d02d03c3","TCGA-CZ-5468-11A-01R-1503-07","TCGA-CZ-5468","Solid Tissue Normal","CD68","ENSG00000129226.14",0.0738,"OK"
"TCGA-KIRC","4d9d7601-1c03-422d-8dc1-1857593c49a5","TCGA-CZ-5468-01A-01R-1503-07","TCGA-CZ-5468","Primary Tumor","PTPRC","ENSG00000081237.20",11.6355,"OK"
"TCGA-KIRC","4d9d7601-1c03-422d-8dc1-1857593c49a5","TCGA-CZ-5468-01A-01R-1503-07","TCGA-CZ-5468","Primary Tumor","CD3D","ENSG00000167286.10",19.5488,"OK"
"TCGA-KIRC","4d9d7601-1c03-422d-8dc1-1857593c49a5","TCGA-CZ-5468-01A-01R-1503-07","TCGA-CZ-5468","Primary Tumor","CD3E","ENSG00000198851.10",15.5568,"OK"
"TCGA-KIRC","4d9d7601-1c03-422d-8dc1-1857593c49a5","TCGA-CZ-5468-01A-01R-1503-07","TCGA-CZ-5468","Primary Tumor","MS4A1","ENSG00000156738.18",0.0939,"OK"
"TCGA-KIRC","4d9d7601-1c03-422d-8dc1-1857593c49a5","TCGA-CZ-5468-01A-01R-1503-07","TCGA-CZ-5468","Primary Tumor","CD79A","ENSG00000105369.10",0.2593,"OK"
"TCGA-KIRC","4d9d7601-1c03-422d-8dc1-1857593c49a5","TCGA-CZ-5468-01A-01R-1503-07","TCGA-CZ-5468","Primary Tumor","NKG7","ENSG00000105374.10",58.4258,"OK"
"TCGA-KIRC","4d9d7601-1c03-422d-8dc1-1857593c49a5","TCGA-CZ-5468-01A-01R-1503-07","TCGA-CZ-5468","Primary Tumor","LST1","ENSG00000204482.11",17.3493,"OK"
"TCGA-KIRC","4d9d7601-1c03-422d-8dc1-1857593c49a5","TCGA-CZ-5468-01A-01R-1503-07","TCGA-CZ-5468","Primary Tumor","TYROBP","ENSG00000011600.12",440.7042,"OK"
"TCGA-KIRC","4d9d7601-1c03-422d-8dc1-1857593c49a5","TCGA-CZ-5468-01A-01R-1503-07","TCGA-CZ-5468","Primary Tumor","FCER1G","ENSG00000158869.11",220.129,"OK"
"TCGA-KIRC","4d9d7601-1c03-422d-8dc1-1857593c49a5","TCGA-CZ-5468-01A-01R-1503-07","TCGA-CZ-5468","Primary Tumor","CD68","ENSG00000129226.14",0.1381,"OK"
"TCGA-KIRC","cc455312-98ef-40a7-b2f6-6ee31380b06e","TCGA-B8-4619-11A-01R-1758-07","TCGA-B8-4619","Solid Tissue Normal","PTPRC","ENSG00000081237.20",8.9183,"OK"
"TCGA-KIRC","cc455312-98ef-40a7-b2f6-6ee31380b06e","TCGA-B8-4619-11A-01R-1758-07","TCGA-B8-4619","Solid Tissue Normal","CD3D","ENSG00000167286.10",9.5469,"OK"
"TCGA-KIRC","cc455312-98ef-40a7-b2f6-6ee31380b06e","TCGA-B8-4619-11A-01R-1758-07","TCGA-B8-4619","Solid Tissue Normal","CD3E","ENSG00000198851.10",10.1534,"OK"
"TCGA-KIRC","cc455312-98ef-40a7-b2f6-6ee31380b06e","TCGA-B8-4619-11A-01R-1758-07","TCGA-B8-4619","Solid Tissue Normal","MS4A1","ENSG00000156738.18",1.0178,"OK"
"TCGA-KIRC","cc455312-98ef-40a7-b2f6-6ee31380b06e","TCGA-B8-4619-11A-01R-1758-07","TCGA-B8-4619","Solid Tissue Normal","CD79A","ENSG00000105369.10",11.4095,"OK"
"TCGA-KIRC","cc455312-98ef-40a7-b2f6-6ee31380b06e","TCGA-B8-4619-11A-01R-1758-07","TCGA-B8-4619","Solid Tissue Normal","NKG7","ENSG00000105374.10",9.9641,"OK"
"TCGA-KIRC","cc455312-98ef-40a7-b2f6-6ee31380b06e","TCGA-B8-4619-11A-01R-1758-07","TCGA-B8-4619","Solid Tissue Normal","LST1","ENSG00000204482.11",5.9959,"OK"
"TCGA-KIRC","cc455312-98ef-40a7-b2f6-6ee31380b06e","TCGA-B8-4619-11A-01R-1758-07","TCGA-B8-4619","Solid Tissue Normal","TYROBP","ENSG00000011600.12",53.1352,"OK"
"TCGA-KIRC","cc455312-98ef-40a7-b2f6-6ee31380b06e","TCGA-B8-4619-11A-01R-1758-07","TCGA-B8-4619","Solid Tissue Normal","FCER1G","ENSG00000158869.11",25.0581,"OK"
"TCGA-KIRC","cc455312-98ef-40a7-b2f6-6ee31380b06e","TCGA-B8-4619-11A-01R-1758-07","TCGA-B8-4619","Solid Tissue Normal","CD68","ENSG00000129226.14",0.0274,"OK"
"TCGA-KIRC","80a63e36-0f14-4d11-880b-c9c425034d5b","TCGA-CJ-4634-01A-02R-1325-07","TCGA-CJ-4634","Primary Tumor","PTPRC","ENSG00000081237.20",23.244,"OK"
"TCGA-KIRC","80a63e36-0f14-4d11-880b-c9c425034d5b","TCGA-CJ-4634-01A-02R-1325-07","TCGA-CJ-4634","Primary Tumor","CD3D","ENSG00000167286.10",14.8845,"OK"
"TCGA-KIRC","80a63e36-0f14-4d11-880b-c9c425034d5b","TCGA-CJ-4634-01A-02R-1325-07","TCGA-CJ-4634","Primary Tumor","CD3E","ENSG00000198851.10",14.6866,"OK"
"TCGA-KIRC","80a63e36-0f14-4d11-880b-c9c425034d5b","TCGA-CJ-4634-01A-02R-1325-07","TCGA-CJ-4634","Primary Tumor","MS4A1","ENSG00000156738.18",0.4235,"OK"
"TCGA-KIRC","80a63e36-0f14-4d11-880b-c9c425034d5b","TCGA-CJ-4634-01A-02R-1325-07","TCGA-CJ-4634","Primary Tumor","CD79A","ENSG00000105369.10",1.0019,"OK"
"TCGA-KIRC","80a63e36-0f14-4d11-880b-c9c425034d5b","TCGA-CJ-4634-01A-02R-1325-07","TCGA-CJ-4634","Primary Tumor","NKG7","ENSG00000105374.10",33.0438,"OK"
"TCGA-KIRC","80a63e36-0f14-4d11-880b-c9c425034d5b","TCGA-CJ-4634-01A-02R-1325-07","TCGA-CJ-4634","Primary Tumor","LST1","ENSG00000204482.11",27.9239,"OK"
"TCGA-KIRC","80a63e36-0f14-4d11-880b-c9c425034d5b","TCGA-CJ-4634-01A-02R-1325-07","TCGA-CJ-4634","Primary Tumor","TYROBP","ENSG00000011600.12",240.3701,"OK"
"TCGA-KIRC","80a63e36-0f14-4d11-880b-c9c425034d5b","TCGA-CJ-4634-01A-02R-1325-07","TCGA-CJ-4634","Primary Tumor","FCER1G","ENSG00000158869.11",115.3137,"OK"
"TCGA-KIRC","80a63e36-0f14-4d11-880b-c9c425034d5b","TCGA-CJ-4634-01A-02R-1325-07","TCGA-CJ-4634","Primary Tumor","CD68","ENSG00000129226.14",0.1556,"OK"
"TCGA-KIRC","c830413d-ad40-4e2a-b2a5-56407eed5ca3","TCGA-B0-5094-01A-01R-1420-07","TCGA-B0-5094","Primary Tumor","PTPRC","ENSG00000081237.20",19.1187,"OK"
"TCGA-KIRC","c830413d-ad40-4e2a-b2a5-56407eed5ca3","TCGA-B0-5094-01A-01R-1420-07","TCGA-B0-5094","Primary Tumor","CD3D","ENSG00000167286.10",14.8104,"OK"
"TCGA-KIRC","c830413d-ad40-4e2a-b2a5-56407eed5ca3","TCGA-B0-5094-01A-01R-1420-07","TCGA-B0-5094","Primary Tumor","CD3E","ENSG00000198851.10",15.7839,"OK"
"TCGA-KIRC","c830413d-ad40-4e2a-b2a5-56407eed5ca3","TCGA-B0-5094-01A-01R-1420-07","TCGA-B0-5094","Primary Tumor","MS4A1","ENSG00000156738.18",0.4656,"OK"
"TCGA-KIRC","c830413d-ad40-4e2a-b2a5-56407eed5ca3","TCGA-B0-5094-01A-01R-1420-07","TCGA-B0-5094","Primary Tumor","CD79A","ENSG00000105369.10",1.8643,"OK"
"TCGA-KIRC","c830413d-ad40-4e2a-b2a5-56407eed5ca3","TCGA-B0-5094-01A-01R-1420-07","TCGA-B0-5094","Primary Tumor","NKG7","ENSG00000105374.10",63.933,"OK"
"TCGA-KIRC","c830413d-ad40-4e2a-b2a5-56407eed5ca3","TCGA-B0-5094-01A-01R-1420-07","TCGA-B0-5094","Primary Tumor","LST1","ENSG00000204482.11",13.9057,"OK"
"TCGA-KIRC","c830413d-ad40-4e2a-b2a5-56407eed5ca3","TCGA-B0-5094-01A-01R-1420-07","TCGA-B0-5094","Primary Tumor","TYROBP","ENSG00000011600.12",159.9138,"OK"
"TCGA-KIRC","c830413d-ad40-4e2a-b2a5-56407eed5ca3","TCGA-B0-5094-01A-01R-1420-07","TCGA-B0-5094","Primary Tumor","FCER1G","ENSG00000158869.11",113.0652,"OK"
"TCGA-KIRC","c830413d-ad40-4e2a-b2a5-56407eed5ca3","TCGA-B0-5094-01A-01R-1420-07","TCGA-B0-5094","Primary Tumor","CD68","ENSG00000129226.14",0.1316,"OK"
"TCGA-KIRC","3f22ab0f-057b-4d34-8722-63ec8c8d1d33","TCGA-B8-A54D-01A-21R-A266-07","TCGA-B8-A54D","Primary Tumor","PTPRC","ENSG00000081237.20",59.5203,"OK"
"TCGA-KIRC","3f22ab0f-057b-4d34-8722-63ec8c8d1d33","TCGA-B8-A54D-01A-21R-A266-07","TCGA-B8-A54D","Primary Tumor","CD3D","ENSG00000167286.10",96.2331,"OK"
"TCGA-KIRC","3f22ab0f-057b-4d34-8722-63ec8c8d1d33","TCGA-B8-A54D-01A-21R-A266-07","TCGA-B8-A54D","Primary Tumor","CD3E","ENSG00000198851.10",82.3027,"OK"
"TCGA-KIRC","3f22ab0f-057b-4d34-8722-63ec8c8d1d33","TCGA-B8-A54D-01A-21R-A266-07","TCGA-B8-A54D","Primary Tumor","MS4A1","ENSG00000156738.18",0.6418,"OK"
"TCGA-KIRC","3f22ab0f-057b-4d34-8722-63ec8c8d1d33","TCGA-B8-A54D-01A-21R-A266-07","TCGA-B8-A54D","Primary Tumor","CD79A","ENSG00000105369.10",4.9485,"OK"
"TCGA-KIRC","3f22ab0f-057b-4d34-8722-63ec8c8d1d33","TCGA-B8-A54D-01A-21R-A266-07","TCGA-B8-A54D","Primary Tumor","NKG7","ENSG00000105374.10",232.4563,"OK"
"TCGA-KIRC","3f22ab0f-057b-4d34-8722-63ec8c8d1d33","TCGA-B8-A54D-01A-21R-A266-07","TCGA-B8-A54D","Primary Tumor","LST1","ENSG00000204482.11",23.6036,"OK"
"TCGA-KIRC","3f22ab0f-057b-4d34-8722-63ec8c8d1d33","TCGA-B8-A54D-01A-21R-A266-07","TCGA-B8-A54D","Primary Tumor","TYROBP","ENSG00000011600.12",320.6619,"OK"
"TCGA-KIRC","3f22ab0f-057b-4d34-8722-63ec8c8d1d33","TCGA-B8-A54D-01A-21R-A266-07","TCGA-B8-A54D","Primary Tumor","FCER1G","ENSG00000158869.11",188.0296,"OK"
"TCGA-KIRC","3f22ab0f-057b-4d34-8722-63ec8c8d1d33","TCGA-B8-A54D-01A-21R-A266-07","TCGA-B8-A54D","Primary Tumor","CD68","ENSG00000129226.14",0.0976,"OK"
"TCGA-KIRC","cce6300b-bad4-411f-912d-7cb1d9fb9733","TCGA-BP-4341-01A-01R-1289-07","TCGA-BP-4341","Primary Tumor","PTPRC","ENSG00000081237.20",6.9677,"OK"
"TCGA-KIRC","cce6300b-bad4-411f-912d-7cb1d9fb9733","TCGA-BP-4341-01A-01R-1289-07","TCGA-BP-4341","Primary Tumor","CD3D","ENSG00000167286.10",8.6505,"OK"
"TCGA-KIRC","cce6300b-bad4-411f-912d-7cb1d9fb9733","TCGA-BP-4341-01A-01R-1289-07","TCGA-BP-4341","Primary Tumor","CD3E","ENSG00000198851.10",10.3327,"OK"
"TCGA-KIRC","cce6300b-bad4-411f-912d-7cb1d9fb9733","TCGA-BP-4341-01A-01R-1289-07","TCGA-BP-4341","Primary Tumor","MS4A1","ENSG00000156738.18",0.2579,"OK"
"TCGA-KIRC","cce6300b-bad4-411f-912d-7cb1d9fb9733","TCGA-BP-4341-01A-01R-1289-07","TCGA-BP-4341","Primary Tumor","CD79A","ENSG00000105369.10",1.1187,"OK"
"TCGA-KIRC","cce6300b-bad4-411f-912d-7cb1d9fb9733","TCGA-BP-4341-01A-01R-1289-07","TCGA-BP-4341","Primary Tumor","NKG7","ENSG00000105374.10",55.3585,"OK"
"TCGA-KIRC","cce6300b-bad4-411f-912d-7cb1d9fb9733","TCGA-BP-4341-01A-01R-1289-07","TCGA-BP-4341","Primary Tumor","LST1","ENSG00000204482.11",19.7154,"OK"
"TCGA-KIRC","cce6300b-bad4-411f-912d-7cb1d9fb9733","TCGA-BP-4341-01A-01R-1289-07","TCGA-BP-4341","Primary Tumor","TYROBP","ENSG00000011600.12",108.6583,"OK"
"TCGA-KIRC","cce6300b-bad4-411f-912d-7cb1d9fb9733","TCGA-BP-4341-01A-01R-1289-07","TCGA-BP-4341","Primary Tumor","FCER1G","ENSG00000158869.11",43.7198,"OK"
"TCGA-KIRC","cce6300b-bad4-411f-912d-7cb1d9fb9733","TCGA-BP-4341-01A-01R-1289-07","TCGA-BP-4341","Primary Tumor","CD68","ENSG00000129226.14",0.1475,"OK"
"TCGA-KIRC","edf83523-a278-4657-88f9-230494fae0b9","TCGA-CW-5580-11A-02R-1672-07","TCGA-CW-5580","Solid Tissue Normal","PTPRC","ENSG00000081237.20",4.8233,"OK"
"TCGA-KIRC","edf83523-a278-4657-88f9-230494fae0b9","TCGA-CW-5580-11A-02R-1672-07","TCGA-CW-5580","Solid Tissue Normal","CD3D","ENSG00000167286.10",3.0999,"OK"
"TCGA-KIRC","edf83523-a278-4657-88f9-230494fae0b9","TCGA-CW-5580-11A-02R-1672-07","TCGA-CW-5580","Solid Tissue Normal","CD3E","ENSG00000198851.10",2.8539,"OK"
"TCGA-KIRC","edf83523-a278-4657-88f9-230494fae0b9","TCGA-CW-5580-11A-02R-1672-07","TCGA-CW-5580","Solid Tissue Normal","MS4A1","ENSG00000156738.18",0.1916,"OK"
"TCGA-KIRC","edf83523-a278-4657-88f9-230494fae0b9","TCGA-CW-5580-11A-02R-1672-07","TCGA-CW-5580","Solid Tissue Normal","CD79A","ENSG00000105369.10",0.946,"OK"
"TCGA-KIRC","edf83523-a278-4657-88f9-230494fae0b9","TCGA-CW-5580-11A-02R-1672-07","TCGA-CW-5580","Solid Tissue Normal","NKG7","ENSG00000105374.10",3.9256,"OK"
"TCGA-KIRC","edf83523-a278-4657-88f9-230494fae0b9","TCGA-CW-5580-11A-02R-1672-07","TCGA-CW-5580","Solid Tissue Normal","LST1","ENSG00000204482.11",4.4764,"OK"
"TCGA-KIRC","edf83523-a278-4657-88f9-230494fae0b9","TCGA-CW-5580-11A-02R-1672-07","TCGA-CW-5580","Solid Tissue Normal","TYROBP","ENSG00000011600.12",38.3723,"OK"
"TCGA-KIRC","edf83523-a278-4657-88f9-230494fae0b9","TCGA-CW-5580-11A-02R-1672-07","TCGA-CW-5580","Solid Tissue Normal","FCER1G","ENSG00000158869.11",28.8497,"OK"
"TCGA-KIRC","edf83523-a278-4657-88f9-230494fae0b9","TCGA-CW-5580-11A-02R-1672-07","TCGA-CW-5580","Solid Tissue Normal","CD68","ENSG00000129226.14",0.0184,"OK"
"TCGA-KIRC","ee7ecfb9-1ec5-4553-ba37-19c2b5f0da0f","TCGA-B0-4691-01A-01R-1277-07","TCGA-B0-4691","Primary Tumor","PTPRC","ENSG00000081237.20",20.7795,"OK"
"TCGA-KIRC","ee7ecfb9-1ec5-4553-ba37-19c2b5f0da0f","TCGA-B0-4691-01A-01R-1277-07","TCGA-B0-4691","Primary Tumor","CD3D","ENSG00000167286.10",62.4068,"OK"
"TCGA-KIRC","ee7ecfb9-1ec5-4553-ba37-19c2b5f0da0f","TCGA-B0-4691-01A-01R-1277-07","TCGA-B0-4691","Primary Tumor","CD3E","ENSG00000198851.10",44.8814,"OK"
"TCGA-KIRC","ee7ecfb9-1ec5-4553-ba37-19c2b5f0da0f","TCGA-B0-4691-01A-01R-1277-07","TCGA-B0-4691","Primary Tumor","MS4A1","ENSG00000156738.18",3.8564,"OK"
"TCGA-KIRC","ee7ecfb9-1ec5-4553-ba37-19c2b5f0da0f","TCGA-B0-4691-01A-01R-1277-07","TCGA-B0-4691","Primary Tumor","CD79A","ENSG00000105369.10",29.8804,"OK"
"TCGA-KIRC","ee7ecfb9-1ec5-4553-ba37-19c2b5f0da0f","TCGA-B0-4691-01A-01R-1277-07","TCGA-B0-4691","Primary Tumor","NKG7","ENSG00000105374.10",136.1514,"OK"
"TCGA-KIRC","ee7ecfb9-1ec5-4553-ba37-19c2b5f0da0f","TCGA-B0-4691-01A-01R-1277-07","TCGA-B0-4691","Primary Tumor","LST1","ENSG00000204482.11",28.3453,"OK"
"TCGA-KIRC","ee7ecfb9-1ec5-4553-ba37-19c2b5f0da0f","TCGA-B0-4691-01A-01R-1277-07","TCGA-B0-4691","Primary Tumor","TYROBP","ENSG00000011600.12",232.6304,"OK"
"TCGA-KIRC","ee7ecfb9-1ec5-4553-ba37-19c2b5f0da0f","TCGA-B0-4691-01A-01R-1277-07","TCGA-B0-4691","Primary Tumor","FCER1G","ENSG00000158869.11",122.2376,"OK"
"TCGA-KIRC","ee7ecfb9-1ec5-4553-ba37-19c2b5f0da0f","TCGA-B0-4691-01A-01R-1277-07","TCGA-B0-4691","Primary Tumor","CD68","ENSG00000129226.14",0.1053,"OK"
"TCGA-KIRC","637c8c48-42f9-43d7-8281-c014f4170109","TCGA-B0-4713-01A-01R-1277-07","TCGA-B0-4713","Primary Tumor","PTPRC","ENSG00000081237.20",13.2601,"OK"
"TCGA-KIRC","637c8c48-42f9-43d7-8281-c014f4170109","TCGA-B0-4713-01A-01R-1277-07","TCGA-B0-4713","Primary Tumor","CD3D","ENSG00000167286.10",19.8275,"OK"
"TCGA-KIRC","637c8c48-42f9-43d7-8281-c014f4170109","TCGA-B0-4713-01A-01R-1277-07","TCGA-B0-4713","Primary Tumor","CD3E","ENSG00000198851.10",20.6653,"OK"
"TCGA-KIRC","637c8c48-42f9-43d7-8281-c014f4170109","TCGA-B0-4713-01A-01R-1277-07","TCGA-B0-4713","Primary Tumor","MS4A1","ENSG00000156738.18",1.6474,"OK"
"TCGA-KIRC","637c8c48-42f9-43d7-8281-c014f4170109","TCGA-B0-4713-01A-01R-1277-07","TCGA-B0-4713","Primary Tumor","CD79A","ENSG00000105369.10",7.1559,"OK"
"TCGA-KIRC","637c8c48-42f9-43d7-8281-c014f4170109","TCGA-B0-4713-01A-01R-1277-07","TCGA-B0-4713","Primary Tumor","NKG7","ENSG00000105374.10",76.0904,"OK"
"TCGA-KIRC","637c8c48-42f9-43d7-8281-c014f4170109","TCGA-B0-4713-01A-01R-1277-07","TCGA-B0-4713","Primary Tumor","LST1","ENSG00000204482.11",14.2174,"OK"
"TCGA-KIRC","637c8c48-42f9-43d7-8281-c014f4170109","TCGA-B0-4713-01A-01R-1277-07","TCGA-B0-4713","Primary Tumor","TYROBP","ENSG00000011600.12",108.688,"OK"
"TCGA-KIRC","637c8c48-42f9-43d7-8281-c014f4170109","TCGA-B0-4713-01A-01R-1277-07","TCGA-B0-4713","Primary Tumor","FCER1G","ENSG00000158869.11",50.6745,"OK"
"TCGA-KIRC","637c8c48-42f9-43d7-8281-c014f4170109","TCGA-B0-4713-01A-01R-1277-07","TCGA-B0-4713","Primary Tumor","CD68","ENSG00000129226.14",0.0813,"OK"
"TCGA-KIRC","dcc70515-99c2-4867-b39a-e4c3e3a66430","TCGA-BP-4768-01A-01R-1289-07","TCGA-BP-4768","Primary Tumor","PTPRC","ENSG00000081237.20",11.9825,"OK"
"TCGA-KIRC","dcc70515-99c2-4867-b39a-e4c3e3a66430","TCGA-BP-4768-01A-01R-1289-07","TCGA-BP-4768","Primary Tumor","CD3D","ENSG00000167286.10",13.2295,"OK"
"TCGA-KIRC","dcc70515-99c2-4867-b39a-e4c3e3a66430","TCGA-BP-4768-01A-01R-1289-07","TCGA-BP-4768","Primary Tumor","CD3E","ENSG00000198851.10",15.2356,"OK"
"TCGA-KIRC","dcc70515-99c2-4867-b39a-e4c3e3a66430","TCGA-BP-4768-01A-01R-1289-07","TCGA-BP-4768","Primary Tumor","MS4A1","ENSG00000156738.18",0.3252,"OK"
"TCGA-KIRC","dcc70515-99c2-4867-b39a-e4c3e3a66430","TCGA-BP-4768-01A-01R-1289-07","TCGA-BP-4768","Primary Tumor","CD79A","ENSG00000105369.10",1.2899,"OK"
"TCGA-KIRC","dcc70515-99c2-4867-b39a-e4c3e3a66430","TCGA-BP-4768-01A-01R-1289-07","TCGA-BP-4768","Primary Tumor","NKG7","ENSG00000105374.10",22.6372,"OK"
"TCGA-KIRC","dcc70515-99c2-4867-b39a-e4c3e3a66430","TCGA-BP-4768-01A-01R-1289-07","TCGA-BP-4768","Primary Tumor","LST1","ENSG00000204482.11",12.6003,"OK"
"TCGA-KIRC","dcc70515-99c2-4867-b39a-e4c3e3a66430","TCGA-BP-4768-01A-01R-1289-07","TCGA-BP-4768","Primary Tumor","TYROBP","ENSG00000011600.12",180.5733,"OK"
"TCGA-KIRC","dcc70515-99c2-4867-b39a-e4c3e3a66430","TCGA-BP-4768-01A-01R-1289-07","TCGA-BP-4768","Primary Tumor","FCER1G","ENSG00000158869.11",93.23,"OK"
"TCGA-KIRC","dcc70515-99c2-4867-b39a-e4c3e3a66430","TCGA-BP-4768-01A-01R-1289-07","TCGA-BP-4768","Primary Tumor","CD68","ENSG00000129226.14",0.4218,"OK"
"TCGA-KIRC","8a56004e-52fb-4a5e-afa0-e466ca53d57b","TCGA-B0-5701-11A-01R-1541-07","TCGA-B0-5701","Solid Tissue Normal","PTPRC","ENSG00000081237.20",11.7913,"OK"
"TCGA-KIRC","8a56004e-52fb-4a5e-afa0-e466ca53d57b","TCGA-B0-5701-11A-01R-1541-07","TCGA-B0-5701","Solid Tissue Normal","CD3D","ENSG00000167286.10",5.374,"OK"
"TCGA-KIRC","8a56004e-52fb-4a5e-afa0-e466ca53d57b","TCGA-B0-5701-11A-01R-1541-07","TCGA-B0-5701","Solid Tissue Normal","CD3E","ENSG00000198851.10",5.4397,"OK"
"TCGA-KIRC","8a56004e-52fb-4a5e-afa0-e466ca53d57b","TCGA-B0-5701-11A-01R-1541-07","TCGA-B0-5701","Solid Tissue Normal","MS4A1","ENSG00000156738.18",1.3418,"OK"
"TCGA-KIRC","8a56004e-52fb-4a5e-afa0-e466ca53d57b","TCGA-B0-5701-11A-01R-1541-07","TCGA-B0-5701","Solid Tissue Normal","CD79A","ENSG00000105369.10",10.162,"OK"
"TCGA-KIRC","8a56004e-52fb-4a5e-afa0-e466ca53d57b","TCGA-B0-5701-11A-01R-1541-07","TCGA-B0-5701","Solid Tissue Normal","NKG7","ENSG00000105374.10",4.1588,"OK"
"TCGA-KIRC","8a56004e-52fb-4a5e-afa0-e466ca53d57b","TCGA-B0-5701-11A-01R-1541-07","TCGA-B0-5701","Solid Tissue Normal","LST1","ENSG00000204482.11",6.6946,"OK"
"TCGA-KIRC","8a56004e-52fb-4a5e-afa0-e466ca53d57b","TCGA-B0-5701-11A-01R-1541-07","TCGA-B0-5701","Solid Tissue Normal","TYROBP","ENSG00000011600.12",95.7388,"OK"
"TCGA-KIRC","8a56004e-52fb-4a5e-afa0-e466ca53d57b","TCGA-B0-5701-11A-01R-1541-07","TCGA-B0-5701","Solid Tissue Normal","FCER1G","ENSG00000158869.11",56.2529,"OK"
"TCGA-KIRC","8a56004e-52fb-4a5e-afa0-e466ca53d57b","TCGA-B0-5701-11A-01R-1541-07","TCGA-B0-5701","Solid Tissue Normal","CD68","ENSG00000129226.14",0.0699,"OK"
"TCGA-KIRC","39b522e7-162a-42e6-bdcc-a156016b9a81","TCGA-CJ-4644-01A-02R-1325-07","TCGA-CJ-4644","Primary Tumor","PTPRC","ENSG00000081237.20",41.059,"OK"
"TCGA-KIRC","39b522e7-162a-42e6-bdcc-a156016b9a81","TCGA-CJ-4644-01A-02R-1325-07","TCGA-CJ-4644","Primary Tumor","CD3D","ENSG00000167286.10",54.4556,"OK"
"TCGA-KIRC","39b522e7-162a-42e6-bdcc-a156016b9a81","TCGA-CJ-4644-01A-02R-1325-07","TCGA-CJ-4644","Primary Tumor","CD3E","ENSG00000198851.10",49.24,"OK"
"TCGA-KIRC","39b522e7-162a-42e6-bdcc-a156016b9a81","TCGA-CJ-4644-01A-02R-1325-07","TCGA-CJ-4644","Primary Tumor","MS4A1","ENSG00000156738.18",0.8093,"OK"
"TCGA-KIRC","39b522e7-162a-42e6-bdcc-a156016b9a81","TCGA-CJ-4644-01A-02R-1325-07","TCGA-CJ-4644","Primary Tumor","CD79A","ENSG00000105369.10",2.4342,"OK"
"TCGA-KIRC","39b522e7-162a-42e6-bdcc-a156016b9a81","TCGA-CJ-4644-01A-02R-1325-07","TCGA-CJ-4644","Primary Tumor","NKG7","ENSG00000105374.10",174.3427,"OK"
"TCGA-KIRC","39b522e7-162a-42e6-bdcc-a156016b9a81","TCGA-CJ-4644-01A-02R-1325-07","TCGA-CJ-4644","Primary Tumor","LST1","ENSG00000204482.11",36.4594,"OK"
"TCGA-KIRC","39b522e7-162a-42e6-bdcc-a156016b9a81","TCGA-CJ-4644-01A-02R-1325-07","TCGA-CJ-4644","Primary Tumor","TYROBP","ENSG00000011600.12",462.4954,"OK"
"TCGA-KIRC","39b522e7-162a-42e6-bdcc-a156016b9a81","TCGA-CJ-4644-01A-02R-1325-07","TCGA-CJ-4644","Primary Tumor","FCER1G","ENSG00000158869.11",233.559,"OK"
"TCGA-KIRC","39b522e7-162a-42e6-bdcc-a156016b9a81","TCGA-CJ-4644-01A-02R-1325-07","TCGA-CJ-4644","Primary Tumor","CD68","ENSG00000129226.14",0,"OK"
"TCGA-KIRC","1c5ca894-35e2-40f0-9d1a-38d25f6d6d78","TCGA-BP-4756-01A-01R-1289-07","TCGA-BP-4756","Primary Tumor","PTPRC","ENSG00000081237.20",10.9906,"OK"
"TCGA-KIRC","1c5ca894-35e2-40f0-9d1a-38d25f6d6d78","TCGA-BP-4756-01A-01R-1289-07","TCGA-BP-4756","Primary Tumor","CD3D","ENSG00000167286.10",16.0202,"OK"
"TCGA-KIRC","1c5ca894-35e2-40f0-9d1a-38d25f6d6d78","TCGA-BP-4756-01A-01R-1289-07","TCGA-BP-4756","Primary Tumor","CD3E","ENSG00000198851.10",13.5551,"OK"
"TCGA-KIRC","1c5ca894-35e2-40f0-9d1a-38d25f6d6d78","TCGA-BP-4756-01A-01R-1289-07","TCGA-BP-4756","Primary Tumor","MS4A1","ENSG00000156738.18",0.3228,"OK"
"TCGA-KIRC","1c5ca894-35e2-40f0-9d1a-38d25f6d6d78","TCGA-BP-4756-01A-01R-1289-07","TCGA-BP-4756","Primary Tumor","CD79A","ENSG00000105369.10",2.6322,"OK"
"TCGA-KIRC","1c5ca894-35e2-40f0-9d1a-38d25f6d6d78","TCGA-BP-4756-01A-01R-1289-07","TCGA-BP-4756","Primary Tumor","NKG7","ENSG00000105374.10",34.1185,"OK"
"TCGA-KIRC","1c5ca894-35e2-40f0-9d1a-38d25f6d6d78","TCGA-BP-4756-01A-01R-1289-07","TCGA-BP-4756","Primary Tumor","LST1","ENSG00000204482.11",13.9767,"OK"
"TCGA-KIRC","1c5ca894-35e2-40f0-9d1a-38d25f6d6d78","TCGA-BP-4756-01A-01R-1289-07","TCGA-BP-4756","Primary Tumor","TYROBP","ENSG00000011600.12",132.9822,"OK"
"TCGA-KIRC","1c5ca894-35e2-40f0-9d1a-38d25f6d6d78","TCGA-BP-4756-01A-01R-1289-07","TCGA-BP-4756","Primary Tumor","FCER1G","ENSG00000158869.11",88.9823,"OK"
"TCGA-KIRC","1c5ca894-35e2-40f0-9d1a-38d25f6d6d78","TCGA-BP-4756-01A-01R-1289-07","TCGA-BP-4756","Primary Tumor","CD68","ENSG00000129226.14",0.1347,"OK"
"TCGA-KIRC","eeb25b36-1272-4092-848e-9807eaed9d4e","TCGA-B4-5844-01A-11R-1672-07","TCGA-B4-5844","Primary Tumor","PTPRC","ENSG00000081237.20",21.0682,"OK"
"TCGA-KIRC","eeb25b36-1272-4092-848e-9807eaed9d4e","TCGA-B4-5844-01A-11R-1672-07","TCGA-B4-5844","Primary Tumor","CD3D","ENSG00000167286.10",10.4503,"OK"
"TCGA-KIRC","eeb25b36-1272-4092-848e-9807eaed9d4e","TCGA-B4-5844-01A-11R-1672-07","TCGA-B4-5844","Primary Tumor","CD3E","ENSG00000198851.10",11.9567,"OK"
"TCGA-KIRC","eeb25b36-1272-4092-848e-9807eaed9d4e","TCGA-B4-5844-01A-11R-1672-07","TCGA-B4-5844","Primary Tumor","MS4A1","ENSG00000156738.18",0.3104,"OK"
"TCGA-KIRC","eeb25b36-1272-4092-848e-9807eaed9d4e","TCGA-B4-5844-01A-11R-1672-07","TCGA-B4-5844","Primary Tumor","CD79A","ENSG00000105369.10",1.3113,"OK"
"TCGA-KIRC","eeb25b36-1272-4092-848e-9807eaed9d4e","TCGA-B4-5844-01A-11R-1672-07","TCGA-B4-5844","Primary Tumor","NKG7","ENSG00000105374.10",66.2077,"OK"
"TCGA-KIRC","eeb25b36-1272-4092-848e-9807eaed9d4e","TCGA-B4-5844-01A-11R-1672-07","TCGA-B4-5844","Primary Tumor","LST1","ENSG00000204482.11",25.4656,"OK"
"TCGA-KIRC","eeb25b36-1272-4092-848e-9807eaed9d4e","TCGA-B4-5844-01A-11R-1672-07","TCGA-B4-5844","Primary Tumor","TYROBP","ENSG00000011600.12",152.1023,"OK"
"TCGA-KIRC","eeb25b36-1272-4092-848e-9807eaed9d4e","TCGA-B4-5844-01A-11R-1672-07","TCGA-B4-5844","Primary Tumor","FCER1G","ENSG00000158869.11",101.4266,"OK"
"TCGA-KIRC","eeb25b36-1272-4092-848e-9807eaed9d4e","TCGA-B4-5844-01A-11R-1672-07","TCGA-B4-5844","Primary Tumor","CD68","ENSG00000129226.14",0,"OK"
"TCGA-KIRC","c0ab320a-1952-4875-af3e-9f30dcc2406b","TCGA-BP-4992-01A-01R-1334-07","TCGA-BP-4992","Primary Tumor","PTPRC","ENSG00000081237.20",14.4771,"OK"
"TCGA-KIRC","c0ab320a-1952-4875-af3e-9f30dcc2406b","TCGA-BP-4992-01A-01R-1334-07","TCGA-BP-4992","Primary Tumor","CD3D","ENSG00000167286.10",56.731,"OK"
"TCGA-KIRC","c0ab320a-1952-4875-af3e-9f30dcc2406b","TCGA-BP-4992-01A-01R-1334-07","TCGA-BP-4992","Primary Tumor","CD3E","ENSG00000198851.10",44.8648,"OK"
"TCGA-KIRC","c0ab320a-1952-4875-af3e-9f30dcc2406b","TCGA-BP-4992-01A-01R-1334-07","TCGA-BP-4992","Primary Tumor","MS4A1","ENSG00000156738.18",3.9019,"OK"
"TCGA-KIRC","c0ab320a-1952-4875-af3e-9f30dcc2406b","TCGA-BP-4992-01A-01R-1334-07","TCGA-BP-4992","Primary Tumor","CD79A","ENSG00000105369.10",4.3951,"OK"
"TCGA-KIRC","c0ab320a-1952-4875-af3e-9f30dcc2406b","TCGA-BP-4992-01A-01R-1334-07","TCGA-BP-4992","Primary Tumor","NKG7","ENSG00000105374.10",81.4075,"OK"
"TCGA-KIRC","c0ab320a-1952-4875-af3e-9f30dcc2406b","TCGA-BP-4992-01A-01R-1334-07","TCGA-BP-4992","Primary Tumor","LST1","ENSG00000204482.11",30.3092,"OK"
"TCGA-KIRC","c0ab320a-1952-4875-af3e-9f30dcc2406b","TCGA-BP-4992-01A-01R-1334-07","TCGA-BP-4992","Primary Tumor","TYROBP","ENSG00000011600.12",148.3732,"OK"
"TCGA-KIRC","c0ab320a-1952-4875-af3e-9f30dcc2406b","TCGA-BP-4992-01A-01R-1334-07","TCGA-BP-4992","Primary Tumor","FCER1G","ENSG00000158869.11",80.5148,"OK"
"TCGA-KIRC","c0ab320a-1952-4875-af3e-9f30dcc2406b","TCGA-BP-4992-01A-01R-1334-07","TCGA-BP-4992","Primary Tumor","CD68","ENSG00000129226.14",0.1526,"OK"
"TCGA-KIRC","369d7929-e499-436c-b1cc-231715d11635","TCGA-B2-5636-11A-01R-1541-07","TCGA-B2-5636","Solid Tissue Normal","PTPRC","ENSG00000081237.20",14.2165,"OK"
"TCGA-KIRC","369d7929-e499-436c-b1cc-231715d11635","TCGA-B2-5636-11A-01R-1541-07","TCGA-B2-5636","Solid Tissue Normal","CD3D","ENSG00000167286.10",8.7024,"OK"
"TCGA-KIRC","369d7929-e499-436c-b1cc-231715d11635","TCGA-B2-5636-11A-01R-1541-07","TCGA-B2-5636","Solid Tissue Normal","CD3E","ENSG00000198851.10",8.5776,"OK"
"TCGA-KIRC","369d7929-e499-436c-b1cc-231715d11635","TCGA-B2-5636-11A-01R-1541-07","TCGA-B2-5636","Solid Tissue Normal","MS4A1","ENSG00000156738.18",3.2354,"OK"
"TCGA-KIRC","369d7929-e499-436c-b1cc-231715d11635","TCGA-B2-5636-11A-01R-1541-07","TCGA-B2-5636","Solid Tissue Normal","CD79A","ENSG00000105369.10",9.2472,"OK"
"TCGA-KIRC","369d7929-e499-436c-b1cc-231715d11635","TCGA-B2-5636-11A-01R-1541-07","TCGA-B2-5636","Solid Tissue Normal","NKG7","ENSG00000105374.10",6.8213,"OK"
"TCGA-KIRC","369d7929-e499-436c-b1cc-231715d11635","TCGA-B2-5636-11A-01R-1541-07","TCGA-B2-5636","Solid Tissue Normal","LST1","ENSG00000204482.11",6.1072,"OK"
"TCGA-KIRC","369d7929-e499-436c-b1cc-231715d11635","TCGA-B2-5636-11A-01R-1541-07","TCGA-B2-5636","Solid Tissue Normal","TYROBP","ENSG00000011600.12",43.768,"OK"
"TCGA-KIRC","369d7929-e499-436c-b1cc-231715d11635","TCGA-B2-5636-11A-01R-1541-07","TCGA-B2-5636","Solid Tissue Normal","FCER1G","ENSG00000158869.11",31.5934,"OK"
"TCGA-KIRC","369d7929-e499-436c-b1cc-231715d11635","TCGA-B2-5636-11A-01R-1541-07","TCGA-B2-5636","Solid Tissue Normal","CD68","ENSG00000129226.14",0.0421,"OK"
"TCGA-KIRC","acf622b2-9d9f-45c4-992d-28165321a955","TCGA-B8-4153-01B-11R-1672-07","TCGA-B8-4153","Primary Tumor","PTPRC","ENSG00000081237.20",8.6836,"OK"
"TCGA-KIRC","acf622b2-9d9f-45c4-992d-28165321a955","TCGA-B8-4153-01B-11R-1672-07","TCGA-B8-4153","Primary Tumor","CD3D","ENSG00000167286.10",10.2345,"OK"
"TCGA-KIRC","acf622b2-9d9f-45c4-992d-28165321a955","TCGA-B8-4153-01B-11R-1672-07","TCGA-B8-4153","Primary Tumor","CD3E","ENSG00000198851.10",10.9667,"OK"
"TCGA-KIRC","acf622b2-9d9f-45c4-992d-28165321a955","TCGA-B8-4153-01B-11R-1672-07","TCGA-B8-4153","Primary Tumor","MS4A1","ENSG00000156738.18",0.1904,"OK"
"TCGA-KIRC","acf622b2-9d9f-45c4-992d-28165321a955","TCGA-B8-4153-01B-11R-1672-07","TCGA-B8-4153","Primary Tumor","CD79A","ENSG00000105369.10",0.7883,"OK"
"TCGA-KIRC","acf622b2-9d9f-45c4-992d-28165321a955","TCGA-B8-4153-01B-11R-1672-07","TCGA-B8-4153","Primary Tumor","NKG7","ENSG00000105374.10",38.783,"OK"
"TCGA-KIRC","acf622b2-9d9f-45c4-992d-28165321a955","TCGA-B8-4153-01B-11R-1672-07","TCGA-B8-4153","Primary Tumor","LST1","ENSG00000204482.11",13.6909,"OK"
"TCGA-KIRC","acf622b2-9d9f-45c4-992d-28165321a955","TCGA-B8-4153-01B-11R-1672-07","TCGA-B8-4153","Primary Tumor","TYROBP","ENSG00000011600.12",154.5786,"OK"
"TCGA-KIRC","acf622b2-9d9f-45c4-992d-28165321a955","TCGA-B8-4153-01B-11R-1672-07","TCGA-B8-4153","Primary Tumor","FCER1G","ENSG00000158869.11",66.5176,"OK"
"TCGA-KIRC","acf622b2-9d9f-45c4-992d-28165321a955","TCGA-B8-4153-01B-11R-1672-07","TCGA-B8-4153","Primary Tumor","CD68","ENSG00000129226.14",0.0466,"OK"
"TCGA-KIRC","9fc9bcd9-af84-44b8-bf83-f130d247e9a1","TCGA-BP-4355-01A-01R-1289-07","TCGA-BP-4355","Primary Tumor","PTPRC","ENSG00000081237.20",7.2395,"OK"
"TCGA-KIRC","9fc9bcd9-af84-44b8-bf83-f130d247e9a1","TCGA-BP-4355-01A-01R-1289-07","TCGA-BP-4355","Primary Tumor","CD3D","ENSG00000167286.10",9.383,"OK"
"TCGA-KIRC","9fc9bcd9-af84-44b8-bf83-f130d247e9a1","TCGA-BP-4355-01A-01R-1289-07","TCGA-BP-4355","Primary Tumor","CD3E","ENSG00000198851.10",9.9638,"OK"
"TCGA-KIRC","9fc9bcd9-af84-44b8-bf83-f130d247e9a1","TCGA-BP-4355-01A-01R-1289-07","TCGA-BP-4355","Primary Tumor","MS4A1","ENSG00000156738.18",0.5543,"OK"
"TCGA-KIRC","9fc9bcd9-af84-44b8-bf83-f130d247e9a1","TCGA-BP-4355-01A-01R-1289-07","TCGA-BP-4355","Primary Tumor","CD79A","ENSG00000105369.10",1.9672,"OK"
"TCGA-KIRC","9fc9bcd9-af84-44b8-bf83-f130d247e9a1","TCGA-BP-4355-01A-01R-1289-07","TCGA-BP-4355","Primary Tumor","NKG7","ENSG00000105374.10",19.9749,"OK"
"TCGA-KIRC","9fc9bcd9-af84-44b8-bf83-f130d247e9a1","TCGA-BP-4355-01A-01R-1289-07","TCGA-BP-4355","Primary Tumor","LST1","ENSG00000204482.11",14.73,"OK"
"TCGA-KIRC","9fc9bcd9-af84-44b8-bf83-f130d247e9a1","TCGA-BP-4355-01A-01R-1289-07","TCGA-BP-4355","Primary Tumor","TYROBP","ENSG00000011600.12",177.448,"OK"
"TCGA-KIRC","9fc9bcd9-af84-44b8-bf83-f130d247e9a1","TCGA-BP-4355-01A-01R-1289-07","TCGA-BP-4355","Primary Tumor","FCER1G","ENSG00000158869.11",85.7062,"OK"
"TCGA-KIRC","9fc9bcd9-af84-44b8-bf83-f130d247e9a1","TCGA-BP-4355-01A-01R-1289-07","TCGA-BP-4355","Primary Tumor","CD68","ENSG00000129226.14",0.0509,"OK"
"TCGA-KIRC","6a2325f0-0fe8-4fab-8af3-ab89e8aa47f0","TCGA-CJ-5672-11A-01R-1541-07","TCGA-CJ-5672","Solid Tissue Normal","PTPRC","ENSG00000081237.20",2.2191,"OK"
"TCGA-KIRC","6a2325f0-0fe8-4fab-8af3-ab89e8aa47f0","TCGA-CJ-5672-11A-01R-1541-07","TCGA-CJ-5672","Solid Tissue Normal","CD3D","ENSG00000167286.10",1.0279,"OK"
"TCGA-KIRC","6a2325f0-0fe8-4fab-8af3-ab89e8aa47f0","TCGA-CJ-5672-11A-01R-1541-07","TCGA-CJ-5672","Solid Tissue Normal","CD3E","ENSG00000198851.10",1.4708,"OK"
"TCGA-KIRC","6a2325f0-0fe8-4fab-8af3-ab89e8aa47f0","TCGA-CJ-5672-11A-01R-1541-07","TCGA-CJ-5672","Solid Tissue Normal","MS4A1","ENSG00000156738.18",0.1134,"OK"
"TCGA-KIRC","6a2325f0-0fe8-4fab-8af3-ab89e8aa47f0","TCGA-CJ-5672-11A-01R-1541-07","TCGA-CJ-5672","Solid Tissue Normal","CD79A","ENSG00000105369.10",0.3715,"OK"
"TCGA-KIRC","6a2325f0-0fe8-4fab-8af3-ab89e8aa47f0","TCGA-CJ-5672-11A-01R-1541-07","TCGA-CJ-5672","Solid Tissue Normal","NKG7","ENSG00000105374.10",3.5235,"OK"
"TCGA-KIRC","6a2325f0-0fe8-4fab-8af3-ab89e8aa47f0","TCGA-CJ-5672-11A-01R-1541-07","TCGA-CJ-5672","Solid Tissue Normal","LST1","ENSG00000204482.11",1.8786,"OK"
"TCGA-KIRC","6a2325f0-0fe8-4fab-8af3-ab89e8aa47f0","TCGA-CJ-5672-11A-01R-1541-07","TCGA-CJ-5672","Solid Tissue Normal","TYROBP","ENSG00000011600.12",14.6324,"OK"
"TCGA-KIRC","6a2325f0-0fe8-4fab-8af3-ab89e8aa47f0","TCGA-CJ-5672-11A-01R-1541-07","TCGA-CJ-5672","Solid Tissue Normal","FCER1G","ENSG00000158869.11",9.4083,"OK"
"TCGA-KIRC","6a2325f0-0fe8-4fab-8af3-ab89e8aa47f0","TCGA-CJ-5672-11A-01R-1541-07","TCGA-CJ-5672","Solid Tissue Normal","CD68","ENSG00000129226.14",0,"OK"
"TCGA-KIRC","73b5e567-d5a8-4fe7-b60e-fd4654d56fb5","TCGA-CZ-5982-11A-01R-1672-07","TCGA-CZ-5982","Solid Tissue Normal","PTPRC","ENSG00000081237.20",1.6744,"OK"
"TCGA-KIRC","73b5e567-d5a8-4fe7-b60e-fd4654d56fb5","TCGA-CZ-5982-11A-01R-1672-07","TCGA-CZ-5982","Solid Tissue Normal","CD3D","ENSG00000167286.10",0.1475,"OK"
"TCGA-KIRC","73b5e567-d5a8-4fe7-b60e-fd4654d56fb5","TCGA-CZ-5982-11A-01R-1672-07","TCGA-CZ-5982","Solid Tissue Normal","CD3E","ENSG00000198851.10",0.2275,"OK"
"TCGA-KIRC","73b5e567-d5a8-4fe7-b60e-fd4654d56fb5","TCGA-CZ-5982-11A-01R-1672-07","TCGA-CZ-5982","Solid Tissue Normal","MS4A1","ENSG00000156738.18",0.0317,"OK"
"TCGA-KIRC","73b5e567-d5a8-4fe7-b60e-fd4654d56fb5","TCGA-CZ-5982-11A-01R-1672-07","TCGA-CZ-5982","Solid Tissue Normal","CD79A","ENSG00000105369.10",0.2251,"OK"
"TCGA-KIRC","73b5e567-d5a8-4fe7-b60e-fd4654d56fb5","TCGA-CZ-5982-11A-01R-1672-07","TCGA-CZ-5982","Solid Tissue Normal","NKG7","ENSG00000105374.10",1.4779,"OK"
"TCGA-KIRC","73b5e567-d5a8-4fe7-b60e-fd4654d56fb5","TCGA-CZ-5982-11A-01R-1672-07","TCGA-CZ-5982","Solid Tissue Normal","LST1","ENSG00000204482.11",0.7625,"OK"
"TCGA-KIRC","73b5e567-d5a8-4fe7-b60e-fd4654d56fb5","TCGA-CZ-5982-11A-01R-1672-07","TCGA-CZ-5982","Solid Tissue Normal","TYROBP","ENSG00000011600.12",6.6283,"OK"
"TCGA-KIRC","73b5e567-d5a8-4fe7-b60e-fd4654d56fb5","TCGA-CZ-5982-11A-01R-1672-07","TCGA-CZ-5982","Solid Tissue Normal","FCER1G","ENSG00000158869.11",3.9615,"OK"
"TCGA-KIRC","73b5e567-d5a8-4fe7-b60e-fd4654d56fb5","TCGA-CZ-5982-11A-01R-1672-07","TCGA-CZ-5982","Solid Tissue Normal","CD68","ENSG00000129226.14",0.035,"OK"
"TCGA-KIRC","4e760e7b-84cb-42ea-9ea9-259abe362af3","TCGA-B0-4838-01A-01R-1305-07","TCGA-B0-4838","Primary Tumor","PTPRC","ENSG00000081237.20",69.5697,"OK"
"TCGA-KIRC","4e760e7b-84cb-42ea-9ea9-259abe362af3","TCGA-B0-4838-01A-01R-1305-07","TCGA-B0-4838","Primary Tumor","CD3D","ENSG00000167286.10",143.738,"OK"
"TCGA-KIRC","4e760e7b-84cb-42ea-9ea9-259abe362af3","TCGA-B0-4838-01A-01R-1305-07","TCGA-B0-4838","Primary Tumor","CD3E","ENSG00000198851.10",109.6133,"OK"
"TCGA-KIRC","4e760e7b-84cb-42ea-9ea9-259abe362af3","TCGA-B0-4838-01A-01R-1305-07","TCGA-B0-4838","Primary Tumor","MS4A1","ENSG00000156738.18",0.582,"OK"
"TCGA-KIRC","4e760e7b-84cb-42ea-9ea9-259abe362af3","TCGA-B0-4838-01A-01R-1305-07","TCGA-B0-4838","Primary Tumor","CD79A","ENSG00000105369.10",9.5972,"OK"
"TCGA-KIRC","4e760e7b-84cb-42ea-9ea9-259abe362af3","TCGA-B0-4838-01A-01R-1305-07","TCGA-B0-4838","Primary Tumor","NKG7","ENSG00000105374.10",274.3217,"OK"
"TCGA-KIRC","4e760e7b-84cb-42ea-9ea9-259abe362af3","TCGA-B0-4838-01A-01R-1305-07","TCGA-B0-4838","Primary Tumor","LST1","ENSG00000204482.11",27.1582,"OK"
"TCGA-KIRC","4e760e7b-84cb-42ea-9ea9-259abe362af3","TCGA-B0-4838-01A-01R-1305-07","TCGA-B0-4838","Primary Tumor","TYROBP","ENSG00000011600.12",267.5872,"OK"
"TCGA-KIRC","4e760e7b-84cb-42ea-9ea9-259abe362af3","TCGA-B0-4838-01A-01R-1305-07","TCGA-B0-4838","Primary Tumor","FCER1G","ENSG00000158869.11",152.6431,"OK"
"TCGA-KIRC","4e760e7b-84cb-42ea-9ea9-259abe362af3","TCGA-B0-4838-01A-01R-1305-07","TCGA-B0-4838","Primary Tumor","CD68","ENSG00000129226.14",0.107,"OK"
"TCGA-KIRC","e79eb779-6742-452b-87d4-35e67d30de92","TCGA-CZ-5457-01A-01R-1503-07","TCGA-CZ-5457","Primary Tumor","PTPRC","ENSG00000081237.20",27.6416,"OK"
"TCGA-KIRC","e79eb779-6742-452b-87d4-35e67d30de92","TCGA-CZ-5457-01A-01R-1503-07","TCGA-CZ-5457","Primary Tumor","CD3D","ENSG00000167286.10",25.8957,"OK"
"TCGA-KIRC","e79eb779-6742-452b-87d4-35e67d30de92","TCGA-CZ-5457-01A-01R-1503-07","TCGA-CZ-5457","Primary Tumor","CD3E","ENSG00000198851.10",18.4228,"OK"
"TCGA-KIRC","e79eb779-6742-452b-87d4-35e67d30de92","TCGA-CZ-5457-01A-01R-1503-07","TCGA-CZ-5457","Primary Tumor","MS4A1","ENSG00000156738.18",0.3875,"OK"
"TCGA-KIRC","e79eb779-6742-452b-87d4-35e67d30de92","TCGA-CZ-5457-01A-01R-1503-07","TCGA-CZ-5457","Primary Tumor","CD79A","ENSG00000105369.10",10.378,"OK"
"TCGA-KIRC","e79eb779-6742-452b-87d4-35e67d30de92","TCGA-CZ-5457-01A-01R-1503-07","TCGA-CZ-5457","Primary Tumor","NKG7","ENSG00000105374.10",81.2419,"OK"
"TCGA-KIRC","e79eb779-6742-452b-87d4-35e67d30de92","TCGA-CZ-5457-01A-01R-1503-07","TCGA-CZ-5457","Primary Tumor","LST1","ENSG00000204482.11",28.0327,"OK"
"TCGA-KIRC","e79eb779-6742-452b-87d4-35e67d30de92","TCGA-CZ-5457-01A-01R-1503-07","TCGA-CZ-5457","Primary Tumor","TYROBP","ENSG00000011600.12",318.3575,"OK"
"TCGA-KIRC","e79eb779-6742-452b-87d4-35e67d30de92","TCGA-CZ-5457-01A-01R-1503-07","TCGA-CZ-5457","Primary Tumor","FCER1G","ENSG00000158869.11",184.4791,"OK"
"TCGA-KIRC","e79eb779-6742-452b-87d4-35e67d30de92","TCGA-CZ-5457-01A-01R-1503-07","TCGA-CZ-5457","Primary Tumor","CD68","ENSG00000129226.14",0.2525,"OK"
"TCGA-KIRC","828b7513-8452-4541-8576-8c2f66e79892","TCGA-CZ-5457-11A-01R-1503-07","TCGA-CZ-5457","Solid Tissue Normal","PTPRC","ENSG00000081237.20",3.6174,"OK"
"TCGA-KIRC","828b7513-8452-4541-8576-8c2f66e79892","TCGA-CZ-5457-11A-01R-1503-07","TCGA-CZ-5457","Solid Tissue Normal","CD3D","ENSG00000167286.10",2.9392,"OK"
"TCGA-KIRC","828b7513-8452-4541-8576-8c2f66e79892","TCGA-CZ-5457-11A-01R-1503-07","TCGA-CZ-5457","Solid Tissue Normal","CD3E","ENSG00000198851.10",2.3049,"OK"
"TCGA-KIRC","828b7513-8452-4541-8576-8c2f66e79892","TCGA-CZ-5457-11A-01R-1503-07","TCGA-CZ-5457","Solid Tissue Normal","MS4A1","ENSG00000156738.18",0.0364,"OK"
"TCGA-KIRC","828b7513-8452-4541-8576-8c2f66e79892","TCGA-CZ-5457-11A-01R-1503-07","TCGA-CZ-5457","Solid Tissue Normal","CD79A","ENSG00000105369.10",0.8732,"OK"
"TCGA-KIRC","828b7513-8452-4541-8576-8c2f66e79892","TCGA-CZ-5457-11A-01R-1503-07","TCGA-CZ-5457","Solid Tissue Normal","NKG7","ENSG00000105374.10",6.8904,"OK"
"TCGA-KIRC","828b7513-8452-4541-8576-8c2f66e79892","TCGA-CZ-5457-11A-01R-1503-07","TCGA-CZ-5457","Solid Tissue Normal","LST1","ENSG00000204482.11",5.9835,"OK"
"TCGA-KIRC","828b7513-8452-4541-8576-8c2f66e79892","TCGA-CZ-5457-11A-01R-1503-07","TCGA-CZ-5457","Solid Tissue Normal","TYROBP","ENSG00000011600.12",58.7536,"OK"
"TCGA-KIRC","828b7513-8452-4541-8576-8c2f66e79892","TCGA-CZ-5457-11A-01R-1503-07","TCGA-CZ-5457","Solid Tissue Normal","FCER1G","ENSG00000158869.11",45.5854,"OK"
"TCGA-KIRC","828b7513-8452-4541-8576-8c2f66e79892","TCGA-CZ-5457-11A-01R-1503-07","TCGA-CZ-5457","Solid Tissue Normal","CD68","ENSG00000129226.14",0,"OK"
"TCGA-KIRC","19062abb-b733-43e2-a9f2-81bca6d65a1e","TCGA-CW-5591-01A-01R-1541-07","TCGA-CW-5591","Primary Tumor","PTPRC","ENSG00000081237.20",18.9194,"OK"
"TCGA-KIRC","19062abb-b733-43e2-a9f2-81bca6d65a1e","TCGA-CW-5591-01A-01R-1541-07","TCGA-CW-5591","Primary Tumor","CD3D","ENSG00000167286.10",5.6832,"OK"
"TCGA-KIRC","19062abb-b733-43e2-a9f2-81bca6d65a1e","TCGA-CW-5591-01A-01R-1541-07","TCGA-CW-5591","Primary Tumor","CD3E","ENSG00000198851.10",7.0864,"OK"
"TCGA-KIRC","19062abb-b733-43e2-a9f2-81bca6d65a1e","TCGA-CW-5591-01A-01R-1541-07","TCGA-CW-5591","Primary Tumor","MS4A1","ENSG00000156738.18",0.8261,"OK"
"TCGA-KIRC","19062abb-b733-43e2-a9f2-81bca6d65a1e","TCGA-CW-5591-01A-01R-1541-07","TCGA-CW-5591","Primary Tumor","CD79A","ENSG00000105369.10",2.7187,"OK"
"TCGA-KIRC","19062abb-b733-43e2-a9f2-81bca6d65a1e","TCGA-CW-5591-01A-01R-1541-07","TCGA-CW-5591","Primary Tumor","NKG7","ENSG00000105374.10",21.7814,"OK"
"TCGA-KIRC","19062abb-b733-43e2-a9f2-81bca6d65a1e","TCGA-CW-5591-01A-01R-1541-07","TCGA-CW-5591","Primary Tumor","LST1","ENSG00000204482.11",10.2709,"OK"
"TCGA-KIRC","19062abb-b733-43e2-a9f2-81bca6d65a1e","TCGA-CW-5591-01A-01R-1541-07","TCGA-CW-5591","Primary Tumor","TYROBP","ENSG00000011600.12",107.1916,"OK"
"TCGA-KIRC","19062abb-b733-43e2-a9f2-81bca6d65a1e","TCGA-CW-5591-01A-01R-1541-07","TCGA-CW-5591","Primary Tumor","FCER1G","ENSG00000158869.11",88.5905,"OK"
"TCGA-KIRC","19062abb-b733-43e2-a9f2-81bca6d65a1e","TCGA-CW-5591-01A-01R-1541-07","TCGA-CW-5591","Primary Tumor","CD68","ENSG00000129226.14",0.0331,"OK"
"TCGA-KIRC","73d97d28-fb60-4380-8ba0-34e79da74af2","TCGA-CZ-5988-11A-01R-1672-07","TCGA-CZ-5988","Solid Tissue Normal","PTPRC","ENSG00000081237.20",3.1962,"OK"
"TCGA-KIRC","73d97d28-fb60-4380-8ba0-34e79da74af2","TCGA-CZ-5988-11A-01R-1672-07","TCGA-CZ-5988","Solid Tissue Normal","CD3D","ENSG00000167286.10",0.9417,"OK"
"TCGA-KIRC","73d97d28-fb60-4380-8ba0-34e79da74af2","TCGA-CZ-5988-11A-01R-1672-07","TCGA-CZ-5988","Solid Tissue Normal","CD3E","ENSG00000198851.10",1.2361,"OK"
"TCGA-KIRC","73d97d28-fb60-4380-8ba0-34e79da74af2","TCGA-CZ-5988-11A-01R-1672-07","TCGA-CZ-5988","Solid Tissue Normal","MS4A1","ENSG00000156738.18",0.0584,"OK"
"TCGA-KIRC","73d97d28-fb60-4380-8ba0-34e79da74af2","TCGA-CZ-5988-11A-01R-1672-07","TCGA-CZ-5988","Solid Tissue Normal","CD79A","ENSG00000105369.10",0.5803,"OK"
"TCGA-KIRC","73d97d28-fb60-4380-8ba0-34e79da74af2","TCGA-CZ-5988-11A-01R-1672-07","TCGA-CZ-5988","Solid Tissue Normal","NKG7","ENSG00000105374.10",2.359,"OK"
"TCGA-KIRC","73d97d28-fb60-4380-8ba0-34e79da74af2","TCGA-CZ-5988-11A-01R-1672-07","TCGA-CZ-5988","Solid Tissue Normal","LST1","ENSG00000204482.11",2.0027,"OK"
"TCGA-KIRC","73d97d28-fb60-4380-8ba0-34e79da74af2","TCGA-CZ-5988-11A-01R-1672-07","TCGA-CZ-5988","Solid Tissue Normal","TYROBP","ENSG00000011600.12",14.8636,"OK"
"TCGA-KIRC","73d97d28-fb60-4380-8ba0-34e79da74af2","TCGA-CZ-5988-11A-01R-1672-07","TCGA-CZ-5988","Solid Tissue Normal","FCER1G","ENSG00000158869.11",10.9798,"OK"
"TCGA-KIRC","73d97d28-fb60-4380-8ba0-34e79da74af2","TCGA-CZ-5988-11A-01R-1672-07","TCGA-CZ-5988","Solid Tissue Normal","CD68","ENSG00000129226.14",0.0258,"OK"
"TCGA-KIRC","a810deed-122b-4c57-9d6f-8146c5064712","TCGA-CZ-5988-01A-11R-1672-07","TCGA-CZ-5988","Primary Tumor","PTPRC","ENSG00000081237.20",34.264,"OK"
"TCGA-KIRC","a810deed-122b-4c57-9d6f-8146c5064712","TCGA-CZ-5988-01A-11R-1672-07","TCGA-CZ-5988","Primary Tumor","CD3D","ENSG00000167286.10",33.7843,"OK"
"TCGA-KIRC","a810deed-122b-4c57-9d6f-8146c5064712","TCGA-CZ-5988-01A-11R-1672-07","TCGA-CZ-5988","Primary Tumor","CD3E","ENSG00000198851.10",31.5994,"OK"
"TCGA-KIRC","a810deed-122b-4c57-9d6f-8146c5064712","TCGA-CZ-5988-01A-11R-1672-07","TCGA-CZ-5988","Primary Tumor","MS4A1","ENSG00000156738.18",0.7781,"OK"
"TCGA-KIRC","a810deed-122b-4c57-9d6f-8146c5064712","TCGA-CZ-5988-01A-11R-1672-07","TCGA-CZ-5988","Primary Tumor","CD79A","ENSG00000105369.10",2.9149,"OK"
"TCGA-KIRC","a810deed-122b-4c57-9d6f-8146c5064712","TCGA-CZ-5988-01A-11R-1672-07","TCGA-CZ-5988","Primary Tumor","NKG7","ENSG00000105374.10",63.6932,"OK"
"TCGA-KIRC","a810deed-122b-4c57-9d6f-8146c5064712","TCGA-CZ-5988-01A-11R-1672-07","TCGA-CZ-5988","Primary Tumor","LST1","ENSG00000204482.11",18.8474,"OK"
"TCGA-KIRC","a810deed-122b-4c57-9d6f-8146c5064712","TCGA-CZ-5988-01A-11R-1672-07","TCGA-CZ-5988","Primary Tumor","TYROBP","ENSG00000011600.12",118.4406,"OK"
"TCGA-KIRC","a810deed-122b-4c57-9d6f-8146c5064712","TCGA-CZ-5988-01A-11R-1672-07","TCGA-CZ-5988","Primary Tumor","FCER1G","ENSG00000158869.11",111.1165,"OK"
"TCGA-KIRC","a810deed-122b-4c57-9d6f-8146c5064712","TCGA-CZ-5988-01A-11R-1672-07","TCGA-CZ-5988","Primary Tumor","CD68","ENSG00000129226.14",0.1907,"OK"
"TCGA-KIRC","00252d7f-e222-462f-badc-b97e8dce2021","TCGA-CW-5591-11A-01R-1541-07","TCGA-CW-5591","Solid Tissue Normal","PTPRC","ENSG00000081237.20",45.2593,"OK"
"TCGA-KIRC","00252d7f-e222-462f-badc-b97e8dce2021","TCGA-CW-5591-11A-01R-1541-07","TCGA-CW-5591","Solid Tissue Normal","CD3D","ENSG00000167286.10",25.2203,"OK"
"TCGA-KIRC","00252d7f-e222-462f-badc-b97e8dce2021","TCGA-CW-5591-11A-01R-1541-07","TCGA-CW-5591","Solid Tissue Normal","CD3E","ENSG00000198851.10",24.8685,"OK"
"TCGA-KIRC","00252d7f-e222-462f-badc-b97e8dce2021","TCGA-CW-5591-11A-01R-1541-07","TCGA-CW-5591","Solid Tissue Normal","MS4A1","ENSG00000156738.18",0.5309,"OK"
"TCGA-KIRC","00252d7f-e222-462f-badc-b97e8dce2021","TCGA-CW-5591-11A-01R-1541-07","TCGA-CW-5591","Solid Tissue Normal","CD79A","ENSG00000105369.10",2.3551,"OK"
"TCGA-KIRC","00252d7f-e222-462f-badc-b97e8dce2021","TCGA-CW-5591-11A-01R-1541-07","TCGA-CW-5591","Solid Tissue Normal","NKG7","ENSG00000105374.10",96.1046,"OK"
"TCGA-KIRC","00252d7f-e222-462f-badc-b97e8dce2021","TCGA-CW-5591-11A-01R-1541-07","TCGA-CW-5591","Solid Tissue Normal","LST1","ENSG00000204482.11",20.8654,"OK"
"TCGA-KIRC","00252d7f-e222-462f-badc-b97e8dce2021","TCGA-CW-5591-11A-01R-1541-07","TCGA-CW-5591","Solid Tissue Normal","TYROBP","ENSG00000011600.12",293.8427,"OK"
"TCGA-KIRC","00252d7f-e222-462f-badc-b97e8dce2021","TCGA-CW-5591-11A-01R-1541-07","TCGA-CW-5591","Solid Tissue Normal","FCER1G","ENSG00000158869.11",156.1141,"OK"
"TCGA-KIRC","00252d7f-e222-462f-badc-b97e8dce2021","TCGA-CW-5591-11A-01R-1541-07","TCGA-CW-5591","Solid Tissue Normal","CD68","ENSG00000129226.14",0.3193,"OK"
"TCGA-KIRC","c35af344-001b-434d-8756-e410748e8df1","TCGA-BP-5200-01A-01R-1426-07","TCGA-BP-5200","Primary Tumor","PTPRC","ENSG00000081237.20",44.1643,"OK"
"TCGA-KIRC","c35af344-001b-434d-8756-e410748e8df1","TCGA-BP-5200-01A-01R-1426-07","TCGA-BP-5200","Primary Tumor","CD3D","ENSG00000167286.10",45.0857,"OK"
"TCGA-KIRC","c35af344-001b-434d-8756-e410748e8df1","TCGA-BP-5200-01A-01R-1426-07","TCGA-BP-5200","Primary Tumor","CD3E","ENSG00000198851.10",46.6817,"OK"
"TCGA-KIRC","c35af344-001b-434d-8756-e410748e8df1","TCGA-BP-5200-01A-01R-1426-07","TCGA-BP-5200","Primary Tumor","MS4A1","ENSG00000156738.18",1.1813,"OK"
"TCGA-KIRC","c35af344-001b-434d-8756-e410748e8df1","TCGA-BP-5200-01A-01R-1426-07","TCGA-BP-5200","Primary Tumor","CD79A","ENSG00000105369.10",13.2769,"OK"
"TCGA-KIRC","c35af344-001b-434d-8756-e410748e8df1","TCGA-BP-5200-01A-01R-1426-07","TCGA-BP-5200","Primary Tumor","NKG7","ENSG00000105374.10",107.8785,"OK"
"TCGA-KIRC","c35af344-001b-434d-8756-e410748e8df1","TCGA-BP-5200-01A-01R-1426-07","TCGA-BP-5200","Primary Tumor","LST1","ENSG00000204482.11",17.1385,"OK"
"TCGA-KIRC","c35af344-001b-434d-8756-e410748e8df1","TCGA-BP-5200-01A-01R-1426-07","TCGA-BP-5200","Primary Tumor","TYROBP","ENSG00000011600.12",266.2009,"OK"
"TCGA-KIRC","c35af344-001b-434d-8756-e410748e8df1","TCGA-BP-5200-01A-01R-1426-07","TCGA-BP-5200","Primary Tumor","FCER1G","ENSG00000158869.11",145.2023,"OK"
"TCGA-KIRC","c35af344-001b-434d-8756-e410748e8df1","TCGA-BP-5200-01A-01R-1426-07","TCGA-BP-5200","Primary Tumor","CD68","ENSG00000129226.14",0.199,"OK"
"TCGA-KIRC","52433ea4-d6cc-4d21-a1af-d62c3e9c5d77","TCGA-CJ-6031-01A-11R-1672-07","TCGA-CJ-6031","Primary Tumor","PTPRC","ENSG00000081237.20",31.936,"OK"
"TCGA-KIRC","52433ea4-d6cc-4d21-a1af-d62c3e9c5d77","TCGA-CJ-6031-01A-11R-1672-07","TCGA-CJ-6031","Primary Tumor","CD3D","ENSG00000167286.10",58.1232,"OK"
"TCGA-KIRC","52433ea4-d6cc-4d21-a1af-d62c3e9c5d77","TCGA-CJ-6031-01A-11R-1672-07","TCGA-CJ-6031","Primary Tumor","CD3E","ENSG00000198851.10",49.3428,"OK"
"TCGA-KIRC","52433ea4-d6cc-4d21-a1af-d62c3e9c5d77","TCGA-CJ-6031-01A-11R-1672-07","TCGA-CJ-6031","Primary Tumor","MS4A1","ENSG00000156738.18",2.5795,"OK"
"TCGA-KIRC","52433ea4-d6cc-4d21-a1af-d62c3e9c5d77","TCGA-CJ-6031-01A-11R-1672-07","TCGA-CJ-6031","Primary Tumor","CD79A","ENSG00000105369.10",16.1612,"OK"
"TCGA-KIRC","52433ea4-d6cc-4d21-a1af-d62c3e9c5d77","TCGA-CJ-6031-01A-11R-1672-07","TCGA-CJ-6031","Primary Tumor","NKG7","ENSG00000105374.10",133.3231,"OK"
"TCGA-KIRC","52433ea4-d6cc-4d21-a1af-d62c3e9c5d77","TCGA-CJ-6031-01A-11R-1672-07","TCGA-CJ-6031","Primary Tumor","LST1","ENSG00000204482.11",31.3744,"OK"
"TCGA-KIRC","52433ea4-d6cc-4d21-a1af-d62c3e9c5d77","TCGA-CJ-6031-01A-11R-1672-07","TCGA-CJ-6031","Primary Tumor","TYROBP","ENSG00000011600.12",474.2487,"OK"
"TCGA-KIRC","52433ea4-d6cc-4d21-a1af-d62c3e9c5d77","TCGA-CJ-6031-01A-11R-1672-07","TCGA-CJ-6031","Primary Tumor","FCER1G","ENSG00000158869.11",296.6899,"OK"
"TCGA-KIRC","52433ea4-d6cc-4d21-a1af-d62c3e9c5d77","TCGA-CJ-6031-01A-11R-1672-07","TCGA-CJ-6031","Primary Tumor","CD68","ENSG00000129226.14",0.1548,"OK"
"TCGA-KIRC","07857799-d6eb-4a80-83b5-aad368e6cd3c","TCGA-BP-5187-01A-01R-1426-07","TCGA-BP-5187","Primary Tumor","PTPRC","ENSG00000081237.20",21.8355,"OK"
"TCGA-KIRC","07857799-d6eb-4a80-83b5-aad368e6cd3c","TCGA-BP-5187-01A-01R-1426-07","TCGA-BP-5187","Primary Tumor","CD3D","ENSG00000167286.10",30.4671,"OK"
"TCGA-KIRC","07857799-d6eb-4a80-83b5-aad368e6cd3c","TCGA-BP-5187-01A-01R-1426-07","TCGA-BP-5187","Primary Tumor","CD3E","ENSG00000198851.10",38.7981,"OK"
"TCGA-KIRC","07857799-d6eb-4a80-83b5-aad368e6cd3c","TCGA-BP-5187-01A-01R-1426-07","TCGA-BP-5187","Primary Tumor","MS4A1","ENSG00000156738.18",1.5646,"OK"
"TCGA-KIRC","07857799-d6eb-4a80-83b5-aad368e6cd3c","TCGA-BP-5187-01A-01R-1426-07","TCGA-BP-5187","Primary Tumor","CD79A","ENSG00000105369.10",6.6075,"OK"
"TCGA-KIRC","07857799-d6eb-4a80-83b5-aad368e6cd3c","TCGA-BP-5187-01A-01R-1426-07","TCGA-BP-5187","Primary Tumor","NKG7","ENSG00000105374.10",46.467,"OK"
"TCGA-KIRC","07857799-d6eb-4a80-83b5-aad368e6cd3c","TCGA-BP-5187-01A-01R-1426-07","TCGA-BP-5187","Primary Tumor","LST1","ENSG00000204482.11",16.0285,"OK"
"TCGA-KIRC","07857799-d6eb-4a80-83b5-aad368e6cd3c","TCGA-BP-5187-01A-01R-1426-07","TCGA-BP-5187","Primary Tumor","TYROBP","ENSG00000011600.12",179.3628,"OK"
"TCGA-KIRC","07857799-d6eb-4a80-83b5-aad368e6cd3c","TCGA-BP-5187-01A-01R-1426-07","TCGA-BP-5187","Primary Tumor","FCER1G","ENSG00000158869.11",89.4747,"OK"
"TCGA-KIRC","07857799-d6eb-4a80-83b5-aad368e6cd3c","TCGA-BP-5187-01A-01R-1426-07","TCGA-BP-5187","Primary Tumor","CD68","ENSG00000129226.14",0.0437,"OK"
"TCGA-KIRC","a34f90d2-32b4-44e7-a820-07f3d48823ce","TCGA-B0-5110-01A-01R-1420-07","TCGA-B0-5110","Primary Tumor","PTPRC","ENSG00000081237.20",33.1653,"OK"
"TCGA-KIRC","a34f90d2-32b4-44e7-a820-07f3d48823ce","TCGA-B0-5110-01A-01R-1420-07","TCGA-B0-5110","Primary Tumor","CD3D","ENSG00000167286.10",24.342,"OK"
"TCGA-KIRC","a34f90d2-32b4-44e7-a820-07f3d48823ce","TCGA-B0-5110-01A-01R-1420-07","TCGA-B0-5110","Primary Tumor","CD3E","ENSG00000198851.10",21.1464,"OK"
"TCGA-KIRC","a34f90d2-32b4-44e7-a820-07f3d48823ce","TCGA-B0-5110-01A-01R-1420-07","TCGA-B0-5110","Primary Tumor","MS4A1","ENSG00000156738.18",1.5518,"OK"
"TCGA-KIRC","a34f90d2-32b4-44e7-a820-07f3d48823ce","TCGA-B0-5110-01A-01R-1420-07","TCGA-B0-5110","Primary Tumor","CD79A","ENSG00000105369.10",3.4952,"OK"
"TCGA-KIRC","a34f90d2-32b4-44e7-a820-07f3d48823ce","TCGA-B0-5110-01A-01R-1420-07","TCGA-B0-5110","Primary Tumor","NKG7","ENSG00000105374.10",52.5505,"OK"
"TCGA-KIRC","a34f90d2-32b4-44e7-a820-07f3d48823ce","TCGA-B0-5110-01A-01R-1420-07","TCGA-B0-5110","Primary Tumor","LST1","ENSG00000204482.11",19.2213,"OK"
"TCGA-KIRC","a34f90d2-32b4-44e7-a820-07f3d48823ce","TCGA-B0-5110-01A-01R-1420-07","TCGA-B0-5110","Primary Tumor","TYROBP","ENSG00000011600.12",194.1421,"OK"
"TCGA-KIRC","a34f90d2-32b4-44e7-a820-07f3d48823ce","TCGA-B0-5110-01A-01R-1420-07","TCGA-B0-5110","Primary Tumor","FCER1G","ENSG00000158869.11",141.5378,"OK"
"TCGA-KIRC","a34f90d2-32b4-44e7-a820-07f3d48823ce","TCGA-B0-5110-01A-01R-1420-07","TCGA-B0-5110","Primary Tumor","CD68","ENSG00000129226.14",0.2632,"OK"
"TCGA-KIRC","dab754d3-54c4-4941-879a-dc107def74d8","TCGA-CJ-4889-01A-01R-1305-07","TCGA-CJ-4889","Primary Tumor","PTPRC","ENSG00000081237.20",64.8184,"OK"
"TCGA-KIRC","dab754d3-54c4-4941-879a-dc107def74d8","TCGA-CJ-4889-01A-01R-1305-07","TCGA-CJ-4889","Primary Tumor","CD3D","ENSG00000167286.10",55.2985,"OK"
"TCGA-KIRC","dab754d3-54c4-4941-879a-dc107def74d8","TCGA-CJ-4889-01A-01R-1305-07","TCGA-CJ-4889","Primary Tumor","CD3E","ENSG00000198851.10",56.6905,"OK"
"TCGA-KIRC","dab754d3-54c4-4941-879a-dc107def74d8","TCGA-CJ-4889-01A-01R-1305-07","TCGA-CJ-4889","Primary Tumor","MS4A1","ENSG00000156738.18",48.025,"OK"
"TCGA-KIRC","dab754d3-54c4-4941-879a-dc107def74d8","TCGA-CJ-4889-01A-01R-1305-07","TCGA-CJ-4889","Primary Tumor","CD79A","ENSG00000105369.10",237.0996,"OK"
"TCGA-KIRC","dab754d3-54c4-4941-879a-dc107def74d8","TCGA-CJ-4889-01A-01R-1305-07","TCGA-CJ-4889","Primary Tumor","NKG7","ENSG00000105374.10",94.0179,"OK"
"TCGA-KIRC","dab754d3-54c4-4941-879a-dc107def74d8","TCGA-CJ-4889-01A-01R-1305-07","TCGA-CJ-4889","Primary Tumor","LST1","ENSG00000204482.11",23.6117,"OK"
"TCGA-KIRC","dab754d3-54c4-4941-879a-dc107def74d8","TCGA-CJ-4889-01A-01R-1305-07","TCGA-CJ-4889","Primary Tumor","TYROBP","ENSG00000011600.12",313.8483,"OK"
"TCGA-KIRC","dab754d3-54c4-4941-879a-dc107def74d8","TCGA-CJ-4889-01A-01R-1305-07","TCGA-CJ-4889","Primary Tumor","FCER1G","ENSG00000158869.11",172.4999,"OK"
"TCGA-KIRC","dab754d3-54c4-4941-879a-dc107def74d8","TCGA-CJ-4889-01A-01R-1305-07","TCGA-CJ-4889","Primary Tumor","CD68","ENSG00000129226.14",0.1048,"OK"
"TCGA-KIRC","f007e19e-984c-4c94-b1d0-e4c298d9faa9","TCGA-CZ-5987-11A-01R-1672-07","TCGA-CZ-5987","Solid Tissue Normal","PTPRC","ENSG00000081237.20",38.2219,"OK"
"TCGA-KIRC","f007e19e-984c-4c94-b1d0-e4c298d9faa9","TCGA-CZ-5987-11A-01R-1672-07","TCGA-CZ-5987","Solid Tissue Normal","CD3D","ENSG00000167286.10",13.5968,"OK"
"TCGA-KIRC","f007e19e-984c-4c94-b1d0-e4c298d9faa9","TCGA-CZ-5987-11A-01R-1672-07","TCGA-CZ-5987","Solid Tissue Normal","CD3E","ENSG00000198851.10",17.0279,"OK"
"TCGA-KIRC","f007e19e-984c-4c94-b1d0-e4c298d9faa9","TCGA-CZ-5987-11A-01R-1672-07","TCGA-CZ-5987","Solid Tissue Normal","MS4A1","ENSG00000156738.18",2.0915,"OK"
"TCGA-KIRC","f007e19e-984c-4c94-b1d0-e4c298d9faa9","TCGA-CZ-5987-11A-01R-1672-07","TCGA-CZ-5987","Solid Tissue Normal","CD79A","ENSG00000105369.10",8.5648,"OK"
"TCGA-KIRC","f007e19e-984c-4c94-b1d0-e4c298d9faa9","TCGA-CZ-5987-11A-01R-1672-07","TCGA-CZ-5987","Solid Tissue Normal","NKG7","ENSG00000105374.10",31.5588,"OK"
"TCGA-KIRC","f007e19e-984c-4c94-b1d0-e4c298d9faa9","TCGA-CZ-5987-11A-01R-1672-07","TCGA-CZ-5987","Solid Tissue Normal","LST1","ENSG00000204482.11",17.9573,"OK"
"TCGA-KIRC","f007e19e-984c-4c94-b1d0-e4c298d9faa9","TCGA-CZ-5987-11A-01R-1672-07","TCGA-CZ-5987","Solid Tissue Normal","TYROBP","ENSG00000011600.12",147.9613,"OK"
"TCGA-KIRC","f007e19e-984c-4c94-b1d0-e4c298d9faa9","TCGA-CZ-5987-11A-01R-1672-07","TCGA-CZ-5987","Solid Tissue Normal","FCER1G","ENSG00000158869.11",102.4939,"OK"
"TCGA-KIRC","f007e19e-984c-4c94-b1d0-e4c298d9faa9","TCGA-CZ-5987-11A-01R-1672-07","TCGA-CZ-5987","Solid Tissue Normal","CD68","ENSG00000129226.14",0.0887,"OK"
"TCGA-KIRC","e3fc3546-680c-44fa-ac79-918668443800","TCGA-CZ-5987-01A-11R-1672-07","TCGA-CZ-5987","Primary Tumor","PTPRC","ENSG00000081237.20",22.9049,"OK"
"TCGA-KIRC","e3fc3546-680c-44fa-ac79-918668443800","TCGA-CZ-5987-01A-11R-1672-07","TCGA-CZ-5987","Primary Tumor","CD3D","ENSG00000167286.10",32.7927,"OK"
"TCGA-KIRC","e3fc3546-680c-44fa-ac79-918668443800","TCGA-CZ-5987-01A-11R-1672-07","TCGA-CZ-5987","Primary Tumor","CD3E","ENSG00000198851.10",27.8716,"OK"
"TCGA-KIRC","e3fc3546-680c-44fa-ac79-918668443800","TCGA-CZ-5987-01A-11R-1672-07","TCGA-CZ-5987","Primary Tumor","MS4A1","ENSG00000156738.18",0.194,"OK"
"TCGA-KIRC","e3fc3546-680c-44fa-ac79-918668443800","TCGA-CZ-5987-01A-11R-1672-07","TCGA-CZ-5987","Primary Tumor","CD79A","ENSG00000105369.10",4.8199,"OK"
"TCGA-KIRC","e3fc3546-680c-44fa-ac79-918668443800","TCGA-CZ-5987-01A-11R-1672-07","TCGA-CZ-5987","Primary Tumor","NKG7","ENSG00000105374.10",50.6585,"OK"
"TCGA-KIRC","e3fc3546-680c-44fa-ac79-918668443800","TCGA-CZ-5987-01A-11R-1672-07","TCGA-CZ-5987","Primary Tumor","LST1","ENSG00000204482.11",30.7323,"OK"
"TCGA-KIRC","e3fc3546-680c-44fa-ac79-918668443800","TCGA-CZ-5987-01A-11R-1672-07","TCGA-CZ-5987","Primary Tumor","TYROBP","ENSG00000011600.12",338.3163,"OK"
"TCGA-KIRC","e3fc3546-680c-44fa-ac79-918668443800","TCGA-CZ-5987-01A-11R-1672-07","TCGA-CZ-5987","Primary Tumor","FCER1G","ENSG00000158869.11",188.7953,"OK"
"TCGA-KIRC","e3fc3546-680c-44fa-ac79-918668443800","TCGA-CZ-5987-01A-11R-1672-07","TCGA-CZ-5987","Primary Tumor","CD68","ENSG00000129226.14",0.2496,"OK"
"TCGA-KIRC","fb47d9fc-c3a4-4f1c-b707-4996b5520351","TCGA-AK-3453-01A-02R-1277-07","TCGA-AK-3453","Primary Tumor","PTPRC","ENSG00000081237.20",20.1711,"OK"
"TCGA-KIRC","fb47d9fc-c3a4-4f1c-b707-4996b5520351","TCGA-AK-3453-01A-02R-1277-07","TCGA-AK-3453","Primary Tumor","CD3D","ENSG00000167286.10",76.1779,"OK"
"TCGA-KIRC","fb47d9fc-c3a4-4f1c-b707-4996b5520351","TCGA-AK-3453-01A-02R-1277-07","TCGA-AK-3453","Primary Tumor","CD3E","ENSG00000198851.10",71.2756,"OK"
"TCGA-KIRC","fb47d9fc-c3a4-4f1c-b707-4996b5520351","TCGA-AK-3453-01A-02R-1277-07","TCGA-AK-3453","Primary Tumor","MS4A1","ENSG00000156738.18",1.2592,"OK"
"TCGA-KIRC","fb47d9fc-c3a4-4f1c-b707-4996b5520351","TCGA-AK-3453-01A-02R-1277-07","TCGA-AK-3453","Primary Tumor","CD79A","ENSG00000105369.10",6.3619,"OK"
"TCGA-KIRC","fb47d9fc-c3a4-4f1c-b707-4996b5520351","TCGA-AK-3453-01A-02R-1277-07","TCGA-AK-3453","Primary Tumor","NKG7","ENSG00000105374.10",139.027,"OK"
"TCGA-KIRC","fb47d9fc-c3a4-4f1c-b707-4996b5520351","TCGA-AK-3453-01A-02R-1277-07","TCGA-AK-3453","Primary Tumor","LST1","ENSG00000204482.11",52.8511,"OK"
"TCGA-KIRC","fb47d9fc-c3a4-4f1c-b707-4996b5520351","TCGA-AK-3453-01A-02R-1277-07","TCGA-AK-3453","Primary Tumor","TYROBP","ENSG00000011600.12",348.1799,"OK"
"TCGA-KIRC","fb47d9fc-c3a4-4f1c-b707-4996b5520351","TCGA-AK-3453-01A-02R-1277-07","TCGA-AK-3453","Primary Tumor","FCER1G","ENSG00000158869.11",181.0592,"OK"
"TCGA-KIRC","fb47d9fc-c3a4-4f1c-b707-4996b5520351","TCGA-AK-3453-01A-02R-1277-07","TCGA-AK-3453","Primary Tumor","CD68","ENSG00000129226.14",0.1307,"OK"
"TCGA-KIRC","4d986c3f-bde2-4e66-836d-30b701d0781c","TCGA-BP-4330-01A-01R-1289-07","TCGA-BP-4330","Primary Tumor","PTPRC","ENSG00000081237.20",74.6387,"OK"
"TCGA-KIRC","4d986c3f-bde2-4e66-836d-30b701d0781c","TCGA-BP-4330-01A-01R-1289-07","TCGA-BP-4330","Primary Tumor","CD3D","ENSG00000167286.10",93.0666,"OK"
"TCGA-KIRC","4d986c3f-bde2-4e66-836d-30b701d0781c","TCGA-BP-4330-01A-01R-1289-07","TCGA-BP-4330","Primary Tumor","CD3E","ENSG00000198851.10",87.2374,"OK"
"TCGA-KIRC","4d986c3f-bde2-4e66-836d-30b701d0781c","TCGA-BP-4330-01A-01R-1289-07","TCGA-BP-4330","Primary Tumor","MS4A1","ENSG00000156738.18",6.0098,"OK"
"TCGA-KIRC","4d986c3f-bde2-4e66-836d-30b701d0781c","TCGA-BP-4330-01A-01R-1289-07","TCGA-BP-4330","Primary Tumor","CD79A","ENSG00000105369.10",59.1545,"OK"
"TCGA-KIRC","4d986c3f-bde2-4e66-836d-30b701d0781c","TCGA-BP-4330-01A-01R-1289-07","TCGA-BP-4330","Primary Tumor","NKG7","ENSG00000105374.10",218.9045,"OK"
"TCGA-KIRC","4d986c3f-bde2-4e66-836d-30b701d0781c","TCGA-BP-4330-01A-01R-1289-07","TCGA-BP-4330","Primary Tumor","LST1","ENSG00000204482.11",36.9856,"OK"
"TCGA-KIRC","4d986c3f-bde2-4e66-836d-30b701d0781c","TCGA-BP-4330-01A-01R-1289-07","TCGA-BP-4330","Primary Tumor","TYROBP","ENSG00000011600.12",295.9404,"OK"
"TCGA-KIRC","4d986c3f-bde2-4e66-836d-30b701d0781c","TCGA-BP-4330-01A-01R-1289-07","TCGA-BP-4330","Primary Tumor","FCER1G","ENSG00000158869.11",194.2713,"OK"
"TCGA-KIRC","4d986c3f-bde2-4e66-836d-30b701d0781c","TCGA-BP-4330-01A-01R-1289-07","TCGA-BP-4330","Primary Tumor","CD68","ENSG00000129226.14",0.1834,"OK"
"TCGA-KIRC","512aef07-f542-4aa6-b3e6-8f74ae1ce224","TCGA-B0-5119-01A-02R-1420-07","TCGA-B0-5119","Primary Tumor","PTPRC","ENSG00000081237.20",27.7472,"OK"
"TCGA-KIRC","512aef07-f542-4aa6-b3e6-8f74ae1ce224","TCGA-B0-5119-01A-02R-1420-07","TCGA-B0-5119","Primary Tumor","CD3D","ENSG00000167286.10",35.7088,"OK"
"TCGA-KIRC","512aef07-f542-4aa6-b3e6-8f74ae1ce224","TCGA-B0-5119-01A-02R-1420-07","TCGA-B0-5119","Primary Tumor","CD3E","ENSG00000198851.10",29.6535,"OK"
"TCGA-KIRC","512aef07-f542-4aa6-b3e6-8f74ae1ce224","TCGA-B0-5119-01A-02R-1420-07","TCGA-B0-5119","Primary Tumor","MS4A1","ENSG00000156738.18",0.0766,"OK"
"TCGA-KIRC","512aef07-f542-4aa6-b3e6-8f74ae1ce224","TCGA-B0-5119-01A-02R-1420-07","TCGA-B0-5119","Primary Tumor","CD79A","ENSG00000105369.10",1.1779,"OK"
"TCGA-KIRC","512aef07-f542-4aa6-b3e6-8f74ae1ce224","TCGA-B0-5119-01A-02R-1420-07","TCGA-B0-5119","Primary Tumor","NKG7","ENSG00000105374.10",101.1479,"OK"
"TCGA-KIRC","512aef07-f542-4aa6-b3e6-8f74ae1ce224","TCGA-B0-5119-01A-02R-1420-07","TCGA-B0-5119","Primary Tumor","LST1","ENSG00000204482.11",16.6832,"OK"
"TCGA-KIRC","512aef07-f542-4aa6-b3e6-8f74ae1ce224","TCGA-B0-5119-01A-02R-1420-07","TCGA-B0-5119","Primary Tumor","TYROBP","ENSG00000011600.12",175.6797,"OK"
"TCGA-KIRC","512aef07-f542-4aa6-b3e6-8f74ae1ce224","TCGA-B0-5119-01A-02R-1420-07","TCGA-B0-5119","Primary Tumor","FCER1G","ENSG00000158869.11",122.3426,"OK"
"TCGA-KIRC","512aef07-f542-4aa6-b3e6-8f74ae1ce224","TCGA-B0-5119-01A-02R-1420-07","TCGA-B0-5119","Primary Tumor","CD68","ENSG00000129226.14",0.0844,"OK"
"TCGA-KIRC","61e85059-9ba2-43ba-9246-4731ace197e4","TCGA-BP-4176-01A-02R-1289-07","TCGA-BP-4176","Primary Tumor","PTPRC","ENSG00000081237.20",62.5287,"OK"
"TCGA-KIRC","61e85059-9ba2-43ba-9246-4731ace197e4","TCGA-BP-4176-01A-02R-1289-07","TCGA-BP-4176","Primary Tumor","CD3D","ENSG00000167286.10",42.4859,"OK"
"TCGA-KIRC","61e85059-9ba2-43ba-9246-4731ace197e4","TCGA-BP-4176-01A-02R-1289-07","TCGA-BP-4176","Primary Tumor","CD3E","ENSG00000198851.10",35.0367,"OK"
"TCGA-KIRC","61e85059-9ba2-43ba-9246-4731ace197e4","TCGA-BP-4176-01A-02R-1289-07","TCGA-BP-4176","Primary Tumor","MS4A1","ENSG00000156738.18",3.2439,"OK"
"TCGA-KIRC","61e85059-9ba2-43ba-9246-4731ace197e4","TCGA-BP-4176-01A-02R-1289-07","TCGA-BP-4176","Primary Tumor","CD79A","ENSG00000105369.10",16.1259,"OK"
"TCGA-KIRC","61e85059-9ba2-43ba-9246-4731ace197e4","TCGA-BP-4176-01A-02R-1289-07","TCGA-BP-4176","Primary Tumor","NKG7","ENSG00000105374.10",30.3813,"OK"
"TCGA-KIRC","61e85059-9ba2-43ba-9246-4731ace197e4","TCGA-BP-4176-01A-02R-1289-07","TCGA-BP-4176","Primary Tumor","LST1","ENSG00000204482.11",32.9721,"OK"
"TCGA-KIRC","61e85059-9ba2-43ba-9246-4731ace197e4","TCGA-BP-4176-01A-02R-1289-07","TCGA-BP-4176","Primary Tumor","TYROBP","ENSG00000011600.12",559.5839,"OK"
"TCGA-KIRC","61e85059-9ba2-43ba-9246-4731ace197e4","TCGA-BP-4176-01A-02R-1289-07","TCGA-BP-4176","Primary Tumor","FCER1G","ENSG00000158869.11",300.2719,"OK"
"TCGA-KIRC","61e85059-9ba2-43ba-9246-4731ace197e4","TCGA-BP-4176-01A-02R-1289-07","TCGA-BP-4176","Primary Tumor","CD68","ENSG00000129226.14",0.1496,"OK"
"TCGA-KIRC","8e95a2b4-3110-4dd6-b3c9-b3e83c563282","TCGA-CW-6087-01A-11R-1672-07","TCGA-CW-6087","Primary Tumor","PTPRC","ENSG00000081237.20",216.3973,"OK"
"TCGA-KIRC","8e95a2b4-3110-4dd6-b3c9-b3e83c563282","TCGA-CW-6087-01A-11R-1672-07","TCGA-CW-6087","Primary Tumor","CD3D","ENSG00000167286.10",277.9978,"OK"
"TCGA-KIRC","8e95a2b4-3110-4dd6-b3c9-b3e83c563282","TCGA-CW-6087-01A-11R-1672-07","TCGA-CW-6087","Primary Tumor","CD3E","ENSG00000198851.10",254.8343,"OK"
"TCGA-KIRC","8e95a2b4-3110-4dd6-b3c9-b3e83c563282","TCGA-CW-6087-01A-11R-1672-07","TCGA-CW-6087","Primary Tumor","MS4A1","ENSG00000156738.18",2.2817,"OK"
"TCGA-KIRC","8e95a2b4-3110-4dd6-b3c9-b3e83c563282","TCGA-CW-6087-01A-11R-1672-07","TCGA-CW-6087","Primary Tumor","CD79A","ENSG00000105369.10",16.196,"OK"
"TCGA-KIRC","8e95a2b4-3110-4dd6-b3c9-b3e83c563282","TCGA-CW-6087-01A-11R-1672-07","TCGA-CW-6087","Primary Tumor","NKG7","ENSG00000105374.10",1224.5134,"OK"
"TCGA-KIRC","8e95a2b4-3110-4dd6-b3c9-b3e83c563282","TCGA-CW-6087-01A-11R-1672-07","TCGA-CW-6087","Primary Tumor","LST1","ENSG00000204482.11",80.868,"OK"
"TCGA-KIRC","8e95a2b4-3110-4dd6-b3c9-b3e83c563282","TCGA-CW-6087-01A-11R-1672-07","TCGA-CW-6087","Primary Tumor","TYROBP","ENSG00000011600.12",1000.783,"OK"
"TCGA-KIRC","8e95a2b4-3110-4dd6-b3c9-b3e83c563282","TCGA-CW-6087-01A-11R-1672-07","TCGA-CW-6087","Primary Tumor","FCER1G","ENSG00000158869.11",1122.2018,"OK"
"TCGA-KIRC","8e95a2b4-3110-4dd6-b3c9-b3e83c563282","TCGA-CW-6087-01A-11R-1672-07","TCGA-CW-6087","Primary Tumor","CD68","ENSG00000129226.14",0.2603,"OK"
"TCGA-KIRC","7c90bf9b-74c9-459c-9cd7-944ea4535a6d","TCGA-CW-6087-11A-01R-1672-07","TCGA-CW-6087","Solid Tissue Normal","PTPRC","ENSG00000081237.20",2.765,"OK"
"TCGA-KIRC","7c90bf9b-74c9-459c-9cd7-944ea4535a6d","TCGA-CW-6087-11A-01R-1672-07","TCGA-CW-6087","Solid Tissue Normal","CD3D","ENSG00000167286.10",1.2724,"OK"
"TCGA-KIRC","7c90bf9b-74c9-459c-9cd7-944ea4535a6d","TCGA-CW-6087-11A-01R-1672-07","TCGA-CW-6087","Solid Tissue Normal","CD3E","ENSG00000198851.10",1.288,"OK"
"TCGA-KIRC","7c90bf9b-74c9-459c-9cd7-944ea4535a6d","TCGA-CW-6087-11A-01R-1672-07","TCGA-CW-6087","Solid Tissue Normal","MS4A1","ENSG00000156738.18",0.0705,"OK"
"TCGA-KIRC","7c90bf9b-74c9-459c-9cd7-944ea4535a6d","TCGA-CW-6087-11A-01R-1672-07","TCGA-CW-6087","Solid Tissue Normal","CD79A","ENSG00000105369.10",0.2958,"OK"
"TCGA-KIRC","7c90bf9b-74c9-459c-9cd7-944ea4535a6d","TCGA-CW-6087-11A-01R-1672-07","TCGA-CW-6087","Solid Tissue Normal","NKG7","ENSG00000105374.10",2.3905,"OK"
"TCGA-KIRC","7c90bf9b-74c9-459c-9cd7-944ea4535a6d","TCGA-CW-6087-11A-01R-1672-07","TCGA-CW-6087","Solid Tissue Normal","LST1","ENSG00000204482.11",2.9492,"OK"
"TCGA-KIRC","7c90bf9b-74c9-459c-9cd7-944ea4535a6d","TCGA-CW-6087-11A-01R-1672-07","TCGA-CW-6087","Solid Tissue Normal","TYROBP","ENSG00000011600.12",20.1945,"OK"
"TCGA-KIRC","7c90bf9b-74c9-459c-9cd7-944ea4535a6d","TCGA-CW-6087-11A-01R-1672-07","TCGA-CW-6087","Solid Tissue Normal","FCER1G","ENSG00000158869.11",19.5397,"OK"
"TCGA-KIRC","7c90bf9b-74c9-459c-9cd7-944ea4535a6d","TCGA-CW-6087-11A-01R-1672-07","TCGA-CW-6087","Solid Tissue Normal","CD68","ENSG00000129226.14",0,"OK"
"TCGA-KIRC","feb6de8d-c44f-44ca-9583-232511ef54fd","TCGA-B0-4699-01A-01R-1277-07","TCGA-B0-4699","Primary Tumor","PTPRC","ENSG00000081237.20",46.3081,"OK"
"TCGA-KIRC","feb6de8d-c44f-44ca-9583-232511ef54fd","TCGA-B0-4699-01A-01R-1277-07","TCGA-B0-4699","Primary Tumor","CD3D","ENSG00000167286.10",79.9007,"OK"
"TCGA-KIRC","feb6de8d-c44f-44ca-9583-232511ef54fd","TCGA-B0-4699-01A-01R-1277-07","TCGA-B0-4699","Primary Tumor","CD3E","ENSG00000198851.10",63.5161,"OK"
"TCGA-KIRC","feb6de8d-c44f-44ca-9583-232511ef54fd","TCGA-B0-4699-01A-01R-1277-07","TCGA-B0-4699","Primary Tumor","MS4A1","ENSG00000156738.18",0.0826,"OK"
"TCGA-KIRC","feb6de8d-c44f-44ca-9583-232511ef54fd","TCGA-B0-4699-01A-01R-1277-07","TCGA-B0-4699","Primary Tumor","CD79A","ENSG00000105369.10",5.4647,"OK"
"TCGA-KIRC","feb6de8d-c44f-44ca-9583-232511ef54fd","TCGA-B0-4699-01A-01R-1277-07","TCGA-B0-4699","Primary Tumor","NKG7","ENSG00000105374.10",297.354,"OK"
"TCGA-KIRC","feb6de8d-c44f-44ca-9583-232511ef54fd","TCGA-B0-4699-01A-01R-1277-07","TCGA-B0-4699","Primary Tumor","LST1","ENSG00000204482.11",23.9686,"OK"
"TCGA-KIRC","feb6de8d-c44f-44ca-9583-232511ef54fd","TCGA-B0-4699-01A-01R-1277-07","TCGA-B0-4699","Primary Tumor","TYROBP","ENSG00000011600.12",404.6853,"OK"
"TCGA-KIRC","feb6de8d-c44f-44ca-9583-232511ef54fd","TCGA-B0-4699-01A-01R-1277-07","TCGA-B0-4699","Primary Tumor","FCER1G","ENSG00000158869.11",397.7413,"OK"
"TCGA-KIRC","feb6de8d-c44f-44ca-9583-232511ef54fd","TCGA-B0-4699-01A-01R-1277-07","TCGA-B0-4699","Primary Tumor","CD68","ENSG00000129226.14",0.1822,"OK"
"TCGA-KIRC","37faaa8d-fcc6-4feb-beae-cfe8155b03c2","TCGA-CJ-6032-01A-11R-1672-07","TCGA-CJ-6032","Primary Tumor","PTPRC","ENSG00000081237.20",22.9442,"OK"
"TCGA-KIRC","37faaa8d-fcc6-4feb-beae-cfe8155b03c2","TCGA-CJ-6032-01A-11R-1672-07","TCGA-CJ-6032","Primary Tumor","CD3D","ENSG00000167286.10",27.6447,"OK"
"TCGA-KIRC","37faaa8d-fcc6-4feb-beae-cfe8155b03c2","TCGA-CJ-6032-01A-11R-1672-07","TCGA-CJ-6032","Primary Tumor","CD3E","ENSG00000198851.10",22.6961,"OK"
"TCGA-KIRC","37faaa8d-fcc6-4feb-beae-cfe8155b03c2","TCGA-CJ-6032-01A-11R-1672-07","TCGA-CJ-6032","Primary Tumor","MS4A1","ENSG00000156738.18",0.3645,"OK"
"TCGA-KIRC","37faaa8d-fcc6-4feb-beae-cfe8155b03c2","TCGA-CJ-6032-01A-11R-1672-07","TCGA-CJ-6032","Primary Tumor","CD79A","ENSG00000105369.10",1.1826,"OK"
"TCGA-KIRC","37faaa8d-fcc6-4feb-beae-cfe8155b03c2","TCGA-CJ-6032-01A-11R-1672-07","TCGA-CJ-6032","Primary Tumor","NKG7","ENSG00000105374.10",67.0356,"OK"
"TCGA-KIRC","37faaa8d-fcc6-4feb-beae-cfe8155b03c2","TCGA-CJ-6032-01A-11R-1672-07","TCGA-CJ-6032","Primary Tumor","LST1","ENSG00000204482.11",18.6616,"OK"
"TCGA-KIRC","37faaa8d-fcc6-4feb-beae-cfe8155b03c2","TCGA-CJ-6032-01A-11R-1672-07","TCGA-CJ-6032","Primary Tumor","TYROBP","ENSG00000011600.12",185.2083,"OK"
"TCGA-KIRC","37faaa8d-fcc6-4feb-beae-cfe8155b03c2","TCGA-CJ-6032-01A-11R-1672-07","TCGA-CJ-6032","Primary Tumor","FCER1G","ENSG00000158869.11",109.9026,"OK"
"TCGA-KIRC","37faaa8d-fcc6-4feb-beae-cfe8155b03c2","TCGA-CJ-6032-01A-11R-1672-07","TCGA-CJ-6032","Primary Tumor","CD68","ENSG00000129226.14",0.1378,"OK"
"TCGA-KIRC","4f836d31-425e-43d4-8052-5e4a1d770efd","TCGA-B0-5709-01A-11R-1541-07","TCGA-B0-5709","Primary Tumor","PTPRC","ENSG00000081237.20",112.0495,"OK"
"TCGA-KIRC","4f836d31-425e-43d4-8052-5e4a1d770efd","TCGA-B0-5709-01A-11R-1541-07","TCGA-B0-5709","Primary Tumor","CD3D","ENSG00000167286.10",98.8007,"OK"
"TCGA-KIRC","4f836d31-425e-43d4-8052-5e4a1d770efd","TCGA-B0-5709-01A-11R-1541-07","TCGA-B0-5709","Primary Tumor","CD3E","ENSG00000198851.10",94.9312,"OK"
"TCGA-KIRC","4f836d31-425e-43d4-8052-5e4a1d770efd","TCGA-B0-5709-01A-11R-1541-07","TCGA-B0-5709","Primary Tumor","MS4A1","ENSG00000156738.18",11.7158,"OK"
"TCGA-KIRC","4f836d31-425e-43d4-8052-5e4a1d770efd","TCGA-B0-5709-01A-11R-1541-07","TCGA-B0-5709","Primary Tumor","CD79A","ENSG00000105369.10",55.2569,"OK"
"TCGA-KIRC","4f836d31-425e-43d4-8052-5e4a1d770efd","TCGA-B0-5709-01A-11R-1541-07","TCGA-B0-5709","Primary Tumor","NKG7","ENSG00000105374.10",159.7834,"OK"
"TCGA-KIRC","4f836d31-425e-43d4-8052-5e4a1d770efd","TCGA-B0-5709-01A-11R-1541-07","TCGA-B0-5709","Primary Tumor","LST1","ENSG00000204482.11",52.0281,"OK"
"TCGA-KIRC","4f836d31-425e-43d4-8052-5e4a1d770efd","TCGA-B0-5709-01A-11R-1541-07","TCGA-B0-5709","Primary Tumor","TYROBP","ENSG00000011600.12",533.0074,"OK"
"TCGA-KIRC","4f836d31-425e-43d4-8052-5e4a1d770efd","TCGA-B0-5709-01A-11R-1541-07","TCGA-B0-5709","Primary Tumor","FCER1G","ENSG00000158869.11",307.444,"OK"
"TCGA-KIRC","4f836d31-425e-43d4-8052-5e4a1d770efd","TCGA-B0-5709-01A-11R-1541-07","TCGA-B0-5709","Primary Tumor","CD68","ENSG00000129226.14",0.0792,"OK"
"TCGA-KIRC","213b2ef0-57cb-4fa3-9d56-2bda451006c9","TCGA-B0-5709-11A-01R-1541-07","TCGA-B0-5709","Solid Tissue Normal","PTPRC","ENSG00000081237.20",7.0429,"OK"
"TCGA-KIRC","213b2ef0-57cb-4fa3-9d56-2bda451006c9","TCGA-B0-5709-11A-01R-1541-07","TCGA-B0-5709","Solid Tissue Normal","CD3D","ENSG00000167286.10",3.9526,"OK"
"TCGA-KIRC","213b2ef0-57cb-4fa3-9d56-2bda451006c9","TCGA-B0-5709-11A-01R-1541-07","TCGA-B0-5709","Solid Tissue Normal","CD3E","ENSG00000198851.10",4.4489,"OK"
"TCGA-KIRC","213b2ef0-57cb-4fa3-9d56-2bda451006c9","TCGA-B0-5709-11A-01R-1541-07","TCGA-B0-5709","Solid Tissue Normal","MS4A1","ENSG00000156738.18",0.2497,"OK"
"TCGA-KIRC","213b2ef0-57cb-4fa3-9d56-2bda451006c9","TCGA-B0-5709-11A-01R-1541-07","TCGA-B0-5709","Solid Tissue Normal","CD79A","ENSG00000105369.10",0.764,"OK"
"TCGA-KIRC","213b2ef0-57cb-4fa3-9d56-2bda451006c9","TCGA-B0-5709-11A-01R-1541-07","TCGA-B0-5709","Solid Tissue Normal","NKG7","ENSG00000105374.10",6.2437,"OK"
"TCGA-KIRC","213b2ef0-57cb-4fa3-9d56-2bda451006c9","TCGA-B0-5709-11A-01R-1541-07","TCGA-B0-5709","Solid Tissue Normal","LST1","ENSG00000204482.11",5.0241,"OK"
"TCGA-KIRC","213b2ef0-57cb-4fa3-9d56-2bda451006c9","TCGA-B0-5709-11A-01R-1541-07","TCGA-B0-5709","Solid Tissue Normal","TYROBP","ENSG00000011600.12",38.901,"OK"
"TCGA-KIRC","213b2ef0-57cb-4fa3-9d56-2bda451006c9","TCGA-B0-5709-11A-01R-1541-07","TCGA-B0-5709","Solid Tissue Normal","FCER1G","ENSG00000158869.11",25.8635,"OK"
"TCGA-KIRC","213b2ef0-57cb-4fa3-9d56-2bda451006c9","TCGA-B0-5709-11A-01R-1541-07","TCGA-B0-5709","Solid Tissue Normal","CD68","ENSG00000129226.14",0.019,"OK"
"TCGA-KIRC","8ebf5653-96f8-4adc-a251-d8c059d699b0","TCGA-AK-3445-01A-02R-1277-07","TCGA-AK-3445","Primary Tumor","PTPRC","ENSG00000081237.20",34.2874,"OK"
"TCGA-KIRC","8ebf5653-96f8-4adc-a251-d8c059d699b0","TCGA-AK-3445-01A-02R-1277-07","TCGA-AK-3445","Primary Tumor","CD3D","ENSG00000167286.10",53.5654,"OK"
"TCGA-KIRC","8ebf5653-96f8-4adc-a251-d8c059d699b0","TCGA-AK-3445-01A-02R-1277-07","TCGA-AK-3445","Primary Tumor","CD3E","ENSG00000198851.10",49.2494,"OK"
"TCGA-KIRC","8ebf5653-96f8-4adc-a251-d8c059d699b0","TCGA-AK-3445-01A-02R-1277-07","TCGA-AK-3445","Primary Tumor","MS4A1","ENSG00000156738.18",0.5256,"OK"
"TCGA-KIRC","8ebf5653-96f8-4adc-a251-d8c059d699b0","TCGA-AK-3445-01A-02R-1277-07","TCGA-AK-3445","Primary Tumor","CD79A","ENSG00000105369.10",2.1321,"OK"
"TCGA-KIRC","8ebf5653-96f8-4adc-a251-d8c059d699b0","TCGA-AK-3445-01A-02R-1277-07","TCGA-AK-3445","Primary Tumor","NKG7","ENSG00000105374.10",75.5271,"OK"
"TCGA-KIRC","8ebf5653-96f8-4adc-a251-d8c059d699b0","TCGA-AK-3445-01A-02R-1277-07","TCGA-AK-3445","Primary Tumor","LST1","ENSG00000204482.11",38.9753,"OK"
"TCGA-KIRC","8ebf5653-96f8-4adc-a251-d8c059d699b0","TCGA-AK-3445-01A-02R-1277-07","TCGA-AK-3445","Primary Tumor","TYROBP","ENSG00000011600.12",450.7581,"OK"
"TCGA-KIRC","8ebf5653-96f8-4adc-a251-d8c059d699b0","TCGA-AK-3445-01A-02R-1277-07","TCGA-AK-3445","Primary Tumor","FCER1G","ENSG00000158869.11",236.3903,"OK"
"TCGA-KIRC","8ebf5653-96f8-4adc-a251-d8c059d699b0","TCGA-AK-3445-01A-02R-1277-07","TCGA-AK-3445","Primary Tumor","CD68","ENSG00000129226.14",0.1325,"OK"
"TCGA-KIRC","ab55b80d-abac-431c-bd6e-e5e1ed46210f","TCGA-BP-4970-01A-01R-1334-07","TCGA-BP-4970","Primary Tumor","PTPRC","ENSG00000081237.20",66.118,"OK"
"TCGA-KIRC","ab55b80d-abac-431c-bd6e-e5e1ed46210f","TCGA-BP-4970-01A-01R-1334-07","TCGA-BP-4970","Primary Tumor","CD3D","ENSG00000167286.10",60.2361,"OK"
"TCGA-KIRC","ab55b80d-abac-431c-bd6e-e5e1ed46210f","TCGA-BP-4970-01A-01R-1334-07","TCGA-BP-4970","Primary Tumor","CD3E","ENSG00000198851.10",54.2678,"OK"
"TCGA-KIRC","ab55b80d-abac-431c-bd6e-e5e1ed46210f","TCGA-BP-4970-01A-01R-1334-07","TCGA-BP-4970","Primary Tumor","MS4A1","ENSG00000156738.18",1.4527,"OK"
"TCGA-KIRC","ab55b80d-abac-431c-bd6e-e5e1ed46210f","TCGA-BP-4970-01A-01R-1334-07","TCGA-BP-4970","Primary Tumor","CD79A","ENSG00000105369.10",7.4055,"OK"
"TCGA-KIRC","ab55b80d-abac-431c-bd6e-e5e1ed46210f","TCGA-BP-4970-01A-01R-1334-07","TCGA-BP-4970","Primary Tumor","NKG7","ENSG00000105374.10",135.5635,"OK"
"TCGA-KIRC","ab55b80d-abac-431c-bd6e-e5e1ed46210f","TCGA-BP-4970-01A-01R-1334-07","TCGA-BP-4970","Primary Tumor","LST1","ENSG00000204482.11",37.4668,"OK"
"TCGA-KIRC","ab55b80d-abac-431c-bd6e-e5e1ed46210f","TCGA-BP-4970-01A-01R-1334-07","TCGA-BP-4970","Primary Tumor","TYROBP","ENSG00000011600.12",460.6128,"OK"
"TCGA-KIRC","ab55b80d-abac-431c-bd6e-e5e1ed46210f","TCGA-BP-4970-01A-01R-1334-07","TCGA-BP-4970","Primary Tumor","FCER1G","ENSG00000158869.11",237.556,"OK"
"TCGA-KIRC","ab55b80d-abac-431c-bd6e-e5e1ed46210f","TCGA-BP-4970-01A-01R-1334-07","TCGA-BP-4970","Primary Tumor","CD68","ENSG00000129226.14",0.0971,"OK"
"TCGA-KIRC","a89b3ab8-977d-4c4d-8323-ca8d6df792e4","TCGA-BP-4963-01A-01R-1334-07","TCGA-BP-4963","Primary Tumor","PTPRC","ENSG00000081237.20",42.8912,"OK"
"TCGA-KIRC","a89b3ab8-977d-4c4d-8323-ca8d6df792e4","TCGA-BP-4963-01A-01R-1334-07","TCGA-BP-4963","Primary Tumor","CD3D","ENSG00000167286.10",31.0626,"OK"
"TCGA-KIRC","a89b3ab8-977d-4c4d-8323-ca8d6df792e4","TCGA-BP-4963-01A-01R-1334-07","TCGA-BP-4963","Primary Tumor","CD3E","ENSG00000198851.10",25.8847,"OK"
"TCGA-KIRC","a89b3ab8-977d-4c4d-8323-ca8d6df792e4","TCGA-BP-4963-01A-01R-1334-07","TCGA-BP-4963","Primary Tumor","MS4A1","ENSG00000156738.18",1.3474,"OK"
"TCGA-KIRC","a89b3ab8-977d-4c4d-8323-ca8d6df792e4","TCGA-BP-4963-01A-01R-1334-07","TCGA-BP-4963","Primary Tumor","CD79A","ENSG00000105369.10",2.6735,"OK"
"TCGA-KIRC","a89b3ab8-977d-4c4d-8323-ca8d6df792e4","TCGA-BP-4963-01A-01R-1334-07","TCGA-BP-4963","Primary Tumor","NKG7","ENSG00000105374.10",37.4754,"OK"
"TCGA-KIRC","a89b3ab8-977d-4c4d-8323-ca8d6df792e4","TCGA-BP-4963-01A-01R-1334-07","TCGA-BP-4963","Primary Tumor","LST1","ENSG00000204482.11",28.1108,"OK"
"TCGA-KIRC","a89b3ab8-977d-4c4d-8323-ca8d6df792e4","TCGA-BP-4963-01A-01R-1334-07","TCGA-BP-4963","Primary Tumor","TYROBP","ENSG00000011600.12",336.8495,"OK"
"TCGA-KIRC","a89b3ab8-977d-4c4d-8323-ca8d6df792e4","TCGA-BP-4963-01A-01R-1334-07","TCGA-BP-4963","Primary Tumor","FCER1G","ENSG00000158869.11",185.8439,"OK"
"TCGA-KIRC","a89b3ab8-977d-4c4d-8323-ca8d6df792e4","TCGA-BP-4963-01A-01R-1334-07","TCGA-BP-4963","Primary Tumor","CD68","ENSG00000129226.14",0.3978,"OK"
"TCGA-KIRC","e8a098f6-ed3e-46a8-ae16-2f130a5fb715","TCGA-BP-4770-01A-01R-1503-07","TCGA-BP-4770","Primary Tumor","PTPRC","ENSG00000081237.20",13.9447,"OK"
"TCGA-KIRC","e8a098f6-ed3e-46a8-ae16-2f130a5fb715","TCGA-BP-4770-01A-01R-1503-07","TCGA-BP-4770","Primary Tumor","CD3D","ENSG00000167286.10",21.1506,"OK"
"TCGA-KIRC","e8a098f6-ed3e-46a8-ae16-2f130a5fb715","TCGA-BP-4770-01A-01R-1503-07","TCGA-BP-4770","Primary Tumor","CD3E","ENSG00000198851.10",20.3773,"OK"
"TCGA-KIRC","e8a098f6-ed3e-46a8-ae16-2f130a5fb715","TCGA-BP-4770-01A-01R-1503-07","TCGA-BP-4770","Primary Tumor","MS4A1","ENSG00000156738.18",0.2176,"OK"
"TCGA-KIRC","e8a098f6-ed3e-46a8-ae16-2f130a5fb715","TCGA-BP-4770-01A-01R-1503-07","TCGA-BP-4770","Primary Tumor","CD79A","ENSG00000105369.10",1.6185,"OK"
"TCGA-KIRC","e8a098f6-ed3e-46a8-ae16-2f130a5fb715","TCGA-BP-4770-01A-01R-1503-07","TCGA-BP-4770","Primary Tumor","NKG7","ENSG00000105374.10",44.6062,"OK"
"TCGA-KIRC","e8a098f6-ed3e-46a8-ae16-2f130a5fb715","TCGA-BP-4770-01A-01R-1503-07","TCGA-BP-4770","Primary Tumor","LST1","ENSG00000204482.11",20.6331,"OK"
"TCGA-KIRC","e8a098f6-ed3e-46a8-ae16-2f130a5fb715","TCGA-BP-4770-01A-01R-1503-07","TCGA-BP-4770","Primary Tumor","TYROBP","ENSG00000011600.12",458.5068,"OK"
"TCGA-KIRC","e8a098f6-ed3e-46a8-ae16-2f130a5fb715","TCGA-BP-4770-01A-01R-1503-07","TCGA-BP-4770","Primary Tumor","FCER1G","ENSG00000158869.11",469.7559,"OK"
"TCGA-KIRC","e8a098f6-ed3e-46a8-ae16-2f130a5fb715","TCGA-BP-4770-01A-01R-1503-07","TCGA-BP-4770","Primary Tumor","CD68","ENSG00000129226.14",0,"OK"
"TCGA-KIRC","cdc162f6-6ee3-45bb-a764-88458b87bf7b","TCGA-B0-5117-01A-01R-1420-07","TCGA-B0-5117","Primary Tumor","PTPRC","ENSG00000081237.20",0.757,"OK"
"TCGA-KIRC","cdc162f6-6ee3-45bb-a764-88458b87bf7b","TCGA-B0-5117-01A-01R-1420-07","TCGA-B0-5117","Primary Tumor","CD3D","ENSG00000167286.10",0.8284,"OK"
"TCGA-KIRC","cdc162f6-6ee3-45bb-a764-88458b87bf7b","TCGA-B0-5117-01A-01R-1420-07","TCGA-B0-5117","Primary Tumor","CD3E","ENSG00000198851.10",0.9961,"OK"
"TCGA-KIRC","cdc162f6-6ee3-45bb-a764-88458b87bf7b","TCGA-B0-5117-01A-01R-1420-07","TCGA-B0-5117","Primary Tumor","MS4A1","ENSG00000156738.18",0.0211,"OK"
"TCGA-KIRC","cdc162f6-6ee3-45bb-a764-88458b87bf7b","TCGA-B0-5117-01A-01R-1420-07","TCGA-B0-5117","Primary Tumor","CD79A","ENSG00000105369.10",1.5217,"OK"
"TCGA-KIRC","cdc162f6-6ee3-45bb-a764-88458b87bf7b","TCGA-B0-5117-01A-01R-1420-07","TCGA-B0-5117","Primary Tumor","NKG7","ENSG00000105374.10",2.5483,"OK"
"TCGA-KIRC","cdc162f6-6ee3-45bb-a764-88458b87bf7b","TCGA-B0-5117-01A-01R-1420-07","TCGA-B0-5117","Primary Tumor","LST1","ENSG00000204482.11",2.6458,"OK"
"TCGA-KIRC","cdc162f6-6ee3-45bb-a764-88458b87bf7b","TCGA-B0-5117-01A-01R-1420-07","TCGA-B0-5117","Primary Tumor","TYROBP","ENSG00000011600.12",19.7029,"OK"
"TCGA-KIRC","cdc162f6-6ee3-45bb-a764-88458b87bf7b","TCGA-B0-5117-01A-01R-1420-07","TCGA-B0-5117","Primary Tumor","FCER1G","ENSG00000158869.11",10.2602,"OK"
"TCGA-KIRC","cdc162f6-6ee3-45bb-a764-88458b87bf7b","TCGA-B0-5117-01A-01R-1420-07","TCGA-B0-5117","Primary Tumor","CD68","ENSG00000129226.14",0.0155,"OK"
"TCGA-KIRC","72595e5d-dab6-4d89-8332-6b0a599e218b","TCGA-BP-4987-01A-01R-1334-07","TCGA-BP-4987","Primary Tumor","PTPRC","ENSG00000081237.20",35.0886,"OK"
"TCGA-KIRC","72595e5d-dab6-4d89-8332-6b0a599e218b","TCGA-BP-4987-01A-01R-1334-07","TCGA-BP-4987","Primary Tumor","CD3D","ENSG00000167286.10",32.878,"OK"
"TCGA-KIRC","72595e5d-dab6-4d89-8332-6b0a599e218b","TCGA-BP-4987-01A-01R-1334-07","TCGA-BP-4987","Primary Tumor","CD3E","ENSG00000198851.10",29.3179,"OK"
"TCGA-KIRC","72595e5d-dab6-4d89-8332-6b0a599e218b","TCGA-BP-4987-01A-01R-1334-07","TCGA-BP-4987","Primary Tumor","MS4A1","ENSG00000156738.18",1.2497,"OK"
"TCGA-KIRC","72595e5d-dab6-4d89-8332-6b0a599e218b","TCGA-BP-4987-01A-01R-1334-07","TCGA-BP-4987","Primary Tumor","CD79A","ENSG00000105369.10",3.3265,"OK"
"TCGA-KIRC","72595e5d-dab6-4d89-8332-6b0a599e218b","TCGA-BP-4987-01A-01R-1334-07","TCGA-BP-4987","Primary Tumor","NKG7","ENSG00000105374.10",95.1329,"OK"
"TCGA-KIRC","72595e5d-dab6-4d89-8332-6b0a599e218b","TCGA-BP-4987-01A-01R-1334-07","TCGA-BP-4987","Primary Tumor","LST1","ENSG00000204482.11",20.8393,"OK"
"TCGA-KIRC","72595e5d-dab6-4d89-8332-6b0a599e218b","TCGA-BP-4987-01A-01R-1334-07","TCGA-BP-4987","Primary Tumor","TYROBP","ENSG00000011600.12",215.8657,"OK"
"TCGA-KIRC","72595e5d-dab6-4d89-8332-6b0a599e218b","TCGA-BP-4987-01A-01R-1334-07","TCGA-BP-4987","Primary Tumor","FCER1G","ENSG00000158869.11",90.5163,"OK"
"TCGA-KIRC","72595e5d-dab6-4d89-8332-6b0a599e218b","TCGA-BP-4987-01A-01R-1334-07","TCGA-BP-4987","Primary Tumor","CD68","ENSG00000129226.14",0.3801,"OK"
"TCGA-KIRC","4488f655-ed4d-44d1-acad-20d9c530f84d","TCGA-MW-A4EC-01A-11R-A266-07","TCGA-MW-A4EC","Primary Tumor","PTPRC","ENSG00000081237.20",12.9835,"OK"
"TCGA-KIRC","4488f655-ed4d-44d1-acad-20d9c530f84d","TCGA-MW-A4EC-01A-11R-A266-07","TCGA-MW-A4EC","Primary Tumor","CD3D","ENSG00000167286.10",22.7734,"OK"
"TCGA-KIRC","4488f655-ed4d-44d1-acad-20d9c530f84d","TCGA-MW-A4EC-01A-11R-A266-07","TCGA-MW-A4EC","Primary Tumor","CD3E","ENSG00000198851.10",12.1378,"OK"
"TCGA-KIRC","4488f655-ed4d-44d1-acad-20d9c530f84d","TCGA-MW-A4EC-01A-11R-A266-07","TCGA-MW-A4EC","Primary Tumor","MS4A1","ENSG00000156738.18",0.5064,"OK"
"TCGA-KIRC","4488f655-ed4d-44d1-acad-20d9c530f84d","TCGA-MW-A4EC-01A-11R-A266-07","TCGA-MW-A4EC","Primary Tumor","CD79A","ENSG00000105369.10",1.997,"OK"
"TCGA-KIRC","4488f655-ed4d-44d1-acad-20d9c530f84d","TCGA-MW-A4EC-01A-11R-A266-07","TCGA-MW-A4EC","Primary Tumor","NKG7","ENSG00000105374.10",52.455,"OK"
"TCGA-KIRC","4488f655-ed4d-44d1-acad-20d9c530f84d","TCGA-MW-A4EC-01A-11R-A266-07","TCGA-MW-A4EC","Primary Tumor","LST1","ENSG00000204482.11",24.3567,"OK"
"TCGA-KIRC","4488f655-ed4d-44d1-acad-20d9c530f84d","TCGA-MW-A4EC-01A-11R-A266-07","TCGA-MW-A4EC","Primary Tumor","TYROBP","ENSG00000011600.12",271.3537,"OK"
"TCGA-KIRC","4488f655-ed4d-44d1-acad-20d9c530f84d","TCGA-MW-A4EC-01A-11R-A266-07","TCGA-MW-A4EC","Primary Tumor","FCER1G","ENSG00000158869.11",91.8778,"OK"
"TCGA-KIRC","4488f655-ed4d-44d1-acad-20d9c530f84d","TCGA-MW-A4EC-01A-11R-A266-07","TCGA-MW-A4EC","Primary Tumor","CD68","ENSG00000129226.14",0.1551,"OK"
"TCGA-KIRC","d2f080ca-6e8b-4b9c-b64d-376ca8a8beed","TCGA-B8-4622-11A-01R-1758-07","TCGA-B8-4622","Solid Tissue Normal","PTPRC","ENSG00000081237.20",22.6222,"OK"
"TCGA-KIRC","d2f080ca-6e8b-4b9c-b64d-376ca8a8beed","TCGA-B8-4622-11A-01R-1758-07","TCGA-B8-4622","Solid Tissue Normal","CD3D","ENSG00000167286.10",24.2872,"OK"
"TCGA-KIRC","d2f080ca-6e8b-4b9c-b64d-376ca8a8beed","TCGA-B8-4622-11A-01R-1758-07","TCGA-B8-4622","Solid Tissue Normal","CD3E","ENSG00000198851.10",16.0024,"OK"
"TCGA-KIRC","d2f080ca-6e8b-4b9c-b64d-376ca8a8beed","TCGA-B8-4622-11A-01R-1758-07","TCGA-B8-4622","Solid Tissue Normal","MS4A1","ENSG00000156738.18",4.142,"OK"
"TCGA-KIRC","d2f080ca-6e8b-4b9c-b64d-376ca8a8beed","TCGA-B8-4622-11A-01R-1758-07","TCGA-B8-4622","Solid Tissue Normal","CD79A","ENSG00000105369.10",21.2084,"OK"
"TCGA-KIRC","d2f080ca-6e8b-4b9c-b64d-376ca8a8beed","TCGA-B8-4622-11A-01R-1758-07","TCGA-B8-4622","Solid Tissue Normal","NKG7","ENSG00000105374.10",21.2844,"OK"
"TCGA-KIRC","d2f080ca-6e8b-4b9c-b64d-376ca8a8beed","TCGA-B8-4622-11A-01R-1758-07","TCGA-B8-4622","Solid Tissue Normal","LST1","ENSG00000204482.11",15.6091,"OK"
"TCGA-KIRC","d2f080ca-6e8b-4b9c-b64d-376ca8a8beed","TCGA-B8-4622-11A-01R-1758-07","TCGA-B8-4622","Solid Tissue Normal","TYROBP","ENSG00000011600.12",115.7797,"OK"
"TCGA-KIRC","d2f080ca-6e8b-4b9c-b64d-376ca8a8beed","TCGA-B8-4622-11A-01R-1758-07","TCGA-B8-4622","Solid Tissue Normal","FCER1G","ENSG00000158869.11",46.968,"OK"
"TCGA-KIRC","d2f080ca-6e8b-4b9c-b64d-376ca8a8beed","TCGA-B8-4622-11A-01R-1758-07","TCGA-B8-4622","Solid Tissue Normal","CD68","ENSG00000129226.14",0.0476,"OK"
"TCGA-KIRC","40b17492-39d1-4ce2-8f91-9e1cba32f42a","TCGA-BP-5008-01A-01R-1334-07","TCGA-BP-5008","Primary Tumor","PTPRC","ENSG00000081237.20",50.5305,"OK"
"TCGA-KIRC","40b17492-39d1-4ce2-8f91-9e1cba32f42a","TCGA-BP-5008-01A-01R-1334-07","TCGA-BP-5008","Primary Tumor","CD3D","ENSG00000167286.10",59.0835,"OK"
"TCGA-KIRC","40b17492-39d1-4ce2-8f91-9e1cba32f42a","TCGA-BP-5008-01A-01R-1334-07","TCGA-BP-5008","Primary Tumor","CD3E","ENSG00000198851.10",56.5931,"OK"
"TCGA-KIRC","40b17492-39d1-4ce2-8f91-9e1cba32f42a","TCGA-BP-5008-01A-01R-1334-07","TCGA-BP-5008","Primary Tumor","MS4A1","ENSG00000156738.18",4.0172,"OK"
"TCGA-KIRC","40b17492-39d1-4ce2-8f91-9e1cba32f42a","TCGA-BP-5008-01A-01R-1334-07","TCGA-BP-5008","Primary Tumor","CD79A","ENSG00000105369.10",12.5055,"OK"
"TCGA-KIRC","40b17492-39d1-4ce2-8f91-9e1cba32f42a","TCGA-BP-5008-01A-01R-1334-07","TCGA-BP-5008","Primary Tumor","NKG7","ENSG00000105374.10",75.5028,"OK"
"TCGA-KIRC","40b17492-39d1-4ce2-8f91-9e1cba32f42a","TCGA-BP-5008-01A-01R-1334-07","TCGA-BP-5008","Primary Tumor","LST1","ENSG00000204482.11",23.5222,"OK"
"TCGA-KIRC","40b17492-39d1-4ce2-8f91-9e1cba32f42a","TCGA-BP-5008-01A-01R-1334-07","TCGA-BP-5008","Primary Tumor","TYROBP","ENSG00000011600.12",295.6258,"OK"
"TCGA-KIRC","40b17492-39d1-4ce2-8f91-9e1cba32f42a","TCGA-BP-5008-01A-01R-1334-07","TCGA-BP-5008","Primary Tumor","FCER1G","ENSG00000158869.11",171.093,"OK"
"TCGA-KIRC","40b17492-39d1-4ce2-8f91-9e1cba32f42a","TCGA-BP-5008-01A-01R-1334-07","TCGA-BP-5008","Primary Tumor","CD68","ENSG00000129226.14",0.1708,"OK"
"TCGA-KIRC","063830a5-bb8f-4d58-98d6-c49ea4f1f66d","TCGA-CZ-5467-01A-01R-1503-07","TCGA-CZ-5467","Primary Tumor","PTPRC","ENSG00000081237.20",17.3954,"OK"
"TCGA-KIRC","063830a5-bb8f-4d58-98d6-c49ea4f1f66d","TCGA-CZ-5467-01A-01R-1503-07","TCGA-CZ-5467","Primary Tumor","CD3D","ENSG00000167286.10",17.1064,"OK"
"TCGA-KIRC","063830a5-bb8f-4d58-98d6-c49ea4f1f66d","TCGA-CZ-5467-01A-01R-1503-07","TCGA-CZ-5467","Primary Tumor","CD3E","ENSG00000198851.10",13.2073,"OK"
"TCGA-KIRC","063830a5-bb8f-4d58-98d6-c49ea4f1f66d","TCGA-CZ-5467-01A-01R-1503-07","TCGA-CZ-5467","Primary Tumor","MS4A1","ENSG00000156738.18",0.6439,"OK"
"TCGA-KIRC","063830a5-bb8f-4d58-98d6-c49ea4f1f66d","TCGA-CZ-5467-01A-01R-1503-07","TCGA-CZ-5467","Primary Tumor","CD79A","ENSG00000105369.10",6.0797,"OK"
"TCGA-KIRC","063830a5-bb8f-4d58-98d6-c49ea4f1f66d","TCGA-CZ-5467-01A-01R-1503-07","TCGA-CZ-5467","Primary Tumor","NKG7","ENSG00000105374.10",33.2855,"OK"
"TCGA-KIRC","063830a5-bb8f-4d58-98d6-c49ea4f1f66d","TCGA-CZ-5467-01A-01R-1503-07","TCGA-CZ-5467","Primary Tumor","LST1","ENSG00000204482.11",14.0749,"OK"
"TCGA-KIRC","063830a5-bb8f-4d58-98d6-c49ea4f1f66d","TCGA-CZ-5467-01A-01R-1503-07","TCGA-CZ-5467","Primary Tumor","TYROBP","ENSG00000011600.12",189.3784,"OK"
"TCGA-KIRC","063830a5-bb8f-4d58-98d6-c49ea4f1f66d","TCGA-CZ-5467-01A-01R-1503-07","TCGA-CZ-5467","Primary Tumor","FCER1G","ENSG00000158869.11",79.8327,"OK"
"TCGA-KIRC","063830a5-bb8f-4d58-98d6-c49ea4f1f66d","TCGA-CZ-5467-01A-01R-1503-07","TCGA-CZ-5467","Primary Tumor","CD68","ENSG00000129226.14",0.0268,"OK"
"TCGA-KIRC","e4240172-1921-44aa-95da-781be3485a1e","TCGA-CZ-5467-11A-01R-1503-07","TCGA-CZ-5467","Solid Tissue Normal","PTPRC","ENSG00000081237.20",2.4518,"OK"
"TCGA-KIRC","e4240172-1921-44aa-95da-781be3485a1e","TCGA-CZ-5467-11A-01R-1503-07","TCGA-CZ-5467","Solid Tissue Normal","CD3D","ENSG00000167286.10",1.8507,"OK"
"TCGA-KIRC","e4240172-1921-44aa-95da-781be3485a1e","TCGA-CZ-5467-11A-01R-1503-07","TCGA-CZ-5467","Solid Tissue Normal","CD3E","ENSG00000198851.10",1.0547,"OK"
"TCGA-KIRC","e4240172-1921-44aa-95da-781be3485a1e","TCGA-CZ-5467-11A-01R-1503-07","TCGA-CZ-5467","Solid Tissue Normal","MS4A1","ENSG00000156738.18",0.0263,"OK"
"TCGA-KIRC","e4240172-1921-44aa-95da-781be3485a1e","TCGA-CZ-5467-11A-01R-1503-07","TCGA-CZ-5467","Solid Tissue Normal","CD79A","ENSG00000105369.10",0.8721,"OK"
"TCGA-KIRC","e4240172-1921-44aa-95da-781be3485a1e","TCGA-CZ-5467-11A-01R-1503-07","TCGA-CZ-5467","Solid Tissue Normal","NKG7","ENSG00000105374.10",4.954,"OK"
"TCGA-KIRC","e4240172-1921-44aa-95da-781be3485a1e","TCGA-CZ-5467-11A-01R-1503-07","TCGA-CZ-5467","Solid Tissue Normal","LST1","ENSG00000204482.11",3.3032,"OK"
"TCGA-KIRC","e4240172-1921-44aa-95da-781be3485a1e","TCGA-CZ-5467-11A-01R-1503-07","TCGA-CZ-5467","Solid Tissue Normal","TYROBP","ENSG00000011600.12",32.4441,"OK"
"TCGA-KIRC","e4240172-1921-44aa-95da-781be3485a1e","TCGA-CZ-5467-11A-01R-1503-07","TCGA-CZ-5467","Solid Tissue Normal","FCER1G","ENSG00000158869.11",16.7175,"OK"
"TCGA-KIRC","e4240172-1921-44aa-95da-781be3485a1e","TCGA-CZ-5467-11A-01R-1503-07","TCGA-CZ-5467","Solid Tissue Normal","CD68","ENSG00000129226.14",0.0194,"OK"
"TCGA-KIRC","cd6333d6-6973-4278-8c7d-ad89e71bd508","TCGA-BP-5202-01A-02R-1426-07","TCGA-BP-5202","Primary Tumor","PTPRC","ENSG00000081237.20",20.6668,"OK"
"TCGA-KIRC","cd6333d6-6973-4278-8c7d-ad89e71bd508","TCGA-BP-5202-01A-02R-1426-07","TCGA-BP-5202","Primary Tumor","CD3D","ENSG00000167286.10",14.1741,"OK"
"TCGA-KIRC","cd6333d6-6973-4278-8c7d-ad89e71bd508","TCGA-BP-5202-01A-02R-1426-07","TCGA-BP-5202","Primary Tumor","CD3E","ENSG00000198851.10",13.1176,"OK"
"TCGA-KIRC","cd6333d6-6973-4278-8c7d-ad89e71bd508","TCGA-BP-5202-01A-02R-1426-07","TCGA-BP-5202","Primary Tumor","MS4A1","ENSG00000156738.18",0.0972,"OK"
"TCGA-KIRC","cd6333d6-6973-4278-8c7d-ad89e71bd508","TCGA-BP-5202-01A-02R-1426-07","TCGA-BP-5202","Primary Tumor","CD79A","ENSG00000105369.10",1.3114,"OK"
"TCGA-KIRC","cd6333d6-6973-4278-8c7d-ad89e71bd508","TCGA-BP-5202-01A-02R-1426-07","TCGA-BP-5202","Primary Tumor","NKG7","ENSG00000105374.10",54.8936,"OK"
"TCGA-KIRC","cd6333d6-6973-4278-8c7d-ad89e71bd508","TCGA-BP-5202-01A-02R-1426-07","TCGA-BP-5202","Primary Tumor","LST1","ENSG00000204482.11",20.192,"OK"
"TCGA-KIRC","cd6333d6-6973-4278-8c7d-ad89e71bd508","TCGA-BP-5202-01A-02R-1426-07","TCGA-BP-5202","Primary Tumor","TYROBP","ENSG00000011600.12",272.8238,"OK"
"TCGA-KIRC","cd6333d6-6973-4278-8c7d-ad89e71bd508","TCGA-BP-5202-01A-02R-1426-07","TCGA-BP-5202","Primary Tumor","FCER1G","ENSG00000158869.11",126.8786,"OK"
"TCGA-KIRC","cd6333d6-6973-4278-8c7d-ad89e71bd508","TCGA-BP-5202-01A-02R-1426-07","TCGA-BP-5202","Primary Tumor","CD68","ENSG00000129226.14",0.193,"OK"
"TCGA-KIRC","f88159e9-78e2-4222-b9f6-2d50c5b3387a","TCGA-B0-4817-01A-01R-1277-07","TCGA-B0-4817","Primary Tumor","PTPRC","ENSG00000081237.20",11.299,"OK"
"TCGA-KIRC","f88159e9-78e2-4222-b9f6-2d50c5b3387a","TCGA-B0-4817-01A-01R-1277-07","TCGA-B0-4817","Primary Tumor","CD3D","ENSG00000167286.10",13.6487,"OK"
"TCGA-KIRC","f88159e9-78e2-4222-b9f6-2d50c5b3387a","TCGA-B0-4817-01A-01R-1277-07","TCGA-B0-4817","Primary Tumor","CD3E","ENSG00000198851.10",8.3904,"OK"
"TCGA-KIRC","f88159e9-78e2-4222-b9f6-2d50c5b3387a","TCGA-B0-4817-01A-01R-1277-07","TCGA-B0-4817","Primary Tumor","MS4A1","ENSG00000156738.18",0.2126,"OK"
"TCGA-KIRC","f88159e9-78e2-4222-b9f6-2d50c5b3387a","TCGA-B0-4817-01A-01R-1277-07","TCGA-B0-4817","Primary Tumor","CD79A","ENSG00000105369.10",4.2254,"OK"
"TCGA-KIRC","f88159e9-78e2-4222-b9f6-2d50c5b3387a","TCGA-B0-4817-01A-01R-1277-07","TCGA-B0-4817","Primary Tumor","NKG7","ENSG00000105374.10",36.4457,"OK"
"TCGA-KIRC","f88159e9-78e2-4222-b9f6-2d50c5b3387a","TCGA-B0-4817-01A-01R-1277-07","TCGA-B0-4817","Primary Tumor","LST1","ENSG00000204482.11",48.6151,"OK"
"TCGA-KIRC","f88159e9-78e2-4222-b9f6-2d50c5b3387a","TCGA-B0-4817-01A-01R-1277-07","TCGA-B0-4817","Primary Tumor","TYROBP","ENSG00000011600.12",228.199,"OK"
"TCGA-KIRC","f88159e9-78e2-4222-b9f6-2d50c5b3387a","TCGA-B0-4817-01A-01R-1277-07","TCGA-B0-4817","Primary Tumor","FCER1G","ENSG00000158869.11",79.7915,"OK"
"TCGA-KIRC","f88159e9-78e2-4222-b9f6-2d50c5b3387a","TCGA-B0-4817-01A-01R-1277-07","TCGA-B0-4817","Primary Tumor","CD68","ENSG00000129226.14",0.0703,"OK"
"TCGA-KIRC","4f8bfa46-5071-4cd4-9626-b91221550dd7","TCGA-CJ-4895-01A-01R-1305-07","TCGA-CJ-4895","Primary Tumor","PTPRC","ENSG00000081237.20",32.6704,"OK"
"TCGA-KIRC","4f8bfa46-5071-4cd4-9626-b91221550dd7","TCGA-CJ-4895-01A-01R-1305-07","TCGA-CJ-4895","Primary Tumor","CD3D","ENSG00000167286.10",29.3042,"OK"
"TCGA-KIRC","4f8bfa46-5071-4cd4-9626-b91221550dd7","TCGA-CJ-4895-01A-01R-1305-07","TCGA-CJ-4895","Primary Tumor","CD3E","ENSG00000198851.10",34.7383,"OK"
"TCGA-KIRC","4f8bfa46-5071-4cd4-9626-b91221550dd7","TCGA-CJ-4895-01A-01R-1305-07","TCGA-CJ-4895","Primary Tumor","MS4A1","ENSG00000156738.18",0.6821,"OK"
"TCGA-KIRC","4f8bfa46-5071-4cd4-9626-b91221550dd7","TCGA-CJ-4895-01A-01R-1305-07","TCGA-CJ-4895","Primary Tumor","CD79A","ENSG00000105369.10",2.0623,"OK"
"TCGA-KIRC","4f8bfa46-5071-4cd4-9626-b91221550dd7","TCGA-CJ-4895-01A-01R-1305-07","TCGA-CJ-4895","Primary Tumor","NKG7","ENSG00000105374.10",75.8898,"OK"
"TCGA-KIRC","4f8bfa46-5071-4cd4-9626-b91221550dd7","TCGA-CJ-4895-01A-01R-1305-07","TCGA-CJ-4895","Primary Tumor","LST1","ENSG00000204482.11",33.0987,"OK"
"TCGA-KIRC","4f8bfa46-5071-4cd4-9626-b91221550dd7","TCGA-CJ-4895-01A-01R-1305-07","TCGA-CJ-4895","Primary Tumor","TYROBP","ENSG00000011600.12",475.853,"OK"
"TCGA-KIRC","4f8bfa46-5071-4cd4-9626-b91221550dd7","TCGA-CJ-4895-01A-01R-1305-07","TCGA-CJ-4895","Primary Tumor","FCER1G","ENSG00000158869.11",294.4566,"OK"
"TCGA-KIRC","4f8bfa46-5071-4cd4-9626-b91221550dd7","TCGA-CJ-4895-01A-01R-1305-07","TCGA-CJ-4895","Primary Tumor","CD68","ENSG00000129226.14",0.4736,"OK"
"TCGA-KIRC","1a351079-31b5-4080-a03d-62ea7065d7a8","TCGA-B0-5710-01A-11R-1672-07","TCGA-B0-5710","Primary Tumor","PTPRC","ENSG00000081237.20",31.9343,"OK"
"TCGA-KIRC","1a351079-31b5-4080-a03d-62ea7065d7a8","TCGA-B0-5710-01A-11R-1672-07","TCGA-B0-5710","Primary Tumor","CD3D","ENSG00000167286.10",35.2761,"OK"
"TCGA-KIRC","1a351079-31b5-4080-a03d-62ea7065d7a8","TCGA-B0-5710-01A-11R-1672-07","TCGA-B0-5710","Primary Tumor","CD3E","ENSG00000198851.10",30.9337,"OK"
"TCGA-KIRC","1a351079-31b5-4080-a03d-62ea7065d7a8","TCGA-B0-5710-01A-11R-1672-07","TCGA-B0-5710","Primary Tumor","MS4A1","ENSG00000156738.18",1.1515,"OK"
"TCGA-KIRC","1a351079-31b5-4080-a03d-62ea7065d7a8","TCGA-B0-5710-01A-11R-1672-07","TCGA-B0-5710","Primary Tumor","CD79A","ENSG00000105369.10",5.2329,"OK"
"TCGA-KIRC","1a351079-31b5-4080-a03d-62ea7065d7a8","TCGA-B0-5710-01A-11R-1672-07","TCGA-B0-5710","Primary Tumor","NKG7","ENSG00000105374.10",84.8717,"OK"
"TCGA-KIRC","1a351079-31b5-4080-a03d-62ea7065d7a8","TCGA-B0-5710-01A-11R-1672-07","TCGA-B0-5710","Primary Tumor","LST1","ENSG00000204482.11",20.3791,"OK"
"TCGA-KIRC","1a351079-31b5-4080-a03d-62ea7065d7a8","TCGA-B0-5710-01A-11R-1672-07","TCGA-B0-5710","Primary Tumor","TYROBP","ENSG00000011600.12",175.1697,"OK"
"TCGA-KIRC","1a351079-31b5-4080-a03d-62ea7065d7a8","TCGA-B0-5710-01A-11R-1672-07","TCGA-B0-5710","Primary Tumor","FCER1G","ENSG00000158869.11",125.9715,"OK"
"TCGA-KIRC","1a351079-31b5-4080-a03d-62ea7065d7a8","TCGA-B0-5710-01A-11R-1672-07","TCGA-B0-5710","Primary Tumor","CD68","ENSG00000129226.14",0.0929,"OK"
"TCGA-KIRC","e20633e3-526f-4ac5-9cb0-202a028462b0","TCGA-B2-5641-01A-01R-1541-07","TCGA-B2-5641","Primary Tumor","PTPRC","ENSG00000081237.20",71.9291,"OK"
"TCGA-KIRC","e20633e3-526f-4ac5-9cb0-202a028462b0","TCGA-B2-5641-01A-01R-1541-07","TCGA-B2-5641","Primary Tumor","CD3D","ENSG00000167286.10",107.1075,"OK"
"TCGA-KIRC","e20633e3-526f-4ac5-9cb0-202a028462b0","TCGA-B2-5641-01A-01R-1541-07","TCGA-B2-5641","Primary Tumor","CD3E","ENSG00000198851.10",86.1899,"OK"
"TCGA-KIRC","e20633e3-526f-4ac5-9cb0-202a028462b0","TCGA-B2-5641-01A-01R-1541-07","TCGA-B2-5641","Primary Tumor","MS4A1","ENSG00000156738.18",2.1327,"OK"
"TCGA-KIRC","e20633e3-526f-4ac5-9cb0-202a028462b0","TCGA-B2-5641-01A-01R-1541-07","TCGA-B2-5641","Primary Tumor","CD79A","ENSG00000105369.10",11.9127,"OK"
"TCGA-KIRC","e20633e3-526f-4ac5-9cb0-202a028462b0","TCGA-B2-5641-01A-01R-1541-07","TCGA-B2-5641","Primary Tumor","NKG7","ENSG00000105374.10",272.0576,"OK"
"TCGA-KIRC","e20633e3-526f-4ac5-9cb0-202a028462b0","TCGA-B2-5641-01A-01R-1541-07","TCGA-B2-5641","Primary Tumor","LST1","ENSG00000204482.11",42.8245,"OK"
"TCGA-KIRC","e20633e3-526f-4ac5-9cb0-202a028462b0","TCGA-B2-5641-01A-01R-1541-07","TCGA-B2-5641","Primary Tumor","TYROBP","ENSG00000011600.12",576.8576,"OK"
"TCGA-KIRC","e20633e3-526f-4ac5-9cb0-202a028462b0","TCGA-B2-5641-01A-01R-1541-07","TCGA-B2-5641","Primary Tumor","FCER1G","ENSG00000158869.11",235.2191,"OK"
"TCGA-KIRC","e20633e3-526f-4ac5-9cb0-202a028462b0","TCGA-B2-5641-01A-01R-1541-07","TCGA-B2-5641","Primary Tumor","CD68","ENSG00000129226.14",0.2138,"OK"
"TCGA-KIRC","929af903-a778-4a8c-9d04-de3c9d9df5eb","TCGA-BP-4801-01A-02R-1420-07","TCGA-BP-4801","Primary Tumor","PTPRC","ENSG00000081237.20",37.4571,"OK"
"TCGA-KIRC","929af903-a778-4a8c-9d04-de3c9d9df5eb","TCGA-BP-4801-01A-02R-1420-07","TCGA-BP-4801","Primary Tumor","CD3D","ENSG00000167286.10",30.9663,"OK"
"TCGA-KIRC","929af903-a778-4a8c-9d04-de3c9d9df5eb","TCGA-BP-4801-01A-02R-1420-07","TCGA-BP-4801","Primary Tumor","CD3E","ENSG00000198851.10",26.6273,"OK"
"TCGA-KIRC","929af903-a778-4a8c-9d04-de3c9d9df5eb","TCGA-BP-4801-01A-02R-1420-07","TCGA-BP-4801","Primary Tumor","MS4A1","ENSG00000156738.18",1.0689,"OK"
"TCGA-KIRC","929af903-a778-4a8c-9d04-de3c9d9df5eb","TCGA-BP-4801-01A-02R-1420-07","TCGA-BP-4801","Primary Tumor","CD79A","ENSG00000105369.10",4.0954,"OK"
"TCGA-KIRC","929af903-a778-4a8c-9d04-de3c9d9df5eb","TCGA-BP-4801-01A-02R-1420-07","TCGA-BP-4801","Primary Tumor","NKG7","ENSG00000105374.10",65.111,"OK"
"TCGA-KIRC","929af903-a778-4a8c-9d04-de3c9d9df5eb","TCGA-BP-4801-01A-02R-1420-07","TCGA-BP-4801","Primary Tumor","LST1","ENSG00000204482.11",30.0238,"OK"
"TCGA-KIRC","929af903-a778-4a8c-9d04-de3c9d9df5eb","TCGA-BP-4801-01A-02R-1420-07","TCGA-BP-4801","Primary Tumor","TYROBP","ENSG00000011600.12",558.3132,"OK"
"TCGA-KIRC","929af903-a778-4a8c-9d04-de3c9d9df5eb","TCGA-BP-4801-01A-02R-1420-07","TCGA-BP-4801","Primary Tumor","FCER1G","ENSG00000158869.11",306.105,"OK"
"TCGA-KIRC","929af903-a778-4a8c-9d04-de3c9d9df5eb","TCGA-BP-4801-01A-02R-1420-07","TCGA-BP-4801","Primary Tumor","CD68","ENSG00000129226.14",0.2143,"OK"
"TCGA-KIRC","4caac446-75ef-4e21-ab99-216a5962f956","TCGA-CJ-4912-01A-01R-1426-07","TCGA-CJ-4912","Primary Tumor","PTPRC","ENSG00000081237.20",5.7156,"OK"
"TCGA-KIRC","4caac446-75ef-4e21-ab99-216a5962f956","TCGA-CJ-4912-01A-01R-1426-07","TCGA-CJ-4912","Primary Tumor","CD3D","ENSG00000167286.10",12.6059,"OK"
"TCGA-KIRC","4caac446-75ef-4e21-ab99-216a5962f956","TCGA-CJ-4912-01A-01R-1426-07","TCGA-CJ-4912","Primary Tumor","CD3E","ENSG00000198851.10",12.1299,"OK"
"TCGA-KIRC","4caac446-75ef-4e21-ab99-216a5962f956","TCGA-CJ-4912-01A-01R-1426-07","TCGA-CJ-4912","Primary Tumor","MS4A1","ENSG00000156738.18",0.1217,"OK"
"TCGA-KIRC","4caac446-75ef-4e21-ab99-216a5962f956","TCGA-CJ-4912-01A-01R-1426-07","TCGA-CJ-4912","Primary Tumor","CD79A","ENSG00000105369.10",13.3951,"OK"
"TCGA-KIRC","4caac446-75ef-4e21-ab99-216a5962f956","TCGA-CJ-4912-01A-01R-1426-07","TCGA-CJ-4912","Primary Tumor","NKG7","ENSG00000105374.10",21.5844,"OK"
"TCGA-KIRC","4caac446-75ef-4e21-ab99-216a5962f956","TCGA-CJ-4912-01A-01R-1426-07","TCGA-CJ-4912","Primary Tumor","LST1","ENSG00000204482.11",12.0641,"OK"
"TCGA-KIRC","4caac446-75ef-4e21-ab99-216a5962f956","TCGA-CJ-4912-01A-01R-1426-07","TCGA-CJ-4912","Primary Tumor","TYROBP","ENSG00000011600.12",140.4199,"OK"
"TCGA-KIRC","4caac446-75ef-4e21-ab99-216a5962f956","TCGA-CJ-4912-01A-01R-1426-07","TCGA-CJ-4912","Primary Tumor","FCER1G","ENSG00000158869.11",48.2869,"OK"
"TCGA-KIRC","4caac446-75ef-4e21-ab99-216a5962f956","TCGA-CJ-4912-01A-01R-1426-07","TCGA-CJ-4912","Primary Tumor","CD68","ENSG00000129226.14",0.2065,"OK"
"TCGA-KIRC","be6fa48c-95e0-4a7f-aa05-362d1b7a5a4a","TCGA-BP-5173-01A-01R-1426-07","TCGA-BP-5173","Primary Tumor","PTPRC","ENSG00000081237.20",29.5163,"OK"
"TCGA-KIRC","be6fa48c-95e0-4a7f-aa05-362d1b7a5a4a","TCGA-BP-5173-01A-01R-1426-07","TCGA-BP-5173","Primary Tumor","CD3D","ENSG00000167286.10",87.8378,"OK"
"TCGA-KIRC","be6fa48c-95e0-4a7f-aa05-362d1b7a5a4a","TCGA-BP-5173-01A-01R-1426-07","TCGA-BP-5173","Primary Tumor","CD3E","ENSG00000198851.10",66.9331,"OK"
"TCGA-KIRC","be6fa48c-95e0-4a7f-aa05-362d1b7a5a4a","TCGA-BP-5173-01A-01R-1426-07","TCGA-BP-5173","Primary Tumor","MS4A1","ENSG00000156738.18",0.5673,"OK"
"TCGA-KIRC","be6fa48c-95e0-4a7f-aa05-362d1b7a5a4a","TCGA-BP-5173-01A-01R-1426-07","TCGA-BP-5173","Primary Tumor","CD79A","ENSG00000105369.10",3.3686,"OK"
"TCGA-KIRC","be6fa48c-95e0-4a7f-aa05-362d1b7a5a4a","TCGA-BP-5173-01A-01R-1426-07","TCGA-BP-5173","Primary Tumor","NKG7","ENSG00000105374.10",186.9693,"OK"
"TCGA-KIRC","be6fa48c-95e0-4a7f-aa05-362d1b7a5a4a","TCGA-BP-5173-01A-01R-1426-07","TCGA-BP-5173","Primary Tumor","LST1","ENSG00000204482.11",17.4073,"OK"
"TCGA-KIRC","be6fa48c-95e0-4a7f-aa05-362d1b7a5a4a","TCGA-BP-5173-01A-01R-1426-07","TCGA-BP-5173","Primary Tumor","TYROBP","ENSG00000011600.12",300.6472,"OK"
"TCGA-KIRC","be6fa48c-95e0-4a7f-aa05-362d1b7a5a4a","TCGA-BP-5173-01A-01R-1426-07","TCGA-BP-5173","Primary Tumor","FCER1G","ENSG00000158869.11",149.7485,"OK"
"TCGA-KIRC","be6fa48c-95e0-4a7f-aa05-362d1b7a5a4a","TCGA-BP-5173-01A-01R-1426-07","TCGA-BP-5173","Primary Tumor","CD68","ENSG00000129226.14",0.0241,"OK"
"TCGA-KIRC","4a0d03ae-65be-4168-89c9-0a756f0e47fc","TCGA-CJ-4887-01A-01R-1305-07","TCGA-CJ-4887","Primary Tumor","PTPRC","ENSG00000081237.20",31.8672,"OK"
"TCGA-KIRC","4a0d03ae-65be-4168-89c9-0a756f0e47fc","TCGA-CJ-4887-01A-01R-1305-07","TCGA-CJ-4887","Primary Tumor","CD3D","ENSG00000167286.10",91.5611,"OK"
"TCGA-KIRC","4a0d03ae-65be-4168-89c9-0a756f0e47fc","TCGA-CJ-4887-01A-01R-1305-07","TCGA-CJ-4887","Primary Tumor","CD3E","ENSG00000198851.10",78.6953,"OK"
"TCGA-KIRC","4a0d03ae-65be-4168-89c9-0a756f0e47fc","TCGA-CJ-4887-01A-01R-1305-07","TCGA-CJ-4887","Primary Tumor","MS4A1","ENSG00000156738.18",0.9491,"OK"
"TCGA-KIRC","4a0d03ae-65be-4168-89c9-0a756f0e47fc","TCGA-CJ-4887-01A-01R-1305-07","TCGA-CJ-4887","Primary Tumor","CD79A","ENSG00000105369.10",3.1581,"OK"
"TCGA-KIRC","4a0d03ae-65be-4168-89c9-0a756f0e47fc","TCGA-CJ-4887-01A-01R-1305-07","TCGA-CJ-4887","Primary Tumor","NKG7","ENSG00000105374.10",274.7695,"OK"
"TCGA-KIRC","4a0d03ae-65be-4168-89c9-0a756f0e47fc","TCGA-CJ-4887-01A-01R-1305-07","TCGA-CJ-4887","Primary Tumor","LST1","ENSG00000204482.11",47.3051,"OK"
"TCGA-KIRC","4a0d03ae-65be-4168-89c9-0a756f0e47fc","TCGA-CJ-4887-01A-01R-1305-07","TCGA-CJ-4887","Primary Tumor","TYROBP","ENSG00000011600.12",588.3871,"OK"
"TCGA-KIRC","4a0d03ae-65be-4168-89c9-0a756f0e47fc","TCGA-CJ-4887-01A-01R-1305-07","TCGA-CJ-4887","Primary Tumor","FCER1G","ENSG00000158869.11",249.8914,"OK"
"TCGA-KIRC","4a0d03ae-65be-4168-89c9-0a756f0e47fc","TCGA-CJ-4887-01A-01R-1305-07","TCGA-CJ-4887","Primary Tumor","CD68","ENSG00000129226.14",0.1962,"OK"
"TCGA-KIRC","0c25f495-ae84-45a3-8c7a-5521ddcccf70","TCGA-AK-3426-01A-02R-1325-07","TCGA-AK-3426","Primary Tumor","PTPRC","ENSG00000081237.20",18.5325,"OK"
"TCGA-KIRC","0c25f495-ae84-45a3-8c7a-5521ddcccf70","TCGA-AK-3426-01A-02R-1325-07","TCGA-AK-3426","Primary Tumor","CD3D","ENSG00000167286.10",174.9472,"OK"
"TCGA-KIRC","0c25f495-ae84-45a3-8c7a-5521ddcccf70","TCGA-AK-3426-01A-02R-1325-07","TCGA-AK-3426","Primary Tumor","CD3E","ENSG00000198851.10",140.4345,"OK"
"TCGA-KIRC","0c25f495-ae84-45a3-8c7a-5521ddcccf70","TCGA-AK-3426-01A-02R-1325-07","TCGA-AK-3426","Primary Tumor","MS4A1","ENSG00000156738.18",1.6493,"OK"
"TCGA-KIRC","0c25f495-ae84-45a3-8c7a-5521ddcccf70","TCGA-AK-3426-01A-02R-1325-07","TCGA-AK-3426","Primary Tumor","CD79A","ENSG00000105369.10",12.7054,"OK"
"TCGA-KIRC","0c25f495-ae84-45a3-8c7a-5521ddcccf70","TCGA-AK-3426-01A-02R-1325-07","TCGA-AK-3426","Primary Tumor","NKG7","ENSG00000105374.10",589.7269,"OK"
"TCGA-KIRC","0c25f495-ae84-45a3-8c7a-5521ddcccf70","TCGA-AK-3426-01A-02R-1325-07","TCGA-AK-3426","Primary Tumor","LST1","ENSG00000204482.11",105.5552,"OK"
"TCGA-KIRC","0c25f495-ae84-45a3-8c7a-5521ddcccf70","TCGA-AK-3426-01A-02R-1325-07","TCGA-AK-3426","Primary Tumor","TYROBP","ENSG00000011600.12",1171.3017,"OK"
"TCGA-KIRC","0c25f495-ae84-45a3-8c7a-5521ddcccf70","TCGA-AK-3426-01A-02R-1325-07","TCGA-AK-3426","Primary Tumor","FCER1G","ENSG00000158869.11",626.7481,"OK"
"TCGA-KIRC","0c25f495-ae84-45a3-8c7a-5521ddcccf70","TCGA-AK-3426-01A-02R-1325-07","TCGA-AK-3426","Primary Tumor","CD68","ENSG00000129226.14",0.0846,"OK"
"TCGA-KIRC","b10d2838-f728-467e-8582-369ad21a98a2","TCGA-BP-5180-01A-01R-1426-07","TCGA-BP-5180","Primary Tumor","PTPRC","ENSG00000081237.20",20.5151,"OK"
"TCGA-KIRC","b10d2838-f728-467e-8582-369ad21a98a2","TCGA-BP-5180-01A-01R-1426-07","TCGA-BP-5180","Primary Tumor","CD3D","ENSG00000167286.10",44.4302,"OK"
"TCGA-KIRC","b10d2838-f728-467e-8582-369ad21a98a2","TCGA-BP-5180-01A-01R-1426-07","TCGA-BP-5180","Primary Tumor","CD3E","ENSG00000198851.10",38.5485,"OK"
"TCGA-KIRC","b10d2838-f728-467e-8582-369ad21a98a2","TCGA-BP-5180-01A-01R-1426-07","TCGA-BP-5180","Primary Tumor","MS4A1","ENSG00000156738.18",0.744,"OK"
"TCGA-KIRC","b10d2838-f728-467e-8582-369ad21a98a2","TCGA-BP-5180-01A-01R-1426-07","TCGA-BP-5180","Primary Tumor","CD79A","ENSG00000105369.10",5.373,"OK"
"TCGA-KIRC","b10d2838-f728-467e-8582-369ad21a98a2","TCGA-BP-5180-01A-01R-1426-07","TCGA-BP-5180","Primary Tumor","NKG7","ENSG00000105374.10",51.2556,"OK"
"TCGA-KIRC","b10d2838-f728-467e-8582-369ad21a98a2","TCGA-BP-5180-01A-01R-1426-07","TCGA-BP-5180","Primary Tumor","LST1","ENSG00000204482.11",40.2151,"OK"
"TCGA-KIRC","b10d2838-f728-467e-8582-369ad21a98a2","TCGA-BP-5180-01A-01R-1426-07","TCGA-BP-5180","Primary Tumor","TYROBP","ENSG00000011600.12",561.0491,"OK"
"TCGA-KIRC","b10d2838-f728-467e-8582-369ad21a98a2","TCGA-BP-5180-01A-01R-1426-07","TCGA-BP-5180","Primary Tumor","FCER1G","ENSG00000158869.11",245.6169,"OK"
"TCGA-KIRC","b10d2838-f728-467e-8582-369ad21a98a2","TCGA-BP-5180-01A-01R-1426-07","TCGA-BP-5180","Primary Tumor","CD68","ENSG00000129226.14",0.1717,"OK"
"TCGA-KIRC","61ffeb1c-0382-40bb-bd32-a071b2b4c39d","TCGA-A3-3362-01A-02R-1325-07","TCGA-A3-3362","Primary Tumor","PTPRC","ENSG00000081237.20",21.5139,"OK"
"TCGA-KIRC","61ffeb1c-0382-40bb-bd32-a071b2b4c39d","TCGA-A3-3362-01A-02R-1325-07","TCGA-A3-3362","Primary Tumor","CD3D","ENSG00000167286.10",16.8769,"OK"
"TCGA-KIRC","61ffeb1c-0382-40bb-bd32-a071b2b4c39d","TCGA-A3-3362-01A-02R-1325-07","TCGA-A3-3362","Primary Tumor","CD3E","ENSG00000198851.10",17.8869,"OK"
"TCGA-KIRC","61ffeb1c-0382-40bb-bd32-a071b2b4c39d","TCGA-A3-3362-01A-02R-1325-07","TCGA-A3-3362","Primary Tumor","MS4A1","ENSG00000156738.18",0.5376,"OK"
"TCGA-KIRC","61ffeb1c-0382-40bb-bd32-a071b2b4c39d","TCGA-A3-3362-01A-02R-1325-07","TCGA-A3-3362","Primary Tumor","CD79A","ENSG00000105369.10",1.966,"OK"
"TCGA-KIRC","61ffeb1c-0382-40bb-bd32-a071b2b4c39d","TCGA-A3-3362-01A-02R-1325-07","TCGA-A3-3362","Primary Tumor","NKG7","ENSG00000105374.10",31.3052,"OK"
"TCGA-KIRC","61ffeb1c-0382-40bb-bd32-a071b2b4c39d","TCGA-A3-3362-01A-02R-1325-07","TCGA-A3-3362","Primary Tumor","LST1","ENSG00000204482.11",15.3998,"OK"
"TCGA-KIRC","61ffeb1c-0382-40bb-bd32-a071b2b4c39d","TCGA-A3-3362-01A-02R-1325-07","TCGA-A3-3362","Primary Tumor","TYROBP","ENSG00000011600.12",194.1577,"OK"
"TCGA-KIRC","61ffeb1c-0382-40bb-bd32-a071b2b4c39d","TCGA-A3-3362-01A-02R-1325-07","TCGA-A3-3362","Primary Tumor","FCER1G","ENSG00000158869.11",114.3951,"OK"
"TCGA-KIRC","61ffeb1c-0382-40bb-bd32-a071b2b4c39d","TCGA-A3-3362-01A-02R-1325-07","TCGA-A3-3362","Primary Tumor","CD68","ENSG00000129226.14",0.2874,"OK"
"TCGA-KIRC","6304f098-1ae4-4c6c-93c7-ac5b15b307a7","TCGA-B0-5713-01A-11R-1672-07","TCGA-B0-5713","Primary Tumor","PTPRC","ENSG00000081237.20",28.1168,"OK"
"TCGA-KIRC","6304f098-1ae4-4c6c-93c7-ac5b15b307a7","TCGA-B0-5713-01A-11R-1672-07","TCGA-B0-5713","Primary Tumor","CD3D","ENSG00000167286.10",23.1636,"OK"
"TCGA-KIRC","6304f098-1ae4-4c6c-93c7-ac5b15b307a7","TCGA-B0-5713-01A-11R-1672-07","TCGA-B0-5713","Primary Tumor","CD3E","ENSG00000198851.10",19.2224,"OK"
"TCGA-KIRC","6304f098-1ae4-4c6c-93c7-ac5b15b307a7","TCGA-B0-5713-01A-11R-1672-07","TCGA-B0-5713","Primary Tumor","MS4A1","ENSG00000156738.18",0.3925,"OK"
"TCGA-KIRC","6304f098-1ae4-4c6c-93c7-ac5b15b307a7","TCGA-B0-5713-01A-11R-1672-07","TCGA-B0-5713","Primary Tumor","CD79A","ENSG00000105369.10",2.828,"OK"
"TCGA-KIRC","6304f098-1ae4-4c6c-93c7-ac5b15b307a7","TCGA-B0-5713-01A-11R-1672-07","TCGA-B0-5713","Primary Tumor","NKG7","ENSG00000105374.10",108.7145,"OK"
"TCGA-KIRC","6304f098-1ae4-4c6c-93c7-ac5b15b307a7","TCGA-B0-5713-01A-11R-1672-07","TCGA-B0-5713","Primary Tumor","LST1","ENSG00000204482.11",30.5404,"OK"
"TCGA-KIRC","6304f098-1ae4-4c6c-93c7-ac5b15b307a7","TCGA-B0-5713-01A-11R-1672-07","TCGA-B0-5713","Primary Tumor","TYROBP","ENSG00000011600.12",207.9632,"OK"
"TCGA-KIRC","6304f098-1ae4-4c6c-93c7-ac5b15b307a7","TCGA-B0-5713-01A-11R-1672-07","TCGA-B0-5713","Primary Tumor","FCER1G","ENSG00000158869.11",126.4036,"OK"
"TCGA-KIRC","6304f098-1ae4-4c6c-93c7-ac5b15b307a7","TCGA-B0-5713-01A-11R-1672-07","TCGA-B0-5713","Primary Tumor","CD68","ENSG00000129226.14",0.0262,"OK"
"TCGA-KIRC","44c858ac-1ce0-491a-aef5-979224aa09f5","TCGA-B8-4146-01B-11R-1672-07","TCGA-B8-4146","Primary Tumor","PTPRC","ENSG00000081237.20",116.0129,"OK"
"TCGA-KIRC","44c858ac-1ce0-491a-aef5-979224aa09f5","TCGA-B8-4146-01B-11R-1672-07","TCGA-B8-4146","Primary Tumor","CD3D","ENSG00000167286.10",29.1222,"OK"
"TCGA-KIRC","44c858ac-1ce0-491a-aef5-979224aa09f5","TCGA-B8-4146-01B-11R-1672-07","TCGA-B8-4146","Primary Tumor","CD3E","ENSG00000198851.10",27.5481,"OK"
"TCGA-KIRC","44c858ac-1ce0-491a-aef5-979224aa09f5","TCGA-B8-4146-01B-11R-1672-07","TCGA-B8-4146","Primary Tumor","MS4A1","ENSG00000156738.18",2.2497,"OK"
"TCGA-KIRC","44c858ac-1ce0-491a-aef5-979224aa09f5","TCGA-B8-4146-01B-11R-1672-07","TCGA-B8-4146","Primary Tumor","CD79A","ENSG00000105369.10",0.6943,"OK"
"TCGA-KIRC","44c858ac-1ce0-491a-aef5-979224aa09f5","TCGA-B8-4146-01B-11R-1672-07","TCGA-B8-4146","Primary Tumor","NKG7","ENSG00000105374.10",41.202,"OK"
"TCGA-KIRC","44c858ac-1ce0-491a-aef5-979224aa09f5","TCGA-B8-4146-01B-11R-1672-07","TCGA-B8-4146","Primary Tumor","LST1","ENSG00000204482.11",9.1703,"OK"
"TCGA-KIRC","44c858ac-1ce0-491a-aef5-979224aa09f5","TCGA-B8-4146-01B-11R-1672-07","TCGA-B8-4146","Primary Tumor","TYROBP","ENSG00000011600.12",83.2473,"OK"
"TCGA-KIRC","44c858ac-1ce0-491a-aef5-979224aa09f5","TCGA-B8-4146-01B-11R-1672-07","TCGA-B8-4146","Primary Tumor","FCER1G","ENSG00000158869.11",237.4757,"OK"
"TCGA-KIRC","44c858ac-1ce0-491a-aef5-979224aa09f5","TCGA-B8-4146-01B-11R-1672-07","TCGA-B8-4146","Primary Tumor","CD68","ENSG00000129226.14",0.1438,"OK"
"TCGA-KIRC","3bca5269-8bb3-4826-bc22-e7b068853f45","TCGA-BP-4977-01A-01R-1334-07","TCGA-BP-4977","Primary Tumor","PTPRC","ENSG00000081237.20",23.1788,"OK"
"TCGA-KIRC","3bca5269-8bb3-4826-bc22-e7b068853f45","TCGA-BP-4977-01A-01R-1334-07","TCGA-BP-4977","Primary Tumor","CD3D","ENSG00000167286.10",27.0512,"OK"
"TCGA-KIRC","3bca5269-8bb3-4826-bc22-e7b068853f45","TCGA-BP-4977-01A-01R-1334-07","TCGA-BP-4977","Primary Tumor","CD3E","ENSG00000198851.10",23.2989,"OK"
"TCGA-KIRC","3bca5269-8bb3-4826-bc22-e7b068853f45","TCGA-BP-4977-01A-01R-1334-07","TCGA-BP-4977","Primary Tumor","MS4A1","ENSG00000156738.18",0.3502,"OK"
"TCGA-KIRC","3bca5269-8bb3-4826-bc22-e7b068853f45","TCGA-BP-4977-01A-01R-1334-07","TCGA-BP-4977","Primary Tumor","CD79A","ENSG00000105369.10",1.5817,"OK"
"TCGA-KIRC","3bca5269-8bb3-4826-bc22-e7b068853f45","TCGA-BP-4977-01A-01R-1334-07","TCGA-BP-4977","Primary Tumor","NKG7","ENSG00000105374.10",28.7281,"OK"
"TCGA-KIRC","3bca5269-8bb3-4826-bc22-e7b068853f45","TCGA-BP-4977-01A-01R-1334-07","TCGA-BP-4977","Primary Tumor","LST1","ENSG00000204482.11",17.6073,"OK"
"TCGA-KIRC","3bca5269-8bb3-4826-bc22-e7b068853f45","TCGA-BP-4977-01A-01R-1334-07","TCGA-BP-4977","Primary Tumor","TYROBP","ENSG00000011600.12",223.369,"OK"
"TCGA-KIRC","3bca5269-8bb3-4826-bc22-e7b068853f45","TCGA-BP-4977-01A-01R-1334-07","TCGA-BP-4977","Primary Tumor","FCER1G","ENSG00000158869.11",87.0652,"OK"
"TCGA-KIRC","3bca5269-8bb3-4826-bc22-e7b068853f45","TCGA-BP-4977-01A-01R-1334-07","TCGA-BP-4977","Primary Tumor","CD68","ENSG00000129226.14",0.2457,"OK"
"TCGA-KIRC","b65b4ebc-e8b9-4926-8761-56b99fbd9e9a","TCGA-BP-4981-01A-01R-1334-07","TCGA-BP-4981","Primary Tumor","PTPRC","ENSG00000081237.20",7.3358,"OK"
"TCGA-KIRC","b65b4ebc-e8b9-4926-8761-56b99fbd9e9a","TCGA-BP-4981-01A-01R-1334-07","TCGA-BP-4981","Primary Tumor","CD3D","ENSG00000167286.10",20.4788,"OK"
"TCGA-KIRC","b65b4ebc-e8b9-4926-8761-56b99fbd9e9a","TCGA-BP-4981-01A-01R-1334-07","TCGA-BP-4981","Primary Tumor","CD3E","ENSG00000198851.10",20.1315,"OK"
"TCGA-KIRC","b65b4ebc-e8b9-4926-8761-56b99fbd9e9a","TCGA-BP-4981-01A-01R-1334-07","TCGA-BP-4981","Primary Tumor","MS4A1","ENSG00000156738.18",0.2423,"OK"
"TCGA-KIRC","b65b4ebc-e8b9-4926-8761-56b99fbd9e9a","TCGA-BP-4981-01A-01R-1334-07","TCGA-BP-4981","Primary Tumor","CD79A","ENSG00000105369.10",1.505,"OK"
"TCGA-KIRC","b65b4ebc-e8b9-4926-8761-56b99fbd9e9a","TCGA-BP-4981-01A-01R-1334-07","TCGA-BP-4981","Primary Tumor","NKG7","ENSG00000105374.10",44.5909,"OK"
"TCGA-KIRC","b65b4ebc-e8b9-4926-8761-56b99fbd9e9a","TCGA-BP-4981-01A-01R-1334-07","TCGA-BP-4981","Primary Tumor","LST1","ENSG00000204482.11",22.1691,"OK"
"TCGA-KIRC","b65b4ebc-e8b9-4926-8761-56b99fbd9e9a","TCGA-BP-4981-01A-01R-1334-07","TCGA-BP-4981","Primary Tumor","TYROBP","ENSG00000011600.12",191.3513,"OK"
"TCGA-KIRC","b65b4ebc-e8b9-4926-8761-56b99fbd9e9a","TCGA-BP-4981-01A-01R-1334-07","TCGA-BP-4981","Primary Tumor","FCER1G","ENSG00000158869.11",100.491,"OK"
"TCGA-KIRC","b65b4ebc-e8b9-4926-8761-56b99fbd9e9a","TCGA-BP-4981-01A-01R-1334-07","TCGA-BP-4981","Primary Tumor","CD68","ENSG00000129226.14",0.1336,"OK"
"TCGA-KIRC","2faa29c8-49e9-4fda-baea-f73583f3a27f","TCGA-CJ-5675-01A-11R-1541-07","TCGA-CJ-5675","Primary Tumor","PTPRC","ENSG00000081237.20",82.6339,"OK"
"TCGA-KIRC","2faa29c8-49e9-4fda-baea-f73583f3a27f","TCGA-CJ-5675-01A-11R-1541-07","TCGA-CJ-5675","Primary Tumor","CD3D","ENSG00000167286.10",206.9391,"OK"
"TCGA-KIRC","2faa29c8-49e9-4fda-baea-f73583f3a27f","TCGA-CJ-5675-01A-11R-1541-07","TCGA-CJ-5675","Primary Tumor","CD3E","ENSG00000198851.10",169.1599,"OK"
"TCGA-KIRC","2faa29c8-49e9-4fda-baea-f73583f3a27f","TCGA-CJ-5675-01A-11R-1541-07","TCGA-CJ-5675","Primary Tumor","MS4A1","ENSG00000156738.18",0.9215,"OK"
"TCGA-KIRC","2faa29c8-49e9-4fda-baea-f73583f3a27f","TCGA-CJ-5675-01A-11R-1541-07","TCGA-CJ-5675","Primary Tumor","CD79A","ENSG00000105369.10",5.828,"OK"
"TCGA-KIRC","2faa29c8-49e9-4fda-baea-f73583f3a27f","TCGA-CJ-5675-01A-11R-1541-07","TCGA-CJ-5675","Primary Tumor","NKG7","ENSG00000105374.10",669.2408,"OK"
"TCGA-KIRC","2faa29c8-49e9-4fda-baea-f73583f3a27f","TCGA-CJ-5675-01A-11R-1541-07","TCGA-CJ-5675","Primary Tumor","LST1","ENSG00000204482.11",68.8025,"OK"
"TCGA-KIRC","2faa29c8-49e9-4fda-baea-f73583f3a27f","TCGA-CJ-5675-01A-11R-1541-07","TCGA-CJ-5675","Primary Tumor","TYROBP","ENSG00000011600.12",773.759,"OK"
"TCGA-KIRC","2faa29c8-49e9-4fda-baea-f73583f3a27f","TCGA-CJ-5675-01A-11R-1541-07","TCGA-CJ-5675","Primary Tumor","FCER1G","ENSG00000158869.11",425.7331,"OK"
"TCGA-KIRC","2faa29c8-49e9-4fda-baea-f73583f3a27f","TCGA-CJ-5675-01A-11R-1541-07","TCGA-CJ-5675","Primary Tumor","CD68","ENSG00000129226.14",0.2084,"OK"
"TCGA-KIRC","633fef2c-c9ce-4b76-ae7b-0dfcc4123a6f","TCGA-B0-4845-01A-01R-1277-07","TCGA-B0-4845","Primary Tumor","PTPRC","ENSG00000081237.20",12.2309,"OK"
"TCGA-KIRC","633fef2c-c9ce-4b76-ae7b-0dfcc4123a6f","TCGA-B0-4845-01A-01R-1277-07","TCGA-B0-4845","Primary Tumor","CD3D","ENSG00000167286.10",13.7476,"OK"
"TCGA-KIRC","633fef2c-c9ce-4b76-ae7b-0dfcc4123a6f","TCGA-B0-4845-01A-01R-1277-07","TCGA-B0-4845","Primary Tumor","CD3E","ENSG00000198851.10",13.6029,"OK"
"TCGA-KIRC","633fef2c-c9ce-4b76-ae7b-0dfcc4123a6f","TCGA-B0-4845-01A-01R-1277-07","TCGA-B0-4845","Primary Tumor","MS4A1","ENSG00000156738.18",0.4482,"OK"
"TCGA-KIRC","633fef2c-c9ce-4b76-ae7b-0dfcc4123a6f","TCGA-B0-4845-01A-01R-1277-07","TCGA-B0-4845","Primary Tumor","CD79A","ENSG00000105369.10",1.1932,"OK"
"TCGA-KIRC","633fef2c-c9ce-4b76-ae7b-0dfcc4123a6f","TCGA-B0-4845-01A-01R-1277-07","TCGA-B0-4845","Primary Tumor","NKG7","ENSG00000105374.10",13.4778,"OK"
"TCGA-KIRC","633fef2c-c9ce-4b76-ae7b-0dfcc4123a6f","TCGA-B0-4845-01A-01R-1277-07","TCGA-B0-4845","Primary Tumor","LST1","ENSG00000204482.11",14.4511,"OK"
"TCGA-KIRC","633fef2c-c9ce-4b76-ae7b-0dfcc4123a6f","TCGA-B0-4845-01A-01R-1277-07","TCGA-B0-4845","Primary Tumor","TYROBP","ENSG00000011600.12",100.1882,"OK"
"TCGA-KIRC","633fef2c-c9ce-4b76-ae7b-0dfcc4123a6f","TCGA-B0-4845-01A-01R-1277-07","TCGA-B0-4845","Primary Tumor","FCER1G","ENSG00000158869.11",52.8003,"OK"
"TCGA-KIRC","633fef2c-c9ce-4b76-ae7b-0dfcc4123a6f","TCGA-B0-4845-01A-01R-1277-07","TCGA-B0-4845","Primary Tumor","CD68","ENSG00000129226.14",0.0824,"OK"
"TCGA-KIRC","27023402-b661-4cda-98ef-f9b68b3f8c59","TCGA-B2-4101-01A-02R-1277-07","TCGA-B2-4101","Primary Tumor","PTPRC","ENSG00000081237.20",54.3916,"OK"
"TCGA-KIRC","27023402-b661-4cda-98ef-f9b68b3f8c59","TCGA-B2-4101-01A-02R-1277-07","TCGA-B2-4101","Primary Tumor","CD3D","ENSG00000167286.10",53.4504,"OK"
"TCGA-KIRC","27023402-b661-4cda-98ef-f9b68b3f8c59","TCGA-B2-4101-01A-02R-1277-07","TCGA-B2-4101","Primary Tumor","CD3E","ENSG00000198851.10",48.0343,"OK"
"TCGA-KIRC","27023402-b661-4cda-98ef-f9b68b3f8c59","TCGA-B2-4101-01A-02R-1277-07","TCGA-B2-4101","Primary Tumor","MS4A1","ENSG00000156738.18",2.8283,"OK"
"TCGA-KIRC","27023402-b661-4cda-98ef-f9b68b3f8c59","TCGA-B2-4101-01A-02R-1277-07","TCGA-B2-4101","Primary Tumor","CD79A","ENSG00000105369.10",30.6767,"OK"
"TCGA-KIRC","27023402-b661-4cda-98ef-f9b68b3f8c59","TCGA-B2-4101-01A-02R-1277-07","TCGA-B2-4101","Primary Tumor","NKG7","ENSG00000105374.10",136.0092,"OK"
"TCGA-KIRC","27023402-b661-4cda-98ef-f9b68b3f8c59","TCGA-B2-4101-01A-02R-1277-07","TCGA-B2-4101","Primary Tumor","LST1","ENSG00000204482.11",33.0549,"OK"
"TCGA-KIRC","27023402-b661-4cda-98ef-f9b68b3f8c59","TCGA-B2-4101-01A-02R-1277-07","TCGA-B2-4101","Primary Tumor","TYROBP","ENSG00000011600.12",212.2715,"OK"
"TCGA-KIRC","27023402-b661-4cda-98ef-f9b68b3f8c59","TCGA-B2-4101-01A-02R-1277-07","TCGA-B2-4101","Primary Tumor","FCER1G","ENSG00000158869.11",133.4738,"OK"
"TCGA-KIRC","27023402-b661-4cda-98ef-f9b68b3f8c59","TCGA-B2-4101-01A-02R-1277-07","TCGA-B2-4101","Primary Tumor","CD68","ENSG00000129226.14",0.204,"OK"
"TCGA-KIRC","c0dc2255-258a-463b-bd10-f6ee1771860d","TCGA-B4-5377-01A-01R-1503-07","TCGA-B4-5377","Primary Tumor","PTPRC","ENSG00000081237.20",54.933,"OK"
"TCGA-KIRC","c0dc2255-258a-463b-bd10-f6ee1771860d","TCGA-B4-5377-01A-01R-1503-07","TCGA-B4-5377","Primary Tumor","CD3D","ENSG00000167286.10",39.8771,"OK"
"TCGA-KIRC","c0dc2255-258a-463b-bd10-f6ee1771860d","TCGA-B4-5377-01A-01R-1503-07","TCGA-B4-5377","Primary Tumor","CD3E","ENSG00000198851.10",37.7263,"OK"
"TCGA-KIRC","c0dc2255-258a-463b-bd10-f6ee1771860d","TCGA-B4-5377-01A-01R-1503-07","TCGA-B4-5377","Primary Tumor","MS4A1","ENSG00000156738.18",1.3026,"OK"
"TCGA-KIRC","c0dc2255-258a-463b-bd10-f6ee1771860d","TCGA-B4-5377-01A-01R-1503-07","TCGA-B4-5377","Primary Tumor","CD79A","ENSG00000105369.10",5.4059,"OK"
"TCGA-KIRC","c0dc2255-258a-463b-bd10-f6ee1771860d","TCGA-B4-5377-01A-01R-1503-07","TCGA-B4-5377","Primary Tumor","NKG7","ENSG00000105374.10",68.1695,"OK"
"TCGA-KIRC","c0dc2255-258a-463b-bd10-f6ee1771860d","TCGA-B4-5377-01A-01R-1503-07","TCGA-B4-5377","Primary Tumor","LST1","ENSG00000204482.11",23.9222,"OK"
"TCGA-KIRC","c0dc2255-258a-463b-bd10-f6ee1771860d","TCGA-B4-5377-01A-01R-1503-07","TCGA-B4-5377","Primary Tumor","TYROBP","ENSG00000011600.12",289.5378,"OK"
"TCGA-KIRC","c0dc2255-258a-463b-bd10-f6ee1771860d","TCGA-B4-5377-01A-01R-1503-07","TCGA-B4-5377","Primary Tumor","FCER1G","ENSG00000158869.11",174.6988,"OK"
"TCGA-KIRC","c0dc2255-258a-463b-bd10-f6ee1771860d","TCGA-B4-5377-01A-01R-1503-07","TCGA-B4-5377","Primary Tumor","CD68","ENSG00000129226.14",0.1853,"OK"
"TCGA-KIRC","563b7a76-4875-41e3-a39f-c36f4476c159","TCGA-BP-4961-01A-01R-1334-07","TCGA-BP-4961","Primary Tumor","PTPRC","ENSG00000081237.20",22.2921,"OK"
"TCGA-KIRC","563b7a76-4875-41e3-a39f-c36f4476c159","TCGA-BP-4961-01A-01R-1334-07","TCGA-BP-4961","Primary Tumor","CD3D","ENSG00000167286.10",16.4894,"OK"
"TCGA-KIRC","563b7a76-4875-41e3-a39f-c36f4476c159","TCGA-BP-4961-01A-01R-1334-07","TCGA-BP-4961","Primary Tumor","CD3E","ENSG00000198851.10",17.3051,"OK"
"TCGA-KIRC","563b7a76-4875-41e3-a39f-c36f4476c159","TCGA-BP-4961-01A-01R-1334-07","TCGA-BP-4961","Primary Tumor","MS4A1","ENSG00000156738.18",0.9465,"OK"
"TCGA-KIRC","563b7a76-4875-41e3-a39f-c36f4476c159","TCGA-BP-4961-01A-01R-1334-07","TCGA-BP-4961","Primary Tumor","CD79A","ENSG00000105369.10",2.9305,"OK"
"TCGA-KIRC","563b7a76-4875-41e3-a39f-c36f4476c159","TCGA-BP-4961-01A-01R-1334-07","TCGA-BP-4961","Primary Tumor","NKG7","ENSG00000105374.10",45.789,"OK"
"TCGA-KIRC","563b7a76-4875-41e3-a39f-c36f4476c159","TCGA-BP-4961-01A-01R-1334-07","TCGA-BP-4961","Primary Tumor","LST1","ENSG00000204482.11",14.003,"OK"
"TCGA-KIRC","563b7a76-4875-41e3-a39f-c36f4476c159","TCGA-BP-4961-01A-01R-1334-07","TCGA-BP-4961","Primary Tumor","TYROBP","ENSG00000011600.12",181.7995,"OK"
"TCGA-KIRC","563b7a76-4875-41e3-a39f-c36f4476c159","TCGA-BP-4961-01A-01R-1334-07","TCGA-BP-4961","Primary Tumor","FCER1G","ENSG00000158869.11",99.5508,"OK"
"TCGA-KIRC","563b7a76-4875-41e3-a39f-c36f4476c159","TCGA-BP-4961-01A-01R-1334-07","TCGA-BP-4961","Primary Tumor","CD68","ENSG00000129226.14",0.0444,"OK"
"TCGA-KIRC","5df50268-5981-49b7-8604-1dfe1af21cb9","TCGA-CJ-5677-11A-01R-1541-07","TCGA-CJ-5677","Solid Tissue Normal","PTPRC","ENSG00000081237.20",5.696,"OK"
"TCGA-KIRC","5df50268-5981-49b7-8604-1dfe1af21cb9","TCGA-CJ-5677-11A-01R-1541-07","TCGA-CJ-5677","Solid Tissue Normal","CD3D","ENSG00000167286.10",3.9427,"OK"
"TCGA-KIRC","5df50268-5981-49b7-8604-1dfe1af21cb9","TCGA-CJ-5677-11A-01R-1541-07","TCGA-CJ-5677","Solid Tissue Normal","CD3E","ENSG00000198851.10",4.2206,"OK"
"TCGA-KIRC","5df50268-5981-49b7-8604-1dfe1af21cb9","TCGA-CJ-5677-11A-01R-1541-07","TCGA-CJ-5677","Solid Tissue Normal","MS4A1","ENSG00000156738.18",0.2087,"OK"
"TCGA-KIRC","5df50268-5981-49b7-8604-1dfe1af21cb9","TCGA-CJ-5677-11A-01R-1541-07","TCGA-CJ-5677","Solid Tissue Normal","CD79A","ENSG00000105369.10",1.6162,"OK"
"TCGA-KIRC","5df50268-5981-49b7-8604-1dfe1af21cb9","TCGA-CJ-5677-11A-01R-1541-07","TCGA-CJ-5677","Solid Tissue Normal","NKG7","ENSG00000105374.10",8.7458,"OK"
"TCGA-KIRC","5df50268-5981-49b7-8604-1dfe1af21cb9","TCGA-CJ-5677-11A-01R-1541-07","TCGA-CJ-5677","Solid Tissue Normal","LST1","ENSG00000204482.11",2.7179,"OK"
"TCGA-KIRC","5df50268-5981-49b7-8604-1dfe1af21cb9","TCGA-CJ-5677-11A-01R-1541-07","TCGA-CJ-5677","Solid Tissue Normal","TYROBP","ENSG00000011600.12",24.547,"OK"
"TCGA-KIRC","5df50268-5981-49b7-8604-1dfe1af21cb9","TCGA-CJ-5677-11A-01R-1541-07","TCGA-CJ-5677","Solid Tissue Normal","FCER1G","ENSG00000158869.11",16.6175,"OK"
"TCGA-KIRC","5df50268-5981-49b7-8604-1dfe1af21cb9","TCGA-CJ-5677-11A-01R-1541-07","TCGA-CJ-5677","Solid Tissue Normal","CD68","ENSG00000129226.14",0.0418,"OK"
"TCGA-KIRC","e47ee1c9-13c8-4c78-b1d6-8a6795bebee8","TCGA-CJ-5677-01A-11R-1541-07","TCGA-CJ-5677","Primary Tumor","PTPRC","ENSG00000081237.20",13.5874,"OK"
"TCGA-KIRC","e47ee1c9-13c8-4c78-b1d6-8a6795bebee8","TCGA-CJ-5677-01A-11R-1541-07","TCGA-CJ-5677","Primary Tumor","CD3D","ENSG00000167286.10",17.9896,"OK"
"TCGA-KIRC","e47ee1c9-13c8-4c78-b1d6-8a6795bebee8","TCGA-CJ-5677-01A-11R-1541-07","TCGA-CJ-5677","Primary Tumor","CD3E","ENSG00000198851.10",18.3526,"OK"
"TCGA-KIRC","e47ee1c9-13c8-4c78-b1d6-8a6795bebee8","TCGA-CJ-5677-01A-11R-1541-07","TCGA-CJ-5677","Primary Tumor","MS4A1","ENSG00000156738.18",0.0798,"OK"
"TCGA-KIRC","e47ee1c9-13c8-4c78-b1d6-8a6795bebee8","TCGA-CJ-5677-01A-11R-1541-07","TCGA-CJ-5677","Primary Tumor","CD79A","ENSG00000105369.10",4.2967,"OK"
"TCGA-KIRC","e47ee1c9-13c8-4c78-b1d6-8a6795bebee8","TCGA-CJ-5677-01A-11R-1541-07","TCGA-CJ-5677","Primary Tumor","NKG7","ENSG00000105374.10",44.924,"OK"
"TCGA-KIRC","e47ee1c9-13c8-4c78-b1d6-8a6795bebee8","TCGA-CJ-5677-01A-11R-1541-07","TCGA-CJ-5677","Primary Tumor","LST1","ENSG00000204482.11",51.0507,"OK"
"TCGA-KIRC","e47ee1c9-13c8-4c78-b1d6-8a6795bebee8","TCGA-CJ-5677-01A-11R-1541-07","TCGA-CJ-5677","Primary Tumor","TYROBP","ENSG00000011600.12",626.0504,"OK"
"TCGA-KIRC","e47ee1c9-13c8-4c78-b1d6-8a6795bebee8","TCGA-CJ-5677-01A-11R-1541-07","TCGA-CJ-5677","Primary Tumor","FCER1G","ENSG00000158869.11",323.4151,"OK"
"TCGA-KIRC","e47ee1c9-13c8-4c78-b1d6-8a6795bebee8","TCGA-CJ-5677-01A-11R-1541-07","TCGA-CJ-5677","Primary Tumor","CD68","ENSG00000129226.14",0.1467,"OK"
"TCGA-KIRC","44dade70-3ecc-4be0-88a8-772cb763d5bb","TCGA-6D-AA2E-01A-11R-A37O-07","TCGA-6D-AA2E","Primary Tumor","PTPRC","ENSG00000081237.20",9.2822,"OK"
"TCGA-KIRC","44dade70-3ecc-4be0-88a8-772cb763d5bb","TCGA-6D-AA2E-01A-11R-A37O-07","TCGA-6D-AA2E","Primary Tumor","CD3D","ENSG00000167286.10",16.707,"OK"
"TCGA-KIRC","44dade70-3ecc-4be0-88a8-772cb763d5bb","TCGA-6D-AA2E-01A-11R-A37O-07","TCGA-6D-AA2E","Primary Tumor","CD3E","ENSG00000198851.10",14.4455,"OK"
"TCGA-KIRC","44dade70-3ecc-4be0-88a8-772cb763d5bb","TCGA-6D-AA2E-01A-11R-A37O-07","TCGA-6D-AA2E","Primary Tumor","MS4A1","ENSG00000156738.18",0.8608,"OK"
"TCGA-KIRC","44dade70-3ecc-4be0-88a8-772cb763d5bb","TCGA-6D-AA2E-01A-11R-A37O-07","TCGA-6D-AA2E","Primary Tumor","CD79A","ENSG00000105369.10",13.2056,"OK"
"TCGA-KIRC","44dade70-3ecc-4be0-88a8-772cb763d5bb","TCGA-6D-AA2E-01A-11R-A37O-07","TCGA-6D-AA2E","Primary Tumor","NKG7","ENSG00000105374.10",28.0432,"OK"
"TCGA-KIRC","44dade70-3ecc-4be0-88a8-772cb763d5bb","TCGA-6D-AA2E-01A-11R-A37O-07","TCGA-6D-AA2E","Primary Tumor","LST1","ENSG00000204482.11",13.4425,"OK"
"TCGA-KIRC","44dade70-3ecc-4be0-88a8-772cb763d5bb","TCGA-6D-AA2E-01A-11R-A37O-07","TCGA-6D-AA2E","Primary Tumor","TYROBP","ENSG00000011600.12",160.3424,"OK"
"TCGA-KIRC","44dade70-3ecc-4be0-88a8-772cb763d5bb","TCGA-6D-AA2E-01A-11R-A37O-07","TCGA-6D-AA2E","Primary Tumor","FCER1G","ENSG00000158869.11",54.8213,"OK"
"TCGA-KIRC","44dade70-3ecc-4be0-88a8-772cb763d5bb","TCGA-6D-AA2E-01A-11R-A37O-07","TCGA-6D-AA2E","Primary Tumor","CD68","ENSG00000129226.14",0.0919,"OK"
"TCGA-KIRC","39c94a70-a68c-405c-bfbf-9675fbb1411a","TCGA-B8-5163-01A-01R-1420-07","TCGA-B8-5163","Primary Tumor","PTPRC","ENSG00000081237.20",96.9158,"OK"
"TCGA-KIRC","39c94a70-a68c-405c-bfbf-9675fbb1411a","TCGA-B8-5163-01A-01R-1420-07","TCGA-B8-5163","Primary Tumor","CD3D","ENSG00000167286.10",92.9197,"OK"
"TCGA-KIRC","39c94a70-a68c-405c-bfbf-9675fbb1411a","TCGA-B8-5163-01A-01R-1420-07","TCGA-B8-5163","Primary Tumor","CD3E","ENSG00000198851.10",93.788,"OK"
"TCGA-KIRC","39c94a70-a68c-405c-bfbf-9675fbb1411a","TCGA-B8-5163-01A-01R-1420-07","TCGA-B8-5163","Primary Tumor","MS4A1","ENSG00000156738.18",0.6801,"OK"
"TCGA-KIRC","39c94a70-a68c-405c-bfbf-9675fbb1411a","TCGA-B8-5163-01A-01R-1420-07","TCGA-B8-5163","Primary Tumor","CD79A","ENSG00000105369.10",23.3428,"OK"
"TCGA-KIRC","39c94a70-a68c-405c-bfbf-9675fbb1411a","TCGA-B8-5163-01A-01R-1420-07","TCGA-B8-5163","Primary Tumor","NKG7","ENSG00000105374.10",142.2381,"OK"
"TCGA-KIRC","39c94a70-a68c-405c-bfbf-9675fbb1411a","TCGA-B8-5163-01A-01R-1420-07","TCGA-B8-5163","Primary Tumor","LST1","ENSG00000204482.11",31.5016,"OK"
"TCGA-KIRC","39c94a70-a68c-405c-bfbf-9675fbb1411a","TCGA-B8-5163-01A-01R-1420-07","TCGA-B8-5163","Primary Tumor","TYROBP","ENSG00000011600.12",494.7389,"OK"
"TCGA-KIRC","39c94a70-a68c-405c-bfbf-9675fbb1411a","TCGA-B8-5163-01A-01R-1420-07","TCGA-B8-5163","Primary Tumor","FCER1G","ENSG00000158869.11",360.0622,"OK"
"TCGA-KIRC","39c94a70-a68c-405c-bfbf-9675fbb1411a","TCGA-B8-5163-01A-01R-1420-07","TCGA-B8-5163","Primary Tumor","CD68","ENSG00000129226.14",0.1233,"OK"
"TCGA-KIRC","db99b502-b286-4b36-a0a5-28b6b413b81a","TCGA-B0-5092-01A-01R-1420-07","TCGA-B0-5092","Primary Tumor","PTPRC","ENSG00000081237.20",45.5411,"OK"
"TCGA-KIRC","db99b502-b286-4b36-a0a5-28b6b413b81a","TCGA-B0-5092-01A-01R-1420-07","TCGA-B0-5092","Primary Tumor","CD3D","ENSG00000167286.10",194.4197,"OK"
"TCGA-KIRC","db99b502-b286-4b36-a0a5-28b6b413b81a","TCGA-B0-5092-01A-01R-1420-07","TCGA-B0-5092","Primary Tumor","CD3E","ENSG00000198851.10",160.8088,"OK"
"TCGA-KIRC","db99b502-b286-4b36-a0a5-28b6b413b81a","TCGA-B0-5092-01A-01R-1420-07","TCGA-B0-5092","Primary Tumor","MS4A1","ENSG00000156738.18",1.1569,"OK"
"TCGA-KIRC","db99b502-b286-4b36-a0a5-28b6b413b81a","TCGA-B0-5092-01A-01R-1420-07","TCGA-B0-5092","Primary Tumor","CD79A","ENSG00000105369.10",5.6298,"OK"
"TCGA-KIRC","db99b502-b286-4b36-a0a5-28b6b413b81a","TCGA-B0-5092-01A-01R-1420-07","TCGA-B0-5092","Primary Tumor","NKG7","ENSG00000105374.10",422.3872,"OK"
"TCGA-KIRC","db99b502-b286-4b36-a0a5-28b6b413b81a","TCGA-B0-5092-01A-01R-1420-07","TCGA-B0-5092","Primary Tumor","LST1","ENSG00000204482.11",44.3204,"OK"
"TCGA-KIRC","db99b502-b286-4b36-a0a5-28b6b413b81a","TCGA-B0-5092-01A-01R-1420-07","TCGA-B0-5092","Primary Tumor","TYROBP","ENSG00000011600.12",353.1363,"OK"
"TCGA-KIRC","db99b502-b286-4b36-a0a5-28b6b413b81a","TCGA-B0-5092-01A-01R-1420-07","TCGA-B0-5092","Primary Tumor","FCER1G","ENSG00000158869.11",227.5628,"OK"
"TCGA-KIRC","db99b502-b286-4b36-a0a5-28b6b413b81a","TCGA-B0-5092-01A-01R-1420-07","TCGA-B0-5092","Primary Tumor","CD68","ENSG00000129226.14",0.1052,"OK"
"TCGA-KIRC","298544f7-b010-45cc-a518-619b8e04e4fc","TCGA-CZ-4857-01A-01R-1305-07","TCGA-CZ-4857","Primary Tumor","PTPRC","ENSG00000081237.20",38.0878,"OK"
"TCGA-KIRC","298544f7-b010-45cc-a518-619b8e04e4fc","TCGA-CZ-4857-01A-01R-1305-07","TCGA-CZ-4857","Primary Tumor","CD3D","ENSG00000167286.10",26.0431,"OK"
"TCGA-KIRC","298544f7-b010-45cc-a518-619b8e04e4fc","TCGA-CZ-4857-01A-01R-1305-07","TCGA-CZ-4857","Primary Tumor","CD3E","ENSG00000198851.10",24.2494,"OK"
"TCGA-KIRC","298544f7-b010-45cc-a518-619b8e04e4fc","TCGA-CZ-4857-01A-01R-1305-07","TCGA-CZ-4857","Primary Tumor","MS4A1","ENSG00000156738.18",1.4042,"OK"
"TCGA-KIRC","298544f7-b010-45cc-a518-619b8e04e4fc","TCGA-CZ-4857-01A-01R-1305-07","TCGA-CZ-4857","Primary Tumor","CD79A","ENSG00000105369.10",3.5239,"OK"
"TCGA-KIRC","298544f7-b010-45cc-a518-619b8e04e4fc","TCGA-CZ-4857-01A-01R-1305-07","TCGA-CZ-4857","Primary Tumor","NKG7","ENSG00000105374.10",52.9667,"OK"
"TCGA-KIRC","298544f7-b010-45cc-a518-619b8e04e4fc","TCGA-CZ-4857-01A-01R-1305-07","TCGA-CZ-4857","Primary Tumor","LST1","ENSG00000204482.11",22.8695,"OK"
"TCGA-KIRC","298544f7-b010-45cc-a518-619b8e04e4fc","TCGA-CZ-4857-01A-01R-1305-07","TCGA-CZ-4857","Primary Tumor","TYROBP","ENSG00000011600.12",307.4876,"OK"
"TCGA-KIRC","298544f7-b010-45cc-a518-619b8e04e4fc","TCGA-CZ-4857-01A-01R-1305-07","TCGA-CZ-4857","Primary Tumor","FCER1G","ENSG00000158869.11",202.3459,"OK"
"TCGA-KIRC","298544f7-b010-45cc-a518-619b8e04e4fc","TCGA-CZ-4857-01A-01R-1305-07","TCGA-CZ-4857","Primary Tumor","CD68","ENSG00000129226.14",0.2815,"OK"
"TCGA-KIRC","a09990aa-76c9-4041-a2f5-317be4c5ab09","TCGA-B0-4703-01A-01R-1277-07","TCGA-B0-4703","Primary Tumor","PTPRC","ENSG00000081237.20",38.3158,"OK"
"TCGA-KIRC","a09990aa-76c9-4041-a2f5-317be4c5ab09","TCGA-B0-4703-01A-01R-1277-07","TCGA-B0-4703","Primary Tumor","CD3D","ENSG00000167286.10",60.9617,"OK"
"TCGA-KIRC","a09990aa-76c9-4041-a2f5-317be4c5ab09","TCGA-B0-4703-01A-01R-1277-07","TCGA-B0-4703","Primary Tumor","CD3E","ENSG00000198851.10",54.4558,"OK"
"TCGA-KIRC","a09990aa-76c9-4041-a2f5-317be4c5ab09","TCGA-B0-4703-01A-01R-1277-07","TCGA-B0-4703","Primary Tumor","MS4A1","ENSG00000156738.18",1.6996,"OK"
"TCGA-KIRC","a09990aa-76c9-4041-a2f5-317be4c5ab09","TCGA-B0-4703-01A-01R-1277-07","TCGA-B0-4703","Primary Tumor","CD79A","ENSG00000105369.10",3.3569,"OK"
"TCGA-KIRC","a09990aa-76c9-4041-a2f5-317be4c5ab09","TCGA-B0-4703-01A-01R-1277-07","TCGA-B0-4703","Primary Tumor","NKG7","ENSG00000105374.10",149.2577,"OK"
"TCGA-KIRC","a09990aa-76c9-4041-a2f5-317be4c5ab09","TCGA-B0-4703-01A-01R-1277-07","TCGA-B0-4703","Primary Tumor","LST1","ENSG00000204482.11",37.1485,"OK"
"TCGA-KIRC","a09990aa-76c9-4041-a2f5-317be4c5ab09","TCGA-B0-4703-01A-01R-1277-07","TCGA-B0-4703","Primary Tumor","TYROBP","ENSG00000011600.12",378.1267,"OK"
"TCGA-KIRC","a09990aa-76c9-4041-a2f5-317be4c5ab09","TCGA-B0-4703-01A-01R-1277-07","TCGA-B0-4703","Primary Tumor","FCER1G","ENSG00000158869.11",197.0804,"OK"
"TCGA-KIRC","a09990aa-76c9-4041-a2f5-317be4c5ab09","TCGA-B0-4703-01A-01R-1277-07","TCGA-B0-4703","Primary Tumor","CD68","ENSG00000129226.14",0.163,"OK"
"TCGA-KIRC","4ab781c9-0569-4b74-b233-a8d898392f66","TCGA-BP-4974-01A-01R-1334-07","TCGA-BP-4974","Primary Tumor","PTPRC","ENSG00000081237.20",19.4242,"OK"
"TCGA-KIRC","4ab781c9-0569-4b74-b233-a8d898392f66","TCGA-BP-4974-01A-01R-1334-07","TCGA-BP-4974","Primary Tumor","CD3D","ENSG00000167286.10",27.324,"OK"
"TCGA-KIRC","4ab781c9-0569-4b74-b233-a8d898392f66","TCGA-BP-4974-01A-01R-1334-07","TCGA-BP-4974","Primary Tumor","CD3E","ENSG00000198851.10",28.1528,"OK"
"TCGA-KIRC","4ab781c9-0569-4b74-b233-a8d898392f66","TCGA-BP-4974-01A-01R-1334-07","TCGA-BP-4974","Primary Tumor","MS4A1","ENSG00000156738.18",1.4713,"OK"
"TCGA-KIRC","4ab781c9-0569-4b74-b233-a8d898392f66","TCGA-BP-4974-01A-01R-1334-07","TCGA-BP-4974","Primary Tumor","CD79A","ENSG00000105369.10",3.792,"OK"
"TCGA-KIRC","4ab781c9-0569-4b74-b233-a8d898392f66","TCGA-BP-4974-01A-01R-1334-07","TCGA-BP-4974","Primary Tumor","NKG7","ENSG00000105374.10",44.8126,"OK"
"TCGA-KIRC","4ab781c9-0569-4b74-b233-a8d898392f66","TCGA-BP-4974-01A-01R-1334-07","TCGA-BP-4974","Primary Tumor","LST1","ENSG00000204482.11",10.7868,"OK"
"TCGA-KIRC","4ab781c9-0569-4b74-b233-a8d898392f66","TCGA-BP-4974-01A-01R-1334-07","TCGA-BP-4974","Primary Tumor","TYROBP","ENSG00000011600.12",148.9482,"OK"
"TCGA-KIRC","4ab781c9-0569-4b74-b233-a8d898392f66","TCGA-BP-4974-01A-01R-1334-07","TCGA-BP-4974","Primary Tumor","FCER1G","ENSG00000158869.11",85.714,"OK"
"TCGA-KIRC","4ab781c9-0569-4b74-b233-a8d898392f66","TCGA-BP-4974-01A-01R-1334-07","TCGA-BP-4974","Primary Tumor","CD68","ENSG00000129226.14",0.2704,"OK"
"TCGA-KIRC","03c6d5d2-1a33-4ae7-9421-f43b14fc97bd","TCGA-BP-5001-01A-01R-1334-07","TCGA-BP-5001","Primary Tumor","PTPRC","ENSG00000081237.20",9.4846,"OK"
"TCGA-KIRC","03c6d5d2-1a33-4ae7-9421-f43b14fc97bd","TCGA-BP-5001-01A-01R-1334-07","TCGA-BP-5001","Primary Tumor","CD3D","ENSG00000167286.10",40.2733,"OK"
"TCGA-KIRC","03c6d5d2-1a33-4ae7-9421-f43b14fc97bd","TCGA-BP-5001-01A-01R-1334-07","TCGA-BP-5001","Primary Tumor","CD3E","ENSG00000198851.10",32.702,"OK"
"TCGA-KIRC","03c6d5d2-1a33-4ae7-9421-f43b14fc97bd","TCGA-BP-5001-01A-01R-1334-07","TCGA-BP-5001","Primary Tumor","MS4A1","ENSG00000156738.18",0.733,"OK"
"TCGA-KIRC","03c6d5d2-1a33-4ae7-9421-f43b14fc97bd","TCGA-BP-5001-01A-01R-1334-07","TCGA-BP-5001","Primary Tumor","CD79A","ENSG00000105369.10",2.2872,"OK"
"TCGA-KIRC","03c6d5d2-1a33-4ae7-9421-f43b14fc97bd","TCGA-BP-5001-01A-01R-1334-07","TCGA-BP-5001","Primary Tumor","NKG7","ENSG00000105374.10",88.4473,"OK"
"TCGA-KIRC","03c6d5d2-1a33-4ae7-9421-f43b14fc97bd","TCGA-BP-5001-01A-01R-1334-07","TCGA-BP-5001","Primary Tumor","LST1","ENSG00000204482.11",16.9802,"OK"
"TCGA-KIRC","03c6d5d2-1a33-4ae7-9421-f43b14fc97bd","TCGA-BP-5001-01A-01R-1334-07","TCGA-BP-5001","Primary Tumor","TYROBP","ENSG00000011600.12",109.4273,"OK"
"TCGA-KIRC","03c6d5d2-1a33-4ae7-9421-f43b14fc97bd","TCGA-BP-5001-01A-01R-1334-07","TCGA-BP-5001","Primary Tumor","FCER1G","ENSG00000158869.11",47.2733,"OK"
"TCGA-KIRC","03c6d5d2-1a33-4ae7-9421-f43b14fc97bd","TCGA-BP-5001-01A-01R-1334-07","TCGA-BP-5001","Primary Tumor","CD68","ENSG00000129226.14",0.1776,"OK"
"TCGA-KIRC","4bc67f13-2c7c-4be8-8bfe-1c2fffecf694","TCGA-AK-3458-01A-01R-1503-07","TCGA-AK-3458","Primary Tumor","PTPRC","ENSG00000081237.20",19.4541,"OK"
"TCGA-KIRC","4bc67f13-2c7c-4be8-8bfe-1c2fffecf694","TCGA-AK-3458-01A-01R-1503-07","TCGA-AK-3458","Primary Tumor","CD3D","ENSG00000167286.10",60.0655,"OK"
"TCGA-KIRC","4bc67f13-2c7c-4be8-8bfe-1c2fffecf694","TCGA-AK-3458-01A-01R-1503-07","TCGA-AK-3458","Primary Tumor","CD3E","ENSG00000198851.10",21.5049,"OK"
"TCGA-KIRC","4bc67f13-2c7c-4be8-8bfe-1c2fffecf694","TCGA-AK-3458-01A-01R-1503-07","TCGA-AK-3458","Primary Tumor","MS4A1","ENSG00000156738.18",1.9084,"OK"
"TCGA-KIRC","4bc67f13-2c7c-4be8-8bfe-1c2fffecf694","TCGA-AK-3458-01A-01R-1503-07","TCGA-AK-3458","Primary Tumor","CD79A","ENSG00000105369.10",3.0605,"OK"
"TCGA-KIRC","4bc67f13-2c7c-4be8-8bfe-1c2fffecf694","TCGA-AK-3458-01A-01R-1503-07","TCGA-AK-3458","Primary Tumor","NKG7","ENSG00000105374.10",127.1015,"OK"
"TCGA-KIRC","4bc67f13-2c7c-4be8-8bfe-1c2fffecf694","TCGA-AK-3458-01A-01R-1503-07","TCGA-AK-3458","Primary Tumor","LST1","ENSG00000204482.11",43.4267,"OK"
"TCGA-KIRC","4bc67f13-2c7c-4be8-8bfe-1c2fffecf694","TCGA-AK-3458-01A-01R-1503-07","TCGA-AK-3458","Primary Tumor","TYROBP","ENSG00000011600.12",272.2523,"OK"
"TCGA-KIRC","4bc67f13-2c7c-4be8-8bfe-1c2fffecf694","TCGA-AK-3458-01A-01R-1503-07","TCGA-AK-3458","Primary Tumor","FCER1G","ENSG00000158869.11",61.5554,"OK"
"TCGA-KIRC","4bc67f13-2c7c-4be8-8bfe-1c2fffecf694","TCGA-AK-3458-01A-01R-1503-07","TCGA-AK-3458","Primary Tumor","CD68","ENSG00000129226.14",0.0312,"OK"
"TCGA-KIRC","396123b0-8914-42db-a9f3-4fdf987c5faf","TCGA-B0-4846-01A-01R-1277-07","TCGA-B0-4846","Primary Tumor","PTPRC","ENSG00000081237.20",61.0853,"OK"
"TCGA-KIRC","396123b0-8914-42db-a9f3-4fdf987c5faf","TCGA-B0-4846-01A-01R-1277-07","TCGA-B0-4846","Primary Tumor","CD3D","ENSG00000167286.10",56.4597,"OK"
"TCGA-KIRC","396123b0-8914-42db-a9f3-4fdf987c5faf","TCGA-B0-4846-01A-01R-1277-07","TCGA-B0-4846","Primary Tumor","CD3E","ENSG00000198851.10",47.7277,"OK"
"TCGA-KIRC","396123b0-8914-42db-a9f3-4fdf987c5faf","TCGA-B0-4846-01A-01R-1277-07","TCGA-B0-4846","Primary Tumor","MS4A1","ENSG00000156738.18",0.7791,"OK"
"TCGA-KIRC","396123b0-8914-42db-a9f3-4fdf987c5faf","TCGA-B0-4846-01A-01R-1277-07","TCGA-B0-4846","Primary Tumor","CD79A","ENSG00000105369.10",2.2581,"OK"
"TCGA-KIRC","396123b0-8914-42db-a9f3-4fdf987c5faf","TCGA-B0-4846-01A-01R-1277-07","TCGA-B0-4846","Primary Tumor","NKG7","ENSG00000105374.10",115.6014,"OK"
"TCGA-KIRC","396123b0-8914-42db-a9f3-4fdf987c5faf","TCGA-B0-4846-01A-01R-1277-07","TCGA-B0-4846","Primary Tumor","LST1","ENSG00000204482.11",29.5427,"OK"
"TCGA-KIRC","396123b0-8914-42db-a9f3-4fdf987c5faf","TCGA-B0-4846-01A-01R-1277-07","TCGA-B0-4846","Primary Tumor","TYROBP","ENSG00000011600.12",265.4324,"OK"
"TCGA-KIRC","396123b0-8914-42db-a9f3-4fdf987c5faf","TCGA-B0-4846-01A-01R-1277-07","TCGA-B0-4846","Primary Tumor","FCER1G","ENSG00000158869.11",168.6549,"OK"
"TCGA-KIRC","396123b0-8914-42db-a9f3-4fdf987c5faf","TCGA-B0-4846-01A-01R-1277-07","TCGA-B0-4846","Primary Tumor","CD68","ENSG00000129226.14",0,"OK"
"TCGA-KIRC","e1beebe9-dc24-4f9d-a89f-87001fcf25c7","TCGA-BP-4161-01A-02R-1325-07","TCGA-BP-4161","Primary Tumor","PTPRC","ENSG00000081237.20",74.1993,"OK"
"TCGA-KIRC","e1beebe9-dc24-4f9d-a89f-87001fcf25c7","TCGA-BP-4161-01A-02R-1325-07","TCGA-BP-4161","Primary Tumor","CD3D","ENSG00000167286.10",74.9265,"OK"
"TCGA-KIRC","e1beebe9-dc24-4f9d-a89f-87001fcf25c7","TCGA-BP-4161-01A-02R-1325-07","TCGA-BP-4161","Primary Tumor","CD3E","ENSG00000198851.10",61.5711,"OK"
"TCGA-KIRC","e1beebe9-dc24-4f9d-a89f-87001fcf25c7","TCGA-BP-4161-01A-02R-1325-07","TCGA-BP-4161","Primary Tumor","MS4A1","ENSG00000156738.18",3.4644,"OK"
"TCGA-KIRC","e1beebe9-dc24-4f9d-a89f-87001fcf25c7","TCGA-BP-4161-01A-02R-1325-07","TCGA-BP-4161","Primary Tumor","CD79A","ENSG00000105369.10",16.1224,"OK"
"TCGA-KIRC","e1beebe9-dc24-4f9d-a89f-87001fcf25c7","TCGA-BP-4161-01A-02R-1325-07","TCGA-BP-4161","Primary Tumor","NKG7","ENSG00000105374.10",179.4835,"OK"
"TCGA-KIRC","e1beebe9-dc24-4f9d-a89f-87001fcf25c7","TCGA-BP-4161-01A-02R-1325-07","TCGA-BP-4161","Primary Tumor","LST1","ENSG00000204482.11",48.0016,"OK"
"TCGA-KIRC","e1beebe9-dc24-4f9d-a89f-87001fcf25c7","TCGA-BP-4161-01A-02R-1325-07","TCGA-BP-4161","Primary Tumor","TYROBP","ENSG00000011600.12",369.3945,"OK"
"TCGA-KIRC","e1beebe9-dc24-4f9d-a89f-87001fcf25c7","TCGA-BP-4161-01A-02R-1325-07","TCGA-BP-4161","Primary Tumor","FCER1G","ENSG00000158869.11",192.9335,"OK"
"TCGA-KIRC","e1beebe9-dc24-4f9d-a89f-87001fcf25c7","TCGA-BP-4161-01A-02R-1325-07","TCGA-BP-4161","Primary Tumor","CD68","ENSG00000129226.14",0.3795,"OK"
"TCGA-KIRC","00174492-1adc-4310-8147-a622befbb466","TCGA-BP-4964-01A-01R-1334-07","TCGA-BP-4964","Primary Tumor","PTPRC","ENSG00000081237.20",20.0245,"OK"
"TCGA-KIRC","00174492-1adc-4310-8147-a622befbb466","TCGA-BP-4964-01A-01R-1334-07","TCGA-BP-4964","Primary Tumor","CD3D","ENSG00000167286.10",41.2159,"OK"
"TCGA-KIRC","00174492-1adc-4310-8147-a622befbb466","TCGA-BP-4964-01A-01R-1334-07","TCGA-BP-4964","Primary Tumor","CD3E","ENSG00000198851.10",29.7056,"OK"
"TCGA-KIRC","00174492-1adc-4310-8147-a622befbb466","TCGA-BP-4964-01A-01R-1334-07","TCGA-BP-4964","Primary Tumor","MS4A1","ENSG00000156738.18",0.5409,"OK"
"TCGA-KIRC","00174492-1adc-4310-8147-a622befbb466","TCGA-BP-4964-01A-01R-1334-07","TCGA-BP-4964","Primary Tumor","CD79A","ENSG00000105369.10",2.407,"OK"
"TCGA-KIRC","00174492-1adc-4310-8147-a622befbb466","TCGA-BP-4964-01A-01R-1334-07","TCGA-BP-4964","Primary Tumor","NKG7","ENSG00000105374.10",69.2038,"OK"
"TCGA-KIRC","00174492-1adc-4310-8147-a622befbb466","TCGA-BP-4964-01A-01R-1334-07","TCGA-BP-4964","Primary Tumor","LST1","ENSG00000204482.11",16.1239,"OK"
"TCGA-KIRC","00174492-1adc-4310-8147-a622befbb466","TCGA-BP-4964-01A-01R-1334-07","TCGA-BP-4964","Primary Tumor","TYROBP","ENSG00000011600.12",205.5085,"OK"
"TCGA-KIRC","00174492-1adc-4310-8147-a622befbb466","TCGA-BP-4964-01A-01R-1334-07","TCGA-BP-4964","Primary Tumor","FCER1G","ENSG00000158869.11",98.676,"OK"
"TCGA-KIRC","00174492-1adc-4310-8147-a622befbb466","TCGA-BP-4964-01A-01R-1334-07","TCGA-BP-4964","Primary Tumor","CD68","ENSG00000129226.14",0.1602,"OK"
"TCGA-KIRC","c69d9c36-61e3-4985-b17b-b64bd7ed3821","TCGA-BP-4769-01A-01R-1289-07","TCGA-BP-4769","Primary Tumor","PTPRC","ENSG00000081237.20",4.3776,"OK"
"TCGA-KIRC","c69d9c36-61e3-4985-b17b-b64bd7ed3821","TCGA-BP-4769-01A-01R-1289-07","TCGA-BP-4769","Primary Tumor","CD3D","ENSG00000167286.10",4.0743,"OK"
"TCGA-KIRC","c69d9c36-61e3-4985-b17b-b64bd7ed3821","TCGA-BP-4769-01A-01R-1289-07","TCGA-BP-4769","Primary Tumor","CD3E","ENSG00000198851.10",5.8635,"OK"
"TCGA-KIRC","c69d9c36-61e3-4985-b17b-b64bd7ed3821","TCGA-BP-4769-01A-01R-1289-07","TCGA-BP-4769","Primary Tumor","MS4A1","ENSG00000156738.18",0.2815,"OK"
"TCGA-KIRC","c69d9c36-61e3-4985-b17b-b64bd7ed3821","TCGA-BP-4769-01A-01R-1289-07","TCGA-BP-4769","Primary Tumor","CD79A","ENSG00000105369.10",4.1073,"OK"
"TCGA-KIRC","c69d9c36-61e3-4985-b17b-b64bd7ed3821","TCGA-BP-4769-01A-01R-1289-07","TCGA-BP-4769","Primary Tumor","NKG7","ENSG00000105374.10",7.9377,"OK"
"TCGA-KIRC","c69d9c36-61e3-4985-b17b-b64bd7ed3821","TCGA-BP-4769-01A-01R-1289-07","TCGA-BP-4769","Primary Tumor","LST1","ENSG00000204482.11",6.5081,"OK"
"TCGA-KIRC","c69d9c36-61e3-4985-b17b-b64bd7ed3821","TCGA-BP-4769-01A-01R-1289-07","TCGA-BP-4769","Primary Tumor","TYROBP","ENSG00000011600.12",73.1996,"OK"
"TCGA-KIRC","c69d9c36-61e3-4985-b17b-b64bd7ed3821","TCGA-BP-4769-01A-01R-1289-07","TCGA-BP-4769","Primary Tumor","FCER1G","ENSG00000158869.11",48.7517,"OK"
"TCGA-KIRC","c69d9c36-61e3-4985-b17b-b64bd7ed3821","TCGA-BP-4769-01A-01R-1289-07","TCGA-BP-4769","Primary Tumor","CD68","ENSG00000129226.14",0,"OK"
"TCGA-KIRC","1164d793-7d50-42c9-9b8c-74affd93964d","TCGA-BP-4797-01A-01R-1305-07","TCGA-BP-4797","Primary Tumor","PTPRC","ENSG00000081237.20",39.4522,"OK"
"TCGA-KIRC","1164d793-7d50-42c9-9b8c-74affd93964d","TCGA-BP-4797-01A-01R-1305-07","TCGA-BP-4797","Primary Tumor","CD3D","ENSG00000167286.10",42.3558,"OK"
"TCGA-KIRC","1164d793-7d50-42c9-9b8c-74affd93964d","TCGA-BP-4797-01A-01R-1305-07","TCGA-BP-4797","Primary Tumor","CD3E","ENSG00000198851.10",31.7704,"OK"
"TCGA-KIRC","1164d793-7d50-42c9-9b8c-74affd93964d","TCGA-BP-4797-01A-01R-1305-07","TCGA-BP-4797","Primary Tumor","MS4A1","ENSG00000156738.18",0.8578,"OK"
"TCGA-KIRC","1164d793-7d50-42c9-9b8c-74affd93964d","TCGA-BP-4797-01A-01R-1305-07","TCGA-BP-4797","Primary Tumor","CD79A","ENSG00000105369.10",3.8501,"OK"
"TCGA-KIRC","1164d793-7d50-42c9-9b8c-74affd93964d","TCGA-BP-4797-01A-01R-1305-07","TCGA-BP-4797","Primary Tumor","NKG7","ENSG00000105374.10",66.3756,"OK"
"TCGA-KIRC","1164d793-7d50-42c9-9b8c-74affd93964d","TCGA-BP-4797-01A-01R-1305-07","TCGA-BP-4797","Primary Tumor","LST1","ENSG00000204482.11",19.7311,"OK"
"TCGA-KIRC","1164d793-7d50-42c9-9b8c-74affd93964d","TCGA-BP-4797-01A-01R-1305-07","TCGA-BP-4797","Primary Tumor","TYROBP","ENSG00000011600.12",258.898,"OK"
"TCGA-KIRC","1164d793-7d50-42c9-9b8c-74affd93964d","TCGA-BP-4797-01A-01R-1305-07","TCGA-BP-4797","Primary Tumor","FCER1G","ENSG00000158869.11",138.3144,"OK"
"TCGA-KIRC","1164d793-7d50-42c9-9b8c-74affd93964d","TCGA-BP-4797-01A-01R-1305-07","TCGA-BP-4797","Primary Tumor","CD68","ENSG00000129226.14",0.1113,"OK"
"TCGA-KIRC","1263f317-119b-428c-96b1-c187e54bb275","TCGA-T7-A92I-01A-11R-A37O-07","TCGA-T7-A92I","Primary Tumor","PTPRC","ENSG00000081237.20",16.1819,"OK"
"TCGA-KIRC","1263f317-119b-428c-96b1-c187e54bb275","TCGA-T7-A92I-01A-11R-A37O-07","TCGA-T7-A92I","Primary Tumor","CD3D","ENSG00000167286.10",11.6813,"OK"
"TCGA-KIRC","1263f317-119b-428c-96b1-c187e54bb275","TCGA-T7-A92I-01A-11R-A37O-07","TCGA-T7-A92I","Primary Tumor","CD3E","ENSG00000198851.10",15.6687,"OK"
"TCGA-KIRC","1263f317-119b-428c-96b1-c187e54bb275","TCGA-T7-A92I-01A-11R-A37O-07","TCGA-T7-A92I","Primary Tumor","MS4A1","ENSG00000156738.18",0.2311,"OK"
"TCGA-KIRC","1263f317-119b-428c-96b1-c187e54bb275","TCGA-T7-A92I-01A-11R-A37O-07","TCGA-T7-A92I","Primary Tumor","CD79A","ENSG00000105369.10",1.5172,"OK"
"TCGA-KIRC","1263f317-119b-428c-96b1-c187e54bb275","TCGA-T7-A92I-01A-11R-A37O-07","TCGA-T7-A92I","Primary Tumor","NKG7","ENSG00000105374.10",22.7381,"OK"
"TCGA-KIRC","1263f317-119b-428c-96b1-c187e54bb275","TCGA-T7-A92I-01A-11R-A37O-07","TCGA-T7-A92I","Primary Tumor","LST1","ENSG00000204482.11",13.6748,"OK"
"TCGA-KIRC","1263f317-119b-428c-96b1-c187e54bb275","TCGA-T7-A92I-01A-11R-A37O-07","TCGA-T7-A92I","Primary Tumor","TYROBP","ENSG00000011600.12",129.9671,"OK"
"TCGA-KIRC","1263f317-119b-428c-96b1-c187e54bb275","TCGA-T7-A92I-01A-11R-A37O-07","TCGA-T7-A92I","Primary Tumor","FCER1G","ENSG00000158869.11",66.8865,"OK"
"TCGA-KIRC","1263f317-119b-428c-96b1-c187e54bb275","TCGA-T7-A92I-01A-11R-A37O-07","TCGA-T7-A92I","Primary Tumor","CD68","ENSG00000129226.14",0.1529,"OK"
"TCGA-KIRC","afb1e9c1-aa37-40d4-a2b0-5996c023d30b","TCGA-B0-4693-01A-01R-1277-07","TCGA-B0-4693","Primary Tumor","PTPRC","ENSG00000081237.20",40.8301,"OK"
"TCGA-KIRC","afb1e9c1-aa37-40d4-a2b0-5996c023d30b","TCGA-B0-4693-01A-01R-1277-07","TCGA-B0-4693","Primary Tumor","CD3D","ENSG00000167286.10",42.7316,"OK"
"TCGA-KIRC","afb1e9c1-aa37-40d4-a2b0-5996c023d30b","TCGA-B0-4693-01A-01R-1277-07","TCGA-B0-4693","Primary Tumor","CD3E","ENSG00000198851.10",44.069,"OK"
"TCGA-KIRC","afb1e9c1-aa37-40d4-a2b0-5996c023d30b","TCGA-B0-4693-01A-01R-1277-07","TCGA-B0-4693","Primary Tumor","MS4A1","ENSG00000156738.18",1.0847,"OK"
"TCGA-KIRC","afb1e9c1-aa37-40d4-a2b0-5996c023d30b","TCGA-B0-4693-01A-01R-1277-07","TCGA-B0-4693","Primary Tumor","CD79A","ENSG00000105369.10",17.8432,"OK"
"TCGA-KIRC","afb1e9c1-aa37-40d4-a2b0-5996c023d30b","TCGA-B0-4693-01A-01R-1277-07","TCGA-B0-4693","Primary Tumor","NKG7","ENSG00000105374.10",150.7637,"OK"
"TCGA-KIRC","afb1e9c1-aa37-40d4-a2b0-5996c023d30b","TCGA-B0-4693-01A-01R-1277-07","TCGA-B0-4693","Primary Tumor","LST1","ENSG00000204482.11",28.0461,"OK"
"TCGA-KIRC","afb1e9c1-aa37-40d4-a2b0-5996c023d30b","TCGA-B0-4693-01A-01R-1277-07","TCGA-B0-4693","Primary Tumor","TYROBP","ENSG00000011600.12",199.8814,"OK"
"TCGA-KIRC","afb1e9c1-aa37-40d4-a2b0-5996c023d30b","TCGA-B0-4693-01A-01R-1277-07","TCGA-B0-4693","Primary Tumor","FCER1G","ENSG00000158869.11",116.9862,"OK"
"TCGA-KIRC","afb1e9c1-aa37-40d4-a2b0-5996c023d30b","TCGA-B0-4693-01A-01R-1277-07","TCGA-B0-4693","Primary Tumor","CD68","ENSG00000129226.14",0.1939,"OK"
"TCGA-KIRC","fa927427-fa20-44d0-b574-81d99277be8a","TCGA-B8-4143-01A-01R-1188-07","TCGA-B8-4143","Primary Tumor","PTPRC","ENSG00000081237.20",46.07,"OK"
"TCGA-KIRC","fa927427-fa20-44d0-b574-81d99277be8a","TCGA-B8-4143-01A-01R-1188-07","TCGA-B8-4143","Primary Tumor","CD3D","ENSG00000167286.10",89.6798,"OK"
"TCGA-KIRC","fa927427-fa20-44d0-b574-81d99277be8a","TCGA-B8-4143-01A-01R-1188-07","TCGA-B8-4143","Primary Tumor","CD3E","ENSG00000198851.10",68.6541,"OK"
"TCGA-KIRC","fa927427-fa20-44d0-b574-81d99277be8a","TCGA-B8-4143-01A-01R-1188-07","TCGA-B8-4143","Primary Tumor","MS4A1","ENSG00000156738.18",2.5089,"OK"
"TCGA-KIRC","fa927427-fa20-44d0-b574-81d99277be8a","TCGA-B8-4143-01A-01R-1188-07","TCGA-B8-4143","Primary Tumor","CD79A","ENSG00000105369.10",19.1164,"OK"
"TCGA-KIRC","fa927427-fa20-44d0-b574-81d99277be8a","TCGA-B8-4143-01A-01R-1188-07","TCGA-B8-4143","Primary Tumor","NKG7","ENSG00000105374.10",332.1115,"OK"
"TCGA-KIRC","fa927427-fa20-44d0-b574-81d99277be8a","TCGA-B8-4143-01A-01R-1188-07","TCGA-B8-4143","Primary Tumor","LST1","ENSG00000204482.11",49.1747,"OK"
"TCGA-KIRC","fa927427-fa20-44d0-b574-81d99277be8a","TCGA-B8-4143-01A-01R-1188-07","TCGA-B8-4143","Primary Tumor","TYROBP","ENSG00000011600.12",561.1685,"OK"
"TCGA-KIRC","fa927427-fa20-44d0-b574-81d99277be8a","TCGA-B8-4143-01A-01R-1188-07","TCGA-B8-4143","Primary Tumor","FCER1G","ENSG00000158869.11",337.146,"OK"
"TCGA-KIRC","fa927427-fa20-44d0-b574-81d99277be8a","TCGA-B8-4143-01A-01R-1188-07","TCGA-B8-4143","Primary Tumor","CD68","ENSG00000129226.14",0.2188,"OK"
"TCGA-KIRC","98ca487a-a503-459a-8665-11a3caf8bce5","TCGA-B0-5697-01A-11R-1541-07","TCGA-B0-5697","Primary Tumor","PTPRC","ENSG00000081237.20",63.4653,"OK"
"TCGA-KIRC","98ca487a-a503-459a-8665-11a3caf8bce5","TCGA-B0-5697-01A-11R-1541-07","TCGA-B0-5697","Primary Tumor","CD3D","ENSG00000167286.10",98.2391,"OK"
"TCGA-KIRC","98ca487a-a503-459a-8665-11a3caf8bce5","TCGA-B0-5697-01A-11R-1541-07","TCGA-B0-5697","Primary Tumor","CD3E","ENSG00000198851.10",73.101,"OK"
"TCGA-KIRC","98ca487a-a503-459a-8665-11a3caf8bce5","TCGA-B0-5697-01A-11R-1541-07","TCGA-B0-5697","Primary Tumor","MS4A1","ENSG00000156738.18",1.3091,"OK"
"TCGA-KIRC","98ca487a-a503-459a-8665-11a3caf8bce5","TCGA-B0-5697-01A-11R-1541-07","TCGA-B0-5697","Primary Tumor","CD79A","ENSG00000105369.10",7.1098,"OK"
"TCGA-KIRC","98ca487a-a503-459a-8665-11a3caf8bce5","TCGA-B0-5697-01A-11R-1541-07","TCGA-B0-5697","Primary Tumor","NKG7","ENSG00000105374.10",206.2204,"OK"
"TCGA-KIRC","98ca487a-a503-459a-8665-11a3caf8bce5","TCGA-B0-5697-01A-11R-1541-07","TCGA-B0-5697","Primary Tumor","LST1","ENSG00000204482.11",40.9174,"OK"
"TCGA-KIRC","98ca487a-a503-459a-8665-11a3caf8bce5","TCGA-B0-5697-01A-11R-1541-07","TCGA-B0-5697","Primary Tumor","TYROBP","ENSG00000011600.12",490.5206,"OK"
"TCGA-KIRC","98ca487a-a503-459a-8665-11a3caf8bce5","TCGA-B0-5697-01A-11R-1541-07","TCGA-B0-5697","Primary Tumor","FCER1G","ENSG00000158869.11",279.8544,"OK"
"TCGA-KIRC","98ca487a-a503-459a-8665-11a3caf8bce5","TCGA-B0-5697-01A-11R-1541-07","TCGA-B0-5697","Primary Tumor","CD68","ENSG00000129226.14",0.1312,"OK"
"TCGA-KIRC","05aedbb7-c56c-4756-b8e8-302afaedcb4c","TCGA-B0-5697-11A-01R-1541-07","TCGA-B0-5697","Solid Tissue Normal","PTPRC","ENSG00000081237.20",1.7194,"OK"
"TCGA-KIRC","05aedbb7-c56c-4756-b8e8-302afaedcb4c","TCGA-B0-5697-11A-01R-1541-07","TCGA-B0-5697","Solid Tissue Normal","CD3D","ENSG00000167286.10",1.4235,"OK"
"TCGA-KIRC","05aedbb7-c56c-4756-b8e8-302afaedcb4c","TCGA-B0-5697-11A-01R-1541-07","TCGA-B0-5697","Solid Tissue Normal","CD3E","ENSG00000198851.10",1.1733,"OK"
"TCGA-KIRC","05aedbb7-c56c-4756-b8e8-302afaedcb4c","TCGA-B0-5697-11A-01R-1541-07","TCGA-B0-5697","Solid Tissue Normal","MS4A1","ENSG00000156738.18",0.0344,"OK"
"TCGA-KIRC","05aedbb7-c56c-4756-b8e8-302afaedcb4c","TCGA-B0-5697-11A-01R-1541-07","TCGA-B0-5697","Solid Tissue Normal","CD79A","ENSG00000105369.10",0.2851,"OK"
"TCGA-KIRC","05aedbb7-c56c-4756-b8e8-302afaedcb4c","TCGA-B0-5697-11A-01R-1541-07","TCGA-B0-5697","Solid Tissue Normal","NKG7","ENSG00000105374.10",2.4366,"OK"
"TCGA-KIRC","05aedbb7-c56c-4756-b8e8-302afaedcb4c","TCGA-B0-5697-11A-01R-1541-07","TCGA-B0-5697","Solid Tissue Normal","LST1","ENSG00000204482.11",1.2238,"OK"
"TCGA-KIRC","05aedbb7-c56c-4756-b8e8-302afaedcb4c","TCGA-B0-5697-11A-01R-1541-07","TCGA-B0-5697","Solid Tissue Normal","TYROBP","ENSG00000011600.12",10.2587,"OK"
"TCGA-KIRC","05aedbb7-c56c-4756-b8e8-302afaedcb4c","TCGA-B0-5697-11A-01R-1541-07","TCGA-B0-5697","Solid Tissue Normal","FCER1G","ENSG00000158869.11",5.2235,"OK"
"TCGA-KIRC","05aedbb7-c56c-4756-b8e8-302afaedcb4c","TCGA-B0-5697-11A-01R-1541-07","TCGA-B0-5697","Solid Tissue Normal","CD68","ENSG00000129226.14",0.0253,"OK"
"TCGA-KIRC","08e51a10-bb34-448d-bc76-c02834852933","TCGA-CJ-4876-01A-01R-1305-07","TCGA-CJ-4876","Primary Tumor","PTPRC","ENSG00000081237.20",11.9402,"OK"
"TCGA-KIRC","08e51a10-bb34-448d-bc76-c02834852933","TCGA-CJ-4876-01A-01R-1305-07","TCGA-CJ-4876","Primary Tumor","CD3D","ENSG00000167286.10",57.7632,"OK"
"TCGA-KIRC","08e51a10-bb34-448d-bc76-c02834852933","TCGA-CJ-4876-01A-01R-1305-07","TCGA-CJ-4876","Primary Tumor","CD3E","ENSG00000198851.10",58.2142,"OK"
"TCGA-KIRC","08e51a10-bb34-448d-bc76-c02834852933","TCGA-CJ-4876-01A-01R-1305-07","TCGA-CJ-4876","Primary Tumor","MS4A1","ENSG00000156738.18",1.09,"OK"
"TCGA-KIRC","08e51a10-bb34-448d-bc76-c02834852933","TCGA-CJ-4876-01A-01R-1305-07","TCGA-CJ-4876","Primary Tumor","CD79A","ENSG00000105369.10",10.1338,"OK"
"TCGA-KIRC","08e51a10-bb34-448d-bc76-c02834852933","TCGA-CJ-4876-01A-01R-1305-07","TCGA-CJ-4876","Primary Tumor","NKG7","ENSG00000105374.10",196.5406,"OK"
"TCGA-KIRC","08e51a10-bb34-448d-bc76-c02834852933","TCGA-CJ-4876-01A-01R-1305-07","TCGA-CJ-4876","Primary Tumor","LST1","ENSG00000204482.11",15.3115,"OK"
"TCGA-KIRC","08e51a10-bb34-448d-bc76-c02834852933","TCGA-CJ-4876-01A-01R-1305-07","TCGA-CJ-4876","Primary Tumor","TYROBP","ENSG00000011600.12",106.9838,"OK"
"TCGA-KIRC","08e51a10-bb34-448d-bc76-c02834852933","TCGA-CJ-4876-01A-01R-1305-07","TCGA-CJ-4876","Primary Tumor","FCER1G","ENSG00000158869.11",34.178,"OK"
"TCGA-KIRC","08e51a10-bb34-448d-bc76-c02834852933","TCGA-CJ-4876-01A-01R-1305-07","TCGA-CJ-4876","Primary Tumor","CD68","ENSG00000129226.14",0.1306,"OK"
"TCGA-KIRC","578db3bb-5ca7-413d-a38b-79876d4b98ac","TCGA-BP-4763-01A-01R-1289-07","TCGA-BP-4763","Primary Tumor","PTPRC","ENSG00000081237.20",17.0417,"OK"
"TCGA-KIRC","578db3bb-5ca7-413d-a38b-79876d4b98ac","TCGA-BP-4763-01A-01R-1289-07","TCGA-BP-4763","Primary Tumor","CD3D","ENSG00000167286.10",25.6533,"OK"
"TCGA-KIRC","578db3bb-5ca7-413d-a38b-79876d4b98ac","TCGA-BP-4763-01A-01R-1289-07","TCGA-BP-4763","Primary Tumor","CD3E","ENSG00000198851.10",18.2624,"OK"
"TCGA-KIRC","578db3bb-5ca7-413d-a38b-79876d4b98ac","TCGA-BP-4763-01A-01R-1289-07","TCGA-BP-4763","Primary Tumor","MS4A1","ENSG00000156738.18",1.4449,"OK"
"TCGA-KIRC","578db3bb-5ca7-413d-a38b-79876d4b98ac","TCGA-BP-4763-01A-01R-1289-07","TCGA-BP-4763","Primary Tumor","CD79A","ENSG00000105369.10",3.105,"OK"
"TCGA-KIRC","578db3bb-5ca7-413d-a38b-79876d4b98ac","TCGA-BP-4763-01A-01R-1289-07","TCGA-BP-4763","Primary Tumor","NKG7","ENSG00000105374.10",42.0839,"OK"
"TCGA-KIRC","578db3bb-5ca7-413d-a38b-79876d4b98ac","TCGA-BP-4763-01A-01R-1289-07","TCGA-BP-4763","Primary Tumor","LST1","ENSG00000204482.11",19.2652,"OK"
"TCGA-KIRC","578db3bb-5ca7-413d-a38b-79876d4b98ac","TCGA-BP-4763-01A-01R-1289-07","TCGA-BP-4763","Primary Tumor","TYROBP","ENSG00000011600.12",158.1765,"OK"
"TCGA-KIRC","578db3bb-5ca7-413d-a38b-79876d4b98ac","TCGA-BP-4763-01A-01R-1289-07","TCGA-BP-4763","Primary Tumor","FCER1G","ENSG00000158869.11",107.6988,"OK"
"TCGA-KIRC","578db3bb-5ca7-413d-a38b-79876d4b98ac","TCGA-BP-4763-01A-01R-1289-07","TCGA-BP-4763","Primary Tumor","CD68","ENSG00000129226.14",0.0877,"OK"
"TCGA-KIRC","6b95e135-1a51-4d0c-bd2c-ab55273a3eb7","TCGA-BP-4971-01A-01R-1334-07","TCGA-BP-4971","Primary Tumor","PTPRC","ENSG00000081237.20",21.1099,"OK"
"TCGA-KIRC","6b95e135-1a51-4d0c-bd2c-ab55273a3eb7","TCGA-BP-4971-01A-01R-1334-07","TCGA-BP-4971","Primary Tumor","CD3D","ENSG00000167286.10",46.5367,"OK"
"TCGA-KIRC","6b95e135-1a51-4d0c-bd2c-ab55273a3eb7","TCGA-BP-4971-01A-01R-1334-07","TCGA-BP-4971","Primary Tumor","CD3E","ENSG00000198851.10",39.8613,"OK"
"TCGA-KIRC","6b95e135-1a51-4d0c-bd2c-ab55273a3eb7","TCGA-BP-4971-01A-01R-1334-07","TCGA-BP-4971","Primary Tumor","MS4A1","ENSG00000156738.18",3.1636,"OK"
"TCGA-KIRC","6b95e135-1a51-4d0c-bd2c-ab55273a3eb7","TCGA-BP-4971-01A-01R-1334-07","TCGA-BP-4971","Primary Tumor","CD79A","ENSG00000105369.10",5.6261,"OK"
"TCGA-KIRC","6b95e135-1a51-4d0c-bd2c-ab55273a3eb7","TCGA-BP-4971-01A-01R-1334-07","TCGA-BP-4971","Primary Tumor","NKG7","ENSG00000105374.10",37.724,"OK"
"TCGA-KIRC","6b95e135-1a51-4d0c-bd2c-ab55273a3eb7","TCGA-BP-4971-01A-01R-1334-07","TCGA-BP-4971","Primary Tumor","LST1","ENSG00000204482.11",28.3775,"OK"
"TCGA-KIRC","6b95e135-1a51-4d0c-bd2c-ab55273a3eb7","TCGA-BP-4971-01A-01R-1334-07","TCGA-BP-4971","Primary Tumor","TYROBP","ENSG00000011600.12",316.5836,"OK"
"TCGA-KIRC","6b95e135-1a51-4d0c-bd2c-ab55273a3eb7","TCGA-BP-4971-01A-01R-1334-07","TCGA-BP-4971","Primary Tumor","FCER1G","ENSG00000158869.11",161.1714,"OK"
"TCGA-KIRC","6b95e135-1a51-4d0c-bd2c-ab55273a3eb7","TCGA-BP-4971-01A-01R-1334-07","TCGA-BP-4971","Primary Tumor","CD68","ENSG00000129226.14",0.5425,"OK"
"TCGA-KIRC","d9979174-ee0c-42bb-b928-a4f642845db7","TCGA-AS-3777-01A-01R-0864-07","TCGA-AS-3777","Primary Tumor","PTPRC","ENSG00000081237.20",3.0013,"OK"
"TCGA-KIRC","d9979174-ee0c-42bb-b928-a4f642845db7","TCGA-AS-3777-01A-01R-0864-07","TCGA-AS-3777","Primary Tumor","CD3D","ENSG00000167286.10",5.9187,"OK"
"TCGA-KIRC","d9979174-ee0c-42bb-b928-a4f642845db7","TCGA-AS-3777-01A-01R-0864-07","TCGA-AS-3777","Primary Tumor","CD3E","ENSG00000198851.10",3.5124,"OK"
"TCGA-KIRC","d9979174-ee0c-42bb-b928-a4f642845db7","TCGA-AS-3777-01A-01R-0864-07","TCGA-AS-3777","Primary Tumor","MS4A1","ENSG00000156738.18",0.2169,"OK"
"TCGA-KIRC","d9979174-ee0c-42bb-b928-a4f642845db7","TCGA-AS-3777-01A-01R-0864-07","TCGA-AS-3777","Primary Tumor","CD79A","ENSG00000105369.10",0.7257,"OK"
"TCGA-KIRC","d9979174-ee0c-42bb-b928-a4f642845db7","TCGA-AS-3777-01A-01R-0864-07","TCGA-AS-3777","Primary Tumor","NKG7","ENSG00000105374.10",7.9263,"OK"
"TCGA-KIRC","d9979174-ee0c-42bb-b928-a4f642845db7","TCGA-AS-3777-01A-01R-0864-07","TCGA-AS-3777","Primary Tumor","LST1","ENSG00000204482.11",3.7705,"OK"
"TCGA-KIRC","d9979174-ee0c-42bb-b928-a4f642845db7","TCGA-AS-3777-01A-01R-0864-07","TCGA-AS-3777","Primary Tumor","TYROBP","ENSG00000011600.12",53.0493,"OK"
"TCGA-KIRC","d9979174-ee0c-42bb-b928-a4f642845db7","TCGA-AS-3777-01A-01R-0864-07","TCGA-AS-3777","Primary Tumor","FCER1G","ENSG00000158869.11",24.9256,"OK"
"TCGA-KIRC","d9979174-ee0c-42bb-b928-a4f642845db7","TCGA-AS-3777-01A-01R-0864-07","TCGA-AS-3777","Primary Tumor","CD68","ENSG00000129226.14",0.0137,"OK"
"TCGA-KIRC","fa7f749b-6c8e-4052-8196-fd91d52e67f1","TCGA-B0-4833-01A-01R-1305-07","TCGA-B0-4833","Primary Tumor","PTPRC","ENSG00000081237.20",16.6458,"OK"
"TCGA-KIRC","fa7f749b-6c8e-4052-8196-fd91d52e67f1","TCGA-B0-4833-01A-01R-1305-07","TCGA-B0-4833","Primary Tumor","CD3D","ENSG00000167286.10",55.8117,"OK"
"TCGA-KIRC","fa7f749b-6c8e-4052-8196-fd91d52e67f1","TCGA-B0-4833-01A-01R-1305-07","TCGA-B0-4833","Primary Tumor","CD3E","ENSG00000198851.10",47.5362,"OK"
"TCGA-KIRC","fa7f749b-6c8e-4052-8196-fd91d52e67f1","TCGA-B0-4833-01A-01R-1305-07","TCGA-B0-4833","Primary Tumor","MS4A1","ENSG00000156738.18",0.4671,"OK"
"TCGA-KIRC","fa7f749b-6c8e-4052-8196-fd91d52e67f1","TCGA-B0-4833-01A-01R-1305-07","TCGA-B0-4833","Primary Tumor","CD79A","ENSG00000105369.10",4.5829,"OK"
"TCGA-KIRC","fa7f749b-6c8e-4052-8196-fd91d52e67f1","TCGA-B0-4833-01A-01R-1305-07","TCGA-B0-4833","Primary Tumor","NKG7","ENSG00000105374.10",182.8452,"OK"
"TCGA-KIRC","fa7f749b-6c8e-4052-8196-fd91d52e67f1","TCGA-B0-4833-01A-01R-1305-07","TCGA-B0-4833","Primary Tumor","LST1","ENSG00000204482.11",31.628,"OK"
"TCGA-KIRC","fa7f749b-6c8e-4052-8196-fd91d52e67f1","TCGA-B0-4833-01A-01R-1305-07","TCGA-B0-4833","Primary Tumor","TYROBP","ENSG00000011600.12",184.1504,"OK"
"TCGA-KIRC","fa7f749b-6c8e-4052-8196-fd91d52e67f1","TCGA-B0-4833-01A-01R-1305-07","TCGA-B0-4833","Primary Tumor","FCER1G","ENSG00000158869.11",109.9115,"OK"
"TCGA-KIRC","fa7f749b-6c8e-4052-8196-fd91d52e67f1","TCGA-B0-4833-01A-01R-1305-07","TCGA-B0-4833","Primary Tumor","CD68","ENSG00000129226.14",0.1212,"OK"
"TCGA-KIRC","8ebdb262-631c-4ac0-af24-16dca92d8c45","TCGA-A3-3323-01A-02R-1325-07","TCGA-A3-3323","Primary Tumor","PTPRC","ENSG00000081237.20",56.8433,"OK"
"TCGA-KIRC","8ebdb262-631c-4ac0-af24-16dca92d8c45","TCGA-A3-3323-01A-02R-1325-07","TCGA-A3-3323","Primary Tumor","CD3D","ENSG00000167286.10",31.4964,"OK"
"TCGA-KIRC","8ebdb262-631c-4ac0-af24-16dca92d8c45","TCGA-A3-3323-01A-02R-1325-07","TCGA-A3-3323","Primary Tumor","CD3E","ENSG00000198851.10",32.8278,"OK"
"TCGA-KIRC","8ebdb262-631c-4ac0-af24-16dca92d8c45","TCGA-A3-3323-01A-02R-1325-07","TCGA-A3-3323","Primary Tumor","MS4A1","ENSG00000156738.18",0.9727,"OK"
"TCGA-KIRC","8ebdb262-631c-4ac0-af24-16dca92d8c45","TCGA-A3-3323-01A-02R-1325-07","TCGA-A3-3323","Primary Tumor","CD79A","ENSG00000105369.10",1.6968,"OK"
"TCGA-KIRC","8ebdb262-631c-4ac0-af24-16dca92d8c45","TCGA-A3-3323-01A-02R-1325-07","TCGA-A3-3323","Primary Tumor","NKG7","ENSG00000105374.10",61.562,"OK"
"TCGA-KIRC","8ebdb262-631c-4ac0-af24-16dca92d8c45","TCGA-A3-3323-01A-02R-1325-07","TCGA-A3-3323","Primary Tumor","LST1","ENSG00000204482.11",28.1321,"OK"
"TCGA-KIRC","8ebdb262-631c-4ac0-af24-16dca92d8c45","TCGA-A3-3323-01A-02R-1325-07","TCGA-A3-3323","Primary Tumor","TYROBP","ENSG00000011600.12",259.2394,"OK"
"TCGA-KIRC","8ebdb262-631c-4ac0-af24-16dca92d8c45","TCGA-A3-3323-01A-02R-1325-07","TCGA-A3-3323","Primary Tumor","FCER1G","ENSG00000158869.11",156.8698,"OK"
"TCGA-KIRC","8ebdb262-631c-4ac0-af24-16dca92d8c45","TCGA-A3-3323-01A-02R-1325-07","TCGA-A3-3323","Primary Tumor","CD68","ENSG00000129226.14",0.1091,"OK"
"TCGA-KIRC","88aade97-0051-480d-be54-bce61b4e5b91","TCGA-B8-5158-01A-01R-1420-07","TCGA-B8-5158","Primary Tumor","PTPRC","ENSG00000081237.20",56.9563,"OK"
"TCGA-KIRC","88aade97-0051-480d-be54-bce61b4e5b91","TCGA-B8-5158-01A-01R-1420-07","TCGA-B8-5158","Primary Tumor","CD3D","ENSG00000167286.10",41.1354,"OK"
"TCGA-KIRC","88aade97-0051-480d-be54-bce61b4e5b91","TCGA-B8-5158-01A-01R-1420-07","TCGA-B8-5158","Primary Tumor","CD3E","ENSG00000198851.10",35.7665,"OK"
"TCGA-KIRC","88aade97-0051-480d-be54-bce61b4e5b91","TCGA-B8-5158-01A-01R-1420-07","TCGA-B8-5158","Primary Tumor","MS4A1","ENSG00000156738.18",0.566,"OK"
"TCGA-KIRC","88aade97-0051-480d-be54-bce61b4e5b91","TCGA-B8-5158-01A-01R-1420-07","TCGA-B8-5158","Primary Tumor","CD79A","ENSG00000105369.10",6.9359,"OK"
"TCGA-KIRC","88aade97-0051-480d-be54-bce61b4e5b91","TCGA-B8-5158-01A-01R-1420-07","TCGA-B8-5158","Primary Tumor","NKG7","ENSG00000105374.10",82.4094,"OK"
"TCGA-KIRC","88aade97-0051-480d-be54-bce61b4e5b91","TCGA-B8-5158-01A-01R-1420-07","TCGA-B8-5158","Primary Tumor","LST1","ENSG00000204482.11",36.0213,"OK"
"TCGA-KIRC","88aade97-0051-480d-be54-bce61b4e5b91","TCGA-B8-5158-01A-01R-1420-07","TCGA-B8-5158","Primary Tumor","TYROBP","ENSG00000011600.12",336.9722,"OK"
"TCGA-KIRC","88aade97-0051-480d-be54-bce61b4e5b91","TCGA-B8-5158-01A-01R-1420-07","TCGA-B8-5158","Primary Tumor","FCER1G","ENSG00000158869.11",276.6239,"OK"
"TCGA-KIRC","88aade97-0051-480d-be54-bce61b4e5b91","TCGA-B8-5158-01A-01R-1420-07","TCGA-B8-5158","Primary Tumor","CD68","ENSG00000129226.14",0.5888,"OK"
"TCGA-KIRC","d19fa0dd-5832-46a8-a7a0-142075684a55","TCGA-BP-4167-01A-02R-1325-07","TCGA-BP-4167","Primary Tumor","PTPRC","ENSG00000081237.20",25.7524,"OK"
"TCGA-KIRC","d19fa0dd-5832-46a8-a7a0-142075684a55","TCGA-BP-4167-01A-02R-1325-07","TCGA-BP-4167","Primary Tumor","CD3D","ENSG00000167286.10",117.4254,"OK"
"TCGA-KIRC","d19fa0dd-5832-46a8-a7a0-142075684a55","TCGA-BP-4167-01A-02R-1325-07","TCGA-BP-4167","Primary Tumor","CD3E","ENSG00000198851.10",76.2655,"OK"
"TCGA-KIRC","d19fa0dd-5832-46a8-a7a0-142075684a55","TCGA-BP-4167-01A-02R-1325-07","TCGA-BP-4167","Primary Tumor","MS4A1","ENSG00000156738.18",1.8608,"OK"
"TCGA-KIRC","d19fa0dd-5832-46a8-a7a0-142075684a55","TCGA-BP-4167-01A-02R-1325-07","TCGA-BP-4167","Primary Tumor","CD79A","ENSG00000105369.10",12.9301,"OK"
"TCGA-KIRC","d19fa0dd-5832-46a8-a7a0-142075684a55","TCGA-BP-4167-01A-02R-1325-07","TCGA-BP-4167","Primary Tumor","NKG7","ENSG00000105374.10",291.3476,"OK"
"TCGA-KIRC","d19fa0dd-5832-46a8-a7a0-142075684a55","TCGA-BP-4167-01A-02R-1325-07","TCGA-BP-4167","Primary Tumor","LST1","ENSG00000204482.11",53.3301,"OK"
"TCGA-KIRC","d19fa0dd-5832-46a8-a7a0-142075684a55","TCGA-BP-4167-01A-02R-1325-07","TCGA-BP-4167","Primary Tumor","TYROBP","ENSG00000011600.12",704.5884,"OK"
"TCGA-KIRC","d19fa0dd-5832-46a8-a7a0-142075684a55","TCGA-BP-4167-01A-02R-1325-07","TCGA-BP-4167","Primary Tumor","FCER1G","ENSG00000158869.11",321.3355,"OK"
"TCGA-KIRC","d19fa0dd-5832-46a8-a7a0-142075684a55","TCGA-BP-4167-01A-02R-1325-07","TCGA-BP-4167","Primary Tumor","CD68","ENSG00000129226.14",0.1512,"OK"
"TCGA-KIRC","99b8979a-d55a-4c42-9df1-58c9a3f70a92","TCGA-BP-4163-01A-02R-1325-07","TCGA-BP-4163","Primary Tumor","PTPRC","ENSG00000081237.20",35.3538,"OK"
"TCGA-KIRC","99b8979a-d55a-4c42-9df1-58c9a3f70a92","TCGA-BP-4163-01A-02R-1325-07","TCGA-BP-4163","Primary Tumor","CD3D","ENSG00000167286.10",22.7623,"OK"
"TCGA-KIRC","99b8979a-d55a-4c42-9df1-58c9a3f70a92","TCGA-BP-4163-01A-02R-1325-07","TCGA-BP-4163","Primary Tumor","CD3E","ENSG00000198851.10",23.8832,"OK"
"TCGA-KIRC","99b8979a-d55a-4c42-9df1-58c9a3f70a92","TCGA-BP-4163-01A-02R-1325-07","TCGA-BP-4163","Primary Tumor","MS4A1","ENSG00000156738.18",1.8437,"OK"
"TCGA-KIRC","99b8979a-d55a-4c42-9df1-58c9a3f70a92","TCGA-BP-4163-01A-02R-1325-07","TCGA-BP-4163","Primary Tumor","CD79A","ENSG00000105369.10",5.9772,"OK"
"TCGA-KIRC","99b8979a-d55a-4c42-9df1-58c9a3f70a92","TCGA-BP-4163-01A-02R-1325-07","TCGA-BP-4163","Primary Tumor","NKG7","ENSG00000105374.10",34.2468,"OK"
"TCGA-KIRC","99b8979a-d55a-4c42-9df1-58c9a3f70a92","TCGA-BP-4163-01A-02R-1325-07","TCGA-BP-4163","Primary Tumor","LST1","ENSG00000204482.11",33.8467,"OK"
"TCGA-KIRC","99b8979a-d55a-4c42-9df1-58c9a3f70a92","TCGA-BP-4163-01A-02R-1325-07","TCGA-BP-4163","Primary Tumor","TYROBP","ENSG00000011600.12",339.1773,"OK"
"TCGA-KIRC","99b8979a-d55a-4c42-9df1-58c9a3f70a92","TCGA-BP-4163-01A-02R-1325-07","TCGA-BP-4163","Primary Tumor","FCER1G","ENSG00000158869.11",228.1575,"OK"
"TCGA-KIRC","99b8979a-d55a-4c42-9df1-58c9a3f70a92","TCGA-BP-4163-01A-02R-1325-07","TCGA-BP-4163","Primary Tumor","CD68","ENSG00000129226.14",0.0782,"OK"
"TCGA-KIRC","f4fbf55a-1a2a-458e-9223-921e2dc9352e","TCGA-B0-5106-01A-01R-1420-07","TCGA-B0-5106","Primary Tumor","PTPRC","ENSG00000081237.20",35.5265,"OK"
"TCGA-KIRC","f4fbf55a-1a2a-458e-9223-921e2dc9352e","TCGA-B0-5106-01A-01R-1420-07","TCGA-B0-5106","Primary Tumor","CD3D","ENSG00000167286.10",35.3442,"OK"
"TCGA-KIRC","f4fbf55a-1a2a-458e-9223-921e2dc9352e","TCGA-B0-5106-01A-01R-1420-07","TCGA-B0-5106","Primary Tumor","CD3E","ENSG00000198851.10",35.4805,"OK"
"TCGA-KIRC","f4fbf55a-1a2a-458e-9223-921e2dc9352e","TCGA-B0-5106-01A-01R-1420-07","TCGA-B0-5106","Primary Tumor","MS4A1","ENSG00000156738.18",1.0713,"OK"
"TCGA-KIRC","f4fbf55a-1a2a-458e-9223-921e2dc9352e","TCGA-B0-5106-01A-01R-1420-07","TCGA-B0-5106","Primary Tumor","CD79A","ENSG00000105369.10",5.0557,"OK"
"TCGA-KIRC","f4fbf55a-1a2a-458e-9223-921e2dc9352e","TCGA-B0-5106-01A-01R-1420-07","TCGA-B0-5106","Primary Tumor","NKG7","ENSG00000105374.10",102.6789,"OK"
"TCGA-KIRC","f4fbf55a-1a2a-458e-9223-921e2dc9352e","TCGA-B0-5106-01A-01R-1420-07","TCGA-B0-5106","Primary Tumor","LST1","ENSG00000204482.11",41.1387,"OK"
"TCGA-KIRC","f4fbf55a-1a2a-458e-9223-921e2dc9352e","TCGA-B0-5106-01A-01R-1420-07","TCGA-B0-5106","Primary Tumor","TYROBP","ENSG00000011600.12",354.3361,"OK"
"TCGA-KIRC","f4fbf55a-1a2a-458e-9223-921e2dc9352e","TCGA-B0-5106-01A-01R-1420-07","TCGA-B0-5106","Primary Tumor","FCER1G","ENSG00000158869.11",137.3035,"OK"
"TCGA-KIRC","f4fbf55a-1a2a-458e-9223-921e2dc9352e","TCGA-B0-5106-01A-01R-1420-07","TCGA-B0-5106","Primary Tumor","CD68","ENSG00000129226.14",0.2596,"OK"
"TCGA-KIRC","a059cc98-e8d4-4428-b326-ac59b5445f67","TCGA-BP-4332-01A-01R-1289-07","TCGA-BP-4332","Primary Tumor","PTPRC","ENSG00000081237.20",17.5323,"OK"
"TCGA-KIRC","a059cc98-e8d4-4428-b326-ac59b5445f67","TCGA-BP-4332-01A-01R-1289-07","TCGA-BP-4332","Primary Tumor","CD3D","ENSG00000167286.10",18.7002,"OK"
"TCGA-KIRC","a059cc98-e8d4-4428-b326-ac59b5445f67","TCGA-BP-4332-01A-01R-1289-07","TCGA-BP-4332","Primary Tumor","CD3E","ENSG00000198851.10",15.7013,"OK"
"TCGA-KIRC","a059cc98-e8d4-4428-b326-ac59b5445f67","TCGA-BP-4332-01A-01R-1289-07","TCGA-BP-4332","Primary Tumor","MS4A1","ENSG00000156738.18",1.5074,"OK"
"TCGA-KIRC","a059cc98-e8d4-4428-b326-ac59b5445f67","TCGA-BP-4332-01A-01R-1289-07","TCGA-BP-4332","Primary Tumor","CD79A","ENSG00000105369.10",2.3729,"OK"
"TCGA-KIRC","a059cc98-e8d4-4428-b326-ac59b5445f67","TCGA-BP-4332-01A-01R-1289-07","TCGA-BP-4332","Primary Tumor","NKG7","ENSG00000105374.10",61.5114,"OK"
"TCGA-KIRC","a059cc98-e8d4-4428-b326-ac59b5445f67","TCGA-BP-4332-01A-01R-1289-07","TCGA-BP-4332","Primary Tumor","LST1","ENSG00000204482.11",14.2613,"OK"
"TCGA-KIRC","a059cc98-e8d4-4428-b326-ac59b5445f67","TCGA-BP-4332-01A-01R-1289-07","TCGA-BP-4332","Primary Tumor","TYROBP","ENSG00000011600.12",186.6155,"OK"
"TCGA-KIRC","a059cc98-e8d4-4428-b326-ac59b5445f67","TCGA-BP-4332-01A-01R-1289-07","TCGA-BP-4332","Primary Tumor","FCER1G","ENSG00000158869.11",101.1742,"OK"
"TCGA-KIRC","a059cc98-e8d4-4428-b326-ac59b5445f67","TCGA-BP-4332-01A-01R-1289-07","TCGA-BP-4332","Primary Tumor","CD68","ENSG00000129226.14",0.1877,"OK"
"TCGA-KIRC","8398a735-962c-4b4c-87b6-cf1e0a07ce91","TCGA-B0-5084-01A-01R-1334-07","TCGA-B0-5084","Primary Tumor","PTPRC","ENSG00000081237.20",5.4319,"OK"
"TCGA-KIRC","8398a735-962c-4b4c-87b6-cf1e0a07ce91","TCGA-B0-5084-01A-01R-1334-07","TCGA-B0-5084","Primary Tumor","CD3D","ENSG00000167286.10",11.9374,"OK"
"TCGA-KIRC","8398a735-962c-4b4c-87b6-cf1e0a07ce91","TCGA-B0-5084-01A-01R-1334-07","TCGA-B0-5084","Primary Tumor","CD3E","ENSG00000198851.10",9.3644,"OK"
"TCGA-KIRC","8398a735-962c-4b4c-87b6-cf1e0a07ce91","TCGA-B0-5084-01A-01R-1334-07","TCGA-B0-5084","Primary Tumor","MS4A1","ENSG00000156738.18",0.0909,"OK"
"TCGA-KIRC","8398a735-962c-4b4c-87b6-cf1e0a07ce91","TCGA-B0-5084-01A-01R-1334-07","TCGA-B0-5084","Primary Tumor","CD79A","ENSG00000105369.10",1.2312,"OK"
"TCGA-KIRC","8398a735-962c-4b4c-87b6-cf1e0a07ce91","TCGA-B0-5084-01A-01R-1334-07","TCGA-B0-5084","Primary Tumor","NKG7","ENSG00000105374.10",25.9663,"OK"
"TCGA-KIRC","8398a735-962c-4b4c-87b6-cf1e0a07ce91","TCGA-B0-5084-01A-01R-1334-07","TCGA-B0-5084","Primary Tumor","LST1","ENSG00000204482.11",21.0725,"OK"
"TCGA-KIRC","8398a735-962c-4b4c-87b6-cf1e0a07ce91","TCGA-B0-5084-01A-01R-1334-07","TCGA-B0-5084","Primary Tumor","TYROBP","ENSG00000011600.12",295.511,"OK"
"TCGA-KIRC","8398a735-962c-4b4c-87b6-cf1e0a07ce91","TCGA-B0-5084-01A-01R-1334-07","TCGA-B0-5084","Primary Tumor","FCER1G","ENSG00000158869.11",119.054,"OK"
"TCGA-KIRC","8398a735-962c-4b4c-87b6-cf1e0a07ce91","TCGA-B0-5084-01A-01R-1334-07","TCGA-B0-5084","Primary Tumor","CD68","ENSG00000129226.14",0.2004,"OK"
"TCGA-KIRC","01851b83-f8c4-4108-99c9-248fe29e39e9","TCGA-CZ-5452-11A-01R-1503-07","TCGA-CZ-5452","Solid Tissue Normal","PTPRC","ENSG00000081237.20",1.9114,"OK"
"TCGA-KIRC","01851b83-f8c4-4108-99c9-248fe29e39e9","TCGA-CZ-5452-11A-01R-1503-07","TCGA-CZ-5452","Solid Tissue Normal","CD3D","ENSG00000167286.10",1.18,"OK"
"TCGA-KIRC","01851b83-f8c4-4108-99c9-248fe29e39e9","TCGA-CZ-5452-11A-01R-1503-07","TCGA-CZ-5452","Solid Tissue Normal","CD3E","ENSG00000198851.10",1.557,"OK"
"TCGA-KIRC","01851b83-f8c4-4108-99c9-248fe29e39e9","TCGA-CZ-5452-11A-01R-1503-07","TCGA-CZ-5452","Solid Tissue Normal","MS4A1","ENSG00000156738.18",0.0357,"OK"
"TCGA-KIRC","01851b83-f8c4-4108-99c9-248fe29e39e9","TCGA-CZ-5452-11A-01R-1503-07","TCGA-CZ-5452","Solid Tissue Normal","CD79A","ENSG00000105369.10",0.5064,"OK"
"TCGA-KIRC","01851b83-f8c4-4108-99c9-248fe29e39e9","TCGA-CZ-5452-11A-01R-1503-07","TCGA-CZ-5452","Solid Tissue Normal","NKG7","ENSG00000105374.10",3.0173,"OK"
"TCGA-KIRC","01851b83-f8c4-4108-99c9-248fe29e39e9","TCGA-CZ-5452-11A-01R-1503-07","TCGA-CZ-5452","Solid Tissue Normal","LST1","ENSG00000204482.11",1.815,"OK"
"TCGA-KIRC","01851b83-f8c4-4108-99c9-248fe29e39e9","TCGA-CZ-5452-11A-01R-1503-07","TCGA-CZ-5452","Solid Tissue Normal","TYROBP","ENSG00000011600.12",13.0683,"OK"
"TCGA-KIRC","01851b83-f8c4-4108-99c9-248fe29e39e9","TCGA-CZ-5452-11A-01R-1503-07","TCGA-CZ-5452","Solid Tissue Normal","FCER1G","ENSG00000158869.11",7.5303,"OK"
"TCGA-KIRC","01851b83-f8c4-4108-99c9-248fe29e39e9","TCGA-CZ-5452-11A-01R-1503-07","TCGA-CZ-5452","Solid Tissue Normal","CD68","ENSG00000129226.14",0,"OK"
"TCGA-KIRC","b2c3a163-384f-4246-880f-ae2caebf0d17","TCGA-CZ-5452-01A-01R-1503-07","TCGA-CZ-5452","Primary Tumor","PTPRC","ENSG00000081237.20",71.3091,"OK"
"TCGA-KIRC","b2c3a163-384f-4246-880f-ae2caebf0d17","TCGA-CZ-5452-01A-01R-1503-07","TCGA-CZ-5452","Primary Tumor","CD3D","ENSG00000167286.10",172.2633,"OK"
"TCGA-KIRC","b2c3a163-384f-4246-880f-ae2caebf0d17","TCGA-CZ-5452-01A-01R-1503-07","TCGA-CZ-5452","Primary Tumor","CD3E","ENSG00000198851.10",172.1489,"OK"
"TCGA-KIRC","b2c3a163-384f-4246-880f-ae2caebf0d17","TCGA-CZ-5452-01A-01R-1503-07","TCGA-CZ-5452","Primary Tumor","MS4A1","ENSG00000156738.18",7.5616,"OK"
"TCGA-KIRC","b2c3a163-384f-4246-880f-ae2caebf0d17","TCGA-CZ-5452-01A-01R-1503-07","TCGA-CZ-5452","Primary Tumor","CD79A","ENSG00000105369.10",51.4314,"OK"
"TCGA-KIRC","b2c3a163-384f-4246-880f-ae2caebf0d17","TCGA-CZ-5452-01A-01R-1503-07","TCGA-CZ-5452","Primary Tumor","NKG7","ENSG00000105374.10",346.9017,"OK"
"TCGA-KIRC","b2c3a163-384f-4246-880f-ae2caebf0d17","TCGA-CZ-5452-01A-01R-1503-07","TCGA-CZ-5452","Primary Tumor","LST1","ENSG00000204482.11",41.9105,"OK"
"TCGA-KIRC","b2c3a163-384f-4246-880f-ae2caebf0d17","TCGA-CZ-5452-01A-01R-1503-07","TCGA-CZ-5452","Primary Tumor","TYROBP","ENSG00000011600.12",706.7281,"OK"
"TCGA-KIRC","b2c3a163-384f-4246-880f-ae2caebf0d17","TCGA-CZ-5452-01A-01R-1503-07","TCGA-CZ-5452","Primary Tumor","FCER1G","ENSG00000158869.11",260.9213,"OK"
"TCGA-KIRC","b2c3a163-384f-4246-880f-ae2caebf0d17","TCGA-CZ-5452-01A-01R-1503-07","TCGA-CZ-5452","Primary Tumor","CD68","ENSG00000129226.14",0.0697,"OK"
"TCGA-KIRC","c1873d0a-2c67-44c7-97ba-9a10cd7ed962","TCGA-B8-A54G-01A-11R-A266-07","TCGA-B8-A54G","Primary Tumor","PTPRC","ENSG00000081237.20",138.3126,"OK"
"TCGA-KIRC","c1873d0a-2c67-44c7-97ba-9a10cd7ed962","TCGA-B8-A54G-01A-11R-A266-07","TCGA-B8-A54G","Primary Tumor","CD3D","ENSG00000167286.10",269.0897,"OK"
"TCGA-KIRC","c1873d0a-2c67-44c7-97ba-9a10cd7ed962","TCGA-B8-A54G-01A-11R-A266-07","TCGA-B8-A54G","Primary Tumor","CD3E","ENSG00000198851.10",190.3089,"OK"
"TCGA-KIRC","c1873d0a-2c67-44c7-97ba-9a10cd7ed962","TCGA-B8-A54G-01A-11R-A266-07","TCGA-B8-A54G","Primary Tumor","MS4A1","ENSG00000156738.18",0.3988,"OK"
"TCGA-KIRC","c1873d0a-2c67-44c7-97ba-9a10cd7ed962","TCGA-B8-A54G-01A-11R-A266-07","TCGA-B8-A54G","Primary Tumor","CD79A","ENSG00000105369.10",2.7125,"OK"
"TCGA-KIRC","c1873d0a-2c67-44c7-97ba-9a10cd7ed962","TCGA-B8-A54G-01A-11R-A266-07","TCGA-B8-A54G","Primary Tumor","NKG7","ENSG00000105374.10",385.7675,"OK"
"TCGA-KIRC","c1873d0a-2c67-44c7-97ba-9a10cd7ed962","TCGA-B8-A54G-01A-11R-A266-07","TCGA-B8-A54G","Primary Tumor","LST1","ENSG00000204482.11",94.4714,"OK"
"TCGA-KIRC","c1873d0a-2c67-44c7-97ba-9a10cd7ed962","TCGA-B8-A54G-01A-11R-A266-07","TCGA-B8-A54G","Primary Tumor","TYROBP","ENSG00000011600.12",1254.856,"OK"
"TCGA-KIRC","c1873d0a-2c67-44c7-97ba-9a10cd7ed962","TCGA-B8-A54G-01A-11R-A266-07","TCGA-B8-A54G","Primary Tumor","FCER1G","ENSG00000158869.11",687.4635,"OK"
"TCGA-KIRC","c1873d0a-2c67-44c7-97ba-9a10cd7ed962","TCGA-B8-A54G-01A-11R-A266-07","TCGA-B8-A54G","Primary Tumor","CD68","ENSG00000129226.14",0.2565,"OK"
"TCGA-KIRC","27918218-c6a5-4f1d-b25c-bdf08d4146bd","TCGA-B2-5636-01A-02R-1541-07","TCGA-B2-5636","Primary Tumor","PTPRC","ENSG00000081237.20",25.5397,"OK"
"TCGA-KIRC","27918218-c6a5-4f1d-b25c-bdf08d4146bd","TCGA-B2-5636-01A-02R-1541-07","TCGA-B2-5636","Primary Tumor","CD3D","ENSG00000167286.10",9.2268,"OK"
"TCGA-KIRC","27918218-c6a5-4f1d-b25c-bdf08d4146bd","TCGA-B2-5636-01A-02R-1541-07","TCGA-B2-5636","Primary Tumor","CD3E","ENSG00000198851.10",8.7126,"OK"
"TCGA-KIRC","27918218-c6a5-4f1d-b25c-bdf08d4146bd","TCGA-B2-5636-01A-02R-1541-07","TCGA-B2-5636","Primary Tumor","MS4A1","ENSG00000156738.18",2.2581,"OK"
"TCGA-KIRC","27918218-c6a5-4f1d-b25c-bdf08d4146bd","TCGA-B2-5636-01A-02R-1541-07","TCGA-B2-5636","Primary Tumor","CD79A","ENSG00000105369.10",18.891,"OK"
"TCGA-KIRC","27918218-c6a5-4f1d-b25c-bdf08d4146bd","TCGA-B2-5636-01A-02R-1541-07","TCGA-B2-5636","Primary Tumor","NKG7","ENSG00000105374.10",40.4692,"OK"
"TCGA-KIRC","27918218-c6a5-4f1d-b25c-bdf08d4146bd","TCGA-B2-5636-01A-02R-1541-07","TCGA-B2-5636","Primary Tumor","LST1","ENSG00000204482.11",23.1237,"OK"
"TCGA-KIRC","27918218-c6a5-4f1d-b25c-bdf08d4146bd","TCGA-B2-5636-01A-02R-1541-07","TCGA-B2-5636","Primary Tumor","TYROBP","ENSG00000011600.12",240.0601,"OK"
"TCGA-KIRC","27918218-c6a5-4f1d-b25c-bdf08d4146bd","TCGA-B2-5636-01A-02R-1541-07","TCGA-B2-5636","Primary Tumor","FCER1G","ENSG00000158869.11",126.6337,"OK"
"TCGA-KIRC","27918218-c6a5-4f1d-b25c-bdf08d4146bd","TCGA-B2-5636-01A-02R-1541-07","TCGA-B2-5636","Primary Tumor","CD68","ENSG00000129226.14",0,"OK"
"TCGA-KIRC","6f5c8394-3144-428a-a38d-eb39be4379b5","TCGA-CW-5590-01A-01R-1541-07","TCGA-CW-5590","Primary Tumor","PTPRC","ENSG00000081237.20",29.9605,"OK"
"TCGA-KIRC","6f5c8394-3144-428a-a38d-eb39be4379b5","TCGA-CW-5590-01A-01R-1541-07","TCGA-CW-5590","Primary Tumor","CD3D","ENSG00000167286.10",42.63,"OK"
"TCGA-KIRC","6f5c8394-3144-428a-a38d-eb39be4379b5","TCGA-CW-5590-01A-01R-1541-07","TCGA-CW-5590","Primary Tumor","CD3E","ENSG00000198851.10",41.6569,"OK"
"TCGA-KIRC","6f5c8394-3144-428a-a38d-eb39be4379b5","TCGA-CW-5590-01A-01R-1541-07","TCGA-CW-5590","Primary Tumor","MS4A1","ENSG00000156738.18",0.6509,"OK"
"TCGA-KIRC","6f5c8394-3144-428a-a38d-eb39be4379b5","TCGA-CW-5590-01A-01R-1541-07","TCGA-CW-5590","Primary Tumor","CD79A","ENSG00000105369.10",2.1142,"OK"
"TCGA-KIRC","6f5c8394-3144-428a-a38d-eb39be4379b5","TCGA-CW-5590-01A-01R-1541-07","TCGA-CW-5590","Primary Tumor","NKG7","ENSG00000105374.10",89.586,"OK"
"TCGA-KIRC","6f5c8394-3144-428a-a38d-eb39be4379b5","TCGA-CW-5590-01A-01R-1541-07","TCGA-CW-5590","Primary Tumor","LST1","ENSG00000204482.11",14.9718,"OK"
"TCGA-KIRC","6f5c8394-3144-428a-a38d-eb39be4379b5","TCGA-CW-5590-01A-01R-1541-07","TCGA-CW-5590","Primary Tumor","TYROBP","ENSG00000011600.12",226.2036,"OK"
"TCGA-KIRC","6f5c8394-3144-428a-a38d-eb39be4379b5","TCGA-CW-5590-01A-01R-1541-07","TCGA-CW-5590","Primary Tumor","FCER1G","ENSG00000158869.11",127.0748,"OK"
"TCGA-KIRC","6f5c8394-3144-428a-a38d-eb39be4379b5","TCGA-CW-5590-01A-01R-1541-07","TCGA-CW-5590","Primary Tumor","CD68","ENSG00000129226.14",0.0243,"OK"
"TCGA-KIRC","9f112190-6fc5-456b-a1f6-d7440529a66b","TCGA-A3-3351-01A-02R-1325-07","TCGA-A3-3351","Primary Tumor","PTPRC","ENSG00000081237.20",94.0845,"OK"
"TCGA-KIRC","9f112190-6fc5-456b-a1f6-d7440529a66b","TCGA-A3-3351-01A-02R-1325-07","TCGA-A3-3351","Primary Tumor","CD3D","ENSG00000167286.10",90.4051,"OK"
"TCGA-KIRC","9f112190-6fc5-456b-a1f6-d7440529a66b","TCGA-A3-3351-01A-02R-1325-07","TCGA-A3-3351","Primary Tumor","CD3E","ENSG00000198851.10",81.2866,"OK"
"TCGA-KIRC","9f112190-6fc5-456b-a1f6-d7440529a66b","TCGA-A3-3351-01A-02R-1325-07","TCGA-A3-3351","Primary Tumor","MS4A1","ENSG00000156738.18",1.5709,"OK"
"TCGA-KIRC","9f112190-6fc5-456b-a1f6-d7440529a66b","TCGA-A3-3351-01A-02R-1325-07","TCGA-A3-3351","Primary Tumor","CD79A","ENSG00000105369.10",2.8496,"OK"
"TCGA-KIRC","9f112190-6fc5-456b-a1f6-d7440529a66b","TCGA-A3-3351-01A-02R-1325-07","TCGA-A3-3351","Primary Tumor","NKG7","ENSG00000105374.10",178.9036,"OK"
"TCGA-KIRC","9f112190-6fc5-456b-a1f6-d7440529a66b","TCGA-A3-3351-01A-02R-1325-07","TCGA-A3-3351","Primary Tumor","LST1","ENSG00000204482.11",56.3579,"OK"
"TCGA-KIRC","9f112190-6fc5-456b-a1f6-d7440529a66b","TCGA-A3-3351-01A-02R-1325-07","TCGA-A3-3351","Primary Tumor","TYROBP","ENSG00000011600.12",469.2631,"OK"
"TCGA-KIRC","9f112190-6fc5-456b-a1f6-d7440529a66b","TCGA-A3-3351-01A-02R-1325-07","TCGA-A3-3351","Primary Tumor","FCER1G","ENSG00000158869.11",310.0632,"OK"
"TCGA-KIRC","9f112190-6fc5-456b-a1f6-d7440529a66b","TCGA-A3-3351-01A-02R-1325-07","TCGA-A3-3351","Primary Tumor","CD68","ENSG00000129226.14",0.3079,"OK"
"TCGA-KIRC","0666c919-fe81-415e-84ea-c782234e3aa0","TCGA-CJ-5672-01A-11R-1541-07","TCGA-CJ-5672","Primary Tumor","PTPRC","ENSG00000081237.20",52.3923,"OK"
"TCGA-KIRC","0666c919-fe81-415e-84ea-c782234e3aa0","TCGA-CJ-5672-01A-11R-1541-07","TCGA-CJ-5672","Primary Tumor","CD3D","ENSG00000167286.10",102.037,"OK"
"TCGA-KIRC","0666c919-fe81-415e-84ea-c782234e3aa0","TCGA-CJ-5672-01A-11R-1541-07","TCGA-CJ-5672","Primary Tumor","CD3E","ENSG00000198851.10",80.4811,"OK"
"TCGA-KIRC","0666c919-fe81-415e-84ea-c782234e3aa0","TCGA-CJ-5672-01A-11R-1541-07","TCGA-CJ-5672","Primary Tumor","MS4A1","ENSG00000156738.18",0.834,"OK"
"TCGA-KIRC","0666c919-fe81-415e-84ea-c782234e3aa0","TCGA-CJ-5672-01A-11R-1541-07","TCGA-CJ-5672","Primary Tumor","CD79A","ENSG00000105369.10",9.1351,"OK"
"TCGA-KIRC","0666c919-fe81-415e-84ea-c782234e3aa0","TCGA-CJ-5672-01A-11R-1541-07","TCGA-CJ-5672","Primary Tumor","NKG7","ENSG00000105374.10",323.3613,"OK"
"TCGA-KIRC","0666c919-fe81-415e-84ea-c782234e3aa0","TCGA-CJ-5672-01A-11R-1541-07","TCGA-CJ-5672","Primary Tumor","LST1","ENSG00000204482.11",43.7217,"OK"
"TCGA-KIRC","0666c919-fe81-415e-84ea-c782234e3aa0","TCGA-CJ-5672-01A-11R-1541-07","TCGA-CJ-5672","Primary Tumor","TYROBP","ENSG00000011600.12",601.4251,"OK"
"TCGA-KIRC","0666c919-fe81-415e-84ea-c782234e3aa0","TCGA-CJ-5672-01A-11R-1541-07","TCGA-CJ-5672","Primary Tumor","FCER1G","ENSG00000158869.11",245.7555,"OK"
"TCGA-KIRC","0666c919-fe81-415e-84ea-c782234e3aa0","TCGA-CJ-5672-01A-11R-1541-07","TCGA-CJ-5672","Primary Tumor","CD68","ENSG00000129226.14",0.1586,"OK"
"TCGA-KIRC","84541c24-ecb8-47a6-9e6f-45a6fe854d93","TCGA-BP-4790-01A-01R-1305-07","TCGA-BP-4790","Primary Tumor","PTPRC","ENSG00000081237.20",60.5057,"OK"
"TCGA-KIRC","84541c24-ecb8-47a6-9e6f-45a6fe854d93","TCGA-BP-4790-01A-01R-1305-07","TCGA-BP-4790","Primary Tumor","CD3D","ENSG00000167286.10",62.08,"OK"
"TCGA-KIRC","84541c24-ecb8-47a6-9e6f-45a6fe854d93","TCGA-BP-4790-01A-01R-1305-07","TCGA-BP-4790","Primary Tumor","CD3E","ENSG00000198851.10",79.2136,"OK"
"TCGA-KIRC","84541c24-ecb8-47a6-9e6f-45a6fe854d93","TCGA-BP-4790-01A-01R-1305-07","TCGA-BP-4790","Primary Tumor","MS4A1","ENSG00000156738.18",3.1722,"OK"
"TCGA-KIRC","84541c24-ecb8-47a6-9e6f-45a6fe854d93","TCGA-BP-4790-01A-01R-1305-07","TCGA-BP-4790","Primary Tumor","CD79A","ENSG00000105369.10",16.8314,"OK"
"TCGA-KIRC","84541c24-ecb8-47a6-9e6f-45a6fe854d93","TCGA-BP-4790-01A-01R-1305-07","TCGA-BP-4790","Primary Tumor","NKG7","ENSG00000105374.10",108.9262,"OK"
"TCGA-KIRC","84541c24-ecb8-47a6-9e6f-45a6fe854d93","TCGA-BP-4790-01A-01R-1305-07","TCGA-BP-4790","Primary Tumor","LST1","ENSG00000204482.11",15.4233,"OK"
"TCGA-KIRC","84541c24-ecb8-47a6-9e6f-45a6fe854d93","TCGA-BP-4790-01A-01R-1305-07","TCGA-BP-4790","Primary Tumor","TYROBP","ENSG00000011600.12",186.0976,"OK"
"TCGA-KIRC","84541c24-ecb8-47a6-9e6f-45a6fe854d93","TCGA-BP-4790-01A-01R-1305-07","TCGA-BP-4790","Primary Tumor","FCER1G","ENSG00000158869.11",112.1512,"OK"
"TCGA-KIRC","84541c24-ecb8-47a6-9e6f-45a6fe854d93","TCGA-BP-4790-01A-01R-1305-07","TCGA-BP-4790","Primary Tumor","CD68","ENSG00000129226.14",0.1749,"OK"
"TCGA-KIRC","56c82934-f740-406c-afad-f9d8bd17aff3","TCGA-A3-A8OU-01A-11R-A37O-07","TCGA-A3-A8OU","Primary Tumor","PTPRC","ENSG00000081237.20",20.0282,"OK"
"TCGA-KIRC","56c82934-f740-406c-afad-f9d8bd17aff3","TCGA-A3-A8OU-01A-11R-A37O-07","TCGA-A3-A8OU","Primary Tumor","CD3D","ENSG00000167286.10",28.0861,"OK"
"TCGA-KIRC","56c82934-f740-406c-afad-f9d8bd17aff3","TCGA-A3-A8OU-01A-11R-A37O-07","TCGA-A3-A8OU","Primary Tumor","CD3E","ENSG00000198851.10",22.5208,"OK"
"TCGA-KIRC","56c82934-f740-406c-afad-f9d8bd17aff3","TCGA-A3-A8OU-01A-11R-A37O-07","TCGA-A3-A8OU","Primary Tumor","MS4A1","ENSG00000156738.18",0.6348,"OK"
"TCGA-KIRC","56c82934-f740-406c-afad-f9d8bd17aff3","TCGA-A3-A8OU-01A-11R-A37O-07","TCGA-A3-A8OU","Primary Tumor","CD79A","ENSG00000105369.10",9.4618,"OK"
"TCGA-KIRC","56c82934-f740-406c-afad-f9d8bd17aff3","TCGA-A3-A8OU-01A-11R-A37O-07","TCGA-A3-A8OU","Primary Tumor","NKG7","ENSG00000105374.10",75.9046,"OK"
"TCGA-KIRC","56c82934-f740-406c-afad-f9d8bd17aff3","TCGA-A3-A8OU-01A-11R-A37O-07","TCGA-A3-A8OU","Primary Tumor","LST1","ENSG00000204482.11",36.7245,"OK"
"TCGA-KIRC","56c82934-f740-406c-afad-f9d8bd17aff3","TCGA-A3-A8OU-01A-11R-A37O-07","TCGA-A3-A8OU","Primary Tumor","TYROBP","ENSG00000011600.12",355.5596,"OK"
"TCGA-KIRC","56c82934-f740-406c-afad-f9d8bd17aff3","TCGA-A3-A8OU-01A-11R-A37O-07","TCGA-A3-A8OU","Primary Tumor","FCER1G","ENSG00000158869.11",177.563,"OK"
"TCGA-KIRC","56c82934-f740-406c-afad-f9d8bd17aff3","TCGA-A3-A8OU-01A-11R-A37O-07","TCGA-A3-A8OU","Primary Tumor","CD68","ENSG00000129226.14",0.1244,"OK"
"TCGA-KIRC","c35bcaa8-f2f8-4c08-af74-910f73e5bc94","TCGA-BP-4349-01A-01R-1289-07","TCGA-BP-4349","Primary Tumor","PTPRC","ENSG00000081237.20",10.1381,"OK"
"TCGA-KIRC","c35bcaa8-f2f8-4c08-af74-910f73e5bc94","TCGA-BP-4349-01A-01R-1289-07","TCGA-BP-4349","Primary Tumor","CD3D","ENSG00000167286.10",15.4526,"OK"
"TCGA-KIRC","c35bcaa8-f2f8-4c08-af74-910f73e5bc94","TCGA-BP-4349-01A-01R-1289-07","TCGA-BP-4349","Primary Tumor","CD3E","ENSG00000198851.10",19.8507,"OK"
"TCGA-KIRC","c35bcaa8-f2f8-4c08-af74-910f73e5bc94","TCGA-BP-4349-01A-01R-1289-07","TCGA-BP-4349","Primary Tumor","MS4A1","ENSG00000156738.18",1.8346,"OK"
"TCGA-KIRC","c35bcaa8-f2f8-4c08-af74-910f73e5bc94","TCGA-BP-4349-01A-01R-1289-07","TCGA-BP-4349","Primary Tumor","CD79A","ENSG00000105369.10",3.9753,"OK"
"TCGA-KIRC","c35bcaa8-f2f8-4c08-af74-910f73e5bc94","TCGA-BP-4349-01A-01R-1289-07","TCGA-BP-4349","Primary Tumor","NKG7","ENSG00000105374.10",48.9589,"OK"
"TCGA-KIRC","c35bcaa8-f2f8-4c08-af74-910f73e5bc94","TCGA-BP-4349-01A-01R-1289-07","TCGA-BP-4349","Primary Tumor","LST1","ENSG00000204482.11",21.3431,"OK"
"TCGA-KIRC","c35bcaa8-f2f8-4c08-af74-910f73e5bc94","TCGA-BP-4349-01A-01R-1289-07","TCGA-BP-4349","Primary Tumor","TYROBP","ENSG00000011600.12",158.2337,"OK"
"TCGA-KIRC","c35bcaa8-f2f8-4c08-af74-910f73e5bc94","TCGA-BP-4349-01A-01R-1289-07","TCGA-BP-4349","Primary Tumor","FCER1G","ENSG00000158869.11",75.9199,"OK"
"TCGA-KIRC","c35bcaa8-f2f8-4c08-af74-910f73e5bc94","TCGA-BP-4349-01A-01R-1289-07","TCGA-BP-4349","Primary Tumor","CD68","ENSG00000129226.14",0.0426,"OK"
"TCGA-KIRC","f98a1953-c008-4ab9-a17e-be80b5fd43fe","TCGA-B0-5104-01A-01R-1420-07","TCGA-B0-5104","Primary Tumor","PTPRC","ENSG00000081237.20",21.9943,"OK"
"TCGA-KIRC","f98a1953-c008-4ab9-a17e-be80b5fd43fe","TCGA-B0-5104-01A-01R-1420-07","TCGA-B0-5104","Primary Tumor","CD3D","ENSG00000167286.10",7.9741,"OK"
"TCGA-KIRC","f98a1953-c008-4ab9-a17e-be80b5fd43fe","TCGA-B0-5104-01A-01R-1420-07","TCGA-B0-5104","Primary Tumor","CD3E","ENSG00000198851.10",10.9463,"OK"
"TCGA-KIRC","f98a1953-c008-4ab9-a17e-be80b5fd43fe","TCGA-B0-5104-01A-01R-1420-07","TCGA-B0-5104","Primary Tumor","MS4A1","ENSG00000156738.18",0.3346,"OK"
"TCGA-KIRC","f98a1953-c008-4ab9-a17e-be80b5fd43fe","TCGA-B0-5104-01A-01R-1420-07","TCGA-B0-5104","Primary Tumor","CD79A","ENSG00000105369.10",1.8125,"OK"
"TCGA-KIRC","f98a1953-c008-4ab9-a17e-be80b5fd43fe","TCGA-B0-5104-01A-01R-1420-07","TCGA-B0-5104","Primary Tumor","NKG7","ENSG00000105374.10",18.8797,"OK"
"TCGA-KIRC","f98a1953-c008-4ab9-a17e-be80b5fd43fe","TCGA-B0-5104-01A-01R-1420-07","TCGA-B0-5104","Primary Tumor","LST1","ENSG00000204482.11",15.3013,"OK"
"TCGA-KIRC","f98a1953-c008-4ab9-a17e-be80b5fd43fe","TCGA-B0-5104-01A-01R-1420-07","TCGA-B0-5104","Primary Tumor","TYROBP","ENSG00000011600.12",123.2691,"OK"
"TCGA-KIRC","f98a1953-c008-4ab9-a17e-be80b5fd43fe","TCGA-B0-5104-01A-01R-1420-07","TCGA-B0-5104","Primary Tumor","FCER1G","ENSG00000158869.11",85.5693,"OK"
"TCGA-KIRC","f98a1953-c008-4ab9-a17e-be80b5fd43fe","TCGA-B0-5104-01A-01R-1420-07","TCGA-B0-5104","Primary Tumor","CD68","ENSG00000129226.14",0.0194,"OK"
"TCGA-KIRC","fa994287-faa4-483c-8225-1d45a1d0d522","TCGA-B2-A4SR-01A-11R-A266-07","TCGA-B2-A4SR","Primary Tumor","PTPRC","ENSG00000081237.20",39.1746,"OK"
"TCGA-KIRC","fa994287-faa4-483c-8225-1d45a1d0d522","TCGA-B2-A4SR-01A-11R-A266-07","TCGA-B2-A4SR","Primary Tumor","CD3D","ENSG00000167286.10",40.9106,"OK"
"TCGA-KIRC","fa994287-faa4-483c-8225-1d45a1d0d522","TCGA-B2-A4SR-01A-11R-A266-07","TCGA-B2-A4SR","Primary Tumor","CD3E","ENSG00000198851.10",31.9425,"OK"
"TCGA-KIRC","fa994287-faa4-483c-8225-1d45a1d0d522","TCGA-B2-A4SR-01A-11R-A266-07","TCGA-B2-A4SR","Primary Tumor","MS4A1","ENSG00000156738.18",1.4968,"OK"
"TCGA-KIRC","fa994287-faa4-483c-8225-1d45a1d0d522","TCGA-B2-A4SR-01A-11R-A266-07","TCGA-B2-A4SR","Primary Tumor","CD79A","ENSG00000105369.10",2.5455,"OK"
"TCGA-KIRC","fa994287-faa4-483c-8225-1d45a1d0d522","TCGA-B2-A4SR-01A-11R-A266-07","TCGA-B2-A4SR","Primary Tumor","NKG7","ENSG00000105374.10",60.323,"OK"
"TCGA-KIRC","fa994287-faa4-483c-8225-1d45a1d0d522","TCGA-B2-A4SR-01A-11R-A266-07","TCGA-B2-A4SR","Primary Tumor","LST1","ENSG00000204482.11",16.6616,"OK"
"TCGA-KIRC","fa994287-faa4-483c-8225-1d45a1d0d522","TCGA-B2-A4SR-01A-11R-A266-07","TCGA-B2-A4SR","Primary Tumor","TYROBP","ENSG00000011600.12",198.9323,"OK"
"TCGA-KIRC","fa994287-faa4-483c-8225-1d45a1d0d522","TCGA-B2-A4SR-01A-11R-A266-07","TCGA-B2-A4SR","Primary Tumor","FCER1G","ENSG00000158869.11",121.7452,"OK"
"TCGA-KIRC","fa994287-faa4-483c-8225-1d45a1d0d522","TCGA-B2-A4SR-01A-11R-A266-07","TCGA-B2-A4SR","Primary Tumor","CD68","ENSG00000129226.14",0.1375,"OK"
"TCGA-KIRC","6a1c052c-21bb-4688-96db-3d605b0fa93a","TCGA-B0-5399-01A-01R-1503-07","TCGA-B0-5399","Primary Tumor","PTPRC","ENSG00000081237.20",37.171,"OK"
"TCGA-KIRC","6a1c052c-21bb-4688-96db-3d605b0fa93a","TCGA-B0-5399-01A-01R-1503-07","TCGA-B0-5399","Primary Tumor","CD3D","ENSG00000167286.10",65.3269,"OK"
"TCGA-KIRC","6a1c052c-21bb-4688-96db-3d605b0fa93a","TCGA-B0-5399-01A-01R-1503-07","TCGA-B0-5399","Primary Tumor","CD3E","ENSG00000198851.10",62.123,"OK"
"TCGA-KIRC","6a1c052c-21bb-4688-96db-3d605b0fa93a","TCGA-B0-5399-01A-01R-1503-07","TCGA-B0-5399","Primary Tumor","MS4A1","ENSG00000156738.18",5.1099,"OK"
"TCGA-KIRC","6a1c052c-21bb-4688-96db-3d605b0fa93a","TCGA-B0-5399-01A-01R-1503-07","TCGA-B0-5399","Primary Tumor","CD79A","ENSG00000105369.10",9.8341,"OK"
"TCGA-KIRC","6a1c052c-21bb-4688-96db-3d605b0fa93a","TCGA-B0-5399-01A-01R-1503-07","TCGA-B0-5399","Primary Tumor","NKG7","ENSG00000105374.10",80.2651,"OK"
"TCGA-KIRC","6a1c052c-21bb-4688-96db-3d605b0fa93a","TCGA-B0-5399-01A-01R-1503-07","TCGA-B0-5399","Primary Tumor","LST1","ENSG00000204482.11",26.3885,"OK"
"TCGA-KIRC","6a1c052c-21bb-4688-96db-3d605b0fa93a","TCGA-B0-5399-01A-01R-1503-07","TCGA-B0-5399","Primary Tumor","TYROBP","ENSG00000011600.12",255.6149,"OK"
"TCGA-KIRC","6a1c052c-21bb-4688-96db-3d605b0fa93a","TCGA-B0-5399-01A-01R-1503-07","TCGA-B0-5399","Primary Tumor","FCER1G","ENSG00000158869.11",159.5424,"OK"
"TCGA-KIRC","6a1c052c-21bb-4688-96db-3d605b0fa93a","TCGA-B0-5399-01A-01R-1503-07","TCGA-B0-5399","Primary Tumor","CD68","ENSG00000129226.14",0.1852,"OK"
"TCGA-KIRC","34fd315d-cfd8-4d85-8114-22311d55a1fc","TCGA-B8-4622-01A-02R-1277-07","TCGA-B8-4622","Primary Tumor","PTPRC","ENSG00000081237.20",43.2644,"OK"
"TCGA-KIRC","34fd315d-cfd8-4d85-8114-22311d55a1fc","TCGA-B8-4622-01A-02R-1277-07","TCGA-B8-4622","Primary Tumor","CD3D","ENSG00000167286.10",26.3487,"OK"
"TCGA-KIRC","34fd315d-cfd8-4d85-8114-22311d55a1fc","TCGA-B8-4622-01A-02R-1277-07","TCGA-B8-4622","Primary Tumor","CD3E","ENSG00000198851.10",25.1237,"OK"
"TCGA-KIRC","34fd315d-cfd8-4d85-8114-22311d55a1fc","TCGA-B8-4622-01A-02R-1277-07","TCGA-B8-4622","Primary Tumor","MS4A1","ENSG00000156738.18",0.6436,"OK"
"TCGA-KIRC","34fd315d-cfd8-4d85-8114-22311d55a1fc","TCGA-B8-4622-01A-02R-1277-07","TCGA-B8-4622","Primary Tumor","CD79A","ENSG00000105369.10",2.1472,"OK"
"TCGA-KIRC","34fd315d-cfd8-4d85-8114-22311d55a1fc","TCGA-B8-4622-01A-02R-1277-07","TCGA-B8-4622","Primary Tumor","NKG7","ENSG00000105374.10",89.8008,"OK"
"TCGA-KIRC","34fd315d-cfd8-4d85-8114-22311d55a1fc","TCGA-B8-4622-01A-02R-1277-07","TCGA-B8-4622","Primary Tumor","LST1","ENSG00000204482.11",33.594,"OK"
"TCGA-KIRC","34fd315d-cfd8-4d85-8114-22311d55a1fc","TCGA-B8-4622-01A-02R-1277-07","TCGA-B8-4622","Primary Tumor","TYROBP","ENSG00000011600.12",274.5763,"OK"
"TCGA-KIRC","34fd315d-cfd8-4d85-8114-22311d55a1fc","TCGA-B8-4622-01A-02R-1277-07","TCGA-B8-4622","Primary Tumor","FCER1G","ENSG00000158869.11",134.1386,"OK"
"TCGA-KIRC","34fd315d-cfd8-4d85-8114-22311d55a1fc","TCGA-B8-4622-01A-02R-1277-07","TCGA-B8-4622","Primary Tumor","CD68","ENSG00000129226.14",0.3974,"OK"
"TCGA-KIRC","ee6d69a8-5bb0-4271-b349-3bcad539b275","TCGA-BP-4776-01A-01R-1289-07","TCGA-BP-4776","Primary Tumor","PTPRC","ENSG00000081237.20",6.116,"OK"
"TCGA-KIRC","ee6d69a8-5bb0-4271-b349-3bcad539b275","TCGA-BP-4776-01A-01R-1289-07","TCGA-BP-4776","Primary Tumor","CD3D","ENSG00000167286.10",28.3604,"OK"
"TCGA-KIRC","ee6d69a8-5bb0-4271-b349-3bcad539b275","TCGA-BP-4776-01A-01R-1289-07","TCGA-BP-4776","Primary Tumor","CD3E","ENSG00000198851.10",23.0132,"OK"
"TCGA-KIRC","ee6d69a8-5bb0-4271-b349-3bcad539b275","TCGA-BP-4776-01A-01R-1289-07","TCGA-BP-4776","Primary Tumor","MS4A1","ENSG00000156738.18",1.8156,"OK"
"TCGA-KIRC","ee6d69a8-5bb0-4271-b349-3bcad539b275","TCGA-BP-4776-01A-01R-1289-07","TCGA-BP-4776","Primary Tumor","CD79A","ENSG00000105369.10",66.4603,"OK"
"TCGA-KIRC","ee6d69a8-5bb0-4271-b349-3bcad539b275","TCGA-BP-4776-01A-01R-1289-07","TCGA-BP-4776","Primary Tumor","NKG7","ENSG00000105374.10",73.8536,"OK"
"TCGA-KIRC","ee6d69a8-5bb0-4271-b349-3bcad539b275","TCGA-BP-4776-01A-01R-1289-07","TCGA-BP-4776","Primary Tumor","LST1","ENSG00000204482.11",16.8776,"OK"
"TCGA-KIRC","ee6d69a8-5bb0-4271-b349-3bcad539b275","TCGA-BP-4776-01A-01R-1289-07","TCGA-BP-4776","Primary Tumor","TYROBP","ENSG00000011600.12",158.6296,"OK"
"TCGA-KIRC","ee6d69a8-5bb0-4271-b349-3bcad539b275","TCGA-BP-4776-01A-01R-1289-07","TCGA-BP-4776","Primary Tumor","FCER1G","ENSG00000158869.11",58.1,"OK"
"TCGA-KIRC","ee6d69a8-5bb0-4271-b349-3bcad539b275","TCGA-BP-4776-01A-01R-1289-07","TCGA-BP-4776","Primary Tumor","CD68","ENSG00000129226.14",0.0292,"OK"
"TCGA-KIRC","6b920c35-ec0c-4772-9163-a22f4cb27c9f","TCGA-BP-4798-01A-01R-1305-07","TCGA-BP-4798","Primary Tumor","PTPRC","ENSG00000081237.20",92.5055,"OK"
"TCGA-KIRC","6b920c35-ec0c-4772-9163-a22f4cb27c9f","TCGA-BP-4798-01A-01R-1305-07","TCGA-BP-4798","Primary Tumor","CD3D","ENSG00000167286.10",134.6642,"OK"
"TCGA-KIRC","6b920c35-ec0c-4772-9163-a22f4cb27c9f","TCGA-BP-4798-01A-01R-1305-07","TCGA-BP-4798","Primary Tumor","CD3E","ENSG00000198851.10",130.4932,"OK"
"TCGA-KIRC","6b920c35-ec0c-4772-9163-a22f4cb27c9f","TCGA-BP-4798-01A-01R-1305-07","TCGA-BP-4798","Primary Tumor","MS4A1","ENSG00000156738.18",1.0315,"OK"
"TCGA-KIRC","6b920c35-ec0c-4772-9163-a22f4cb27c9f","TCGA-BP-4798-01A-01R-1305-07","TCGA-BP-4798","Primary Tumor","CD79A","ENSG00000105369.10",23.0509,"OK"
"TCGA-KIRC","6b920c35-ec0c-4772-9163-a22f4cb27c9f","TCGA-BP-4798-01A-01R-1305-07","TCGA-BP-4798","Primary Tumor","NKG7","ENSG00000105374.10",350.279,"OK"
"TCGA-KIRC","6b920c35-ec0c-4772-9163-a22f4cb27c9f","TCGA-BP-4798-01A-01R-1305-07","TCGA-BP-4798","Primary Tumor","LST1","ENSG00000204482.11",51.7114,"OK"
"TCGA-KIRC","6b920c35-ec0c-4772-9163-a22f4cb27c9f","TCGA-BP-4798-01A-01R-1305-07","TCGA-BP-4798","Primary Tumor","TYROBP","ENSG00000011600.12",646.2219,"OK"
"TCGA-KIRC","6b920c35-ec0c-4772-9163-a22f4cb27c9f","TCGA-BP-4798-01A-01R-1305-07","TCGA-BP-4798","Primary Tumor","FCER1G","ENSG00000158869.11",504.3212,"OK"
"TCGA-KIRC","6b920c35-ec0c-4772-9163-a22f4cb27c9f","TCGA-BP-4798-01A-01R-1305-07","TCGA-BP-4798","Primary Tumor","CD68","ENSG00000129226.14",0.1053,"OK"
"TCGA-KIRC","8c2d01a0-7df8-465a-9739-b25d96f98ddd","TCGA-B2-5641-11A-01R-1541-07","TCGA-B2-5641","Solid Tissue Normal","PTPRC","ENSG00000081237.20",1.9199,"OK"
"TCGA-KIRC","8c2d01a0-7df8-465a-9739-b25d96f98ddd","TCGA-B2-5641-11A-01R-1541-07","TCGA-B2-5641","Solid Tissue Normal","CD3D","ENSG00000167286.10",0.5124,"OK"
"TCGA-KIRC","8c2d01a0-7df8-465a-9739-b25d96f98ddd","TCGA-B2-5641-11A-01R-1541-07","TCGA-B2-5641","Solid Tissue Normal","CD3E","ENSG00000198851.10",1.2103,"OK"
"TCGA-KIRC","8c2d01a0-7df8-465a-9739-b25d96f98ddd","TCGA-B2-5641-11A-01R-1541-07","TCGA-B2-5641","Solid Tissue Normal","MS4A1","ENSG00000156738.18",0.0826,"OK"
"TCGA-KIRC","8c2d01a0-7df8-465a-9739-b25d96f98ddd","TCGA-B2-5641-11A-01R-1541-07","TCGA-B2-5641","Solid Tissue Normal","CD79A","ENSG00000105369.10",0.6353,"OK"
"TCGA-KIRC","8c2d01a0-7df8-465a-9739-b25d96f98ddd","TCGA-B2-5641-11A-01R-1541-07","TCGA-B2-5641","Solid Tissue Normal","NKG7","ENSG00000105374.10",4.1361,"OK"
"TCGA-KIRC","8c2d01a0-7df8-465a-9739-b25d96f98ddd","TCGA-B2-5641-11A-01R-1541-07","TCGA-B2-5641","Solid Tissue Normal","LST1","ENSG00000204482.11",1.9868,"OK"
"TCGA-KIRC","8c2d01a0-7df8-465a-9739-b25d96f98ddd","TCGA-B2-5641-11A-01R-1541-07","TCGA-B2-5641","Solid Tissue Normal","TYROBP","ENSG00000011600.12",12.9619,"OK"
"TCGA-KIRC","8c2d01a0-7df8-465a-9739-b25d96f98ddd","TCGA-B2-5641-11A-01R-1541-07","TCGA-B2-5641","Solid Tissue Normal","FCER1G","ENSG00000158869.11",9.1977,"OK"
"TCGA-KIRC","8c2d01a0-7df8-465a-9739-b25d96f98ddd","TCGA-B2-5641-11A-01R-1541-07","TCGA-B2-5641","Solid Tissue Normal","CD68","ENSG00000129226.14",0.1518,"OK"
"TCGA-KIRC","8bec131b-088c-41f6-95d1-3eece690b53f","TCGA-AK-3425-01A-02R-1277-07","TCGA-AK-3425","Primary Tumor","PTPRC","ENSG00000081237.20",32.6948,"OK"
"TCGA-KIRC","8bec131b-088c-41f6-95d1-3eece690b53f","TCGA-AK-3425-01A-02R-1277-07","TCGA-AK-3425","Primary Tumor","CD3D","ENSG00000167286.10",65.156,"OK"
"TCGA-KIRC","8bec131b-088c-41f6-95d1-3eece690b53f","TCGA-AK-3425-01A-02R-1277-07","TCGA-AK-3425","Primary Tumor","CD3E","ENSG00000198851.10",41.1283,"OK"
"TCGA-KIRC","8bec131b-088c-41f6-95d1-3eece690b53f","TCGA-AK-3425-01A-02R-1277-07","TCGA-AK-3425","Primary Tumor","MS4A1","ENSG00000156738.18",1.0319,"OK"
"TCGA-KIRC","8bec131b-088c-41f6-95d1-3eece690b53f","TCGA-AK-3425-01A-02R-1277-07","TCGA-AK-3425","Primary Tumor","CD79A","ENSG00000105369.10",8.0289,"OK"
"TCGA-KIRC","8bec131b-088c-41f6-95d1-3eece690b53f","TCGA-AK-3425-01A-02R-1277-07","TCGA-AK-3425","Primary Tumor","NKG7","ENSG00000105374.10",199.1114,"OK"
"TCGA-KIRC","8bec131b-088c-41f6-95d1-3eece690b53f","TCGA-AK-3425-01A-02R-1277-07","TCGA-AK-3425","Primary Tumor","LST1","ENSG00000204482.11",51.983,"OK"
"TCGA-KIRC","8bec131b-088c-41f6-95d1-3eece690b53f","TCGA-AK-3425-01A-02R-1277-07","TCGA-AK-3425","Primary Tumor","TYROBP","ENSG00000011600.12",809.7827,"OK"
"TCGA-KIRC","8bec131b-088c-41f6-95d1-3eece690b53f","TCGA-AK-3425-01A-02R-1277-07","TCGA-AK-3425","Primary Tumor","FCER1G","ENSG00000158869.11",309.7618,"OK"
"TCGA-KIRC","8bec131b-088c-41f6-95d1-3eece690b53f","TCGA-AK-3425-01A-02R-1277-07","TCGA-AK-3425","Primary Tumor","CD68","ENSG00000129226.14",0.496,"OK"
"TCGA-KIRC","1b242926-e8c1-4f9b-88fa-40211585207e","TCGA-BP-4334-01A-01R-1289-07","TCGA-BP-4334","Primary Tumor","PTPRC","ENSG00000081237.20",0.6956,"OK"
"TCGA-KIRC","1b242926-e8c1-4f9b-88fa-40211585207e","TCGA-BP-4334-01A-01R-1289-07","TCGA-BP-4334","Primary Tumor","CD3D","ENSG00000167286.10",0.3027,"OK"
"TCGA-KIRC","1b242926-e8c1-4f9b-88fa-40211585207e","TCGA-BP-4334-01A-01R-1289-07","TCGA-BP-4334","Primary Tumor","CD3E","ENSG00000198851.10",0.4902,"OK"
"TCGA-KIRC","1b242926-e8c1-4f9b-88fa-40211585207e","TCGA-BP-4334-01A-01R-1289-07","TCGA-BP-4334","Primary Tumor","MS4A1","ENSG00000156738.18",0,"OK"
"TCGA-KIRC","1b242926-e8c1-4f9b-88fa-40211585207e","TCGA-BP-4334-01A-01R-1289-07","TCGA-BP-4334","Primary Tumor","CD79A","ENSG00000105369.10",0.4849,"OK"
"TCGA-KIRC","1b242926-e8c1-4f9b-88fa-40211585207e","TCGA-BP-4334-01A-01R-1289-07","TCGA-BP-4334","Primary Tumor","NKG7","ENSG00000105374.10",5.6106,"OK"
"TCGA-KIRC","1b242926-e8c1-4f9b-88fa-40211585207e","TCGA-BP-4334-01A-01R-1289-07","TCGA-BP-4334","Primary Tumor","LST1","ENSG00000204482.11",5.5308,"OK"
"TCGA-KIRC","1b242926-e8c1-4f9b-88fa-40211585207e","TCGA-BP-4334-01A-01R-1289-07","TCGA-BP-4334","Primary Tumor","TYROBP","ENSG00000011600.12",41.6766,"OK"
"TCGA-KIRC","1b242926-e8c1-4f9b-88fa-40211585207e","TCGA-BP-4334-01A-01R-1289-07","TCGA-BP-4334","Primary Tumor","FCER1G","ENSG00000158869.11",19.1233,"OK"
"TCGA-KIRC","1b242926-e8c1-4f9b-88fa-40211585207e","TCGA-BP-4334-01A-01R-1289-07","TCGA-BP-4334","Primary Tumor","CD68","ENSG00000129226.14",0,"OK"
"TCGA-KIRC","a3cac4bf-4b70-4fc8-b0a5-8bda5b6d405c","TCGA-B0-5695-01A-11R-1541-07","TCGA-B0-5695","Primary Tumor","PTPRC","ENSG00000081237.20",17.3357,"OK"
"TCGA-KIRC","a3cac4bf-4b70-4fc8-b0a5-8bda5b6d405c","TCGA-B0-5695-01A-11R-1541-07","TCGA-B0-5695","Primary Tumor","CD3D","ENSG00000167286.10",21.3849,"OK"
"TCGA-KIRC","a3cac4bf-4b70-4fc8-b0a5-8bda5b6d405c","TCGA-B0-5695-01A-11R-1541-07","TCGA-B0-5695","Primary Tumor","CD3E","ENSG00000198851.10",19.513,"OK"
"TCGA-KIRC","a3cac4bf-4b70-4fc8-b0a5-8bda5b6d405c","TCGA-B0-5695-01A-11R-1541-07","TCGA-B0-5695","Primary Tumor","MS4A1","ENSG00000156738.18",0.7964,"OK"
"TCGA-KIRC","a3cac4bf-4b70-4fc8-b0a5-8bda5b6d405c","TCGA-B0-5695-01A-11R-1541-07","TCGA-B0-5695","Primary Tumor","CD79A","ENSG00000105369.10",10.5321,"OK"
"TCGA-KIRC","a3cac4bf-4b70-4fc8-b0a5-8bda5b6d405c","TCGA-B0-5695-01A-11R-1541-07","TCGA-B0-5695","Primary Tumor","NKG7","ENSG00000105374.10",88.3173,"OK"
"TCGA-KIRC","a3cac4bf-4b70-4fc8-b0a5-8bda5b6d405c","TCGA-B0-5695-01A-11R-1541-07","TCGA-B0-5695","Primary Tumor","LST1","ENSG00000204482.11",11.225,"OK"
"TCGA-KIRC","a3cac4bf-4b70-4fc8-b0a5-8bda5b6d405c","TCGA-B0-5695-01A-11R-1541-07","TCGA-B0-5695","Primary Tumor","TYROBP","ENSG00000011600.12",142.4675,"OK"
"TCGA-KIRC","a3cac4bf-4b70-4fc8-b0a5-8bda5b6d405c","TCGA-B0-5695-01A-11R-1541-07","TCGA-B0-5695","Primary Tumor","FCER1G","ENSG00000158869.11",70.1259,"OK"
"TCGA-KIRC","a3cac4bf-4b70-4fc8-b0a5-8bda5b6d405c","TCGA-B0-5695-01A-11R-1541-07","TCGA-B0-5695","Primary Tumor","CD68","ENSG00000129226.14",0.1684,"OK"
"TCGA-KIRC","46b3a547-c7a4-4499-9a77-29eb56f0a570","TCGA-CJ-6027-01A-11R-1672-07","TCGA-CJ-6027","Primary Tumor","PTPRC","ENSG00000081237.20",65.5162,"OK"
"TCGA-KIRC","46b3a547-c7a4-4499-9a77-29eb56f0a570","TCGA-CJ-6027-01A-11R-1672-07","TCGA-CJ-6027","Primary Tumor","CD3D","ENSG00000167286.10",115.4184,"OK"
"TCGA-KIRC","46b3a547-c7a4-4499-9a77-29eb56f0a570","TCGA-CJ-6027-01A-11R-1672-07","TCGA-CJ-6027","Primary Tumor","CD3E","ENSG00000198851.10",95.0868,"OK"
"TCGA-KIRC","46b3a547-c7a4-4499-9a77-29eb56f0a570","TCGA-CJ-6027-01A-11R-1672-07","TCGA-CJ-6027","Primary Tumor","MS4A1","ENSG00000156738.18",0.4225,"OK"
"TCGA-KIRC","46b3a547-c7a4-4499-9a77-29eb56f0a570","TCGA-CJ-6027-01A-11R-1672-07","TCGA-CJ-6027","Primary Tumor","CD79A","ENSG00000105369.10",8.13,"OK"
"TCGA-KIRC","46b3a547-c7a4-4499-9a77-29eb56f0a570","TCGA-CJ-6027-01A-11R-1672-07","TCGA-CJ-6027","Primary Tumor","NKG7","ENSG00000105374.10",351.055,"OK"
"TCGA-KIRC","46b3a547-c7a4-4499-9a77-29eb56f0a570","TCGA-CJ-6027-01A-11R-1672-07","TCGA-CJ-6027","Primary Tumor","LST1","ENSG00000204482.11",28.2117,"OK"
"TCGA-KIRC","46b3a547-c7a4-4499-9a77-29eb56f0a570","TCGA-CJ-6027-01A-11R-1672-07","TCGA-CJ-6027","Primary Tumor","TYROBP","ENSG00000011600.12",485.9299,"OK"
"TCGA-KIRC","46b3a547-c7a4-4499-9a77-29eb56f0a570","TCGA-CJ-6027-01A-11R-1672-07","TCGA-CJ-6027","Primary Tumor","FCER1G","ENSG00000158869.11",316.3499,"OK"
"TCGA-KIRC","46b3a547-c7a4-4499-9a77-29eb56f0a570","TCGA-CJ-6027-01A-11R-1672-07","TCGA-CJ-6027","Primary Tumor","CD68","ENSG00000129226.14",0.2277,"OK"
"TCGA-KIRC","2e5ca57e-8530-43b5-806f-8915d421552f","TCGA-CJ-4869-01A-02R-1426-07","TCGA-CJ-4869","Primary Tumor","PTPRC","ENSG00000081237.20",59.1409,"OK"
"TCGA-KIRC","2e5ca57e-8530-43b5-806f-8915d421552f","TCGA-CJ-4869-01A-02R-1426-07","TCGA-CJ-4869","Primary Tumor","CD3D","ENSG00000167286.10",216.7969,"OK"
"TCGA-KIRC","2e5ca57e-8530-43b5-806f-8915d421552f","TCGA-CJ-4869-01A-02R-1426-07","TCGA-CJ-4869","Primary Tumor","CD3E","ENSG00000198851.10",199.1026,"OK"
"TCGA-KIRC","2e5ca57e-8530-43b5-806f-8915d421552f","TCGA-CJ-4869-01A-02R-1426-07","TCGA-CJ-4869","Primary Tumor","MS4A1","ENSG00000156738.18",3.2244,"OK"
"TCGA-KIRC","2e5ca57e-8530-43b5-806f-8915d421552f","TCGA-CJ-4869-01A-02R-1426-07","TCGA-CJ-4869","Primary Tumor","CD79A","ENSG00000105369.10",27.0737,"OK"
"TCGA-KIRC","2e5ca57e-8530-43b5-806f-8915d421552f","TCGA-CJ-4869-01A-02R-1426-07","TCGA-CJ-4869","Primary Tumor","NKG7","ENSG00000105374.10",457.6627,"OK"
"TCGA-KIRC","2e5ca57e-8530-43b5-806f-8915d421552f","TCGA-CJ-4869-01A-02R-1426-07","TCGA-CJ-4869","Primary Tumor","LST1","ENSG00000204482.11",59.2664,"OK"
"TCGA-KIRC","2e5ca57e-8530-43b5-806f-8915d421552f","TCGA-CJ-4869-01A-02R-1426-07","TCGA-CJ-4869","Primary Tumor","TYROBP","ENSG00000011600.12",638.3191,"OK"
"TCGA-KIRC","2e5ca57e-8530-43b5-806f-8915d421552f","TCGA-CJ-4869-01A-02R-1426-07","TCGA-CJ-4869","Primary Tumor","FCER1G","ENSG00000158869.11",294.8298,"OK"
"TCGA-KIRC","2e5ca57e-8530-43b5-806f-8915d421552f","TCGA-CJ-4869-01A-02R-1426-07","TCGA-CJ-4869","Primary Tumor","CD68","ENSG00000129226.14",0.1497,"OK"
"TCGA-KIRC","36513c94-fb14-4008-838a-13d23d609382","TCGA-BP-5189-01A-02R-1426-07","TCGA-BP-5189","Primary Tumor","PTPRC","ENSG00000081237.20",54.7459,"OK"
"TCGA-KIRC","36513c94-fb14-4008-838a-13d23d609382","TCGA-BP-5189-01A-02R-1426-07","TCGA-BP-5189","Primary Tumor","CD3D","ENSG00000167286.10",26.8762,"OK"
"TCGA-KIRC","36513c94-fb14-4008-838a-13d23d609382","TCGA-BP-5189-01A-02R-1426-07","TCGA-BP-5189","Primary Tumor","CD3E","ENSG00000198851.10",26.2543,"OK"
"TCGA-KIRC","36513c94-fb14-4008-838a-13d23d609382","TCGA-BP-5189-01A-02R-1426-07","TCGA-BP-5189","Primary Tumor","MS4A1","ENSG00000156738.18",0.3795,"OK"
"TCGA-KIRC","36513c94-fb14-4008-838a-13d23d609382","TCGA-BP-5189-01A-02R-1426-07","TCGA-BP-5189","Primary Tumor","CD79A","ENSG00000105369.10",3.199,"OK"
"TCGA-KIRC","36513c94-fb14-4008-838a-13d23d609382","TCGA-BP-5189-01A-02R-1426-07","TCGA-BP-5189","Primary Tumor","NKG7","ENSG00000105374.10",31.0401,"OK"
"TCGA-KIRC","36513c94-fb14-4008-838a-13d23d609382","TCGA-BP-5189-01A-02R-1426-07","TCGA-BP-5189","Primary Tumor","LST1","ENSG00000204482.11",26.6038,"OK"
"TCGA-KIRC","36513c94-fb14-4008-838a-13d23d609382","TCGA-BP-5189-01A-02R-1426-07","TCGA-BP-5189","Primary Tumor","TYROBP","ENSG00000011600.12",346.2952,"OK"
"TCGA-KIRC","36513c94-fb14-4008-838a-13d23d609382","TCGA-BP-5189-01A-02R-1426-07","TCGA-BP-5189","Primary Tumor","FCER1G","ENSG00000158869.11",226.0156,"OK"
"TCGA-KIRC","36513c94-fb14-4008-838a-13d23d609382","TCGA-BP-5189-01A-02R-1426-07","TCGA-BP-5189","Primary Tumor","CD68","ENSG00000129226.14",0.1221,"OK"
"TCGA-KIRC","9651c36d-8d1e-411a-9d5a-42550b73b426","TCGA-BP-4760-01A-02R-1420-07","TCGA-BP-4760","Primary Tumor","PTPRC","ENSG00000081237.20",9.6307,"OK"
"TCGA-KIRC","9651c36d-8d1e-411a-9d5a-42550b73b426","TCGA-BP-4760-01A-02R-1420-07","TCGA-BP-4760","Primary Tumor","CD3D","ENSG00000167286.10",5.3403,"OK"
"TCGA-KIRC","9651c36d-8d1e-411a-9d5a-42550b73b426","TCGA-BP-4760-01A-02R-1420-07","TCGA-BP-4760","Primary Tumor","CD3E","ENSG00000198851.10",5.3799,"OK"
"TCGA-KIRC","9651c36d-8d1e-411a-9d5a-42550b73b426","TCGA-BP-4760-01A-02R-1420-07","TCGA-BP-4760","Primary Tumor","MS4A1","ENSG00000156738.18",0.1578,"OK"
"TCGA-KIRC","9651c36d-8d1e-411a-9d5a-42550b73b426","TCGA-BP-4760-01A-02R-1420-07","TCGA-BP-4760","Primary Tumor","CD79A","ENSG00000105369.10",1.7315,"OK"
"TCGA-KIRC","9651c36d-8d1e-411a-9d5a-42550b73b426","TCGA-BP-4760-01A-02R-1420-07","TCGA-BP-4760","Primary Tumor","NKG7","ENSG00000105374.10",12.7081,"OK"
"TCGA-KIRC","9651c36d-8d1e-411a-9d5a-42550b73b426","TCGA-BP-4760-01A-02R-1420-07","TCGA-BP-4760","Primary Tumor","LST1","ENSG00000204482.11",10.5924,"OK"
"TCGA-KIRC","9651c36d-8d1e-411a-9d5a-42550b73b426","TCGA-BP-4760-01A-02R-1420-07","TCGA-BP-4760","Primary Tumor","TYROBP","ENSG00000011600.12",158.3225,"OK"
"TCGA-KIRC","9651c36d-8d1e-411a-9d5a-42550b73b426","TCGA-BP-4760-01A-02R-1420-07","TCGA-BP-4760","Primary Tumor","FCER1G","ENSG00000158869.11",86.7638,"OK"
"TCGA-KIRC","9651c36d-8d1e-411a-9d5a-42550b73b426","TCGA-BP-4760-01A-02R-1420-07","TCGA-BP-4760","Primary Tumor","CD68","ENSG00000129226.14",0,"OK"
"TCGA-KIRC","902fddff-c332-4871-bf4e-c9fa0445f2a2","TCGA-BP-5201-01A-01R-1426-07","TCGA-BP-5201","Primary Tumor","PTPRC","ENSG00000081237.20",31.189,"OK"
"TCGA-KIRC","902fddff-c332-4871-bf4e-c9fa0445f2a2","TCGA-BP-5201-01A-01R-1426-07","TCGA-BP-5201","Primary Tumor","CD3D","ENSG00000167286.10",117.5026,"OK"
"TCGA-KIRC","902fddff-c332-4871-bf4e-c9fa0445f2a2","TCGA-BP-5201-01A-01R-1426-07","TCGA-BP-5201","Primary Tumor","CD3E","ENSG00000198851.10",83.1673,"OK"
"TCGA-KIRC","902fddff-c332-4871-bf4e-c9fa0445f2a2","TCGA-BP-5201-01A-01R-1426-07","TCGA-BP-5201","Primary Tumor","MS4A1","ENSG00000156738.18",0.8474,"OK"
"TCGA-KIRC","902fddff-c332-4871-bf4e-c9fa0445f2a2","TCGA-BP-5201-01A-01R-1426-07","TCGA-BP-5201","Primary Tumor","CD79A","ENSG00000105369.10",4.709,"OK"
"TCGA-KIRC","902fddff-c332-4871-bf4e-c9fa0445f2a2","TCGA-BP-5201-01A-01R-1426-07","TCGA-BP-5201","Primary Tumor","NKG7","ENSG00000105374.10",226.456,"OK"
"TCGA-KIRC","902fddff-c332-4871-bf4e-c9fa0445f2a2","TCGA-BP-5201-01A-01R-1426-07","TCGA-BP-5201","Primary Tumor","LST1","ENSG00000204482.11",25.0071,"OK"
"TCGA-KIRC","902fddff-c332-4871-bf4e-c9fa0445f2a2","TCGA-BP-5201-01A-01R-1426-07","TCGA-BP-5201","Primary Tumor","TYROBP","ENSG00000011600.12",345.9625,"OK"
"TCGA-KIRC","902fddff-c332-4871-bf4e-c9fa0445f2a2","TCGA-BP-5201-01A-01R-1426-07","TCGA-BP-5201","Primary Tumor","FCER1G","ENSG00000158869.11",200.8524,"OK"
"TCGA-KIRC","902fddff-c332-4871-bf4e-c9fa0445f2a2","TCGA-BP-5201-01A-01R-1426-07","TCGA-BP-5201","Primary Tumor","CD68","ENSG00000129226.14",0.0755,"OK"
"TCGA-KIRC","89bb336a-c128-4492-9109-e657f8f2011b","TCGA-DV-5568-01A-01R-1541-07","TCGA-DV-5568","Primary Tumor","PTPRC","ENSG00000081237.20",18.7392,"OK"
"TCGA-KIRC","89bb336a-c128-4492-9109-e657f8f2011b","TCGA-DV-5568-01A-01R-1541-07","TCGA-DV-5568","Primary Tumor","CD3D","ENSG00000167286.10",63.2828,"OK"
"TCGA-KIRC","89bb336a-c128-4492-9109-e657f8f2011b","TCGA-DV-5568-01A-01R-1541-07","TCGA-DV-5568","Primary Tumor","CD3E","ENSG00000198851.10",49.3362,"OK"
"TCGA-KIRC","89bb336a-c128-4492-9109-e657f8f2011b","TCGA-DV-5568-01A-01R-1541-07","TCGA-DV-5568","Primary Tumor","MS4A1","ENSG00000156738.18",0.3037,"OK"
"TCGA-KIRC","89bb336a-c128-4492-9109-e657f8f2011b","TCGA-DV-5568-01A-01R-1541-07","TCGA-DV-5568","Primary Tumor","CD79A","ENSG00000105369.10",2.1158,"OK"
"TCGA-KIRC","89bb336a-c128-4492-9109-e657f8f2011b","TCGA-DV-5568-01A-01R-1541-07","TCGA-DV-5568","Primary Tumor","NKG7","ENSG00000105374.10",97.9294,"OK"
"TCGA-KIRC","89bb336a-c128-4492-9109-e657f8f2011b","TCGA-DV-5568-01A-01R-1541-07","TCGA-DV-5568","Primary Tumor","LST1","ENSG00000204482.11",23.24,"OK"
"TCGA-KIRC","89bb336a-c128-4492-9109-e657f8f2011b","TCGA-DV-5568-01A-01R-1541-07","TCGA-DV-5568","Primary Tumor","TYROBP","ENSG00000011600.12",375.1072,"OK"
"TCGA-KIRC","89bb336a-c128-4492-9109-e657f8f2011b","TCGA-DV-5568-01A-01R-1541-07","TCGA-DV-5568","Primary Tumor","FCER1G","ENSG00000158869.11",152.7813,"OK"
"TCGA-KIRC","89bb336a-c128-4492-9109-e657f8f2011b","TCGA-DV-5568-01A-01R-1541-07","TCGA-DV-5568","Primary Tumor","CD68","ENSG00000129226.14",0.1736,"OK"
"TCGA-KIRC","16574f32-3388-42a3-a5ca-9248e75fd522","TCGA-BP-4159-01A-02R-1289-07","TCGA-BP-4159","Primary Tumor","PTPRC","ENSG00000081237.20",10.4769,"OK"
"TCGA-KIRC","16574f32-3388-42a3-a5ca-9248e75fd522","TCGA-BP-4159-01A-02R-1289-07","TCGA-BP-4159","Primary Tumor","CD3D","ENSG00000167286.10",10.2778,"OK"
"TCGA-KIRC","16574f32-3388-42a3-a5ca-9248e75fd522","TCGA-BP-4159-01A-02R-1289-07","TCGA-BP-4159","Primary Tumor","CD3E","ENSG00000198851.10",6.3644,"OK"
"TCGA-KIRC","16574f32-3388-42a3-a5ca-9248e75fd522","TCGA-BP-4159-01A-02R-1289-07","TCGA-BP-4159","Primary Tumor","MS4A1","ENSG00000156738.18",0.4678,"OK"
"TCGA-KIRC","16574f32-3388-42a3-a5ca-9248e75fd522","TCGA-BP-4159-01A-02R-1289-07","TCGA-BP-4159","Primary Tumor","CD79A","ENSG00000105369.10",2.2831,"OK"
"TCGA-KIRC","16574f32-3388-42a3-a5ca-9248e75fd522","TCGA-BP-4159-01A-02R-1289-07","TCGA-BP-4159","Primary Tumor","NKG7","ENSG00000105374.10",72.8929,"OK"
"TCGA-KIRC","16574f32-3388-42a3-a5ca-9248e75fd522","TCGA-BP-4159-01A-02R-1289-07","TCGA-BP-4159","Primary Tumor","LST1","ENSG00000204482.11",24.7237,"OK"
"TCGA-KIRC","16574f32-3388-42a3-a5ca-9248e75fd522","TCGA-BP-4159-01A-02R-1289-07","TCGA-BP-4159","Primary Tumor","TYROBP","ENSG00000011600.12",254.5011,"OK"
"TCGA-KIRC","16574f32-3388-42a3-a5ca-9248e75fd522","TCGA-BP-4159-01A-02R-1289-07","TCGA-BP-4159","Primary Tumor","FCER1G","ENSG00000158869.11",103.2565,"OK"
"TCGA-KIRC","16574f32-3388-42a3-a5ca-9248e75fd522","TCGA-BP-4159-01A-02R-1289-07","TCGA-BP-4159","Primary Tumor","CD68","ENSG00000129226.14",0,"OK"
"TCGA-KIRC","617f7aad-7b59-4e20-8e1c-fa324cc1bef4","TCGA-CJ-4636-01A-02R-1325-07","TCGA-CJ-4636","Primary Tumor","PTPRC","ENSG00000081237.20",38.323,"OK"
"TCGA-KIRC","617f7aad-7b59-4e20-8e1c-fa324cc1bef4","TCGA-CJ-4636-01A-02R-1325-07","TCGA-CJ-4636","Primary Tumor","CD3D","ENSG00000167286.10",49.724,"OK"
"TCGA-KIRC","617f7aad-7b59-4e20-8e1c-fa324cc1bef4","TCGA-CJ-4636-01A-02R-1325-07","TCGA-CJ-4636","Primary Tumor","CD3E","ENSG00000198851.10",42.0961,"OK"
"TCGA-KIRC","617f7aad-7b59-4e20-8e1c-fa324cc1bef4","TCGA-CJ-4636-01A-02R-1325-07","TCGA-CJ-4636","Primary Tumor","MS4A1","ENSG00000156738.18",2.3312,"OK"
"TCGA-KIRC","617f7aad-7b59-4e20-8e1c-fa324cc1bef4","TCGA-CJ-4636-01A-02R-1325-07","TCGA-CJ-4636","Primary Tumor","CD79A","ENSG00000105369.10",4.4744,"OK"
"TCGA-KIRC","617f7aad-7b59-4e20-8e1c-fa324cc1bef4","TCGA-CJ-4636-01A-02R-1325-07","TCGA-CJ-4636","Primary Tumor","NKG7","ENSG00000105374.10",139.2136,"OK"
"TCGA-KIRC","617f7aad-7b59-4e20-8e1c-fa324cc1bef4","TCGA-CJ-4636-01A-02R-1325-07","TCGA-CJ-4636","Primary Tumor","LST1","ENSG00000204482.11",33.577,"OK"
"TCGA-KIRC","617f7aad-7b59-4e20-8e1c-fa324cc1bef4","TCGA-CJ-4636-01A-02R-1325-07","TCGA-CJ-4636","Primary Tumor","TYROBP","ENSG00000011600.12",521.8525,"OK"
"TCGA-KIRC","617f7aad-7b59-4e20-8e1c-fa324cc1bef4","TCGA-CJ-4636-01A-02R-1325-07","TCGA-CJ-4636","Primary Tumor","FCER1G","ENSG00000158869.11",289.6659,"OK"
"TCGA-KIRC","617f7aad-7b59-4e20-8e1c-fa324cc1bef4","TCGA-CJ-4636-01A-02R-1325-07","TCGA-CJ-4636","Primary Tumor","CD68","ENSG00000129226.14",0.4459,"OK"
"TCGA-KIRC","d1cd1a00-c44a-4581-ad07-e234303a65b9","TCGA-B8-A54K-01A-11R-A33J-07","TCGA-B8-A54K","Primary Tumor","PTPRC","ENSG00000081237.20",5.5108,"OK"
"TCGA-KIRC","d1cd1a00-c44a-4581-ad07-e234303a65b9","TCGA-B8-A54K-01A-11R-A33J-07","TCGA-B8-A54K","Primary Tumor","CD3D","ENSG00000167286.10",3.4104,"OK"
"TCGA-KIRC","d1cd1a00-c44a-4581-ad07-e234303a65b9","TCGA-B8-A54K-01A-11R-A33J-07","TCGA-B8-A54K","Primary Tumor","CD3E","ENSG00000198851.10",2.7268,"OK"
"TCGA-KIRC","d1cd1a00-c44a-4581-ad07-e234303a65b9","TCGA-B8-A54K-01A-11R-A33J-07","TCGA-B8-A54K","Primary Tumor","MS4A1","ENSG00000156738.18",0.1617,"OK"
"TCGA-KIRC","d1cd1a00-c44a-4581-ad07-e234303a65b9","TCGA-B8-A54K-01A-11R-A33J-07","TCGA-B8-A54K","Primary Tumor","CD79A","ENSG00000105369.10",0.8609,"OK"
"TCGA-KIRC","d1cd1a00-c44a-4581-ad07-e234303a65b9","TCGA-B8-A54K-01A-11R-A33J-07","TCGA-B8-A54K","Primary Tumor","NKG7","ENSG00000105374.10",32.663,"OK"
"TCGA-KIRC","d1cd1a00-c44a-4581-ad07-e234303a65b9","TCGA-B8-A54K-01A-11R-A33J-07","TCGA-B8-A54K","Primary Tumor","LST1","ENSG00000204482.11",5.6135,"OK"
"TCGA-KIRC","d1cd1a00-c44a-4581-ad07-e234303a65b9","TCGA-B8-A54K-01A-11R-A33J-07","TCGA-B8-A54K","Primary Tumor","TYROBP","ENSG00000011600.12",59.1907,"OK"
"TCGA-KIRC","d1cd1a00-c44a-4581-ad07-e234303a65b9","TCGA-B8-A54K-01A-11R-A33J-07","TCGA-B8-A54K","Primary Tumor","FCER1G","ENSG00000158869.11",28.8856,"OK"
"TCGA-KIRC","d1cd1a00-c44a-4581-ad07-e234303a65b9","TCGA-B8-A54K-01A-11R-A33J-07","TCGA-B8-A54K","Primary Tumor","CD68","ENSG00000129226.14",0.0357,"OK"
"TCGA-KIRC","432ac91a-657b-4630-a5c8-0499aed1b13c","TCGA-B2-4098-01A-02R-1325-07","TCGA-B2-4098","Primary Tumor","PTPRC","ENSG00000081237.20",14.8369,"OK"
"TCGA-KIRC","432ac91a-657b-4630-a5c8-0499aed1b13c","TCGA-B2-4098-01A-02R-1325-07","TCGA-B2-4098","Primary Tumor","CD3D","ENSG00000167286.10",11.8067,"OK"
"TCGA-KIRC","432ac91a-657b-4630-a5c8-0499aed1b13c","TCGA-B2-4098-01A-02R-1325-07","TCGA-B2-4098","Primary Tumor","CD3E","ENSG00000198851.10",9.7057,"OK"
"TCGA-KIRC","432ac91a-657b-4630-a5c8-0499aed1b13c","TCGA-B2-4098-01A-02R-1325-07","TCGA-B2-4098","Primary Tumor","MS4A1","ENSG00000156738.18",1.7881,"OK"
"TCGA-KIRC","432ac91a-657b-4630-a5c8-0499aed1b13c","TCGA-B2-4098-01A-02R-1325-07","TCGA-B2-4098","Primary Tumor","CD79A","ENSG00000105369.10",17.8099,"OK"
"TCGA-KIRC","432ac91a-657b-4630-a5c8-0499aed1b13c","TCGA-B2-4098-01A-02R-1325-07","TCGA-B2-4098","Primary Tumor","NKG7","ENSG00000105374.10",10.2764,"OK"
"TCGA-KIRC","432ac91a-657b-4630-a5c8-0499aed1b13c","TCGA-B2-4098-01A-02R-1325-07","TCGA-B2-4098","Primary Tumor","LST1","ENSG00000204482.11",12.4479,"OK"
"TCGA-KIRC","432ac91a-657b-4630-a5c8-0499aed1b13c","TCGA-B2-4098-01A-02R-1325-07","TCGA-B2-4098","Primary Tumor","TYROBP","ENSG00000011600.12",192.7439,"OK"
"TCGA-KIRC","432ac91a-657b-4630-a5c8-0499aed1b13c","TCGA-B2-4098-01A-02R-1325-07","TCGA-B2-4098","Primary Tumor","FCER1G","ENSG00000158869.11",158.8572,"OK"
"TCGA-KIRC","432ac91a-657b-4630-a5c8-0499aed1b13c","TCGA-B2-4098-01A-02R-1325-07","TCGA-B2-4098","Primary Tumor","CD68","ENSG00000129226.14",0.1272,"OK"
"TCGA-KIRC","ed4e33b6-e610-40f6-a9cb-68d27b24b7ea","TCGA-BP-4771-01A-01R-1289-07","TCGA-BP-4771","Primary Tumor","PTPRC","ENSG00000081237.20",75.8059,"OK"
"TCGA-KIRC","ed4e33b6-e610-40f6-a9cb-68d27b24b7ea","TCGA-BP-4771-01A-01R-1289-07","TCGA-BP-4771","Primary Tumor","CD3D","ENSG00000167286.10",202.2115,"OK"
"TCGA-KIRC","ed4e33b6-e610-40f6-a9cb-68d27b24b7ea","TCGA-BP-4771-01A-01R-1289-07","TCGA-BP-4771","Primary Tumor","CD3E","ENSG00000198851.10",187.5081,"OK"
"TCGA-KIRC","ed4e33b6-e610-40f6-a9cb-68d27b24b7ea","TCGA-BP-4771-01A-01R-1289-07","TCGA-BP-4771","Primary Tumor","MS4A1","ENSG00000156738.18",2.0587,"OK"
"TCGA-KIRC","ed4e33b6-e610-40f6-a9cb-68d27b24b7ea","TCGA-BP-4771-01A-01R-1289-07","TCGA-BP-4771","Primary Tumor","CD79A","ENSG00000105369.10",7.8021,"OK"
"TCGA-KIRC","ed4e33b6-e610-40f6-a9cb-68d27b24b7ea","TCGA-BP-4771-01A-01R-1289-07","TCGA-BP-4771","Primary Tumor","NKG7","ENSG00000105374.10",662.7502,"OK"
"TCGA-KIRC","ed4e33b6-e610-40f6-a9cb-68d27b24b7ea","TCGA-BP-4771-01A-01R-1289-07","TCGA-BP-4771","Primary Tumor","LST1","ENSG00000204482.11",55.9862,"OK"
"TCGA-KIRC","ed4e33b6-e610-40f6-a9cb-68d27b24b7ea","TCGA-BP-4771-01A-01R-1289-07","TCGA-BP-4771","Primary Tumor","TYROBP","ENSG00000011600.12",481.1654,"OK"
"TCGA-KIRC","ed4e33b6-e610-40f6-a9cb-68d27b24b7ea","TCGA-BP-4771-01A-01R-1289-07","TCGA-BP-4771","Primary Tumor","FCER1G","ENSG00000158869.11",265.3354,"OK"
"TCGA-KIRC","ed4e33b6-e610-40f6-a9cb-68d27b24b7ea","TCGA-BP-4771-01A-01R-1289-07","TCGA-BP-4771","Primary Tumor","CD68","ENSG00000129226.14",0.1731,"OK"
"TCGA-KIRC","d014104d-47ca-441c-9756-66672008cb14","TCGA-BP-5199-01A-01R-1426-07","TCGA-BP-5199","Primary Tumor","PTPRC","ENSG00000081237.20",57.6889,"OK"
"TCGA-KIRC","d014104d-47ca-441c-9756-66672008cb14","TCGA-BP-5199-01A-01R-1426-07","TCGA-BP-5199","Primary Tumor","CD3D","ENSG00000167286.10",188.0857,"OK"
"TCGA-KIRC","d014104d-47ca-441c-9756-66672008cb14","TCGA-BP-5199-01A-01R-1426-07","TCGA-BP-5199","Primary Tumor","CD3E","ENSG00000198851.10",154.8341,"OK"
"TCGA-KIRC","d014104d-47ca-441c-9756-66672008cb14","TCGA-BP-5199-01A-01R-1426-07","TCGA-BP-5199","Primary Tumor","MS4A1","ENSG00000156738.18",1.0672,"OK"
"TCGA-KIRC","d014104d-47ca-441c-9756-66672008cb14","TCGA-BP-5199-01A-01R-1426-07","TCGA-BP-5199","Primary Tumor","CD79A","ENSG00000105369.10",10.4721,"OK"
"TCGA-KIRC","d014104d-47ca-441c-9756-66672008cb14","TCGA-BP-5199-01A-01R-1426-07","TCGA-BP-5199","Primary Tumor","NKG7","ENSG00000105374.10",572.1986,"OK"
"TCGA-KIRC","d014104d-47ca-441c-9756-66672008cb14","TCGA-BP-5199-01A-01R-1426-07","TCGA-BP-5199","Primary Tumor","LST1","ENSG00000204482.11",47.7434,"OK"
"TCGA-KIRC","d014104d-47ca-441c-9756-66672008cb14","TCGA-BP-5199-01A-01R-1426-07","TCGA-BP-5199","Primary Tumor","TYROBP","ENSG00000011600.12",727.2377,"OK"
"TCGA-KIRC","d014104d-47ca-441c-9756-66672008cb14","TCGA-BP-5199-01A-01R-1426-07","TCGA-BP-5199","Primary Tumor","FCER1G","ENSG00000158869.11",279.7316,"OK"
"TCGA-KIRC","d014104d-47ca-441c-9756-66672008cb14","TCGA-BP-5199-01A-01R-1426-07","TCGA-BP-5199","Primary Tumor","CD68","ENSG00000129226.14",0.1384,"OK"
"TCGA-KIRC","b43e8a88-6ed9-4a7a-ade7-91f340ad5465","TCGA-B0-5691-01A-11R-1541-07","TCGA-B0-5691","Primary Tumor","PTPRC","ENSG00000081237.20",47.3551,"OK"
"TCGA-KIRC","b43e8a88-6ed9-4a7a-ade7-91f340ad5465","TCGA-B0-5691-01A-11R-1541-07","TCGA-B0-5691","Primary Tumor","CD3D","ENSG00000167286.10",34.4558,"OK"
"TCGA-KIRC","b43e8a88-6ed9-4a7a-ade7-91f340ad5465","TCGA-B0-5691-01A-11R-1541-07","TCGA-B0-5691","Primary Tumor","CD3E","ENSG00000198851.10",31.5689,"OK"
"TCGA-KIRC","b43e8a88-6ed9-4a7a-ade7-91f340ad5465","TCGA-B0-5691-01A-11R-1541-07","TCGA-B0-5691","Primary Tumor","MS4A1","ENSG00000156738.18",5.5548,"OK"
"TCGA-KIRC","b43e8a88-6ed9-4a7a-ade7-91f340ad5465","TCGA-B0-5691-01A-11R-1541-07","TCGA-B0-5691","Primary Tumor","CD79A","ENSG00000105369.10",25.6937,"OK"
"TCGA-KIRC","b43e8a88-6ed9-4a7a-ade7-91f340ad5465","TCGA-B0-5691-01A-11R-1541-07","TCGA-B0-5691","Primary Tumor","NKG7","ENSG00000105374.10",56.2416,"OK"
"TCGA-KIRC","b43e8a88-6ed9-4a7a-ade7-91f340ad5465","TCGA-B0-5691-01A-11R-1541-07","TCGA-B0-5691","Primary Tumor","LST1","ENSG00000204482.11",21.8517,"OK"
"TCGA-KIRC","b43e8a88-6ed9-4a7a-ade7-91f340ad5465","TCGA-B0-5691-01A-11R-1541-07","TCGA-B0-5691","Primary Tumor","TYROBP","ENSG00000011600.12",221.4946,"OK"
"TCGA-KIRC","b43e8a88-6ed9-4a7a-ade7-91f340ad5465","TCGA-B0-5691-01A-11R-1541-07","TCGA-B0-5691","Primary Tumor","FCER1G","ENSG00000158869.11",129.3194,"OK"
"TCGA-KIRC","b43e8a88-6ed9-4a7a-ade7-91f340ad5465","TCGA-B0-5691-01A-11R-1541-07","TCGA-B0-5691","Primary Tumor","CD68","ENSG00000129226.14",0,"OK"
"TCGA-KIRC","b605224a-cf9c-4092-beb4-5ed43c1179de","TCGA-A3-3307-01A-01R-0864-07","TCGA-A3-3307","Primary Tumor","PTPRC","ENSG00000081237.20",43.1671,"OK"
"TCGA-KIRC","b605224a-cf9c-4092-beb4-5ed43c1179de","TCGA-A3-3307-01A-01R-0864-07","TCGA-A3-3307","Primary Tumor","CD3D","ENSG00000167286.10",35.267,"OK"
"TCGA-KIRC","b605224a-cf9c-4092-beb4-5ed43c1179de","TCGA-A3-3307-01A-01R-0864-07","TCGA-A3-3307","Primary Tumor","CD3E","ENSG00000198851.10",36.0129,"OK"
"TCGA-KIRC","b605224a-cf9c-4092-beb4-5ed43c1179de","TCGA-A3-3307-01A-01R-0864-07","TCGA-A3-3307","Primary Tumor","MS4A1","ENSG00000156738.18",0.6317,"OK"
"TCGA-KIRC","b605224a-cf9c-4092-beb4-5ed43c1179de","TCGA-A3-3307-01A-01R-0864-07","TCGA-A3-3307","Primary Tumor","CD79A","ENSG00000105369.10",1.3702,"OK"
"TCGA-KIRC","b605224a-cf9c-4092-beb4-5ed43c1179de","TCGA-A3-3307-01A-01R-0864-07","TCGA-A3-3307","Primary Tumor","NKG7","ENSG00000105374.10",104.3356,"OK"
"TCGA-KIRC","b605224a-cf9c-4092-beb4-5ed43c1179de","TCGA-A3-3307-01A-01R-0864-07","TCGA-A3-3307","Primary Tumor","LST1","ENSG00000204482.11",32.1829,"OK"
"TCGA-KIRC","b605224a-cf9c-4092-beb4-5ed43c1179de","TCGA-A3-3307-01A-01R-0864-07","TCGA-A3-3307","Primary Tumor","TYROBP","ENSG00000011600.12",268.9259,"OK"
"TCGA-KIRC","b605224a-cf9c-4092-beb4-5ed43c1179de","TCGA-A3-3307-01A-01R-0864-07","TCGA-A3-3307","Primary Tumor","FCER1G","ENSG00000158869.11",186.5992,"OK"
"TCGA-KIRC","b605224a-cf9c-4092-beb4-5ed43c1179de","TCGA-A3-3307-01A-01R-0864-07","TCGA-A3-3307","Primary Tumor","CD68","ENSG00000129226.14",0.3483,"OK"
"TCGA-KIRC","24f33eec-e332-4d33-a628-a366f2a18d52","TCGA-B0-5694-01A-11R-1541-07","TCGA-B0-5694","Primary Tumor","PTPRC","ENSG00000081237.20",14.7664,"OK"
"TCGA-KIRC","24f33eec-e332-4d33-a628-a366f2a18d52","TCGA-B0-5694-01A-11R-1541-07","TCGA-B0-5694","Primary Tumor","CD3D","ENSG00000167286.10",10.15,"OK"
"TCGA-KIRC","24f33eec-e332-4d33-a628-a366f2a18d52","TCGA-B0-5694-01A-11R-1541-07","TCGA-B0-5694","Primary Tumor","CD3E","ENSG00000198851.10",11.0921,"OK"
"TCGA-KIRC","24f33eec-e332-4d33-a628-a366f2a18d52","TCGA-B0-5694-01A-11R-1541-07","TCGA-B0-5694","Primary Tumor","MS4A1","ENSG00000156738.18",0.2683,"OK"
"TCGA-KIRC","24f33eec-e332-4d33-a628-a366f2a18d52","TCGA-B0-5694-01A-11R-1541-07","TCGA-B0-5694","Primary Tumor","CD79A","ENSG00000105369.10",1.9993,"OK"
"TCGA-KIRC","24f33eec-e332-4d33-a628-a366f2a18d52","TCGA-B0-5694-01A-11R-1541-07","TCGA-B0-5694","Primary Tumor","NKG7","ENSG00000105374.10",71.689,"OK"
"TCGA-KIRC","24f33eec-e332-4d33-a628-a366f2a18d52","TCGA-B0-5694-01A-11R-1541-07","TCGA-B0-5694","Primary Tumor","LST1","ENSG00000204482.11",22.5789,"OK"
"TCGA-KIRC","24f33eec-e332-4d33-a628-a366f2a18d52","TCGA-B0-5694-01A-11R-1541-07","TCGA-B0-5694","Primary Tumor","TYROBP","ENSG00000011600.12",249.9878,"OK"
"TCGA-KIRC","24f33eec-e332-4d33-a628-a366f2a18d52","TCGA-B0-5694-01A-11R-1541-07","TCGA-B0-5694","Primary Tumor","FCER1G","ENSG00000158869.11",124.5054,"OK"
"TCGA-KIRC","24f33eec-e332-4d33-a628-a366f2a18d52","TCGA-B0-5694-01A-11R-1541-07","TCGA-B0-5694","Primary Tumor","CD68","ENSG00000129226.14",0.1479,"OK"
"TCGA-KIRC","32d5318e-4553-4f8d-81bb-82f59885fc60","TCGA-CZ-4854-01A-01R-1305-07","TCGA-CZ-4854","Primary Tumor","PTPRC","ENSG00000081237.20",24.6845,"OK"
"TCGA-KIRC","32d5318e-4553-4f8d-81bb-82f59885fc60","TCGA-CZ-4854-01A-01R-1305-07","TCGA-CZ-4854","Primary Tumor","CD3D","ENSG00000167286.10",21.0371,"OK"
"TCGA-KIRC","32d5318e-4553-4f8d-81bb-82f59885fc60","TCGA-CZ-4854-01A-01R-1305-07","TCGA-CZ-4854","Primary Tumor","CD3E","ENSG00000198851.10",23.0793,"OK"
"TCGA-KIRC","32d5318e-4553-4f8d-81bb-82f59885fc60","TCGA-CZ-4854-01A-01R-1305-07","TCGA-CZ-4854","Primary Tumor","MS4A1","ENSG00000156738.18",2.4198,"OK"
"TCGA-KIRC","32d5318e-4553-4f8d-81bb-82f59885fc60","TCGA-CZ-4854-01A-01R-1305-07","TCGA-CZ-4854","Primary Tumor","CD79A","ENSG00000105369.10",19.1662,"OK"
"TCGA-KIRC","32d5318e-4553-4f8d-81bb-82f59885fc60","TCGA-CZ-4854-01A-01R-1305-07","TCGA-CZ-4854","Primary Tumor","NKG7","ENSG00000105374.10",52.9376,"OK"
"TCGA-KIRC","32d5318e-4553-4f8d-81bb-82f59885fc60","TCGA-CZ-4854-01A-01R-1305-07","TCGA-CZ-4854","Primary Tumor","LST1","ENSG00000204482.11",11.5079,"OK"
"TCGA-KIRC","32d5318e-4553-4f8d-81bb-82f59885fc60","TCGA-CZ-4854-01A-01R-1305-07","TCGA-CZ-4854","Primary Tumor","TYROBP","ENSG00000011600.12",172.418,"OK"
"TCGA-KIRC","32d5318e-4553-4f8d-81bb-82f59885fc60","TCGA-CZ-4854-01A-01R-1305-07","TCGA-CZ-4854","Primary Tumor","FCER1G","ENSG00000158869.11",115.2529,"OK"
"TCGA-KIRC","32d5318e-4553-4f8d-81bb-82f59885fc60","TCGA-CZ-4854-01A-01R-1305-07","TCGA-CZ-4854","Primary Tumor","CD68","ENSG00000129226.14",0.206,"OK"
"TCGA-KIRC","adb0fc04-0e35-4637-b3e2-6d9299b97069","TCGA-DV-5566-01A-01R-1541-07","TCGA-DV-5566","Primary Tumor","PTPRC","ENSG00000081237.20",9.8445,"OK"
"TCGA-KIRC","adb0fc04-0e35-4637-b3e2-6d9299b97069","TCGA-DV-5566-01A-01R-1541-07","TCGA-DV-5566","Primary Tumor","CD3D","ENSG00000167286.10",18.7626,"OK"
"TCGA-KIRC","adb0fc04-0e35-4637-b3e2-6d9299b97069","TCGA-DV-5566-01A-01R-1541-07","TCGA-DV-5566","Primary Tumor","CD3E","ENSG00000198851.10",13.3925,"OK"
"TCGA-KIRC","adb0fc04-0e35-4637-b3e2-6d9299b97069","TCGA-DV-5566-01A-01R-1541-07","TCGA-DV-5566","Primary Tumor","MS4A1","ENSG00000156738.18",0.4183,"OK"
"TCGA-KIRC","adb0fc04-0e35-4637-b3e2-6d9299b97069","TCGA-DV-5566-01A-01R-1541-07","TCGA-DV-5566","Primary Tumor","CD79A","ENSG00000105369.10",2.227,"OK"
"TCGA-KIRC","adb0fc04-0e35-4637-b3e2-6d9299b97069","TCGA-DV-5566-01A-01R-1541-07","TCGA-DV-5566","Primary Tumor","NKG7","ENSG00000105374.10",33.4153,"OK"
"TCGA-KIRC","adb0fc04-0e35-4637-b3e2-6d9299b97069","TCGA-DV-5566-01A-01R-1541-07","TCGA-DV-5566","Primary Tumor","LST1","ENSG00000204482.11",21.298,"OK"
"TCGA-KIRC","adb0fc04-0e35-4637-b3e2-6d9299b97069","TCGA-DV-5566-01A-01R-1541-07","TCGA-DV-5566","Primary Tumor","TYROBP","ENSG00000011600.12",231.9332,"OK"
"TCGA-KIRC","adb0fc04-0e35-4637-b3e2-6d9299b97069","TCGA-DV-5566-01A-01R-1541-07","TCGA-DV-5566","Primary Tumor","FCER1G","ENSG00000158869.11",98.7202,"OK"
"TCGA-KIRC","adb0fc04-0e35-4637-b3e2-6d9299b97069","TCGA-DV-5566-01A-01R-1541-07","TCGA-DV-5566","Primary Tumor","CD68","ENSG00000129226.14",0.2129,"OK"
"TCGA-KIRC","2afa2c24-7bbf-4855-acb8-feaa22dc4c33","TCGA-B2-5635-01B-04R-A277-07","TCGA-B2-5635","Primary Tumor","PTPRC","ENSG00000081237.20",128.3402,"OK"
"TCGA-KIRC","2afa2c24-7bbf-4855-acb8-feaa22dc4c33","TCGA-B2-5635-01B-04R-A277-07","TCGA-B2-5635","Primary Tumor","CD3D","ENSG00000167286.10",31.6285,"OK"
"TCGA-KIRC","2afa2c24-7bbf-4855-acb8-feaa22dc4c33","TCGA-B2-5635-01B-04R-A277-07","TCGA-B2-5635","Primary Tumor","CD3E","ENSG00000198851.10",25.6755,"OK"
"TCGA-KIRC","2afa2c24-7bbf-4855-acb8-feaa22dc4c33","TCGA-B2-5635-01B-04R-A277-07","TCGA-B2-5635","Primary Tumor","MS4A1","ENSG00000156738.18",2.6757,"OK"
"TCGA-KIRC","2afa2c24-7bbf-4855-acb8-feaa22dc4c33","TCGA-B2-5635-01B-04R-A277-07","TCGA-B2-5635","Primary Tumor","CD79A","ENSG00000105369.10",1.0751,"OK"
"TCGA-KIRC","2afa2c24-7bbf-4855-acb8-feaa22dc4c33","TCGA-B2-5635-01B-04R-A277-07","TCGA-B2-5635","Primary Tumor","NKG7","ENSG00000105374.10",30.7229,"OK"
"TCGA-KIRC","2afa2c24-7bbf-4855-acb8-feaa22dc4c33","TCGA-B2-5635-01B-04R-A277-07","TCGA-B2-5635","Primary Tumor","LST1","ENSG00000204482.11",19.0034,"OK"
"TCGA-KIRC","2afa2c24-7bbf-4855-acb8-feaa22dc4c33","TCGA-B2-5635-01B-04R-A277-07","TCGA-B2-5635","Primary Tumor","TYROBP","ENSG00000011600.12",80.4488,"OK"
"TCGA-KIRC","2afa2c24-7bbf-4855-acb8-feaa22dc4c33","TCGA-B2-5635-01B-04R-A277-07","TCGA-B2-5635","Primary Tumor","FCER1G","ENSG00000158869.11",46.7142,"OK"
"TCGA-KIRC","2afa2c24-7bbf-4855-acb8-feaa22dc4c33","TCGA-B2-5635-01B-04R-A277-07","TCGA-B2-5635","Primary Tumor","CD68","ENSG00000129226.14",0.2227,"OK"
"TCGA-KIRC","8cd89112-70a7-4f63-9b41-e3379589cb5e","TCGA-B8-A8YJ-01A-13R-A39I-07","TCGA-B8-A8YJ","Primary Tumor","PTPRC","ENSG00000081237.20",41.557,"OK"
"TCGA-KIRC","8cd89112-70a7-4f63-9b41-e3379589cb5e","TCGA-B8-A8YJ-01A-13R-A39I-07","TCGA-B8-A8YJ","Primary Tumor","CD3D","ENSG00000167286.10",50.612,"OK"
"TCGA-KIRC","8cd89112-70a7-4f63-9b41-e3379589cb5e","TCGA-B8-A8YJ-01A-13R-A39I-07","TCGA-B8-A8YJ","Primary Tumor","CD3E","ENSG00000198851.10",53.7937,"OK"
"TCGA-KIRC","8cd89112-70a7-4f63-9b41-e3379589cb5e","TCGA-B8-A8YJ-01A-13R-A39I-07","TCGA-B8-A8YJ","Primary Tumor","MS4A1","ENSG00000156738.18",14.477,"OK"
"TCGA-KIRC","8cd89112-70a7-4f63-9b41-e3379589cb5e","TCGA-B8-A8YJ-01A-13R-A39I-07","TCGA-B8-A8YJ","Primary Tumor","CD79A","ENSG00000105369.10",68.1814,"OK"
"TCGA-KIRC","8cd89112-70a7-4f63-9b41-e3379589cb5e","TCGA-B8-A8YJ-01A-13R-A39I-07","TCGA-B8-A8YJ","Primary Tumor","NKG7","ENSG00000105374.10",52.5118,"OK"
"TCGA-KIRC","8cd89112-70a7-4f63-9b41-e3379589cb5e","TCGA-B8-A8YJ-01A-13R-A39I-07","TCGA-B8-A8YJ","Primary Tumor","LST1","ENSG00000204482.11",39.1656,"OK"
"TCGA-KIRC","8cd89112-70a7-4f63-9b41-e3379589cb5e","TCGA-B8-A8YJ-01A-13R-A39I-07","TCGA-B8-A8YJ","Primary Tumor","TYROBP","ENSG00000011600.12",362.936,"OK"
"TCGA-KIRC","8cd89112-70a7-4f63-9b41-e3379589cb5e","TCGA-B8-A8YJ-01A-13R-A39I-07","TCGA-B8-A8YJ","Primary Tumor","FCER1G","ENSG00000158869.11",233.6415,"OK"
"TCGA-KIRC","8cd89112-70a7-4f63-9b41-e3379589cb5e","TCGA-B8-A8YJ-01A-13R-A39I-07","TCGA-B8-A8YJ","Primary Tumor","CD68","ENSG00000129226.14",0.1139,"OK"
"TCGA-KIRC","cc8c7c7e-a682-43ca-af76-08b49bf3512a","TCGA-B0-5703-01A-11R-1541-07","TCGA-B0-5703","Primary Tumor","PTPRC","ENSG00000081237.20",25.3292,"OK"
"TCGA-KIRC","cc8c7c7e-a682-43ca-af76-08b49bf3512a","TCGA-B0-5703-01A-11R-1541-07","TCGA-B0-5703","Primary Tumor","CD3D","ENSG00000167286.10",29.51,"OK"
"TCGA-KIRC","cc8c7c7e-a682-43ca-af76-08b49bf3512a","TCGA-B0-5703-01A-11R-1541-07","TCGA-B0-5703","Primary Tumor","CD3E","ENSG00000198851.10",37.6722,"OK"
"TCGA-KIRC","cc8c7c7e-a682-43ca-af76-08b49bf3512a","TCGA-B0-5703-01A-11R-1541-07","TCGA-B0-5703","Primary Tumor","MS4A1","ENSG00000156738.18",0.6493,"OK"
"TCGA-KIRC","cc8c7c7e-a682-43ca-af76-08b49bf3512a","TCGA-B0-5703-01A-11R-1541-07","TCGA-B0-5703","Primary Tumor","CD79A","ENSG00000105369.10",2.1056,"OK"
"TCGA-KIRC","cc8c7c7e-a682-43ca-af76-08b49bf3512a","TCGA-B0-5703-01A-11R-1541-07","TCGA-B0-5703","Primary Tumor","NKG7","ENSG00000105374.10",179.2613,"OK"
"TCGA-KIRC","cc8c7c7e-a682-43ca-af76-08b49bf3512a","TCGA-B0-5703-01A-11R-1541-07","TCGA-B0-5703","Primary Tumor","LST1","ENSG00000204482.11",7.2568,"OK"
"TCGA-KIRC","cc8c7c7e-a682-43ca-af76-08b49bf3512a","TCGA-B0-5703-01A-11R-1541-07","TCGA-B0-5703","Primary Tumor","TYROBP","ENSG00000011600.12",58.3998,"OK"
"TCGA-KIRC","cc8c7c7e-a682-43ca-af76-08b49bf3512a","TCGA-B0-5703-01A-11R-1541-07","TCGA-B0-5703","Primary Tumor","FCER1G","ENSG00000158869.11",31.0183,"OK"
"TCGA-KIRC","cc8c7c7e-a682-43ca-af76-08b49bf3512a","TCGA-B0-5703-01A-11R-1541-07","TCGA-B0-5703","Primary Tumor","CD68","ENSG00000129226.14",0.0987,"OK"
"TCGA-KIRC","c4143095-ebf5-4ce2-91fe-6aea9cc62cc7","TCGA-BP-4989-01A-01R-1334-07","TCGA-BP-4989","Primary Tumor","PTPRC","ENSG00000081237.20",53.0896,"OK"
"TCGA-KIRC","c4143095-ebf5-4ce2-91fe-6aea9cc62cc7","TCGA-BP-4989-01A-01R-1334-07","TCGA-BP-4989","Primary Tumor","CD3D","ENSG00000167286.10",142.1785,"OK"
"TCGA-KIRC","c4143095-ebf5-4ce2-91fe-6aea9cc62cc7","TCGA-BP-4989-01A-01R-1334-07","TCGA-BP-4989","Primary Tumor","CD3E","ENSG00000198851.10",97.9983,"OK"
"TCGA-KIRC","c4143095-ebf5-4ce2-91fe-6aea9cc62cc7","TCGA-BP-4989-01A-01R-1334-07","TCGA-BP-4989","Primary Tumor","MS4A1","ENSG00000156738.18",6.1069,"OK"
"TCGA-KIRC","c4143095-ebf5-4ce2-91fe-6aea9cc62cc7","TCGA-BP-4989-01A-01R-1334-07","TCGA-BP-4989","Primary Tumor","CD79A","ENSG00000105369.10",26.9959,"OK"
"TCGA-KIRC","c4143095-ebf5-4ce2-91fe-6aea9cc62cc7","TCGA-BP-4989-01A-01R-1334-07","TCGA-BP-4989","Primary Tumor","NKG7","ENSG00000105374.10",306.6504,"OK"
"TCGA-KIRC","c4143095-ebf5-4ce2-91fe-6aea9cc62cc7","TCGA-BP-4989-01A-01R-1334-07","TCGA-BP-4989","Primary Tumor","LST1","ENSG00000204482.11",45.396,"OK"
"TCGA-KIRC","c4143095-ebf5-4ce2-91fe-6aea9cc62cc7","TCGA-BP-4989-01A-01R-1334-07","TCGA-BP-4989","Primary Tumor","TYROBP","ENSG00000011600.12",525.6639,"OK"
"TCGA-KIRC","c4143095-ebf5-4ce2-91fe-6aea9cc62cc7","TCGA-BP-4989-01A-01R-1334-07","TCGA-BP-4989","Primary Tumor","FCER1G","ENSG00000158869.11",265.7219,"OK"
"TCGA-KIRC","c4143095-ebf5-4ce2-91fe-6aea9cc62cc7","TCGA-BP-4989-01A-01R-1334-07","TCGA-BP-4989","Primary Tumor","CD68","ENSG00000129226.14",0.2405,"OK"
"TCGA-KIRC","e6a09aba-4d6e-4079-9b34-0e9caf705885","TCGA-BP-4972-01A-01R-1334-07","TCGA-BP-4972","Primary Tumor","PTPRC","ENSG00000081237.20",39.1517,"OK"
"TCGA-KIRC","e6a09aba-4d6e-4079-9b34-0e9caf705885","TCGA-BP-4972-01A-01R-1334-07","TCGA-BP-4972","Primary Tumor","CD3D","ENSG00000167286.10",24.6381,"OK"
"TCGA-KIRC","e6a09aba-4d6e-4079-9b34-0e9caf705885","TCGA-BP-4972-01A-01R-1334-07","TCGA-BP-4972","Primary Tumor","CD3E","ENSG00000198851.10",22.634,"OK"
"TCGA-KIRC","e6a09aba-4d6e-4079-9b34-0e9caf705885","TCGA-BP-4972-01A-01R-1334-07","TCGA-BP-4972","Primary Tumor","MS4A1","ENSG00000156738.18",0.9492,"OK"
"TCGA-KIRC","e6a09aba-4d6e-4079-9b34-0e9caf705885","TCGA-BP-4972-01A-01R-1334-07","TCGA-BP-4972","Primary Tumor","CD79A","ENSG00000105369.10",3.4207,"OK"
"TCGA-KIRC","e6a09aba-4d6e-4079-9b34-0e9caf705885","TCGA-BP-4972-01A-01R-1334-07","TCGA-BP-4972","Primary Tumor","NKG7","ENSG00000105374.10",47.1944,"OK"
"TCGA-KIRC","e6a09aba-4d6e-4079-9b34-0e9caf705885","TCGA-BP-4972-01A-01R-1334-07","TCGA-BP-4972","Primary Tumor","LST1","ENSG00000204482.11",23.4837,"OK"
"TCGA-KIRC","e6a09aba-4d6e-4079-9b34-0e9caf705885","TCGA-BP-4972-01A-01R-1334-07","TCGA-BP-4972","Primary Tumor","TYROBP","ENSG00000011600.12",480.8415,"OK"
"TCGA-KIRC","e6a09aba-4d6e-4079-9b34-0e9caf705885","TCGA-BP-4972-01A-01R-1334-07","TCGA-BP-4972","Primary Tumor","FCER1G","ENSG00000158869.11",237.8386,"OK"
"TCGA-KIRC","e6a09aba-4d6e-4079-9b34-0e9caf705885","TCGA-BP-4972-01A-01R-1334-07","TCGA-BP-4972","Primary Tumor","CD68","ENSG00000129226.14",0.2093,"OK"
"TCGA-KIRC","6ec7b719-0f95-4108-8e26-a7049e29d495","TCGA-B0-4700-11A-01R-1541-07","TCGA-B0-4700","Solid Tissue Normal","PTPRC","ENSG00000081237.20",2.7805,"OK"
"TCGA-KIRC","6ec7b719-0f95-4108-8e26-a7049e29d495","TCGA-B0-4700-11A-01R-1541-07","TCGA-B0-4700","Solid Tissue Normal","CD3D","ENSG00000167286.10",1.604,"OK"
"TCGA-KIRC","6ec7b719-0f95-4108-8e26-a7049e29d495","TCGA-B0-4700-11A-01R-1541-07","TCGA-B0-4700","Solid Tissue Normal","CD3E","ENSG00000198851.10",1.9019,"OK"
"TCGA-KIRC","6ec7b719-0f95-4108-8e26-a7049e29d495","TCGA-B0-4700-11A-01R-1541-07","TCGA-B0-4700","Solid Tissue Normal","MS4A1","ENSG00000156738.18",0.6551,"OK"
"TCGA-KIRC","6ec7b719-0f95-4108-8e26-a7049e29d495","TCGA-B0-4700-11A-01R-1541-07","TCGA-B0-4700","Solid Tissue Normal","CD79A","ENSG00000105369.10",2.3862,"OK"
"TCGA-KIRC","6ec7b719-0f95-4108-8e26-a7049e29d495","TCGA-B0-4700-11A-01R-1541-07","TCGA-B0-4700","Solid Tissue Normal","NKG7","ENSG00000105374.10",3.3929,"OK"
"TCGA-KIRC","6ec7b719-0f95-4108-8e26-a7049e29d495","TCGA-B0-4700-11A-01R-1541-07","TCGA-B0-4700","Solid Tissue Normal","LST1","ENSG00000204482.11",2.6497,"OK"
"TCGA-KIRC","6ec7b719-0f95-4108-8e26-a7049e29d495","TCGA-B0-4700-11A-01R-1541-07","TCGA-B0-4700","Solid Tissue Normal","TYROBP","ENSG00000011600.12",25.3859,"OK"
"TCGA-KIRC","6ec7b719-0f95-4108-8e26-a7049e29d495","TCGA-B0-4700-11A-01R-1541-07","TCGA-B0-4700","Solid Tissue Normal","FCER1G","ENSG00000158869.11",12.9661,"OK"
"TCGA-KIRC","6ec7b719-0f95-4108-8e26-a7049e29d495","TCGA-B0-4700-11A-01R-1541-07","TCGA-B0-4700","Solid Tissue Normal","CD68","ENSG00000129226.14",0.019,"OK"
"TCGA-KIRC","626f256f-7057-47c3-8775-cda761910b1f","TCGA-CJ-4908-01A-01R-1426-07","TCGA-CJ-4908","Primary Tumor","PTPRC","ENSG00000081237.20",26.0569,"OK"
"TCGA-KIRC","626f256f-7057-47c3-8775-cda761910b1f","TCGA-CJ-4908-01A-01R-1426-07","TCGA-CJ-4908","Primary Tumor","CD3D","ENSG00000167286.10",30.6007,"OK"
"TCGA-KIRC","626f256f-7057-47c3-8775-cda761910b1f","TCGA-CJ-4908-01A-01R-1426-07","TCGA-CJ-4908","Primary Tumor","CD3E","ENSG00000198851.10",26.701,"OK"
"TCGA-KIRC","626f256f-7057-47c3-8775-cda761910b1f","TCGA-CJ-4908-01A-01R-1426-07","TCGA-CJ-4908","Primary Tumor","MS4A1","ENSG00000156738.18",0.5903,"OK"
"TCGA-KIRC","626f256f-7057-47c3-8775-cda761910b1f","TCGA-CJ-4908-01A-01R-1426-07","TCGA-CJ-4908","Primary Tumor","CD79A","ENSG00000105369.10",3.629,"OK"
"TCGA-KIRC","626f256f-7057-47c3-8775-cda761910b1f","TCGA-CJ-4908-01A-01R-1426-07","TCGA-CJ-4908","Primary Tumor","NKG7","ENSG00000105374.10",60.8733,"OK"
"TCGA-KIRC","626f256f-7057-47c3-8775-cda761910b1f","TCGA-CJ-4908-01A-01R-1426-07","TCGA-CJ-4908","Primary Tumor","LST1","ENSG00000204482.11",21.647,"OK"
"TCGA-KIRC","626f256f-7057-47c3-8775-cda761910b1f","TCGA-CJ-4908-01A-01R-1426-07","TCGA-CJ-4908","Primary Tumor","TYROBP","ENSG00000011600.12",248.8593,"OK"
"TCGA-KIRC","626f256f-7057-47c3-8775-cda761910b1f","TCGA-CJ-4908-01A-01R-1426-07","TCGA-CJ-4908","Primary Tumor","FCER1G","ENSG00000158869.11",102.8588,"OK"
"TCGA-KIRC","626f256f-7057-47c3-8775-cda761910b1f","TCGA-CJ-4908-01A-01R-1426-07","TCGA-CJ-4908","Primary Tumor","CD68","ENSG00000129226.14",0.186,"OK"
"TCGA-KIRC","6838acd3-3b0b-4ba4-b9da-1d0ffe9c5640","TCGA-BP-5184-01A-01R-1426-07","TCGA-BP-5184","Primary Tumor","PTPRC","ENSG00000081237.20",22.4806,"OK"
"TCGA-KIRC","6838acd3-3b0b-4ba4-b9da-1d0ffe9c5640","TCGA-BP-5184-01A-01R-1426-07","TCGA-BP-5184","Primary Tumor","CD3D","ENSG00000167286.10",29.6458,"OK"
"TCGA-KIRC","6838acd3-3b0b-4ba4-b9da-1d0ffe9c5640","TCGA-BP-5184-01A-01R-1426-07","TCGA-BP-5184","Primary Tumor","CD3E","ENSG00000198851.10",35.5504,"OK"
"TCGA-KIRC","6838acd3-3b0b-4ba4-b9da-1d0ffe9c5640","TCGA-BP-5184-01A-01R-1426-07","TCGA-BP-5184","Primary Tumor","MS4A1","ENSG00000156738.18",2.814,"OK"
"TCGA-KIRC","6838acd3-3b0b-4ba4-b9da-1d0ffe9c5640","TCGA-BP-5184-01A-01R-1426-07","TCGA-BP-5184","Primary Tumor","CD79A","ENSG00000105369.10",12.7351,"OK"
"TCGA-KIRC","6838acd3-3b0b-4ba4-b9da-1d0ffe9c5640","TCGA-BP-5184-01A-01R-1426-07","TCGA-BP-5184","Primary Tumor","NKG7","ENSG00000105374.10",94.617,"OK"
"TCGA-KIRC","6838acd3-3b0b-4ba4-b9da-1d0ffe9c5640","TCGA-BP-5184-01A-01R-1426-07","TCGA-BP-5184","Primary Tumor","LST1","ENSG00000204482.11",24.7529,"OK"
"TCGA-KIRC","6838acd3-3b0b-4ba4-b9da-1d0ffe9c5640","TCGA-BP-5184-01A-01R-1426-07","TCGA-BP-5184","Primary Tumor","TYROBP","ENSG00000011600.12",358.7049,"OK"
"TCGA-KIRC","6838acd3-3b0b-4ba4-b9da-1d0ffe9c5640","TCGA-BP-5184-01A-01R-1426-07","TCGA-BP-5184","Primary Tumor","FCER1G","ENSG00000158869.11",116.4767,"OK"
"TCGA-KIRC","6838acd3-3b0b-4ba4-b9da-1d0ffe9c5640","TCGA-BP-5184-01A-01R-1426-07","TCGA-BP-5184","Primary Tumor","CD68","ENSG00000129226.14",0.0328,"OK"
"TCGA-KIRC","ba6dfcd5-be76-481f-9e8e-19421cf23695","TCGA-CZ-5463-11A-01R-1503-07","TCGA-CZ-5463","Solid Tissue Normal","PTPRC","ENSG00000081237.20",8.5629,"OK"
"TCGA-KIRC","ba6dfcd5-be76-481f-9e8e-19421cf23695","TCGA-CZ-5463-11A-01R-1503-07","TCGA-CZ-5463","Solid Tissue Normal","CD3D","ENSG00000167286.10",3.0474,"OK"
"TCGA-KIRC","ba6dfcd5-be76-481f-9e8e-19421cf23695","TCGA-CZ-5463-11A-01R-1503-07","TCGA-CZ-5463","Solid Tissue Normal","CD3E","ENSG00000198851.10",2.6113,"OK"
"TCGA-KIRC","ba6dfcd5-be76-481f-9e8e-19421cf23695","TCGA-CZ-5463-11A-01R-1503-07","TCGA-CZ-5463","Solid Tissue Normal","MS4A1","ENSG00000156738.18",0.1638,"OK"
"TCGA-KIRC","ba6dfcd5-be76-481f-9e8e-19421cf23695","TCGA-CZ-5463-11A-01R-1503-07","TCGA-CZ-5463","Solid Tissue Normal","CD79A","ENSG00000105369.10",0.5812,"OK"
"TCGA-KIRC","ba6dfcd5-be76-481f-9e8e-19421cf23695","TCGA-CZ-5463-11A-01R-1503-07","TCGA-CZ-5463","Solid Tissue Normal","NKG7","ENSG00000105374.10",9.0469,"OK"
"TCGA-KIRC","ba6dfcd5-be76-481f-9e8e-19421cf23695","TCGA-CZ-5463-11A-01R-1503-07","TCGA-CZ-5463","Solid Tissue Normal","LST1","ENSG00000204482.11",6.2022,"OK"
"TCGA-KIRC","ba6dfcd5-be76-481f-9e8e-19421cf23695","TCGA-CZ-5463-11A-01R-1503-07","TCGA-CZ-5463","Solid Tissue Normal","TYROBP","ENSG00000011600.12",51.1956,"OK"
"TCGA-KIRC","ba6dfcd5-be76-481f-9e8e-19421cf23695","TCGA-CZ-5463-11A-01R-1503-07","TCGA-CZ-5463","Solid Tissue Normal","FCER1G","ENSG00000158869.11",43.5767,"OK"
"TCGA-KIRC","ba6dfcd5-be76-481f-9e8e-19421cf23695","TCGA-CZ-5463-11A-01R-1503-07","TCGA-CZ-5463","Solid Tissue Normal","CD68","ENSG00000129226.14",0.0401,"OK"
"TCGA-KIRC","a33333fb-31f7-4874-aefd-a004be0d943e","TCGA-B2-4102-01A-02R-1325-07","TCGA-B2-4102","Primary Tumor","PTPRC","ENSG00000081237.20",63.9272,"OK"
"TCGA-KIRC","a33333fb-31f7-4874-aefd-a004be0d943e","TCGA-B2-4102-01A-02R-1325-07","TCGA-B2-4102","Primary Tumor","CD3D","ENSG00000167286.10",30.8997,"OK"
"TCGA-KIRC","a33333fb-31f7-4874-aefd-a004be0d943e","TCGA-B2-4102-01A-02R-1325-07","TCGA-B2-4102","Primary Tumor","CD3E","ENSG00000198851.10",31.0873,"OK"
"TCGA-KIRC","a33333fb-31f7-4874-aefd-a004be0d943e","TCGA-B2-4102-01A-02R-1325-07","TCGA-B2-4102","Primary Tumor","MS4A1","ENSG00000156738.18",1.6826,"OK"
"TCGA-KIRC","a33333fb-31f7-4874-aefd-a004be0d943e","TCGA-B2-4102-01A-02R-1325-07","TCGA-B2-4102","Primary Tumor","CD79A","ENSG00000105369.10",4.326,"OK"
"TCGA-KIRC","a33333fb-31f7-4874-aefd-a004be0d943e","TCGA-B2-4102-01A-02R-1325-07","TCGA-B2-4102","Primary Tumor","NKG7","ENSG00000105374.10",59.2167,"OK"
"TCGA-KIRC","a33333fb-31f7-4874-aefd-a004be0d943e","TCGA-B2-4102-01A-02R-1325-07","TCGA-B2-4102","Primary Tumor","LST1","ENSG00000204482.11",39.148,"OK"
"TCGA-KIRC","a33333fb-31f7-4874-aefd-a004be0d943e","TCGA-B2-4102-01A-02R-1325-07","TCGA-B2-4102","Primary Tumor","TYROBP","ENSG00000011600.12",342.3899,"OK"
"TCGA-KIRC","a33333fb-31f7-4874-aefd-a004be0d943e","TCGA-B2-4102-01A-02R-1325-07","TCGA-B2-4102","Primary Tumor","FCER1G","ENSG00000158869.11",211.4199,"OK"
"TCGA-KIRC","a33333fb-31f7-4874-aefd-a004be0d943e","TCGA-B2-4102-01A-02R-1325-07","TCGA-B2-4102","Primary Tumor","CD68","ENSG00000129226.14",0.4675,"OK"
"TCGA-KIRC","5eb4cdf7-10ee-4e24-801c-7297b5b3ebd7","TCGA-BP-5185-01A-01R-1426-07","TCGA-BP-5185","Primary Tumor","PTPRC","ENSG00000081237.20",1.5279,"OK"
"TCGA-KIRC","5eb4cdf7-10ee-4e24-801c-7297b5b3ebd7","TCGA-BP-5185-01A-01R-1426-07","TCGA-BP-5185","Primary Tumor","CD3D","ENSG00000167286.10",15.1636,"OK"
"TCGA-KIRC","5eb4cdf7-10ee-4e24-801c-7297b5b3ebd7","TCGA-BP-5185-01A-01R-1426-07","TCGA-BP-5185","Primary Tumor","CD3E","ENSG00000198851.10",11.2826,"OK"
"TCGA-KIRC","5eb4cdf7-10ee-4e24-801c-7297b5b3ebd7","TCGA-BP-5185-01A-01R-1426-07","TCGA-BP-5185","Primary Tumor","MS4A1","ENSG00000156738.18",0.1211,"OK"
"TCGA-KIRC","5eb4cdf7-10ee-4e24-801c-7297b5b3ebd7","TCGA-BP-5185-01A-01R-1426-07","TCGA-BP-5185","Primary Tumor","CD79A","ENSG00000105369.10",1.2893,"OK"
"TCGA-KIRC","5eb4cdf7-10ee-4e24-801c-7297b5b3ebd7","TCGA-BP-5185-01A-01R-1426-07","TCGA-BP-5185","Primary Tumor","NKG7","ENSG00000105374.10",42.2166,"OK"
"TCGA-KIRC","5eb4cdf7-10ee-4e24-801c-7297b5b3ebd7","TCGA-BP-5185-01A-01R-1426-07","TCGA-BP-5185","Primary Tumor","LST1","ENSG00000204482.11",8.6258,"OK"
"TCGA-KIRC","5eb4cdf7-10ee-4e24-801c-7297b5b3ebd7","TCGA-BP-5185-01A-01R-1426-07","TCGA-BP-5185","Primary Tumor","TYROBP","ENSG00000011600.12",108.0263,"OK"
"TCGA-KIRC","5eb4cdf7-10ee-4e24-801c-7297b5b3ebd7","TCGA-BP-5185-01A-01R-1426-07","TCGA-BP-5185","Primary Tumor","FCER1G","ENSG00000158869.11",37.1877,"OK"
"TCGA-KIRC","5eb4cdf7-10ee-4e24-801c-7297b5b3ebd7","TCGA-BP-5185-01A-01R-1426-07","TCGA-BP-5185","Primary Tumor","CD68","ENSG00000129226.14",0,"OK"
"TCGA-KIRC","51a84b87-eddd-40a9-ad8a-46f3682b9318","TCGA-A3-3316-01A-01R-0864-07","TCGA-A3-3316","Primary Tumor","PTPRC","ENSG00000081237.20",27.5646,"OK"
"TCGA-KIRC","51a84b87-eddd-40a9-ad8a-46f3682b9318","TCGA-A3-3316-01A-01R-0864-07","TCGA-A3-3316","Primary Tumor","CD3D","ENSG00000167286.10",9.2555,"OK"
"TCGA-KIRC","51a84b87-eddd-40a9-ad8a-46f3682b9318","TCGA-A3-3316-01A-01R-0864-07","TCGA-A3-3316","Primary Tumor","CD3E","ENSG00000198851.10",9.1267,"OK"
"TCGA-KIRC","51a84b87-eddd-40a9-ad8a-46f3682b9318","TCGA-A3-3316-01A-01R-0864-07","TCGA-A3-3316","Primary Tumor","MS4A1","ENSG00000156738.18",0.5933,"OK"
"TCGA-KIRC","51a84b87-eddd-40a9-ad8a-46f3682b9318","TCGA-A3-3316-01A-01R-0864-07","TCGA-A3-3316","Primary Tumor","CD79A","ENSG00000105369.10",1.0847,"OK"
"TCGA-KIRC","51a84b87-eddd-40a9-ad8a-46f3682b9318","TCGA-A3-3316-01A-01R-0864-07","TCGA-A3-3316","Primary Tumor","NKG7","ENSG00000105374.10",15.9215,"OK"
"TCGA-KIRC","51a84b87-eddd-40a9-ad8a-46f3682b9318","TCGA-A3-3316-01A-01R-0864-07","TCGA-A3-3316","Primary Tumor","LST1","ENSG00000204482.11",18.9099,"OK"
"TCGA-KIRC","51a84b87-eddd-40a9-ad8a-46f3682b9318","TCGA-A3-3316-01A-01R-0864-07","TCGA-A3-3316","Primary Tumor","TYROBP","ENSG00000011600.12",223.5047,"OK"
"TCGA-KIRC","51a84b87-eddd-40a9-ad8a-46f3682b9318","TCGA-A3-3316-01A-01R-0864-07","TCGA-A3-3316","Primary Tumor","FCER1G","ENSG00000158869.11",134.2328,"OK"
"TCGA-KIRC","51a84b87-eddd-40a9-ad8a-46f3682b9318","TCGA-A3-3316-01A-01R-0864-07","TCGA-A3-3316","Primary Tumor","CD68","ENSG00000129226.14",0.1982,"OK"
"TCGA-KIRC","58eee6a5-aaae-486e-b4ec-ba191af5fcb5","TCGA-B0-5690-11A-01R-1541-07","TCGA-B0-5690","Solid Tissue Normal","PTPRC","ENSG00000081237.20",2.7491,"OK"
"TCGA-KIRC","58eee6a5-aaae-486e-b4ec-ba191af5fcb5","TCGA-B0-5690-11A-01R-1541-07","TCGA-B0-5690","Solid Tissue Normal","CD3D","ENSG00000167286.10",1.0077,"OK"
"TCGA-KIRC","58eee6a5-aaae-486e-b4ec-ba191af5fcb5","TCGA-B0-5690-11A-01R-1541-07","TCGA-B0-5690","Solid Tissue Normal","CD3E","ENSG00000198851.10",1.3037,"OK"
"TCGA-KIRC","58eee6a5-aaae-486e-b4ec-ba191af5fcb5","TCGA-B0-5690-11A-01R-1541-07","TCGA-B0-5690","Solid Tissue Normal","MS4A1","ENSG00000156738.18",0.0256,"OK"
"TCGA-KIRC","58eee6a5-aaae-486e-b4ec-ba191af5fcb5","TCGA-B0-5690-11A-01R-1541-07","TCGA-B0-5690","Solid Tissue Normal","CD79A","ENSG00000105369.10",0.3641,"OK"
"TCGA-KIRC","58eee6a5-aaae-486e-b4ec-ba191af5fcb5","TCGA-B0-5690-11A-01R-1541-07","TCGA-B0-5690","Solid Tissue Normal","NKG7","ENSG00000105374.10",1.9927,"OK"
"TCGA-KIRC","58eee6a5-aaae-486e-b4ec-ba191af5fcb5","TCGA-B0-5690-11A-01R-1541-07","TCGA-B0-5690","Solid Tissue Normal","LST1","ENSG00000204482.11",1.484,"OK"
"TCGA-KIRC","58eee6a5-aaae-486e-b4ec-ba191af5fcb5","TCGA-B0-5690-11A-01R-1541-07","TCGA-B0-5690","Solid Tissue Normal","TYROBP","ENSG00000011600.12",12.5453,"OK"
"TCGA-KIRC","58eee6a5-aaae-486e-b4ec-ba191af5fcb5","TCGA-B0-5690-11A-01R-1541-07","TCGA-B0-5690","Solid Tissue Normal","FCER1G","ENSG00000158869.11",9.9843,"OK"
"TCGA-KIRC","58eee6a5-aaae-486e-b4ec-ba191af5fcb5","TCGA-B0-5690-11A-01R-1541-07","TCGA-B0-5690","Solid Tissue Normal","CD68","ENSG00000129226.14",0.0189,"OK"
"TCGA-KIRC","eb921878-4c02-4b11-9c4d-84df7926ef70","TCGA-B8-A54I-01A-21R-A33J-07","TCGA-B8-A54I","Primary Tumor","PTPRC","ENSG00000081237.20",11.821,"OK"
"TCGA-KIRC","eb921878-4c02-4b11-9c4d-84df7926ef70","TCGA-B8-A54I-01A-21R-A33J-07","TCGA-B8-A54I","Primary Tumor","CD3D","ENSG00000167286.10",17.8875,"OK"
"TCGA-KIRC","eb921878-4c02-4b11-9c4d-84df7926ef70","TCGA-B8-A54I-01A-21R-A33J-07","TCGA-B8-A54I","Primary Tumor","CD3E","ENSG00000198851.10",14.655,"OK"
"TCGA-KIRC","eb921878-4c02-4b11-9c4d-84df7926ef70","TCGA-B8-A54I-01A-21R-A33J-07","TCGA-B8-A54I","Primary Tumor","MS4A1","ENSG00000156738.18",2.464,"OK"
"TCGA-KIRC","eb921878-4c02-4b11-9c4d-84df7926ef70","TCGA-B8-A54I-01A-21R-A33J-07","TCGA-B8-A54I","Primary Tumor","CD79A","ENSG00000105369.10",389.5819,"OK"
"TCGA-KIRC","eb921878-4c02-4b11-9c4d-84df7926ef70","TCGA-B8-A54I-01A-21R-A33J-07","TCGA-B8-A54I","Primary Tumor","NKG7","ENSG00000105374.10",35.1847,"OK"
"TCGA-KIRC","eb921878-4c02-4b11-9c4d-84df7926ef70","TCGA-B8-A54I-01A-21R-A33J-07","TCGA-B8-A54I","Primary Tumor","LST1","ENSG00000204482.11",19.7819,"OK"
"TCGA-KIRC","eb921878-4c02-4b11-9c4d-84df7926ef70","TCGA-B8-A54I-01A-21R-A33J-07","TCGA-B8-A54I","Primary Tumor","TYROBP","ENSG00000011600.12",294.9381,"OK"
"TCGA-KIRC","eb921878-4c02-4b11-9c4d-84df7926ef70","TCGA-B8-A54I-01A-21R-A33J-07","TCGA-B8-A54I","Primary Tumor","FCER1G","ENSG00000158869.11",174.3839,"OK"
"TCGA-KIRC","eb921878-4c02-4b11-9c4d-84df7926ef70","TCGA-B8-A54I-01A-21R-A33J-07","TCGA-B8-A54I","Primary Tumor","CD68","ENSG00000129226.14",0.1371,"OK"
"TCGA-KIRC","7a3b5b7d-67cc-4048-9bd9-9db08bad1601","TCGA-B8-A7U6-01A-12R-A37O-07","TCGA-B8-A7U6","Primary Tumor","PTPRC","ENSG00000081237.20",16.8823,"OK"
"TCGA-KIRC","7a3b5b7d-67cc-4048-9bd9-9db08bad1601","TCGA-B8-A7U6-01A-12R-A37O-07","TCGA-B8-A7U6","Primary Tumor","CD3D","ENSG00000167286.10",24.0433,"OK"
"TCGA-KIRC","7a3b5b7d-67cc-4048-9bd9-9db08bad1601","TCGA-B8-A7U6-01A-12R-A37O-07","TCGA-B8-A7U6","Primary Tumor","CD3E","ENSG00000198851.10",17.4912,"OK"
"TCGA-KIRC","7a3b5b7d-67cc-4048-9bd9-9db08bad1601","TCGA-B8-A7U6-01A-12R-A37O-07","TCGA-B8-A7U6","Primary Tumor","MS4A1","ENSG00000156738.18",2.2578,"OK"
"TCGA-KIRC","7a3b5b7d-67cc-4048-9bd9-9db08bad1601","TCGA-B8-A7U6-01A-12R-A37O-07","TCGA-B8-A7U6","Primary Tumor","CD79A","ENSG00000105369.10",9.8568,"OK"
"TCGA-KIRC","7a3b5b7d-67cc-4048-9bd9-9db08bad1601","TCGA-B8-A7U6-01A-12R-A37O-07","TCGA-B8-A7U6","Primary Tumor","NKG7","ENSG00000105374.10",71.5052,"OK"
"TCGA-KIRC","7a3b5b7d-67cc-4048-9bd9-9db08bad1601","TCGA-B8-A7U6-01A-12R-A37O-07","TCGA-B8-A7U6","Primary Tumor","LST1","ENSG00000204482.11",32.5903,"OK"
"TCGA-KIRC","7a3b5b7d-67cc-4048-9bd9-9db08bad1601","TCGA-B8-A7U6-01A-12R-A37O-07","TCGA-B8-A7U6","Primary Tumor","TYROBP","ENSG00000011600.12",297.2657,"OK"
"TCGA-KIRC","7a3b5b7d-67cc-4048-9bd9-9db08bad1601","TCGA-B8-A7U6-01A-12R-A37O-07","TCGA-B8-A7U6","Primary Tumor","FCER1G","ENSG00000158869.11",158.6781,"OK"
"TCGA-KIRC","7a3b5b7d-67cc-4048-9bd9-9db08bad1601","TCGA-B8-A7U6-01A-12R-A37O-07","TCGA-B8-A7U6","Primary Tumor","CD68","ENSG00000129226.14",0.2644,"OK"
"TCGA-KIRC","2f9b9698-edc6-4049-809c-9733f05f5c2b","TCGA-MM-A563-01A-11R-A266-07","TCGA-MM-A563","Primary Tumor","PTPRC","ENSG00000081237.20",45.603,"OK"
"TCGA-KIRC","2f9b9698-edc6-4049-809c-9733f05f5c2b","TCGA-MM-A563-01A-11R-A266-07","TCGA-MM-A563","Primary Tumor","CD3D","ENSG00000167286.10",98.9608,"OK"
"TCGA-KIRC","2f9b9698-edc6-4049-809c-9733f05f5c2b","TCGA-MM-A563-01A-11R-A266-07","TCGA-MM-A563","Primary Tumor","CD3E","ENSG00000198851.10",64.3615,"OK"
"TCGA-KIRC","2f9b9698-edc6-4049-809c-9733f05f5c2b","TCGA-MM-A563-01A-11R-A266-07","TCGA-MM-A563","Primary Tumor","MS4A1","ENSG00000156738.18",4.4509,"OK"
"TCGA-KIRC","2f9b9698-edc6-4049-809c-9733f05f5c2b","TCGA-MM-A563-01A-11R-A266-07","TCGA-MM-A563","Primary Tumor","CD79A","ENSG00000105369.10",21.0267,"OK"
"TCGA-KIRC","2f9b9698-edc6-4049-809c-9733f05f5c2b","TCGA-MM-A563-01A-11R-A266-07","TCGA-MM-A563","Primary Tumor","NKG7","ENSG00000105374.10",157.0798,"OK"
"TCGA-KIRC","2f9b9698-edc6-4049-809c-9733f05f5c2b","TCGA-MM-A563-01A-11R-A266-07","TCGA-MM-A563","Primary Tumor","LST1","ENSG00000204482.11",54.2737,"OK"
"TCGA-KIRC","2f9b9698-edc6-4049-809c-9733f05f5c2b","TCGA-MM-A563-01A-11R-A266-07","TCGA-MM-A563","Primary Tumor","TYROBP","ENSG00000011600.12",536.5579,"OK"
"TCGA-KIRC","2f9b9698-edc6-4049-809c-9733f05f5c2b","TCGA-MM-A563-01A-11R-A266-07","TCGA-MM-A563","Primary Tumor","FCER1G","ENSG00000158869.11",308.3307,"OK"
"TCGA-KIRC","2f9b9698-edc6-4049-809c-9733f05f5c2b","TCGA-MM-A563-01A-11R-A266-07","TCGA-MM-A563","Primary Tumor","CD68","ENSG00000129226.14",0.1658,"OK"
"TCGA-KIRC","c2c34b18-7f7a-47ac-9f42-b7700562d006","TCGA-B4-5843-01A-11R-1672-07","TCGA-B4-5843","Primary Tumor","PTPRC","ENSG00000081237.20",15.7609,"OK"
"TCGA-KIRC","c2c34b18-7f7a-47ac-9f42-b7700562d006","TCGA-B4-5843-01A-11R-1672-07","TCGA-B4-5843","Primary Tumor","CD3D","ENSG00000167286.10",4.6491,"OK"
"TCGA-KIRC","c2c34b18-7f7a-47ac-9f42-b7700562d006","TCGA-B4-5843-01A-11R-1672-07","TCGA-B4-5843","Primary Tumor","CD3E","ENSG00000198851.10",7.227,"OK"
"TCGA-KIRC","c2c34b18-7f7a-47ac-9f42-b7700562d006","TCGA-B4-5843-01A-11R-1672-07","TCGA-B4-5843","Primary Tumor","MS4A1","ENSG00000156738.18",0.5465,"OK"
"TCGA-KIRC","c2c34b18-7f7a-47ac-9f42-b7700562d006","TCGA-B4-5843-01A-11R-1672-07","TCGA-B4-5843","Primary Tumor","CD79A","ENSG00000105369.10",1.6071,"OK"
"TCGA-KIRC","c2c34b18-7f7a-47ac-9f42-b7700562d006","TCGA-B4-5843-01A-11R-1672-07","TCGA-B4-5843","Primary Tumor","NKG7","ENSG00000105374.10",25.5554,"OK"
"TCGA-KIRC","c2c34b18-7f7a-47ac-9f42-b7700562d006","TCGA-B4-5843-01A-11R-1672-07","TCGA-B4-5843","Primary Tumor","LST1","ENSG00000204482.11",13.6818,"OK"
"TCGA-KIRC","c2c34b18-7f7a-47ac-9f42-b7700562d006","TCGA-B4-5843-01A-11R-1672-07","TCGA-B4-5843","Primary Tumor","TYROBP","ENSG00000011600.12",145.9267,"OK"
"TCGA-KIRC","c2c34b18-7f7a-47ac-9f42-b7700562d006","TCGA-B4-5843-01A-11R-1672-07","TCGA-B4-5843","Primary Tumor","FCER1G","ENSG00000158869.11",87.772,"OK"
"TCGA-KIRC","c2c34b18-7f7a-47ac-9f42-b7700562d006","TCGA-B4-5843-01A-11R-1672-07","TCGA-B4-5843","Primary Tumor","CD68","ENSG00000129226.14",0,"OK"
"TCGA-KIRC","5576ae8b-e6e9-496d-854a-8c696bd965c9","TCGA-CZ-4859-01A-02R-1426-07","TCGA-CZ-4859","Primary Tumor","PTPRC","ENSG00000081237.20",12.6555,"OK"
"TCGA-KIRC","5576ae8b-e6e9-496d-854a-8c696bd965c9","TCGA-CZ-4859-01A-02R-1426-07","TCGA-CZ-4859","Primary Tumor","CD3D","ENSG00000167286.10",13.1806,"OK"
"TCGA-KIRC","5576ae8b-e6e9-496d-854a-8c696bd965c9","TCGA-CZ-4859-01A-02R-1426-07","TCGA-CZ-4859","Primary Tumor","CD3E","ENSG00000198851.10",10.8385,"OK"
"TCGA-KIRC","5576ae8b-e6e9-496d-854a-8c696bd965c9","TCGA-CZ-4859-01A-02R-1426-07","TCGA-CZ-4859","Primary Tumor","MS4A1","ENSG00000156738.18",0.1567,"OK"
"TCGA-KIRC","5576ae8b-e6e9-496d-854a-8c696bd965c9","TCGA-CZ-4859-01A-02R-1426-07","TCGA-CZ-4859","Primary Tumor","CD79A","ENSG00000105369.10",1.4249,"OK"
"TCGA-KIRC","5576ae8b-e6e9-496d-854a-8c696bd965c9","TCGA-CZ-4859-01A-02R-1426-07","TCGA-CZ-4859","Primary Tumor","NKG7","ENSG00000105374.10",50.0056,"OK"
"TCGA-KIRC","5576ae8b-e6e9-496d-854a-8c696bd965c9","TCGA-CZ-4859-01A-02R-1426-07","TCGA-CZ-4859","Primary Tumor","LST1","ENSG00000204482.11",16.5867,"OK"
"TCGA-KIRC","5576ae8b-e6e9-496d-854a-8c696bd965c9","TCGA-CZ-4859-01A-02R-1426-07","TCGA-CZ-4859","Primary Tumor","TYROBP","ENSG00000011600.12",173.4982,"OK"
"TCGA-KIRC","5576ae8b-e6e9-496d-854a-8c696bd965c9","TCGA-CZ-4859-01A-02R-1426-07","TCGA-CZ-4859","Primary Tumor","FCER1G","ENSG00000158869.11",72.244,"OK"
"TCGA-KIRC","5576ae8b-e6e9-496d-854a-8c696bd965c9","TCGA-CZ-4859-01A-02R-1426-07","TCGA-CZ-4859","Primary Tumor","CD68","ENSG00000129226.14",0.0216,"OK"
"TCGA-KIRC","f4e99961-1168-46bd-86cb-4c6662f5b8da","TCGA-B0-4945-01A-01R-1420-07","TCGA-B0-4945","Primary Tumor","PTPRC","ENSG00000081237.20",16.4806,"OK"
"TCGA-KIRC","f4e99961-1168-46bd-86cb-4c6662f5b8da","TCGA-B0-4945-01A-01R-1420-07","TCGA-B0-4945","Primary Tumor","CD3D","ENSG00000167286.10",19.6843,"OK"
"TCGA-KIRC","f4e99961-1168-46bd-86cb-4c6662f5b8da","TCGA-B0-4945-01A-01R-1420-07","TCGA-B0-4945","Primary Tumor","CD3E","ENSG00000198851.10",16.1645,"OK"
"TCGA-KIRC","f4e99961-1168-46bd-86cb-4c6662f5b8da","TCGA-B0-4945-01A-01R-1420-07","TCGA-B0-4945","Primary Tumor","MS4A1","ENSG00000156738.18",1.2082,"OK"
"TCGA-KIRC","f4e99961-1168-46bd-86cb-4c6662f5b8da","TCGA-B0-4945-01A-01R-1420-07","TCGA-B0-4945","Primary Tumor","CD79A","ENSG00000105369.10",4.0298,"OK"
"TCGA-KIRC","f4e99961-1168-46bd-86cb-4c6662f5b8da","TCGA-B0-4945-01A-01R-1420-07","TCGA-B0-4945","Primary Tumor","NKG7","ENSG00000105374.10",36.1886,"OK"
"TCGA-KIRC","f4e99961-1168-46bd-86cb-4c6662f5b8da","TCGA-B0-4945-01A-01R-1420-07","TCGA-B0-4945","Primary Tumor","LST1","ENSG00000204482.11",17.93,"OK"
"TCGA-KIRC","f4e99961-1168-46bd-86cb-4c6662f5b8da","TCGA-B0-4945-01A-01R-1420-07","TCGA-B0-4945","Primary Tumor","TYROBP","ENSG00000011600.12",124.8637,"OK"
"TCGA-KIRC","f4e99961-1168-46bd-86cb-4c6662f5b8da","TCGA-B0-4945-01A-01R-1420-07","TCGA-B0-4945","Primary Tumor","FCER1G","ENSG00000158869.11",83.0504,"OK"
"TCGA-KIRC","f4e99961-1168-46bd-86cb-4c6662f5b8da","TCGA-B0-4945-01A-01R-1420-07","TCGA-B0-4945","Primary Tumor","CD68","ENSG00000129226.14",0,"OK"
"TCGA-KIRC","7b34b9d4-8526-4738-87b4-f9435a1c7ae1","TCGA-A3-3308-01A-02R-1325-07","TCGA-A3-3308","Primary Tumor","PTPRC","ENSG00000081237.20",28.8452,"OK"
"TCGA-KIRC","7b34b9d4-8526-4738-87b4-f9435a1c7ae1","TCGA-A3-3308-01A-02R-1325-07","TCGA-A3-3308","Primary Tumor","CD3D","ENSG00000167286.10",16.1325,"OK"
"TCGA-KIRC","7b34b9d4-8526-4738-87b4-f9435a1c7ae1","TCGA-A3-3308-01A-02R-1325-07","TCGA-A3-3308","Primary Tumor","CD3E","ENSG00000198851.10",15.7066,"OK"
"TCGA-KIRC","7b34b9d4-8526-4738-87b4-f9435a1c7ae1","TCGA-A3-3308-01A-02R-1325-07","TCGA-A3-3308","Primary Tumor","MS4A1","ENSG00000156738.18",0.63,"OK"
"TCGA-KIRC","7b34b9d4-8526-4738-87b4-f9435a1c7ae1","TCGA-A3-3308-01A-02R-1325-07","TCGA-A3-3308","Primary Tumor","CD79A","ENSG00000105369.10",2.9813,"OK"
"TCGA-KIRC","7b34b9d4-8526-4738-87b4-f9435a1c7ae1","TCGA-A3-3308-01A-02R-1325-07","TCGA-A3-3308","Primary Tumor","NKG7","ENSG00000105374.10",32.9639,"OK"
"TCGA-KIRC","7b34b9d4-8526-4738-87b4-f9435a1c7ae1","TCGA-A3-3308-01A-02R-1325-07","TCGA-A3-3308","Primary Tumor","LST1","ENSG00000204482.11",17.1947,"OK"
"TCGA-KIRC","7b34b9d4-8526-4738-87b4-f9435a1c7ae1","TCGA-A3-3308-01A-02R-1325-07","TCGA-A3-3308","Primary Tumor","TYROBP","ENSG00000011600.12",231.2503,"OK"
"TCGA-KIRC","7b34b9d4-8526-4738-87b4-f9435a1c7ae1","TCGA-A3-3308-01A-02R-1325-07","TCGA-A3-3308","Primary Tumor","FCER1G","ENSG00000158869.11",133.5675,"OK"
"TCGA-KIRC","7b34b9d4-8526-4738-87b4-f9435a1c7ae1","TCGA-A3-3308-01A-02R-1325-07","TCGA-A3-3308","Primary Tumor","CD68","ENSG00000129226.14",0.0356,"OK"
"TCGA-KIRC","07868319-1d09-49ca-b198-5677d151d36d","TCGA-AK-3460-01A-02R-1277-07","TCGA-AK-3460","Primary Tumor","PTPRC","ENSG00000081237.20",18.3756,"OK"
"TCGA-KIRC","07868319-1d09-49ca-b198-5677d151d36d","TCGA-AK-3460-01A-02R-1277-07","TCGA-AK-3460","Primary Tumor","CD3D","ENSG00000167286.10",20.2865,"OK"
"TCGA-KIRC","07868319-1d09-49ca-b198-5677d151d36d","TCGA-AK-3460-01A-02R-1277-07","TCGA-AK-3460","Primary Tumor","CD3E","ENSG00000198851.10",16.2153,"OK"
"TCGA-KIRC","07868319-1d09-49ca-b198-5677d151d36d","TCGA-AK-3460-01A-02R-1277-07","TCGA-AK-3460","Primary Tumor","MS4A1","ENSG00000156738.18",0.7724,"OK"
"TCGA-KIRC","07868319-1d09-49ca-b198-5677d151d36d","TCGA-AK-3460-01A-02R-1277-07","TCGA-AK-3460","Primary Tumor","CD79A","ENSG00000105369.10",2.5664,"OK"
"TCGA-KIRC","07868319-1d09-49ca-b198-5677d151d36d","TCGA-AK-3460-01A-02R-1277-07","TCGA-AK-3460","Primary Tumor","NKG7","ENSG00000105374.10",74.6482,"OK"
"TCGA-KIRC","07868319-1d09-49ca-b198-5677d151d36d","TCGA-AK-3460-01A-02R-1277-07","TCGA-AK-3460","Primary Tumor","LST1","ENSG00000204482.11",17.8714,"OK"
"TCGA-KIRC","07868319-1d09-49ca-b198-5677d151d36d","TCGA-AK-3460-01A-02R-1277-07","TCGA-AK-3460","Primary Tumor","TYROBP","ENSG00000011600.12",238.0323,"OK"
"TCGA-KIRC","07868319-1d09-49ca-b198-5677d151d36d","TCGA-AK-3460-01A-02R-1277-07","TCGA-AK-3460","Primary Tumor","FCER1G","ENSG00000158869.11",99.6181,"OK"
"TCGA-KIRC","07868319-1d09-49ca-b198-5677d151d36d","TCGA-AK-3460-01A-02R-1277-07","TCGA-AK-3460","Primary Tumor","CD68","ENSG00000129226.14",0.0362,"OK"
"TCGA-KIRC","2d6dd901-d11e-459e-ba2e-8a587e72633e","TCGA-B0-4828-01A-01R-1277-07","TCGA-B0-4828","Primary Tumor","PTPRC","ENSG00000081237.20",15.9696,"OK"
"TCGA-KIRC","2d6dd901-d11e-459e-ba2e-8a587e72633e","TCGA-B0-4828-01A-01R-1277-07","TCGA-B0-4828","Primary Tumor","CD3D","ENSG00000167286.10",24.8157,"OK"
"TCGA-KIRC","2d6dd901-d11e-459e-ba2e-8a587e72633e","TCGA-B0-4828-01A-01R-1277-07","TCGA-B0-4828","Primary Tumor","CD3E","ENSG00000198851.10",28.9192,"OK"
"TCGA-KIRC","2d6dd901-d11e-459e-ba2e-8a587e72633e","TCGA-B0-4828-01A-01R-1277-07","TCGA-B0-4828","Primary Tumor","MS4A1","ENSG00000156738.18",0.6952,"OK"
"TCGA-KIRC","2d6dd901-d11e-459e-ba2e-8a587e72633e","TCGA-B0-4828-01A-01R-1277-07","TCGA-B0-4828","Primary Tumor","CD79A","ENSG00000105369.10",2.8398,"OK"
"TCGA-KIRC","2d6dd901-d11e-459e-ba2e-8a587e72633e","TCGA-B0-4828-01A-01R-1277-07","TCGA-B0-4828","Primary Tumor","NKG7","ENSG00000105374.10",55.1632,"OK"
"TCGA-KIRC","2d6dd901-d11e-459e-ba2e-8a587e72633e","TCGA-B0-4828-01A-01R-1277-07","TCGA-B0-4828","Primary Tumor","LST1","ENSG00000204482.11",14.6477,"OK"
"TCGA-KIRC","2d6dd901-d11e-459e-ba2e-8a587e72633e","TCGA-B0-4828-01A-01R-1277-07","TCGA-B0-4828","Primary Tumor","TYROBP","ENSG00000011600.12",88.437,"OK"
"TCGA-KIRC","2d6dd901-d11e-459e-ba2e-8a587e72633e","TCGA-B0-4828-01A-01R-1277-07","TCGA-B0-4828","Primary Tumor","FCER1G","ENSG00000158869.11",55.3637,"OK"
"TCGA-KIRC","2d6dd901-d11e-459e-ba2e-8a587e72633e","TCGA-B0-4828-01A-01R-1277-07","TCGA-B0-4828","Primary Tumor","CD68","ENSG00000129226.14",0.1157,"OK"
"TCGA-KIRC","3545f947-1a52-4e14-a98d-e400a6cb5e60","TCGA-CZ-5460-01A-01R-1503-07","TCGA-CZ-5460","Primary Tumor","PTPRC","ENSG00000081237.20",31.4676,"OK"
"TCGA-KIRC","3545f947-1a52-4e14-a98d-e400a6cb5e60","TCGA-CZ-5460-01A-01R-1503-07","TCGA-CZ-5460","Primary Tumor","CD3D","ENSG00000167286.10",69.7285,"OK"
"TCGA-KIRC","3545f947-1a52-4e14-a98d-e400a6cb5e60","TCGA-CZ-5460-01A-01R-1503-07","TCGA-CZ-5460","Primary Tumor","CD3E","ENSG00000198851.10",54.7016,"OK"
"TCGA-KIRC","3545f947-1a52-4e14-a98d-e400a6cb5e60","TCGA-CZ-5460-01A-01R-1503-07","TCGA-CZ-5460","Primary Tumor","MS4A1","ENSG00000156738.18",2.5495,"OK"
"TCGA-KIRC","3545f947-1a52-4e14-a98d-e400a6cb5e60","TCGA-CZ-5460-01A-01R-1503-07","TCGA-CZ-5460","Primary Tumor","CD79A","ENSG00000105369.10",11.318,"OK"
"TCGA-KIRC","3545f947-1a52-4e14-a98d-e400a6cb5e60","TCGA-CZ-5460-01A-01R-1503-07","TCGA-CZ-5460","Primary Tumor","NKG7","ENSG00000105374.10",94.6521,"OK"
"TCGA-KIRC","3545f947-1a52-4e14-a98d-e400a6cb5e60","TCGA-CZ-5460-01A-01R-1503-07","TCGA-CZ-5460","Primary Tumor","LST1","ENSG00000204482.11",21.8538,"OK"
"TCGA-KIRC","3545f947-1a52-4e14-a98d-e400a6cb5e60","TCGA-CZ-5460-01A-01R-1503-07","TCGA-CZ-5460","Primary Tumor","TYROBP","ENSG00000011600.12",275.772,"OK"
"TCGA-KIRC","3545f947-1a52-4e14-a98d-e400a6cb5e60","TCGA-CZ-5460-01A-01R-1503-07","TCGA-CZ-5460","Primary Tumor","FCER1G","ENSG00000158869.11",131.4816,"OK"
"TCGA-KIRC","3545f947-1a52-4e14-a98d-e400a6cb5e60","TCGA-CZ-5460-01A-01R-1503-07","TCGA-CZ-5460","Primary Tumor","CD68","ENSG00000129226.14",0.0928,"OK"
"TCGA-KIRC","c04d9806-d86b-4afd-9481-89037aa621d1","TCGA-CJ-4881-01A-01R-1305-07","TCGA-CJ-4881","Primary Tumor","PTPRC","ENSG00000081237.20",24.5549,"OK"
"TCGA-KIRC","c04d9806-d86b-4afd-9481-89037aa621d1","TCGA-CJ-4881-01A-01R-1305-07","TCGA-CJ-4881","Primary Tumor","CD3D","ENSG00000167286.10",52.3864,"OK"
"TCGA-KIRC","c04d9806-d86b-4afd-9481-89037aa621d1","TCGA-CJ-4881-01A-01R-1305-07","TCGA-CJ-4881","Primary Tumor","CD3E","ENSG00000198851.10",35.8269,"OK"
"TCGA-KIRC","c04d9806-d86b-4afd-9481-89037aa621d1","TCGA-CJ-4881-01A-01R-1305-07","TCGA-CJ-4881","Primary Tumor","MS4A1","ENSG00000156738.18",0.8411,"OK"
"TCGA-KIRC","c04d9806-d86b-4afd-9481-89037aa621d1","TCGA-CJ-4881-01A-01R-1305-07","TCGA-CJ-4881","Primary Tumor","CD79A","ENSG00000105369.10",36.3481,"OK"
"TCGA-KIRC","c04d9806-d86b-4afd-9481-89037aa621d1","TCGA-CJ-4881-01A-01R-1305-07","TCGA-CJ-4881","Primary Tumor","NKG7","ENSG00000105374.10",60.5775,"OK"
"TCGA-KIRC","c04d9806-d86b-4afd-9481-89037aa621d1","TCGA-CJ-4881-01A-01R-1305-07","TCGA-CJ-4881","Primary Tumor","LST1","ENSG00000204482.11",49.6795,"OK"
"TCGA-KIRC","c04d9806-d86b-4afd-9481-89037aa621d1","TCGA-CJ-4881-01A-01R-1305-07","TCGA-CJ-4881","Primary Tumor","TYROBP","ENSG00000011600.12",502.861,"OK"
"TCGA-KIRC","c04d9806-d86b-4afd-9481-89037aa621d1","TCGA-CJ-4881-01A-01R-1305-07","TCGA-CJ-4881","Primary Tumor","FCER1G","ENSG00000158869.11",273.6288,"OK"
"TCGA-KIRC","c04d9806-d86b-4afd-9481-89037aa621d1","TCGA-CJ-4881-01A-01R-1305-07","TCGA-CJ-4881","Primary Tumor","CD68","ENSG00000129226.14",0.1003,"OK"
"TCGA-KIRC","44f16ded-c9e7-422c-a03c-1ec124acd76c","TCGA-B0-4824-01A-01R-1277-07","TCGA-B0-4824","Primary Tumor","PTPRC","ENSG00000081237.20",46.8081,"OK"
"TCGA-KIRC","44f16ded-c9e7-422c-a03c-1ec124acd76c","TCGA-B0-4824-01A-01R-1277-07","TCGA-B0-4824","Primary Tumor","CD3D","ENSG00000167286.10",74.2288,"OK"
"TCGA-KIRC","44f16ded-c9e7-422c-a03c-1ec124acd76c","TCGA-B0-4824-01A-01R-1277-07","TCGA-B0-4824","Primary Tumor","CD3E","ENSG00000198851.10",70.4418,"OK"
"TCGA-KIRC","44f16ded-c9e7-422c-a03c-1ec124acd76c","TCGA-B0-4824-01A-01R-1277-07","TCGA-B0-4824","Primary Tumor","MS4A1","ENSG00000156738.18",0.7958,"OK"
"TCGA-KIRC","44f16ded-c9e7-422c-a03c-1ec124acd76c","TCGA-B0-4824-01A-01R-1277-07","TCGA-B0-4824","Primary Tumor","CD79A","ENSG00000105369.10",2.5526,"OK"
"TCGA-KIRC","44f16ded-c9e7-422c-a03c-1ec124acd76c","TCGA-B0-4824-01A-01R-1277-07","TCGA-B0-4824","Primary Tumor","NKG7","ENSG00000105374.10",301.1729,"OK"
"TCGA-KIRC","44f16ded-c9e7-422c-a03c-1ec124acd76c","TCGA-B0-4824-01A-01R-1277-07","TCGA-B0-4824","Primary Tumor","LST1","ENSG00000204482.11",37.7934,"OK"
"TCGA-KIRC","44f16ded-c9e7-422c-a03c-1ec124acd76c","TCGA-B0-4824-01A-01R-1277-07","TCGA-B0-4824","Primary Tumor","TYROBP","ENSG00000011600.12",413.4226,"OK"
"TCGA-KIRC","44f16ded-c9e7-422c-a03c-1ec124acd76c","TCGA-B0-4824-01A-01R-1277-07","TCGA-B0-4824","Primary Tumor","FCER1G","ENSG00000158869.11",222.3918,"OK"
"TCGA-KIRC","44f16ded-c9e7-422c-a03c-1ec124acd76c","TCGA-B0-4824-01A-01R-1277-07","TCGA-B0-4824","Primary Tumor","CD68","ENSG00000129226.14",0.1687,"OK"
"TCGA-KIRC","742932b6-cf2c-4750-9a0c-145ec93d1da0","TCGA-BP-4777-01A-01R-1289-07","TCGA-BP-4777","Primary Tumor","PTPRC","ENSG00000081237.20",58.4879,"OK"
"TCGA-KIRC","742932b6-cf2c-4750-9a0c-145ec93d1da0","TCGA-BP-4777-01A-01R-1289-07","TCGA-BP-4777","Primary Tumor","CD3D","ENSG00000167286.10",142.9076,"OK"
"TCGA-KIRC","742932b6-cf2c-4750-9a0c-145ec93d1da0","TCGA-BP-4777-01A-01R-1289-07","TCGA-BP-4777","Primary Tumor","CD3E","ENSG00000198851.10",95.9871,"OK"
"TCGA-KIRC","742932b6-cf2c-4750-9a0c-145ec93d1da0","TCGA-BP-4777-01A-01R-1289-07","TCGA-BP-4777","Primary Tumor","MS4A1","ENSG00000156738.18",9.7717,"OK"
"TCGA-KIRC","742932b6-cf2c-4750-9a0c-145ec93d1da0","TCGA-BP-4777-01A-01R-1289-07","TCGA-BP-4777","Primary Tumor","CD79A","ENSG00000105369.10",28.9376,"OK"
"TCGA-KIRC","742932b6-cf2c-4750-9a0c-145ec93d1da0","TCGA-BP-4777-01A-01R-1289-07","TCGA-BP-4777","Primary Tumor","NKG7","ENSG00000105374.10",232.6717,"OK"
"TCGA-KIRC","742932b6-cf2c-4750-9a0c-145ec93d1da0","TCGA-BP-4777-01A-01R-1289-07","TCGA-BP-4777","Primary Tumor","LST1","ENSG00000204482.11",32.3623,"OK"
"TCGA-KIRC","742932b6-cf2c-4750-9a0c-145ec93d1da0","TCGA-BP-4777-01A-01R-1289-07","TCGA-BP-4777","Primary Tumor","TYROBP","ENSG00000011600.12",450.8982,"OK"
"TCGA-KIRC","742932b6-cf2c-4750-9a0c-145ec93d1da0","TCGA-BP-4777-01A-01R-1289-07","TCGA-BP-4777","Primary Tumor","FCER1G","ENSG00000158869.11",271.9276,"OK"
"TCGA-KIRC","742932b6-cf2c-4750-9a0c-145ec93d1da0","TCGA-BP-4777-01A-01R-1289-07","TCGA-BP-4777","Primary Tumor","CD68","ENSG00000129226.14",0.138,"OK"
"TCGA-KIRC","6a408551-3028-49cd-b896-6bfcb1abde4b","TCGA-AK-3465-01A-02R-1325-07","TCGA-AK-3465","Primary Tumor","PTPRC","ENSG00000081237.20",5.1672,"OK"
"TCGA-KIRC","6a408551-3028-49cd-b896-6bfcb1abde4b","TCGA-AK-3465-01A-02R-1325-07","TCGA-AK-3465","Primary Tumor","CD3D","ENSG00000167286.10",2.8601,"OK"
"TCGA-KIRC","6a408551-3028-49cd-b896-6bfcb1abde4b","TCGA-AK-3465-01A-02R-1325-07","TCGA-AK-3465","Primary Tumor","CD3E","ENSG00000198851.10",2.2525,"OK"
"TCGA-KIRC","6a408551-3028-49cd-b896-6bfcb1abde4b","TCGA-AK-3465-01A-02R-1325-07","TCGA-AK-3465","Primary Tumor","MS4A1","ENSG00000156738.18",0.3405,"OK"
"TCGA-KIRC","6a408551-3028-49cd-b896-6bfcb1abde4b","TCGA-AK-3465-01A-02R-1325-07","TCGA-AK-3465","Primary Tumor","CD79A","ENSG00000105369.10",0.6294,"OK"
"TCGA-KIRC","6a408551-3028-49cd-b896-6bfcb1abde4b","TCGA-AK-3465-01A-02R-1325-07","TCGA-AK-3465","Primary Tumor","NKG7","ENSG00000105374.10",5.8417,"OK"
"TCGA-KIRC","6a408551-3028-49cd-b896-6bfcb1abde4b","TCGA-AK-3465-01A-02R-1325-07","TCGA-AK-3465","Primary Tumor","LST1","ENSG00000204482.11",2.5515,"OK"
"TCGA-KIRC","6a408551-3028-49cd-b896-6bfcb1abde4b","TCGA-AK-3465-01A-02R-1325-07","TCGA-AK-3465","Primary Tumor","TYROBP","ENSG00000011600.12",18.3178,"OK"
"TCGA-KIRC","6a408551-3028-49cd-b896-6bfcb1abde4b","TCGA-AK-3465-01A-02R-1325-07","TCGA-AK-3465","Primary Tumor","FCER1G","ENSG00000158869.11",14.6723,"OK"
"TCGA-KIRC","6a408551-3028-49cd-b896-6bfcb1abde4b","TCGA-AK-3465-01A-02R-1325-07","TCGA-AK-3465","Primary Tumor","CD68","ENSG00000129226.14",0.0313,"OK"
"TCGA-KIRC","cdcfd140-d0a5-4c55-ba0c-64af335a1ff6","TCGA-CJ-6028-01A-11R-1672-07","TCGA-CJ-6028","Primary Tumor","PTPRC","ENSG00000081237.20",97.3847,"OK"
"TCGA-KIRC","cdcfd140-d0a5-4c55-ba0c-64af335a1ff6","TCGA-CJ-6028-01A-11R-1672-07","TCGA-CJ-6028","Primary Tumor","CD3D","ENSG00000167286.10",62.2994,"OK"
"TCGA-KIRC","cdcfd140-d0a5-4c55-ba0c-64af335a1ff6","TCGA-CJ-6028-01A-11R-1672-07","TCGA-CJ-6028","Primary Tumor","CD3E","ENSG00000198851.10",75.4194,"OK"
"TCGA-KIRC","cdcfd140-d0a5-4c55-ba0c-64af335a1ff6","TCGA-CJ-6028-01A-11R-1672-07","TCGA-CJ-6028","Primary Tumor","MS4A1","ENSG00000156738.18",2.2141,"OK"
"TCGA-KIRC","cdcfd140-d0a5-4c55-ba0c-64af335a1ff6","TCGA-CJ-6028-01A-11R-1672-07","TCGA-CJ-6028","Primary Tumor","CD79A","ENSG00000105369.10",41.7053,"OK"
"TCGA-KIRC","cdcfd140-d0a5-4c55-ba0c-64af335a1ff6","TCGA-CJ-6028-01A-11R-1672-07","TCGA-CJ-6028","Primary Tumor","NKG7","ENSG00000105374.10",143.2038,"OK"
"TCGA-KIRC","cdcfd140-d0a5-4c55-ba0c-64af335a1ff6","TCGA-CJ-6028-01A-11R-1672-07","TCGA-CJ-6028","Primary Tumor","LST1","ENSG00000204482.11",16.4288,"OK"
"TCGA-KIRC","cdcfd140-d0a5-4c55-ba0c-64af335a1ff6","TCGA-CJ-6028-01A-11R-1672-07","TCGA-CJ-6028","Primary Tumor","TYROBP","ENSG00000011600.12",186.7307,"OK"
"TCGA-KIRC","cdcfd140-d0a5-4c55-ba0c-64af335a1ff6","TCGA-CJ-6028-01A-11R-1672-07","TCGA-CJ-6028","Primary Tumor","FCER1G","ENSG00000158869.11",205.7851,"OK"
"TCGA-KIRC","cdcfd140-d0a5-4c55-ba0c-64af335a1ff6","TCGA-CJ-6028-01A-11R-1672-07","TCGA-CJ-6028","Primary Tumor","CD68","ENSG00000129226.14",0.2647,"OK"
"TCGA-KIRC","af5c089d-33a6-49a3-bc6e-bd5e2db921d8","TCGA-A3-3322-01A-02R-1325-07","TCGA-A3-3322","Primary Tumor","PTPRC","ENSG00000081237.20",17.1258,"OK"
"TCGA-KIRC","af5c089d-33a6-49a3-bc6e-bd5e2db921d8","TCGA-A3-3322-01A-02R-1325-07","TCGA-A3-3322","Primary Tumor","CD3D","ENSG00000167286.10",7.559,"OK"
"TCGA-KIRC","af5c089d-33a6-49a3-bc6e-bd5e2db921d8","TCGA-A3-3322-01A-02R-1325-07","TCGA-A3-3322","Primary Tumor","CD3E","ENSG00000198851.10",6.2494,"OK"
"TCGA-KIRC","af5c089d-33a6-49a3-bc6e-bd5e2db921d8","TCGA-A3-3322-01A-02R-1325-07","TCGA-A3-3322","Primary Tumor","MS4A1","ENSG00000156738.18",0.3709,"OK"
"TCGA-KIRC","af5c089d-33a6-49a3-bc6e-bd5e2db921d8","TCGA-A3-3322-01A-02R-1325-07","TCGA-A3-3322","Primary Tumor","CD79A","ENSG00000105369.10",0.9872,"OK"
"TCGA-KIRC","af5c089d-33a6-49a3-bc6e-bd5e2db921d8","TCGA-A3-3322-01A-02R-1325-07","TCGA-A3-3322","Primary Tumor","NKG7","ENSG00000105374.10",17.3565,"OK"
"TCGA-KIRC","af5c089d-33a6-49a3-bc6e-bd5e2db921d8","TCGA-A3-3322-01A-02R-1325-07","TCGA-A3-3322","Primary Tumor","LST1","ENSG00000204482.11",13.379,"OK"
"TCGA-KIRC","af5c089d-33a6-49a3-bc6e-bd5e2db921d8","TCGA-A3-3322-01A-02R-1325-07","TCGA-A3-3322","Primary Tumor","TYROBP","ENSG00000011600.12",146.8465,"OK"
"TCGA-KIRC","af5c089d-33a6-49a3-bc6e-bd5e2db921d8","TCGA-A3-3322-01A-02R-1325-07","TCGA-A3-3322","Primary Tumor","FCER1G","ENSG00000158869.11",105.6545,"OK"
"TCGA-KIRC","af5c089d-33a6-49a3-bc6e-bd5e2db921d8","TCGA-A3-3322-01A-02R-1325-07","TCGA-A3-3322","Primary Tumor","CD68","ENSG00000129226.14",0.1168,"OK"
"TCGA-KIRC","8fe484cf-e146-4b6f-a852-b2510c7eac4b","TCGA-B8-4620-11A-01R-1758-07","TCGA-B8-4620","Solid Tissue Normal","PTPRC","ENSG00000081237.20",24.1048,"OK"
"TCGA-KIRC","8fe484cf-e146-4b6f-a852-b2510c7eac4b","TCGA-B8-4620-11A-01R-1758-07","TCGA-B8-4620","Solid Tissue Normal","CD3D","ENSG00000167286.10",27.731,"OK"
"TCGA-KIRC","8fe484cf-e146-4b6f-a852-b2510c7eac4b","TCGA-B8-4620-11A-01R-1758-07","TCGA-B8-4620","Solid Tissue Normal","CD3E","ENSG00000198851.10",26.8065,"OK"
"TCGA-KIRC","8fe484cf-e146-4b6f-a852-b2510c7eac4b","TCGA-B8-4620-11A-01R-1758-07","TCGA-B8-4620","Solid Tissue Normal","MS4A1","ENSG00000156738.18",3.2765,"OK"
"TCGA-KIRC","8fe484cf-e146-4b6f-a852-b2510c7eac4b","TCGA-B8-4620-11A-01R-1758-07","TCGA-B8-4620","Solid Tissue Normal","CD79A","ENSG00000105369.10",21.2464,"OK"
"TCGA-KIRC","8fe484cf-e146-4b6f-a852-b2510c7eac4b","TCGA-B8-4620-11A-01R-1758-07","TCGA-B8-4620","Solid Tissue Normal","NKG7","ENSG00000105374.10",14.8283,"OK"
"TCGA-KIRC","8fe484cf-e146-4b6f-a852-b2510c7eac4b","TCGA-B8-4620-11A-01R-1758-07","TCGA-B8-4620","Solid Tissue Normal","LST1","ENSG00000204482.11",21.3555,"OK"
"TCGA-KIRC","8fe484cf-e146-4b6f-a852-b2510c7eac4b","TCGA-B8-4620-11A-01R-1758-07","TCGA-B8-4620","Solid Tissue Normal","TYROBP","ENSG00000011600.12",225.4547,"OK"
"TCGA-KIRC","8fe484cf-e146-4b6f-a852-b2510c7eac4b","TCGA-B8-4620-11A-01R-1758-07","TCGA-B8-4620","Solid Tissue Normal","FCER1G","ENSG00000158869.11",85.4556,"OK"
"TCGA-KIRC","8fe484cf-e146-4b6f-a852-b2510c7eac4b","TCGA-B8-4620-11A-01R-1758-07","TCGA-B8-4620","Solid Tissue Normal","CD68","ENSG00000129226.14",0.0675,"OK"
"TCGA-KIRC","a3c824d5-5d92-453e-820b-bf879fa38e59","TCGA-B8-4620-01A-02R-1325-07","TCGA-B8-4620","Primary Tumor","PTPRC","ENSG00000081237.20",26.4795,"OK"
"TCGA-KIRC","a3c824d5-5d92-453e-820b-bf879fa38e59","TCGA-B8-4620-01A-02R-1325-07","TCGA-B8-4620","Primary Tumor","CD3D","ENSG00000167286.10",12.6174,"OK"
"TCGA-KIRC","a3c824d5-5d92-453e-820b-bf879fa38e59","TCGA-B8-4620-01A-02R-1325-07","TCGA-B8-4620","Primary Tumor","CD3E","ENSG00000198851.10",12.1206,"OK"
"TCGA-KIRC","a3c824d5-5d92-453e-820b-bf879fa38e59","TCGA-B8-4620-01A-02R-1325-07","TCGA-B8-4620","Primary Tumor","MS4A1","ENSG00000156738.18",0.0818,"OK"
"TCGA-KIRC","a3c824d5-5d92-453e-820b-bf879fa38e59","TCGA-B8-4620-01A-02R-1325-07","TCGA-B8-4620","Primary Tumor","CD79A","ENSG00000105369.10",1.4874,"OK"
"TCGA-KIRC","a3c824d5-5d92-453e-820b-bf879fa38e59","TCGA-B8-4620-01A-02R-1325-07","TCGA-B8-4620","Primary Tumor","NKG7","ENSG00000105374.10",20.276,"OK"
"TCGA-KIRC","a3c824d5-5d92-453e-820b-bf879fa38e59","TCGA-B8-4620-01A-02R-1325-07","TCGA-B8-4620","Primary Tumor","LST1","ENSG00000204482.11",18.1692,"OK"
"TCGA-KIRC","a3c824d5-5d92-453e-820b-bf879fa38e59","TCGA-B8-4620-01A-02R-1325-07","TCGA-B8-4620","Primary Tumor","TYROBP","ENSG00000011600.12",265.9897,"OK"
"TCGA-KIRC","a3c824d5-5d92-453e-820b-bf879fa38e59","TCGA-B8-4620-01A-02R-1325-07","TCGA-B8-4620","Primary Tumor","FCER1G","ENSG00000158869.11",158.1082,"OK"
"TCGA-KIRC","a3c824d5-5d92-453e-820b-bf879fa38e59","TCGA-B8-4620-01A-02R-1325-07","TCGA-B8-4620","Primary Tumor","CD68","ENSG00000129226.14",0.1803,"OK"
"TCGA-KIRC","05becc45-68e1-4706-a225-3a805bd7ba56","TCGA-B0-4844-01A-01R-1277-07","TCGA-B0-4844","Primary Tumor","PTPRC","ENSG00000081237.20",14.7014,"OK"
"TCGA-KIRC","05becc45-68e1-4706-a225-3a805bd7ba56","TCGA-B0-4844-01A-01R-1277-07","TCGA-B0-4844","Primary Tumor","CD3D","ENSG00000167286.10",28.682,"OK"
"TCGA-KIRC","05becc45-68e1-4706-a225-3a805bd7ba56","TCGA-B0-4844-01A-01R-1277-07","TCGA-B0-4844","Primary Tumor","CD3E","ENSG00000198851.10",25.9778,"OK"
"TCGA-KIRC","05becc45-68e1-4706-a225-3a805bd7ba56","TCGA-B0-4844-01A-01R-1277-07","TCGA-B0-4844","Primary Tumor","MS4A1","ENSG00000156738.18",2.1459,"OK"
"TCGA-KIRC","05becc45-68e1-4706-a225-3a805bd7ba56","TCGA-B0-4844-01A-01R-1277-07","TCGA-B0-4844","Primary Tumor","CD79A","ENSG00000105369.10",10.5149,"OK"
"TCGA-KIRC","05becc45-68e1-4706-a225-3a805bd7ba56","TCGA-B0-4844-01A-01R-1277-07","TCGA-B0-4844","Primary Tumor","NKG7","ENSG00000105374.10",64.3882,"OK"
"TCGA-KIRC","05becc45-68e1-4706-a225-3a805bd7ba56","TCGA-B0-4844-01A-01R-1277-07","TCGA-B0-4844","Primary Tumor","LST1","ENSG00000204482.11",18.7603,"OK"
"TCGA-KIRC","05becc45-68e1-4706-a225-3a805bd7ba56","TCGA-B0-4844-01A-01R-1277-07","TCGA-B0-4844","Primary Tumor","TYROBP","ENSG00000011600.12",209.9799,"OK"
"TCGA-KIRC","05becc45-68e1-4706-a225-3a805bd7ba56","TCGA-B0-4844-01A-01R-1277-07","TCGA-B0-4844","Primary Tumor","FCER1G","ENSG00000158869.11",113.2363,"OK"
"TCGA-KIRC","05becc45-68e1-4706-a225-3a805bd7ba56","TCGA-B0-4844-01A-01R-1277-07","TCGA-B0-4844","Primary Tumor","CD68","ENSG00000129226.14",0.1221,"OK"
"TCGA-KIRC","2c1dfe31-3404-4bd8-b003-f3f649e21ecb","TCGA-B0-4816-01A-01R-1503-07","TCGA-B0-4816","Primary Tumor","PTPRC","ENSG00000081237.20",39.6211,"OK"
"TCGA-KIRC","2c1dfe31-3404-4bd8-b003-f3f649e21ecb","TCGA-B0-4816-01A-01R-1503-07","TCGA-B0-4816","Primary Tumor","CD3D","ENSG00000167286.10",22.4662,"OK"
"TCGA-KIRC","2c1dfe31-3404-4bd8-b003-f3f649e21ecb","TCGA-B0-4816-01A-01R-1503-07","TCGA-B0-4816","Primary Tumor","CD3E","ENSG00000198851.10",25.9399,"OK"
"TCGA-KIRC","2c1dfe31-3404-4bd8-b003-f3f649e21ecb","TCGA-B0-4816-01A-01R-1503-07","TCGA-B0-4816","Primary Tumor","MS4A1","ENSG00000156738.18",0.3502,"OK"
"TCGA-KIRC","2c1dfe31-3404-4bd8-b003-f3f649e21ecb","TCGA-B0-4816-01A-01R-1503-07","TCGA-B0-4816","Primary Tumor","CD79A","ENSG00000105369.10",1.2429,"OK"
"TCGA-KIRC","2c1dfe31-3404-4bd8-b003-f3f649e21ecb","TCGA-B0-4816-01A-01R-1503-07","TCGA-B0-4816","Primary Tumor","NKG7","ENSG00000105374.10",81.0955,"OK"
"TCGA-KIRC","2c1dfe31-3404-4bd8-b003-f3f649e21ecb","TCGA-B0-4816-01A-01R-1503-07","TCGA-B0-4816","Primary Tumor","LST1","ENSG00000204482.11",74.6616,"OK"
"TCGA-KIRC","2c1dfe31-3404-4bd8-b003-f3f649e21ecb","TCGA-B0-4816-01A-01R-1503-07","TCGA-B0-4816","Primary Tumor","TYROBP","ENSG00000011600.12",710.2029,"OK"
"TCGA-KIRC","2c1dfe31-3404-4bd8-b003-f3f649e21ecb","TCGA-B0-4816-01A-01R-1503-07","TCGA-B0-4816","Primary Tumor","FCER1G","ENSG00000158869.11",316.3427,"OK"
"TCGA-KIRC","2c1dfe31-3404-4bd8-b003-f3f649e21ecb","TCGA-B0-4816-01A-01R-1503-07","TCGA-B0-4816","Primary Tumor","CD68","ENSG00000129226.14",0.061,"OK"
"TCGA-KIRC","d98b9775-6abc-48fa-a229-39442a7291d7","TCGA-B0-5080-01A-01R-1503-07","TCGA-B0-5080","Primary Tumor","PTPRC","ENSG00000081237.20",28.0634,"OK"
"TCGA-KIRC","d98b9775-6abc-48fa-a229-39442a7291d7","TCGA-B0-5080-01A-01R-1503-07","TCGA-B0-5080","Primary Tumor","CD3D","ENSG00000167286.10",87.3156,"OK"
"TCGA-KIRC","d98b9775-6abc-48fa-a229-39442a7291d7","TCGA-B0-5080-01A-01R-1503-07","TCGA-B0-5080","Primary Tumor","CD3E","ENSG00000198851.10",67.8066,"OK"
"TCGA-KIRC","d98b9775-6abc-48fa-a229-39442a7291d7","TCGA-B0-5080-01A-01R-1503-07","TCGA-B0-5080","Primary Tumor","MS4A1","ENSG00000156738.18",7.7281,"OK"
"TCGA-KIRC","d98b9775-6abc-48fa-a229-39442a7291d7","TCGA-B0-5080-01A-01R-1503-07","TCGA-B0-5080","Primary Tumor","CD79A","ENSG00000105369.10",147.1057,"OK"
"TCGA-KIRC","d98b9775-6abc-48fa-a229-39442a7291d7","TCGA-B0-5080-01A-01R-1503-07","TCGA-B0-5080","Primary Tumor","NKG7","ENSG00000105374.10",82.5163,"OK"
"TCGA-KIRC","d98b9775-6abc-48fa-a229-39442a7291d7","TCGA-B0-5080-01A-01R-1503-07","TCGA-B0-5080","Primary Tumor","LST1","ENSG00000204482.11",23.1819,"OK"
"TCGA-KIRC","d98b9775-6abc-48fa-a229-39442a7291d7","TCGA-B0-5080-01A-01R-1503-07","TCGA-B0-5080","Primary Tumor","TYROBP","ENSG00000011600.12",255.2867,"OK"
"TCGA-KIRC","d98b9775-6abc-48fa-a229-39442a7291d7","TCGA-B0-5080-01A-01R-1503-07","TCGA-B0-5080","Primary Tumor","FCER1G","ENSG00000158869.11",107.1681,"OK"
"TCGA-KIRC","d98b9775-6abc-48fa-a229-39442a7291d7","TCGA-B0-5080-01A-01R-1503-07","TCGA-B0-5080","Primary Tumor","CD68","ENSG00000129226.14",0.1077,"OK"
"TCGA-KIRC","6ebb7461-432b-4ca5-b709-54ea97a634cc","TCGA-B0-4827-01A-02R-1420-07","TCGA-B0-4827","Primary Tumor","PTPRC","ENSG00000081237.20",31.5655,"OK"
"TCGA-KIRC","6ebb7461-432b-4ca5-b709-54ea97a634cc","TCGA-B0-4827-01A-02R-1420-07","TCGA-B0-4827","Primary Tumor","CD3D","ENSG00000167286.10",42.8837,"OK"
"TCGA-KIRC","6ebb7461-432b-4ca5-b709-54ea97a634cc","TCGA-B0-4827-01A-02R-1420-07","TCGA-B0-4827","Primary Tumor","CD3E","ENSG00000198851.10",43.1048,"OK"
"TCGA-KIRC","6ebb7461-432b-4ca5-b709-54ea97a634cc","TCGA-B0-4827-01A-02R-1420-07","TCGA-B0-4827","Primary Tumor","MS4A1","ENSG00000156738.18",0.8859,"OK"
"TCGA-KIRC","6ebb7461-432b-4ca5-b709-54ea97a634cc","TCGA-B0-4827-01A-02R-1420-07","TCGA-B0-4827","Primary Tumor","CD79A","ENSG00000105369.10",55.5241,"OK"
"TCGA-KIRC","6ebb7461-432b-4ca5-b709-54ea97a634cc","TCGA-B0-4827-01A-02R-1420-07","TCGA-B0-4827","Primary Tumor","NKG7","ENSG00000105374.10",112.6692,"OK"
"TCGA-KIRC","6ebb7461-432b-4ca5-b709-54ea97a634cc","TCGA-B0-4827-01A-02R-1420-07","TCGA-B0-4827","Primary Tumor","LST1","ENSG00000204482.11",23.4147,"OK"
"TCGA-KIRC","6ebb7461-432b-4ca5-b709-54ea97a634cc","TCGA-B0-4827-01A-02R-1420-07","TCGA-B0-4827","Primary Tumor","TYROBP","ENSG00000011600.12",373.5321,"OK"
"TCGA-KIRC","6ebb7461-432b-4ca5-b709-54ea97a634cc","TCGA-B0-4827-01A-02R-1420-07","TCGA-B0-4827","Primary Tumor","FCER1G","ENSG00000158869.11",211.0391,"OK"
"TCGA-KIRC","6ebb7461-432b-4ca5-b709-54ea97a634cc","TCGA-B0-4827-01A-02R-1420-07","TCGA-B0-4827","Primary Tumor","CD68","ENSG00000129226.14",0.282,"OK"
"TCGA-KIRC","b0b5583a-d348-4a65-bea4-d4046eac0f76","TCGA-G6-A8L7-01A-11R-A37O-07","TCGA-G6-A8L7","Primary Tumor","PTPRC","ENSG00000081237.20",2.012,"OK"
"TCGA-KIRC","b0b5583a-d348-4a65-bea4-d4046eac0f76","TCGA-G6-A8L7-01A-11R-A37O-07","TCGA-G6-A8L7","Primary Tumor","CD3D","ENSG00000167286.10",31.3675,"OK"
"TCGA-KIRC","b0b5583a-d348-4a65-bea4-d4046eac0f76","TCGA-G6-A8L7-01A-11R-A37O-07","TCGA-G6-A8L7","Primary Tumor","CD3E","ENSG00000198851.10",18.3962,"OK"
"TCGA-KIRC","b0b5583a-d348-4a65-bea4-d4046eac0f76","TCGA-G6-A8L7-01A-11R-A37O-07","TCGA-G6-A8L7","Primary Tumor","MS4A1","ENSG00000156738.18",0.3131,"OK"
"TCGA-KIRC","b0b5583a-d348-4a65-bea4-d4046eac0f76","TCGA-G6-A8L7-01A-11R-A37O-07","TCGA-G6-A8L7","Primary Tumor","CD79A","ENSG00000105369.10",3.8896,"OK"
"TCGA-KIRC","b0b5583a-d348-4a65-bea4-d4046eac0f76","TCGA-G6-A8L7-01A-11R-A37O-07","TCGA-G6-A8L7","Primary Tumor","NKG7","ENSG00000105374.10",97.2219,"OK"
"TCGA-KIRC","b0b5583a-d348-4a65-bea4-d4046eac0f76","TCGA-G6-A8L7-01A-11R-A37O-07","TCGA-G6-A8L7","Primary Tumor","LST1","ENSG00000204482.11",11.0661,"OK"
"TCGA-KIRC","b0b5583a-d348-4a65-bea4-d4046eac0f76","TCGA-G6-A8L7-01A-11R-A37O-07","TCGA-G6-A8L7","Primary Tumor","TYROBP","ENSG00000011600.12",71.1395,"OK"
"TCGA-KIRC","b0b5583a-d348-4a65-bea4-d4046eac0f76","TCGA-G6-A8L7-01A-11R-A37O-07","TCGA-G6-A8L7","Primary Tumor","FCER1G","ENSG00000158869.11",26.7268,"OK"
"TCGA-KIRC","b0b5583a-d348-4a65-bea4-d4046eac0f76","TCGA-G6-A8L7-01A-11R-A37O-07","TCGA-G6-A8L7","Primary Tumor","CD68","ENSG00000129226.14",0.2762,"OK"
"TCGA-KIRC","baec403c-9fb4-4b2e-898b-ef8399d0157e","TCGA-CJ-4901-01A-01R-1426-07","TCGA-CJ-4901","Primary Tumor","PTPRC","ENSG00000081237.20",67.6208,"OK"
"TCGA-KIRC","baec403c-9fb4-4b2e-898b-ef8399d0157e","TCGA-CJ-4901-01A-01R-1426-07","TCGA-CJ-4901","Primary Tumor","CD3D","ENSG00000167286.10",105.0384,"OK"
"TCGA-KIRC","baec403c-9fb4-4b2e-898b-ef8399d0157e","TCGA-CJ-4901-01A-01R-1426-07","TCGA-CJ-4901","Primary Tumor","CD3E","ENSG00000198851.10",88.1429,"OK"
"TCGA-KIRC","baec403c-9fb4-4b2e-898b-ef8399d0157e","TCGA-CJ-4901-01A-01R-1426-07","TCGA-CJ-4901","Primary Tumor","MS4A1","ENSG00000156738.18",4.7459,"OK"
"TCGA-KIRC","baec403c-9fb4-4b2e-898b-ef8399d0157e","TCGA-CJ-4901-01A-01R-1426-07","TCGA-CJ-4901","Primary Tumor","CD79A","ENSG00000105369.10",42.8942,"OK"
"TCGA-KIRC","baec403c-9fb4-4b2e-898b-ef8399d0157e","TCGA-CJ-4901-01A-01R-1426-07","TCGA-CJ-4901","Primary Tumor","NKG7","ENSG00000105374.10",251.8766,"OK"
"TCGA-KIRC","baec403c-9fb4-4b2e-898b-ef8399d0157e","TCGA-CJ-4901-01A-01R-1426-07","TCGA-CJ-4901","Primary Tumor","LST1","ENSG00000204482.11",32.7262,"OK"
"TCGA-KIRC","baec403c-9fb4-4b2e-898b-ef8399d0157e","TCGA-CJ-4901-01A-01R-1426-07","TCGA-CJ-4901","Primary Tumor","TYROBP","ENSG00000011600.12",412.0948,"OK"
"TCGA-KIRC","baec403c-9fb4-4b2e-898b-ef8399d0157e","TCGA-CJ-4901-01A-01R-1426-07","TCGA-CJ-4901","Primary Tumor","FCER1G","ENSG00000158869.11",282.0109,"OK"
"TCGA-KIRC","baec403c-9fb4-4b2e-898b-ef8399d0157e","TCGA-CJ-4901-01A-01R-1426-07","TCGA-CJ-4901","Primary Tumor","CD68","ENSG00000129226.14",0.3376,"OK"
"TCGA-KIRC","7ef1199e-aedb-4470-81a1-70d93655154b","TCGA-BP-4162-01A-02R-1325-07","TCGA-BP-4162","Primary Tumor","PTPRC","ENSG00000081237.20",66.137,"OK"
"TCGA-KIRC","7ef1199e-aedb-4470-81a1-70d93655154b","TCGA-BP-4162-01A-02R-1325-07","TCGA-BP-4162","Primary Tumor","CD3D","ENSG00000167286.10",68.2166,"OK"
"TCGA-KIRC","7ef1199e-aedb-4470-81a1-70d93655154b","TCGA-BP-4162-01A-02R-1325-07","TCGA-BP-4162","Primary Tumor","CD3E","ENSG00000198851.10",62.4417,"OK"
"TCGA-KIRC","7ef1199e-aedb-4470-81a1-70d93655154b","TCGA-BP-4162-01A-02R-1325-07","TCGA-BP-4162","Primary Tumor","MS4A1","ENSG00000156738.18",2.094,"OK"
"TCGA-KIRC","7ef1199e-aedb-4470-81a1-70d93655154b","TCGA-BP-4162-01A-02R-1325-07","TCGA-BP-4162","Primary Tumor","CD79A","ENSG00000105369.10",5.4501,"OK"
"TCGA-KIRC","7ef1199e-aedb-4470-81a1-70d93655154b","TCGA-BP-4162-01A-02R-1325-07","TCGA-BP-4162","Primary Tumor","NKG7","ENSG00000105374.10",209.4361,"OK"
"TCGA-KIRC","7ef1199e-aedb-4470-81a1-70d93655154b","TCGA-BP-4162-01A-02R-1325-07","TCGA-BP-4162","Primary Tumor","LST1","ENSG00000204482.11",24.9767,"OK"
"TCGA-KIRC","7ef1199e-aedb-4470-81a1-70d93655154b","TCGA-BP-4162-01A-02R-1325-07","TCGA-BP-4162","Primary Tumor","TYROBP","ENSG00000011600.12",329.649,"OK"
"TCGA-KIRC","7ef1199e-aedb-4470-81a1-70d93655154b","TCGA-BP-4162-01A-02R-1325-07","TCGA-BP-4162","Primary Tumor","FCER1G","ENSG00000158869.11",217.2099,"OK"
"TCGA-KIRC","7ef1199e-aedb-4470-81a1-70d93655154b","TCGA-BP-4162-01A-02R-1325-07","TCGA-BP-4162","Primary Tumor","CD68","ENSG00000129226.14",0.1368,"OK"
"TCGA-KIRC","5226aa23-2d1c-4b1a-b967-e473b0ea042a","TCGA-A3-3324-01A-02R-1325-07","TCGA-A3-3324","Primary Tumor","PTPRC","ENSG00000081237.20",32.1079,"OK"
"TCGA-KIRC","5226aa23-2d1c-4b1a-b967-e473b0ea042a","TCGA-A3-3324-01A-02R-1325-07","TCGA-A3-3324","Primary Tumor","CD3D","ENSG00000167286.10",33.0347,"OK"
"TCGA-KIRC","5226aa23-2d1c-4b1a-b967-e473b0ea042a","TCGA-A3-3324-01A-02R-1325-07","TCGA-A3-3324","Primary Tumor","CD3E","ENSG00000198851.10",30.4358,"OK"
"TCGA-KIRC","5226aa23-2d1c-4b1a-b967-e473b0ea042a","TCGA-A3-3324-01A-02R-1325-07","TCGA-A3-3324","Primary Tumor","MS4A1","ENSG00000156738.18",0.6657,"OK"
"TCGA-KIRC","5226aa23-2d1c-4b1a-b967-e473b0ea042a","TCGA-A3-3324-01A-02R-1325-07","TCGA-A3-3324","Primary Tumor","CD79A","ENSG00000105369.10",1.1138,"OK"
"TCGA-KIRC","5226aa23-2d1c-4b1a-b967-e473b0ea042a","TCGA-A3-3324-01A-02R-1325-07","TCGA-A3-3324","Primary Tumor","NKG7","ENSG00000105374.10",69.1046,"OK"
"TCGA-KIRC","5226aa23-2d1c-4b1a-b967-e473b0ea042a","TCGA-A3-3324-01A-02R-1325-07","TCGA-A3-3324","Primary Tumor","LST1","ENSG00000204482.11",20.1263,"OK"
"TCGA-KIRC","5226aa23-2d1c-4b1a-b967-e473b0ea042a","TCGA-A3-3324-01A-02R-1325-07","TCGA-A3-3324","Primary Tumor","TYROBP","ENSG00000011600.12",200.2107,"OK"
"TCGA-KIRC","5226aa23-2d1c-4b1a-b967-e473b0ea042a","TCGA-A3-3324-01A-02R-1325-07","TCGA-A3-3324","Primary Tumor","FCER1G","ENSG00000158869.11",127.6679,"OK"
"TCGA-KIRC","5226aa23-2d1c-4b1a-b967-e473b0ea042a","TCGA-A3-3324-01A-02R-1325-07","TCGA-A3-3324","Primary Tumor","CD68","ENSG00000129226.14",0.1258,"OK"
"TCGA-KIRC","d2e585d1-2b92-44f3-b2f4-1351e7c529ac","TCGA-A3-A6NN-01A-12R-A33J-07","TCGA-A3-A6NN","Primary Tumor","PTPRC","ENSG00000081237.20",42.8111,"OK"
"TCGA-KIRC","d2e585d1-2b92-44f3-b2f4-1351e7c529ac","TCGA-A3-A6NN-01A-12R-A33J-07","TCGA-A3-A6NN","Primary Tumor","CD3D","ENSG00000167286.10",31.1465,"OK"
"TCGA-KIRC","d2e585d1-2b92-44f3-b2f4-1351e7c529ac","TCGA-A3-A6NN-01A-12R-A33J-07","TCGA-A3-A6NN","Primary Tumor","CD3E","ENSG00000198851.10",25.3973,"OK"
"TCGA-KIRC","d2e585d1-2b92-44f3-b2f4-1351e7c529ac","TCGA-A3-A6NN-01A-12R-A33J-07","TCGA-A3-A6NN","Primary Tumor","MS4A1","ENSG00000156738.18",0.4892,"OK"
"TCGA-KIRC","d2e585d1-2b92-44f3-b2f4-1351e7c529ac","TCGA-A3-A6NN-01A-12R-A33J-07","TCGA-A3-A6NN","Primary Tumor","CD79A","ENSG00000105369.10",1.2255,"OK"
"TCGA-KIRC","d2e585d1-2b92-44f3-b2f4-1351e7c529ac","TCGA-A3-A6NN-01A-12R-A33J-07","TCGA-A3-A6NN","Primary Tumor","NKG7","ENSG00000105374.10",147.5421,"OK"
"TCGA-KIRC","d2e585d1-2b92-44f3-b2f4-1351e7c529ac","TCGA-A3-A6NN-01A-12R-A33J-07","TCGA-A3-A6NN","Primary Tumor","LST1","ENSG00000204482.11",31.4414,"OK"
"TCGA-KIRC","d2e585d1-2b92-44f3-b2f4-1351e7c529ac","TCGA-A3-A6NN-01A-12R-A33J-07","TCGA-A3-A6NN","Primary Tumor","TYROBP","ENSG00000011600.12",303.8763,"OK"
"TCGA-KIRC","d2e585d1-2b92-44f3-b2f4-1351e7c529ac","TCGA-A3-A6NN-01A-12R-A33J-07","TCGA-A3-A6NN","Primary Tumor","FCER1G","ENSG00000158869.11",155.9825,"OK"
"TCGA-KIRC","d2e585d1-2b92-44f3-b2f4-1351e7c529ac","TCGA-A3-A6NN-01A-12R-A33J-07","TCGA-A3-A6NN","Primary Tumor","CD68","ENSG00000129226.14",0.1904,"OK"
"TCGA-KIRC","b3ec1f99-73cb-4414-b6b2-c075dc3b5589","TCGA-B0-5707-01A-11R-1541-07","TCGA-B0-5707","Primary Tumor","PTPRC","ENSG00000081237.20",9.276,"OK"
"TCGA-KIRC","b3ec1f99-73cb-4414-b6b2-c075dc3b5589","TCGA-B0-5707-01A-11R-1541-07","TCGA-B0-5707","Primary Tumor","CD3D","ENSG00000167286.10",9.8321,"OK"
"TCGA-KIRC","b3ec1f99-73cb-4414-b6b2-c075dc3b5589","TCGA-B0-5707-01A-11R-1541-07","TCGA-B0-5707","Primary Tumor","CD3E","ENSG00000198851.10",10.1479,"OK"
"TCGA-KIRC","b3ec1f99-73cb-4414-b6b2-c075dc3b5589","TCGA-B0-5707-01A-11R-1541-07","TCGA-B0-5707","Primary Tumor","MS4A1","ENSG00000156738.18",1.4978,"OK"
"TCGA-KIRC","b3ec1f99-73cb-4414-b6b2-c075dc3b5589","TCGA-B0-5707-01A-11R-1541-07","TCGA-B0-5707","Primary Tumor","CD79A","ENSG00000105369.10",7.9482,"OK"
"TCGA-KIRC","b3ec1f99-73cb-4414-b6b2-c075dc3b5589","TCGA-B0-5707-01A-11R-1541-07","TCGA-B0-5707","Primary Tumor","NKG7","ENSG00000105374.10",16.7954,"OK"
"TCGA-KIRC","b3ec1f99-73cb-4414-b6b2-c075dc3b5589","TCGA-B0-5707-01A-11R-1541-07","TCGA-B0-5707","Primary Tumor","LST1","ENSG00000204482.11",17.5467,"OK"
"TCGA-KIRC","b3ec1f99-73cb-4414-b6b2-c075dc3b5589","TCGA-B0-5707-01A-11R-1541-07","TCGA-B0-5707","Primary Tumor","TYROBP","ENSG00000011600.12",279.1453,"OK"
"TCGA-KIRC","b3ec1f99-73cb-4414-b6b2-c075dc3b5589","TCGA-B0-5707-01A-11R-1541-07","TCGA-B0-5707","Primary Tumor","FCER1G","ENSG00000158869.11",134.8458,"OK"
"TCGA-KIRC","b3ec1f99-73cb-4414-b6b2-c075dc3b5589","TCGA-B0-5707-01A-11R-1541-07","TCGA-B0-5707","Primary Tumor","CD68","ENSG00000129226.14",0.1283,"OK"
"TCGA-KIRC","4fc55db0-591e-4931-91c3-75d515504117","TCGA-CJ-4885-01A-01R-1305-07","TCGA-CJ-4885","Primary Tumor","PTPRC","ENSG00000081237.20",10.5829,"OK"
"TCGA-KIRC","4fc55db0-591e-4931-91c3-75d515504117","TCGA-CJ-4885-01A-01R-1305-07","TCGA-CJ-4885","Primary Tumor","CD3D","ENSG00000167286.10",17.7996,"OK"
"TCGA-KIRC","4fc55db0-591e-4931-91c3-75d515504117","TCGA-CJ-4885-01A-01R-1305-07","TCGA-CJ-4885","Primary Tumor","CD3E","ENSG00000198851.10",10.6775,"OK"
"TCGA-KIRC","4fc55db0-591e-4931-91c3-75d515504117","TCGA-CJ-4885-01A-01R-1305-07","TCGA-CJ-4885","Primary Tumor","MS4A1","ENSG00000156738.18",0.2028,"OK"
"TCGA-KIRC","4fc55db0-591e-4931-91c3-75d515504117","TCGA-CJ-4885-01A-01R-1305-07","TCGA-CJ-4885","Primary Tumor","CD79A","ENSG00000105369.10",2.1592,"OK"
"TCGA-KIRC","4fc55db0-591e-4931-91c3-75d515504117","TCGA-CJ-4885-01A-01R-1305-07","TCGA-CJ-4885","Primary Tumor","NKG7","ENSG00000105374.10",44.7959,"OK"
"TCGA-KIRC","4fc55db0-591e-4931-91c3-75d515504117","TCGA-CJ-4885-01A-01R-1305-07","TCGA-CJ-4885","Primary Tumor","LST1","ENSG00000204482.11",20.1441,"OK"
"TCGA-KIRC","4fc55db0-591e-4931-91c3-75d515504117","TCGA-CJ-4885-01A-01R-1305-07","TCGA-CJ-4885","Primary Tumor","TYROBP","ENSG00000011600.12",214.6919,"OK"
"TCGA-KIRC","4fc55db0-591e-4931-91c3-75d515504117","TCGA-CJ-4885-01A-01R-1305-07","TCGA-CJ-4885","Primary Tumor","FCER1G","ENSG00000158869.11",86.6993,"OK"
"TCGA-KIRC","4fc55db0-591e-4931-91c3-75d515504117","TCGA-CJ-4885-01A-01R-1305-07","TCGA-CJ-4885","Primary Tumor","CD68","ENSG00000129226.14",0,"OK"
"TCGA-KIRC","3fcab96a-b477-48f8-8acd-5c8b76e0c952","TCGA-A3-3349-01A-01R-1188-07","TCGA-A3-3349","Primary Tumor","PTPRC","ENSG00000081237.20",30.4414,"OK"
"TCGA-KIRC","3fcab96a-b477-48f8-8acd-5c8b76e0c952","TCGA-A3-3349-01A-01R-1188-07","TCGA-A3-3349","Primary Tumor","CD3D","ENSG00000167286.10",19.8329,"OK"
"TCGA-KIRC","3fcab96a-b477-48f8-8acd-5c8b76e0c952","TCGA-A3-3349-01A-01R-1188-07","TCGA-A3-3349","Primary Tumor","CD3E","ENSG00000198851.10",21.7605,"OK"
"TCGA-KIRC","3fcab96a-b477-48f8-8acd-5c8b76e0c952","TCGA-A3-3349-01A-01R-1188-07","TCGA-A3-3349","Primary Tumor","MS4A1","ENSG00000156738.18",0.9065,"OK"
"TCGA-KIRC","3fcab96a-b477-48f8-8acd-5c8b76e0c952","TCGA-A3-3349-01A-01R-1188-07","TCGA-A3-3349","Primary Tumor","CD79A","ENSG00000105369.10",3.5096,"OK"
"TCGA-KIRC","3fcab96a-b477-48f8-8acd-5c8b76e0c952","TCGA-A3-3349-01A-01R-1188-07","TCGA-A3-3349","Primary Tumor","NKG7","ENSG00000105374.10",121.0395,"OK"
"TCGA-KIRC","3fcab96a-b477-48f8-8acd-5c8b76e0c952","TCGA-A3-3349-01A-01R-1188-07","TCGA-A3-3349","Primary Tumor","LST1","ENSG00000204482.11",23.6434,"OK"
"TCGA-KIRC","3fcab96a-b477-48f8-8acd-5c8b76e0c952","TCGA-A3-3349-01A-01R-1188-07","TCGA-A3-3349","Primary Tumor","TYROBP","ENSG00000011600.12",318.9708,"OK"
"TCGA-KIRC","3fcab96a-b477-48f8-8acd-5c8b76e0c952","TCGA-A3-3349-01A-01R-1188-07","TCGA-A3-3349","Primary Tumor","FCER1G","ENSG00000158869.11",218.7218,"OK"
"TCGA-KIRC","3fcab96a-b477-48f8-8acd-5c8b76e0c952","TCGA-A3-3349-01A-01R-1188-07","TCGA-A3-3349","Primary Tumor","CD68","ENSG00000129226.14",0.0727,"OK"
"TCGA-KIRC","71b8a9c9-4822-4b40-be0b-0c06b485975a","TCGA-B8-5551-01A-01R-1541-07","TCGA-B8-5551","Primary Tumor","PTPRC","ENSG00000081237.20",88.6278,"OK"
"TCGA-KIRC","71b8a9c9-4822-4b40-be0b-0c06b485975a","TCGA-B8-5551-01A-01R-1541-07","TCGA-B8-5551","Primary Tumor","CD3D","ENSG00000167286.10",100.3554,"OK"
"TCGA-KIRC","71b8a9c9-4822-4b40-be0b-0c06b485975a","TCGA-B8-5551-01A-01R-1541-07","TCGA-B8-5551","Primary Tumor","CD3E","ENSG00000198851.10",85.9573,"OK"
"TCGA-KIRC","71b8a9c9-4822-4b40-be0b-0c06b485975a","TCGA-B8-5551-01A-01R-1541-07","TCGA-B8-5551","Primary Tumor","MS4A1","ENSG00000156738.18",3.8061,"OK"
"TCGA-KIRC","71b8a9c9-4822-4b40-be0b-0c06b485975a","TCGA-B8-5551-01A-01R-1541-07","TCGA-B8-5551","Primary Tumor","CD79A","ENSG00000105369.10",148.506,"OK"
"TCGA-KIRC","71b8a9c9-4822-4b40-be0b-0c06b485975a","TCGA-B8-5551-01A-01R-1541-07","TCGA-B8-5551","Primary Tumor","NKG7","ENSG00000105374.10",302.5445,"OK"
"TCGA-KIRC","71b8a9c9-4822-4b40-be0b-0c06b485975a","TCGA-B8-5551-01A-01R-1541-07","TCGA-B8-5551","Primary Tumor","LST1","ENSG00000204482.11",49.6518,"OK"
"TCGA-KIRC","71b8a9c9-4822-4b40-be0b-0c06b485975a","TCGA-B8-5551-01A-01R-1541-07","TCGA-B8-5551","Primary Tumor","TYROBP","ENSG00000011600.12",1020.5971,"OK"
"TCGA-KIRC","71b8a9c9-4822-4b40-be0b-0c06b485975a","TCGA-B8-5551-01A-01R-1541-07","TCGA-B8-5551","Primary Tumor","FCER1G","ENSG00000158869.11",582.7035,"OK"
"TCGA-KIRC","71b8a9c9-4822-4b40-be0b-0c06b485975a","TCGA-B8-5551-01A-01R-1541-07","TCGA-B8-5551","Primary Tumor","CD68","ENSG00000129226.14",0.1842,"OK"
"TCGA-KIRC","90dddb30-1084-4127-b1fe-42ccbece28d5","TCGA-B0-4843-01A-01R-1277-07","TCGA-B0-4843","Primary Tumor","PTPRC","ENSG00000081237.20",4.8521,"OK"
"TCGA-KIRC","90dddb30-1084-4127-b1fe-42ccbece28d5","TCGA-B0-4843-01A-01R-1277-07","TCGA-B0-4843","Primary Tumor","CD3D","ENSG00000167286.10",16.342,"OK"
"TCGA-KIRC","90dddb30-1084-4127-b1fe-42ccbece28d5","TCGA-B0-4843-01A-01R-1277-07","TCGA-B0-4843","Primary Tumor","CD3E","ENSG00000198851.10",10.0852,"OK"
"TCGA-KIRC","90dddb30-1084-4127-b1fe-42ccbece28d5","TCGA-B0-4843-01A-01R-1277-07","TCGA-B0-4843","Primary Tumor","MS4A1","ENSG00000156738.18",1.1023,"OK"
"TCGA-KIRC","90dddb30-1084-4127-b1fe-42ccbece28d5","TCGA-B0-4843-01A-01R-1277-07","TCGA-B0-4843","Primary Tumor","CD79A","ENSG00000105369.10",2.3083,"OK"
"TCGA-KIRC","90dddb30-1084-4127-b1fe-42ccbece28d5","TCGA-B0-4843-01A-01R-1277-07","TCGA-B0-4843","Primary Tumor","NKG7","ENSG00000105374.10",28.9455,"OK"
"TCGA-KIRC","90dddb30-1084-4127-b1fe-42ccbece28d5","TCGA-B0-4843-01A-01R-1277-07","TCGA-B0-4843","Primary Tumor","LST1","ENSG00000204482.11",21.0003,"OK"
"TCGA-KIRC","90dddb30-1084-4127-b1fe-42ccbece28d5","TCGA-B0-4843-01A-01R-1277-07","TCGA-B0-4843","Primary Tumor","TYROBP","ENSG00000011600.12",125.9753,"OK"
"TCGA-KIRC","90dddb30-1084-4127-b1fe-42ccbece28d5","TCGA-B0-4843-01A-01R-1277-07","TCGA-B0-4843","Primary Tumor","FCER1G","ENSG00000158869.11",70.3087,"OK"
"TCGA-KIRC","90dddb30-1084-4127-b1fe-42ccbece28d5","TCGA-B0-4843-01A-01R-1277-07","TCGA-B0-4843","Primary Tumor","CD68","ENSG00000129226.14",0.0486,"OK"
"TCGA-KIRC","86fef024-a657-476b-89c5-adb5477597ea","TCGA-B0-4696-01A-01R-1277-07","TCGA-B0-4696","Primary Tumor","PTPRC","ENSG00000081237.20",31.3267,"OK"
"TCGA-KIRC","86fef024-a657-476b-89c5-adb5477597ea","TCGA-B0-4696-01A-01R-1277-07","TCGA-B0-4696","Primary Tumor","CD3D","ENSG00000167286.10",1.3763,"OK"
"TCGA-KIRC","86fef024-a657-476b-89c5-adb5477597ea","TCGA-B0-4696-01A-01R-1277-07","TCGA-B0-4696","Primary Tumor","CD3E","ENSG00000198851.10",0.8684,"OK"
"TCGA-KIRC","86fef024-a657-476b-89c5-adb5477597ea","TCGA-B0-4696-01A-01R-1277-07","TCGA-B0-4696","Primary Tumor","MS4A1","ENSG00000156738.18",0.0605,"OK"
"TCGA-KIRC","86fef024-a657-476b-89c5-adb5477597ea","TCGA-B0-4696-01A-01R-1277-07","TCGA-B0-4696","Primary Tumor","CD79A","ENSG00000105369.10",0.7875,"OK"
"TCGA-KIRC","86fef024-a657-476b-89c5-adb5477597ea","TCGA-B0-4696-01A-01R-1277-07","TCGA-B0-4696","Primary Tumor","NKG7","ENSG00000105374.10",3.0296,"OK"
"TCGA-KIRC","86fef024-a657-476b-89c5-adb5477597ea","TCGA-B0-4696-01A-01R-1277-07","TCGA-B0-4696","Primary Tumor","LST1","ENSG00000204482.11",6.5381,"OK"
"TCGA-KIRC","86fef024-a657-476b-89c5-adb5477597ea","TCGA-B0-4696-01A-01R-1277-07","TCGA-B0-4696","Primary Tumor","TYROBP","ENSG00000011600.12",127.8278,"OK"
"TCGA-KIRC","86fef024-a657-476b-89c5-adb5477597ea","TCGA-B0-4696-01A-01R-1277-07","TCGA-B0-4696","Primary Tumor","FCER1G","ENSG00000158869.11",162.3888,"OK"
"TCGA-KIRC","86fef024-a657-476b-89c5-adb5477597ea","TCGA-B0-4696-01A-01R-1277-07","TCGA-B0-4696","Primary Tumor","CD68","ENSG00000129226.14",0.1779,"OK"
"TCGA-KIRC","2b0106c5-7e32-423b-957f-06c9f2e7751b","TCGA-AK-3444-01A-02R-1325-07","TCGA-AK-3444","Primary Tumor","PTPRC","ENSG00000081237.20",18.6158,"OK"
"TCGA-KIRC","2b0106c5-7e32-423b-957f-06c9f2e7751b","TCGA-AK-3444-01A-02R-1325-07","TCGA-AK-3444","Primary Tumor","CD3D","ENSG00000167286.10",22.9004,"OK"
"TCGA-KIRC","2b0106c5-7e32-423b-957f-06c9f2e7751b","TCGA-AK-3444-01A-02R-1325-07","TCGA-AK-3444","Primary Tumor","CD3E","ENSG00000198851.10",25.3879,"OK"
"TCGA-KIRC","2b0106c5-7e32-423b-957f-06c9f2e7751b","TCGA-AK-3444-01A-02R-1325-07","TCGA-AK-3444","Primary Tumor","MS4A1","ENSG00000156738.18",0.548,"OK"
"TCGA-KIRC","2b0106c5-7e32-423b-957f-06c9f2e7751b","TCGA-AK-3444-01A-02R-1325-07","TCGA-AK-3444","Primary Tumor","CD79A","ENSG00000105369.10",3.0881,"OK"
"TCGA-KIRC","2b0106c5-7e32-423b-957f-06c9f2e7751b","TCGA-AK-3444-01A-02R-1325-07","TCGA-AK-3444","Primary Tumor","NKG7","ENSG00000105374.10",98.5177,"OK"
"TCGA-KIRC","2b0106c5-7e32-423b-957f-06c9f2e7751b","TCGA-AK-3444-01A-02R-1325-07","TCGA-AK-3444","Primary Tumor","LST1","ENSG00000204482.11",14.1844,"OK"
"TCGA-KIRC","2b0106c5-7e32-423b-957f-06c9f2e7751b","TCGA-AK-3444-01A-02R-1325-07","TCGA-AK-3444","Primary Tumor","TYROBP","ENSG00000011600.12",147.264,"OK"
"TCGA-KIRC","2b0106c5-7e32-423b-957f-06c9f2e7751b","TCGA-AK-3444-01A-02R-1325-07","TCGA-AK-3444","Primary Tumor","FCER1G","ENSG00000158869.11",88.9378,"OK"
"TCGA-KIRC","2b0106c5-7e32-423b-957f-06c9f2e7751b","TCGA-AK-3444-01A-02R-1325-07","TCGA-AK-3444","Primary Tumor","CD68","ENSG00000129226.14",0.0742,"OK"
"TCGA-KIRC","1bce44b6-268e-4858-8b49-747045752331","TCGA-AK-3461-01A-02R-1277-07","TCGA-AK-3461","Primary Tumor","PTPRC","ENSG00000081237.20",34.5967,"OK"
"TCGA-KIRC","1bce44b6-268e-4858-8b49-747045752331","TCGA-AK-3461-01A-02R-1277-07","TCGA-AK-3461","Primary Tumor","CD3D","ENSG00000167286.10",28.2761,"OK"
"TCGA-KIRC","1bce44b6-268e-4858-8b49-747045752331","TCGA-AK-3461-01A-02R-1277-07","TCGA-AK-3461","Primary Tumor","CD3E","ENSG00000198851.10",30.3425,"OK"
"TCGA-KIRC","1bce44b6-268e-4858-8b49-747045752331","TCGA-AK-3461-01A-02R-1277-07","TCGA-AK-3461","Primary Tumor","MS4A1","ENSG00000156738.18",1.3376,"OK"
"TCGA-KIRC","1bce44b6-268e-4858-8b49-747045752331","TCGA-AK-3461-01A-02R-1277-07","TCGA-AK-3461","Primary Tumor","CD79A","ENSG00000105369.10",3.9354,"OK"
"TCGA-KIRC","1bce44b6-268e-4858-8b49-747045752331","TCGA-AK-3461-01A-02R-1277-07","TCGA-AK-3461","Primary Tumor","NKG7","ENSG00000105374.10",94.5292,"OK"
"TCGA-KIRC","1bce44b6-268e-4858-8b49-747045752331","TCGA-AK-3461-01A-02R-1277-07","TCGA-AK-3461","Primary Tumor","LST1","ENSG00000204482.11",24.1817,"OK"
"TCGA-KIRC","1bce44b6-268e-4858-8b49-747045752331","TCGA-AK-3461-01A-02R-1277-07","TCGA-AK-3461","Primary Tumor","TYROBP","ENSG00000011600.12",200.585,"OK"
"TCGA-KIRC","1bce44b6-268e-4858-8b49-747045752331","TCGA-AK-3461-01A-02R-1277-07","TCGA-AK-3461","Primary Tumor","FCER1G","ENSG00000158869.11",107.3823,"OK"
"TCGA-KIRC","1bce44b6-268e-4858-8b49-747045752331","TCGA-AK-3461-01A-02R-1277-07","TCGA-AK-3461","Primary Tumor","CD68","ENSG00000129226.14",0,"OK"
"TCGA-KIRC","9bb09a78-1bcb-43af-8cd9-d0adee31d5d4","TCGA-CJ-5676-01A-11R-1541-07","TCGA-CJ-5676","Primary Tumor","PTPRC","ENSG00000081237.20",15.1013,"OK"
"TCGA-KIRC","9bb09a78-1bcb-43af-8cd9-d0adee31d5d4","TCGA-CJ-5676-01A-11R-1541-07","TCGA-CJ-5676","Primary Tumor","CD3D","ENSG00000167286.10",45.8315,"OK"
"TCGA-KIRC","9bb09a78-1bcb-43af-8cd9-d0adee31d5d4","TCGA-CJ-5676-01A-11R-1541-07","TCGA-CJ-5676","Primary Tumor","CD3E","ENSG00000198851.10",44.0042,"OK"
"TCGA-KIRC","9bb09a78-1bcb-43af-8cd9-d0adee31d5d4","TCGA-CJ-5676-01A-11R-1541-07","TCGA-CJ-5676","Primary Tumor","MS4A1","ENSG00000156738.18",1.5021,"OK"
"TCGA-KIRC","9bb09a78-1bcb-43af-8cd9-d0adee31d5d4","TCGA-CJ-5676-01A-11R-1541-07","TCGA-CJ-5676","Primary Tumor","CD79A","ENSG00000105369.10",18.2271,"OK"
"TCGA-KIRC","9bb09a78-1bcb-43af-8cd9-d0adee31d5d4","TCGA-CJ-5676-01A-11R-1541-07","TCGA-CJ-5676","Primary Tumor","NKG7","ENSG00000105374.10",86.8313,"OK"
"TCGA-KIRC","9bb09a78-1bcb-43af-8cd9-d0adee31d5d4","TCGA-CJ-5676-01A-11R-1541-07","TCGA-CJ-5676","Primary Tumor","LST1","ENSG00000204482.11",27.2534,"OK"
"TCGA-KIRC","9bb09a78-1bcb-43af-8cd9-d0adee31d5d4","TCGA-CJ-5676-01A-11R-1541-07","TCGA-CJ-5676","Primary Tumor","TYROBP","ENSG00000011600.12",361.5734,"OK"
"TCGA-KIRC","9bb09a78-1bcb-43af-8cd9-d0adee31d5d4","TCGA-CJ-5676-01A-11R-1541-07","TCGA-CJ-5676","Primary Tumor","FCER1G","ENSG00000158869.11",197.1213,"OK"
"TCGA-KIRC","9bb09a78-1bcb-43af-8cd9-d0adee31d5d4","TCGA-CJ-5676-01A-11R-1541-07","TCGA-CJ-5676","Primary Tumor","CD68","ENSG00000129226.14",0.2192,"OK"
"TCGA-KIRC","6054b034-7dfc-4bb6-973f-ab26ff94c578","TCGA-B0-5706-11A-01R-1541-07","TCGA-B0-5706","Solid Tissue Normal","PTPRC","ENSG00000081237.20",1.3889,"OK"
"TCGA-KIRC","6054b034-7dfc-4bb6-973f-ab26ff94c578","TCGA-B0-5706-11A-01R-1541-07","TCGA-B0-5706","Solid Tissue Normal","CD3D","ENSG00000167286.10",1.9871,"OK"
"TCGA-KIRC","6054b034-7dfc-4bb6-973f-ab26ff94c578","TCGA-B0-5706-11A-01R-1541-07","TCGA-B0-5706","Solid Tissue Normal","CD3E","ENSG00000198851.10",2.1837,"OK"
"TCGA-KIRC","6054b034-7dfc-4bb6-973f-ab26ff94c578","TCGA-B0-5706-11A-01R-1541-07","TCGA-B0-5706","Solid Tissue Normal","MS4A1","ENSG00000156738.18",0.0854,"OK"
"TCGA-KIRC","6054b034-7dfc-4bb6-973f-ab26ff94c578","TCGA-B0-5706-11A-01R-1541-07","TCGA-B0-5706","Solid Tissue Normal","CD79A","ENSG00000105369.10",0.379,"OK"
"TCGA-KIRC","6054b034-7dfc-4bb6-973f-ab26ff94c578","TCGA-B0-5706-11A-01R-1541-07","TCGA-B0-5706","Solid Tissue Normal","NKG7","ENSG00000105374.10",2.3781,"OK"
"TCGA-KIRC","6054b034-7dfc-4bb6-973f-ab26ff94c578","TCGA-B0-5706-11A-01R-1541-07","TCGA-B0-5706","Solid Tissue Normal","LST1","ENSG00000204482.11",2.0767,"OK"
"TCGA-KIRC","6054b034-7dfc-4bb6-973f-ab26ff94c578","TCGA-B0-5706-11A-01R-1541-07","TCGA-B0-5706","Solid Tissue Normal","TYROBP","ENSG00000011600.12",9.6029,"OK"
"TCGA-KIRC","6054b034-7dfc-4bb6-973f-ab26ff94c578","TCGA-B0-5706-11A-01R-1541-07","TCGA-B0-5706","Solid Tissue Normal","FCER1G","ENSG00000158869.11",5.7592,"OK"
"TCGA-KIRC","6054b034-7dfc-4bb6-973f-ab26ff94c578","TCGA-B0-5706-11A-01R-1541-07","TCGA-B0-5706","Solid Tissue Normal","CD68","ENSG00000129226.14",0.0235,"OK"
"TCGA-KIRC","a5f24f1a-a847-41da-a4ad-9f55b12ce08e","TCGA-CJ-4868-01A-01R-1305-07","TCGA-CJ-4868","Primary Tumor","PTPRC","ENSG00000081237.20",42.6695,"OK"
"TCGA-KIRC","a5f24f1a-a847-41da-a4ad-9f55b12ce08e","TCGA-CJ-4868-01A-01R-1305-07","TCGA-CJ-4868","Primary Tumor","CD3D","ENSG00000167286.10",64.9531,"OK"
"TCGA-KIRC","a5f24f1a-a847-41da-a4ad-9f55b12ce08e","TCGA-CJ-4868-01A-01R-1305-07","TCGA-CJ-4868","Primary Tumor","CD3E","ENSG00000198851.10",59.1833,"OK"
"TCGA-KIRC","a5f24f1a-a847-41da-a4ad-9f55b12ce08e","TCGA-CJ-4868-01A-01R-1305-07","TCGA-CJ-4868","Primary Tumor","MS4A1","ENSG00000156738.18",1.6381,"OK"
"TCGA-KIRC","a5f24f1a-a847-41da-a4ad-9f55b12ce08e","TCGA-CJ-4868-01A-01R-1305-07","TCGA-CJ-4868","Primary Tumor","CD79A","ENSG00000105369.10",8.4761,"OK"
"TCGA-KIRC","a5f24f1a-a847-41da-a4ad-9f55b12ce08e","TCGA-CJ-4868-01A-01R-1305-07","TCGA-CJ-4868","Primary Tumor","NKG7","ENSG00000105374.10",174.9899,"OK"
"TCGA-KIRC","a5f24f1a-a847-41da-a4ad-9f55b12ce08e","TCGA-CJ-4868-01A-01R-1305-07","TCGA-CJ-4868","Primary Tumor","LST1","ENSG00000204482.11",39.7618,"OK"
"TCGA-KIRC","a5f24f1a-a847-41da-a4ad-9f55b12ce08e","TCGA-CJ-4868-01A-01R-1305-07","TCGA-CJ-4868","Primary Tumor","TYROBP","ENSG00000011600.12",502.7196,"OK"
"TCGA-KIRC","a5f24f1a-a847-41da-a4ad-9f55b12ce08e","TCGA-CJ-4868-01A-01R-1305-07","TCGA-CJ-4868","Primary Tumor","FCER1G","ENSG00000158869.11",333.1566,"OK"
"TCGA-KIRC","a5f24f1a-a847-41da-a4ad-9f55b12ce08e","TCGA-CJ-4868-01A-01R-1305-07","TCGA-CJ-4868","Primary Tumor","CD68","ENSG00000129226.14",0.2363,"OK"
"TCGA-KIRC","5e794eb4-35eb-4932-9cae-8130fd8b5804","TCGA-A3-3326-01A-01R-0864-07","TCGA-A3-3326","Primary Tumor","PTPRC","ENSG00000081237.20",55.3004,"OK"
"TCGA-KIRC","5e794eb4-35eb-4932-9cae-8130fd8b5804","TCGA-A3-3326-01A-01R-0864-07","TCGA-A3-3326","Primary Tumor","CD3D","ENSG00000167286.10",53.018,"OK"
"TCGA-KIRC","5e794eb4-35eb-4932-9cae-8130fd8b5804","TCGA-A3-3326-01A-01R-0864-07","TCGA-A3-3326","Primary Tumor","CD3E","ENSG00000198851.10",50.635,"OK"
"TCGA-KIRC","5e794eb4-35eb-4932-9cae-8130fd8b5804","TCGA-A3-3326-01A-01R-0864-07","TCGA-A3-3326","Primary Tumor","MS4A1","ENSG00000156738.18",1.221,"OK"
"TCGA-KIRC","5e794eb4-35eb-4932-9cae-8130fd8b5804","TCGA-A3-3326-01A-01R-0864-07","TCGA-A3-3326","Primary Tumor","CD79A","ENSG00000105369.10",12.9001,"OK"
"TCGA-KIRC","5e794eb4-35eb-4932-9cae-8130fd8b5804","TCGA-A3-3326-01A-01R-0864-07","TCGA-A3-3326","Primary Tumor","NKG7","ENSG00000105374.10",73.6819,"OK"
"TCGA-KIRC","5e794eb4-35eb-4932-9cae-8130fd8b5804","TCGA-A3-3326-01A-01R-0864-07","TCGA-A3-3326","Primary Tumor","LST1","ENSG00000204482.11",38.5986,"OK"
"TCGA-KIRC","5e794eb4-35eb-4932-9cae-8130fd8b5804","TCGA-A3-3326-01A-01R-0864-07","TCGA-A3-3326","Primary Tumor","TYROBP","ENSG00000011600.12",373.947,"OK"
"TCGA-KIRC","5e794eb4-35eb-4932-9cae-8130fd8b5804","TCGA-A3-3326-01A-01R-0864-07","TCGA-A3-3326","Primary Tumor","FCER1G","ENSG00000158869.11",207.3921,"OK"
"TCGA-KIRC","5e794eb4-35eb-4932-9cae-8130fd8b5804","TCGA-A3-3326-01A-01R-0864-07","TCGA-A3-3326","Primary Tumor","CD68","ENSG00000129226.14",0.1879,"OK"
"TCGA-KIRC","24f43a2c-0df0-464c-a4ef-80be1aa203df","TCGA-CJ-5679-11A-01R-1541-07","TCGA-CJ-5679","Solid Tissue Normal","PTPRC","ENSG00000081237.20",14.8971,"OK"
"TCGA-KIRC","24f43a2c-0df0-464c-a4ef-80be1aa203df","TCGA-CJ-5679-11A-01R-1541-07","TCGA-CJ-5679","Solid Tissue Normal","CD3D","ENSG00000167286.10",11.0206,"OK"
"TCGA-KIRC","24f43a2c-0df0-464c-a4ef-80be1aa203df","TCGA-CJ-5679-11A-01R-1541-07","TCGA-CJ-5679","Solid Tissue Normal","CD3E","ENSG00000198851.10",14.1491,"OK"
"TCGA-KIRC","24f43a2c-0df0-464c-a4ef-80be1aa203df","TCGA-CJ-5679-11A-01R-1541-07","TCGA-CJ-5679","Solid Tissue Normal","MS4A1","ENSG00000156738.18",2.5059,"OK"
"TCGA-KIRC","24f43a2c-0df0-464c-a4ef-80be1aa203df","TCGA-CJ-5679-11A-01R-1541-07","TCGA-CJ-5679","Solid Tissue Normal","CD79A","ENSG00000105369.10",8.7842,"OK"
"TCGA-KIRC","24f43a2c-0df0-464c-a4ef-80be1aa203df","TCGA-CJ-5679-11A-01R-1541-07","TCGA-CJ-5679","Solid Tissue Normal","NKG7","ENSG00000105374.10",15.2653,"OK"
"TCGA-KIRC","24f43a2c-0df0-464c-a4ef-80be1aa203df","TCGA-CJ-5679-11A-01R-1541-07","TCGA-CJ-5679","Solid Tissue Normal","LST1","ENSG00000204482.11",5.8845,"OK"
"TCGA-KIRC","24f43a2c-0df0-464c-a4ef-80be1aa203df","TCGA-CJ-5679-11A-01R-1541-07","TCGA-CJ-5679","Solid Tissue Normal","TYROBP","ENSG00000011600.12",49.7436,"OK"
"TCGA-KIRC","24f43a2c-0df0-464c-a4ef-80be1aa203df","TCGA-CJ-5679-11A-01R-1541-07","TCGA-CJ-5679","Solid Tissue Normal","FCER1G","ENSG00000158869.11",30.9983,"OK"
"TCGA-KIRC","24f43a2c-0df0-464c-a4ef-80be1aa203df","TCGA-CJ-5679-11A-01R-1541-07","TCGA-CJ-5679","Solid Tissue Normal","CD68","ENSG00000129226.14",0,"OK"
"TCGA-KIRC","ff07dd5a-7b2d-47ed-8a6b-400b3c5c8db4","TCGA-B0-5113-01A-01R-1420-07","TCGA-B0-5113","Primary Tumor","PTPRC","ENSG00000081237.20",51.8825,"OK"
"TCGA-KIRC","ff07dd5a-7b2d-47ed-8a6b-400b3c5c8db4","TCGA-B0-5113-01A-01R-1420-07","TCGA-B0-5113","Primary Tumor","CD3D","ENSG00000167286.10",46.7393,"OK"
"TCGA-KIRC","ff07dd5a-7b2d-47ed-8a6b-400b3c5c8db4","TCGA-B0-5113-01A-01R-1420-07","TCGA-B0-5113","Primary Tumor","CD3E","ENSG00000198851.10",42.0781,"OK"
"TCGA-KIRC","ff07dd5a-7b2d-47ed-8a6b-400b3c5c8db4","TCGA-B0-5113-01A-01R-1420-07","TCGA-B0-5113","Primary Tumor","MS4A1","ENSG00000156738.18",6.4413,"OK"
"TCGA-KIRC","ff07dd5a-7b2d-47ed-8a6b-400b3c5c8db4","TCGA-B0-5113-01A-01R-1420-07","TCGA-B0-5113","Primary Tumor","CD79A","ENSG00000105369.10",14.838,"OK"
"TCGA-KIRC","ff07dd5a-7b2d-47ed-8a6b-400b3c5c8db4","TCGA-B0-5113-01A-01R-1420-07","TCGA-B0-5113","Primary Tumor","NKG7","ENSG00000105374.10",61.0561,"OK"
"TCGA-KIRC","ff07dd5a-7b2d-47ed-8a6b-400b3c5c8db4","TCGA-B0-5113-01A-01R-1420-07","TCGA-B0-5113","Primary Tumor","LST1","ENSG00000204482.11",24.856,"OK"
"TCGA-KIRC","ff07dd5a-7b2d-47ed-8a6b-400b3c5c8db4","TCGA-B0-5113-01A-01R-1420-07","TCGA-B0-5113","Primary Tumor","TYROBP","ENSG00000011600.12",215.6528,"OK"
"TCGA-KIRC","ff07dd5a-7b2d-47ed-8a6b-400b3c5c8db4","TCGA-B0-5113-01A-01R-1420-07","TCGA-B0-5113","Primary Tumor","FCER1G","ENSG00000158869.11",134.526,"OK"
"TCGA-KIRC","ff07dd5a-7b2d-47ed-8a6b-400b3c5c8db4","TCGA-B0-5113-01A-01R-1420-07","TCGA-B0-5113","Primary Tumor","CD68","ENSG00000129226.14",0.0268,"OK"
"TCGA-KIRC","c909d244-ad90-42b8-8cb9-b12a878bdbfa","TCGA-CJ-5679-01A-11R-1541-07","TCGA-CJ-5679","Primary Tumor","PTPRC","ENSG00000081237.20",3.2892,"OK"
"TCGA-KIRC","c909d244-ad90-42b8-8cb9-b12a878bdbfa","TCGA-CJ-5679-01A-11R-1541-07","TCGA-CJ-5679","Primary Tumor","CD3D","ENSG00000167286.10",6.106,"OK"
"TCGA-KIRC","c909d244-ad90-42b8-8cb9-b12a878bdbfa","TCGA-CJ-5679-01A-11R-1541-07","TCGA-CJ-5679","Primary Tumor","CD3E","ENSG00000198851.10",6.4553,"OK"
"TCGA-KIRC","c909d244-ad90-42b8-8cb9-b12a878bdbfa","TCGA-CJ-5679-01A-11R-1541-07","TCGA-CJ-5679","Primary Tumor","MS4A1","ENSG00000156738.18",0.0328,"OK"
"TCGA-KIRC","c909d244-ad90-42b8-8cb9-b12a878bdbfa","TCGA-CJ-5679-01A-11R-1541-07","TCGA-CJ-5679","Primary Tumor","CD79A","ENSG00000105369.10",0.3882,"OK"
"TCGA-KIRC","c909d244-ad90-42b8-8cb9-b12a878bdbfa","TCGA-CJ-5679-01A-11R-1541-07","TCGA-CJ-5679","Primary Tumor","NKG7","ENSG00000105374.10",21.9793,"OK"
"TCGA-KIRC","c909d244-ad90-42b8-8cb9-b12a878bdbfa","TCGA-CJ-5679-01A-11R-1541-07","TCGA-CJ-5679","Primary Tumor","LST1","ENSG00000204482.11",6.6559,"OK"
"TCGA-KIRC","c909d244-ad90-42b8-8cb9-b12a878bdbfa","TCGA-CJ-5679-01A-11R-1541-07","TCGA-CJ-5679","Primary Tumor","TYROBP","ENSG00000011600.12",95.8318,"OK"
"TCGA-KIRC","c909d244-ad90-42b8-8cb9-b12a878bdbfa","TCGA-CJ-5679-01A-11R-1541-07","TCGA-CJ-5679","Primary Tumor","FCER1G","ENSG00000158869.11",46.111,"OK"
"TCGA-KIRC","c909d244-ad90-42b8-8cb9-b12a878bdbfa","TCGA-CJ-5679-01A-11R-1541-07","TCGA-CJ-5679","Primary Tumor","CD68","ENSG00000129226.14",1.0372,"OK"
"TCGA-KIRC","8d2de4ab-6e9a-40e6-b9ec-8c3c78e7f19c","TCGA-B0-5115-01A-01R-1420-07","TCGA-B0-5115","Primary Tumor","PTPRC","ENSG00000081237.20",32.8506,"OK"
"TCGA-KIRC","8d2de4ab-6e9a-40e6-b9ec-8c3c78e7f19c","TCGA-B0-5115-01A-01R-1420-07","TCGA-B0-5115","Primary Tumor","CD3D","ENSG00000167286.10",28.3483,"OK"
"TCGA-KIRC","8d2de4ab-6e9a-40e6-b9ec-8c3c78e7f19c","TCGA-B0-5115-01A-01R-1420-07","TCGA-B0-5115","Primary Tumor","CD3E","ENSG00000198851.10",30.9195,"OK"
"TCGA-KIRC","8d2de4ab-6e9a-40e6-b9ec-8c3c78e7f19c","TCGA-B0-5115-01A-01R-1420-07","TCGA-B0-5115","Primary Tumor","MS4A1","ENSG00000156738.18",0.4658,"OK"
"TCGA-KIRC","8d2de4ab-6e9a-40e6-b9ec-8c3c78e7f19c","TCGA-B0-5115-01A-01R-1420-07","TCGA-B0-5115","Primary Tumor","CD79A","ENSG00000105369.10",1.9214,"OK"
"TCGA-KIRC","8d2de4ab-6e9a-40e6-b9ec-8c3c78e7f19c","TCGA-B0-5115-01A-01R-1420-07","TCGA-B0-5115","Primary Tumor","NKG7","ENSG00000105374.10",69.7052,"OK"
"TCGA-KIRC","8d2de4ab-6e9a-40e6-b9ec-8c3c78e7f19c","TCGA-B0-5115-01A-01R-1420-07","TCGA-B0-5115","Primary Tumor","LST1","ENSG00000204482.11",25.1435,"OK"
"TCGA-KIRC","8d2de4ab-6e9a-40e6-b9ec-8c3c78e7f19c","TCGA-B0-5115-01A-01R-1420-07","TCGA-B0-5115","Primary Tumor","TYROBP","ENSG00000011600.12",202.4116,"OK"
"TCGA-KIRC","8d2de4ab-6e9a-40e6-b9ec-8c3c78e7f19c","TCGA-B0-5115-01A-01R-1420-07","TCGA-B0-5115","Primary Tumor","FCER1G","ENSG00000158869.11",106.2794,"OK"
"TCGA-KIRC","8d2de4ab-6e9a-40e6-b9ec-8c3c78e7f19c","TCGA-B0-5115-01A-01R-1420-07","TCGA-B0-5115","Primary Tumor","CD68","ENSG00000129226.14",0.2221,"OK"
"TCGA-KIRC","68aef922-b430-4183-baf0-fd980deaeaa0","TCGA-BP-4787-01A-01R-1305-07","TCGA-BP-4787","Primary Tumor","PTPRC","ENSG00000081237.20",42.1404,"OK"
"TCGA-KIRC","68aef922-b430-4183-baf0-fd980deaeaa0","TCGA-BP-4787-01A-01R-1305-07","TCGA-BP-4787","Primary Tumor","CD3D","ENSG00000167286.10",21.3652,"OK"
"TCGA-KIRC","68aef922-b430-4183-baf0-fd980deaeaa0","TCGA-BP-4787-01A-01R-1305-07","TCGA-BP-4787","Primary Tumor","CD3E","ENSG00000198851.10",20.1498,"OK"
"TCGA-KIRC","68aef922-b430-4183-baf0-fd980deaeaa0","TCGA-BP-4787-01A-01R-1305-07","TCGA-BP-4787","Primary Tumor","MS4A1","ENSG00000156738.18",0.4939,"OK"
"TCGA-KIRC","68aef922-b430-4183-baf0-fd980deaeaa0","TCGA-BP-4787-01A-01R-1305-07","TCGA-BP-4787","Primary Tumor","CD79A","ENSG00000105369.10",2.4269,"OK"
"TCGA-KIRC","68aef922-b430-4183-baf0-fd980deaeaa0","TCGA-BP-4787-01A-01R-1305-07","TCGA-BP-4787","Primary Tumor","NKG7","ENSG00000105374.10",51.7467,"OK"
"TCGA-KIRC","68aef922-b430-4183-baf0-fd980deaeaa0","TCGA-BP-4787-01A-01R-1305-07","TCGA-BP-4787","Primary Tumor","LST1","ENSG00000204482.11",34.823,"OK"
"TCGA-KIRC","68aef922-b430-4183-baf0-fd980deaeaa0","TCGA-BP-4787-01A-01R-1305-07","TCGA-BP-4787","Primary Tumor","TYROBP","ENSG00000011600.12",433.1501,"OK"
"TCGA-KIRC","68aef922-b430-4183-baf0-fd980deaeaa0","TCGA-BP-4787-01A-01R-1305-07","TCGA-BP-4787","Primary Tumor","FCER1G","ENSG00000158869.11",282.4072,"OK"
"TCGA-KIRC","68aef922-b430-4183-baf0-fd980deaeaa0","TCGA-BP-4787-01A-01R-1305-07","TCGA-BP-4787","Primary Tumor","CD68","ENSG00000129226.14",0.5585,"OK"
"TCGA-KIRC","aa2b77af-1803-4f20-8a29-5fa8c40c319a","TCGA-CW-5589-01A-01R-1541-07","TCGA-CW-5589","Primary Tumor","PTPRC","ENSG00000081237.20",29.1258,"OK"
"TCGA-KIRC","aa2b77af-1803-4f20-8a29-5fa8c40c319a","TCGA-CW-5589-01A-01R-1541-07","TCGA-CW-5589","Primary Tumor","CD3D","ENSG00000167286.10",19.6095,"OK"
"TCGA-KIRC","aa2b77af-1803-4f20-8a29-5fa8c40c319a","TCGA-CW-5589-01A-01R-1541-07","TCGA-CW-5589","Primary Tumor","CD3E","ENSG00000198851.10",20.4018,"OK"
"TCGA-KIRC","aa2b77af-1803-4f20-8a29-5fa8c40c319a","TCGA-CW-5589-01A-01R-1541-07","TCGA-CW-5589","Primary Tumor","MS4A1","ENSG00000156738.18",0.9377,"OK"
"TCGA-KIRC","aa2b77af-1803-4f20-8a29-5fa8c40c319a","TCGA-CW-5589-01A-01R-1541-07","TCGA-CW-5589","Primary Tumor","CD79A","ENSG00000105369.10",8.6527,"OK"
"TCGA-KIRC","aa2b77af-1803-4f20-8a29-5fa8c40c319a","TCGA-CW-5589-01A-01R-1541-07","TCGA-CW-5589","Primary Tumor","NKG7","ENSG00000105374.10",93.7294,"OK"
"TCGA-KIRC","aa2b77af-1803-4f20-8a29-5fa8c40c319a","TCGA-CW-5589-01A-01R-1541-07","TCGA-CW-5589","Primary Tumor","LST1","ENSG00000204482.11",31.2061,"OK"
"TCGA-KIRC","aa2b77af-1803-4f20-8a29-5fa8c40c319a","TCGA-CW-5589-01A-01R-1541-07","TCGA-CW-5589","Primary Tumor","TYROBP","ENSG00000011600.12",378.0981,"OK"
"TCGA-KIRC","aa2b77af-1803-4f20-8a29-5fa8c40c319a","TCGA-CW-5589-01A-01R-1541-07","TCGA-CW-5589","Primary Tumor","FCER1G","ENSG00000158869.11",175.2526,"OK"
"TCGA-KIRC","aa2b77af-1803-4f20-8a29-5fa8c40c319a","TCGA-CW-5589-01A-01R-1541-07","TCGA-CW-5589","Primary Tumor","CD68","ENSG00000129226.14",0.1477,"OK"
"TCGA-KIRC","5013520a-e7b1-4171-865c-f5a624741432","TCGA-B4-5838-01A-11R-1672-07","TCGA-B4-5838","Primary Tumor","PTPRC","ENSG00000081237.20",23.5305,"OK"
"TCGA-KIRC","5013520a-e7b1-4171-865c-f5a624741432","TCGA-B4-5838-01A-11R-1672-07","TCGA-B4-5838","Primary Tumor","CD3D","ENSG00000167286.10",17.0493,"OK"
"TCGA-KIRC","5013520a-e7b1-4171-865c-f5a624741432","TCGA-B4-5838-01A-11R-1672-07","TCGA-B4-5838","Primary Tumor","CD3E","ENSG00000198851.10",16.8043,"OK"
"TCGA-KIRC","5013520a-e7b1-4171-865c-f5a624741432","TCGA-B4-5838-01A-11R-1672-07","TCGA-B4-5838","Primary Tumor","MS4A1","ENSG00000156738.18",1.2005,"OK"
"TCGA-KIRC","5013520a-e7b1-4171-865c-f5a624741432","TCGA-B4-5838-01A-11R-1672-07","TCGA-B4-5838","Primary Tumor","CD79A","ENSG00000105369.10",3.2517,"OK"
"TCGA-KIRC","5013520a-e7b1-4171-865c-f5a624741432","TCGA-B4-5838-01A-11R-1672-07","TCGA-B4-5838","Primary Tumor","NKG7","ENSG00000105374.10",44.4246,"OK"
"TCGA-KIRC","5013520a-e7b1-4171-865c-f5a624741432","TCGA-B4-5838-01A-11R-1672-07","TCGA-B4-5838","Primary Tumor","LST1","ENSG00000204482.11",7.6638,"OK"
"TCGA-KIRC","5013520a-e7b1-4171-865c-f5a624741432","TCGA-B4-5838-01A-11R-1672-07","TCGA-B4-5838","Primary Tumor","TYROBP","ENSG00000011600.12",86.15,"OK"
"TCGA-KIRC","5013520a-e7b1-4171-865c-f5a624741432","TCGA-B4-5838-01A-11R-1672-07","TCGA-B4-5838","Primary Tumor","FCER1G","ENSG00000158869.11",94.3439,"OK"
"TCGA-KIRC","5013520a-e7b1-4171-865c-f5a624741432","TCGA-B4-5838-01A-11R-1672-07","TCGA-B4-5838","Primary Tumor","CD68","ENSG00000129226.14",0.0348,"OK"
"TCGA-KIRC","378d47c4-4eda-40d5-ae71-6601a9e63191","TCGA-B0-5700-01A-11R-1541-07","TCGA-B0-5700","Primary Tumor","PTPRC","ENSG00000081237.20",7.3002,"OK"
"TCGA-KIRC","378d47c4-4eda-40d5-ae71-6601a9e63191","TCGA-B0-5700-01A-11R-1541-07","TCGA-B0-5700","Primary Tumor","CD3D","ENSG00000167286.10",17.9158,"OK"
"TCGA-KIRC","378d47c4-4eda-40d5-ae71-6601a9e63191","TCGA-B0-5700-01A-11R-1541-07","TCGA-B0-5700","Primary Tumor","CD3E","ENSG00000198851.10",17.0959,"OK"
"TCGA-KIRC","378d47c4-4eda-40d5-ae71-6601a9e63191","TCGA-B0-5700-01A-11R-1541-07","TCGA-B0-5700","Primary Tumor","MS4A1","ENSG00000156738.18",0.3079,"OK"
"TCGA-KIRC","378d47c4-4eda-40d5-ae71-6601a9e63191","TCGA-B0-5700-01A-11R-1541-07","TCGA-B0-5700","Primary Tumor","CD79A","ENSG00000105369.10",2.2896,"OK"
"TCGA-KIRC","378d47c4-4eda-40d5-ae71-6601a9e63191","TCGA-B0-5700-01A-11R-1541-07","TCGA-B0-5700","Primary Tumor","NKG7","ENSG00000105374.10",48.6738,"OK"
"TCGA-KIRC","378d47c4-4eda-40d5-ae71-6601a9e63191","TCGA-B0-5700-01A-11R-1541-07","TCGA-B0-5700","Primary Tumor","LST1","ENSG00000204482.11",17.4455,"OK"
"TCGA-KIRC","378d47c4-4eda-40d5-ae71-6601a9e63191","TCGA-B0-5700-01A-11R-1541-07","TCGA-B0-5700","Primary Tumor","TYROBP","ENSG00000011600.12",247.2799,"OK"
"TCGA-KIRC","378d47c4-4eda-40d5-ae71-6601a9e63191","TCGA-B0-5700-01A-11R-1541-07","TCGA-B0-5700","Primary Tumor","FCER1G","ENSG00000158869.11",106.5717,"OK"
"TCGA-KIRC","378d47c4-4eda-40d5-ae71-6601a9e63191","TCGA-B0-5700-01A-11R-1541-07","TCGA-B0-5700","Primary Tumor","CD68","ENSG00000129226.14",0.1617,"OK"
"TCGA-KIRC","5cbfa01a-86a9-467e-9efa-7ae47bce3587","TCGA-A3-A6NL-01A-11R-A33J-07","TCGA-A3-A6NL","Primary Tumor","PTPRC","ENSG00000081237.20",37.4609,"OK"
"TCGA-KIRC","5cbfa01a-86a9-467e-9efa-7ae47bce3587","TCGA-A3-A6NL-01A-11R-A33J-07","TCGA-A3-A6NL","Primary Tumor","CD3D","ENSG00000167286.10",35.4091,"OK"
"TCGA-KIRC","5cbfa01a-86a9-467e-9efa-7ae47bce3587","TCGA-A3-A6NL-01A-11R-A33J-07","TCGA-A3-A6NL","Primary Tumor","CD3E","ENSG00000198851.10",25.8199,"OK"
"TCGA-KIRC","5cbfa01a-86a9-467e-9efa-7ae47bce3587","TCGA-A3-A6NL-01A-11R-A33J-07","TCGA-A3-A6NL","Primary Tumor","MS4A1","ENSG00000156738.18",1.2705,"OK"
"TCGA-KIRC","5cbfa01a-86a9-467e-9efa-7ae47bce3587","TCGA-A3-A6NL-01A-11R-A33J-07","TCGA-A3-A6NL","Primary Tumor","CD79A","ENSG00000105369.10",7.0416,"OK"
"TCGA-KIRC","5cbfa01a-86a9-467e-9efa-7ae47bce3587","TCGA-A3-A6NL-01A-11R-A33J-07","TCGA-A3-A6NL","Primary Tumor","NKG7","ENSG00000105374.10",104.1995,"OK"
"TCGA-KIRC","5cbfa01a-86a9-467e-9efa-7ae47bce3587","TCGA-A3-A6NL-01A-11R-A33J-07","TCGA-A3-A6NL","Primary Tumor","LST1","ENSG00000204482.11",44.4747,"OK"
"TCGA-KIRC","5cbfa01a-86a9-467e-9efa-7ae47bce3587","TCGA-A3-A6NL-01A-11R-A33J-07","TCGA-A3-A6NL","Primary Tumor","TYROBP","ENSG00000011600.12",415.7262,"OK"
"TCGA-KIRC","5cbfa01a-86a9-467e-9efa-7ae47bce3587","TCGA-A3-A6NL-01A-11R-A33J-07","TCGA-A3-A6NL","Primary Tumor","FCER1G","ENSG00000158869.11",198.5865,"OK"
"TCGA-KIRC","5cbfa01a-86a9-467e-9efa-7ae47bce3587","TCGA-A3-A6NL-01A-11R-A33J-07","TCGA-A3-A6NL","Primary Tumor","CD68","ENSG00000129226.14",0.1535,"OK"
"TCGA-KIRC","0897b313-4bb5-4b3c-8146-6b90b58b904c","TCGA-B8-5550-01A-01R-1541-07","TCGA-B8-5550","Primary Tumor","PTPRC","ENSG00000081237.20",30.2926,"OK"
"TCGA-KIRC","0897b313-4bb5-4b3c-8146-6b90b58b904c","TCGA-B8-5550-01A-01R-1541-07","TCGA-B8-5550","Primary Tumor","CD3D","ENSG00000167286.10",27.8415,"OK"
"TCGA-KIRC","0897b313-4bb5-4b3c-8146-6b90b58b904c","TCGA-B8-5550-01A-01R-1541-07","TCGA-B8-5550","Primary Tumor","CD3E","ENSG00000198851.10",25.4323,"OK"
"TCGA-KIRC","0897b313-4bb5-4b3c-8146-6b90b58b904c","TCGA-B8-5550-01A-01R-1541-07","TCGA-B8-5550","Primary Tumor","MS4A1","ENSG00000156738.18",0.219,"OK"
"TCGA-KIRC","0897b313-4bb5-4b3c-8146-6b90b58b904c","TCGA-B8-5550-01A-01R-1541-07","TCGA-B8-5550","Primary Tumor","CD79A","ENSG00000105369.10",1.8132,"OK"
"TCGA-KIRC","0897b313-4bb5-4b3c-8146-6b90b58b904c","TCGA-B8-5550-01A-01R-1541-07","TCGA-B8-5550","Primary Tumor","NKG7","ENSG00000105374.10",43.6582,"OK"
"TCGA-KIRC","0897b313-4bb5-4b3c-8146-6b90b58b904c","TCGA-B8-5550-01A-01R-1541-07","TCGA-B8-5550","Primary Tumor","LST1","ENSG00000204482.11",19.5738,"OK"
"TCGA-KIRC","0897b313-4bb5-4b3c-8146-6b90b58b904c","TCGA-B8-5550-01A-01R-1541-07","TCGA-B8-5550","Primary Tumor","TYROBP","ENSG00000011600.12",346.5006,"OK"
"TCGA-KIRC","0897b313-4bb5-4b3c-8146-6b90b58b904c","TCGA-B8-5550-01A-01R-1541-07","TCGA-B8-5550","Primary Tumor","FCER1G","ENSG00000158869.11",164.0445,"OK"
"TCGA-KIRC","0897b313-4bb5-4b3c-8146-6b90b58b904c","TCGA-B8-5550-01A-01R-1541-07","TCGA-B8-5550","Primary Tumor","CD68","ENSG00000129226.14",0.0805,"OK"
"TCGA-KIRC","ab53ebb6-2f7e-42ed-a46a-b2a541472fe7","TCGA-CZ-5455-01A-01R-1503-07","TCGA-CZ-5455","Primary Tumor","PTPRC","ENSG00000081237.20",108.7982,"OK"
"TCGA-KIRC","ab53ebb6-2f7e-42ed-a46a-b2a541472fe7","TCGA-CZ-5455-01A-01R-1503-07","TCGA-CZ-5455","Primary Tumor","CD3D","ENSG00000167286.10",101.3176,"OK"
"TCGA-KIRC","ab53ebb6-2f7e-42ed-a46a-b2a541472fe7","TCGA-CZ-5455-01A-01R-1503-07","TCGA-CZ-5455","Primary Tumor","CD3E","ENSG00000198851.10",75.0775,"OK"
"TCGA-KIRC","ab53ebb6-2f7e-42ed-a46a-b2a541472fe7","TCGA-CZ-5455-01A-01R-1503-07","TCGA-CZ-5455","Primary Tumor","MS4A1","ENSG00000156738.18",1.0799,"OK"
"TCGA-KIRC","ab53ebb6-2f7e-42ed-a46a-b2a541472fe7","TCGA-CZ-5455-01A-01R-1503-07","TCGA-CZ-5455","Primary Tumor","CD79A","ENSG00000105369.10",2.963,"OK"
"TCGA-KIRC","ab53ebb6-2f7e-42ed-a46a-b2a541472fe7","TCGA-CZ-5455-01A-01R-1503-07","TCGA-CZ-5455","Primary Tumor","NKG7","ENSG00000105374.10",199.0833,"OK"
"TCGA-KIRC","ab53ebb6-2f7e-42ed-a46a-b2a541472fe7","TCGA-CZ-5455-01A-01R-1503-07","TCGA-CZ-5455","Primary Tumor","LST1","ENSG00000204482.11",34.6129,"OK"
"TCGA-KIRC","ab53ebb6-2f7e-42ed-a46a-b2a541472fe7","TCGA-CZ-5455-01A-01R-1503-07","TCGA-CZ-5455","Primary Tumor","TYROBP","ENSG00000011600.12",501.8592,"OK"
"TCGA-KIRC","ab53ebb6-2f7e-42ed-a46a-b2a541472fe7","TCGA-CZ-5455-01A-01R-1503-07","TCGA-CZ-5455","Primary Tumor","FCER1G","ENSG00000158869.11",349.6485,"OK"
"TCGA-KIRC","ab53ebb6-2f7e-42ed-a46a-b2a541472fe7","TCGA-CZ-5455-01A-01R-1503-07","TCGA-CZ-5455","Primary Tumor","CD68","ENSG00000129226.14",0.06,"OK"
"TCGA-KIRC","5eae461a-399f-4f2b-ab9a-e92aba32ce14","TCGA-CJ-4870-01A-01R-1305-07","TCGA-CJ-4870","Primary Tumor","PTPRC","ENSG00000081237.20",9.5818,"OK"
"TCGA-KIRC","5eae461a-399f-4f2b-ab9a-e92aba32ce14","TCGA-CJ-4870-01A-01R-1305-07","TCGA-CJ-4870","Primary Tumor","CD3D","ENSG00000167286.10",11.7638,"OK"
"TCGA-KIRC","5eae461a-399f-4f2b-ab9a-e92aba32ce14","TCGA-CJ-4870-01A-01R-1305-07","TCGA-CJ-4870","Primary Tumor","CD3E","ENSG00000198851.10",10.8484,"OK"
"TCGA-KIRC","5eae461a-399f-4f2b-ab9a-e92aba32ce14","TCGA-CJ-4870-01A-01R-1305-07","TCGA-CJ-4870","Primary Tumor","MS4A1","ENSG00000156738.18",0.1551,"OK"
"TCGA-KIRC","5eae461a-399f-4f2b-ab9a-e92aba32ce14","TCGA-CJ-4870-01A-01R-1305-07","TCGA-CJ-4870","Primary Tumor","CD79A","ENSG00000105369.10",1.778,"OK"
"TCGA-KIRC","5eae461a-399f-4f2b-ab9a-e92aba32ce14","TCGA-CJ-4870-01A-01R-1305-07","TCGA-CJ-4870","Primary Tumor","NKG7","ENSG00000105374.10",36.88,"OK"
"TCGA-KIRC","5eae461a-399f-4f2b-ab9a-e92aba32ce14","TCGA-CJ-4870-01A-01R-1305-07","TCGA-CJ-4870","Primary Tumor","LST1","ENSG00000204482.11",20.4534,"OK"
"TCGA-KIRC","5eae461a-399f-4f2b-ab9a-e92aba32ce14","TCGA-CJ-4870-01A-01R-1305-07","TCGA-CJ-4870","Primary Tumor","TYROBP","ENSG00000011600.12",251.7945,"OK"
"TCGA-KIRC","5eae461a-399f-4f2b-ab9a-e92aba32ce14","TCGA-CJ-4870-01A-01R-1305-07","TCGA-CJ-4870","Primary Tumor","FCER1G","ENSG00000158869.11",100.9832,"OK"
"TCGA-KIRC","5eae461a-399f-4f2b-ab9a-e92aba32ce14","TCGA-CJ-4870-01A-01R-1305-07","TCGA-CJ-4870","Primary Tumor","CD68","ENSG00000129226.14",0.0526,"OK"
"TCGA-KIRC","714163fc-e8ac-44f4-9ea6-5ce42e628290","TCGA-BP-4345-01A-01R-1289-07","TCGA-BP-4345","Primary Tumor","PTPRC","ENSG00000081237.20",23.6131,"OK"
"TCGA-KIRC","714163fc-e8ac-44f4-9ea6-5ce42e628290","TCGA-BP-4345-01A-01R-1289-07","TCGA-BP-4345","Primary Tumor","CD3D","ENSG00000167286.10",43.5754,"OK"
"TCGA-KIRC","714163fc-e8ac-44f4-9ea6-5ce42e628290","TCGA-BP-4345-01A-01R-1289-07","TCGA-BP-4345","Primary Tumor","CD3E","ENSG00000198851.10",35.4145,"OK"
"TCGA-KIRC","714163fc-e8ac-44f4-9ea6-5ce42e628290","TCGA-BP-4345-01A-01R-1289-07","TCGA-BP-4345","Primary Tumor","MS4A1","ENSG00000156738.18",0.7981,"OK"
"TCGA-KIRC","714163fc-e8ac-44f4-9ea6-5ce42e628290","TCGA-BP-4345-01A-01R-1289-07","TCGA-BP-4345","Primary Tumor","CD79A","ENSG00000105369.10",3.7269,"OK"
"TCGA-KIRC","714163fc-e8ac-44f4-9ea6-5ce42e628290","TCGA-BP-4345-01A-01R-1289-07","TCGA-BP-4345","Primary Tumor","NKG7","ENSG00000105374.10",55.5819,"OK"
"TCGA-KIRC","714163fc-e8ac-44f4-9ea6-5ce42e628290","TCGA-BP-4345-01A-01R-1289-07","TCGA-BP-4345","Primary Tumor","LST1","ENSG00000204482.11",22.5301,"OK"
"TCGA-KIRC","714163fc-e8ac-44f4-9ea6-5ce42e628290","TCGA-BP-4345-01A-01R-1289-07","TCGA-BP-4345","Primary Tumor","TYROBP","ENSG00000011600.12",365.7543,"OK"
"TCGA-KIRC","714163fc-e8ac-44f4-9ea6-5ce42e628290","TCGA-BP-4345-01A-01R-1289-07","TCGA-BP-4345","Primary Tumor","FCER1G","ENSG00000158869.11",223.5298,"OK"
"TCGA-KIRC","714163fc-e8ac-44f4-9ea6-5ce42e628290","TCGA-BP-4345-01A-01R-1289-07","TCGA-BP-4345","Primary Tumor","CD68","ENSG00000129226.14",0.0695,"OK"
"TCGA-KIRC","d5f6a32f-e1b7-4e45-ad6b-c97ade3b1294","TCGA-A3-3346-01A-01R-1766-07","TCGA-A3-3346","Primary Tumor","PTPRC","ENSG00000081237.20",24.0343,"OK"
"TCGA-KIRC","d5f6a32f-e1b7-4e45-ad6b-c97ade3b1294","TCGA-A3-3346-01A-01R-1766-07","TCGA-A3-3346","Primary Tumor","CD3D","ENSG00000167286.10",34.1657,"OK"
"TCGA-KIRC","d5f6a32f-e1b7-4e45-ad6b-c97ade3b1294","TCGA-A3-3346-01A-01R-1766-07","TCGA-A3-3346","Primary Tumor","CD3E","ENSG00000198851.10",24.8341,"OK"
"TCGA-KIRC","d5f6a32f-e1b7-4e45-ad6b-c97ade3b1294","TCGA-A3-3346-01A-01R-1766-07","TCGA-A3-3346","Primary Tumor","MS4A1","ENSG00000156738.18",0.1714,"OK"
"TCGA-KIRC","d5f6a32f-e1b7-4e45-ad6b-c97ade3b1294","TCGA-A3-3346-01A-01R-1766-07","TCGA-A3-3346","Primary Tumor","CD79A","ENSG00000105369.10",1.7811,"OK"
"TCGA-KIRC","d5f6a32f-e1b7-4e45-ad6b-c97ade3b1294","TCGA-A3-3346-01A-01R-1766-07","TCGA-A3-3346","Primary Tumor","NKG7","ENSG00000105374.10",111.5092,"OK"
"TCGA-KIRC","d5f6a32f-e1b7-4e45-ad6b-c97ade3b1294","TCGA-A3-3346-01A-01R-1766-07","TCGA-A3-3346","Primary Tumor","LST1","ENSG00000204482.11",28.3608,"OK"
"TCGA-KIRC","d5f6a32f-e1b7-4e45-ad6b-c97ade3b1294","TCGA-A3-3346-01A-01R-1766-07","TCGA-A3-3346","Primary Tumor","TYROBP","ENSG00000011600.12",659.2983,"OK"
"TCGA-KIRC","d5f6a32f-e1b7-4e45-ad6b-c97ade3b1294","TCGA-A3-3346-01A-01R-1766-07","TCGA-A3-3346","Primary Tumor","FCER1G","ENSG00000158869.11",330.5681,"OK"
"TCGA-KIRC","d5f6a32f-e1b7-4e45-ad6b-c97ade3b1294","TCGA-A3-3346-01A-01R-1766-07","TCGA-A3-3346","Primary Tumor","CD68","ENSG00000129226.14",0.4049,"OK"
"TCGA-KIRC","255d2ed8-2b59-486a-bfe2-0ba938b9aeb6","TCGA-CZ-5986-11A-01R-1672-07","TCGA-CZ-5986","Solid Tissue Normal","PTPRC","ENSG00000081237.20",3.7086,"OK"
"TCGA-KIRC","255d2ed8-2b59-486a-bfe2-0ba938b9aeb6","TCGA-CZ-5986-11A-01R-1672-07","TCGA-CZ-5986","Solid Tissue Normal","CD3D","ENSG00000167286.10",1.3908,"OK"
"TCGA-KIRC","255d2ed8-2b59-486a-bfe2-0ba938b9aeb6","TCGA-CZ-5986-11A-01R-1672-07","TCGA-CZ-5986","Solid Tissue Normal","CD3E","ENSG00000198851.10",1.7148,"OK"
"TCGA-KIRC","255d2ed8-2b59-486a-bfe2-0ba938b9aeb6","TCGA-CZ-5986-11A-01R-1672-07","TCGA-CZ-5986","Solid Tissue Normal","MS4A1","ENSG00000156738.18",0.1534,"OK"
"TCGA-KIRC","255d2ed8-2b59-486a-bfe2-0ba938b9aeb6","TCGA-CZ-5986-11A-01R-1672-07","TCGA-CZ-5986","Solid Tissue Normal","CD79A","ENSG00000105369.10",0.4607,"OK"
"TCGA-KIRC","255d2ed8-2b59-486a-bfe2-0ba938b9aeb6","TCGA-CZ-5986-11A-01R-1672-07","TCGA-CZ-5986","Solid Tissue Normal","NKG7","ENSG00000105374.10",3.6061,"OK"
"TCGA-KIRC","255d2ed8-2b59-486a-bfe2-0ba938b9aeb6","TCGA-CZ-5986-11A-01R-1672-07","TCGA-CZ-5986","Solid Tissue Normal","LST1","ENSG00000204482.11",1.8262,"OK"
"TCGA-KIRC","255d2ed8-2b59-486a-bfe2-0ba938b9aeb6","TCGA-CZ-5986-11A-01R-1672-07","TCGA-CZ-5986","Solid Tissue Normal","TYROBP","ENSG00000011600.12",22.4053,"OK"
"TCGA-KIRC","255d2ed8-2b59-486a-bfe2-0ba938b9aeb6","TCGA-CZ-5986-11A-01R-1672-07","TCGA-CZ-5986","Solid Tissue Normal","FCER1G","ENSG00000158869.11",16.7593,"OK"
"TCGA-KIRC","255d2ed8-2b59-486a-bfe2-0ba938b9aeb6","TCGA-CZ-5986-11A-01R-1672-07","TCGA-CZ-5986","Solid Tissue Normal","CD68","ENSG00000129226.14",0,"OK"
"TCGA-KIRC","c8c7259b-9f5e-4dfc-b915-d98b02eba28b","TCGA-A3-3387-01A-01R-1541-07","TCGA-A3-3387","Primary Tumor","PTPRC","ENSG00000081237.20",51.844,"OK"
"TCGA-KIRC","c8c7259b-9f5e-4dfc-b915-d98b02eba28b","TCGA-A3-3387-01A-01R-1541-07","TCGA-A3-3387","Primary Tumor","CD3D","ENSG00000167286.10",32.6849,"OK"
"TCGA-KIRC","c8c7259b-9f5e-4dfc-b915-d98b02eba28b","TCGA-A3-3387-01A-01R-1541-07","TCGA-A3-3387","Primary Tumor","CD3E","ENSG00000198851.10",26.5979,"OK"
"TCGA-KIRC","c8c7259b-9f5e-4dfc-b915-d98b02eba28b","TCGA-A3-3387-01A-01R-1541-07","TCGA-A3-3387","Primary Tumor","MS4A1","ENSG00000156738.18",1.4294,"OK"
"TCGA-KIRC","c8c7259b-9f5e-4dfc-b915-d98b02eba28b","TCGA-A3-3387-01A-01R-1541-07","TCGA-A3-3387","Primary Tumor","CD79A","ENSG00000105369.10",9.8451,"OK"
"TCGA-KIRC","c8c7259b-9f5e-4dfc-b915-d98b02eba28b","TCGA-A3-3387-01A-01R-1541-07","TCGA-A3-3387","Primary Tumor","NKG7","ENSG00000105374.10",42.8495,"OK"
"TCGA-KIRC","c8c7259b-9f5e-4dfc-b915-d98b02eba28b","TCGA-A3-3387-01A-01R-1541-07","TCGA-A3-3387","Primary Tumor","LST1","ENSG00000204482.11",29.8911,"OK"
"TCGA-KIRC","c8c7259b-9f5e-4dfc-b915-d98b02eba28b","TCGA-A3-3387-01A-01R-1541-07","TCGA-A3-3387","Primary Tumor","TYROBP","ENSG00000011600.12",555.0028,"OK"
"TCGA-KIRC","c8c7259b-9f5e-4dfc-b915-d98b02eba28b","TCGA-A3-3387-01A-01R-1541-07","TCGA-A3-3387","Primary Tumor","FCER1G","ENSG00000158869.11",280.3934,"OK"
"TCGA-KIRC","c8c7259b-9f5e-4dfc-b915-d98b02eba28b","TCGA-A3-3387-01A-01R-1541-07","TCGA-A3-3387","Primary Tumor","CD68","ENSG00000129226.14",0.2938,"OK"
"TCGA-KIRC","bddf0976-c04a-4391-b302-732051d506c5","TCGA-B8-5549-01A-01R-1541-07","TCGA-B8-5549","Primary Tumor","PTPRC","ENSG00000081237.20",34.2258,"OK"
"TCGA-KIRC","bddf0976-c04a-4391-b302-732051d506c5","TCGA-B8-5549-01A-01R-1541-07","TCGA-B8-5549","Primary Tumor","CD3D","ENSG00000167286.10",45.8875,"OK"
"TCGA-KIRC","bddf0976-c04a-4391-b302-732051d506c5","TCGA-B8-5549-01A-01R-1541-07","TCGA-B8-5549","Primary Tumor","CD3E","ENSG00000198851.10",38.0357,"OK"
"TCGA-KIRC","bddf0976-c04a-4391-b302-732051d506c5","TCGA-B8-5549-01A-01R-1541-07","TCGA-B8-5549","Primary Tumor","MS4A1","ENSG00000156738.18",0.2702,"OK"
"TCGA-KIRC","bddf0976-c04a-4391-b302-732051d506c5","TCGA-B8-5549-01A-01R-1541-07","TCGA-B8-5549","Primary Tumor","CD79A","ENSG00000105369.10",1.9635,"OK"
"TCGA-KIRC","bddf0976-c04a-4391-b302-732051d506c5","TCGA-B8-5549-01A-01R-1541-07","TCGA-B8-5549","Primary Tumor","NKG7","ENSG00000105374.10",85.291,"OK"
"TCGA-KIRC","bddf0976-c04a-4391-b302-732051d506c5","TCGA-B8-5549-01A-01R-1541-07","TCGA-B8-5549","Primary Tumor","LST1","ENSG00000204482.11",21.4968,"OK"
"TCGA-KIRC","bddf0976-c04a-4391-b302-732051d506c5","TCGA-B8-5549-01A-01R-1541-07","TCGA-B8-5549","Primary Tumor","TYROBP","ENSG00000011600.12",241.2155,"OK"
"TCGA-KIRC","bddf0976-c04a-4391-b302-732051d506c5","TCGA-B8-5549-01A-01R-1541-07","TCGA-B8-5549","Primary Tumor","FCER1G","ENSG00000158869.11",132.0337,"OK"
"TCGA-KIRC","bddf0976-c04a-4391-b302-732051d506c5","TCGA-B8-5549-01A-01R-1541-07","TCGA-B8-5549","Primary Tumor","CD68","ENSG00000129226.14",0.1702,"OK"
"TCGA-KIRC","fc3d1c27-2956-4d74-991c-fc35d5c9ecbd","TCGA-CZ-5451-11A-01R-1503-07","TCGA-CZ-5451","Solid Tissue Normal","PTPRC","ENSG00000081237.20",4.8923,"OK"
"TCGA-KIRC","fc3d1c27-2956-4d74-991c-fc35d5c9ecbd","TCGA-CZ-5451-11A-01R-1503-07","TCGA-CZ-5451","Solid Tissue Normal","CD3D","ENSG00000167286.10",1.2194,"OK"
"TCGA-KIRC","fc3d1c27-2956-4d74-991c-fc35d5c9ecbd","TCGA-CZ-5451-11A-01R-1503-07","TCGA-CZ-5451","Solid Tissue Normal","CD3E","ENSG00000198851.10",1.9249,"OK"
"TCGA-KIRC","fc3d1c27-2956-4d74-991c-fc35d5c9ecbd","TCGA-CZ-5451-11A-01R-1503-07","TCGA-CZ-5451","Solid Tissue Normal","MS4A1","ENSG00000156738.18",0.1311,"OK"
"TCGA-KIRC","fc3d1c27-2956-4d74-991c-fc35d5c9ecbd","TCGA-CZ-5451-11A-01R-1503-07","TCGA-CZ-5451","Solid Tissue Normal","CD79A","ENSG00000105369.10",1.3372,"OK"
"TCGA-KIRC","fc3d1c27-2956-4d74-991c-fc35d5c9ecbd","TCGA-CZ-5451-11A-01R-1503-07","TCGA-CZ-5451","Solid Tissue Normal","NKG7","ENSG00000105374.10",3.4786,"OK"
"TCGA-KIRC","fc3d1c27-2956-4d74-991c-fc35d5c9ecbd","TCGA-CZ-5451-11A-01R-1503-07","TCGA-CZ-5451","Solid Tissue Normal","LST1","ENSG00000204482.11",2.1411,"OK"
"TCGA-KIRC","fc3d1c27-2956-4d74-991c-fc35d5c9ecbd","TCGA-CZ-5451-11A-01R-1503-07","TCGA-CZ-5451","Solid Tissue Normal","TYROBP","ENSG00000011600.12",22.3137,"OK"
"TCGA-KIRC","fc3d1c27-2956-4d74-991c-fc35d5c9ecbd","TCGA-CZ-5451-11A-01R-1503-07","TCGA-CZ-5451","Solid Tissue Normal","FCER1G","ENSG00000158869.11",14.0232,"OK"
"TCGA-KIRC","fc3d1c27-2956-4d74-991c-fc35d5c9ecbd","TCGA-CZ-5451-11A-01R-1503-07","TCGA-CZ-5451","Solid Tissue Normal","CD68","ENSG00000129226.14",0,"OK"
"TCGA-KIRC","cd18a3e0-c431-478a-b5fa-4b75a17a33a7","TCGA-CJ-4899-01A-01R-1334-07","TCGA-CJ-4899","Primary Tumor","PTPRC","ENSG00000081237.20",32.436,"OK"
"TCGA-KIRC","cd18a3e0-c431-478a-b5fa-4b75a17a33a7","TCGA-CJ-4899-01A-01R-1334-07","TCGA-CJ-4899","Primary Tumor","CD3D","ENSG00000167286.10",25.9109,"OK"
"TCGA-KIRC","cd18a3e0-c431-478a-b5fa-4b75a17a33a7","TCGA-CJ-4899-01A-01R-1334-07","TCGA-CJ-4899","Primary Tumor","CD3E","ENSG00000198851.10",25.3572,"OK"
"TCGA-KIRC","cd18a3e0-c431-478a-b5fa-4b75a17a33a7","TCGA-CJ-4899-01A-01R-1334-07","TCGA-CJ-4899","Primary Tumor","MS4A1","ENSG00000156738.18",2.173,"OK"
"TCGA-KIRC","cd18a3e0-c431-478a-b5fa-4b75a17a33a7","TCGA-CJ-4899-01A-01R-1334-07","TCGA-CJ-4899","Primary Tumor","CD79A","ENSG00000105369.10",12.1674,"OK"
"TCGA-KIRC","cd18a3e0-c431-478a-b5fa-4b75a17a33a7","TCGA-CJ-4899-01A-01R-1334-07","TCGA-CJ-4899","Primary Tumor","NKG7","ENSG00000105374.10",37.2597,"OK"
"TCGA-KIRC","cd18a3e0-c431-478a-b5fa-4b75a17a33a7","TCGA-CJ-4899-01A-01R-1334-07","TCGA-CJ-4899","Primary Tumor","LST1","ENSG00000204482.11",18.7503,"OK"
"TCGA-KIRC","cd18a3e0-c431-478a-b5fa-4b75a17a33a7","TCGA-CJ-4899-01A-01R-1334-07","TCGA-CJ-4899","Primary Tumor","TYROBP","ENSG00000011600.12",336.0749,"OK"
"TCGA-KIRC","cd18a3e0-c431-478a-b5fa-4b75a17a33a7","TCGA-CJ-4899-01A-01R-1334-07","TCGA-CJ-4899","Primary Tumor","FCER1G","ENSG00000158869.11",169.8457,"OK"
"TCGA-KIRC","cd18a3e0-c431-478a-b5fa-4b75a17a33a7","TCGA-CJ-4899-01A-01R-1334-07","TCGA-CJ-4899","Primary Tumor","CD68","ENSG00000129226.14",0.2792,"OK"
"TCGA-KIRC","5cd2f5f2-1325-454e-94a3-253d475205ef","TCGA-CZ-5451-01A-01R-1503-07","TCGA-CZ-5451","Primary Tumor","PTPRC","ENSG00000081237.20",27.0457,"OK"
"TCGA-KIRC","5cd2f5f2-1325-454e-94a3-253d475205ef","TCGA-CZ-5451-01A-01R-1503-07","TCGA-CZ-5451","Primary Tumor","CD3D","ENSG00000167286.10",25.784,"OK"
"TCGA-KIRC","5cd2f5f2-1325-454e-94a3-253d475205ef","TCGA-CZ-5451-01A-01R-1503-07","TCGA-CZ-5451","Primary Tumor","CD3E","ENSG00000198851.10",25.3641,"OK"
"TCGA-KIRC","5cd2f5f2-1325-454e-94a3-253d475205ef","TCGA-CZ-5451-01A-01R-1503-07","TCGA-CZ-5451","Primary Tumor","MS4A1","ENSG00000156738.18",0.3725,"OK"
"TCGA-KIRC","5cd2f5f2-1325-454e-94a3-253d475205ef","TCGA-CZ-5451-01A-01R-1503-07","TCGA-CZ-5451","Primary Tumor","CD79A","ENSG00000105369.10",2.5381,"OK"
"TCGA-KIRC","5cd2f5f2-1325-454e-94a3-253d475205ef","TCGA-CZ-5451-01A-01R-1503-07","TCGA-CZ-5451","Primary Tumor","NKG7","ENSG00000105374.10",101.393,"OK"
"TCGA-KIRC","5cd2f5f2-1325-454e-94a3-253d475205ef","TCGA-CZ-5451-01A-01R-1503-07","TCGA-CZ-5451","Primary Tumor","LST1","ENSG00000204482.11",17.2606,"OK"
"TCGA-KIRC","5cd2f5f2-1325-454e-94a3-253d475205ef","TCGA-CZ-5451-01A-01R-1503-07","TCGA-CZ-5451","Primary Tumor","TYROBP","ENSG00000011600.12",261.5478,"OK"
"TCGA-KIRC","5cd2f5f2-1325-454e-94a3-253d475205ef","TCGA-CZ-5451-01A-01R-1503-07","TCGA-CZ-5451","Primary Tumor","FCER1G","ENSG00000158869.11",116.4802,"OK"
"TCGA-KIRC","5cd2f5f2-1325-454e-94a3-253d475205ef","TCGA-CZ-5451-01A-01R-1503-07","TCGA-CZ-5451","Primary Tumor","CD68","ENSG00000129226.14",0,"OK"
"TCGA-KIRC","1317fb5d-608b-4c79-8198-f2ec68766224","TCGA-B0-4834-01A-01R-1305-07","TCGA-B0-4834","Primary Tumor","PTPRC","ENSG00000081237.20",2.1438,"OK"
"TCGA-KIRC","1317fb5d-608b-4c79-8198-f2ec68766224","TCGA-B0-4834-01A-01R-1305-07","TCGA-B0-4834","Primary Tumor","CD3D","ENSG00000167286.10",0.548,"OK"
"TCGA-KIRC","1317fb5d-608b-4c79-8198-f2ec68766224","TCGA-B0-4834-01A-01R-1305-07","TCGA-B0-4834","Primary Tumor","CD3E","ENSG00000198851.10",0.6196,"OK"
"TCGA-KIRC","1317fb5d-608b-4c79-8198-f2ec68766224","TCGA-B0-4834-01A-01R-1305-07","TCGA-B0-4834","Primary Tumor","MS4A1","ENSG00000156738.18",0.0321,"OK"
"TCGA-KIRC","1317fb5d-608b-4c79-8198-f2ec68766224","TCGA-B0-4834-01A-01R-1305-07","TCGA-B0-4834","Primary Tumor","CD79A","ENSG00000105369.10",0.2851,"OK"
"TCGA-KIRC","1317fb5d-608b-4c79-8198-f2ec68766224","TCGA-B0-4834-01A-01R-1305-07","TCGA-B0-4834","Primary Tumor","NKG7","ENSG00000105374.10",4.7838,"OK"
"TCGA-KIRC","1317fb5d-608b-4c79-8198-f2ec68766224","TCGA-B0-4834-01A-01R-1305-07","TCGA-B0-4834","Primary Tumor","LST1","ENSG00000204482.11",1.2429,"OK"
"TCGA-KIRC","1317fb5d-608b-4c79-8198-f2ec68766224","TCGA-B0-4834-01A-01R-1305-07","TCGA-B0-4834","Primary Tumor","TYROBP","ENSG00000011600.12",11.3626,"OK"
"TCGA-KIRC","1317fb5d-608b-4c79-8198-f2ec68766224","TCGA-B0-4834-01A-01R-1305-07","TCGA-B0-4834","Primary Tumor","FCER1G","ENSG00000158869.11",6.478,"OK"
"TCGA-KIRC","1317fb5d-608b-4c79-8198-f2ec68766224","TCGA-B0-4834-01A-01R-1305-07","TCGA-B0-4834","Primary Tumor","CD68","ENSG00000129226.14",0,"OK"
"TCGA-KIRC","342bcdf8-2b01-45b8-9bb7-48f151345ac2","TCGA-CZ-4861-01A-01R-1305-07","TCGA-CZ-4861","Primary Tumor","PTPRC","ENSG00000081237.20",78.805,"OK"
"TCGA-KIRC","342bcdf8-2b01-45b8-9bb7-48f151345ac2","TCGA-CZ-4861-01A-01R-1305-07","TCGA-CZ-4861","Primary Tumor","CD3D","ENSG00000167286.10",41.0606,"OK"
"TCGA-KIRC","342bcdf8-2b01-45b8-9bb7-48f151345ac2","TCGA-CZ-4861-01A-01R-1305-07","TCGA-CZ-4861","Primary Tumor","CD3E","ENSG00000198851.10",33.9053,"OK"
"TCGA-KIRC","342bcdf8-2b01-45b8-9bb7-48f151345ac2","TCGA-CZ-4861-01A-01R-1305-07","TCGA-CZ-4861","Primary Tumor","MS4A1","ENSG00000156738.18",0.5752,"OK"
"TCGA-KIRC","342bcdf8-2b01-45b8-9bb7-48f151345ac2","TCGA-CZ-4861-01A-01R-1305-07","TCGA-CZ-4861","Primary Tumor","CD79A","ENSG00000105369.10",3.6888,"OK"
"TCGA-KIRC","342bcdf8-2b01-45b8-9bb7-48f151345ac2","TCGA-CZ-4861-01A-01R-1305-07","TCGA-CZ-4861","Primary Tumor","NKG7","ENSG00000105374.10",64.2303,"OK"
"TCGA-KIRC","342bcdf8-2b01-45b8-9bb7-48f151345ac2","TCGA-CZ-4861-01A-01R-1305-07","TCGA-CZ-4861","Primary Tumor","LST1","ENSG00000204482.11",42.7526,"OK"
"TCGA-KIRC","342bcdf8-2b01-45b8-9bb7-48f151345ac2","TCGA-CZ-4861-01A-01R-1305-07","TCGA-CZ-4861","Primary Tumor","TYROBP","ENSG00000011600.12",555.6851,"OK"
"TCGA-KIRC","342bcdf8-2b01-45b8-9bb7-48f151345ac2","TCGA-CZ-4861-01A-01R-1305-07","TCGA-CZ-4861","Primary Tumor","FCER1G","ENSG00000158869.11",442.8886,"OK"
"TCGA-KIRC","342bcdf8-2b01-45b8-9bb7-48f151345ac2","TCGA-CZ-4861-01A-01R-1305-07","TCGA-CZ-4861","Primary Tumor","CD68","ENSG00000129226.14",0.178,"OK"
"TCGA-KIRC","3c0ebda3-32a1-43ca-9b7b-0cb4c8caa33f","TCGA-BP-4353-01A-02R-1289-07","TCGA-BP-4353","Primary Tumor","PTPRC","ENSG00000081237.20",60.0126,"OK"
"TCGA-KIRC","3c0ebda3-32a1-43ca-9b7b-0cb4c8caa33f","TCGA-BP-4353-01A-02R-1289-07","TCGA-BP-4353","Primary Tumor","CD3D","ENSG00000167286.10",51.5179,"OK"
"TCGA-KIRC","3c0ebda3-32a1-43ca-9b7b-0cb4c8caa33f","TCGA-BP-4353-01A-02R-1289-07","TCGA-BP-4353","Primary Tumor","CD3E","ENSG00000198851.10",46.4449,"OK"
"TCGA-KIRC","3c0ebda3-32a1-43ca-9b7b-0cb4c8caa33f","TCGA-BP-4353-01A-02R-1289-07","TCGA-BP-4353","Primary Tumor","MS4A1","ENSG00000156738.18",0.2504,"OK"
"TCGA-KIRC","3c0ebda3-32a1-43ca-9b7b-0cb4c8caa33f","TCGA-BP-4353-01A-02R-1289-07","TCGA-BP-4353","Primary Tumor","CD79A","ENSG00000105369.10",0.5925,"OK"
"TCGA-KIRC","3c0ebda3-32a1-43ca-9b7b-0cb4c8caa33f","TCGA-BP-4353-01A-02R-1289-07","TCGA-BP-4353","Primary Tumor","NKG7","ENSG00000105374.10",109.6643,"OK"
"TCGA-KIRC","3c0ebda3-32a1-43ca-9b7b-0cb4c8caa33f","TCGA-BP-4353-01A-02R-1289-07","TCGA-BP-4353","Primary Tumor","LST1","ENSG00000204482.11",34.4458,"OK"
"TCGA-KIRC","3c0ebda3-32a1-43ca-9b7b-0cb4c8caa33f","TCGA-BP-4353-01A-02R-1289-07","TCGA-BP-4353","Primary Tumor","TYROBP","ENSG00000011600.12",450.6961,"OK"
"TCGA-KIRC","3c0ebda3-32a1-43ca-9b7b-0cb4c8caa33f","TCGA-BP-4353-01A-02R-1289-07","TCGA-BP-4353","Primary Tumor","FCER1G","ENSG00000158869.11",317.8976,"OK"
"TCGA-KIRC","3c0ebda3-32a1-43ca-9b7b-0cb4c8caa33f","TCGA-BP-4353-01A-02R-1289-07","TCGA-BP-4353","Primary Tumor","CD68","ENSG00000129226.14",0.3682,"OK"
"TCGA-KIRC","df48958f-3172-45ec-a6fb-88fc66ff6ae4","TCGA-BP-4775-01A-01R-1289-07","TCGA-BP-4775","Primary Tumor","PTPRC","ENSG00000081237.20",39.5477,"OK"
"TCGA-KIRC","df48958f-3172-45ec-a6fb-88fc66ff6ae4","TCGA-BP-4775-01A-01R-1289-07","TCGA-BP-4775","Primary Tumor","CD3D","ENSG00000167286.10",25.7626,"OK"
"TCGA-KIRC","df48958f-3172-45ec-a6fb-88fc66ff6ae4","TCGA-BP-4775-01A-01R-1289-07","TCGA-BP-4775","Primary Tumor","CD3E","ENSG00000198851.10",24.8881,"OK"
"TCGA-KIRC","df48958f-3172-45ec-a6fb-88fc66ff6ae4","TCGA-BP-4775-01A-01R-1289-07","TCGA-BP-4775","Primary Tumor","MS4A1","ENSG00000156738.18",3.753,"OK"
"TCGA-KIRC","df48958f-3172-45ec-a6fb-88fc66ff6ae4","TCGA-BP-4775-01A-01R-1289-07","TCGA-BP-4775","Primary Tumor","CD79A","ENSG00000105369.10",7.3703,"OK"
"TCGA-KIRC","df48958f-3172-45ec-a6fb-88fc66ff6ae4","TCGA-BP-4775-01A-01R-1289-07","TCGA-BP-4775","Primary Tumor","NKG7","ENSG00000105374.10",61.6816,"OK"
"TCGA-KIRC","df48958f-3172-45ec-a6fb-88fc66ff6ae4","TCGA-BP-4775-01A-01R-1289-07","TCGA-BP-4775","Primary Tumor","LST1","ENSG00000204482.11",17.8417,"OK"
"TCGA-KIRC","df48958f-3172-45ec-a6fb-88fc66ff6ae4","TCGA-BP-4775-01A-01R-1289-07","TCGA-BP-4775","Primary Tumor","TYROBP","ENSG00000011600.12",172.2425,"OK"
"TCGA-KIRC","df48958f-3172-45ec-a6fb-88fc66ff6ae4","TCGA-BP-4775-01A-01R-1289-07","TCGA-BP-4775","Primary Tumor","FCER1G","ENSG00000158869.11",101.0232,"OK"
"TCGA-KIRC","df48958f-3172-45ec-a6fb-88fc66ff6ae4","TCGA-BP-4775-01A-01R-1289-07","TCGA-BP-4775","Primary Tumor","CD68","ENSG00000129226.14",0.2207,"OK"
"TCGA-KIRC","fff384b3-f8cc-4754-9860-74863ff3cc23","TCGA-BP-4342-01A-01R-1289-07","TCGA-BP-4342","Primary Tumor","PTPRC","ENSG00000081237.20",25.459,"OK"
"TCGA-KIRC","fff384b3-f8cc-4754-9860-74863ff3cc23","TCGA-BP-4342-01A-01R-1289-07","TCGA-BP-4342","Primary Tumor","CD3D","ENSG00000167286.10",28.957,"OK"
"TCGA-KIRC","fff384b3-f8cc-4754-9860-74863ff3cc23","TCGA-BP-4342-01A-01R-1289-07","TCGA-BP-4342","Primary Tumor","CD3E","ENSG00000198851.10",25.6756,"OK"
"TCGA-KIRC","fff384b3-f8cc-4754-9860-74863ff3cc23","TCGA-BP-4342-01A-01R-1289-07","TCGA-BP-4342","Primary Tumor","MS4A1","ENSG00000156738.18",3.2572,"OK"
"TCGA-KIRC","fff384b3-f8cc-4754-9860-74863ff3cc23","TCGA-BP-4342-01A-01R-1289-07","TCGA-BP-4342","Primary Tumor","CD79A","ENSG00000105369.10",7.2298,"OK"
"TCGA-KIRC","fff384b3-f8cc-4754-9860-74863ff3cc23","TCGA-BP-4342-01A-01R-1289-07","TCGA-BP-4342","Primary Tumor","NKG7","ENSG00000105374.10",35.3877,"OK"
"TCGA-KIRC","fff384b3-f8cc-4754-9860-74863ff3cc23","TCGA-BP-4342-01A-01R-1289-07","TCGA-BP-4342","Primary Tumor","LST1","ENSG00000204482.11",18.4819,"OK"
"TCGA-KIRC","fff384b3-f8cc-4754-9860-74863ff3cc23","TCGA-BP-4342-01A-01R-1289-07","TCGA-BP-4342","Primary Tumor","TYROBP","ENSG00000011600.12",195.1817,"OK"
"TCGA-KIRC","fff384b3-f8cc-4754-9860-74863ff3cc23","TCGA-BP-4342-01A-01R-1289-07","TCGA-BP-4342","Primary Tumor","FCER1G","ENSG00000158869.11",104.9976,"OK"
"TCGA-KIRC","fff384b3-f8cc-4754-9860-74863ff3cc23","TCGA-BP-4342-01A-01R-1289-07","TCGA-BP-4342","Primary Tumor","CD68","ENSG00000129226.14",0.2574,"OK"
"TCGA-KIRC","a2c1332c-f9e9-4d41-bad5-e58ebf809800","TCGA-CJ-6030-11A-01R-1672-07","TCGA-CJ-6030","Solid Tissue Normal","PTPRC","ENSG00000081237.20",11.3066,"OK"
"TCGA-KIRC","a2c1332c-f9e9-4d41-bad5-e58ebf809800","TCGA-CJ-6030-11A-01R-1672-07","TCGA-CJ-6030","Solid Tissue Normal","CD3D","ENSG00000167286.10",10.311,"OK"
"TCGA-KIRC","a2c1332c-f9e9-4d41-bad5-e58ebf809800","TCGA-CJ-6030-11A-01R-1672-07","TCGA-CJ-6030","Solid Tissue Normal","CD3E","ENSG00000198851.10",10.0626,"OK"
"TCGA-KIRC","a2c1332c-f9e9-4d41-bad5-e58ebf809800","TCGA-CJ-6030-11A-01R-1672-07","TCGA-CJ-6030","Solid Tissue Normal","MS4A1","ENSG00000156738.18",1.1234,"OK"
"TCGA-KIRC","a2c1332c-f9e9-4d41-bad5-e58ebf809800","TCGA-CJ-6030-11A-01R-1672-07","TCGA-CJ-6030","Solid Tissue Normal","CD79A","ENSG00000105369.10",5.5495,"OK"
"TCGA-KIRC","a2c1332c-f9e9-4d41-bad5-e58ebf809800","TCGA-CJ-6030-11A-01R-1672-07","TCGA-CJ-6030","Solid Tissue Normal","NKG7","ENSG00000105374.10",7.7445,"OK"
"TCGA-KIRC","a2c1332c-f9e9-4d41-bad5-e58ebf809800","TCGA-CJ-6030-11A-01R-1672-07","TCGA-CJ-6030","Solid Tissue Normal","LST1","ENSG00000204482.11",5.9206,"OK"
"TCGA-KIRC","a2c1332c-f9e9-4d41-bad5-e58ebf809800","TCGA-CJ-6030-11A-01R-1672-07","TCGA-CJ-6030","Solid Tissue Normal","TYROBP","ENSG00000011600.12",42.4336,"OK"
"TCGA-KIRC","a2c1332c-f9e9-4d41-bad5-e58ebf809800","TCGA-CJ-6030-11A-01R-1672-07","TCGA-CJ-6030","Solid Tissue Normal","FCER1G","ENSG00000158869.11",25.5022,"OK"
"TCGA-KIRC","a2c1332c-f9e9-4d41-bad5-e58ebf809800","TCGA-CJ-6030-11A-01R-1672-07","TCGA-CJ-6030","Solid Tissue Normal","CD68","ENSG00000129226.14",0.0167,"OK"
"TCGA-KIRC","3a9cb52e-6bc0-475c-9eee-230527a3e305","TCGA-CJ-6030-01A-11R-1672-07","TCGA-CJ-6030","Primary Tumor","PTPRC","ENSG00000081237.20",70.3949,"OK"
"TCGA-KIRC","3a9cb52e-6bc0-475c-9eee-230527a3e305","TCGA-CJ-6030-01A-11R-1672-07","TCGA-CJ-6030","Primary Tumor","CD3D","ENSG00000167286.10",64.7783,"OK"
"TCGA-KIRC","3a9cb52e-6bc0-475c-9eee-230527a3e305","TCGA-CJ-6030-01A-11R-1672-07","TCGA-CJ-6030","Primary Tumor","CD3E","ENSG00000198851.10",57.4224,"OK"
"TCGA-KIRC","3a9cb52e-6bc0-475c-9eee-230527a3e305","TCGA-CJ-6030-01A-11R-1672-07","TCGA-CJ-6030","Primary Tumor","MS4A1","ENSG00000156738.18",1.5961,"OK"
"TCGA-KIRC","3a9cb52e-6bc0-475c-9eee-230527a3e305","TCGA-CJ-6030-01A-11R-1672-07","TCGA-CJ-6030","Primary Tumor","CD79A","ENSG00000105369.10",15.0356,"OK"
"TCGA-KIRC","3a9cb52e-6bc0-475c-9eee-230527a3e305","TCGA-CJ-6030-01A-11R-1672-07","TCGA-CJ-6030","Primary Tumor","NKG7","ENSG00000105374.10",122.0029,"OK"
"TCGA-KIRC","3a9cb52e-6bc0-475c-9eee-230527a3e305","TCGA-CJ-6030-01A-11R-1672-07","TCGA-CJ-6030","Primary Tumor","LST1","ENSG00000204482.11",69.0604,"OK"
"TCGA-KIRC","3a9cb52e-6bc0-475c-9eee-230527a3e305","TCGA-CJ-6030-01A-11R-1672-07","TCGA-CJ-6030","Primary Tumor","TYROBP","ENSG00000011600.12",749.5341,"OK"
"TCGA-KIRC","3a9cb52e-6bc0-475c-9eee-230527a3e305","TCGA-CJ-6030-01A-11R-1672-07","TCGA-CJ-6030","Primary Tumor","FCER1G","ENSG00000158869.11",461.076,"OK"
"TCGA-KIRC","3a9cb52e-6bc0-475c-9eee-230527a3e305","TCGA-CJ-6030-01A-11R-1672-07","TCGA-CJ-6030","Primary Tumor","CD68","ENSG00000129226.14",0.3259,"OK"
"TCGA-KIRC","2b2ee0d4-4834-47a8-8362-6e95d83919ad","TCGA-CJ-4891-01A-01R-1305-07","TCGA-CJ-4891","Primary Tumor","PTPRC","ENSG00000081237.20",8.4009,"OK"
"TCGA-KIRC","2b2ee0d4-4834-47a8-8362-6e95d83919ad","TCGA-CJ-4891-01A-01R-1305-07","TCGA-CJ-4891","Primary Tumor","CD3D","ENSG00000167286.10",15.181,"OK"
"TCGA-KIRC","2b2ee0d4-4834-47a8-8362-6e95d83919ad","TCGA-CJ-4891-01A-01R-1305-07","TCGA-CJ-4891","Primary Tumor","CD3E","ENSG00000198851.10",13.9849,"OK"
"TCGA-KIRC","2b2ee0d4-4834-47a8-8362-6e95d83919ad","TCGA-CJ-4891-01A-01R-1305-07","TCGA-CJ-4891","Primary Tumor","MS4A1","ENSG00000156738.18",0.172,"OK"
"TCGA-KIRC","2b2ee0d4-4834-47a8-8362-6e95d83919ad","TCGA-CJ-4891-01A-01R-1305-07","TCGA-CJ-4891","Primary Tumor","CD79A","ENSG00000105369.10",3.8574,"OK"
"TCGA-KIRC","2b2ee0d4-4834-47a8-8362-6e95d83919ad","TCGA-CJ-4891-01A-01R-1305-07","TCGA-CJ-4891","Primary Tumor","NKG7","ENSG00000105374.10",25.918,"OK"
"TCGA-KIRC","2b2ee0d4-4834-47a8-8362-6e95d83919ad","TCGA-CJ-4891-01A-01R-1305-07","TCGA-CJ-4891","Primary Tumor","LST1","ENSG00000204482.11",43.642,"OK"
"TCGA-KIRC","2b2ee0d4-4834-47a8-8362-6e95d83919ad","TCGA-CJ-4891-01A-01R-1305-07","TCGA-CJ-4891","Primary Tumor","TYROBP","ENSG00000011600.12",470.8875,"OK"
"TCGA-KIRC","2b2ee0d4-4834-47a8-8362-6e95d83919ad","TCGA-CJ-4891-01A-01R-1305-07","TCGA-CJ-4891","Primary Tumor","FCER1G","ENSG00000158869.11",252.9583,"OK"
"TCGA-KIRC","2b2ee0d4-4834-47a8-8362-6e95d83919ad","TCGA-CJ-4891-01A-01R-1305-07","TCGA-CJ-4891","Primary Tumor","CD68","ENSG00000129226.14",0.1379,"OK"
"TCGA-KIRC","0498e4e5-f3cc-4fa5-9686-099ab9e435f4","TCGA-B0-4712-11A-02R-1503-07","TCGA-B0-4712","Solid Tissue Normal","PTPRC","ENSG00000081237.20",1.7446,"OK"
"TCGA-KIRC","0498e4e5-f3cc-4fa5-9686-099ab9e435f4","TCGA-B0-4712-11A-02R-1503-07","TCGA-B0-4712","Solid Tissue Normal","CD3D","ENSG00000167286.10",1.8957,"OK"
"TCGA-KIRC","0498e4e5-f3cc-4fa5-9686-099ab9e435f4","TCGA-B0-4712-11A-02R-1503-07","TCGA-B0-4712","Solid Tissue Normal","CD3E","ENSG00000198851.10",1.6917,"OK"
"TCGA-KIRC","0498e4e5-f3cc-4fa5-9686-099ab9e435f4","TCGA-B0-4712-11A-02R-1503-07","TCGA-B0-4712","Solid Tissue Normal","MS4A1","ENSG00000156738.18",0.1484,"OK"
"TCGA-KIRC","0498e4e5-f3cc-4fa5-9686-099ab9e435f4","TCGA-B0-4712-11A-02R-1503-07","TCGA-B0-4712","Solid Tissue Normal","CD79A","ENSG00000105369.10",0.5268,"OK"
"TCGA-KIRC","0498e4e5-f3cc-4fa5-9686-099ab9e435f4","TCGA-B0-4712-11A-02R-1503-07","TCGA-B0-4712","Solid Tissue Normal","NKG7","ENSG00000105374.10",4.8842,"OK"
"TCGA-KIRC","0498e4e5-f3cc-4fa5-9686-099ab9e435f4","TCGA-B0-4712-11A-02R-1503-07","TCGA-B0-4712","Solid Tissue Normal","LST1","ENSG00000204482.11",2.319,"OK"
"TCGA-KIRC","0498e4e5-f3cc-4fa5-9686-099ab9e435f4","TCGA-B0-4712-11A-02R-1503-07","TCGA-B0-4712","Solid Tissue Normal","TYROBP","ENSG00000011600.12",15.4757,"OK"
"TCGA-KIRC","0498e4e5-f3cc-4fa5-9686-099ab9e435f4","TCGA-B0-4712-11A-02R-1503-07","TCGA-B0-4712","Solid Tissue Normal","FCER1G","ENSG00000158869.11",12.6163,"OK"
"TCGA-KIRC","0498e4e5-f3cc-4fa5-9686-099ab9e435f4","TCGA-B0-4712-11A-02R-1503-07","TCGA-B0-4712","Solid Tissue Normal","CD68","ENSG00000129226.14",0.0385,"OK"
"TCGA-KIRC","ce71f29f-134d-4749-bf42-c9620e5c8651","TCGA-BP-4994-01A-01R-1334-07","TCGA-BP-4994","Primary Tumor","PTPRC","ENSG00000081237.20",15.8641,"OK"
"TCGA-KIRC","ce71f29f-134d-4749-bf42-c9620e5c8651","TCGA-BP-4994-01A-01R-1334-07","TCGA-BP-4994","Primary Tumor","CD3D","ENSG00000167286.10",11.7319,"OK"
"TCGA-KIRC","ce71f29f-134d-4749-bf42-c9620e5c8651","TCGA-BP-4994-01A-01R-1334-07","TCGA-BP-4994","Primary Tumor","CD3E","ENSG00000198851.10",11.1298,"OK"
"TCGA-KIRC","ce71f29f-134d-4749-bf42-c9620e5c8651","TCGA-BP-4994-01A-01R-1334-07","TCGA-BP-4994","Primary Tumor","MS4A1","ENSG00000156738.18",0.4943,"OK"
"TCGA-KIRC","ce71f29f-134d-4749-bf42-c9620e5c8651","TCGA-BP-4994-01A-01R-1334-07","TCGA-BP-4994","Primary Tumor","CD79A","ENSG00000105369.10",10.4504,"OK"
"TCGA-KIRC","ce71f29f-134d-4749-bf42-c9620e5c8651","TCGA-BP-4994-01A-01R-1334-07","TCGA-BP-4994","Primary Tumor","NKG7","ENSG00000105374.10",30.463,"OK"
"TCGA-KIRC","ce71f29f-134d-4749-bf42-c9620e5c8651","TCGA-BP-4994-01A-01R-1334-07","TCGA-BP-4994","Primary Tumor","LST1","ENSG00000204482.11",8.3449,"OK"
"TCGA-KIRC","ce71f29f-134d-4749-bf42-c9620e5c8651","TCGA-BP-4994-01A-01R-1334-07","TCGA-BP-4994","Primary Tumor","TYROBP","ENSG00000011600.12",115.6323,"OK"
"TCGA-KIRC","ce71f29f-134d-4749-bf42-c9620e5c8651","TCGA-BP-4994-01A-01R-1334-07","TCGA-BP-4994","Primary Tumor","FCER1G","ENSG00000158869.11",72.3883,"OK"
"TCGA-KIRC","ce71f29f-134d-4749-bf42-c9620e5c8651","TCGA-BP-4994-01A-01R-1334-07","TCGA-BP-4994","Primary Tumor","CD68","ENSG00000129226.14",0.0474,"OK"
"TCGA-KIRC","192e08f8-1c39-462a-8762-7e2c7f4d5eb0","TCGA-B0-5693-01A-11R-1541-07","TCGA-B0-5693","Primary Tumor","PTPRC","ENSG00000081237.20",11.6518,"OK"
"TCGA-KIRC","192e08f8-1c39-462a-8762-7e2c7f4d5eb0","TCGA-B0-5693-01A-11R-1541-07","TCGA-B0-5693","Primary Tumor","CD3D","ENSG00000167286.10",5.843,"OK"
"TCGA-KIRC","192e08f8-1c39-462a-8762-7e2c7f4d5eb0","TCGA-B0-5693-01A-11R-1541-07","TCGA-B0-5693","Primary Tumor","CD3E","ENSG00000198851.10",6.3232,"OK"
"TCGA-KIRC","192e08f8-1c39-462a-8762-7e2c7f4d5eb0","TCGA-B0-5693-01A-11R-1541-07","TCGA-B0-5693","Primary Tumor","MS4A1","ENSG00000156738.18",0.1064,"OK"
"TCGA-KIRC","192e08f8-1c39-462a-8762-7e2c7f4d5eb0","TCGA-B0-5693-01A-11R-1541-07","TCGA-B0-5693","Primary Tumor","CD79A","ENSG00000105369.10",1.5638,"OK"
"TCGA-KIRC","192e08f8-1c39-462a-8762-7e2c7f4d5eb0","TCGA-B0-5693-01A-11R-1541-07","TCGA-B0-5693","Primary Tumor","NKG7","ENSG00000105374.10",30.2162,"OK"
"TCGA-KIRC","192e08f8-1c39-462a-8762-7e2c7f4d5eb0","TCGA-B0-5693-01A-11R-1541-07","TCGA-B0-5693","Primary Tumor","LST1","ENSG00000204482.11",12.677,"OK"
"TCGA-KIRC","192e08f8-1c39-462a-8762-7e2c7f4d5eb0","TCGA-B0-5693-01A-11R-1541-07","TCGA-B0-5693","Primary Tumor","TYROBP","ENSG00000011600.12",163.0815,"OK"
"TCGA-KIRC","192e08f8-1c39-462a-8762-7e2c7f4d5eb0","TCGA-B0-5693-01A-11R-1541-07","TCGA-B0-5693","Primary Tumor","FCER1G","ENSG00000158869.11",81.6435,"OK"
"TCGA-KIRC","192e08f8-1c39-462a-8762-7e2c7f4d5eb0","TCGA-B0-5693-01A-11R-1541-07","TCGA-B0-5693","Primary Tumor","CD68","ENSG00000129226.14",0.067,"OK"
"TCGA-KIRC","d1280122-4cf1-4e12-9783-4a7038a28ac0","TCGA-DV-5567-01A-01R-1541-07","TCGA-DV-5567","Primary Tumor","PTPRC","ENSG00000081237.20",5.1946,"OK"
"TCGA-KIRC","d1280122-4cf1-4e12-9783-4a7038a28ac0","TCGA-DV-5567-01A-01R-1541-07","TCGA-DV-5567","Primary Tumor","CD3D","ENSG00000167286.10",3.2811,"OK"
"TCGA-KIRC","d1280122-4cf1-4e12-9783-4a7038a28ac0","TCGA-DV-5567-01A-01R-1541-07","TCGA-DV-5567","Primary Tumor","CD3E","ENSG00000198851.10",2.7755,"OK"
"TCGA-KIRC","d1280122-4cf1-4e12-9783-4a7038a28ac0","TCGA-DV-5567-01A-01R-1541-07","TCGA-DV-5567","Primary Tumor","MS4A1","ENSG00000156738.18",0,"OK"
"TCGA-KIRC","d1280122-4cf1-4e12-9783-4a7038a28ac0","TCGA-DV-5567-01A-01R-1541-07","TCGA-DV-5567","Primary Tumor","CD79A","ENSG00000105369.10",0.704,"OK"
"TCGA-KIRC","d1280122-4cf1-4e12-9783-4a7038a28ac0","TCGA-DV-5567-01A-01R-1541-07","TCGA-DV-5567","Primary Tumor","NKG7","ENSG00000105374.10",18.9714,"OK"
"TCGA-KIRC","d1280122-4cf1-4e12-9783-4a7038a28ac0","TCGA-DV-5567-01A-01R-1541-07","TCGA-DV-5567","Primary Tumor","LST1","ENSG00000204482.11",6.3051,"OK"
"TCGA-KIRC","d1280122-4cf1-4e12-9783-4a7038a28ac0","TCGA-DV-5567-01A-01R-1541-07","TCGA-DV-5567","Primary Tumor","TYROBP","ENSG00000011600.12",101.0504,"OK"
"TCGA-KIRC","d1280122-4cf1-4e12-9783-4a7038a28ac0","TCGA-DV-5567-01A-01R-1541-07","TCGA-DV-5567","Primary Tumor","FCER1G","ENSG00000158869.11",54.9645,"OK"
"TCGA-KIRC","d1280122-4cf1-4e12-9783-4a7038a28ac0","TCGA-DV-5567-01A-01R-1541-07","TCGA-DV-5567","Primary Tumor","CD68","ENSG00000129226.14",0.0583,"OK"
"TCGA-KIRC","409aef9c-9085-4e66-a304-fc2aaabaf0d7","TCGA-A3-3343-01A-01R-0864-07","TCGA-A3-3343","Primary Tumor","PTPRC","ENSG00000081237.20",41.4415,"OK"
"TCGA-KIRC","409aef9c-9085-4e66-a304-fc2aaabaf0d7","TCGA-A3-3343-01A-01R-0864-07","TCGA-A3-3343","Primary Tumor","CD3D","ENSG00000167286.10",34.8389,"OK"
"TCGA-KIRC","409aef9c-9085-4e66-a304-fc2aaabaf0d7","TCGA-A3-3343-01A-01R-0864-07","TCGA-A3-3343","Primary Tumor","CD3E","ENSG00000198851.10",33.2666,"OK"
"TCGA-KIRC","409aef9c-9085-4e66-a304-fc2aaabaf0d7","TCGA-A3-3343-01A-01R-0864-07","TCGA-A3-3343","Primary Tumor","MS4A1","ENSG00000156738.18",0.9242,"OK"
"TCGA-KIRC","409aef9c-9085-4e66-a304-fc2aaabaf0d7","TCGA-A3-3343-01A-01R-0864-07","TCGA-A3-3343","Primary Tumor","CD79A","ENSG00000105369.10",4.1634,"OK"
"TCGA-KIRC","409aef9c-9085-4e66-a304-fc2aaabaf0d7","TCGA-A3-3343-01A-01R-0864-07","TCGA-A3-3343","Primary Tumor","NKG7","ENSG00000105374.10",87.5128,"OK"
"TCGA-KIRC","409aef9c-9085-4e66-a304-fc2aaabaf0d7","TCGA-A3-3343-01A-01R-0864-07","TCGA-A3-3343","Primary Tumor","LST1","ENSG00000204482.11",38.5812,"OK"
"TCGA-KIRC","409aef9c-9085-4e66-a304-fc2aaabaf0d7","TCGA-A3-3343-01A-01R-0864-07","TCGA-A3-3343","Primary Tumor","TYROBP","ENSG00000011600.12",350.5939,"OK"
"TCGA-KIRC","409aef9c-9085-4e66-a304-fc2aaabaf0d7","TCGA-A3-3343-01A-01R-0864-07","TCGA-A3-3343","Primary Tumor","FCER1G","ENSG00000158869.11",154.2608,"OK"
"TCGA-KIRC","409aef9c-9085-4e66-a304-fc2aaabaf0d7","TCGA-A3-3343-01A-01R-0864-07","TCGA-A3-3343","Primary Tumor","CD68","ENSG00000129226.14",0.1829,"OK"
"TCGA-KIRC","c0a56cd2-b888-4ced-9f5c-0e450d539045","TCGA-BP-5178-01A-01R-1426-07","TCGA-BP-5178","Primary Tumor","PTPRC","ENSG00000081237.20",18.3503,"OK"
"TCGA-KIRC","c0a56cd2-b888-4ced-9f5c-0e450d539045","TCGA-BP-5178-01A-01R-1426-07","TCGA-BP-5178","Primary Tumor","CD3D","ENSG00000167286.10",22.3355,"OK"
"TCGA-KIRC","c0a56cd2-b888-4ced-9f5c-0e450d539045","TCGA-BP-5178-01A-01R-1426-07","TCGA-BP-5178","Primary Tumor","CD3E","ENSG00000198851.10",25.5799,"OK"
"TCGA-KIRC","c0a56cd2-b888-4ced-9f5c-0e450d539045","TCGA-BP-5178-01A-01R-1426-07","TCGA-BP-5178","Primary Tumor","MS4A1","ENSG00000156738.18",1.265,"OK"
"TCGA-KIRC","c0a56cd2-b888-4ced-9f5c-0e450d539045","TCGA-BP-5178-01A-01R-1426-07","TCGA-BP-5178","Primary Tumor","CD79A","ENSG00000105369.10",44.7181,"OK"
"TCGA-KIRC","c0a56cd2-b888-4ced-9f5c-0e450d539045","TCGA-BP-5178-01A-01R-1426-07","TCGA-BP-5178","Primary Tumor","NKG7","ENSG00000105374.10",20.725,"OK"
"TCGA-KIRC","c0a56cd2-b888-4ced-9f5c-0e450d539045","TCGA-BP-5178-01A-01R-1426-07","TCGA-BP-5178","Primary Tumor","LST1","ENSG00000204482.11",16.4613,"OK"
"TCGA-KIRC","c0a56cd2-b888-4ced-9f5c-0e450d539045","TCGA-BP-5178-01A-01R-1426-07","TCGA-BP-5178","Primary Tumor","TYROBP","ENSG00000011600.12",291.7639,"OK"
"TCGA-KIRC","c0a56cd2-b888-4ced-9f5c-0e450d539045","TCGA-BP-5178-01A-01R-1426-07","TCGA-BP-5178","Primary Tumor","FCER1G","ENSG00000158869.11",207.5498,"OK"
"TCGA-KIRC","c0a56cd2-b888-4ced-9f5c-0e450d539045","TCGA-BP-5178-01A-01R-1426-07","TCGA-BP-5178","Primary Tumor","CD68","ENSG00000129226.14",0.3038,"OK"
"TCGA-KIRC","dd32c44d-eaf7-4739-94aa-430be880964d","TCGA-B8-5162-01A-01R-1420-07","TCGA-B8-5162","Primary Tumor","PTPRC","ENSG00000081237.20",72.9066,"OK"
"TCGA-KIRC","dd32c44d-eaf7-4739-94aa-430be880964d","TCGA-B8-5162-01A-01R-1420-07","TCGA-B8-5162","Primary Tumor","CD3D","ENSG00000167286.10",77.0525,"OK"
"TCGA-KIRC","dd32c44d-eaf7-4739-94aa-430be880964d","TCGA-B8-5162-01A-01R-1420-07","TCGA-B8-5162","Primary Tumor","CD3E","ENSG00000198851.10",71.5555,"OK"
"TCGA-KIRC","dd32c44d-eaf7-4739-94aa-430be880964d","TCGA-B8-5162-01A-01R-1420-07","TCGA-B8-5162","Primary Tumor","MS4A1","ENSG00000156738.18",4.8331,"OK"
"TCGA-KIRC","dd32c44d-eaf7-4739-94aa-430be880964d","TCGA-B8-5162-01A-01R-1420-07","TCGA-B8-5162","Primary Tumor","CD79A","ENSG00000105369.10",259.7375,"OK"
"TCGA-KIRC","dd32c44d-eaf7-4739-94aa-430be880964d","TCGA-B8-5162-01A-01R-1420-07","TCGA-B8-5162","Primary Tumor","NKG7","ENSG00000105374.10",133.8342,"OK"
"TCGA-KIRC","dd32c44d-eaf7-4739-94aa-430be880964d","TCGA-B8-5162-01A-01R-1420-07","TCGA-B8-5162","Primary Tumor","LST1","ENSG00000204482.11",37.9932,"OK"
"TCGA-KIRC","dd32c44d-eaf7-4739-94aa-430be880964d","TCGA-B8-5162-01A-01R-1420-07","TCGA-B8-5162","Primary Tumor","TYROBP","ENSG00000011600.12",594.5241,"OK"
"TCGA-KIRC","dd32c44d-eaf7-4739-94aa-430be880964d","TCGA-B8-5162-01A-01R-1420-07","TCGA-B8-5162","Primary Tumor","FCER1G","ENSG00000158869.11",466.5705,"OK"
"TCGA-KIRC","dd32c44d-eaf7-4739-94aa-430be880964d","TCGA-B8-5162-01A-01R-1420-07","TCGA-B8-5162","Primary Tumor","CD68","ENSG00000129226.14",0.1478,"OK"
"TCGA-KIRC","6d1cfff6-d608-4ae2-ab75-9dd095323a40","TCGA-B8-4148-01A-02R-1325-07","TCGA-B8-4148","Primary Tumor","PTPRC","ENSG00000081237.20",83.1161,"OK"
"TCGA-KIRC","6d1cfff6-d608-4ae2-ab75-9dd095323a40","TCGA-B8-4148-01A-02R-1325-07","TCGA-B8-4148","Primary Tumor","CD3D","ENSG00000167286.10",116.6442,"OK"
"TCGA-KIRC","6d1cfff6-d608-4ae2-ab75-9dd095323a40","TCGA-B8-4148-01A-02R-1325-07","TCGA-B8-4148","Primary Tumor","CD3E","ENSG00000198851.10",100.9,"OK"
"TCGA-KIRC","6d1cfff6-d608-4ae2-ab75-9dd095323a40","TCGA-B8-4148-01A-02R-1325-07","TCGA-B8-4148","Primary Tumor","MS4A1","ENSG00000156738.18",2.0535,"OK"
"TCGA-KIRC","6d1cfff6-d608-4ae2-ab75-9dd095323a40","TCGA-B8-4148-01A-02R-1325-07","TCGA-B8-4148","Primary Tumor","CD79A","ENSG00000105369.10",6.2897,"OK"
"TCGA-KIRC","6d1cfff6-d608-4ae2-ab75-9dd095323a40","TCGA-B8-4148-01A-02R-1325-07","TCGA-B8-4148","Primary Tumor","NKG7","ENSG00000105374.10",273.8235,"OK"
"TCGA-KIRC","6d1cfff6-d608-4ae2-ab75-9dd095323a40","TCGA-B8-4148-01A-02R-1325-07","TCGA-B8-4148","Primary Tumor","LST1","ENSG00000204482.11",42.3247,"OK"
"TCGA-KIRC","6d1cfff6-d608-4ae2-ab75-9dd095323a40","TCGA-B8-4148-01A-02R-1325-07","TCGA-B8-4148","Primary Tumor","TYROBP","ENSG00000011600.12",357.7148,"OK"
"TCGA-KIRC","6d1cfff6-d608-4ae2-ab75-9dd095323a40","TCGA-B8-4148-01A-02R-1325-07","TCGA-B8-4148","Primary Tumor","FCER1G","ENSG00000158869.11",216.9291,"OK"
"TCGA-KIRC","6d1cfff6-d608-4ae2-ab75-9dd095323a40","TCGA-B8-4148-01A-02R-1325-07","TCGA-B8-4148","Primary Tumor","CD68","ENSG00000129226.14",0.1861,"OK"
"TCGA-KIRC","7af3ee8b-cb9e-47b9-9ddb-16006b20cb17","TCGA-A3-3358-01A-01R-1541-07","TCGA-A3-3358","Primary Tumor","PTPRC","ENSG00000081237.20",41.3568,"OK"
"TCGA-KIRC","7af3ee8b-cb9e-47b9-9ddb-16006b20cb17","TCGA-A3-3358-01A-01R-1541-07","TCGA-A3-3358","Primary Tumor","CD3D","ENSG00000167286.10",62.6405,"OK"
"TCGA-KIRC","7af3ee8b-cb9e-47b9-9ddb-16006b20cb17","TCGA-A3-3358-01A-01R-1541-07","TCGA-A3-3358","Primary Tumor","CD3E","ENSG00000198851.10",40.2767,"OK"
"TCGA-KIRC","7af3ee8b-cb9e-47b9-9ddb-16006b20cb17","TCGA-A3-3358-01A-01R-1541-07","TCGA-A3-3358","Primary Tumor","MS4A1","ENSG00000156738.18",4.4857,"OK"
"TCGA-KIRC","7af3ee8b-cb9e-47b9-9ddb-16006b20cb17","TCGA-A3-3358-01A-01R-1541-07","TCGA-A3-3358","Primary Tumor","CD79A","ENSG00000105369.10",21.8237,"OK"
"TCGA-KIRC","7af3ee8b-cb9e-47b9-9ddb-16006b20cb17","TCGA-A3-3358-01A-01R-1541-07","TCGA-A3-3358","Primary Tumor","NKG7","ENSG00000105374.10",82.2712,"OK"
"TCGA-KIRC","7af3ee8b-cb9e-47b9-9ddb-16006b20cb17","TCGA-A3-3358-01A-01R-1541-07","TCGA-A3-3358","Primary Tumor","LST1","ENSG00000204482.11",45.4016,"OK"
"TCGA-KIRC","7af3ee8b-cb9e-47b9-9ddb-16006b20cb17","TCGA-A3-3358-01A-01R-1541-07","TCGA-A3-3358","Primary Tumor","TYROBP","ENSG00000011600.12",450.7486,"OK"
"TCGA-KIRC","7af3ee8b-cb9e-47b9-9ddb-16006b20cb17","TCGA-A3-3358-01A-01R-1541-07","TCGA-A3-3358","Primary Tumor","FCER1G","ENSG00000158869.11",244.9321,"OK"
"TCGA-KIRC","7af3ee8b-cb9e-47b9-9ddb-16006b20cb17","TCGA-A3-3358-01A-01R-1541-07","TCGA-A3-3358","Primary Tumor","CD68","ENSG00000129226.14",0.2434,"OK"
"TCGA-KIRC","5d9c87af-9ac3-42a7-a0c3-84a490957188","TCGA-CZ-4864-11A-01R-1503-07","TCGA-CZ-4864","Solid Tissue Normal","PTPRC","ENSG00000081237.20",5.5952,"OK"
"TCGA-KIRC","5d9c87af-9ac3-42a7-a0c3-84a490957188","TCGA-CZ-4864-11A-01R-1503-07","TCGA-CZ-4864","Solid Tissue Normal","CD3D","ENSG00000167286.10",3.2206,"OK"
"TCGA-KIRC","5d9c87af-9ac3-42a7-a0c3-84a490957188","TCGA-CZ-4864-11A-01R-1503-07","TCGA-CZ-4864","Solid Tissue Normal","CD3E","ENSG00000198851.10",4.0957,"OK"
"TCGA-KIRC","5d9c87af-9ac3-42a7-a0c3-84a490957188","TCGA-CZ-4864-11A-01R-1503-07","TCGA-CZ-4864","Solid Tissue Normal","MS4A1","ENSG00000156738.18",0.1707,"OK"
"TCGA-KIRC","5d9c87af-9ac3-42a7-a0c3-84a490957188","TCGA-CZ-4864-11A-01R-1503-07","TCGA-CZ-4864","Solid Tissue Normal","CD79A","ENSG00000105369.10",3.0039,"OK"
"TCGA-KIRC","5d9c87af-9ac3-42a7-a0c3-84a490957188","TCGA-CZ-4864-11A-01R-1503-07","TCGA-CZ-4864","Solid Tissue Normal","NKG7","ENSG00000105374.10",6.3359,"OK"
"TCGA-KIRC","5d9c87af-9ac3-42a7-a0c3-84a490957188","TCGA-CZ-4864-11A-01R-1503-07","TCGA-CZ-4864","Solid Tissue Normal","LST1","ENSG00000204482.11",3.9861,"OK"
"TCGA-KIRC","5d9c87af-9ac3-42a7-a0c3-84a490957188","TCGA-CZ-4864-11A-01R-1503-07","TCGA-CZ-4864","Solid Tissue Normal","TYROBP","ENSG00000011600.12",40.547,"OK"
"TCGA-KIRC","5d9c87af-9ac3-42a7-a0c3-84a490957188","TCGA-CZ-4864-11A-01R-1503-07","TCGA-CZ-4864","Solid Tissue Normal","FCER1G","ENSG00000158869.11",24.0018,"OK"
"TCGA-KIRC","5d9c87af-9ac3-42a7-a0c3-84a490957188","TCGA-CZ-4864-11A-01R-1503-07","TCGA-CZ-4864","Solid Tissue Normal","CD68","ENSG00000129226.14",0.0157,"OK"
"TCGA-KIRC","ca47a7ca-d9aa-4140-a74b-4a1c75fe9ad9","TCGA-A3-3358-11A-01R-1541-07","TCGA-A3-3358","Solid Tissue Normal","PTPRC","ENSG00000081237.20",4.4865,"OK"
"TCGA-KIRC","ca47a7ca-d9aa-4140-a74b-4a1c75fe9ad9","TCGA-A3-3358-11A-01R-1541-07","TCGA-A3-3358","Solid Tissue Normal","CD3D","ENSG00000167286.10",4.0633,"OK"
"TCGA-KIRC","ca47a7ca-d9aa-4140-a74b-4a1c75fe9ad9","TCGA-A3-3358-11A-01R-1541-07","TCGA-A3-3358","Solid Tissue Normal","CD3E","ENSG00000198851.10",2.8704,"OK"
"TCGA-KIRC","ca47a7ca-d9aa-4140-a74b-4a1c75fe9ad9","TCGA-A3-3358-11A-01R-1541-07","TCGA-A3-3358","Solid Tissue Normal","MS4A1","ENSG00000156738.18",0.3544,"OK"
"TCGA-KIRC","ca47a7ca-d9aa-4140-a74b-4a1c75fe9ad9","TCGA-A3-3358-11A-01R-1541-07","TCGA-A3-3358","Solid Tissue Normal","CD79A","ENSG00000105369.10",1.8294,"OK"
"TCGA-KIRC","ca47a7ca-d9aa-4140-a74b-4a1c75fe9ad9","TCGA-A3-3358-11A-01R-1541-07","TCGA-A3-3358","Solid Tissue Normal","NKG7","ENSG00000105374.10",7.7865,"OK"
"TCGA-KIRC","ca47a7ca-d9aa-4140-a74b-4a1c75fe9ad9","TCGA-A3-3358-11A-01R-1541-07","TCGA-A3-3358","Solid Tissue Normal","LST1","ENSG00000204482.11",9.5441,"OK"
"TCGA-KIRC","ca47a7ca-d9aa-4140-a74b-4a1c75fe9ad9","TCGA-A3-3358-11A-01R-1541-07","TCGA-A3-3358","Solid Tissue Normal","TYROBP","ENSG00000011600.12",52.3533,"OK"
"TCGA-KIRC","ca47a7ca-d9aa-4140-a74b-4a1c75fe9ad9","TCGA-A3-3358-11A-01R-1541-07","TCGA-A3-3358","Solid Tissue Normal","FCER1G","ENSG00000158869.11",22.9019,"OK"
"TCGA-KIRC","ca47a7ca-d9aa-4140-a74b-4a1c75fe9ad9","TCGA-A3-3358-11A-01R-1541-07","TCGA-A3-3358","Solid Tissue Normal","CD68","ENSG00000129226.14",0,"OK"
"TCGA-KIRC","1078f9da-8238-45d4-ac09-a4b5d3b75743","TCGA-BP-4799-01A-01R-1305-07","TCGA-BP-4799","Primary Tumor","PTPRC","ENSG00000081237.20",9.061,"OK"
"TCGA-KIRC","1078f9da-8238-45d4-ac09-a4b5d3b75743","TCGA-BP-4799-01A-01R-1305-07","TCGA-BP-4799","Primary Tumor","CD3D","ENSG00000167286.10",27.9147,"OK"
"TCGA-KIRC","1078f9da-8238-45d4-ac09-a4b5d3b75743","TCGA-BP-4799-01A-01R-1305-07","TCGA-BP-4799","Primary Tumor","CD3E","ENSG00000198851.10",21.477,"OK"
"TCGA-KIRC","1078f9da-8238-45d4-ac09-a4b5d3b75743","TCGA-BP-4799-01A-01R-1305-07","TCGA-BP-4799","Primary Tumor","MS4A1","ENSG00000156738.18",0.6786,"OK"
"TCGA-KIRC","1078f9da-8238-45d4-ac09-a4b5d3b75743","TCGA-BP-4799-01A-01R-1305-07","TCGA-BP-4799","Primary Tumor","CD79A","ENSG00000105369.10",8.2902,"OK"
"TCGA-KIRC","1078f9da-8238-45d4-ac09-a4b5d3b75743","TCGA-BP-4799-01A-01R-1305-07","TCGA-BP-4799","Primary Tumor","NKG7","ENSG00000105374.10",81.5029,"OK"
"TCGA-KIRC","1078f9da-8238-45d4-ac09-a4b5d3b75743","TCGA-BP-4799-01A-01R-1305-07","TCGA-BP-4799","Primary Tumor","LST1","ENSG00000204482.11",10.2176,"OK"
"TCGA-KIRC","1078f9da-8238-45d4-ac09-a4b5d3b75743","TCGA-BP-4799-01A-01R-1305-07","TCGA-BP-4799","Primary Tumor","TYROBP","ENSG00000011600.12",118.6379,"OK"
"TCGA-KIRC","1078f9da-8238-45d4-ac09-a4b5d3b75743","TCGA-BP-4799-01A-01R-1305-07","TCGA-BP-4799","Primary Tumor","FCER1G","ENSG00000158869.11",85.997,"OK"
"TCGA-KIRC","1078f9da-8238-45d4-ac09-a4b5d3b75743","TCGA-BP-4799-01A-01R-1305-07","TCGA-BP-4799","Primary Tumor","CD68","ENSG00000129226.14",0,"OK"
"TCGA-KIRC","f6b85b88-29c7-4722-86f1-0c4c5fa0b819","TCGA-AK-3447-01A-01R-1766-07","TCGA-AK-3447","Primary Tumor","PTPRC","ENSG00000081237.20",0.7102,"OK"
"TCGA-KIRC","f6b85b88-29c7-4722-86f1-0c4c5fa0b819","TCGA-AK-3447-01A-01R-1766-07","TCGA-AK-3447","Primary Tumor","CD3D","ENSG00000167286.10",2.786,"OK"
"TCGA-KIRC","f6b85b88-29c7-4722-86f1-0c4c5fa0b819","TCGA-AK-3447-01A-01R-1766-07","TCGA-AK-3447","Primary Tumor","CD3E","ENSG00000198851.10",0.632,"OK"
"TCGA-KIRC","f6b85b88-29c7-4722-86f1-0c4c5fa0b819","TCGA-AK-3447-01A-01R-1766-07","TCGA-AK-3447","Primary Tumor","MS4A1","ENSG00000156738.18",0.0088,"OK"
"TCGA-KIRC","f6b85b88-29c7-4722-86f1-0c4c5fa0b819","TCGA-AK-3447-01A-01R-1766-07","TCGA-AK-3447","Primary Tumor","CD79A","ENSG00000105369.10",0.9377,"OK"
"TCGA-KIRC","f6b85b88-29c7-4722-86f1-0c4c5fa0b819","TCGA-AK-3447-01A-01R-1766-07","TCGA-AK-3447","Primary Tumor","NKG7","ENSG00000105374.10",13.6838,"OK"
"TCGA-KIRC","f6b85b88-29c7-4722-86f1-0c4c5fa0b819","TCGA-AK-3447-01A-01R-1766-07","TCGA-AK-3447","Primary Tumor","LST1","ENSG00000204482.11",5.3409,"OK"
"TCGA-KIRC","f6b85b88-29c7-4722-86f1-0c4c5fa0b819","TCGA-AK-3447-01A-01R-1766-07","TCGA-AK-3447","Primary Tumor","TYROBP","ENSG00000011600.12",45.4365,"OK"
"TCGA-KIRC","f6b85b88-29c7-4722-86f1-0c4c5fa0b819","TCGA-AK-3447-01A-01R-1766-07","TCGA-AK-3447","Primary Tumor","FCER1G","ENSG00000158869.11",5.578,"OK"
"TCGA-KIRC","f6b85b88-29c7-4722-86f1-0c4c5fa0b819","TCGA-AK-3447-01A-01R-1766-07","TCGA-AK-3447","Primary Tumor","CD68","ENSG00000129226.14",0,"OK"
"TCGA-KIRC","80ef1b28-350f-4ca8-8da5-a5afcaa0f2b8","TCGA-AK-3450-01A-02R-1277-07","TCGA-AK-3450","Primary Tumor","PTPRC","ENSG00000081237.20",9.1242,"OK"
"TCGA-KIRC","80ef1b28-350f-4ca8-8da5-a5afcaa0f2b8","TCGA-AK-3450-01A-02R-1277-07","TCGA-AK-3450","Primary Tumor","CD3D","ENSG00000167286.10",23.5592,"OK"
"TCGA-KIRC","80ef1b28-350f-4ca8-8da5-a5afcaa0f2b8","TCGA-AK-3450-01A-02R-1277-07","TCGA-AK-3450","Primary Tumor","CD3E","ENSG00000198851.10",18.7018,"OK"
"TCGA-KIRC","80ef1b28-350f-4ca8-8da5-a5afcaa0f2b8","TCGA-AK-3450-01A-02R-1277-07","TCGA-AK-3450","Primary Tumor","MS4A1","ENSG00000156738.18",0.6156,"OK"
"TCGA-KIRC","80ef1b28-350f-4ca8-8da5-a5afcaa0f2b8","TCGA-AK-3450-01A-02R-1277-07","TCGA-AK-3450","Primary Tumor","CD79A","ENSG00000105369.10",7.3907,"OK"
"TCGA-KIRC","80ef1b28-350f-4ca8-8da5-a5afcaa0f2b8","TCGA-AK-3450-01A-02R-1277-07","TCGA-AK-3450","Primary Tumor","NKG7","ENSG00000105374.10",44.4972,"OK"
"TCGA-KIRC","80ef1b28-350f-4ca8-8da5-a5afcaa0f2b8","TCGA-AK-3450-01A-02R-1277-07","TCGA-AK-3450","Primary Tumor","LST1","ENSG00000204482.11",19.8838,"OK"
"TCGA-KIRC","80ef1b28-350f-4ca8-8da5-a5afcaa0f2b8","TCGA-AK-3450-01A-02R-1277-07","TCGA-AK-3450","Primary Tumor","TYROBP","ENSG00000011600.12",198.9202,"OK"
"TCGA-KIRC","80ef1b28-350f-4ca8-8da5-a5afcaa0f2b8","TCGA-AK-3450-01A-02R-1277-07","TCGA-AK-3450","Primary Tumor","FCER1G","ENSG00000158869.11",71.5453,"OK"
"TCGA-KIRC","80ef1b28-350f-4ca8-8da5-a5afcaa0f2b8","TCGA-AK-3450-01A-02R-1277-07","TCGA-AK-3450","Primary Tumor","CD68","ENSG00000129226.14",0.0578,"OK"
"TCGA-KIRC","c51b2e7b-b9e7-44a5-b09f-ba3377f1fc5e","TCGA-AK-3436-01A-02R-1325-07","TCGA-AK-3436","Primary Tumor","PTPRC","ENSG00000081237.20",7.7508,"OK"
"TCGA-KIRC","c51b2e7b-b9e7-44a5-b09f-ba3377f1fc5e","TCGA-AK-3436-01A-02R-1325-07","TCGA-AK-3436","Primary Tumor","CD3D","ENSG00000167286.10",23.4083,"OK"
"TCGA-KIRC","c51b2e7b-b9e7-44a5-b09f-ba3377f1fc5e","TCGA-AK-3436-01A-02R-1325-07","TCGA-AK-3436","Primary Tumor","CD3E","ENSG00000198851.10",24.3492,"OK"
"TCGA-KIRC","c51b2e7b-b9e7-44a5-b09f-ba3377f1fc5e","TCGA-AK-3436-01A-02R-1325-07","TCGA-AK-3436","Primary Tumor","MS4A1","ENSG00000156738.18",0.1732,"OK"
"TCGA-KIRC","c51b2e7b-b9e7-44a5-b09f-ba3377f1fc5e","TCGA-AK-3436-01A-02R-1325-07","TCGA-AK-3436","Primary Tumor","CD79A","ENSG00000105369.10",3.7326,"OK"
"TCGA-KIRC","c51b2e7b-b9e7-44a5-b09f-ba3377f1fc5e","TCGA-AK-3436-01A-02R-1325-07","TCGA-AK-3436","Primary Tumor","NKG7","ENSG00000105374.10",42.2302,"OK"
"TCGA-KIRC","c51b2e7b-b9e7-44a5-b09f-ba3377f1fc5e","TCGA-AK-3436-01A-02R-1325-07","TCGA-AK-3436","Primary Tumor","LST1","ENSG00000204482.11",9.2372,"OK"
"TCGA-KIRC","c51b2e7b-b9e7-44a5-b09f-ba3377f1fc5e","TCGA-AK-3436-01A-02R-1325-07","TCGA-AK-3436","Primary Tumor","TYROBP","ENSG00000011600.12",196.1901,"OK"
"TCGA-KIRC","c51b2e7b-b9e7-44a5-b09f-ba3377f1fc5e","TCGA-AK-3436-01A-02R-1325-07","TCGA-AK-3436","Primary Tumor","FCER1G","ENSG00000158869.11",69.6726,"OK"
"TCGA-KIRC","c51b2e7b-b9e7-44a5-b09f-ba3377f1fc5e","TCGA-AK-3436-01A-02R-1325-07","TCGA-AK-3436","Primary Tumor","CD68","ENSG00000129226.14",0,"OK"
"TCGA-KIRC","d1e1f6c5-e3af-418c-89ed-8b68f8157f36","TCGA-AK-3427-01A-01R-0864-07","TCGA-AK-3427","Primary Tumor","PTPRC","ENSG00000081237.20",1.9122,"OK"
"TCGA-KIRC","d1e1f6c5-e3af-418c-89ed-8b68f8157f36","TCGA-AK-3427-01A-01R-0864-07","TCGA-AK-3427","Primary Tumor","CD3D","ENSG00000167286.10",1.1592,"OK"
"TCGA-KIRC","d1e1f6c5-e3af-418c-89ed-8b68f8157f36","TCGA-AK-3427-01A-01R-0864-07","TCGA-AK-3427","Primary Tumor","CD3E","ENSG00000198851.10",0.4949,"OK"
"TCGA-KIRC","d1e1f6c5-e3af-418c-89ed-8b68f8157f36","TCGA-AK-3427-01A-01R-0864-07","TCGA-AK-3427","Primary Tumor","MS4A1","ENSG00000156738.18",0.1424,"OK"
"TCGA-KIRC","d1e1f6c5-e3af-418c-89ed-8b68f8157f36","TCGA-AK-3427-01A-01R-0864-07","TCGA-AK-3427","Primary Tumor","CD79A","ENSG00000105369.10",0.6633,"OK"
"TCGA-KIRC","d1e1f6c5-e3af-418c-89ed-8b68f8157f36","TCGA-AK-3427-01A-01R-0864-07","TCGA-AK-3427","Primary Tumor","NKG7","ENSG00000105374.10",5.7151,"OK"
"TCGA-KIRC","d1e1f6c5-e3af-418c-89ed-8b68f8157f36","TCGA-AK-3427-01A-01R-0864-07","TCGA-AK-3427","Primary Tumor","LST1","ENSG00000204482.11",6.0295,"OK"
"TCGA-KIRC","d1e1f6c5-e3af-418c-89ed-8b68f8157f36","TCGA-AK-3427-01A-01R-0864-07","TCGA-AK-3427","Primary Tumor","TYROBP","ENSG00000011600.12",44.2739,"OK"
"TCGA-KIRC","d1e1f6c5-e3af-418c-89ed-8b68f8157f36","TCGA-AK-3427-01A-01R-0864-07","TCGA-AK-3427","Primary Tumor","FCER1G","ENSG00000158869.11",14.1349,"OK"
"TCGA-KIRC","d1e1f6c5-e3af-418c-89ed-8b68f8157f36","TCGA-AK-3427-01A-01R-0864-07","TCGA-AK-3427","Primary Tumor","CD68","ENSG00000129226.14",0,"OK"
"TCGA-KIRC","8eb67e14-ab2d-4d8c-a945-fbdc6ad6a7be","TCGA-BP-5168-01A-01R-1420-07","TCGA-BP-5168","Primary Tumor","PTPRC","ENSG00000081237.20",10.513,"OK"
"TCGA-KIRC","8eb67e14-ab2d-4d8c-a945-fbdc6ad6a7be","TCGA-BP-5168-01A-01R-1420-07","TCGA-BP-5168","Primary Tumor","CD3D","ENSG00000167286.10",22.7957,"OK"
"TCGA-KIRC","8eb67e14-ab2d-4d8c-a945-fbdc6ad6a7be","TCGA-BP-5168-01A-01R-1420-07","TCGA-BP-5168","Primary Tumor","CD3E","ENSG00000198851.10",23.4354,"OK"
"TCGA-KIRC","8eb67e14-ab2d-4d8c-a945-fbdc6ad6a7be","TCGA-BP-5168-01A-01R-1420-07","TCGA-BP-5168","Primary Tumor","MS4A1","ENSG00000156738.18",0.3766,"OK"
"TCGA-KIRC","8eb67e14-ab2d-4d8c-a945-fbdc6ad6a7be","TCGA-BP-5168-01A-01R-1420-07","TCGA-BP-5168","Primary Tumor","CD79A","ENSG00000105369.10",1.4748,"OK"
"TCGA-KIRC","8eb67e14-ab2d-4d8c-a945-fbdc6ad6a7be","TCGA-BP-5168-01A-01R-1420-07","TCGA-BP-5168","Primary Tumor","NKG7","ENSG00000105374.10",45.2635,"OK"
"TCGA-KIRC","8eb67e14-ab2d-4d8c-a945-fbdc6ad6a7be","TCGA-BP-5168-01A-01R-1420-07","TCGA-BP-5168","Primary Tumor","LST1","ENSG00000204482.11",12.2202,"OK"
"TCGA-KIRC","8eb67e14-ab2d-4d8c-a945-fbdc6ad6a7be","TCGA-BP-5168-01A-01R-1420-07","TCGA-BP-5168","Primary Tumor","TYROBP","ENSG00000011600.12",181.0485,"OK"
"TCGA-KIRC","8eb67e14-ab2d-4d8c-a945-fbdc6ad6a7be","TCGA-BP-5168-01A-01R-1420-07","TCGA-BP-5168","Primary Tumor","FCER1G","ENSG00000158869.11",85.2681,"OK"
"TCGA-KIRC","8eb67e14-ab2d-4d8c-a945-fbdc6ad6a7be","TCGA-BP-5168-01A-01R-1420-07","TCGA-BP-5168","Primary Tumor","CD68","ENSG00000129226.14",0.1146,"OK"
"TCGA-KIRC","bdcb4d2f-7d86-4a59-8dbd-8b7300b45b72","TCGA-B0-5691-11A-01R-1541-07","TCGA-B0-5691","Solid Tissue Normal","PTPRC","ENSG00000081237.20",23.4663,"OK"
"TCGA-KIRC","bdcb4d2f-7d86-4a59-8dbd-8b7300b45b72","TCGA-B0-5691-11A-01R-1541-07","TCGA-B0-5691","Solid Tissue Normal","CD3D","ENSG00000167286.10",12.0948,"OK"
"TCGA-KIRC","bdcb4d2f-7d86-4a59-8dbd-8b7300b45b72","TCGA-B0-5691-11A-01R-1541-07","TCGA-B0-5691","Solid Tissue Normal","CD3E","ENSG00000198851.10",12.3259,"OK"
"TCGA-KIRC","bdcb4d2f-7d86-4a59-8dbd-8b7300b45b72","TCGA-B0-5691-11A-01R-1541-07","TCGA-B0-5691","Solid Tissue Normal","MS4A1","ENSG00000156738.18",2.6231,"OK"
"TCGA-KIRC","bdcb4d2f-7d86-4a59-8dbd-8b7300b45b72","TCGA-B0-5691-11A-01R-1541-07","TCGA-B0-5691","Solid Tissue Normal","CD79A","ENSG00000105369.10",9.0623,"OK"
"TCGA-KIRC","bdcb4d2f-7d86-4a59-8dbd-8b7300b45b72","TCGA-B0-5691-11A-01R-1541-07","TCGA-B0-5691","Solid Tissue Normal","NKG7","ENSG00000105374.10",9.5377,"OK"
"TCGA-KIRC","bdcb4d2f-7d86-4a59-8dbd-8b7300b45b72","TCGA-B0-5691-11A-01R-1541-07","TCGA-B0-5691","Solid Tissue Normal","LST1","ENSG00000204482.11",8.3978,"OK"
"TCGA-KIRC","bdcb4d2f-7d86-4a59-8dbd-8b7300b45b72","TCGA-B0-5691-11A-01R-1541-07","TCGA-B0-5691","Solid Tissue Normal","TYROBP","ENSG00000011600.12",69.5848,"OK"
"TCGA-KIRC","bdcb4d2f-7d86-4a59-8dbd-8b7300b45b72","TCGA-B0-5691-11A-01R-1541-07","TCGA-B0-5691","Solid Tissue Normal","FCER1G","ENSG00000158869.11",42.6131,"OK"
"TCGA-KIRC","bdcb4d2f-7d86-4a59-8dbd-8b7300b45b72","TCGA-B0-5691-11A-01R-1541-07","TCGA-B0-5691","Solid Tissue Normal","CD68","ENSG00000129226.14",0.0512,"OK"
"TCGA-KIRC","02669516-0c84-46b4-9ff1-ab147ff1ddcc","TCGA-B0-5698-01A-11R-1672-07","TCGA-B0-5698","Primary Tumor","PTPRC","ENSG00000081237.20",49.6617,"OK"
"TCGA-KIRC","02669516-0c84-46b4-9ff1-ab147ff1ddcc","TCGA-B0-5698-01A-11R-1672-07","TCGA-B0-5698","Primary Tumor","CD3D","ENSG00000167286.10",42.8461,"OK"
"TCGA-KIRC","02669516-0c84-46b4-9ff1-ab147ff1ddcc","TCGA-B0-5698-01A-11R-1672-07","TCGA-B0-5698","Primary Tumor","CD3E","ENSG00000198851.10",41.0233,"OK"
"TCGA-KIRC","02669516-0c84-46b4-9ff1-ab147ff1ddcc","TCGA-B0-5698-01A-11R-1672-07","TCGA-B0-5698","Primary Tumor","MS4A1","ENSG00000156738.18",0.5291,"OK"
"TCGA-KIRC","02669516-0c84-46b4-9ff1-ab147ff1ddcc","TCGA-B0-5698-01A-11R-1672-07","TCGA-B0-5698","Primary Tumor","CD79A","ENSG00000105369.10",11.51,"OK"
"TCGA-KIRC","02669516-0c84-46b4-9ff1-ab147ff1ddcc","TCGA-B0-5698-01A-11R-1672-07","TCGA-B0-5698","Primary Tumor","NKG7","ENSG00000105374.10",62.2127,"OK"
"TCGA-KIRC","02669516-0c84-46b4-9ff1-ab147ff1ddcc","TCGA-B0-5698-01A-11R-1672-07","TCGA-B0-5698","Primary Tumor","LST1","ENSG00000204482.11",37.4951,"OK"
"TCGA-KIRC","02669516-0c84-46b4-9ff1-ab147ff1ddcc","TCGA-B0-5698-01A-11R-1672-07","TCGA-B0-5698","Primary Tumor","TYROBP","ENSG00000011600.12",393.0021,"OK"
"TCGA-KIRC","02669516-0c84-46b4-9ff1-ab147ff1ddcc","TCGA-B0-5698-01A-11R-1672-07","TCGA-B0-5698","Primary Tumor","FCER1G","ENSG00000158869.11",235.2297,"OK"
"TCGA-KIRC","02669516-0c84-46b4-9ff1-ab147ff1ddcc","TCGA-B0-5698-01A-11R-1672-07","TCGA-B0-5698","Primary Tumor","CD68","ENSG00000129226.14",0.1945,"OK"
"TCGA-KIRC","5acfa9e0-c339-40aa-ab9f-0492fbc6db91","TCGA-BP-4164-01A-02R-1325-07","TCGA-BP-4164","Primary Tumor","PTPRC","ENSG00000081237.20",19.6826,"OK"
"TCGA-KIRC","5acfa9e0-c339-40aa-ab9f-0492fbc6db91","TCGA-BP-4164-01A-02R-1325-07","TCGA-BP-4164","Primary Tumor","CD3D","ENSG00000167286.10",16.1958,"OK"
"TCGA-KIRC","5acfa9e0-c339-40aa-ab9f-0492fbc6db91","TCGA-BP-4164-01A-02R-1325-07","TCGA-BP-4164","Primary Tumor","CD3E","ENSG00000198851.10",13.2065,"OK"
"TCGA-KIRC","5acfa9e0-c339-40aa-ab9f-0492fbc6db91","TCGA-BP-4164-01A-02R-1325-07","TCGA-BP-4164","Primary Tumor","MS4A1","ENSG00000156738.18",0.1963,"OK"
"TCGA-KIRC","5acfa9e0-c339-40aa-ab9f-0492fbc6db91","TCGA-BP-4164-01A-02R-1325-07","TCGA-BP-4164","Primary Tumor","CD79A","ENSG00000105369.10",0.8361,"OK"
"TCGA-KIRC","5acfa9e0-c339-40aa-ab9f-0492fbc6db91","TCGA-BP-4164-01A-02R-1325-07","TCGA-BP-4164","Primary Tumor","NKG7","ENSG00000105374.10",32.9429,"OK"
"TCGA-KIRC","5acfa9e0-c339-40aa-ab9f-0492fbc6db91","TCGA-BP-4164-01A-02R-1325-07","TCGA-BP-4164","Primary Tumor","LST1","ENSG00000204482.11",12.275,"OK"
"TCGA-KIRC","5acfa9e0-c339-40aa-ab9f-0492fbc6db91","TCGA-BP-4164-01A-02R-1325-07","TCGA-BP-4164","Primary Tumor","TYROBP","ENSG00000011600.12",120.5901,"OK"
"TCGA-KIRC","5acfa9e0-c339-40aa-ab9f-0492fbc6db91","TCGA-BP-4164-01A-02R-1325-07","TCGA-BP-4164","Primary Tumor","FCER1G","ENSG00000158869.11",70.3295,"OK"
"TCGA-KIRC","5acfa9e0-c339-40aa-ab9f-0492fbc6db91","TCGA-BP-4164-01A-02R-1325-07","TCGA-BP-4164","Primary Tumor","CD68","ENSG00000129226.14",0,"OK"
"TCGA-KIRC","34a71e25-c1fa-4f7a-9407-600964534fc5","TCGA-DV-5569-01A-01R-1541-07","TCGA-DV-5569","Primary Tumor","PTPRC","ENSG00000081237.20",26.792,"OK"
"TCGA-KIRC","34a71e25-c1fa-4f7a-9407-600964534fc5","TCGA-DV-5569-01A-01R-1541-07","TCGA-DV-5569","Primary Tumor","CD3D","ENSG00000167286.10",25.9107,"OK"
"TCGA-KIRC","34a71e25-c1fa-4f7a-9407-600964534fc5","TCGA-DV-5569-01A-01R-1541-07","TCGA-DV-5569","Primary Tumor","CD3E","ENSG00000198851.10",25.6358,"OK"
"TCGA-KIRC","34a71e25-c1fa-4f7a-9407-600964534fc5","TCGA-DV-5569-01A-01R-1541-07","TCGA-DV-5569","Primary Tumor","MS4A1","ENSG00000156738.18",0.3909,"OK"
"TCGA-KIRC","34a71e25-c1fa-4f7a-9407-600964534fc5","TCGA-DV-5569-01A-01R-1541-07","TCGA-DV-5569","Primary Tumor","CD79A","ENSG00000105369.10",4.2049,"OK"
"TCGA-KIRC","34a71e25-c1fa-4f7a-9407-600964534fc5","TCGA-DV-5569-01A-01R-1541-07","TCGA-DV-5569","Primary Tumor","NKG7","ENSG00000105374.10",72.2414,"OK"
"TCGA-KIRC","34a71e25-c1fa-4f7a-9407-600964534fc5","TCGA-DV-5569-01A-01R-1541-07","TCGA-DV-5569","Primary Tumor","LST1","ENSG00000204482.11",27.0745,"OK"
"TCGA-KIRC","34a71e25-c1fa-4f7a-9407-600964534fc5","TCGA-DV-5569-01A-01R-1541-07","TCGA-DV-5569","Primary Tumor","TYROBP","ENSG00000011600.12",399.8633,"OK"
"TCGA-KIRC","34a71e25-c1fa-4f7a-9407-600964534fc5","TCGA-DV-5569-01A-01R-1541-07","TCGA-DV-5569","Primary Tumor","FCER1G","ENSG00000158869.11",236.9128,"OK"
"TCGA-KIRC","34a71e25-c1fa-4f7a-9407-600964534fc5","TCGA-DV-5569-01A-01R-1541-07","TCGA-DV-5569","Primary Tumor","CD68","ENSG00000129226.14",0.2694,"OK"
"TCGA-KIRC","cfcc7db1-9369-4151-9f31-2d7ef06f8ea3","TCGA-CJ-5683-01A-11R-1541-07","TCGA-CJ-5683","Primary Tumor","PTPRC","ENSG00000081237.20",8.0941,"OK"
"TCGA-KIRC","cfcc7db1-9369-4151-9f31-2d7ef06f8ea3","TCGA-CJ-5683-01A-11R-1541-07","TCGA-CJ-5683","Primary Tumor","CD3D","ENSG00000167286.10",22.9791,"OK"
"TCGA-KIRC","cfcc7db1-9369-4151-9f31-2d7ef06f8ea3","TCGA-CJ-5683-01A-11R-1541-07","TCGA-CJ-5683","Primary Tumor","CD3E","ENSG00000198851.10",12.857,"OK"
"TCGA-KIRC","cfcc7db1-9369-4151-9f31-2d7ef06f8ea3","TCGA-CJ-5683-01A-11R-1541-07","TCGA-CJ-5683","Primary Tumor","MS4A1","ENSG00000156738.18",0.2784,"OK"
"TCGA-KIRC","cfcc7db1-9369-4151-9f31-2d7ef06f8ea3","TCGA-CJ-5683-01A-11R-1541-07","TCGA-CJ-5683","Primary Tumor","CD79A","ENSG00000105369.10",0.6015,"OK"
"TCGA-KIRC","cfcc7db1-9369-4151-9f31-2d7ef06f8ea3","TCGA-CJ-5683-01A-11R-1541-07","TCGA-CJ-5683","Primary Tumor","NKG7","ENSG00000105374.10",57.7481,"OK"
"TCGA-KIRC","cfcc7db1-9369-4151-9f31-2d7ef06f8ea3","TCGA-CJ-5683-01A-11R-1541-07","TCGA-CJ-5683","Primary Tumor","LST1","ENSG00000204482.11",24.5322,"OK"
"TCGA-KIRC","cfcc7db1-9369-4151-9f31-2d7ef06f8ea3","TCGA-CJ-5683-01A-11R-1541-07","TCGA-CJ-5683","Primary Tumor","TYROBP","ENSG00000011600.12",281.1638,"OK"
"TCGA-KIRC","cfcc7db1-9369-4151-9f31-2d7ef06f8ea3","TCGA-CJ-5683-01A-11R-1541-07","TCGA-CJ-5683","Primary Tumor","FCER1G","ENSG00000158869.11",119.6895,"OK"
"TCGA-KIRC","cfcc7db1-9369-4151-9f31-2d7ef06f8ea3","TCGA-CJ-5683-01A-11R-1541-07","TCGA-CJ-5683","Primary Tumor","CD68","ENSG00000129226.14",0.0801,"OK"
"TCGA-KIRC","ebd01ba8-06cd-417a-b41d-05379e430fd2","TCGA-B2-5635-01A-01R-A277-07","TCGA-B2-5635","Primary Tumor","PTPRC","ENSG00000081237.20",86.9416,"OK"
"TCGA-KIRC","ebd01ba8-06cd-417a-b41d-05379e430fd2","TCGA-B2-5635-01A-01R-A277-07","TCGA-B2-5635","Primary Tumor","CD3D","ENSG00000167286.10",46.6235,"OK"
"TCGA-KIRC","ebd01ba8-06cd-417a-b41d-05379e430fd2","TCGA-B2-5635-01A-01R-A277-07","TCGA-B2-5635","Primary Tumor","CD3E","ENSG00000198851.10",5.7975,"OK"
"TCGA-KIRC","ebd01ba8-06cd-417a-b41d-05379e430fd2","TCGA-B2-5635-01A-01R-A277-07","TCGA-B2-5635","Primary Tumor","MS4A1","ENSG00000156738.18",0.563,"OK"
"TCGA-KIRC","ebd01ba8-06cd-417a-b41d-05379e430fd2","TCGA-B2-5635-01A-01R-A277-07","TCGA-B2-5635","Primary Tumor","CD79A","ENSG00000105369.10",1.332,"OK"
"TCGA-KIRC","ebd01ba8-06cd-417a-b41d-05379e430fd2","TCGA-B2-5635-01A-01R-A277-07","TCGA-B2-5635","Primary Tumor","NKG7","ENSG00000105374.10",34.0155,"OK"
"TCGA-KIRC","ebd01ba8-06cd-417a-b41d-05379e430fd2","TCGA-B2-5635-01A-01R-A277-07","TCGA-B2-5635","Primary Tumor","LST1","ENSG00000204482.11",24.613,"OK"
"TCGA-KIRC","ebd01ba8-06cd-417a-b41d-05379e430fd2","TCGA-B2-5635-01A-01R-A277-07","TCGA-B2-5635","Primary Tumor","TYROBP","ENSG00000011600.12",129.7737,"OK"
"TCGA-KIRC","ebd01ba8-06cd-417a-b41d-05379e430fd2","TCGA-B2-5635-01A-01R-A277-07","TCGA-B2-5635","Primary Tumor","FCER1G","ENSG00000158869.11",33.9942,"OK"
"TCGA-KIRC","ebd01ba8-06cd-417a-b41d-05379e430fd2","TCGA-B2-5635-01A-01R-A277-07","TCGA-B2-5635","Primary Tumor","CD68","ENSG00000129226.14",0,"OK"
"TCGA-KIRC","18913801-b38a-4439-8b34-25a7138e8fdd","TCGA-CZ-5984-11A-01R-1672-07","TCGA-CZ-5984","Solid Tissue Normal","PTPRC","ENSG00000081237.20",4.8731,"OK"
"TCGA-KIRC","18913801-b38a-4439-8b34-25a7138e8fdd","TCGA-CZ-5984-11A-01R-1672-07","TCGA-CZ-5984","Solid Tissue Normal","CD3D","ENSG00000167286.10",1.8091,"OK"
"TCGA-KIRC","18913801-b38a-4439-8b34-25a7138e8fdd","TCGA-CZ-5984-11A-01R-1672-07","TCGA-CZ-5984","Solid Tissue Normal","CD3E","ENSG00000198851.10",1.9882,"OK"
"TCGA-KIRC","18913801-b38a-4439-8b34-25a7138e8fdd","TCGA-CZ-5984-11A-01R-1672-07","TCGA-CZ-5984","Solid Tissue Normal","MS4A1","ENSG00000156738.18",0.1667,"OK"
"TCGA-KIRC","18913801-b38a-4439-8b34-25a7138e8fdd","TCGA-CZ-5984-11A-01R-1672-07","TCGA-CZ-5984","Solid Tissue Normal","CD79A","ENSG00000105369.10",0.976,"OK"
"TCGA-KIRC","18913801-b38a-4439-8b34-25a7138e8fdd","TCGA-CZ-5984-11A-01R-1672-07","TCGA-CZ-5984","Solid Tissue Normal","NKG7","ENSG00000105374.10",3.5389,"OK"
"TCGA-KIRC","18913801-b38a-4439-8b34-25a7138e8fdd","TCGA-CZ-5984-11A-01R-1672-07","TCGA-CZ-5984","Solid Tissue Normal","LST1","ENSG00000204482.11",2.6836,"OK"
"TCGA-KIRC","18913801-b38a-4439-8b34-25a7138e8fdd","TCGA-CZ-5984-11A-01R-1672-07","TCGA-CZ-5984","Solid Tissue Normal","TYROBP","ENSG00000011600.12",34.6646,"OK"
"TCGA-KIRC","18913801-b38a-4439-8b34-25a7138e8fdd","TCGA-CZ-5984-11A-01R-1672-07","TCGA-CZ-5984","Solid Tissue Normal","FCER1G","ENSG00000158869.11",15.256,"OK"
"TCGA-KIRC","18913801-b38a-4439-8b34-25a7138e8fdd","TCGA-CZ-5984-11A-01R-1672-07","TCGA-CZ-5984","Solid Tissue Normal","CD68","ENSG00000129226.14",0.0551,"OK"
"TCGA-KIRC","3629b10d-fb7e-47a0-b2d2-4320de98fa17","TCGA-CJ-4871-01A-01R-1305-07","TCGA-CJ-4871","Primary Tumor","PTPRC","ENSG00000081237.20",19.6656,"OK"
"TCGA-KIRC","3629b10d-fb7e-47a0-b2d2-4320de98fa17","TCGA-CJ-4871-01A-01R-1305-07","TCGA-CJ-4871","Primary Tumor","CD3D","ENSG00000167286.10",20.9408,"OK"
"TCGA-KIRC","3629b10d-fb7e-47a0-b2d2-4320de98fa17","TCGA-CJ-4871-01A-01R-1305-07","TCGA-CJ-4871","Primary Tumor","CD3E","ENSG00000198851.10",20.2761,"OK"
"TCGA-KIRC","3629b10d-fb7e-47a0-b2d2-4320de98fa17","TCGA-CJ-4871-01A-01R-1305-07","TCGA-CJ-4871","Primary Tumor","MS4A1","ENSG00000156738.18",0.2623,"OK"
"TCGA-KIRC","3629b10d-fb7e-47a0-b2d2-4320de98fa17","TCGA-CJ-4871-01A-01R-1305-07","TCGA-CJ-4871","Primary Tumor","CD79A","ENSG00000105369.10",1.2953,"OK"
"TCGA-KIRC","3629b10d-fb7e-47a0-b2d2-4320de98fa17","TCGA-CJ-4871-01A-01R-1305-07","TCGA-CJ-4871","Primary Tumor","NKG7","ENSG00000105374.10",55.467,"OK"
"TCGA-KIRC","3629b10d-fb7e-47a0-b2d2-4320de98fa17","TCGA-CJ-4871-01A-01R-1305-07","TCGA-CJ-4871","Primary Tumor","LST1","ENSG00000204482.11",24.5425,"OK"
"TCGA-KIRC","3629b10d-fb7e-47a0-b2d2-4320de98fa17","TCGA-CJ-4871-01A-01R-1305-07","TCGA-CJ-4871","Primary Tumor","TYROBP","ENSG00000011600.12",224.5727,"OK"
"TCGA-KIRC","3629b10d-fb7e-47a0-b2d2-4320de98fa17","TCGA-CJ-4871-01A-01R-1305-07","TCGA-CJ-4871","Primary Tumor","FCER1G","ENSG00000158869.11",102.9381,"OK"
"TCGA-KIRC","3629b10d-fb7e-47a0-b2d2-4320de98fa17","TCGA-CJ-4871-01A-01R-1305-07","TCGA-CJ-4871","Primary Tumor","CD68","ENSG00000129226.14",0.1006,"OK"
"TCGA-KIRC","cbabaf06-c15c-4655-a6c2-89a523ec7a9e","TCGA-BP-5195-01A-02R-1426-07","TCGA-BP-5195","Primary Tumor","PTPRC","ENSG00000081237.20",21.2593,"OK"
"TCGA-KIRC","cbabaf06-c15c-4655-a6c2-89a523ec7a9e","TCGA-BP-5195-01A-02R-1426-07","TCGA-BP-5195","Primary Tumor","CD3D","ENSG00000167286.10",25.9968,"OK"
"TCGA-KIRC","cbabaf06-c15c-4655-a6c2-89a523ec7a9e","TCGA-BP-5195-01A-02R-1426-07","TCGA-BP-5195","Primary Tumor","CD3E","ENSG00000198851.10",25.1325,"OK"
"TCGA-KIRC","cbabaf06-c15c-4655-a6c2-89a523ec7a9e","TCGA-BP-5195-01A-02R-1426-07","TCGA-BP-5195","Primary Tumor","MS4A1","ENSG00000156738.18",0.6936,"OK"
"TCGA-KIRC","cbabaf06-c15c-4655-a6c2-89a523ec7a9e","TCGA-BP-5195-01A-02R-1426-07","TCGA-BP-5195","Primary Tumor","CD79A","ENSG00000105369.10",2.3209,"OK"
"TCGA-KIRC","cbabaf06-c15c-4655-a6c2-89a523ec7a9e","TCGA-BP-5195-01A-02R-1426-07","TCGA-BP-5195","Primary Tumor","NKG7","ENSG00000105374.10",47.3126,"OK"
"TCGA-KIRC","cbabaf06-c15c-4655-a6c2-89a523ec7a9e","TCGA-BP-5195-01A-02R-1426-07","TCGA-BP-5195","Primary Tumor","LST1","ENSG00000204482.11",26.1066,"OK"
"TCGA-KIRC","cbabaf06-c15c-4655-a6c2-89a523ec7a9e","TCGA-BP-5195-01A-02R-1426-07","TCGA-BP-5195","Primary Tumor","TYROBP","ENSG00000011600.12",312.2787,"OK"
"TCGA-KIRC","cbabaf06-c15c-4655-a6c2-89a523ec7a9e","TCGA-BP-5195-01A-02R-1426-07","TCGA-BP-5195","Primary Tumor","FCER1G","ENSG00000158869.11",156.4917,"OK"
"TCGA-KIRC","cbabaf06-c15c-4655-a6c2-89a523ec7a9e","TCGA-BP-5195-01A-02R-1426-07","TCGA-BP-5195","Primary Tumor","CD68","ENSG00000129226.14",0.0655,"OK"
"TCGA-KIRC","b766e689-e3ff-4d0c-8eb0-d81c1df638d4","TCGA-B4-5836-01A-11R-1672-07","TCGA-B4-5836","Primary Tumor","PTPRC","ENSG00000081237.20",43.0065,"OK"
"TCGA-KIRC","b766e689-e3ff-4d0c-8eb0-d81c1df638d4","TCGA-B4-5836-01A-11R-1672-07","TCGA-B4-5836","Primary Tumor","CD3D","ENSG00000167286.10",24.4588,"OK"
"TCGA-KIRC","b766e689-e3ff-4d0c-8eb0-d81c1df638d4","TCGA-B4-5836-01A-11R-1672-07","TCGA-B4-5836","Primary Tumor","CD3E","ENSG00000198851.10",29.2058,"OK"
"TCGA-KIRC","b766e689-e3ff-4d0c-8eb0-d81c1df638d4","TCGA-B4-5836-01A-11R-1672-07","TCGA-B4-5836","Primary Tumor","MS4A1","ENSG00000156738.18",0.548,"OK"
"TCGA-KIRC","b766e689-e3ff-4d0c-8eb0-d81c1df638d4","TCGA-B4-5836-01A-11R-1672-07","TCGA-B4-5836","Primary Tumor","CD79A","ENSG00000105369.10",6.1197,"OK"
"TCGA-KIRC","b766e689-e3ff-4d0c-8eb0-d81c1df638d4","TCGA-B4-5836-01A-11R-1672-07","TCGA-B4-5836","Primary Tumor","NKG7","ENSG00000105374.10",176.946,"OK"
"TCGA-KIRC","b766e689-e3ff-4d0c-8eb0-d81c1df638d4","TCGA-B4-5836-01A-11R-1672-07","TCGA-B4-5836","Primary Tumor","LST1","ENSG00000204482.11",28.6788,"OK"
"TCGA-KIRC","b766e689-e3ff-4d0c-8eb0-d81c1df638d4","TCGA-B4-5836-01A-11R-1672-07","TCGA-B4-5836","Primary Tumor","TYROBP","ENSG00000011600.12",293.6978,"OK"
"TCGA-KIRC","b766e689-e3ff-4d0c-8eb0-d81c1df638d4","TCGA-B4-5836-01A-11R-1672-07","TCGA-B4-5836","Primary Tumor","FCER1G","ENSG00000158869.11",146.4995,"OK"
"TCGA-KIRC","b766e689-e3ff-4d0c-8eb0-d81c1df638d4","TCGA-B4-5836-01A-11R-1672-07","TCGA-B4-5836","Primary Tumor","CD68","ENSG00000129226.14",0.1179,"OK"
"TCGA-KIRC","adc843d6-31ae-4803-ace4-48d1c198a8bb","TCGA-AK-3434-01A-02R-1277-07","TCGA-AK-3434","Primary Tumor","PTPRC","ENSG00000081237.20",19.3442,"OK"
"TCGA-KIRC","adc843d6-31ae-4803-ace4-48d1c198a8bb","TCGA-AK-3434-01A-02R-1277-07","TCGA-AK-3434","Primary Tumor","CD3D","ENSG00000167286.10",46.9817,"OK"
"TCGA-KIRC","adc843d6-31ae-4803-ace4-48d1c198a8bb","TCGA-AK-3434-01A-02R-1277-07","TCGA-AK-3434","Primary Tumor","CD3E","ENSG00000198851.10",37.635,"OK"
"TCGA-KIRC","adc843d6-31ae-4803-ace4-48d1c198a8bb","TCGA-AK-3434-01A-02R-1277-07","TCGA-AK-3434","Primary Tumor","MS4A1","ENSG00000156738.18",0.6913,"OK"
"TCGA-KIRC","adc843d6-31ae-4803-ace4-48d1c198a8bb","TCGA-AK-3434-01A-02R-1277-07","TCGA-AK-3434","Primary Tumor","CD79A","ENSG00000105369.10",0.6934,"OK"
"TCGA-KIRC","adc843d6-31ae-4803-ace4-48d1c198a8bb","TCGA-AK-3434-01A-02R-1277-07","TCGA-AK-3434","Primary Tumor","NKG7","ENSG00000105374.10",144.225,"OK"
"TCGA-KIRC","adc843d6-31ae-4803-ace4-48d1c198a8bb","TCGA-AK-3434-01A-02R-1277-07","TCGA-AK-3434","Primary Tumor","LST1","ENSG00000204482.11",33.1866,"OK"
"TCGA-KIRC","adc843d6-31ae-4803-ace4-48d1c198a8bb","TCGA-AK-3434-01A-02R-1277-07","TCGA-AK-3434","Primary Tumor","TYROBP","ENSG00000011600.12",218.3727,"OK"
"TCGA-KIRC","adc843d6-31ae-4803-ace4-48d1c198a8bb","TCGA-AK-3434-01A-02R-1277-07","TCGA-AK-3434","Primary Tumor","FCER1G","ENSG00000158869.11",71.9075,"OK"
"TCGA-KIRC","adc843d6-31ae-4803-ace4-48d1c198a8bb","TCGA-AK-3434-01A-02R-1277-07","TCGA-AK-3434","Primary Tumor","CD68","ENSG00000129226.14",0,"OK"
"TCGA-KIRC","00ddbdd1-f29d-438b-820b-aacb111a3ec4","TCGA-A3-A8OW-01A-11R-A37O-07","TCGA-A3-A8OW","Primary Tumor","PTPRC","ENSG00000081237.20",26.2934,"OK"
"TCGA-KIRC","00ddbdd1-f29d-438b-820b-aacb111a3ec4","TCGA-A3-A8OW-01A-11R-A37O-07","TCGA-A3-A8OW","Primary Tumor","CD3D","ENSG00000167286.10",49.8787,"OK"
"TCGA-KIRC","00ddbdd1-f29d-438b-820b-aacb111a3ec4","TCGA-A3-A8OW-01A-11R-A37O-07","TCGA-A3-A8OW","Primary Tumor","CD3E","ENSG00000198851.10",39.7447,"OK"
"TCGA-KIRC","00ddbdd1-f29d-438b-820b-aacb111a3ec4","TCGA-A3-A8OW-01A-11R-A37O-07","TCGA-A3-A8OW","Primary Tumor","MS4A1","ENSG00000156738.18",0.8545,"OK"
"TCGA-KIRC","00ddbdd1-f29d-438b-820b-aacb111a3ec4","TCGA-A3-A8OW-01A-11R-A37O-07","TCGA-A3-A8OW","Primary Tumor","CD79A","ENSG00000105369.10",2.9785,"OK"
"TCGA-KIRC","00ddbdd1-f29d-438b-820b-aacb111a3ec4","TCGA-A3-A8OW-01A-11R-A37O-07","TCGA-A3-A8OW","Primary Tumor","NKG7","ENSG00000105374.10",167.9308,"OK"
"TCGA-KIRC","00ddbdd1-f29d-438b-820b-aacb111a3ec4","TCGA-A3-A8OW-01A-11R-A37O-07","TCGA-A3-A8OW","Primary Tumor","LST1","ENSG00000204482.11",12.9548,"OK"
"TCGA-KIRC","00ddbdd1-f29d-438b-820b-aacb111a3ec4","TCGA-A3-A8OW-01A-11R-A37O-07","TCGA-A3-A8OW","Primary Tumor","TYROBP","ENSG00000011600.12",175.6587,"OK"
"TCGA-KIRC","00ddbdd1-f29d-438b-820b-aacb111a3ec4","TCGA-A3-A8OW-01A-11R-A37O-07","TCGA-A3-A8OW","Primary Tumor","FCER1G","ENSG00000158869.11",85.9959,"OK"
"TCGA-KIRC","00ddbdd1-f29d-438b-820b-aacb111a3ec4","TCGA-A3-A8OW-01A-11R-A37O-07","TCGA-A3-A8OW","Primary Tumor","CD68","ENSG00000129226.14",0.0336,"OK"
"TCGA-KIRC","9c146666-fd40-4251-9b57-ee537addac17","TCGA-CJ-4905-01A-02R-1426-07","TCGA-CJ-4905","Primary Tumor","PTPRC","ENSG00000081237.20",24.3632,"OK"
"TCGA-KIRC","9c146666-fd40-4251-9b57-ee537addac17","TCGA-CJ-4905-01A-02R-1426-07","TCGA-CJ-4905","Primary Tumor","CD3D","ENSG00000167286.10",24.0942,"OK"
"TCGA-KIRC","9c146666-fd40-4251-9b57-ee537addac17","TCGA-CJ-4905-01A-02R-1426-07","TCGA-CJ-4905","Primary Tumor","CD3E","ENSG00000198851.10",22.2982,"OK"
"TCGA-KIRC","9c146666-fd40-4251-9b57-ee537addac17","TCGA-CJ-4905-01A-02R-1426-07","TCGA-CJ-4905","Primary Tumor","MS4A1","ENSG00000156738.18",0.2815,"OK"
"TCGA-KIRC","9c146666-fd40-4251-9b57-ee537addac17","TCGA-CJ-4905-01A-02R-1426-07","TCGA-CJ-4905","Primary Tumor","CD79A","ENSG00000105369.10",1.6383,"OK"
"TCGA-KIRC","9c146666-fd40-4251-9b57-ee537addac17","TCGA-CJ-4905-01A-02R-1426-07","TCGA-CJ-4905","Primary Tumor","NKG7","ENSG00000105374.10",108.5775,"OK"
"TCGA-KIRC","9c146666-fd40-4251-9b57-ee537addac17","TCGA-CJ-4905-01A-02R-1426-07","TCGA-CJ-4905","Primary Tumor","LST1","ENSG00000204482.11",20.9784,"OK"
"TCGA-KIRC","9c146666-fd40-4251-9b57-ee537addac17","TCGA-CJ-4905-01A-02R-1426-07","TCGA-CJ-4905","Primary Tumor","TYROBP","ENSG00000011600.12",223.3492,"OK"
"TCGA-KIRC","9c146666-fd40-4251-9b57-ee537addac17","TCGA-CJ-4905-01A-02R-1426-07","TCGA-CJ-4905","Primary Tumor","FCER1G","ENSG00000158869.11",100.336,"OK"
"TCGA-KIRC","9c146666-fd40-4251-9b57-ee537addac17","TCGA-CJ-4905-01A-02R-1426-07","TCGA-CJ-4905","Primary Tumor","CD68","ENSG00000129226.14",0.0497,"OK"
"TCGA-KIRC","0fbdc947-5a9e-47de-b4fa-bbbf1ba4fd6b","TCGA-CJ-4893-01A-01R-1305-07","TCGA-CJ-4893","Primary Tumor","PTPRC","ENSG00000081237.20",44.2041,"OK"
"TCGA-KIRC","0fbdc947-5a9e-47de-b4fa-bbbf1ba4fd6b","TCGA-CJ-4893-01A-01R-1305-07","TCGA-CJ-4893","Primary Tumor","CD3D","ENSG00000167286.10",71.5175,"OK"
"TCGA-KIRC","0fbdc947-5a9e-47de-b4fa-bbbf1ba4fd6b","TCGA-CJ-4893-01A-01R-1305-07","TCGA-CJ-4893","Primary Tumor","CD3E","ENSG00000198851.10",59.774,"OK"
"TCGA-KIRC","0fbdc947-5a9e-47de-b4fa-bbbf1ba4fd6b","TCGA-CJ-4893-01A-01R-1305-07","TCGA-CJ-4893","Primary Tumor","MS4A1","ENSG00000156738.18",0.7003,"OK"
"TCGA-KIRC","0fbdc947-5a9e-47de-b4fa-bbbf1ba4fd6b","TCGA-CJ-4893-01A-01R-1305-07","TCGA-CJ-4893","Primary Tumor","CD79A","ENSG00000105369.10",3.6021,"OK"
"TCGA-KIRC","0fbdc947-5a9e-47de-b4fa-bbbf1ba4fd6b","TCGA-CJ-4893-01A-01R-1305-07","TCGA-CJ-4893","Primary Tumor","NKG7","ENSG00000105374.10",255.0476,"OK"
"TCGA-KIRC","0fbdc947-5a9e-47de-b4fa-bbbf1ba4fd6b","TCGA-CJ-4893-01A-01R-1305-07","TCGA-CJ-4893","Primary Tumor","LST1","ENSG00000204482.11",37.1851,"OK"
"TCGA-KIRC","0fbdc947-5a9e-47de-b4fa-bbbf1ba4fd6b","TCGA-CJ-4893-01A-01R-1305-07","TCGA-CJ-4893","Primary Tumor","TYROBP","ENSG00000011600.12",407.5321,"OK"
"TCGA-KIRC","0fbdc947-5a9e-47de-b4fa-bbbf1ba4fd6b","TCGA-CJ-4893-01A-01R-1305-07","TCGA-CJ-4893","Primary Tumor","FCER1G","ENSG00000158869.11",212.0821,"OK"
"TCGA-KIRC","0fbdc947-5a9e-47de-b4fa-bbbf1ba4fd6b","TCGA-CJ-4893-01A-01R-1305-07","TCGA-CJ-4893","Primary Tumor","CD68","ENSG00000129226.14",0.0895,"OK"
"TCGA-KIRC","2fb6d7bd-f6df-45a4-b8a7-8de33119d52f","TCGA-CZ-5985-11A-01R-1672-07","TCGA-CZ-5985","Solid Tissue Normal","PTPRC","ENSG00000081237.20",2.8733,"OK"
"TCGA-KIRC","2fb6d7bd-f6df-45a4-b8a7-8de33119d52f","TCGA-CZ-5985-11A-01R-1672-07","TCGA-CZ-5985","Solid Tissue Normal","CD3D","ENSG00000167286.10",0.5236,"OK"
"TCGA-KIRC","2fb6d7bd-f6df-45a4-b8a7-8de33119d52f","TCGA-CZ-5985-11A-01R-1672-07","TCGA-CZ-5985","Solid Tissue Normal","CD3E","ENSG00000198851.10",0.6922,"OK"
"TCGA-KIRC","2fb6d7bd-f6df-45a4-b8a7-8de33119d52f","TCGA-CZ-5985-11A-01R-1672-07","TCGA-CZ-5985","Solid Tissue Normal","MS4A1","ENSG00000156738.18",0.0121,"OK"
"TCGA-KIRC","2fb6d7bd-f6df-45a4-b8a7-8de33119d52f","TCGA-CZ-5985-11A-01R-1672-07","TCGA-CZ-5985","Solid Tissue Normal","CD79A","ENSG00000105369.10",0.1284,"OK"
"TCGA-KIRC","2fb6d7bd-f6df-45a4-b8a7-8de33119d52f","TCGA-CZ-5985-11A-01R-1672-07","TCGA-CZ-5985","Solid Tissue Normal","NKG7","ENSG00000105374.10",3.8719,"OK"
"TCGA-KIRC","2fb6d7bd-f6df-45a4-b8a7-8de33119d52f","TCGA-CZ-5985-11A-01R-1672-07","TCGA-CZ-5985","Solid Tissue Normal","LST1","ENSG00000204482.11",2.0929,"OK"
"TCGA-KIRC","2fb6d7bd-f6df-45a4-b8a7-8de33119d52f","TCGA-CZ-5985-11A-01R-1672-07","TCGA-CZ-5985","Solid Tissue Normal","TYROBP","ENSG00000011600.12",10.5902,"OK"
"TCGA-KIRC","2fb6d7bd-f6df-45a4-b8a7-8de33119d52f","TCGA-CZ-5985-11A-01R-1672-07","TCGA-CZ-5985","Solid Tissue Normal","FCER1G","ENSG00000158869.11",9.2481,"OK"
"TCGA-KIRC","2fb6d7bd-f6df-45a4-b8a7-8de33119d52f","TCGA-CZ-5985-11A-01R-1672-07","TCGA-CZ-5985","Solid Tissue Normal","CD68","ENSG00000129226.14",0.0532,"OK"
"TCGA-KIRC","db9d1bc8-9c20-4fbd-bfac-cf1faf1cad11","TCGA-DV-A4VZ-01A-11R-A266-07","TCGA-DV-A4VZ","Primary Tumor","PTPRC","ENSG00000081237.20",2.1286,"OK"
"TCGA-KIRC","db9d1bc8-9c20-4fbd-bfac-cf1faf1cad11","TCGA-DV-A4VZ-01A-11R-A266-07","TCGA-DV-A4VZ","Primary Tumor","CD3D","ENSG00000167286.10",2.7133,"OK"
"TCGA-KIRC","db9d1bc8-9c20-4fbd-bfac-cf1faf1cad11","TCGA-DV-A4VZ-01A-11R-A266-07","TCGA-DV-A4VZ","Primary Tumor","CD3E","ENSG00000198851.10",1.7771,"OK"
"TCGA-KIRC","db9d1bc8-9c20-4fbd-bfac-cf1faf1cad11","TCGA-DV-A4VZ-01A-11R-A266-07","TCGA-DV-A4VZ","Primary Tumor","MS4A1","ENSG00000156738.18",0.5146,"OK"
"TCGA-KIRC","db9d1bc8-9c20-4fbd-bfac-cf1faf1cad11","TCGA-DV-A4VZ-01A-11R-A266-07","TCGA-DV-A4VZ","Primary Tumor","CD79A","ENSG00000105369.10",1.3242,"OK"
"TCGA-KIRC","db9d1bc8-9c20-4fbd-bfac-cf1faf1cad11","TCGA-DV-A4VZ-01A-11R-A266-07","TCGA-DV-A4VZ","Primary Tumor","NKG7","ENSG00000105374.10",2.9318,"OK"
"TCGA-KIRC","db9d1bc8-9c20-4fbd-bfac-cf1faf1cad11","TCGA-DV-A4VZ-01A-11R-A266-07","TCGA-DV-A4VZ","Primary Tumor","LST1","ENSG00000204482.11",2.2599,"OK"
"TCGA-KIRC","db9d1bc8-9c20-4fbd-bfac-cf1faf1cad11","TCGA-DV-A4VZ-01A-11R-A266-07","TCGA-DV-A4VZ","Primary Tumor","TYROBP","ENSG00000011600.12",37.1453,"OK"
"TCGA-KIRC","db9d1bc8-9c20-4fbd-bfac-cf1faf1cad11","TCGA-DV-A4VZ-01A-11R-A266-07","TCGA-DV-A4VZ","Primary Tumor","FCER1G","ENSG00000158869.11",21.8351,"OK"
"TCGA-KIRC","db9d1bc8-9c20-4fbd-bfac-cf1faf1cad11","TCGA-DV-A4VZ-01A-11R-A266-07","TCGA-DV-A4VZ","Primary Tumor","CD68","ENSG00000129226.14",0.1702,"OK"
"TCGA-KIRC","69c0795b-d68f-4262-9e00-39eff5b66814","TCGA-CZ-5985-01A-11R-1672-07","TCGA-CZ-5985","Primary Tumor","PTPRC","ENSG00000081237.20",70.0469,"OK"
"TCGA-KIRC","69c0795b-d68f-4262-9e00-39eff5b66814","TCGA-CZ-5985-01A-11R-1672-07","TCGA-CZ-5985","Primary Tumor","CD3D","ENSG00000167286.10",42.7249,"OK"
"TCGA-KIRC","69c0795b-d68f-4262-9e00-39eff5b66814","TCGA-CZ-5985-01A-11R-1672-07","TCGA-CZ-5985","Primary Tumor","CD3E","ENSG00000198851.10",39.2965,"OK"
"TCGA-KIRC","69c0795b-d68f-4262-9e00-39eff5b66814","TCGA-CZ-5985-01A-11R-1672-07","TCGA-CZ-5985","Primary Tumor","MS4A1","ENSG00000156738.18",2.4131,"OK"
"TCGA-KIRC","69c0795b-d68f-4262-9e00-39eff5b66814","TCGA-CZ-5985-01A-11R-1672-07","TCGA-CZ-5985","Primary Tumor","CD79A","ENSG00000105369.10",13.886,"OK"
"TCGA-KIRC","69c0795b-d68f-4262-9e00-39eff5b66814","TCGA-CZ-5985-01A-11R-1672-07","TCGA-CZ-5985","Primary Tumor","NKG7","ENSG00000105374.10",93.3097,"OK"
"TCGA-KIRC","69c0795b-d68f-4262-9e00-39eff5b66814","TCGA-CZ-5985-01A-11R-1672-07","TCGA-CZ-5985","Primary Tumor","LST1","ENSG00000204482.11",30.6697,"OK"
"TCGA-KIRC","69c0795b-d68f-4262-9e00-39eff5b66814","TCGA-CZ-5985-01A-11R-1672-07","TCGA-CZ-5985","Primary Tumor","TYROBP","ENSG00000011600.12",491.4925,"OK"
"TCGA-KIRC","69c0795b-d68f-4262-9e00-39eff5b66814","TCGA-CZ-5985-01A-11R-1672-07","TCGA-CZ-5985","Primary Tumor","FCER1G","ENSG00000158869.11",307.5533,"OK"
"TCGA-KIRC","69c0795b-d68f-4262-9e00-39eff5b66814","TCGA-CZ-5985-01A-11R-1672-07","TCGA-CZ-5985","Primary Tumor","CD68","ENSG00000129226.14",0.155,"OK"
"TCGA-KIRC","5474fa69-b83c-44b9-8e1b-1b16406a42ed","TCGA-B0-5109-01A-02R-1420-07","TCGA-B0-5109","Primary Tumor","PTPRC","ENSG00000081237.20",27.5144,"OK"
"TCGA-KIRC","5474fa69-b83c-44b9-8e1b-1b16406a42ed","TCGA-B0-5109-01A-02R-1420-07","TCGA-B0-5109","Primary Tumor","CD3D","ENSG00000167286.10",70.5679,"OK"
"TCGA-KIRC","5474fa69-b83c-44b9-8e1b-1b16406a42ed","TCGA-B0-5109-01A-02R-1420-07","TCGA-B0-5109","Primary Tumor","CD3E","ENSG00000198851.10",66.5485,"OK"
"TCGA-KIRC","5474fa69-b83c-44b9-8e1b-1b16406a42ed","TCGA-B0-5109-01A-02R-1420-07","TCGA-B0-5109","Primary Tumor","MS4A1","ENSG00000156738.18",3.3762,"OK"
"TCGA-KIRC","5474fa69-b83c-44b9-8e1b-1b16406a42ed","TCGA-B0-5109-01A-02R-1420-07","TCGA-B0-5109","Primary Tumor","CD79A","ENSG00000105369.10",112.3439,"OK"
"TCGA-KIRC","5474fa69-b83c-44b9-8e1b-1b16406a42ed","TCGA-B0-5109-01A-02R-1420-07","TCGA-B0-5109","Primary Tumor","NKG7","ENSG00000105374.10",189.2694,"OK"
"TCGA-KIRC","5474fa69-b83c-44b9-8e1b-1b16406a42ed","TCGA-B0-5109-01A-02R-1420-07","TCGA-B0-5109","Primary Tumor","LST1","ENSG00000204482.11",25.7163,"OK"
"TCGA-KIRC","5474fa69-b83c-44b9-8e1b-1b16406a42ed","TCGA-B0-5109-01A-02R-1420-07","TCGA-B0-5109","Primary Tumor","TYROBP","ENSG00000011600.12",181.3761,"OK"
"TCGA-KIRC","5474fa69-b83c-44b9-8e1b-1b16406a42ed","TCGA-B0-5109-01A-02R-1420-07","TCGA-B0-5109","Primary Tumor","FCER1G","ENSG00000158869.11",197.1276,"OK"
"TCGA-KIRC","5474fa69-b83c-44b9-8e1b-1b16406a42ed","TCGA-B0-5109-01A-02R-1420-07","TCGA-B0-5109","Primary Tumor","CD68","ENSG00000129226.14",0.0677,"OK"
"TCGA-KIRC","a936147d-36de-4749-9f38-c80e955c7186","TCGA-CJ-4882-01A-02R-1426-07","TCGA-CJ-4882","Primary Tumor","PTPRC","ENSG00000081237.20",44.4562,"OK"
"TCGA-KIRC","a936147d-36de-4749-9f38-c80e955c7186","TCGA-CJ-4882-01A-02R-1426-07","TCGA-CJ-4882","Primary Tumor","CD3D","ENSG00000167286.10",71.8527,"OK"
"TCGA-KIRC","a936147d-36de-4749-9f38-c80e955c7186","TCGA-CJ-4882-01A-02R-1426-07","TCGA-CJ-4882","Primary Tumor","CD3E","ENSG00000198851.10",89.2816,"OK"
"TCGA-KIRC","a936147d-36de-4749-9f38-c80e955c7186","TCGA-CJ-4882-01A-02R-1426-07","TCGA-CJ-4882","Primary Tumor","MS4A1","ENSG00000156738.18",13.3405,"OK"
"TCGA-KIRC","a936147d-36de-4749-9f38-c80e955c7186","TCGA-CJ-4882-01A-02R-1426-07","TCGA-CJ-4882","Primary Tumor","CD79A","ENSG00000105369.10",68.7702,"OK"
"TCGA-KIRC","a936147d-36de-4749-9f38-c80e955c7186","TCGA-CJ-4882-01A-02R-1426-07","TCGA-CJ-4882","Primary Tumor","NKG7","ENSG00000105374.10",128.1291,"OK"
"TCGA-KIRC","a936147d-36de-4749-9f38-c80e955c7186","TCGA-CJ-4882-01A-02R-1426-07","TCGA-CJ-4882","Primary Tumor","LST1","ENSG00000204482.11",29.1405,"OK"
"TCGA-KIRC","a936147d-36de-4749-9f38-c80e955c7186","TCGA-CJ-4882-01A-02R-1426-07","TCGA-CJ-4882","Primary Tumor","TYROBP","ENSG00000011600.12",261.1862,"OK"
"TCGA-KIRC","a936147d-36de-4749-9f38-c80e955c7186","TCGA-CJ-4882-01A-02R-1426-07","TCGA-CJ-4882","Primary Tumor","FCER1G","ENSG00000158869.11",190.0584,"OK"
"TCGA-KIRC","a936147d-36de-4749-9f38-c80e955c7186","TCGA-CJ-4882-01A-02R-1426-07","TCGA-CJ-4882","Primary Tumor","CD68","ENSG00000129226.14",0.233,"OK"
"TCGA-KIRC","f18443d3-f207-4c05-9738-d70e10d60cfc","TCGA-B8-5552-01B-11R-1672-07","TCGA-B8-5552","Primary Tumor","PTPRC","ENSG00000081237.20",51.6186,"OK"
"TCGA-KIRC","f18443d3-f207-4c05-9738-d70e10d60cfc","TCGA-B8-5552-01B-11R-1672-07","TCGA-B8-5552","Primary Tumor","CD3D","ENSG00000167286.10",45.5387,"OK"
"TCGA-KIRC","f18443d3-f207-4c05-9738-d70e10d60cfc","TCGA-B8-5552-01B-11R-1672-07","TCGA-B8-5552","Primary Tumor","CD3E","ENSG00000198851.10",43.8401,"OK"
"TCGA-KIRC","f18443d3-f207-4c05-9738-d70e10d60cfc","TCGA-B8-5552-01B-11R-1672-07","TCGA-B8-5552","Primary Tumor","MS4A1","ENSG00000156738.18",8.8501,"OK"
"TCGA-KIRC","f18443d3-f207-4c05-9738-d70e10d60cfc","TCGA-B8-5552-01B-11R-1672-07","TCGA-B8-5552","Primary Tumor","CD79A","ENSG00000105369.10",31.1869,"OK"
"TCGA-KIRC","f18443d3-f207-4c05-9738-d70e10d60cfc","TCGA-B8-5552-01B-11R-1672-07","TCGA-B8-5552","Primary Tumor","NKG7","ENSG00000105374.10",66.6706,"OK"
"TCGA-KIRC","f18443d3-f207-4c05-9738-d70e10d60cfc","TCGA-B8-5552-01B-11R-1672-07","TCGA-B8-5552","Primary Tumor","LST1","ENSG00000204482.11",27.7346,"OK"
"TCGA-KIRC","f18443d3-f207-4c05-9738-d70e10d60cfc","TCGA-B8-5552-01B-11R-1672-07","TCGA-B8-5552","Primary Tumor","TYROBP","ENSG00000011600.12",413.9996,"OK"
"TCGA-KIRC","f18443d3-f207-4c05-9738-d70e10d60cfc","TCGA-B8-5552-01B-11R-1672-07","TCGA-B8-5552","Primary Tumor","FCER1G","ENSG00000158869.11",217.278,"OK"
"TCGA-KIRC","f18443d3-f207-4c05-9738-d70e10d60cfc","TCGA-B8-5552-01B-11R-1672-07","TCGA-B8-5552","Primary Tumor","CD68","ENSG00000129226.14",0.1941,"OK"
"TCGA-KIRC","7b3da303-63a6-4bd7-ab94-cf6e38dfe1e0","TCGA-B0-5402-01A-01R-1503-07","TCGA-B0-5402","Primary Tumor","PTPRC","ENSG00000081237.20",26.0566,"OK"
"TCGA-KIRC","7b3da303-63a6-4bd7-ab94-cf6e38dfe1e0","TCGA-B0-5402-01A-01R-1503-07","TCGA-B0-5402","Primary Tumor","CD3D","ENSG00000167286.10",15.8873,"OK"
"TCGA-KIRC","7b3da303-63a6-4bd7-ab94-cf6e38dfe1e0","TCGA-B0-5402-01A-01R-1503-07","TCGA-B0-5402","Primary Tumor","CD3E","ENSG00000198851.10",18.0692,"OK"
"TCGA-KIRC","7b3da303-63a6-4bd7-ab94-cf6e38dfe1e0","TCGA-B0-5402-01A-01R-1503-07","TCGA-B0-5402","Primary Tumor","MS4A1","ENSG00000156738.18",0.554,"OK"
"TCGA-KIRC","7b3da303-63a6-4bd7-ab94-cf6e38dfe1e0","TCGA-B0-5402-01A-01R-1503-07","TCGA-B0-5402","Primary Tumor","CD79A","ENSG00000105369.10",1.5473,"OK"
"TCGA-KIRC","7b3da303-63a6-4bd7-ab94-cf6e38dfe1e0","TCGA-B0-5402-01A-01R-1503-07","TCGA-B0-5402","Primary Tumor","NKG7","ENSG00000105374.10",56.8242,"OK"
"TCGA-KIRC","7b3da303-63a6-4bd7-ab94-cf6e38dfe1e0","TCGA-B0-5402-01A-01R-1503-07","TCGA-B0-5402","Primary Tumor","LST1","ENSG00000204482.11",12.9345,"OK"
"TCGA-KIRC","7b3da303-63a6-4bd7-ab94-cf6e38dfe1e0","TCGA-B0-5402-01A-01R-1503-07","TCGA-B0-5402","Primary Tumor","TYROBP","ENSG00000011600.12",142.7726,"OK"
"TCGA-KIRC","7b3da303-63a6-4bd7-ab94-cf6e38dfe1e0","TCGA-B0-5402-01A-01R-1503-07","TCGA-B0-5402","Primary Tumor","FCER1G","ENSG00000158869.11",93.254,"OK"
"TCGA-KIRC","7b3da303-63a6-4bd7-ab94-cf6e38dfe1e0","TCGA-B0-5402-01A-01R-1503-07","TCGA-B0-5402","Primary Tumor","CD68","ENSG00000129226.14",0.1602,"OK"
"TCGA-KIRC","7c7bfa90-8754-4170-b009-ba858bddcb38","TCGA-BP-4995-01A-01R-1334-07","TCGA-BP-4995","Primary Tumor","PTPRC","ENSG00000081237.20",23.1536,"OK"
"TCGA-KIRC","7c7bfa90-8754-4170-b009-ba858bddcb38","TCGA-BP-4995-01A-01R-1334-07","TCGA-BP-4995","Primary Tumor","CD3D","ENSG00000167286.10",21.5076,"OK"
"TCGA-KIRC","7c7bfa90-8754-4170-b009-ba858bddcb38","TCGA-BP-4995-01A-01R-1334-07","TCGA-BP-4995","Primary Tumor","CD3E","ENSG00000198851.10",17.5903,"OK"
"TCGA-KIRC","7c7bfa90-8754-4170-b009-ba858bddcb38","TCGA-BP-4995-01A-01R-1334-07","TCGA-BP-4995","Primary Tumor","MS4A1","ENSG00000156738.18",0.6711,"OK"
"TCGA-KIRC","7c7bfa90-8754-4170-b009-ba858bddcb38","TCGA-BP-4995-01A-01R-1334-07","TCGA-BP-4995","Primary Tumor","CD79A","ENSG00000105369.10",15.7729,"OK"
"TCGA-KIRC","7c7bfa90-8754-4170-b009-ba858bddcb38","TCGA-BP-4995-01A-01R-1334-07","TCGA-BP-4995","Primary Tumor","NKG7","ENSG00000105374.10",47.888,"OK"
"TCGA-KIRC","7c7bfa90-8754-4170-b009-ba858bddcb38","TCGA-BP-4995-01A-01R-1334-07","TCGA-BP-4995","Primary Tumor","LST1","ENSG00000204482.11",11.2116,"OK"
"TCGA-KIRC","7c7bfa90-8754-4170-b009-ba858bddcb38","TCGA-BP-4995-01A-01R-1334-07","TCGA-BP-4995","Primary Tumor","TYROBP","ENSG00000011600.12",146.2345,"OK"
"TCGA-KIRC","7c7bfa90-8754-4170-b009-ba858bddcb38","TCGA-BP-4995-01A-01R-1334-07","TCGA-BP-4995","Primary Tumor","FCER1G","ENSG00000158869.11",93.939,"OK"
"TCGA-KIRC","7c7bfa90-8754-4170-b009-ba858bddcb38","TCGA-BP-4995-01A-01R-1334-07","TCGA-BP-4995","Primary Tumor","CD68","ENSG00000129226.14",0.0822,"OK"
"TCGA-KIRC","bf080139-5562-4d85-8a56-19bc15e80357","TCGA-B0-5402-11A-01R-1503-07","TCGA-B0-5402","Solid Tissue Normal","PTPRC","ENSG00000081237.20",13.1483,"OK"
"TCGA-KIRC","bf080139-5562-4d85-8a56-19bc15e80357","TCGA-B0-5402-11A-01R-1503-07","TCGA-B0-5402","Solid Tissue Normal","CD3D","ENSG00000167286.10",11.7081,"OK"
"TCGA-KIRC","bf080139-5562-4d85-8a56-19bc15e80357","TCGA-B0-5402-11A-01R-1503-07","TCGA-B0-5402","Solid Tissue Normal","CD3E","ENSG00000198851.10",15.2793,"OK"
"TCGA-KIRC","bf080139-5562-4d85-8a56-19bc15e80357","TCGA-B0-5402-11A-01R-1503-07","TCGA-B0-5402","Solid Tissue Normal","MS4A1","ENSG00000156738.18",1.1076,"OK"
"TCGA-KIRC","bf080139-5562-4d85-8a56-19bc15e80357","TCGA-B0-5402-11A-01R-1503-07","TCGA-B0-5402","Solid Tissue Normal","CD79A","ENSG00000105369.10",13.3151,"OK"
"TCGA-KIRC","bf080139-5562-4d85-8a56-19bc15e80357","TCGA-B0-5402-11A-01R-1503-07","TCGA-B0-5402","Solid Tissue Normal","NKG7","ENSG00000105374.10",19.996,"OK"
"TCGA-KIRC","bf080139-5562-4d85-8a56-19bc15e80357","TCGA-B0-5402-11A-01R-1503-07","TCGA-B0-5402","Solid Tissue Normal","LST1","ENSG00000204482.11",9.1666,"OK"
"TCGA-KIRC","bf080139-5562-4d85-8a56-19bc15e80357","TCGA-B0-5402-11A-01R-1503-07","TCGA-B0-5402","Solid Tissue Normal","TYROBP","ENSG00000011600.12",82.7774,"OK"
"TCGA-KIRC","bf080139-5562-4d85-8a56-19bc15e80357","TCGA-B0-5402-11A-01R-1503-07","TCGA-B0-5402","Solid Tissue Normal","FCER1G","ENSG00000158869.11",43.5727,"OK"
"TCGA-KIRC","bf080139-5562-4d85-8a56-19bc15e80357","TCGA-B0-5402-11A-01R-1503-07","TCGA-B0-5402","Solid Tissue Normal","CD68","ENSG00000129226.14",0.086,"OK"
"TCGA-KIRC","ba209e1e-87f1-47a9-a858-d60953ef4528","TCGA-B0-4821-01A-01R-1503-07","TCGA-B0-4821","Primary Tumor","PTPRC","ENSG00000081237.20",7.2693,"OK"
"TCGA-KIRC","ba209e1e-87f1-47a9-a858-d60953ef4528","TCGA-B0-4821-01A-01R-1503-07","TCGA-B0-4821","Primary Tumor","CD3D","ENSG00000167286.10",31.2681,"OK"
"TCGA-KIRC","ba209e1e-87f1-47a9-a858-d60953ef4528","TCGA-B0-4821-01A-01R-1503-07","TCGA-B0-4821","Primary Tumor","CD3E","ENSG00000198851.10",29.8524,"OK"
"TCGA-KIRC","ba209e1e-87f1-47a9-a858-d60953ef4528","TCGA-B0-4821-01A-01R-1503-07","TCGA-B0-4821","Primary Tumor","MS4A1","ENSG00000156738.18",1.0022,"OK"
"TCGA-KIRC","ba209e1e-87f1-47a9-a858-d60953ef4528","TCGA-B0-4821-01A-01R-1503-07","TCGA-B0-4821","Primary Tumor","CD79A","ENSG00000105369.10",6.9027,"OK"
"TCGA-KIRC","ba209e1e-87f1-47a9-a858-d60953ef4528","TCGA-B0-4821-01A-01R-1503-07","TCGA-B0-4821","Primary Tumor","NKG7","ENSG00000105374.10",160.3464,"OK"
"TCGA-KIRC","ba209e1e-87f1-47a9-a858-d60953ef4528","TCGA-B0-4821-01A-01R-1503-07","TCGA-B0-4821","Primary Tumor","LST1","ENSG00000204482.11",7.6571,"OK"
"TCGA-KIRC","ba209e1e-87f1-47a9-a858-d60953ef4528","TCGA-B0-4821-01A-01R-1503-07","TCGA-B0-4821","Primary Tumor","TYROBP","ENSG00000011600.12",118.6196,"OK"
"TCGA-KIRC","ba209e1e-87f1-47a9-a858-d60953ef4528","TCGA-B0-4821-01A-01R-1503-07","TCGA-B0-4821","Primary Tumor","FCER1G","ENSG00000158869.11",45.4672,"OK"
"TCGA-KIRC","ba209e1e-87f1-47a9-a858-d60953ef4528","TCGA-B0-4821-01A-01R-1503-07","TCGA-B0-4821","Primary Tumor","CD68","ENSG00000129226.14",0.2188,"OK"
"TCGA-KIRC","3b473c49-9140-4d1d-b9f9-0c9056e93d8a","TCGA-AK-3440-01A-02R-1277-07","TCGA-AK-3440","Primary Tumor","PTPRC","ENSG00000081237.20",3.9777,"OK"
"TCGA-KIRC","3b473c49-9140-4d1d-b9f9-0c9056e93d8a","TCGA-AK-3440-01A-02R-1277-07","TCGA-AK-3440","Primary Tumor","CD3D","ENSG00000167286.10",1.2943,"OK"
"TCGA-KIRC","3b473c49-9140-4d1d-b9f9-0c9056e93d8a","TCGA-AK-3440-01A-02R-1277-07","TCGA-AK-3440","Primary Tumor","CD3E","ENSG00000198851.10",0.569,"OK"
"TCGA-KIRC","3b473c49-9140-4d1d-b9f9-0c9056e93d8a","TCGA-AK-3440-01A-02R-1277-07","TCGA-AK-3440","Primary Tumor","MS4A1","ENSG00000156738.18",0.025,"OK"
"TCGA-KIRC","3b473c49-9140-4d1d-b9f9-0c9056e93d8a","TCGA-AK-3440-01A-02R-1277-07","TCGA-AK-3440","Primary Tumor","CD79A","ENSG00000105369.10",0.3258,"OK"
"TCGA-KIRC","3b473c49-9140-4d1d-b9f9-0c9056e93d8a","TCGA-AK-3440-01A-02R-1277-07","TCGA-AK-3440","Primary Tumor","NKG7","ENSG00000105374.10",2.4207,"OK"
"TCGA-KIRC","3b473c49-9140-4d1d-b9f9-0c9056e93d8a","TCGA-AK-3440-01A-02R-1277-07","TCGA-AK-3440","Primary Tumor","LST1","ENSG00000204482.11",3.2115,"OK"
"TCGA-KIRC","3b473c49-9140-4d1d-b9f9-0c9056e93d8a","TCGA-AK-3440-01A-02R-1277-07","TCGA-AK-3440","Primary Tumor","TYROBP","ENSG00000011600.12",39.9434,"OK"
"TCGA-KIRC","3b473c49-9140-4d1d-b9f9-0c9056e93d8a","TCGA-AK-3440-01A-02R-1277-07","TCGA-AK-3440","Primary Tumor","FCER1G","ENSG00000158869.11",22.9206,"OK"
"TCGA-KIRC","3b473c49-9140-4d1d-b9f9-0c9056e93d8a","TCGA-AK-3440-01A-02R-1277-07","TCGA-AK-3440","Primary Tumor","CD68","ENSG00000129226.14",0.0184,"OK"
"TCGA-KIRC","9ea5c78a-10b6-4e76-a588-4a169817d01c","TCGA-B0-5712-01A-11R-1672-07","TCGA-B0-5712","Primary Tumor","PTPRC","ENSG00000081237.20",11.4351,"OK"
"TCGA-KIRC","9ea5c78a-10b6-4e76-a588-4a169817d01c","TCGA-B0-5712-01A-11R-1672-07","TCGA-B0-5712","Primary Tumor","CD3D","ENSG00000167286.10",22.1287,"OK"
"TCGA-KIRC","9ea5c78a-10b6-4e76-a588-4a169817d01c","TCGA-B0-5712-01A-11R-1672-07","TCGA-B0-5712","Primary Tumor","CD3E","ENSG00000198851.10",20.2279,"OK"
"TCGA-KIRC","9ea5c78a-10b6-4e76-a588-4a169817d01c","TCGA-B0-5712-01A-11R-1672-07","TCGA-B0-5712","Primary Tumor","MS4A1","ENSG00000156738.18",0.1274,"OK"
"TCGA-KIRC","9ea5c78a-10b6-4e76-a588-4a169817d01c","TCGA-B0-5712-01A-11R-1672-07","TCGA-B0-5712","Primary Tumor","CD79A","ENSG00000105369.10",0.3391,"OK"
"TCGA-KIRC","9ea5c78a-10b6-4e76-a588-4a169817d01c","TCGA-B0-5712-01A-11R-1672-07","TCGA-B0-5712","Primary Tumor","NKG7","ENSG00000105374.10",46.5766,"OK"
"TCGA-KIRC","9ea5c78a-10b6-4e76-a588-4a169817d01c","TCGA-B0-5712-01A-11R-1672-07","TCGA-B0-5712","Primary Tumor","LST1","ENSG00000204482.11",12.8335,"OK"
"TCGA-KIRC","9ea5c78a-10b6-4e76-a588-4a169817d01c","TCGA-B0-5712-01A-11R-1672-07","TCGA-B0-5712","Primary Tumor","TYROBP","ENSG00000011600.12",116.089,"OK"
"TCGA-KIRC","9ea5c78a-10b6-4e76-a588-4a169817d01c","TCGA-B0-5712-01A-11R-1672-07","TCGA-B0-5712","Primary Tumor","FCER1G","ENSG00000158869.11",59.367,"OK"
"TCGA-KIRC","9ea5c78a-10b6-4e76-a588-4a169817d01c","TCGA-B0-5712-01A-11R-1672-07","TCGA-B0-5712","Primary Tumor","CD68","ENSG00000129226.14",0.0468,"OK"
"TCGA-KIRC","424b672b-e409-4b9c-821f-b9d16cc3f454","TCGA-CZ-5463-01A-01R-1503-07","TCGA-CZ-5463","Primary Tumor","PTPRC","ENSG00000081237.20",40.1262,"OK"
"TCGA-KIRC","424b672b-e409-4b9c-821f-b9d16cc3f454","TCGA-CZ-5463-01A-01R-1503-07","TCGA-CZ-5463","Primary Tumor","CD3D","ENSG00000167286.10",30.5765,"OK"
"TCGA-KIRC","424b672b-e409-4b9c-821f-b9d16cc3f454","TCGA-CZ-5463-01A-01R-1503-07","TCGA-CZ-5463","Primary Tumor","CD3E","ENSG00000198851.10",21.074,"OK"
"TCGA-KIRC","424b672b-e409-4b9c-821f-b9d16cc3f454","TCGA-CZ-5463-01A-01R-1503-07","TCGA-CZ-5463","Primary Tumor","MS4A1","ENSG00000156738.18",0.1959,"OK"
"TCGA-KIRC","424b672b-e409-4b9c-821f-b9d16cc3f454","TCGA-CZ-5463-01A-01R-1503-07","TCGA-CZ-5463","Primary Tumor","CD79A","ENSG00000105369.10",1.1682,"OK"
"TCGA-KIRC","424b672b-e409-4b9c-821f-b9d16cc3f454","TCGA-CZ-5463-01A-01R-1503-07","TCGA-CZ-5463","Primary Tumor","NKG7","ENSG00000105374.10",70.9082,"OK"
"TCGA-KIRC","424b672b-e409-4b9c-821f-b9d16cc3f454","TCGA-CZ-5463-01A-01R-1503-07","TCGA-CZ-5463","Primary Tumor","LST1","ENSG00000204482.11",13.8974,"OK"
"TCGA-KIRC","424b672b-e409-4b9c-821f-b9d16cc3f454","TCGA-CZ-5463-01A-01R-1503-07","TCGA-CZ-5463","Primary Tumor","TYROBP","ENSG00000011600.12",185.8388,"OK"
"TCGA-KIRC","424b672b-e409-4b9c-821f-b9d16cc3f454","TCGA-CZ-5463-01A-01R-1503-07","TCGA-CZ-5463","Primary Tumor","FCER1G","ENSG00000158869.11",155.7328,"OK"
"TCGA-KIRC","424b672b-e409-4b9c-821f-b9d16cc3f454","TCGA-CZ-5463-01A-01R-1503-07","TCGA-CZ-5463","Primary Tumor","CD68","ENSG00000129226.14",0.0346,"OK"
"TCGA-KIRC","3537c794-46e2-4756-b1d5-f32896e24536","TCGA-CZ-5470-11A-01R-1503-07","TCGA-CZ-5470","Solid Tissue Normal","PTPRC","ENSG00000081237.20",6.4772,"OK"
"TCGA-KIRC","3537c794-46e2-4756-b1d5-f32896e24536","TCGA-CZ-5470-11A-01R-1503-07","TCGA-CZ-5470","Solid Tissue Normal","CD3D","ENSG00000167286.10",6.0693,"OK"
"TCGA-KIRC","3537c794-46e2-4756-b1d5-f32896e24536","TCGA-CZ-5470-11A-01R-1503-07","TCGA-CZ-5470","Solid Tissue Normal","CD3E","ENSG00000198851.10",4.0278,"OK"
"TCGA-KIRC","3537c794-46e2-4756-b1d5-f32896e24536","TCGA-CZ-5470-11A-01R-1503-07","TCGA-CZ-5470","Solid Tissue Normal","MS4A1","ENSG00000156738.18",0.2009,"OK"
"TCGA-KIRC","3537c794-46e2-4756-b1d5-f32896e24536","TCGA-CZ-5470-11A-01R-1503-07","TCGA-CZ-5470","Solid Tissue Normal","CD79A","ENSG00000105369.10",2.2015,"OK"
"TCGA-KIRC","3537c794-46e2-4756-b1d5-f32896e24536","TCGA-CZ-5470-11A-01R-1503-07","TCGA-CZ-5470","Solid Tissue Normal","NKG7","ENSG00000105374.10",8.8232,"OK"
"TCGA-KIRC","3537c794-46e2-4756-b1d5-f32896e24536","TCGA-CZ-5470-11A-01R-1503-07","TCGA-CZ-5470","Solid Tissue Normal","LST1","ENSG00000204482.11",6.1568,"OK"
"TCGA-KIRC","3537c794-46e2-4756-b1d5-f32896e24536","TCGA-CZ-5470-11A-01R-1503-07","TCGA-CZ-5470","Solid Tissue Normal","TYROBP","ENSG00000011600.12",50.9994,"OK"
"TCGA-KIRC","3537c794-46e2-4756-b1d5-f32896e24536","TCGA-CZ-5470-11A-01R-1503-07","TCGA-CZ-5470","Solid Tissue Normal","FCER1G","ENSG00000158869.11",37.7819,"OK"
"TCGA-KIRC","3537c794-46e2-4756-b1d5-f32896e24536","TCGA-CZ-5470-11A-01R-1503-07","TCGA-CZ-5470","Solid Tissue Normal","CD68","ENSG00000129226.14",0,"OK"
"TCGA-KIRC","32fb5b1c-5eac-4afc-9eac-fdde0dfe60d8","TCGA-BP-4759-01A-01R-1289-07","TCGA-BP-4759","Primary Tumor","PTPRC","ENSG00000081237.20",7.0152,"OK"
"TCGA-KIRC","32fb5b1c-5eac-4afc-9eac-fdde0dfe60d8","TCGA-BP-4759-01A-01R-1289-07","TCGA-BP-4759","Primary Tumor","CD3D","ENSG00000167286.10",18.1658,"OK"
"TCGA-KIRC","32fb5b1c-5eac-4afc-9eac-fdde0dfe60d8","TCGA-BP-4759-01A-01R-1289-07","TCGA-BP-4759","Primary Tumor","CD3E","ENSG00000198851.10",14.4736,"OK"
"TCGA-KIRC","32fb5b1c-5eac-4afc-9eac-fdde0dfe60d8","TCGA-BP-4759-01A-01R-1289-07","TCGA-BP-4759","Primary Tumor","MS4A1","ENSG00000156738.18",0.2537,"OK"
"TCGA-KIRC","32fb5b1c-5eac-4afc-9eac-fdde0dfe60d8","TCGA-BP-4759-01A-01R-1289-07","TCGA-BP-4759","Primary Tumor","CD79A","ENSG00000105369.10",1.4665,"OK"
"TCGA-KIRC","32fb5b1c-5eac-4afc-9eac-fdde0dfe60d8","TCGA-BP-4759-01A-01R-1289-07","TCGA-BP-4759","Primary Tumor","NKG7","ENSG00000105374.10",59.5447,"OK"
"TCGA-KIRC","32fb5b1c-5eac-4afc-9eac-fdde0dfe60d8","TCGA-BP-4759-01A-01R-1289-07","TCGA-BP-4759","Primary Tumor","LST1","ENSG00000204482.11",8.5649,"OK"
"TCGA-KIRC","32fb5b1c-5eac-4afc-9eac-fdde0dfe60d8","TCGA-BP-4759-01A-01R-1289-07","TCGA-BP-4759","Primary Tumor","TYROBP","ENSG00000011600.12",141.781,"OK"
"TCGA-KIRC","32fb5b1c-5eac-4afc-9eac-fdde0dfe60d8","TCGA-BP-4759-01A-01R-1289-07","TCGA-BP-4759","Primary Tumor","FCER1G","ENSG00000158869.11",56.243,"OK"
"TCGA-KIRC","32fb5b1c-5eac-4afc-9eac-fdde0dfe60d8","TCGA-BP-4759-01A-01R-1289-07","TCGA-BP-4759","Primary Tumor","CD68","ENSG00000129226.14",0.032,"OK"
"TCGA-KIRC","9c622d7a-d739-4d5d-824a-923414f13f6f","TCGA-CZ-5465-11A-01R-1503-07","TCGA-CZ-5465","Solid Tissue Normal","PTPRC","ENSG00000081237.20",3.0799,"OK"
"TCGA-KIRC","9c622d7a-d739-4d5d-824a-923414f13f6f","TCGA-CZ-5465-11A-01R-1503-07","TCGA-CZ-5465","Solid Tissue Normal","CD3D","ENSG00000167286.10",1.075,"OK"
"TCGA-KIRC","9c622d7a-d739-4d5d-824a-923414f13f6f","TCGA-CZ-5465-11A-01R-1503-07","TCGA-CZ-5465","Solid Tissue Normal","CD3E","ENSG00000198851.10",0.9327,"OK"
"TCGA-KIRC","9c622d7a-d739-4d5d-824a-923414f13f6f","TCGA-CZ-5465-11A-01R-1503-07","TCGA-CZ-5465","Solid Tissue Normal","MS4A1","ENSG00000156738.18",0.0821,"OK"
"TCGA-KIRC","9c622d7a-d739-4d5d-824a-923414f13f6f","TCGA-CZ-5465-11A-01R-1503-07","TCGA-CZ-5465","Solid Tissue Normal","CD79A","ENSG00000105369.10",0.2266,"OK"
"TCGA-KIRC","9c622d7a-d739-4d5d-824a-923414f13f6f","TCGA-CZ-5465-11A-01R-1503-07","TCGA-CZ-5465","Solid Tissue Normal","NKG7","ENSG00000105374.10",2.5982,"OK"
"TCGA-KIRC","9c622d7a-d739-4d5d-824a-923414f13f6f","TCGA-CZ-5465-11A-01R-1503-07","TCGA-CZ-5465","Solid Tissue Normal","LST1","ENSG00000204482.11",1.6213,"OK"
"TCGA-KIRC","9c622d7a-d739-4d5d-824a-923414f13f6f","TCGA-CZ-5465-11A-01R-1503-07","TCGA-CZ-5465","Solid Tissue Normal","TYROBP","ENSG00000011600.12",14.6304,"OK"
"TCGA-KIRC","9c622d7a-d739-4d5d-824a-923414f13f6f","TCGA-CZ-5465-11A-01R-1503-07","TCGA-CZ-5465","Solid Tissue Normal","FCER1G","ENSG00000158869.11",12.3211,"OK"
"TCGA-KIRC","9c622d7a-d739-4d5d-824a-923414f13f6f","TCGA-CZ-5465-11A-01R-1503-07","TCGA-CZ-5465","Solid Tissue Normal","CD68","ENSG00000129226.14",0,"OK"
"TCGA-KIRC","3f5f2871-02ed-48d4-9d26-e4fe823c7df0","TCGA-B0-5705-01A-11R-1541-07","TCGA-B0-5705","Primary Tumor","PTPRC","ENSG00000081237.20",36.4851,"OK"
"TCGA-KIRC","3f5f2871-02ed-48d4-9d26-e4fe823c7df0","TCGA-B0-5705-01A-11R-1541-07","TCGA-B0-5705","Primary Tumor","CD3D","ENSG00000167286.10",38.5049,"OK"
"TCGA-KIRC","3f5f2871-02ed-48d4-9d26-e4fe823c7df0","TCGA-B0-5705-01A-11R-1541-07","TCGA-B0-5705","Primary Tumor","CD3E","ENSG00000198851.10",39.3719,"OK"
"TCGA-KIRC","3f5f2871-02ed-48d4-9d26-e4fe823c7df0","TCGA-B0-5705-01A-11R-1541-07","TCGA-B0-5705","Primary Tumor","MS4A1","ENSG00000156738.18",0.5892,"OK"
"TCGA-KIRC","3f5f2871-02ed-48d4-9d26-e4fe823c7df0","TCGA-B0-5705-01A-11R-1541-07","TCGA-B0-5705","Primary Tumor","CD79A","ENSG00000105369.10",3.5474,"OK"
"TCGA-KIRC","3f5f2871-02ed-48d4-9d26-e4fe823c7df0","TCGA-B0-5705-01A-11R-1541-07","TCGA-B0-5705","Primary Tumor","NKG7","ENSG00000105374.10",92.7449,"OK"
"TCGA-KIRC","3f5f2871-02ed-48d4-9d26-e4fe823c7df0","TCGA-B0-5705-01A-11R-1541-07","TCGA-B0-5705","Primary Tumor","LST1","ENSG00000204482.11",22.0241,"OK"
"TCGA-KIRC","3f5f2871-02ed-48d4-9d26-e4fe823c7df0","TCGA-B0-5705-01A-11R-1541-07","TCGA-B0-5705","Primary Tumor","TYROBP","ENSG00000011600.12",242.3025,"OK"
"TCGA-KIRC","3f5f2871-02ed-48d4-9d26-e4fe823c7df0","TCGA-B0-5705-01A-11R-1541-07","TCGA-B0-5705","Primary Tumor","FCER1G","ENSG00000158869.11",123.1765,"OK"
"TCGA-KIRC","3f5f2871-02ed-48d4-9d26-e4fe823c7df0","TCGA-B0-5705-01A-11R-1541-07","TCGA-B0-5705","Primary Tumor","CD68","ENSG00000129226.14",0.1856,"OK"
"TCGA-KIRC","d99b2ce2-38a1-4d13-b8dd-7db33bfd360a","TCGA-B0-5699-01A-11R-1541-07","TCGA-B0-5699","Primary Tumor","PTPRC","ENSG00000081237.20",33.6454,"OK"
"TCGA-KIRC","d99b2ce2-38a1-4d13-b8dd-7db33bfd360a","TCGA-B0-5699-01A-11R-1541-07","TCGA-B0-5699","Primary Tumor","CD3D","ENSG00000167286.10",19.9171,"OK"
"TCGA-KIRC","d99b2ce2-38a1-4d13-b8dd-7db33bfd360a","TCGA-B0-5699-01A-11R-1541-07","TCGA-B0-5699","Primary Tumor","CD3E","ENSG00000198851.10",23.1554,"OK"
"TCGA-KIRC","d99b2ce2-38a1-4d13-b8dd-7db33bfd360a","TCGA-B0-5699-01A-11R-1541-07","TCGA-B0-5699","Primary Tumor","MS4A1","ENSG00000156738.18",0.3838,"OK"
"TCGA-KIRC","d99b2ce2-38a1-4d13-b8dd-7db33bfd360a","TCGA-B0-5699-01A-11R-1541-07","TCGA-B0-5699","Primary Tumor","CD79A","ENSG00000105369.10",1.5891,"OK"
"TCGA-KIRC","d99b2ce2-38a1-4d13-b8dd-7db33bfd360a","TCGA-B0-5699-01A-11R-1541-07","TCGA-B0-5699","Primary Tumor","NKG7","ENSG00000105374.10",82.3552,"OK"
"TCGA-KIRC","d99b2ce2-38a1-4d13-b8dd-7db33bfd360a","TCGA-B0-5699-01A-11R-1541-07","TCGA-B0-5699","Primary Tumor","LST1","ENSG00000204482.11",24.5582,"OK"
"TCGA-KIRC","d99b2ce2-38a1-4d13-b8dd-7db33bfd360a","TCGA-B0-5699-01A-11R-1541-07","TCGA-B0-5699","Primary Tumor","TYROBP","ENSG00000011600.12",263.9309,"OK"
"TCGA-KIRC","d99b2ce2-38a1-4d13-b8dd-7db33bfd360a","TCGA-B0-5699-01A-11R-1541-07","TCGA-B0-5699","Primary Tumor","FCER1G","ENSG00000158869.11",135.6514,"OK"
"TCGA-KIRC","d99b2ce2-38a1-4d13-b8dd-7db33bfd360a","TCGA-B0-5699-01A-11R-1541-07","TCGA-B0-5699","Primary Tumor","CD68","ENSG00000129226.14",0.1411,"OK"
"TCGA-KIRC","4ab7002a-08f8-4187-96cd-8f3183336a5a","TCGA-B0-5705-11A-01R-1541-07","TCGA-B0-5705","Solid Tissue Normal","PTPRC","ENSG00000081237.20",4.932,"OK"
"TCGA-KIRC","4ab7002a-08f8-4187-96cd-8f3183336a5a","TCGA-B0-5705-11A-01R-1541-07","TCGA-B0-5705","Solid Tissue Normal","CD3D","ENSG00000167286.10",2.3341,"OK"
"TCGA-KIRC","4ab7002a-08f8-4187-96cd-8f3183336a5a","TCGA-B0-5705-11A-01R-1541-07","TCGA-B0-5705","Solid Tissue Normal","CD3E","ENSG00000198851.10",3.3465,"OK"
"TCGA-KIRC","4ab7002a-08f8-4187-96cd-8f3183336a5a","TCGA-B0-5705-11A-01R-1541-07","TCGA-B0-5705","Solid Tissue Normal","MS4A1","ENSG00000156738.18",0.1601,"OK"
"TCGA-KIRC","4ab7002a-08f8-4187-96cd-8f3183336a5a","TCGA-B0-5705-11A-01R-1541-07","TCGA-B0-5705","Solid Tissue Normal","CD79A","ENSG00000105369.10",0.9377,"OK"
"TCGA-KIRC","4ab7002a-08f8-4187-96cd-8f3183336a5a","TCGA-B0-5705-11A-01R-1541-07","TCGA-B0-5705","Solid Tissue Normal","NKG7","ENSG00000105374.10",2.6123,"OK"
"TCGA-KIRC","4ab7002a-08f8-4187-96cd-8f3183336a5a","TCGA-B0-5705-11A-01R-1541-07","TCGA-B0-5705","Solid Tissue Normal","LST1","ENSG00000204482.11",2.6453,"OK"
"TCGA-KIRC","4ab7002a-08f8-4187-96cd-8f3183336a5a","TCGA-B0-5705-11A-01R-1541-07","TCGA-B0-5705","Solid Tissue Normal","TYROBP","ENSG00000011600.12",25.853,"OK"
"TCGA-KIRC","4ab7002a-08f8-4187-96cd-8f3183336a5a","TCGA-B0-5705-11A-01R-1541-07","TCGA-B0-5705","Solid Tissue Normal","FCER1G","ENSG00000158869.11",17.3915,"OK"
"TCGA-KIRC","4ab7002a-08f8-4187-96cd-8f3183336a5a","TCGA-B0-5705-11A-01R-1541-07","TCGA-B0-5705","Solid Tissue Normal","CD68","ENSG00000129226.14",0.053,"OK"
"TCGA-KIRC","040e6555-b1a3-43ca-ae2b-a972fc01fa19","TCGA-CZ-5456-01A-01R-1503-07","TCGA-CZ-5456","Primary Tumor","PTPRC","ENSG00000081237.20",50.1092,"OK"
"TCGA-KIRC","040e6555-b1a3-43ca-ae2b-a972fc01fa19","TCGA-CZ-5456-01A-01R-1503-07","TCGA-CZ-5456","Primary Tumor","CD3D","ENSG00000167286.10",50.6074,"OK"
"TCGA-KIRC","040e6555-b1a3-43ca-ae2b-a972fc01fa19","TCGA-CZ-5456-01A-01R-1503-07","TCGA-CZ-5456","Primary Tumor","CD3E","ENSG00000198851.10",40.3284,"OK"
"TCGA-KIRC","040e6555-b1a3-43ca-ae2b-a972fc01fa19","TCGA-CZ-5456-01A-01R-1503-07","TCGA-CZ-5456","Primary Tumor","MS4A1","ENSG00000156738.18",2.7392,"OK"
"TCGA-KIRC","040e6555-b1a3-43ca-ae2b-a972fc01fa19","TCGA-CZ-5456-01A-01R-1503-07","TCGA-CZ-5456","Primary Tumor","CD79A","ENSG00000105369.10",49.4056,"OK"
"TCGA-KIRC","040e6555-b1a3-43ca-ae2b-a972fc01fa19","TCGA-CZ-5456-01A-01R-1503-07","TCGA-CZ-5456","Primary Tumor","NKG7","ENSG00000105374.10",44.0897,"OK"
"TCGA-KIRC","040e6555-b1a3-43ca-ae2b-a972fc01fa19","TCGA-CZ-5456-01A-01R-1503-07","TCGA-CZ-5456","Primary Tumor","LST1","ENSG00000204482.11",22.1477,"OK"
"TCGA-KIRC","040e6555-b1a3-43ca-ae2b-a972fc01fa19","TCGA-CZ-5456-01A-01R-1503-07","TCGA-CZ-5456","Primary Tumor","TYROBP","ENSG00000011600.12",380.7027,"OK"
"TCGA-KIRC","040e6555-b1a3-43ca-ae2b-a972fc01fa19","TCGA-CZ-5456-01A-01R-1503-07","TCGA-CZ-5456","Primary Tumor","FCER1G","ENSG00000158869.11",237.4316,"OK"
"TCGA-KIRC","040e6555-b1a3-43ca-ae2b-a972fc01fa19","TCGA-CZ-5456-01A-01R-1503-07","TCGA-CZ-5456","Primary Tumor","CD68","ENSG00000129226.14",0.4947,"OK"
"TCGA-KIRC","70060c00-5e4c-41f0-abff-f573881194aa","TCGA-BP-5004-01A-01R-1334-07","TCGA-BP-5004","Primary Tumor","PTPRC","ENSG00000081237.20",23.1431,"OK"
"TCGA-KIRC","70060c00-5e4c-41f0-abff-f573881194aa","TCGA-BP-5004-01A-01R-1334-07","TCGA-BP-5004","Primary Tumor","CD3D","ENSG00000167286.10",25.2781,"OK"
"TCGA-KIRC","70060c00-5e4c-41f0-abff-f573881194aa","TCGA-BP-5004-01A-01R-1334-07","TCGA-BP-5004","Primary Tumor","CD3E","ENSG00000198851.10",21.4062,"OK"
"TCGA-KIRC","70060c00-5e4c-41f0-abff-f573881194aa","TCGA-BP-5004-01A-01R-1334-07","TCGA-BP-5004","Primary Tumor","MS4A1","ENSG00000156738.18",0.5949,"OK"
"TCGA-KIRC","70060c00-5e4c-41f0-abff-f573881194aa","TCGA-BP-5004-01A-01R-1334-07","TCGA-BP-5004","Primary Tumor","CD79A","ENSG00000105369.10",1.3235,"OK"
"TCGA-KIRC","70060c00-5e4c-41f0-abff-f573881194aa","TCGA-BP-5004-01A-01R-1334-07","TCGA-BP-5004","Primary Tumor","NKG7","ENSG00000105374.10",26.1184,"OK"
"TCGA-KIRC","70060c00-5e4c-41f0-abff-f573881194aa","TCGA-BP-5004-01A-01R-1334-07","TCGA-BP-5004","Primary Tumor","LST1","ENSG00000204482.11",11.1585,"OK"
"TCGA-KIRC","70060c00-5e4c-41f0-abff-f573881194aa","TCGA-BP-5004-01A-01R-1334-07","TCGA-BP-5004","Primary Tumor","TYROBP","ENSG00000011600.12",162.7714,"OK"
"TCGA-KIRC","70060c00-5e4c-41f0-abff-f573881194aa","TCGA-BP-5004-01A-01R-1334-07","TCGA-BP-5004","Primary Tumor","FCER1G","ENSG00000158869.11",104.7778,"OK"
"TCGA-KIRC","70060c00-5e4c-41f0-abff-f573881194aa","TCGA-BP-5004-01A-01R-1334-07","TCGA-BP-5004","Primary Tumor","CD68","ENSG00000129226.14",0.1762,"OK"
"TCGA-KIRC","4850ae76-fede-466d-9362-c0d2e16335ad","TCGA-BP-4351-01A-01R-1289-07","TCGA-BP-4351","Primary Tumor","PTPRC","ENSG00000081237.20",14.4754,"OK"
"TCGA-KIRC","4850ae76-fede-466d-9362-c0d2e16335ad","TCGA-BP-4351-01A-01R-1289-07","TCGA-BP-4351","Primary Tumor","CD3D","ENSG00000167286.10",21.3157,"OK"
"TCGA-KIRC","4850ae76-fede-466d-9362-c0d2e16335ad","TCGA-BP-4351-01A-01R-1289-07","TCGA-BP-4351","Primary Tumor","CD3E","ENSG00000198851.10",21.0072,"OK"
"TCGA-KIRC","4850ae76-fede-466d-9362-c0d2e16335ad","TCGA-BP-4351-01A-01R-1289-07","TCGA-BP-4351","Primary Tumor","MS4A1","ENSG00000156738.18",0.3172,"OK"
"TCGA-KIRC","4850ae76-fede-466d-9362-c0d2e16335ad","TCGA-BP-4351-01A-01R-1289-07","TCGA-BP-4351","Primary Tumor","CD79A","ENSG00000105369.10",1.3134,"OK"
"TCGA-KIRC","4850ae76-fede-466d-9362-c0d2e16335ad","TCGA-BP-4351-01A-01R-1289-07","TCGA-BP-4351","Primary Tumor","NKG7","ENSG00000105374.10",83.9237,"OK"
"TCGA-KIRC","4850ae76-fede-466d-9362-c0d2e16335ad","TCGA-BP-4351-01A-01R-1289-07","TCGA-BP-4351","Primary Tumor","LST1","ENSG00000204482.11",24.7649,"OK"
"TCGA-KIRC","4850ae76-fede-466d-9362-c0d2e16335ad","TCGA-BP-4351-01A-01R-1289-07","TCGA-BP-4351","Primary Tumor","TYROBP","ENSG00000011600.12",215.8281,"OK"
"TCGA-KIRC","4850ae76-fede-466d-9362-c0d2e16335ad","TCGA-BP-4351-01A-01R-1289-07","TCGA-BP-4351","Primary Tumor","FCER1G","ENSG00000158869.11",89.794,"OK"
"TCGA-KIRC","4850ae76-fede-466d-9362-c0d2e16335ad","TCGA-BP-4351-01A-01R-1289-07","TCGA-BP-4351","Primary Tumor","CD68","ENSG00000129226.14",0.1166,"OK"
"TCGA-KIRC","5741a507-2543-4c6e-a927-2441813632b6","TCGA-CJ-4903-01A-01R-1426-07","TCGA-CJ-4903","Primary Tumor","PTPRC","ENSG00000081237.20",29.4845,"OK"
"TCGA-KIRC","5741a507-2543-4c6e-a927-2441813632b6","TCGA-CJ-4903-01A-01R-1426-07","TCGA-CJ-4903","Primary Tumor","CD3D","ENSG00000167286.10",40.2268,"OK"
"TCGA-KIRC","5741a507-2543-4c6e-a927-2441813632b6","TCGA-CJ-4903-01A-01R-1426-07","TCGA-CJ-4903","Primary Tumor","CD3E","ENSG00000198851.10",41.9907,"OK"
"TCGA-KIRC","5741a507-2543-4c6e-a927-2441813632b6","TCGA-CJ-4903-01A-01R-1426-07","TCGA-CJ-4903","Primary Tumor","MS4A1","ENSG00000156738.18",1.2134,"OK"
"TCGA-KIRC","5741a507-2543-4c6e-a927-2441813632b6","TCGA-CJ-4903-01A-01R-1426-07","TCGA-CJ-4903","Primary Tumor","CD79A","ENSG00000105369.10",6.0815,"OK"
"TCGA-KIRC","5741a507-2543-4c6e-a927-2441813632b6","TCGA-CJ-4903-01A-01R-1426-07","TCGA-CJ-4903","Primary Tumor","NKG7","ENSG00000105374.10",84.5003,"OK"
"TCGA-KIRC","5741a507-2543-4c6e-a927-2441813632b6","TCGA-CJ-4903-01A-01R-1426-07","TCGA-CJ-4903","Primary Tumor","LST1","ENSG00000204482.11",26.9521,"OK"
"TCGA-KIRC","5741a507-2543-4c6e-a927-2441813632b6","TCGA-CJ-4903-01A-01R-1426-07","TCGA-CJ-4903","Primary Tumor","TYROBP","ENSG00000011600.12",284.8799,"OK"
"TCGA-KIRC","5741a507-2543-4c6e-a927-2441813632b6","TCGA-CJ-4903-01A-01R-1426-07","TCGA-CJ-4903","Primary Tumor","FCER1G","ENSG00000158869.11",172.01,"OK"
"TCGA-KIRC","5741a507-2543-4c6e-a927-2441813632b6","TCGA-CJ-4903-01A-01R-1426-07","TCGA-CJ-4903","Primary Tumor","CD68","ENSG00000129226.14",0.235,"OK"
"TCGA-KIRC","3de35a77-f963-45ff-bfad-a5f24dda75ef","TCGA-CZ-5462-11A-01R-1503-07","TCGA-CZ-5462","Solid Tissue Normal","PTPRC","ENSG00000081237.20",6.9982,"OK"
"TCGA-KIRC","3de35a77-f963-45ff-bfad-a5f24dda75ef","TCGA-CZ-5462-11A-01R-1503-07","TCGA-CZ-5462","Solid Tissue Normal","CD3D","ENSG00000167286.10",4.7344,"OK"
"TCGA-KIRC","3de35a77-f963-45ff-bfad-a5f24dda75ef","TCGA-CZ-5462-11A-01R-1503-07","TCGA-CZ-5462","Solid Tissue Normal","CD3E","ENSG00000198851.10",2.3509,"OK"
"TCGA-KIRC","3de35a77-f963-45ff-bfad-a5f24dda75ef","TCGA-CZ-5462-11A-01R-1503-07","TCGA-CZ-5462","Solid Tissue Normal","MS4A1","ENSG00000156738.18",0.036,"OK"
"TCGA-KIRC","3de35a77-f963-45ff-bfad-a5f24dda75ef","TCGA-CZ-5462-11A-01R-1503-07","TCGA-CZ-5462","Solid Tissue Normal","CD79A","ENSG00000105369.10",0.3322,"OK"
"TCGA-KIRC","3de35a77-f963-45ff-bfad-a5f24dda75ef","TCGA-CZ-5462-11A-01R-1503-07","TCGA-CZ-5462","Solid Tissue Normal","NKG7","ENSG00000105374.10",5.2583,"OK"
"TCGA-KIRC","3de35a77-f963-45ff-bfad-a5f24dda75ef","TCGA-CZ-5462-11A-01R-1503-07","TCGA-CZ-5462","Solid Tissue Normal","LST1","ENSG00000204482.11",8.7335,"OK"
"TCGA-KIRC","3de35a77-f963-45ff-bfad-a5f24dda75ef","TCGA-CZ-5462-11A-01R-1503-07","TCGA-CZ-5462","Solid Tissue Normal","TYROBP","ENSG00000011600.12",57.5221,"OK"
"TCGA-KIRC","3de35a77-f963-45ff-bfad-a5f24dda75ef","TCGA-CZ-5462-11A-01R-1503-07","TCGA-CZ-5462","Solid Tissue Normal","FCER1G","ENSG00000158869.11",49.3109,"OK"
"TCGA-KIRC","3de35a77-f963-45ff-bfad-a5f24dda75ef","TCGA-CZ-5462-11A-01R-1503-07","TCGA-CZ-5462","Solid Tissue Normal","CD68","ENSG00000129226.14",0,"OK"
"TCGA-KIRC","5030b65c-c5f2-4bb8-afb6-1bd4c5b1abd4","TCGA-B0-4836-01A-01R-1305-07","TCGA-B0-4836","Primary Tumor","PTPRC","ENSG00000081237.20",41.5203,"OK"
"TCGA-KIRC","5030b65c-c5f2-4bb8-afb6-1bd4c5b1abd4","TCGA-B0-4836-01A-01R-1305-07","TCGA-B0-4836","Primary Tumor","CD3D","ENSG00000167286.10",73.2783,"OK"
"TCGA-KIRC","5030b65c-c5f2-4bb8-afb6-1bd4c5b1abd4","TCGA-B0-4836-01A-01R-1305-07","TCGA-B0-4836","Primary Tumor","CD3E","ENSG00000198851.10",60.4077,"OK"
"TCGA-KIRC","5030b65c-c5f2-4bb8-afb6-1bd4c5b1abd4","TCGA-B0-4836-01A-01R-1305-07","TCGA-B0-4836","Primary Tumor","MS4A1","ENSG00000156738.18",4.0044,"OK"
"TCGA-KIRC","5030b65c-c5f2-4bb8-afb6-1bd4c5b1abd4","TCGA-B0-4836-01A-01R-1305-07","TCGA-B0-4836","Primary Tumor","CD79A","ENSG00000105369.10",30.2447,"OK"
"TCGA-KIRC","5030b65c-c5f2-4bb8-afb6-1bd4c5b1abd4","TCGA-B0-4836-01A-01R-1305-07","TCGA-B0-4836","Primary Tumor","NKG7","ENSG00000105374.10",145.1012,"OK"
"TCGA-KIRC","5030b65c-c5f2-4bb8-afb6-1bd4c5b1abd4","TCGA-B0-4836-01A-01R-1305-07","TCGA-B0-4836","Primary Tumor","LST1","ENSG00000204482.11",19.1021,"OK"
"TCGA-KIRC","5030b65c-c5f2-4bb8-afb6-1bd4c5b1abd4","TCGA-B0-4836-01A-01R-1305-07","TCGA-B0-4836","Primary Tumor","TYROBP","ENSG00000011600.12",244.7688,"OK"
"TCGA-KIRC","5030b65c-c5f2-4bb8-afb6-1bd4c5b1abd4","TCGA-B0-4836-01A-01R-1305-07","TCGA-B0-4836","Primary Tumor","FCER1G","ENSG00000158869.11",141.943,"OK"
"TCGA-KIRC","5030b65c-c5f2-4bb8-afb6-1bd4c5b1abd4","TCGA-B0-4836-01A-01R-1305-07","TCGA-B0-4836","Primary Tumor","CD68","ENSG00000129226.14",0.1571,"OK"
"TCGA-KIRC","a379934c-2794-4a0f-b9f2-f029aa938f35","TCGA-B0-5692-01A-11R-1541-07","TCGA-B0-5692","Primary Tumor","PTPRC","ENSG00000081237.20",43.2851,"OK"
"TCGA-KIRC","a379934c-2794-4a0f-b9f2-f029aa938f35","TCGA-B0-5692-01A-11R-1541-07","TCGA-B0-5692","Primary Tumor","CD3D","ENSG00000167286.10",209.9261,"OK"
"TCGA-KIRC","a379934c-2794-4a0f-b9f2-f029aa938f35","TCGA-B0-5692-01A-11R-1541-07","TCGA-B0-5692","Primary Tumor","CD3E","ENSG00000198851.10",136.498,"OK"
"TCGA-KIRC","a379934c-2794-4a0f-b9f2-f029aa938f35","TCGA-B0-5692-01A-11R-1541-07","TCGA-B0-5692","Primary Tumor","MS4A1","ENSG00000156738.18",0.7881,"OK"
"TCGA-KIRC","a379934c-2794-4a0f-b9f2-f029aa938f35","TCGA-B0-5692-01A-11R-1541-07","TCGA-B0-5692","Primary Tumor","CD79A","ENSG00000105369.10",6.1291,"OK"
"TCGA-KIRC","a379934c-2794-4a0f-b9f2-f029aa938f35","TCGA-B0-5692-01A-11R-1541-07","TCGA-B0-5692","Primary Tumor","NKG7","ENSG00000105374.10",661.1429,"OK"
"TCGA-KIRC","a379934c-2794-4a0f-b9f2-f029aa938f35","TCGA-B0-5692-01A-11R-1541-07","TCGA-B0-5692","Primary Tumor","LST1","ENSG00000204482.11",41.3973,"OK"
"TCGA-KIRC","a379934c-2794-4a0f-b9f2-f029aa938f35","TCGA-B0-5692-01A-11R-1541-07","TCGA-B0-5692","Primary Tumor","TYROBP","ENSG00000011600.12",517.8657,"OK"
"TCGA-KIRC","a379934c-2794-4a0f-b9f2-f029aa938f35","TCGA-B0-5692-01A-11R-1541-07","TCGA-B0-5692","Primary Tumor","FCER1G","ENSG00000158869.11",254.8057,"OK"
"TCGA-KIRC","a379934c-2794-4a0f-b9f2-f029aa938f35","TCGA-B0-5692-01A-11R-1541-07","TCGA-B0-5692","Primary Tumor","CD68","ENSG00000129226.14",0.2812,"OK"
"TCGA-KIRC","4cc1c81c-7e39-4d3a-a142-3f64698d6c24","TCGA-A3-A6NI-01A-11R-A33J-07","TCGA-A3-A6NI","Primary Tumor","PTPRC","ENSG00000081237.20",15.803,"OK"
"TCGA-KIRC","4cc1c81c-7e39-4d3a-a142-3f64698d6c24","TCGA-A3-A6NI-01A-11R-A33J-07","TCGA-A3-A6NI","Primary Tumor","CD3D","ENSG00000167286.10",11.9291,"OK"
"TCGA-KIRC","4cc1c81c-7e39-4d3a-a142-3f64698d6c24","TCGA-A3-A6NI-01A-11R-A33J-07","TCGA-A3-A6NI","Primary Tumor","CD3E","ENSG00000198851.10",9.66,"OK"
"TCGA-KIRC","4cc1c81c-7e39-4d3a-a142-3f64698d6c24","TCGA-A3-A6NI-01A-11R-A33J-07","TCGA-A3-A6NI","Primary Tumor","MS4A1","ENSG00000156738.18",0.2109,"OK"
"TCGA-KIRC","4cc1c81c-7e39-4d3a-a142-3f64698d6c24","TCGA-A3-A6NI-01A-11R-A33J-07","TCGA-A3-A6NI","Primary Tumor","CD79A","ENSG00000105369.10",1.6293,"OK"
"TCGA-KIRC","4cc1c81c-7e39-4d3a-a142-3f64698d6c24","TCGA-A3-A6NI-01A-11R-A33J-07","TCGA-A3-A6NI","Primary Tumor","NKG7","ENSG00000105374.10",58.5413,"OK"
"TCGA-KIRC","4cc1c81c-7e39-4d3a-a142-3f64698d6c24","TCGA-A3-A6NI-01A-11R-A33J-07","TCGA-A3-A6NI","Primary Tumor","LST1","ENSG00000204482.11",42.0592,"OK"
"TCGA-KIRC","4cc1c81c-7e39-4d3a-a142-3f64698d6c24","TCGA-A3-A6NI-01A-11R-A33J-07","TCGA-A3-A6NI","Primary Tumor","TYROBP","ENSG00000011600.12",443.7162,"OK"
"TCGA-KIRC","4cc1c81c-7e39-4d3a-a142-3f64698d6c24","TCGA-A3-A6NI-01A-11R-A33J-07","TCGA-A3-A6NI","Primary Tumor","FCER1G","ENSG00000158869.11",216.9054,"OK"
"TCGA-KIRC","4cc1c81c-7e39-4d3a-a142-3f64698d6c24","TCGA-A3-A6NI-01A-11R-A33J-07","TCGA-A3-A6NI","Primary Tumor","CD68","ENSG00000129226.14",0.1094,"OK"
"TCGA-KIRC","ab718baf-6521-4738-a8cc-44b7fabf4be1","TCGA-B0-4698-01A-01R-1503-07","TCGA-B0-4698","Primary Tumor","PTPRC","ENSG00000081237.20",50.4236,"OK"
"TCGA-KIRC","ab718baf-6521-4738-a8cc-44b7fabf4be1","TCGA-B0-4698-01A-01R-1503-07","TCGA-B0-4698","Primary Tumor","CD3D","ENSG00000167286.10",139.4,"OK"
"TCGA-KIRC","ab718baf-6521-4738-a8cc-44b7fabf4be1","TCGA-B0-4698-01A-01R-1503-07","TCGA-B0-4698","Primary Tumor","CD3E","ENSG00000198851.10",120.707,"OK"
"TCGA-KIRC","ab718baf-6521-4738-a8cc-44b7fabf4be1","TCGA-B0-4698-01A-01R-1503-07","TCGA-B0-4698","Primary Tumor","MS4A1","ENSG00000156738.18",0.1555,"OK"
"TCGA-KIRC","ab718baf-6521-4738-a8cc-44b7fabf4be1","TCGA-B0-4698-01A-01R-1503-07","TCGA-B0-4698","Primary Tumor","CD79A","ENSG00000105369.10",7.0969,"OK"
"TCGA-KIRC","ab718baf-6521-4738-a8cc-44b7fabf4be1","TCGA-B0-4698-01A-01R-1503-07","TCGA-B0-4698","Primary Tumor","NKG7","ENSG00000105374.10",481.7997,"OK"
"TCGA-KIRC","ab718baf-6521-4738-a8cc-44b7fabf4be1","TCGA-B0-4698-01A-01R-1503-07","TCGA-B0-4698","Primary Tumor","LST1","ENSG00000204482.11",44.4177,"OK"
"TCGA-KIRC","ab718baf-6521-4738-a8cc-44b7fabf4be1","TCGA-B0-4698-01A-01R-1503-07","TCGA-B0-4698","Primary Tumor","TYROBP","ENSG00000011600.12",502.3817,"OK"
"TCGA-KIRC","ab718baf-6521-4738-a8cc-44b7fabf4be1","TCGA-B0-4698-01A-01R-1503-07","TCGA-B0-4698","Primary Tumor","FCER1G","ENSG00000158869.11",376.4812,"OK"
"TCGA-KIRC","ab718baf-6521-4738-a8cc-44b7fabf4be1","TCGA-B0-4698-01A-01R-1503-07","TCGA-B0-4698","Primary Tumor","CD68","ENSG00000129226.14",0.1225,"OK"
"TCGA-KIRC","0f8d808c-2f62-4720-b32c-b5e76adab4ba","TCGA-BP-4325-01A-02R-1289-07","TCGA-BP-4325","Primary Tumor","PTPRC","ENSG00000081237.20",47.1271,"OK"
"TCGA-KIRC","0f8d808c-2f62-4720-b32c-b5e76adab4ba","TCGA-BP-4325-01A-02R-1289-07","TCGA-BP-4325","Primary Tumor","CD3D","ENSG00000167286.10",63.3098,"OK"
"TCGA-KIRC","0f8d808c-2f62-4720-b32c-b5e76adab4ba","TCGA-BP-4325-01A-02R-1289-07","TCGA-BP-4325","Primary Tumor","CD3E","ENSG00000198851.10",46.4954,"OK"
"TCGA-KIRC","0f8d808c-2f62-4720-b32c-b5e76adab4ba","TCGA-BP-4325-01A-02R-1289-07","TCGA-BP-4325","Primary Tumor","MS4A1","ENSG00000156738.18",0.4078,"OK"
"TCGA-KIRC","0f8d808c-2f62-4720-b32c-b5e76adab4ba","TCGA-BP-4325-01A-02R-1289-07","TCGA-BP-4325","Primary Tumor","CD79A","ENSG00000105369.10",1.6484,"OK"
"TCGA-KIRC","0f8d808c-2f62-4720-b32c-b5e76adab4ba","TCGA-BP-4325-01A-02R-1289-07","TCGA-BP-4325","Primary Tumor","NKG7","ENSG00000105374.10",146.0873,"OK"
"TCGA-KIRC","0f8d808c-2f62-4720-b32c-b5e76adab4ba","TCGA-BP-4325-01A-02R-1289-07","TCGA-BP-4325","Primary Tumor","LST1","ENSG00000204482.11",24.1391,"OK"
"TCGA-KIRC","0f8d808c-2f62-4720-b32c-b5e76adab4ba","TCGA-BP-4325-01A-02R-1289-07","TCGA-BP-4325","Primary Tumor","TYROBP","ENSG00000011600.12",218.9984,"OK"
"TCGA-KIRC","0f8d808c-2f62-4720-b32c-b5e76adab4ba","TCGA-BP-4325-01A-02R-1289-07","TCGA-BP-4325","Primary Tumor","FCER1G","ENSG00000158869.11",156.667,"OK"
"TCGA-KIRC","0f8d808c-2f62-4720-b32c-b5e76adab4ba","TCGA-BP-4325-01A-02R-1289-07","TCGA-BP-4325","Primary Tumor","CD68","ENSG00000129226.14",0.1749,"OK"
"TCGA-KIRC","b437c402-fc0d-4268-811e-d9a5a8280aca","TCGA-BP-5183-01A-01R-1426-07","TCGA-BP-5183","Primary Tumor","PTPRC","ENSG00000081237.20",34.3569,"OK"
"TCGA-KIRC","b437c402-fc0d-4268-811e-d9a5a8280aca","TCGA-BP-5183-01A-01R-1426-07","TCGA-BP-5183","Primary Tumor","CD3D","ENSG00000167286.10",57.8459,"OK"
"TCGA-KIRC","b437c402-fc0d-4268-811e-d9a5a8280aca","TCGA-BP-5183-01A-01R-1426-07","TCGA-BP-5183","Primary Tumor","CD3E","ENSG00000198851.10",52.6058,"OK"
"TCGA-KIRC","b437c402-fc0d-4268-811e-d9a5a8280aca","TCGA-BP-5183-01A-01R-1426-07","TCGA-BP-5183","Primary Tumor","MS4A1","ENSG00000156738.18",0.4447,"OK"
"TCGA-KIRC","b437c402-fc0d-4268-811e-d9a5a8280aca","TCGA-BP-5183-01A-01R-1426-07","TCGA-BP-5183","Primary Tumor","CD79A","ENSG00000105369.10",4.7829,"OK"
"TCGA-KIRC","b437c402-fc0d-4268-811e-d9a5a8280aca","TCGA-BP-5183-01A-01R-1426-07","TCGA-BP-5183","Primary Tumor","NKG7","ENSG00000105374.10",168.0001,"OK"
"TCGA-KIRC","b437c402-fc0d-4268-811e-d9a5a8280aca","TCGA-BP-5183-01A-01R-1426-07","TCGA-BP-5183","Primary Tumor","LST1","ENSG00000204482.11",30.7745,"OK"
"TCGA-KIRC","b437c402-fc0d-4268-811e-d9a5a8280aca","TCGA-BP-5183-01A-01R-1426-07","TCGA-BP-5183","Primary Tumor","TYROBP","ENSG00000011600.12",359.6136,"OK"
"TCGA-KIRC","b437c402-fc0d-4268-811e-d9a5a8280aca","TCGA-BP-5183-01A-01R-1426-07","TCGA-BP-5183","Primary Tumor","FCER1G","ENSG00000158869.11",199.5826,"OK"
"TCGA-KIRC","b437c402-fc0d-4268-811e-d9a5a8280aca","TCGA-BP-5183-01A-01R-1426-07","TCGA-BP-5183","Primary Tumor","CD68","ENSG00000129226.14",0.1486,"OK"
"TCGA-KIRC","80156b04-f280-4915-8bc0-1667c178aa37","TCGA-CW-6093-01A-11R-1672-07","TCGA-CW-6093","Primary Tumor","PTPRC","ENSG00000081237.20",30.537,"OK"
"TCGA-KIRC","80156b04-f280-4915-8bc0-1667c178aa37","TCGA-CW-6093-01A-11R-1672-07","TCGA-CW-6093","Primary Tumor","CD3D","ENSG00000167286.10",15.2444,"OK"
"TCGA-KIRC","80156b04-f280-4915-8bc0-1667c178aa37","TCGA-CW-6093-01A-11R-1672-07","TCGA-CW-6093","Primary Tumor","CD3E","ENSG00000198851.10",14.8381,"OK"
"TCGA-KIRC","80156b04-f280-4915-8bc0-1667c178aa37","TCGA-CW-6093-01A-11R-1672-07","TCGA-CW-6093","Primary Tumor","MS4A1","ENSG00000156738.18",0.3039,"OK"
"TCGA-KIRC","80156b04-f280-4915-8bc0-1667c178aa37","TCGA-CW-6093-01A-11R-1672-07","TCGA-CW-6093","Primary Tumor","CD79A","ENSG00000105369.10",1.1255,"OK"
"TCGA-KIRC","80156b04-f280-4915-8bc0-1667c178aa37","TCGA-CW-6093-01A-11R-1672-07","TCGA-CW-6093","Primary Tumor","NKG7","ENSG00000105374.10",95.3266,"OK"
"TCGA-KIRC","80156b04-f280-4915-8bc0-1667c178aa37","TCGA-CW-6093-01A-11R-1672-07","TCGA-CW-6093","Primary Tumor","LST1","ENSG00000204482.11",17.2418,"OK"
"TCGA-KIRC","80156b04-f280-4915-8bc0-1667c178aa37","TCGA-CW-6093-01A-11R-1672-07","TCGA-CW-6093","Primary Tumor","TYROBP","ENSG00000011600.12",157.7398,"OK"
"TCGA-KIRC","80156b04-f280-4915-8bc0-1667c178aa37","TCGA-CW-6093-01A-11R-1672-07","TCGA-CW-6093","Primary Tumor","FCER1G","ENSG00000158869.11",89.3746,"OK"
"TCGA-KIRC","80156b04-f280-4915-8bc0-1667c178aa37","TCGA-CW-6093-01A-11R-1672-07","TCGA-CW-6093","Primary Tumor","CD68","ENSG00000129226.14",0.0583,"OK"
"TCGA-KIRC","c1215d68-5b15-44c3-9d25-73a77b0b5f31","TCGA-A3-3306-01A-01R-0864-07","TCGA-A3-3306","Primary Tumor","PTPRC","ENSG00000081237.20",31.4812,"OK"
"TCGA-KIRC","c1215d68-5b15-44c3-9d25-73a77b0b5f31","TCGA-A3-3306-01A-01R-0864-07","TCGA-A3-3306","Primary Tumor","CD3D","ENSG00000167286.10",22.9386,"OK"
"TCGA-KIRC","c1215d68-5b15-44c3-9d25-73a77b0b5f31","TCGA-A3-3306-01A-01R-0864-07","TCGA-A3-3306","Primary Tumor","CD3E","ENSG00000198851.10",15.89,"OK"
"TCGA-KIRC","c1215d68-5b15-44c3-9d25-73a77b0b5f31","TCGA-A3-3306-01A-01R-0864-07","TCGA-A3-3306","Primary Tumor","MS4A1","ENSG00000156738.18",1.5144,"OK"
"TCGA-KIRC","c1215d68-5b15-44c3-9d25-73a77b0b5f31","TCGA-A3-3306-01A-01R-0864-07","TCGA-A3-3306","Primary Tumor","CD79A","ENSG00000105369.10",2.3125,"OK"
"TCGA-KIRC","c1215d68-5b15-44c3-9d25-73a77b0b5f31","TCGA-A3-3306-01A-01R-0864-07","TCGA-A3-3306","Primary Tumor","NKG7","ENSG00000105374.10",44.8724,"OK"
"TCGA-KIRC","c1215d68-5b15-44c3-9d25-73a77b0b5f31","TCGA-A3-3306-01A-01R-0864-07","TCGA-A3-3306","Primary Tumor","LST1","ENSG00000204482.11",31.0807,"OK"
"TCGA-KIRC","c1215d68-5b15-44c3-9d25-73a77b0b5f31","TCGA-A3-3306-01A-01R-0864-07","TCGA-A3-3306","Primary Tumor","TYROBP","ENSG00000011600.12",187.6314,"OK"
"TCGA-KIRC","c1215d68-5b15-44c3-9d25-73a77b0b5f31","TCGA-A3-3306-01A-01R-0864-07","TCGA-A3-3306","Primary Tumor","FCER1G","ENSG00000158869.11",86.7872,"OK"
"TCGA-KIRC","c1215d68-5b15-44c3-9d25-73a77b0b5f31","TCGA-A3-3306-01A-01R-0864-07","TCGA-A3-3306","Primary Tumor","CD68","ENSG00000129226.14",0.1942,"OK"
"TCGA-KIRC","5d803708-5262-42a8-a390-71a3d800347d","TCGA-BP-4982-01A-01R-1334-07","TCGA-BP-4982","Primary Tumor","PTPRC","ENSG00000081237.20",48.8179,"OK"
"TCGA-KIRC","5d803708-5262-42a8-a390-71a3d800347d","TCGA-BP-4982-01A-01R-1334-07","TCGA-BP-4982","Primary Tumor","CD3D","ENSG00000167286.10",30.0003,"OK"
"TCGA-KIRC","5d803708-5262-42a8-a390-71a3d800347d","TCGA-BP-4982-01A-01R-1334-07","TCGA-BP-4982","Primary Tumor","CD3E","ENSG00000198851.10",27.9302,"OK"
"TCGA-KIRC","5d803708-5262-42a8-a390-71a3d800347d","TCGA-BP-4982-01A-01R-1334-07","TCGA-BP-4982","Primary Tumor","MS4A1","ENSG00000156738.18",0.9982,"OK"
"TCGA-KIRC","5d803708-5262-42a8-a390-71a3d800347d","TCGA-BP-4982-01A-01R-1334-07","TCGA-BP-4982","Primary Tumor","CD79A","ENSG00000105369.10",3.0313,"OK"
"TCGA-KIRC","5d803708-5262-42a8-a390-71a3d800347d","TCGA-BP-4982-01A-01R-1334-07","TCGA-BP-4982","Primary Tumor","NKG7","ENSG00000105374.10",59.8514,"OK"
"TCGA-KIRC","5d803708-5262-42a8-a390-71a3d800347d","TCGA-BP-4982-01A-01R-1334-07","TCGA-BP-4982","Primary Tumor","LST1","ENSG00000204482.11",24.7903,"OK"
"TCGA-KIRC","5d803708-5262-42a8-a390-71a3d800347d","TCGA-BP-4982-01A-01R-1334-07","TCGA-BP-4982","Primary Tumor","TYROBP","ENSG00000011600.12",317.4059,"OK"
"TCGA-KIRC","5d803708-5262-42a8-a390-71a3d800347d","TCGA-BP-4982-01A-01R-1334-07","TCGA-BP-4982","Primary Tumor","FCER1G","ENSG00000158869.11",171.6978,"OK"
"TCGA-KIRC","5d803708-5262-42a8-a390-71a3d800347d","TCGA-BP-4982-01A-01R-1334-07","TCGA-BP-4982","Primary Tumor","CD68","ENSG00000129226.14",0.3404,"OK"
"TCGA-KIRC","ace1e7fa-7e2f-4bcc-a2cb-afb7f321ec1d","TCGA-B0-5099-01A-01R-1420-07","TCGA-B0-5099","Primary Tumor","PTPRC","ENSG00000081237.20",4.0069,"OK"
"TCGA-KIRC","ace1e7fa-7e2f-4bcc-a2cb-afb7f321ec1d","TCGA-B0-5099-01A-01R-1420-07","TCGA-B0-5099","Primary Tumor","CD3D","ENSG00000167286.10",4.2256,"OK"
"TCGA-KIRC","ace1e7fa-7e2f-4bcc-a2cb-afb7f321ec1d","TCGA-B0-5099-01A-01R-1420-07","TCGA-B0-5099","Primary Tumor","CD3E","ENSG00000198851.10",3.8941,"OK"
"TCGA-KIRC","ace1e7fa-7e2f-4bcc-a2cb-afb7f321ec1d","TCGA-B0-5099-01A-01R-1420-07","TCGA-B0-5099","Primary Tumor","MS4A1","ENSG00000156738.18",0.1963,"OK"
"TCGA-KIRC","ace1e7fa-7e2f-4bcc-a2cb-afb7f321ec1d","TCGA-B0-5099-01A-01R-1420-07","TCGA-B0-5099","Primary Tumor","CD79A","ENSG00000105369.10",2.3768,"OK"
"TCGA-KIRC","ace1e7fa-7e2f-4bcc-a2cb-afb7f321ec1d","TCGA-B0-5099-01A-01R-1420-07","TCGA-B0-5099","Primary Tumor","NKG7","ENSG00000105374.10",19.1361,"OK"
"TCGA-KIRC","ace1e7fa-7e2f-4bcc-a2cb-afb7f321ec1d","TCGA-B0-5099-01A-01R-1420-07","TCGA-B0-5099","Primary Tumor","LST1","ENSG00000204482.11",3.2838,"OK"
"TCGA-KIRC","ace1e7fa-7e2f-4bcc-a2cb-afb7f321ec1d","TCGA-B0-5099-01A-01R-1420-07","TCGA-B0-5099","Primary Tumor","TYROBP","ENSG00000011600.12",45.7853,"OK"
"TCGA-KIRC","ace1e7fa-7e2f-4bcc-a2cb-afb7f321ec1d","TCGA-B0-5099-01A-01R-1420-07","TCGA-B0-5099","Primary Tumor","FCER1G","ENSG00000158869.11",28.6235,"OK"
"TCGA-KIRC","ace1e7fa-7e2f-4bcc-a2cb-afb7f321ec1d","TCGA-B0-5099-01A-01R-1420-07","TCGA-B0-5099","Primary Tumor","CD68","ENSG00000129226.14",0.1782,"OK"
"TCGA-KIRC","726754a2-6158-4eae-a2ce-5f880d33823e","TCGA-CJ-4872-01A-01R-1305-07","TCGA-CJ-4872","Primary Tumor","PTPRC","ENSG00000081237.20",26.9827,"OK"
"TCGA-KIRC","726754a2-6158-4eae-a2ce-5f880d33823e","TCGA-CJ-4872-01A-01R-1305-07","TCGA-CJ-4872","Primary Tumor","CD3D","ENSG00000167286.10",45.1921,"OK"
"TCGA-KIRC","726754a2-6158-4eae-a2ce-5f880d33823e","TCGA-CJ-4872-01A-01R-1305-07","TCGA-CJ-4872","Primary Tumor","CD3E","ENSG00000198851.10",44.2883,"OK"
"TCGA-KIRC","726754a2-6158-4eae-a2ce-5f880d33823e","TCGA-CJ-4872-01A-01R-1305-07","TCGA-CJ-4872","Primary Tumor","MS4A1","ENSG00000156738.18",1.1483,"OK"
"TCGA-KIRC","726754a2-6158-4eae-a2ce-5f880d33823e","TCGA-CJ-4872-01A-01R-1305-07","TCGA-CJ-4872","Primary Tumor","CD79A","ENSG00000105369.10",8.0454,"OK"
"TCGA-KIRC","726754a2-6158-4eae-a2ce-5f880d33823e","TCGA-CJ-4872-01A-01R-1305-07","TCGA-CJ-4872","Primary Tumor","NKG7","ENSG00000105374.10",103.3063,"OK"
"TCGA-KIRC","726754a2-6158-4eae-a2ce-5f880d33823e","TCGA-CJ-4872-01A-01R-1305-07","TCGA-CJ-4872","Primary Tumor","LST1","ENSG00000204482.11",29.4365,"OK"
"TCGA-KIRC","726754a2-6158-4eae-a2ce-5f880d33823e","TCGA-CJ-4872-01A-01R-1305-07","TCGA-CJ-4872","Primary Tumor","TYROBP","ENSG00000011600.12",281.3842,"OK"
"TCGA-KIRC","726754a2-6158-4eae-a2ce-5f880d33823e","TCGA-CJ-4872-01A-01R-1305-07","TCGA-CJ-4872","Primary Tumor","FCER1G","ENSG00000158869.11",160.6112,"OK"
"TCGA-KIRC","726754a2-6158-4eae-a2ce-5f880d33823e","TCGA-CJ-4872-01A-01R-1305-07","TCGA-CJ-4872","Primary Tumor","CD68","ENSG00000129226.14",0.0218,"OK"
"TCGA-KIRC","ad0887f1-524a-4351-9ec3-8cbd380bbf9c","TCGA-A3-3370-01A-02R-1420-07","TCGA-A3-3370","Primary Tumor","PTPRC","ENSG00000081237.20",62.9593,"OK"
"TCGA-KIRC","ad0887f1-524a-4351-9ec3-8cbd380bbf9c","TCGA-A3-3370-01A-02R-1420-07","TCGA-A3-3370","Primary Tumor","CD3D","ENSG00000167286.10",78.1322,"OK"
"TCGA-KIRC","ad0887f1-524a-4351-9ec3-8cbd380bbf9c","TCGA-A3-3370-01A-02R-1420-07","TCGA-A3-3370","Primary Tumor","CD3E","ENSG00000198851.10",65.4697,"OK"
"TCGA-KIRC","ad0887f1-524a-4351-9ec3-8cbd380bbf9c","TCGA-A3-3370-01A-02R-1420-07","TCGA-A3-3370","Primary Tumor","MS4A1","ENSG00000156738.18",0.6084,"OK"
"TCGA-KIRC","ad0887f1-524a-4351-9ec3-8cbd380bbf9c","TCGA-A3-3370-01A-02R-1420-07","TCGA-A3-3370","Primary Tumor","CD79A","ENSG00000105369.10",3.374,"OK"
"TCGA-KIRC","ad0887f1-524a-4351-9ec3-8cbd380bbf9c","TCGA-A3-3370-01A-02R-1420-07","TCGA-A3-3370","Primary Tumor","NKG7","ENSG00000105374.10",172.1775,"OK"
"TCGA-KIRC","ad0887f1-524a-4351-9ec3-8cbd380bbf9c","TCGA-A3-3370-01A-02R-1420-07","TCGA-A3-3370","Primary Tumor","LST1","ENSG00000204482.11",28.309,"OK"
"TCGA-KIRC","ad0887f1-524a-4351-9ec3-8cbd380bbf9c","TCGA-A3-3370-01A-02R-1420-07","TCGA-A3-3370","Primary Tumor","TYROBP","ENSG00000011600.12",322.4726,"OK"
"TCGA-KIRC","ad0887f1-524a-4351-9ec3-8cbd380bbf9c","TCGA-A3-3370-01A-02R-1420-07","TCGA-A3-3370","Primary Tumor","FCER1G","ENSG00000158869.11",179.6441,"OK"
"TCGA-KIRC","ad0887f1-524a-4351-9ec3-8cbd380bbf9c","TCGA-A3-3370-01A-02R-1420-07","TCGA-A3-3370","Primary Tumor","CD68","ENSG00000129226.14",0.2725,"OK"
"TCGA-KIRC","b9a7cd9a-ff3d-4862-a03b-71f60e42ddea","TCGA-A3-A8OX-01A-11R-A37O-07","TCGA-A3-A8OX","Primary Tumor","PTPRC","ENSG00000081237.20",47.4503,"OK"
"TCGA-KIRC","b9a7cd9a-ff3d-4862-a03b-71f60e42ddea","TCGA-A3-A8OX-01A-11R-A37O-07","TCGA-A3-A8OX","Primary Tumor","CD3D","ENSG00000167286.10",70.6057,"OK"
"TCGA-KIRC","b9a7cd9a-ff3d-4862-a03b-71f60e42ddea","TCGA-A3-A8OX-01A-11R-A37O-07","TCGA-A3-A8OX","Primary Tumor","CD3E","ENSG00000198851.10",55.9516,"OK"
"TCGA-KIRC","b9a7cd9a-ff3d-4862-a03b-71f60e42ddea","TCGA-A3-A8OX-01A-11R-A37O-07","TCGA-A3-A8OX","Primary Tumor","MS4A1","ENSG00000156738.18",2.7579,"OK"
"TCGA-KIRC","b9a7cd9a-ff3d-4862-a03b-71f60e42ddea","TCGA-A3-A8OX-01A-11R-A37O-07","TCGA-A3-A8OX","Primary Tumor","CD79A","ENSG00000105369.10",21.89,"OK"
"TCGA-KIRC","b9a7cd9a-ff3d-4862-a03b-71f60e42ddea","TCGA-A3-A8OX-01A-11R-A37O-07","TCGA-A3-A8OX","Primary Tumor","NKG7","ENSG00000105374.10",86.2221,"OK"
"TCGA-KIRC","b9a7cd9a-ff3d-4862-a03b-71f60e42ddea","TCGA-A3-A8OX-01A-11R-A37O-07","TCGA-A3-A8OX","Primary Tumor","LST1","ENSG00000204482.11",32.0351,"OK"
"TCGA-KIRC","b9a7cd9a-ff3d-4862-a03b-71f60e42ddea","TCGA-A3-A8OX-01A-11R-A37O-07","TCGA-A3-A8OX","Primary Tumor","TYROBP","ENSG00000011600.12",275.2514,"OK"
"TCGA-KIRC","b9a7cd9a-ff3d-4862-a03b-71f60e42ddea","TCGA-A3-A8OX-01A-11R-A37O-07","TCGA-A3-A8OX","Primary Tumor","FCER1G","ENSG00000158869.11",129.9533,"OK"
"TCGA-KIRC","b9a7cd9a-ff3d-4862-a03b-71f60e42ddea","TCGA-A3-A8OX-01A-11R-A37O-07","TCGA-A3-A8OX","Primary Tumor","CD68","ENSG00000129226.14",0.1935,"OK"
"TCGA-KIRC","f13427f3-3d78-4fc1-9523-64b4ae583494","TCGA-MM-A564-01A-11R-A266-07","TCGA-MM-A564","Primary Tumor","PTPRC","ENSG00000081237.20",5.824,"OK"
"TCGA-KIRC","f13427f3-3d78-4fc1-9523-64b4ae583494","TCGA-MM-A564-01A-11R-A266-07","TCGA-MM-A564","Primary Tumor","CD3D","ENSG00000167286.10",11.5847,"OK"
"TCGA-KIRC","f13427f3-3d78-4fc1-9523-64b4ae583494","TCGA-MM-A564-01A-11R-A266-07","TCGA-MM-A564","Primary Tumor","CD3E","ENSG00000198851.10",4.9931,"OK"
"TCGA-KIRC","f13427f3-3d78-4fc1-9523-64b4ae583494","TCGA-MM-A564-01A-11R-A266-07","TCGA-MM-A564","Primary Tumor","MS4A1","ENSG00000156738.18",0.2892,"OK"
"TCGA-KIRC","f13427f3-3d78-4fc1-9523-64b4ae583494","TCGA-MM-A564-01A-11R-A266-07","TCGA-MM-A564","Primary Tumor","CD79A","ENSG00000105369.10",0.7698,"OK"
"TCGA-KIRC","f13427f3-3d78-4fc1-9523-64b4ae583494","TCGA-MM-A564-01A-11R-A266-07","TCGA-MM-A564","Primary Tumor","NKG7","ENSG00000105374.10",75.3228,"OK"
"TCGA-KIRC","f13427f3-3d78-4fc1-9523-64b4ae583494","TCGA-MM-A564-01A-11R-A266-07","TCGA-MM-A564","Primary Tumor","LST1","ENSG00000204482.11",25.424,"OK"
"TCGA-KIRC","f13427f3-3d78-4fc1-9523-64b4ae583494","TCGA-MM-A564-01A-11R-A266-07","TCGA-MM-A564","Primary Tumor","TYROBP","ENSG00000011600.12",133.5802,"OK"
"TCGA-KIRC","f13427f3-3d78-4fc1-9523-64b4ae583494","TCGA-MM-A564-01A-11R-A266-07","TCGA-MM-A564","Primary Tumor","FCER1G","ENSG00000158869.11",56.8191,"OK"
"TCGA-KIRC","f13427f3-3d78-4fc1-9523-64b4ae583494","TCGA-MM-A564-01A-11R-A266-07","TCGA-MM-A564","Primary Tumor","CD68","ENSG00000129226.14",0.0797,"OK"
"TCGA-KIRC","0c1c9170-9092-449e-afc2-0ef1d28ae07e","TCGA-B0-4688-01A-01R-1277-07","TCGA-B0-4688","Primary Tumor","PTPRC","ENSG00000081237.20",18.7921,"OK"
"TCGA-KIRC","0c1c9170-9092-449e-afc2-0ef1d28ae07e","TCGA-B0-4688-01A-01R-1277-07","TCGA-B0-4688","Primary Tumor","CD3D","ENSG00000167286.10",10.0065,"OK"
"TCGA-KIRC","0c1c9170-9092-449e-afc2-0ef1d28ae07e","TCGA-B0-4688-01A-01R-1277-07","TCGA-B0-4688","Primary Tumor","CD3E","ENSG00000198851.10",8.5538,"OK"
"TCGA-KIRC","0c1c9170-9092-449e-afc2-0ef1d28ae07e","TCGA-B0-4688-01A-01R-1277-07","TCGA-B0-4688","Primary Tumor","MS4A1","ENSG00000156738.18",0,"OK"
"TCGA-KIRC","0c1c9170-9092-449e-afc2-0ef1d28ae07e","TCGA-B0-4688-01A-01R-1277-07","TCGA-B0-4688","Primary Tumor","CD79A","ENSG00000105369.10",3.3947,"OK"
"TCGA-KIRC","0c1c9170-9092-449e-afc2-0ef1d28ae07e","TCGA-B0-4688-01A-01R-1277-07","TCGA-B0-4688","Primary Tumor","NKG7","ENSG00000105374.10",42.9583,"OK"
"TCGA-KIRC","0c1c9170-9092-449e-afc2-0ef1d28ae07e","TCGA-B0-4688-01A-01R-1277-07","TCGA-B0-4688","Primary Tumor","LST1","ENSG00000204482.11",17.196,"OK"
"TCGA-KIRC","0c1c9170-9092-449e-afc2-0ef1d28ae07e","TCGA-B0-4688-01A-01R-1277-07","TCGA-B0-4688","Primary Tumor","TYROBP","ENSG00000011600.12",290.1084,"OK"
"TCGA-KIRC","0c1c9170-9092-449e-afc2-0ef1d28ae07e","TCGA-B0-4688-01A-01R-1277-07","TCGA-B0-4688","Primary Tumor","FCER1G","ENSG00000158869.11",280.8664,"OK"
"TCGA-KIRC","0c1c9170-9092-449e-afc2-0ef1d28ae07e","TCGA-B0-4688-01A-01R-1277-07","TCGA-B0-4688","Primary Tumor","CD68","ENSG00000129226.14",0.1574,"OK"
"TCGA-KIRC","c551e586-8040-47d7-928b-fe6b242ed81f","TCGA-CJ-4897-01A-03R-1426-07","TCGA-CJ-4897","Primary Tumor","PTPRC","ENSG00000081237.20",17.245,"OK"
"TCGA-KIRC","c551e586-8040-47d7-928b-fe6b242ed81f","TCGA-CJ-4897-01A-03R-1426-07","TCGA-CJ-4897","Primary Tumor","CD3D","ENSG00000167286.10",20.8638,"OK"
"TCGA-KIRC","c551e586-8040-47d7-928b-fe6b242ed81f","TCGA-CJ-4897-01A-03R-1426-07","TCGA-CJ-4897","Primary Tumor","CD3E","ENSG00000198851.10",18.1018,"OK"
"TCGA-KIRC","c551e586-8040-47d7-928b-fe6b242ed81f","TCGA-CJ-4897-01A-03R-1426-07","TCGA-CJ-4897","Primary Tumor","MS4A1","ENSG00000156738.18",0.4036,"OK"
"TCGA-KIRC","c551e586-8040-47d7-928b-fe6b242ed81f","TCGA-CJ-4897-01A-03R-1426-07","TCGA-CJ-4897","Primary Tumor","CD79A","ENSG00000105369.10",19.5216,"OK"
"TCGA-KIRC","c551e586-8040-47d7-928b-fe6b242ed81f","TCGA-CJ-4897-01A-03R-1426-07","TCGA-CJ-4897","Primary Tumor","NKG7","ENSG00000105374.10",50.8267,"OK"
"TCGA-KIRC","c551e586-8040-47d7-928b-fe6b242ed81f","TCGA-CJ-4897-01A-03R-1426-07","TCGA-CJ-4897","Primary Tumor","LST1","ENSG00000204482.11",13.4719,"OK"
"TCGA-KIRC","c551e586-8040-47d7-928b-fe6b242ed81f","TCGA-CJ-4897-01A-03R-1426-07","TCGA-CJ-4897","Primary Tumor","TYROBP","ENSG00000011600.12",207.1943,"OK"
"TCGA-KIRC","c551e586-8040-47d7-928b-fe6b242ed81f","TCGA-CJ-4897-01A-03R-1426-07","TCGA-CJ-4897","Primary Tumor","FCER1G","ENSG00000158869.11",97.2758,"OK"
"TCGA-KIRC","c551e586-8040-47d7-928b-fe6b242ed81f","TCGA-CJ-4897-01A-03R-1426-07","TCGA-CJ-4897","Primary Tumor","CD68","ENSG00000129226.14",0.0524,"OK"
"TCGA-KIRC","d70aa630-d9c6-49e0-858b-a5a8e268a92b","TCGA-B8-5164-01A-01R-1420-07","TCGA-B8-5164","Primary Tumor","PTPRC","ENSG00000081237.20",146.2792,"OK"
"TCGA-KIRC","d70aa630-d9c6-49e0-858b-a5a8e268a92b","TCGA-B8-5164-01A-01R-1420-07","TCGA-B8-5164","Primary Tumor","CD3D","ENSG00000167286.10",198.1935,"OK"
"TCGA-KIRC","d70aa630-d9c6-49e0-858b-a5a8e268a92b","TCGA-B8-5164-01A-01R-1420-07","TCGA-B8-5164","Primary Tumor","CD3E","ENSG00000198851.10",174.9388,"OK"
"TCGA-KIRC","d70aa630-d9c6-49e0-858b-a5a8e268a92b","TCGA-B8-5164-01A-01R-1420-07","TCGA-B8-5164","Primary Tumor","MS4A1","ENSG00000156738.18",3.2694,"OK"
"TCGA-KIRC","d70aa630-d9c6-49e0-858b-a5a8e268a92b","TCGA-B8-5164-01A-01R-1420-07","TCGA-B8-5164","Primary Tumor","CD79A","ENSG00000105369.10",8.2995,"OK"
"TCGA-KIRC","d70aa630-d9c6-49e0-858b-a5a8e268a92b","TCGA-B8-5164-01A-01R-1420-07","TCGA-B8-5164","Primary Tumor","NKG7","ENSG00000105374.10",456.8461,"OK"
"TCGA-KIRC","d70aa630-d9c6-49e0-858b-a5a8e268a92b","TCGA-B8-5164-01A-01R-1420-07","TCGA-B8-5164","Primary Tumor","LST1","ENSG00000204482.11",47.0481,"OK"
"TCGA-KIRC","d70aa630-d9c6-49e0-858b-a5a8e268a92b","TCGA-B8-5164-01A-01R-1420-07","TCGA-B8-5164","Primary Tumor","TYROBP","ENSG00000011600.12",545.09,"OK"
"TCGA-KIRC","d70aa630-d9c6-49e0-858b-a5a8e268a92b","TCGA-B8-5164-01A-01R-1420-07","TCGA-B8-5164","Primary Tumor","FCER1G","ENSG00000158869.11",427.8035,"OK"
"TCGA-KIRC","d70aa630-d9c6-49e0-858b-a5a8e268a92b","TCGA-B8-5164-01A-01R-1420-07","TCGA-B8-5164","Primary Tumor","CD68","ENSG00000129226.14",0.0733,"OK"
"TCGA-KIRC","cac6d56b-22df-46a8-b98f-f59fa9257f5e","TCGA-GK-A6C7-01A-11R-A33J-07","TCGA-GK-A6C7","Primary Tumor","PTPRC","ENSG00000081237.20",26.1504,"OK"
"TCGA-KIRC","cac6d56b-22df-46a8-b98f-f59fa9257f5e","TCGA-GK-A6C7-01A-11R-A33J-07","TCGA-GK-A6C7","Primary Tumor","CD3D","ENSG00000167286.10",23.8643,"OK"
"TCGA-KIRC","cac6d56b-22df-46a8-b98f-f59fa9257f5e","TCGA-GK-A6C7-01A-11R-A33J-07","TCGA-GK-A6C7","Primary Tumor","CD3E","ENSG00000198851.10",20.9998,"OK"
"TCGA-KIRC","cac6d56b-22df-46a8-b98f-f59fa9257f5e","TCGA-GK-A6C7-01A-11R-A33J-07","TCGA-GK-A6C7","Primary Tumor","MS4A1","ENSG00000156738.18",0.3834,"OK"
"TCGA-KIRC","cac6d56b-22df-46a8-b98f-f59fa9257f5e","TCGA-GK-A6C7-01A-11R-A33J-07","TCGA-GK-A6C7","Primary Tumor","CD79A","ENSG00000105369.10",3.8874,"OK"
"TCGA-KIRC","cac6d56b-22df-46a8-b98f-f59fa9257f5e","TCGA-GK-A6C7-01A-11R-A33J-07","TCGA-GK-A6C7","Primary Tumor","NKG7","ENSG00000105374.10",121.1855,"OK"
"TCGA-KIRC","cac6d56b-22df-46a8-b98f-f59fa9257f5e","TCGA-GK-A6C7-01A-11R-A33J-07","TCGA-GK-A6C7","Primary Tumor","LST1","ENSG00000204482.11",27.4289,"OK"
"TCGA-KIRC","cac6d56b-22df-46a8-b98f-f59fa9257f5e","TCGA-GK-A6C7-01A-11R-A33J-07","TCGA-GK-A6C7","Primary Tumor","TYROBP","ENSG00000011600.12",252.8806,"OK"
"TCGA-KIRC","cac6d56b-22df-46a8-b98f-f59fa9257f5e","TCGA-GK-A6C7-01A-11R-A33J-07","TCGA-GK-A6C7","Primary Tumor","FCER1G","ENSG00000158869.11",115.1025,"OK"
"TCGA-KIRC","cac6d56b-22df-46a8-b98f-f59fa9257f5e","TCGA-GK-A6C7-01A-11R-A33J-07","TCGA-GK-A6C7","Primary Tumor","CD68","ENSG00000129226.14",0.0302,"OK"
"TCGA-KIRC","f44064f2-9839-4e4f-9510-8a5dd0ee1e56","TCGA-CJ-4638-01A-02R-1325-07","TCGA-CJ-4638","Primary Tumor","PTPRC","ENSG00000081237.20",3.6682,"OK"
"TCGA-KIRC","f44064f2-9839-4e4f-9510-8a5dd0ee1e56","TCGA-CJ-4638-01A-02R-1325-07","TCGA-CJ-4638","Primary Tumor","CD3D","ENSG00000167286.10",11.1954,"OK"
"TCGA-KIRC","f44064f2-9839-4e4f-9510-8a5dd0ee1e56","TCGA-CJ-4638-01A-02R-1325-07","TCGA-CJ-4638","Primary Tumor","CD3E","ENSG00000198851.10",13.538,"OK"
"TCGA-KIRC","f44064f2-9839-4e4f-9510-8a5dd0ee1e56","TCGA-CJ-4638-01A-02R-1325-07","TCGA-CJ-4638","Primary Tumor","MS4A1","ENSG00000156738.18",0.2482,"OK"
"TCGA-KIRC","f44064f2-9839-4e4f-9510-8a5dd0ee1e56","TCGA-CJ-4638-01A-02R-1325-07","TCGA-CJ-4638","Primary Tumor","CD79A","ENSG00000105369.10",3.2429,"OK"
"TCGA-KIRC","f44064f2-9839-4e4f-9510-8a5dd0ee1e56","TCGA-CJ-4638-01A-02R-1325-07","TCGA-CJ-4638","Primary Tumor","NKG7","ENSG00000105374.10",31.1397,"OK"
"TCGA-KIRC","f44064f2-9839-4e4f-9510-8a5dd0ee1e56","TCGA-CJ-4638-01A-02R-1325-07","TCGA-CJ-4638","Primary Tumor","LST1","ENSG00000204482.11",10.521,"OK"
"TCGA-KIRC","f44064f2-9839-4e4f-9510-8a5dd0ee1e56","TCGA-CJ-4638-01A-02R-1325-07","TCGA-CJ-4638","Primary Tumor","TYROBP","ENSG00000011600.12",64.0712,"OK"
"TCGA-KIRC","f44064f2-9839-4e4f-9510-8a5dd0ee1e56","TCGA-CJ-4638-01A-02R-1325-07","TCGA-CJ-4638","Primary Tumor","FCER1G","ENSG00000158869.11",33.937,"OK"
"TCGA-KIRC","f44064f2-9839-4e4f-9510-8a5dd0ee1e56","TCGA-CJ-4638-01A-02R-1325-07","TCGA-CJ-4638","Primary Tumor","CD68","ENSG00000129226.14",0.0498,"OK"
"TCGA-KIRC","bb9e4d64-ffbc-40b6-a3e5-d05aa7a51717","TCGA-CJ-4923-01A-01R-1426-07","TCGA-CJ-4923","Primary Tumor","PTPRC","ENSG00000081237.20",28.5464,"OK"
"TCGA-KIRC","bb9e4d64-ffbc-40b6-a3e5-d05aa7a51717","TCGA-CJ-4923-01A-01R-1426-07","TCGA-CJ-4923","Primary Tumor","CD3D","ENSG00000167286.10",104.0183,"OK"
"TCGA-KIRC","bb9e4d64-ffbc-40b6-a3e5-d05aa7a51717","TCGA-CJ-4923-01A-01R-1426-07","TCGA-CJ-4923","Primary Tumor","CD3E","ENSG00000198851.10",87.2866,"OK"
"TCGA-KIRC","bb9e4d64-ffbc-40b6-a3e5-d05aa7a51717","TCGA-CJ-4923-01A-01R-1426-07","TCGA-CJ-4923","Primary Tumor","MS4A1","ENSG00000156738.18",5.7732,"OK"
"TCGA-KIRC","bb9e4d64-ffbc-40b6-a3e5-d05aa7a51717","TCGA-CJ-4923-01A-01R-1426-07","TCGA-CJ-4923","Primary Tumor","CD79A","ENSG00000105369.10",30.8454,"OK"
"TCGA-KIRC","bb9e4d64-ffbc-40b6-a3e5-d05aa7a51717","TCGA-CJ-4923-01A-01R-1426-07","TCGA-CJ-4923","Primary Tumor","NKG7","ENSG00000105374.10",132.2399,"OK"
"TCGA-KIRC","bb9e4d64-ffbc-40b6-a3e5-d05aa7a51717","TCGA-CJ-4923-01A-01R-1426-07","TCGA-CJ-4923","Primary Tumor","LST1","ENSG00000204482.11",41.2565,"OK"
"TCGA-KIRC","bb9e4d64-ffbc-40b6-a3e5-d05aa7a51717","TCGA-CJ-4923-01A-01R-1426-07","TCGA-CJ-4923","Primary Tumor","TYROBP","ENSG00000011600.12",458.5434,"OK"
"TCGA-KIRC","bb9e4d64-ffbc-40b6-a3e5-d05aa7a51717","TCGA-CJ-4923-01A-01R-1426-07","TCGA-CJ-4923","Primary Tumor","FCER1G","ENSG00000158869.11",170.5786,"OK"
"TCGA-KIRC","bb9e4d64-ffbc-40b6-a3e5-d05aa7a51717","TCGA-CJ-4923-01A-01R-1426-07","TCGA-CJ-4923","Primary Tumor","CD68","ENSG00000129226.14",0.1832,"OK"
"TCGA-KIRC","460999dc-ccec-4f00-bdf5-cf285375fade","TCGA-CJ-4907-01A-01R-1426-07","TCGA-CJ-4907","Primary Tumor","PTPRC","ENSG00000081237.20",19.9786,"OK"
"TCGA-KIRC","460999dc-ccec-4f00-bdf5-cf285375fade","TCGA-CJ-4907-01A-01R-1426-07","TCGA-CJ-4907","Primary Tumor","CD3D","ENSG00000167286.10",14.8016,"OK"
"TCGA-KIRC","460999dc-ccec-4f00-bdf5-cf285375fade","TCGA-CJ-4907-01A-01R-1426-07","TCGA-CJ-4907","Primary Tumor","CD3E","ENSG00000198851.10",12.4495,"OK"
"TCGA-KIRC","460999dc-ccec-4f00-bdf5-cf285375fade","TCGA-CJ-4907-01A-01R-1426-07","TCGA-CJ-4907","Primary Tumor","MS4A1","ENSG00000156738.18",0.1751,"OK"
"TCGA-KIRC","460999dc-ccec-4f00-bdf5-cf285375fade","TCGA-CJ-4907-01A-01R-1426-07","TCGA-CJ-4907","Primary Tumor","CD79A","ENSG00000105369.10",0.8547,"OK"
"TCGA-KIRC","460999dc-ccec-4f00-bdf5-cf285375fade","TCGA-CJ-4907-01A-01R-1426-07","TCGA-CJ-4907","Primary Tumor","NKG7","ENSG00000105374.10",60.32,"OK"
"TCGA-KIRC","460999dc-ccec-4f00-bdf5-cf285375fade","TCGA-CJ-4907-01A-01R-1426-07","TCGA-CJ-4907","Primary Tumor","LST1","ENSG00000204482.11",24.3783,"OK"
"TCGA-KIRC","460999dc-ccec-4f00-bdf5-cf285375fade","TCGA-CJ-4907-01A-01R-1426-07","TCGA-CJ-4907","Primary Tumor","TYROBP","ENSG00000011600.12",275.1119,"OK"
"TCGA-KIRC","460999dc-ccec-4f00-bdf5-cf285375fade","TCGA-CJ-4907-01A-01R-1426-07","TCGA-CJ-4907","Primary Tumor","FCER1G","ENSG00000158869.11",123.0041,"OK"
"TCGA-KIRC","460999dc-ccec-4f00-bdf5-cf285375fade","TCGA-CJ-4907-01A-01R-1426-07","TCGA-CJ-4907","Primary Tumor","CD68","ENSG00000129226.14",0.0241,"OK"
"TCGA-KIRC","900aa358-a422-4edc-a65e-4b99f4b7625a","TCGA-B2-4099-01A-02R-1188-07","TCGA-B2-4099","Primary Tumor","PTPRC","ENSG00000081237.20",31.2855,"OK"
"TCGA-KIRC","900aa358-a422-4edc-a65e-4b99f4b7625a","TCGA-B2-4099-01A-02R-1188-07","TCGA-B2-4099","Primary Tumor","CD3D","ENSG00000167286.10",28.4952,"OK"
"TCGA-KIRC","900aa358-a422-4edc-a65e-4b99f4b7625a","TCGA-B2-4099-01A-02R-1188-07","TCGA-B2-4099","Primary Tumor","CD3E","ENSG00000198851.10",21.5233,"OK"
"TCGA-KIRC","900aa358-a422-4edc-a65e-4b99f4b7625a","TCGA-B2-4099-01A-02R-1188-07","TCGA-B2-4099","Primary Tumor","MS4A1","ENSG00000156738.18",0.462,"OK"
"TCGA-KIRC","900aa358-a422-4edc-a65e-4b99f4b7625a","TCGA-B2-4099-01A-02R-1188-07","TCGA-B2-4099","Primary Tumor","CD79A","ENSG00000105369.10",2.5959,"OK"
"TCGA-KIRC","900aa358-a422-4edc-a65e-4b99f4b7625a","TCGA-B2-4099-01A-02R-1188-07","TCGA-B2-4099","Primary Tumor","NKG7","ENSG00000105374.10",103.0119,"OK"
"TCGA-KIRC","900aa358-a422-4edc-a65e-4b99f4b7625a","TCGA-B2-4099-01A-02R-1188-07","TCGA-B2-4099","Primary Tumor","LST1","ENSG00000204482.11",101.4605,"OK"
"TCGA-KIRC","900aa358-a422-4edc-a65e-4b99f4b7625a","TCGA-B2-4099-01A-02R-1188-07","TCGA-B2-4099","Primary Tumor","TYROBP","ENSG00000011600.12",650.6919,"OK"
"TCGA-KIRC","900aa358-a422-4edc-a65e-4b99f4b7625a","TCGA-B2-4099-01A-02R-1188-07","TCGA-B2-4099","Primary Tumor","FCER1G","ENSG00000158869.11",300.1402,"OK"
"TCGA-KIRC","900aa358-a422-4edc-a65e-4b99f4b7625a","TCGA-B2-4099-01A-02R-1188-07","TCGA-B2-4099","Primary Tumor","CD68","ENSG00000129226.14",0.1981,"OK"
"TCGA-KIRC","09b9e5e0-8901-452c-8c4b-baca1faddddc","TCGA-A3-3352-01A-01R-0864-07","TCGA-A3-3352","Primary Tumor","PTPRC","ENSG00000081237.20",34.7561,"OK"
"TCGA-KIRC","09b9e5e0-8901-452c-8c4b-baca1faddddc","TCGA-A3-3352-01A-01R-0864-07","TCGA-A3-3352","Primary Tumor","CD3D","ENSG00000167286.10",22.7638,"OK"
"TCGA-KIRC","09b9e5e0-8901-452c-8c4b-baca1faddddc","TCGA-A3-3352-01A-01R-0864-07","TCGA-A3-3352","Primary Tumor","CD3E","ENSG00000198851.10",24.7355,"OK"
"TCGA-KIRC","09b9e5e0-8901-452c-8c4b-baca1faddddc","TCGA-A3-3352-01A-01R-0864-07","TCGA-A3-3352","Primary Tumor","MS4A1","ENSG00000156738.18",1.1933,"OK"
"TCGA-KIRC","09b9e5e0-8901-452c-8c4b-baca1faddddc","TCGA-A3-3352-01A-01R-0864-07","TCGA-A3-3352","Primary Tumor","CD79A","ENSG00000105369.10",2.8138,"OK"
"TCGA-KIRC","09b9e5e0-8901-452c-8c4b-baca1faddddc","TCGA-A3-3352-01A-01R-0864-07","TCGA-A3-3352","Primary Tumor","NKG7","ENSG00000105374.10",72.3871,"OK"
"TCGA-KIRC","09b9e5e0-8901-452c-8c4b-baca1faddddc","TCGA-A3-3352-01A-01R-0864-07","TCGA-A3-3352","Primary Tumor","LST1","ENSG00000204482.11",26.2708,"OK"
"TCGA-KIRC","09b9e5e0-8901-452c-8c4b-baca1faddddc","TCGA-A3-3352-01A-01R-0864-07","TCGA-A3-3352","Primary Tumor","TYROBP","ENSG00000011600.12",200.4392,"OK"
"TCGA-KIRC","09b9e5e0-8901-452c-8c4b-baca1faddddc","TCGA-A3-3352-01A-01R-0864-07","TCGA-A3-3352","Primary Tumor","FCER1G","ENSG00000158869.11",135.8089,"OK"
"TCGA-KIRC","09b9e5e0-8901-452c-8c4b-baca1faddddc","TCGA-A3-3352-01A-01R-0864-07","TCGA-A3-3352","Primary Tumor","CD68","ENSG00000129226.14",0.2163,"OK"
"TCGA-KIRC","e35730b8-672e-4fdc-945f-84edaf143298","TCGA-A3-3347-01A-02R-1325-07","TCGA-A3-3347","Primary Tumor","PTPRC","ENSG00000081237.20",73.1901,"OK"
"TCGA-KIRC","e35730b8-672e-4fdc-945f-84edaf143298","TCGA-A3-3347-01A-02R-1325-07","TCGA-A3-3347","Primary Tumor","CD3D","ENSG00000167286.10",44.2727,"OK"
"TCGA-KIRC","e35730b8-672e-4fdc-945f-84edaf143298","TCGA-A3-3347-01A-02R-1325-07","TCGA-A3-3347","Primary Tumor","CD3E","ENSG00000198851.10",40.7732,"OK"
"TCGA-KIRC","e35730b8-672e-4fdc-945f-84edaf143298","TCGA-A3-3347-01A-02R-1325-07","TCGA-A3-3347","Primary Tumor","MS4A1","ENSG00000156738.18",5.1045,"OK"
"TCGA-KIRC","e35730b8-672e-4fdc-945f-84edaf143298","TCGA-A3-3347-01A-02R-1325-07","TCGA-A3-3347","Primary Tumor","CD79A","ENSG00000105369.10",18.9987,"OK"
"TCGA-KIRC","e35730b8-672e-4fdc-945f-84edaf143298","TCGA-A3-3347-01A-02R-1325-07","TCGA-A3-3347","Primary Tumor","NKG7","ENSG00000105374.10",71.3565,"OK"
"TCGA-KIRC","e35730b8-672e-4fdc-945f-84edaf143298","TCGA-A3-3347-01A-02R-1325-07","TCGA-A3-3347","Primary Tumor","LST1","ENSG00000204482.11",38.8131,"OK"
"TCGA-KIRC","e35730b8-672e-4fdc-945f-84edaf143298","TCGA-A3-3347-01A-02R-1325-07","TCGA-A3-3347","Primary Tumor","TYROBP","ENSG00000011600.12",428.7477,"OK"
"TCGA-KIRC","e35730b8-672e-4fdc-945f-84edaf143298","TCGA-A3-3347-01A-02R-1325-07","TCGA-A3-3347","Primary Tumor","FCER1G","ENSG00000158869.11",345.8614,"OK"
"TCGA-KIRC","e35730b8-672e-4fdc-945f-84edaf143298","TCGA-A3-3347-01A-02R-1325-07","TCGA-A3-3347","Primary Tumor","CD68","ENSG00000129226.14",0.7418,"OK"
"TCGA-KIRC","c116495e-d80b-4f43-90ed-7103a83a284c","TCGA-BP-5170-01A-01R-1426-07","TCGA-BP-5170","Primary Tumor","PTPRC","ENSG00000081237.20",10.1951,"OK"
"TCGA-KIRC","c116495e-d80b-4f43-90ed-7103a83a284c","TCGA-BP-5170-01A-01R-1426-07","TCGA-BP-5170","Primary Tumor","CD3D","ENSG00000167286.10",17.9104,"OK"
"TCGA-KIRC","c116495e-d80b-4f43-90ed-7103a83a284c","TCGA-BP-5170-01A-01R-1426-07","TCGA-BP-5170","Primary Tumor","CD3E","ENSG00000198851.10",20.6528,"OK"
"TCGA-KIRC","c116495e-d80b-4f43-90ed-7103a83a284c","TCGA-BP-5170-01A-01R-1426-07","TCGA-BP-5170","Primary Tumor","MS4A1","ENSG00000156738.18",0.58,"OK"
"TCGA-KIRC","c116495e-d80b-4f43-90ed-7103a83a284c","TCGA-BP-5170-01A-01R-1426-07","TCGA-BP-5170","Primary Tumor","CD79A","ENSG00000105369.10",10.4668,"OK"
"TCGA-KIRC","c116495e-d80b-4f43-90ed-7103a83a284c","TCGA-BP-5170-01A-01R-1426-07","TCGA-BP-5170","Primary Tumor","NKG7","ENSG00000105374.10",45.886,"OK"
"TCGA-KIRC","c116495e-d80b-4f43-90ed-7103a83a284c","TCGA-BP-5170-01A-01R-1426-07","TCGA-BP-5170","Primary Tumor","LST1","ENSG00000204482.11",27.3525,"OK"
"TCGA-KIRC","c116495e-d80b-4f43-90ed-7103a83a284c","TCGA-BP-5170-01A-01R-1426-07","TCGA-BP-5170","Primary Tumor","TYROBP","ENSG00000011600.12",391.7686,"OK"
"TCGA-KIRC","c116495e-d80b-4f43-90ed-7103a83a284c","TCGA-BP-5170-01A-01R-1426-07","TCGA-BP-5170","Primary Tumor","FCER1G","ENSG00000158869.11",210.4651,"OK"
"TCGA-KIRC","c116495e-d80b-4f43-90ed-7103a83a284c","TCGA-BP-5170-01A-01R-1426-07","TCGA-BP-5170","Primary Tumor","CD68","ENSG00000129226.14",0.0272,"OK"
"TCGA-KIRC","429ed057-ecc0-41e3-8774-afffe246bcee","TCGA-BP-4173-01A-02R-1289-07","TCGA-BP-4173","Primary Tumor","PTPRC","ENSG00000081237.20",163.3108,"OK"
"TCGA-KIRC","429ed057-ecc0-41e3-8774-afffe246bcee","TCGA-BP-4173-01A-02R-1289-07","TCGA-BP-4173","Primary Tumor","CD3D","ENSG00000167286.10",280.1552,"OK"
"TCGA-KIRC","429ed057-ecc0-41e3-8774-afffe246bcee","TCGA-BP-4173-01A-02R-1289-07","TCGA-BP-4173","Primary Tumor","CD3E","ENSG00000198851.10",221.1902,"OK"
"TCGA-KIRC","429ed057-ecc0-41e3-8774-afffe246bcee","TCGA-BP-4173-01A-02R-1289-07","TCGA-BP-4173","Primary Tumor","MS4A1","ENSG00000156738.18",3.0184,"OK"
"TCGA-KIRC","429ed057-ecc0-41e3-8774-afffe246bcee","TCGA-BP-4173-01A-02R-1289-07","TCGA-BP-4173","Primary Tumor","CD79A","ENSG00000105369.10",12.5774,"OK"
"TCGA-KIRC","429ed057-ecc0-41e3-8774-afffe246bcee","TCGA-BP-4173-01A-02R-1289-07","TCGA-BP-4173","Primary Tumor","NKG7","ENSG00000105374.10",673.2763,"OK"
"TCGA-KIRC","429ed057-ecc0-41e3-8774-afffe246bcee","TCGA-BP-4173-01A-02R-1289-07","TCGA-BP-4173","Primary Tumor","LST1","ENSG00000204482.11",85.0965,"OK"
"TCGA-KIRC","429ed057-ecc0-41e3-8774-afffe246bcee","TCGA-BP-4173-01A-02R-1289-07","TCGA-BP-4173","Primary Tumor","TYROBP","ENSG00000011600.12",1003.1382,"OK"
"TCGA-KIRC","429ed057-ecc0-41e3-8774-afffe246bcee","TCGA-BP-4173-01A-02R-1289-07","TCGA-BP-4173","Primary Tumor","FCER1G","ENSG00000158869.11",540.451,"OK"
"TCGA-KIRC","429ed057-ecc0-41e3-8774-afffe246bcee","TCGA-BP-4173-01A-02R-1289-07","TCGA-BP-4173","Primary Tumor","CD68","ENSG00000129226.14",0.539,"OK"
"TCGA-KIRC","7437d3a0-976d-4151-8f89-b30a4a092a60","TCGA-CJ-6033-11A-01R-1858-07","TCGA-CJ-6033","Solid Tissue Normal","PTPRC","ENSG00000081237.20",2.7838,"OK"
"TCGA-KIRC","7437d3a0-976d-4151-8f89-b30a4a092a60","TCGA-CJ-6033-11A-01R-1858-07","TCGA-CJ-6033","Solid Tissue Normal","CD3D","ENSG00000167286.10",7.2046,"OK"
"TCGA-KIRC","7437d3a0-976d-4151-8f89-b30a4a092a60","TCGA-CJ-6033-11A-01R-1858-07","TCGA-CJ-6033","Solid Tissue Normal","CD3E","ENSG00000198851.10",6.9681,"OK"
"TCGA-KIRC","7437d3a0-976d-4151-8f89-b30a4a092a60","TCGA-CJ-6033-11A-01R-1858-07","TCGA-CJ-6033","Solid Tissue Normal","MS4A1","ENSG00000156738.18",0.1047,"OK"
"TCGA-KIRC","7437d3a0-976d-4151-8f89-b30a4a092a60","TCGA-CJ-6033-11A-01R-1858-07","TCGA-CJ-6033","Solid Tissue Normal","CD79A","ENSG00000105369.10",1.8584,"OK"
"TCGA-KIRC","7437d3a0-976d-4151-8f89-b30a4a092a60","TCGA-CJ-6033-11A-01R-1858-07","TCGA-CJ-6033","Solid Tissue Normal","NKG7","ENSG00000105374.10",30.4229,"OK"
"TCGA-KIRC","7437d3a0-976d-4151-8f89-b30a4a092a60","TCGA-CJ-6033-11A-01R-1858-07","TCGA-CJ-6033","Solid Tissue Normal","LST1","ENSG00000204482.11",4.7383,"OK"
"TCGA-KIRC","7437d3a0-976d-4151-8f89-b30a4a092a60","TCGA-CJ-6033-11A-01R-1858-07","TCGA-CJ-6033","Solid Tissue Normal","TYROBP","ENSG00000011600.12",42.2081,"OK"
"TCGA-KIRC","7437d3a0-976d-4151-8f89-b30a4a092a60","TCGA-CJ-6033-11A-01R-1858-07","TCGA-CJ-6033","Solid Tissue Normal","FCER1G","ENSG00000158869.11",21.9996,"OK"
"TCGA-KIRC","7437d3a0-976d-4151-8f89-b30a4a092a60","TCGA-CJ-6033-11A-01R-1858-07","TCGA-CJ-6033","Solid Tissue Normal","CD68","ENSG00000129226.14",0,"OK"
"TCGA-KIRC","d81180fa-51d8-4499-aed4-bbad365f67e1","TCGA-CJ-6033-01A-11R-1672-07","TCGA-CJ-6033","Primary Tumor","PTPRC","ENSG00000081237.20",10.5834,"OK"
"TCGA-KIRC","d81180fa-51d8-4499-aed4-bbad365f67e1","TCGA-CJ-6033-01A-11R-1672-07","TCGA-CJ-6033","Primary Tumor","CD3D","ENSG00000167286.10",26.7037,"OK"
"TCGA-KIRC","d81180fa-51d8-4499-aed4-bbad365f67e1","TCGA-CJ-6033-01A-11R-1672-07","TCGA-CJ-6033","Primary Tumor","CD3E","ENSG00000198851.10",22.9369,"OK"
"TCGA-KIRC","d81180fa-51d8-4499-aed4-bbad365f67e1","TCGA-CJ-6033-01A-11R-1672-07","TCGA-CJ-6033","Primary Tumor","MS4A1","ENSG00000156738.18",0.0861,"OK"
"TCGA-KIRC","d81180fa-51d8-4499-aed4-bbad365f67e1","TCGA-CJ-6033-01A-11R-1672-07","TCGA-CJ-6033","Primary Tumor","CD79A","ENSG00000105369.10",1.4133,"OK"
"TCGA-KIRC","d81180fa-51d8-4499-aed4-bbad365f67e1","TCGA-CJ-6033-01A-11R-1672-07","TCGA-CJ-6033","Primary Tumor","NKG7","ENSG00000105374.10",76.5887,"OK"
"TCGA-KIRC","d81180fa-51d8-4499-aed4-bbad365f67e1","TCGA-CJ-6033-01A-11R-1672-07","TCGA-CJ-6033","Primary Tumor","LST1","ENSG00000204482.11",29.8439,"OK"
"TCGA-KIRC","d81180fa-51d8-4499-aed4-bbad365f67e1","TCGA-CJ-6033-01A-11R-1672-07","TCGA-CJ-6033","Primary Tumor","TYROBP","ENSG00000011600.12",354.4404,"OK"
"TCGA-KIRC","d81180fa-51d8-4499-aed4-bbad365f67e1","TCGA-CJ-6033-01A-11R-1672-07","TCGA-CJ-6033","Primary Tumor","FCER1G","ENSG00000158869.11",193.6352,"OK"
"TCGA-KIRC","d81180fa-51d8-4499-aed4-bbad365f67e1","TCGA-CJ-6033-01A-11R-1672-07","TCGA-CJ-6033","Primary Tumor","CD68","ENSG00000129226.14",0.0475,"OK"
"TCGA-KIRC","f1525d22-a7b0-48b6-ab6e-737b5ebb1a39","TCGA-BP-4169-01A-02R-1289-07","TCGA-BP-4169","Primary Tumor","PTPRC","ENSG00000081237.20",57.0816,"OK"
"TCGA-KIRC","f1525d22-a7b0-48b6-ab6e-737b5ebb1a39","TCGA-BP-4169-01A-02R-1289-07","TCGA-BP-4169","Primary Tumor","CD3D","ENSG00000167286.10",41.9149,"OK"
"TCGA-KIRC","f1525d22-a7b0-48b6-ab6e-737b5ebb1a39","TCGA-BP-4169-01A-02R-1289-07","TCGA-BP-4169","Primary Tumor","CD3E","ENSG00000198851.10",37.296,"OK"
"TCGA-KIRC","f1525d22-a7b0-48b6-ab6e-737b5ebb1a39","TCGA-BP-4169-01A-02R-1289-07","TCGA-BP-4169","Primary Tumor","MS4A1","ENSG00000156738.18",9.5444,"OK"
"TCGA-KIRC","f1525d22-a7b0-48b6-ab6e-737b5ebb1a39","TCGA-BP-4169-01A-02R-1289-07","TCGA-BP-4169","Primary Tumor","CD79A","ENSG00000105369.10",26.9327,"OK"
"TCGA-KIRC","f1525d22-a7b0-48b6-ab6e-737b5ebb1a39","TCGA-BP-4169-01A-02R-1289-07","TCGA-BP-4169","Primary Tumor","NKG7","ENSG00000105374.10",51.0526,"OK"
"TCGA-KIRC","f1525d22-a7b0-48b6-ab6e-737b5ebb1a39","TCGA-BP-4169-01A-02R-1289-07","TCGA-BP-4169","Primary Tumor","LST1","ENSG00000204482.11",41.2066,"OK"
"TCGA-KIRC","f1525d22-a7b0-48b6-ab6e-737b5ebb1a39","TCGA-BP-4169-01A-02R-1289-07","TCGA-BP-4169","Primary Tumor","TYROBP","ENSG00000011600.12",361.4957,"OK"
"TCGA-KIRC","f1525d22-a7b0-48b6-ab6e-737b5ebb1a39","TCGA-BP-4169-01A-02R-1289-07","TCGA-BP-4169","Primary Tumor","FCER1G","ENSG00000158869.11",263.7643,"OK"
"TCGA-KIRC","f1525d22-a7b0-48b6-ab6e-737b5ebb1a39","TCGA-BP-4169-01A-02R-1289-07","TCGA-BP-4169","Primary Tumor","CD68","ENSG00000129226.14",0.151,"OK"
"TCGA-KIRC","3324e6df-28f9-42d8-8465-0fcc2d618004","TCGA-B2-3924-01B-03R-A277-07","TCGA-B2-3924","Primary Tumor","PTPRC","ENSG00000081237.20",91.1204,"OK"
"TCGA-KIRC","3324e6df-28f9-42d8-8465-0fcc2d618004","TCGA-B2-3924-01B-03R-A277-07","TCGA-B2-3924","Primary Tumor","CD3D","ENSG00000167286.10",31.5223,"OK"
"TCGA-KIRC","3324e6df-28f9-42d8-8465-0fcc2d618004","TCGA-B2-3924-01B-03R-A277-07","TCGA-B2-3924","Primary Tumor","CD3E","ENSG00000198851.10",26.026,"OK"
"TCGA-KIRC","3324e6df-28f9-42d8-8465-0fcc2d618004","TCGA-B2-3924-01B-03R-A277-07","TCGA-B2-3924","Primary Tumor","MS4A1","ENSG00000156738.18",1.2295,"OK"
"TCGA-KIRC","3324e6df-28f9-42d8-8465-0fcc2d618004","TCGA-B2-3924-01B-03R-A277-07","TCGA-B2-3924","Primary Tumor","CD79A","ENSG00000105369.10",1.3576,"OK"
"TCGA-KIRC","3324e6df-28f9-42d8-8465-0fcc2d618004","TCGA-B2-3924-01B-03R-A277-07","TCGA-B2-3924","Primary Tumor","NKG7","ENSG00000105374.10",70.4696,"OK"
"TCGA-KIRC","3324e6df-28f9-42d8-8465-0fcc2d618004","TCGA-B2-3924-01B-03R-A277-07","TCGA-B2-3924","Primary Tumor","LST1","ENSG00000204482.11",11.5414,"OK"
"TCGA-KIRC","3324e6df-28f9-42d8-8465-0fcc2d618004","TCGA-B2-3924-01B-03R-A277-07","TCGA-B2-3924","Primary Tumor","TYROBP","ENSG00000011600.12",65.5224,"OK"
"TCGA-KIRC","3324e6df-28f9-42d8-8465-0fcc2d618004","TCGA-B2-3924-01B-03R-A277-07","TCGA-B2-3924","Primary Tumor","FCER1G","ENSG00000158869.11",89.9035,"OK"
"TCGA-KIRC","3324e6df-28f9-42d8-8465-0fcc2d618004","TCGA-B2-3924-01B-03R-A277-07","TCGA-B2-3924","Primary Tumor","CD68","ENSG00000129226.14",0.0603,"OK"
"TCGA-KIRC","6d0df9bf-69d6-447f-b2d9-76391e95d61d","TCGA-B0-4710-01A-01R-1503-07","TCGA-B0-4710","Primary Tumor","PTPRC","ENSG00000081237.20",30.2169,"OK"
"TCGA-KIRC","6d0df9bf-69d6-447f-b2d9-76391e95d61d","TCGA-B0-4710-01A-01R-1503-07","TCGA-B0-4710","Primary Tumor","CD3D","ENSG00000167286.10",30.921,"OK"
"TCGA-KIRC","6d0df9bf-69d6-447f-b2d9-76391e95d61d","TCGA-B0-4710-01A-01R-1503-07","TCGA-B0-4710","Primary Tumor","CD3E","ENSG00000198851.10",26.3714,"OK"
"TCGA-KIRC","6d0df9bf-69d6-447f-b2d9-76391e95d61d","TCGA-B0-4710-01A-01R-1503-07","TCGA-B0-4710","Primary Tumor","MS4A1","ENSG00000156738.18",6.6381,"OK"
"TCGA-KIRC","6d0df9bf-69d6-447f-b2d9-76391e95d61d","TCGA-B0-4710-01A-01R-1503-07","TCGA-B0-4710","Primary Tumor","CD79A","ENSG00000105369.10",30.2842,"OK"
"TCGA-KIRC","6d0df9bf-69d6-447f-b2d9-76391e95d61d","TCGA-B0-4710-01A-01R-1503-07","TCGA-B0-4710","Primary Tumor","NKG7","ENSG00000105374.10",98.9244,"OK"
"TCGA-KIRC","6d0df9bf-69d6-447f-b2d9-76391e95d61d","TCGA-B0-4710-01A-01R-1503-07","TCGA-B0-4710","Primary Tumor","LST1","ENSG00000204482.11",19.9448,"OK"
"TCGA-KIRC","6d0df9bf-69d6-447f-b2d9-76391e95d61d","TCGA-B0-4710-01A-01R-1503-07","TCGA-B0-4710","Primary Tumor","TYROBP","ENSG00000011600.12",210.4663,"OK"
"TCGA-KIRC","6d0df9bf-69d6-447f-b2d9-76391e95d61d","TCGA-B0-4710-01A-01R-1503-07","TCGA-B0-4710","Primary Tumor","FCER1G","ENSG00000158869.11",78.7808,"OK"
"TCGA-KIRC","6d0df9bf-69d6-447f-b2d9-76391e95d61d","TCGA-B0-4710-01A-01R-1503-07","TCGA-B0-4710","Primary Tumor","CD68","ENSG00000129226.14",0.3085,"OK"
"TCGA-KIRC","3c5c707d-2046-4dcd-a566-bea1eaf24f74","TCGA-A3-3363-01A-01R-0864-07","TCGA-A3-3363","Primary Tumor","PTPRC","ENSG00000081237.20",17.9746,"OK"
"TCGA-KIRC","3c5c707d-2046-4dcd-a566-bea1eaf24f74","TCGA-A3-3363-01A-01R-0864-07","TCGA-A3-3363","Primary Tumor","CD3D","ENSG00000167286.10",10.5619,"OK"
"TCGA-KIRC","3c5c707d-2046-4dcd-a566-bea1eaf24f74","TCGA-A3-3363-01A-01R-0864-07","TCGA-A3-3363","Primary Tumor","CD3E","ENSG00000198851.10",11.1616,"OK"
"TCGA-KIRC","3c5c707d-2046-4dcd-a566-bea1eaf24f74","TCGA-A3-3363-01A-01R-0864-07","TCGA-A3-3363","Primary Tumor","MS4A1","ENSG00000156738.18",0.4391,"OK"
"TCGA-KIRC","3c5c707d-2046-4dcd-a566-bea1eaf24f74","TCGA-A3-3363-01A-01R-0864-07","TCGA-A3-3363","Primary Tumor","CD79A","ENSG00000105369.10",0.6841,"OK"
"TCGA-KIRC","3c5c707d-2046-4dcd-a566-bea1eaf24f74","TCGA-A3-3363-01A-01R-0864-07","TCGA-A3-3363","Primary Tumor","NKG7","ENSG00000105374.10",17.1383,"OK"
"TCGA-KIRC","3c5c707d-2046-4dcd-a566-bea1eaf24f74","TCGA-A3-3363-01A-01R-0864-07","TCGA-A3-3363","Primary Tumor","LST1","ENSG00000204482.11",32.2259,"OK"
"TCGA-KIRC","3c5c707d-2046-4dcd-a566-bea1eaf24f74","TCGA-A3-3363-01A-01R-0864-07","TCGA-A3-3363","Primary Tumor","TYROBP","ENSG00000011600.12",436.3108,"OK"
"TCGA-KIRC","3c5c707d-2046-4dcd-a566-bea1eaf24f74","TCGA-A3-3363-01A-01R-0864-07","TCGA-A3-3363","Primary Tumor","FCER1G","ENSG00000158869.11",259.4913,"OK"
"TCGA-KIRC","3c5c707d-2046-4dcd-a566-bea1eaf24f74","TCGA-A3-3363-01A-01R-0864-07","TCGA-A3-3363","Primary Tumor","CD68","ENSG00000129226.14",0.0945,"OK"
"TCGA-KIRC","e11c27d0-d5a0-4e7f-83e6-83b79f64d962","TCGA-CJ-4890-01A-01R-1305-07","TCGA-CJ-4890","Primary Tumor","PTPRC","ENSG00000081237.20",79.8767,"OK"
"TCGA-KIRC","e11c27d0-d5a0-4e7f-83e6-83b79f64d962","TCGA-CJ-4890-01A-01R-1305-07","TCGA-CJ-4890","Primary Tumor","CD3D","ENSG00000167286.10",102.3827,"OK"
"TCGA-KIRC","e11c27d0-d5a0-4e7f-83e6-83b79f64d962","TCGA-CJ-4890-01A-01R-1305-07","TCGA-CJ-4890","Primary Tumor","CD3E","ENSG00000198851.10",97.2274,"OK"
"TCGA-KIRC","e11c27d0-d5a0-4e7f-83e6-83b79f64d962","TCGA-CJ-4890-01A-01R-1305-07","TCGA-CJ-4890","Primary Tumor","MS4A1","ENSG00000156738.18",5.064,"OK"
"TCGA-KIRC","e11c27d0-d5a0-4e7f-83e6-83b79f64d962","TCGA-CJ-4890-01A-01R-1305-07","TCGA-CJ-4890","Primary Tumor","CD79A","ENSG00000105369.10",59.1708,"OK"
"TCGA-KIRC","e11c27d0-d5a0-4e7f-83e6-83b79f64d962","TCGA-CJ-4890-01A-01R-1305-07","TCGA-CJ-4890","Primary Tumor","NKG7","ENSG00000105374.10",179.6706,"OK"
"TCGA-KIRC","e11c27d0-d5a0-4e7f-83e6-83b79f64d962","TCGA-CJ-4890-01A-01R-1305-07","TCGA-CJ-4890","Primary Tumor","LST1","ENSG00000204482.11",45.7323,"OK"
"TCGA-KIRC","e11c27d0-d5a0-4e7f-83e6-83b79f64d962","TCGA-CJ-4890-01A-01R-1305-07","TCGA-CJ-4890","Primary Tumor","TYROBP","ENSG00000011600.12",706.2925,"OK"
"TCGA-KIRC","e11c27d0-d5a0-4e7f-83e6-83b79f64d962","TCGA-CJ-4890-01A-01R-1305-07","TCGA-CJ-4890","Primary Tumor","FCER1G","ENSG00000158869.11",433.6255,"OK"
"TCGA-KIRC","e11c27d0-d5a0-4e7f-83e6-83b79f64d962","TCGA-CJ-4890-01A-01R-1305-07","TCGA-CJ-4890","Primary Tumor","CD68","ENSG00000129226.14",0.1467,"OK"
"TCGA-KIRC","017de1fe-6f36-4324-a20a-9d9ee3439d8f","TCGA-BP-4983-01A-01R-1334-07","TCGA-BP-4983","Primary Tumor","PTPRC","ENSG00000081237.20",95.8394,"OK"
"TCGA-KIRC","017de1fe-6f36-4324-a20a-9d9ee3439d8f","TCGA-BP-4983-01A-01R-1334-07","TCGA-BP-4983","Primary Tumor","CD3D","ENSG00000167286.10",132.6684,"OK"
"TCGA-KIRC","017de1fe-6f36-4324-a20a-9d9ee3439d8f","TCGA-BP-4983-01A-01R-1334-07","TCGA-BP-4983","Primary Tumor","CD3E","ENSG00000198851.10",119.4751,"OK"
"TCGA-KIRC","017de1fe-6f36-4324-a20a-9d9ee3439d8f","TCGA-BP-4983-01A-01R-1334-07","TCGA-BP-4983","Primary Tumor","MS4A1","ENSG00000156738.18",5.0387,"OK"
"TCGA-KIRC","017de1fe-6f36-4324-a20a-9d9ee3439d8f","TCGA-BP-4983-01A-01R-1334-07","TCGA-BP-4983","Primary Tumor","CD79A","ENSG00000105369.10",70.2698,"OK"
"TCGA-KIRC","017de1fe-6f36-4324-a20a-9d9ee3439d8f","TCGA-BP-4983-01A-01R-1334-07","TCGA-BP-4983","Primary Tumor","NKG7","ENSG00000105374.10",289.6018,"OK"
"TCGA-KIRC","017de1fe-6f36-4324-a20a-9d9ee3439d8f","TCGA-BP-4983-01A-01R-1334-07","TCGA-BP-4983","Primary Tumor","LST1","ENSG00000204482.11",30.583,"OK"
"TCGA-KIRC","017de1fe-6f36-4324-a20a-9d9ee3439d8f","TCGA-BP-4983-01A-01R-1334-07","TCGA-BP-4983","Primary Tumor","TYROBP","ENSG00000011600.12",576.9286,"OK"
"TCGA-KIRC","017de1fe-6f36-4324-a20a-9d9ee3439d8f","TCGA-BP-4983-01A-01R-1334-07","TCGA-BP-4983","Primary Tumor","FCER1G","ENSG00000158869.11",384.4814,"OK"
"TCGA-KIRC","017de1fe-6f36-4324-a20a-9d9ee3439d8f","TCGA-BP-4983-01A-01R-1334-07","TCGA-BP-4983","Primary Tumor","CD68","ENSG00000129226.14",1.0143,"OK"
"TCGA-KIRC","915bec49-700e-44fc-af01-e96ab507aab3","TCGA-B0-5085-01A-01R-1334-07","TCGA-B0-5085","Primary Tumor","PTPRC","ENSG00000081237.20",3.1868,"OK"
"TCGA-KIRC","915bec49-700e-44fc-af01-e96ab507aab3","TCGA-B0-5085-01A-01R-1334-07","TCGA-B0-5085","Primary Tumor","CD3D","ENSG00000167286.10",12.1112,"OK"
"TCGA-KIRC","915bec49-700e-44fc-af01-e96ab507aab3","TCGA-B0-5085-01A-01R-1334-07","TCGA-B0-5085","Primary Tumor","CD3E","ENSG00000198851.10",10.456,"OK"
"TCGA-KIRC","915bec49-700e-44fc-af01-e96ab507aab3","TCGA-B0-5085-01A-01R-1334-07","TCGA-B0-5085","Primary Tumor","MS4A1","ENSG00000156738.18",0.1446,"OK"
"TCGA-KIRC","915bec49-700e-44fc-af01-e96ab507aab3","TCGA-B0-5085-01A-01R-1334-07","TCGA-B0-5085","Primary Tumor","CD79A","ENSG00000105369.10",0.8726,"OK"
"TCGA-KIRC","915bec49-700e-44fc-af01-e96ab507aab3","TCGA-B0-5085-01A-01R-1334-07","TCGA-B0-5085","Primary Tumor","NKG7","ENSG00000105374.10",52.4721,"OK"
"TCGA-KIRC","915bec49-700e-44fc-af01-e96ab507aab3","TCGA-B0-5085-01A-01R-1334-07","TCGA-B0-5085","Primary Tumor","LST1","ENSG00000204482.11",14.5781,"OK"
"TCGA-KIRC","915bec49-700e-44fc-af01-e96ab507aab3","TCGA-B0-5085-01A-01R-1334-07","TCGA-B0-5085","Primary Tumor","TYROBP","ENSG00000011600.12",139.4994,"OK"
"TCGA-KIRC","915bec49-700e-44fc-af01-e96ab507aab3","TCGA-B0-5085-01A-01R-1334-07","TCGA-B0-5085","Primary Tumor","FCER1G","ENSG00000158869.11",44.3705,"OK"
"TCGA-KIRC","915bec49-700e-44fc-af01-e96ab507aab3","TCGA-B0-5085-01A-01R-1334-07","TCGA-B0-5085","Primary Tumor","CD68","ENSG00000129226.14",0.2073,"OK"
"TCGA-KIRC","8af84f63-5974-4e14-b818-73eb8678eaab","TCGA-CJ-4878-01A-01R-1305-07","TCGA-CJ-4878","Primary Tumor","PTPRC","ENSG00000081237.20",8.0508,"OK"
"TCGA-KIRC","8af84f63-5974-4e14-b818-73eb8678eaab","TCGA-CJ-4878-01A-01R-1305-07","TCGA-CJ-4878","Primary Tumor","CD3D","ENSG00000167286.10",6.0303,"OK"
"TCGA-KIRC","8af84f63-5974-4e14-b818-73eb8678eaab","TCGA-CJ-4878-01A-01R-1305-07","TCGA-CJ-4878","Primary Tumor","CD3E","ENSG00000198851.10",5.3482,"OK"
"TCGA-KIRC","8af84f63-5974-4e14-b818-73eb8678eaab","TCGA-CJ-4878-01A-01R-1305-07","TCGA-CJ-4878","Primary Tumor","MS4A1","ENSG00000156738.18",0.3241,"OK"
"TCGA-KIRC","8af84f63-5974-4e14-b818-73eb8678eaab","TCGA-CJ-4878-01A-01R-1305-07","TCGA-CJ-4878","Primary Tumor","CD79A","ENSG00000105369.10",1.2651,"OK"
"TCGA-KIRC","8af84f63-5974-4e14-b818-73eb8678eaab","TCGA-CJ-4878-01A-01R-1305-07","TCGA-CJ-4878","Primary Tumor","NKG7","ENSG00000105374.10",13.7624,"OK"
"TCGA-KIRC","8af84f63-5974-4e14-b818-73eb8678eaab","TCGA-CJ-4878-01A-01R-1305-07","TCGA-CJ-4878","Primary Tumor","LST1","ENSG00000204482.11",14.1971,"OK"
"TCGA-KIRC","8af84f63-5974-4e14-b818-73eb8678eaab","TCGA-CJ-4878-01A-01R-1305-07","TCGA-CJ-4878","Primary Tumor","TYROBP","ENSG00000011600.12",118.8715,"OK"
"TCGA-KIRC","8af84f63-5974-4e14-b818-73eb8678eaab","TCGA-CJ-4878-01A-01R-1305-07","TCGA-CJ-4878","Primary Tumor","FCER1G","ENSG00000158869.11",95.5674,"OK"
"TCGA-KIRC","8af84f63-5974-4e14-b818-73eb8678eaab","TCGA-CJ-4878-01A-01R-1305-07","TCGA-CJ-4878","Primary Tumor","CD68","ENSG00000129226.14",0.0715,"OK"
"TCGA-KIRC","7e479a5b-d557-4838-b415-3ceb31d1a139","TCGA-B8-A54F-01A-11R-A266-07","TCGA-B8-A54F","Primary Tumor","PTPRC","ENSG00000081237.20",32.6015,"OK"
"TCGA-KIRC","7e479a5b-d557-4838-b415-3ceb31d1a139","TCGA-B8-A54F-01A-11R-A266-07","TCGA-B8-A54F","Primary Tumor","CD3D","ENSG00000167286.10",15.391,"OK"
"TCGA-KIRC","7e479a5b-d557-4838-b415-3ceb31d1a139","TCGA-B8-A54F-01A-11R-A266-07","TCGA-B8-A54F","Primary Tumor","CD3E","ENSG00000198851.10",13.3535,"OK"
"TCGA-KIRC","7e479a5b-d557-4838-b415-3ceb31d1a139","TCGA-B8-A54F-01A-11R-A266-07","TCGA-B8-A54F","Primary Tumor","MS4A1","ENSG00000156738.18",0.5293,"OK"
"TCGA-KIRC","7e479a5b-d557-4838-b415-3ceb31d1a139","TCGA-B8-A54F-01A-11R-A266-07","TCGA-B8-A54F","Primary Tumor","CD79A","ENSG00000105369.10",4.227,"OK"
"TCGA-KIRC","7e479a5b-d557-4838-b415-3ceb31d1a139","TCGA-B8-A54F-01A-11R-A266-07","TCGA-B8-A54F","Primary Tumor","NKG7","ENSG00000105374.10",26.2159,"OK"
"TCGA-KIRC","7e479a5b-d557-4838-b415-3ceb31d1a139","TCGA-B8-A54F-01A-11R-A266-07","TCGA-B8-A54F","Primary Tumor","LST1","ENSG00000204482.11",39.7117,"OK"
"TCGA-KIRC","7e479a5b-d557-4838-b415-3ceb31d1a139","TCGA-B8-A54F-01A-11R-A266-07","TCGA-B8-A54F","Primary Tumor","TYROBP","ENSG00000011600.12",430.104,"OK"
"TCGA-KIRC","7e479a5b-d557-4838-b415-3ceb31d1a139","TCGA-B8-A54F-01A-11R-A266-07","TCGA-B8-A54F","Primary Tumor","FCER1G","ENSG00000158869.11",243.9167,"OK"
"TCGA-KIRC","7e479a5b-d557-4838-b415-3ceb31d1a139","TCGA-B8-A54F-01A-11R-A266-07","TCGA-B8-A54F","Primary Tumor","CD68","ENSG00000129226.14",0.073,"OK"
"TCGA-KIRC","85746e9c-d9b1-419f-8f17-3b7927cc3c2b","TCGA-CW-5587-01A-01R-1541-07","TCGA-CW-5587","Primary Tumor","PTPRC","ENSG00000081237.20",98.9273,"OK"
"TCGA-KIRC","85746e9c-d9b1-419f-8f17-3b7927cc3c2b","TCGA-CW-5587-01A-01R-1541-07","TCGA-CW-5587","Primary Tumor","CD3D","ENSG00000167286.10",126.0886,"OK"
"TCGA-KIRC","85746e9c-d9b1-419f-8f17-3b7927cc3c2b","TCGA-CW-5587-01A-01R-1541-07","TCGA-CW-5587","Primary Tumor","CD3E","ENSG00000198851.10",102.3799,"OK"
"TCGA-KIRC","85746e9c-d9b1-419f-8f17-3b7927cc3c2b","TCGA-CW-5587-01A-01R-1541-07","TCGA-CW-5587","Primary Tumor","MS4A1","ENSG00000156738.18",0.593,"OK"
"TCGA-KIRC","85746e9c-d9b1-419f-8f17-3b7927cc3c2b","TCGA-CW-5587-01A-01R-1541-07","TCGA-CW-5587","Primary Tumor","CD79A","ENSG00000105369.10",6.0456,"OK"
"TCGA-KIRC","85746e9c-d9b1-419f-8f17-3b7927cc3c2b","TCGA-CW-5587-01A-01R-1541-07","TCGA-CW-5587","Primary Tumor","NKG7","ENSG00000105374.10",342.5003,"OK"
"TCGA-KIRC","85746e9c-d9b1-419f-8f17-3b7927cc3c2b","TCGA-CW-5587-01A-01R-1541-07","TCGA-CW-5587","Primary Tumor","LST1","ENSG00000204482.11",53.459,"OK"
"TCGA-KIRC","85746e9c-d9b1-419f-8f17-3b7927cc3c2b","TCGA-CW-5587-01A-01R-1541-07","TCGA-CW-5587","Primary Tumor","TYROBP","ENSG00000011600.12",640.2307,"OK"
"TCGA-KIRC","85746e9c-d9b1-419f-8f17-3b7927cc3c2b","TCGA-CW-5587-01A-01R-1541-07","TCGA-CW-5587","Primary Tumor","FCER1G","ENSG00000158869.11",322.4778,"OK"
"TCGA-KIRC","85746e9c-d9b1-419f-8f17-3b7927cc3c2b","TCGA-CW-5587-01A-01R-1541-07","TCGA-CW-5587","Primary Tumor","CD68","ENSG00000129226.14",0.3339,"OK"
"TCGA-KIRC","0af91fa3-3ad9-4ba3-9e29-8bd565871d69","TCGA-CJ-5678-01A-11R-1541-07","TCGA-CJ-5678","Primary Tumor","PTPRC","ENSG00000081237.20",29.907,"OK"
"TCGA-KIRC","0af91fa3-3ad9-4ba3-9e29-8bd565871d69","TCGA-CJ-5678-01A-11R-1541-07","TCGA-CJ-5678","Primary Tumor","CD3D","ENSG00000167286.10",178.2377,"OK"
"TCGA-KIRC","0af91fa3-3ad9-4ba3-9e29-8bd565871d69","TCGA-CJ-5678-01A-11R-1541-07","TCGA-CJ-5678","Primary Tumor","CD3E","ENSG00000198851.10",85.9632,"OK"
"TCGA-KIRC","0af91fa3-3ad9-4ba3-9e29-8bd565871d69","TCGA-CJ-5678-01A-11R-1541-07","TCGA-CJ-5678","Primary Tumor","MS4A1","ENSG00000156738.18",1.624,"OK"
"TCGA-KIRC","0af91fa3-3ad9-4ba3-9e29-8bd565871d69","TCGA-CJ-5678-01A-11R-1541-07","TCGA-CJ-5678","Primary Tumor","CD79A","ENSG00000105369.10",37.4639,"OK"
"TCGA-KIRC","0af91fa3-3ad9-4ba3-9e29-8bd565871d69","TCGA-CJ-5678-01A-11R-1541-07","TCGA-CJ-5678","Primary Tumor","NKG7","ENSG00000105374.10",362.7961,"OK"
"TCGA-KIRC","0af91fa3-3ad9-4ba3-9e29-8bd565871d69","TCGA-CJ-5678-01A-11R-1541-07","TCGA-CJ-5678","Primary Tumor","LST1","ENSG00000204482.11",67.997,"OK"
"TCGA-KIRC","0af91fa3-3ad9-4ba3-9e29-8bd565871d69","TCGA-CJ-5678-01A-11R-1541-07","TCGA-CJ-5678","Primary Tumor","TYROBP","ENSG00000011600.12",685.6119,"OK"
"TCGA-KIRC","0af91fa3-3ad9-4ba3-9e29-8bd565871d69","TCGA-CJ-5678-01A-11R-1541-07","TCGA-CJ-5678","Primary Tumor","FCER1G","ENSG00000158869.11",414.017,"OK"
"TCGA-KIRC","0af91fa3-3ad9-4ba3-9e29-8bd565871d69","TCGA-CJ-5678-01A-11R-1541-07","TCGA-CJ-5678","Primary Tumor","CD68","ENSG00000129226.14",0.0267,"OK"
"TCGA-KIRC","e673a5b6-c070-4068-b667-c7e81adfb4cf","TCGA-CZ-5464-01A-01R-1503-07","TCGA-CZ-5464","Primary Tumor","PTPRC","ENSG00000081237.20",47.4254,"OK"
"TCGA-KIRC","e673a5b6-c070-4068-b667-c7e81adfb4cf","TCGA-CZ-5464-01A-01R-1503-07","TCGA-CZ-5464","Primary Tumor","CD3D","ENSG00000167286.10",66.1122,"OK"
"TCGA-KIRC","e673a5b6-c070-4068-b667-c7e81adfb4cf","TCGA-CZ-5464-01A-01R-1503-07","TCGA-CZ-5464","Primary Tumor","CD3E","ENSG00000198851.10",42.3384,"OK"
"TCGA-KIRC","e673a5b6-c070-4068-b667-c7e81adfb4cf","TCGA-CZ-5464-01A-01R-1503-07","TCGA-CZ-5464","Primary Tumor","MS4A1","ENSG00000156738.18",1.8939,"OK"
"TCGA-KIRC","e673a5b6-c070-4068-b667-c7e81adfb4cf","TCGA-CZ-5464-01A-01R-1503-07","TCGA-CZ-5464","Primary Tumor","CD79A","ENSG00000105369.10",10.5495,"OK"
"TCGA-KIRC","e673a5b6-c070-4068-b667-c7e81adfb4cf","TCGA-CZ-5464-01A-01R-1503-07","TCGA-CZ-5464","Primary Tumor","NKG7","ENSG00000105374.10",160.7212,"OK"
"TCGA-KIRC","e673a5b6-c070-4068-b667-c7e81adfb4cf","TCGA-CZ-5464-01A-01R-1503-07","TCGA-CZ-5464","Primary Tumor","LST1","ENSG00000204482.11",40.6878,"OK"
"TCGA-KIRC","e673a5b6-c070-4068-b667-c7e81adfb4cf","TCGA-CZ-5464-01A-01R-1503-07","TCGA-CZ-5464","Primary Tumor","TYROBP","ENSG00000011600.12",474.4649,"OK"
"TCGA-KIRC","e673a5b6-c070-4068-b667-c7e81adfb4cf","TCGA-CZ-5464-01A-01R-1503-07","TCGA-CZ-5464","Primary Tumor","FCER1G","ENSG00000158869.11",315.3407,"OK"
"TCGA-KIRC","e673a5b6-c070-4068-b667-c7e81adfb4cf","TCGA-CZ-5464-01A-01R-1503-07","TCGA-CZ-5464","Primary Tumor","CD68","ENSG00000129226.14",0.1686,"OK"
"TCGA-KIRC","134f1661-5f67-4184-bab4-bc9c6f80c789","TCGA-B0-5702-01A-11R-1541-07","TCGA-B0-5702","Primary Tumor","PTPRC","ENSG00000081237.20",1.4064,"OK"
"TCGA-KIRC","134f1661-5f67-4184-bab4-bc9c6f80c789","TCGA-B0-5702-01A-11R-1541-07","TCGA-B0-5702","Primary Tumor","CD3D","ENSG00000167286.10",72.768,"OK"
"TCGA-KIRC","134f1661-5f67-4184-bab4-bc9c6f80c789","TCGA-B0-5702-01A-11R-1541-07","TCGA-B0-5702","Primary Tumor","CD3E","ENSG00000198851.10",10.5225,"OK"
"TCGA-KIRC","134f1661-5f67-4184-bab4-bc9c6f80c789","TCGA-B0-5702-01A-11R-1541-07","TCGA-B0-5702","Primary Tumor","MS4A1","ENSG00000156738.18",0.2162,"OK"
"TCGA-KIRC","134f1661-5f67-4184-bab4-bc9c6f80c789","TCGA-B0-5702-01A-11R-1541-07","TCGA-B0-5702","Primary Tumor","CD79A","ENSG00000105369.10",4.6049,"OK"
"TCGA-KIRC","134f1661-5f67-4184-bab4-bc9c6f80c789","TCGA-B0-5702-01A-11R-1541-07","TCGA-B0-5702","Primary Tumor","NKG7","ENSG00000105374.10",199.2151,"OK"
"TCGA-KIRC","134f1661-5f67-4184-bab4-bc9c6f80c789","TCGA-B0-5702-01A-11R-1541-07","TCGA-B0-5702","Primary Tumor","LST1","ENSG00000204482.11",110.7353,"OK"
"TCGA-KIRC","134f1661-5f67-4184-bab4-bc9c6f80c789","TCGA-B0-5702-01A-11R-1541-07","TCGA-B0-5702","Primary Tumor","TYROBP","ENSG00000011600.12",344.1632,"OK"
"TCGA-KIRC","134f1661-5f67-4184-bab4-bc9c6f80c789","TCGA-B0-5702-01A-11R-1541-07","TCGA-B0-5702","Primary Tumor","FCER1G","ENSG00000158869.11",80.1174,"OK"
"TCGA-KIRC","134f1661-5f67-4184-bab4-bc9c6f80c789","TCGA-B0-5702-01A-11R-1541-07","TCGA-B0-5702","Primary Tumor","CD68","ENSG00000129226.14",0,"OK"
"TCGA-KIRC","17a7a252-7530-4f12-8cd8-50a049a1e653","TCGA-CW-5588-01A-01R-1541-07","TCGA-CW-5588","Primary Tumor","PTPRC","ENSG00000081237.20",37.7934,"OK"
"TCGA-KIRC","17a7a252-7530-4f12-8cd8-50a049a1e653","TCGA-CW-5588-01A-01R-1541-07","TCGA-CW-5588","Primary Tumor","CD3D","ENSG00000167286.10",24.0363,"OK"
"TCGA-KIRC","17a7a252-7530-4f12-8cd8-50a049a1e653","TCGA-CW-5588-01A-01R-1541-07","TCGA-CW-5588","Primary Tumor","CD3E","ENSG00000198851.10",19.4092,"OK"
"TCGA-KIRC","17a7a252-7530-4f12-8cd8-50a049a1e653","TCGA-CW-5588-01A-01R-1541-07","TCGA-CW-5588","Primary Tumor","MS4A1","ENSG00000156738.18",0.9306,"OK"
"TCGA-KIRC","17a7a252-7530-4f12-8cd8-50a049a1e653","TCGA-CW-5588-01A-01R-1541-07","TCGA-CW-5588","Primary Tumor","CD79A","ENSG00000105369.10",4.8801,"OK"
"TCGA-KIRC","17a7a252-7530-4f12-8cd8-50a049a1e653","TCGA-CW-5588-01A-01R-1541-07","TCGA-CW-5588","Primary Tumor","NKG7","ENSG00000105374.10",39.2036,"OK"
"TCGA-KIRC","17a7a252-7530-4f12-8cd8-50a049a1e653","TCGA-CW-5588-01A-01R-1541-07","TCGA-CW-5588","Primary Tumor","LST1","ENSG00000204482.11",29.6544,"OK"
"TCGA-KIRC","17a7a252-7530-4f12-8cd8-50a049a1e653","TCGA-CW-5588-01A-01R-1541-07","TCGA-CW-5588","Primary Tumor","TYROBP","ENSG00000011600.12",409.4091,"OK"
"TCGA-KIRC","17a7a252-7530-4f12-8cd8-50a049a1e653","TCGA-CW-5588-01A-01R-1541-07","TCGA-CW-5588","Primary Tumor","FCER1G","ENSG00000158869.11",191.6729,"OK"
"TCGA-KIRC","17a7a252-7530-4f12-8cd8-50a049a1e653","TCGA-CW-5588-01A-01R-1541-07","TCGA-CW-5588","Primary Tumor","CD68","ENSG00000129226.14",0.1225,"OK"
"TCGA-KIRC","9998fd9d-b7a9-4a9d-b572-19a30a6ff775","TCGA-B8-4154-01A-01R-1188-07","TCGA-B8-4154","Primary Tumor","PTPRC","ENSG00000081237.20",27.7797,"OK"
"TCGA-KIRC","9998fd9d-b7a9-4a9d-b572-19a30a6ff775","TCGA-B8-4154-01A-01R-1188-07","TCGA-B8-4154","Primary Tumor","CD3D","ENSG00000167286.10",45.465,"OK"
"TCGA-KIRC","9998fd9d-b7a9-4a9d-b572-19a30a6ff775","TCGA-B8-4154-01A-01R-1188-07","TCGA-B8-4154","Primary Tumor","CD3E","ENSG00000198851.10",23.7785,"OK"
"TCGA-KIRC","9998fd9d-b7a9-4a9d-b572-19a30a6ff775","TCGA-B8-4154-01A-01R-1188-07","TCGA-B8-4154","Primary Tumor","MS4A1","ENSG00000156738.18",0.4149,"OK"
"TCGA-KIRC","9998fd9d-b7a9-4a9d-b572-19a30a6ff775","TCGA-B8-4154-01A-01R-1188-07","TCGA-B8-4154","Primary Tumor","CD79A","ENSG00000105369.10",2.0766,"OK"
"TCGA-KIRC","9998fd9d-b7a9-4a9d-b572-19a30a6ff775","TCGA-B8-4154-01A-01R-1188-07","TCGA-B8-4154","Primary Tumor","NKG7","ENSG00000105374.10",155.9785,"OK"
"TCGA-KIRC","9998fd9d-b7a9-4a9d-b572-19a30a6ff775","TCGA-B8-4154-01A-01R-1188-07","TCGA-B8-4154","Primary Tumor","LST1","ENSG00000204482.11",56.3278,"OK"
"TCGA-KIRC","9998fd9d-b7a9-4a9d-b572-19a30a6ff775","TCGA-B8-4154-01A-01R-1188-07","TCGA-B8-4154","Primary Tumor","TYROBP","ENSG00000011600.12",377.8105,"OK"
"TCGA-KIRC","9998fd9d-b7a9-4a9d-b572-19a30a6ff775","TCGA-B8-4154-01A-01R-1188-07","TCGA-B8-4154","Primary Tumor","FCER1G","ENSG00000158869.11",192.2376,"OK"
"TCGA-KIRC","9998fd9d-b7a9-4a9d-b572-19a30a6ff775","TCGA-B8-4154-01A-01R-1188-07","TCGA-B8-4154","Primary Tumor","CD68","ENSG00000129226.14",0.0469,"OK"
"TCGA-KIRC","c876a9c8-43b4-47ed-ba9d-727439ab8ef5","TCGA-BP-5176-01A-01R-1426-07","TCGA-BP-5176","Primary Tumor","PTPRC","ENSG00000081237.20",9.9523,"OK"
"TCGA-KIRC","c876a9c8-43b4-47ed-ba9d-727439ab8ef5","TCGA-BP-5176-01A-01R-1426-07","TCGA-BP-5176","Primary Tumor","CD3D","ENSG00000167286.10",23.6779,"OK"
"TCGA-KIRC","c876a9c8-43b4-47ed-ba9d-727439ab8ef5","TCGA-BP-5176-01A-01R-1426-07","TCGA-BP-5176","Primary Tumor","CD3E","ENSG00000198851.10",22.7856,"OK"
"TCGA-KIRC","c876a9c8-43b4-47ed-ba9d-727439ab8ef5","TCGA-BP-5176-01A-01R-1426-07","TCGA-BP-5176","Primary Tumor","MS4A1","ENSG00000156738.18",0.2196,"OK"
"TCGA-KIRC","c876a9c8-43b4-47ed-ba9d-727439ab8ef5","TCGA-BP-5176-01A-01R-1426-07","TCGA-BP-5176","Primary Tumor","CD79A","ENSG00000105369.10",4.5859,"OK"
"TCGA-KIRC","c876a9c8-43b4-47ed-ba9d-727439ab8ef5","TCGA-BP-5176-01A-01R-1426-07","TCGA-BP-5176","Primary Tumor","NKG7","ENSG00000105374.10",77.5496,"OK"
"TCGA-KIRC","c876a9c8-43b4-47ed-ba9d-727439ab8ef5","TCGA-BP-5176-01A-01R-1426-07","TCGA-BP-5176","Primary Tumor","LST1","ENSG00000204482.11",18.526,"OK"
"TCGA-KIRC","c876a9c8-43b4-47ed-ba9d-727439ab8ef5","TCGA-BP-5176-01A-01R-1426-07","TCGA-BP-5176","Primary Tumor","TYROBP","ENSG00000011600.12",179.6561,"OK"
"TCGA-KIRC","c876a9c8-43b4-47ed-ba9d-727439ab8ef5","TCGA-BP-5176-01A-01R-1426-07","TCGA-BP-5176","Primary Tumor","FCER1G","ENSG00000158869.11",90.764,"OK"
"TCGA-KIRC","c876a9c8-43b4-47ed-ba9d-727439ab8ef5","TCGA-BP-5176-01A-01R-1426-07","TCGA-BP-5176","Primary Tumor","CD68","ENSG00000129226.14",0.149,"OK"
"TCGA-KIRC","f478aca9-1fb9-4ef3-9c03-1bd592b2b1f7","TCGA-B0-5701-01A-11R-1541-07","TCGA-B0-5701","Primary Tumor","PTPRC","ENSG00000081237.20",28.541,"OK"
"TCGA-KIRC","f478aca9-1fb9-4ef3-9c03-1bd592b2b1f7","TCGA-B0-5701-01A-11R-1541-07","TCGA-B0-5701","Primary Tumor","CD3D","ENSG00000167286.10",39.184,"OK"
"TCGA-KIRC","f478aca9-1fb9-4ef3-9c03-1bd592b2b1f7","TCGA-B0-5701-01A-11R-1541-07","TCGA-B0-5701","Primary Tumor","CD3E","ENSG00000198851.10",30.9647,"OK"
"TCGA-KIRC","f478aca9-1fb9-4ef3-9c03-1bd592b2b1f7","TCGA-B0-5701-01A-11R-1541-07","TCGA-B0-5701","Primary Tumor","MS4A1","ENSG00000156738.18",0.0683,"OK"
"TCGA-KIRC","f478aca9-1fb9-4ef3-9c03-1bd592b2b1f7","TCGA-B0-5701-01A-11R-1541-07","TCGA-B0-5701","Primary Tumor","CD79A","ENSG00000105369.10",8.1803,"OK"
"TCGA-KIRC","f478aca9-1fb9-4ef3-9c03-1bd592b2b1f7","TCGA-B0-5701-01A-11R-1541-07","TCGA-B0-5701","Primary Tumor","NKG7","ENSG00000105374.10",59.1562,"OK"
"TCGA-KIRC","f478aca9-1fb9-4ef3-9c03-1bd592b2b1f7","TCGA-B0-5701-01A-11R-1541-07","TCGA-B0-5701","Primary Tumor","LST1","ENSG00000204482.11",16.0665,"OK"
"TCGA-KIRC","f478aca9-1fb9-4ef3-9c03-1bd592b2b1f7","TCGA-B0-5701-01A-11R-1541-07","TCGA-B0-5701","Primary Tumor","TYROBP","ENSG00000011600.12",245.7544,"OK"
"TCGA-KIRC","f478aca9-1fb9-4ef3-9c03-1bd592b2b1f7","TCGA-B0-5701-01A-11R-1541-07","TCGA-B0-5701","Primary Tumor","FCER1G","ENSG00000158869.11",116.4142,"OK"
"TCGA-KIRC","f478aca9-1fb9-4ef3-9c03-1bd592b2b1f7","TCGA-B0-5701-01A-11R-1541-07","TCGA-B0-5701","Primary Tumor","CD68","ENSG00000129226.14",0.2259,"OK"
"TCGA-KIRC","977c19ab-f472-4956-869f-e640960f1351","TCGA-AK-3428-01A-02R-1277-07","TCGA-AK-3428","Primary Tumor","PTPRC","ENSG00000081237.20",18.9836,"OK"
"TCGA-KIRC","977c19ab-f472-4956-869f-e640960f1351","TCGA-AK-3428-01A-02R-1277-07","TCGA-AK-3428","Primary Tumor","CD3D","ENSG00000167286.10",7.9523,"OK"
"TCGA-KIRC","977c19ab-f472-4956-869f-e640960f1351","TCGA-AK-3428-01A-02R-1277-07","TCGA-AK-3428","Primary Tumor","CD3E","ENSG00000198851.10",7.4515,"OK"
"TCGA-KIRC","977c19ab-f472-4956-869f-e640960f1351","TCGA-AK-3428-01A-02R-1277-07","TCGA-AK-3428","Primary Tumor","MS4A1","ENSG00000156738.18",0.1538,"OK"
"TCGA-KIRC","977c19ab-f472-4956-869f-e640960f1351","TCGA-AK-3428-01A-02R-1277-07","TCGA-AK-3428","Primary Tumor","CD79A","ENSG00000105369.10",2.184,"OK"
"TCGA-KIRC","977c19ab-f472-4956-869f-e640960f1351","TCGA-AK-3428-01A-02R-1277-07","TCGA-AK-3428","Primary Tumor","NKG7","ENSG00000105374.10",40.3703,"OK"
"TCGA-KIRC","977c19ab-f472-4956-869f-e640960f1351","TCGA-AK-3428-01A-02R-1277-07","TCGA-AK-3428","Primary Tumor","LST1","ENSG00000204482.11",42.0913,"OK"
"TCGA-KIRC","977c19ab-f472-4956-869f-e640960f1351","TCGA-AK-3428-01A-02R-1277-07","TCGA-AK-3428","Primary Tumor","TYROBP","ENSG00000011600.12",319.1826,"OK"
"TCGA-KIRC","977c19ab-f472-4956-869f-e640960f1351","TCGA-AK-3428-01A-02R-1277-07","TCGA-AK-3428","Primary Tumor","FCER1G","ENSG00000158869.11",120.6568,"OK"
"TCGA-KIRC","977c19ab-f472-4956-869f-e640960f1351","TCGA-AK-3428-01A-02R-1277-07","TCGA-AK-3428","Primary Tumor","CD68","ENSG00000129226.14",0.1696,"OK"
"TCGA-KIRC","9315dffd-edea-4710-92a8-810998e08cb1","TCGA-BP-5198-01A-01R-1426-07","TCGA-BP-5198","Primary Tumor","PTPRC","ENSG00000081237.20",31.8009,"OK"
"TCGA-KIRC","9315dffd-edea-4710-92a8-810998e08cb1","TCGA-BP-5198-01A-01R-1426-07","TCGA-BP-5198","Primary Tumor","CD3D","ENSG00000167286.10",35.383,"OK"
"TCGA-KIRC","9315dffd-edea-4710-92a8-810998e08cb1","TCGA-BP-5198-01A-01R-1426-07","TCGA-BP-5198","Primary Tumor","CD3E","ENSG00000198851.10",34.7109,"OK"
"TCGA-KIRC","9315dffd-edea-4710-92a8-810998e08cb1","TCGA-BP-5198-01A-01R-1426-07","TCGA-BP-5198","Primary Tumor","MS4A1","ENSG00000156738.18",0.9852,"OK"
"TCGA-KIRC","9315dffd-edea-4710-92a8-810998e08cb1","TCGA-BP-5198-01A-01R-1426-07","TCGA-BP-5198","Primary Tumor","CD79A","ENSG00000105369.10",36.5742,"OK"
"TCGA-KIRC","9315dffd-edea-4710-92a8-810998e08cb1","TCGA-BP-5198-01A-01R-1426-07","TCGA-BP-5198","Primary Tumor","NKG7","ENSG00000105374.10",34.799,"OK"
"TCGA-KIRC","9315dffd-edea-4710-92a8-810998e08cb1","TCGA-BP-5198-01A-01R-1426-07","TCGA-BP-5198","Primary Tumor","LST1","ENSG00000204482.11",18.1095,"OK"
"TCGA-KIRC","9315dffd-edea-4710-92a8-810998e08cb1","TCGA-BP-5198-01A-01R-1426-07","TCGA-BP-5198","Primary Tumor","TYROBP","ENSG00000011600.12",392.2729,"OK"
"TCGA-KIRC","9315dffd-edea-4710-92a8-810998e08cb1","TCGA-BP-5198-01A-01R-1426-07","TCGA-BP-5198","Primary Tumor","FCER1G","ENSG00000158869.11",270.4592,"OK"
"TCGA-KIRC","9315dffd-edea-4710-92a8-810998e08cb1","TCGA-BP-5198-01A-01R-1426-07","TCGA-BP-5198","Primary Tumor","CD68","ENSG00000129226.14",0.0869,"OK"
"TCGA-KIRC","02c1c266-473f-437d-b768-20f685349ecb","TCGA-A3-3387-11A-01R-1541-07","TCGA-A3-3387","Solid Tissue Normal","PTPRC","ENSG00000081237.20",3.5214,"OK"
"TCGA-KIRC","02c1c266-473f-437d-b768-20f685349ecb","TCGA-A3-3387-11A-01R-1541-07","TCGA-A3-3387","Solid Tissue Normal","CD3D","ENSG00000167286.10",2.0333,"OK"
"TCGA-KIRC","02c1c266-473f-437d-b768-20f685349ecb","TCGA-A3-3387-11A-01R-1541-07","TCGA-A3-3387","Solid Tissue Normal","CD3E","ENSG00000198851.10",1.5393,"OK"
"TCGA-KIRC","02c1c266-473f-437d-b768-20f685349ecb","TCGA-A3-3387-11A-01R-1541-07","TCGA-A3-3387","Solid Tissue Normal","MS4A1","ENSG00000156738.18",0.2603,"OK"
"TCGA-KIRC","02c1c266-473f-437d-b768-20f685349ecb","TCGA-A3-3387-11A-01R-1541-07","TCGA-A3-3387","Solid Tissue Normal","CD79A","ENSG00000105369.10",0.8554,"OK"
"TCGA-KIRC","02c1c266-473f-437d-b768-20f685349ecb","TCGA-A3-3387-11A-01R-1541-07","TCGA-A3-3387","Solid Tissue Normal","NKG7","ENSG00000105374.10",3.3455,"OK"
"TCGA-KIRC","02c1c266-473f-437d-b768-20f685349ecb","TCGA-A3-3387-11A-01R-1541-07","TCGA-A3-3387","Solid Tissue Normal","LST1","ENSG00000204482.11",3.9113,"OK"
"TCGA-KIRC","02c1c266-473f-437d-b768-20f685349ecb","TCGA-A3-3387-11A-01R-1541-07","TCGA-A3-3387","Solid Tissue Normal","TYROBP","ENSG00000011600.12",42.0841,"OK"
"TCGA-KIRC","02c1c266-473f-437d-b768-20f685349ecb","TCGA-A3-3387-11A-01R-1541-07","TCGA-A3-3387","Solid Tissue Normal","FCER1G","ENSG00000158869.11",13.2622,"OK"
"TCGA-KIRC","02c1c266-473f-437d-b768-20f685349ecb","TCGA-A3-3387-11A-01R-1541-07","TCGA-A3-3387","Solid Tissue Normal","CD68","ENSG00000129226.14",0.0213,"OK"
"TCGA-KIRC","577d7013-8d37-427c-82b0-24e46b891a34","TCGA-B8-5159-01A-01R-1420-07","TCGA-B8-5159","Primary Tumor","PTPRC","ENSG00000081237.20",34.45,"OK"
"TCGA-KIRC","577d7013-8d37-427c-82b0-24e46b891a34","TCGA-B8-5159-01A-01R-1420-07","TCGA-B8-5159","Primary Tumor","CD3D","ENSG00000167286.10",43.3017,"OK"
"TCGA-KIRC","577d7013-8d37-427c-82b0-24e46b891a34","TCGA-B8-5159-01A-01R-1420-07","TCGA-B8-5159","Primary Tumor","CD3E","ENSG00000198851.10",43.2256,"OK"
"TCGA-KIRC","577d7013-8d37-427c-82b0-24e46b891a34","TCGA-B8-5159-01A-01R-1420-07","TCGA-B8-5159","Primary Tumor","MS4A1","ENSG00000156738.18",0.6222,"OK"
"TCGA-KIRC","577d7013-8d37-427c-82b0-24e46b891a34","TCGA-B8-5159-01A-01R-1420-07","TCGA-B8-5159","Primary Tumor","CD79A","ENSG00000105369.10",2.6572,"OK"
"TCGA-KIRC","577d7013-8d37-427c-82b0-24e46b891a34","TCGA-B8-5159-01A-01R-1420-07","TCGA-B8-5159","Primary Tumor","NKG7","ENSG00000105374.10",117.7503,"OK"
"TCGA-KIRC","577d7013-8d37-427c-82b0-24e46b891a34","TCGA-B8-5159-01A-01R-1420-07","TCGA-B8-5159","Primary Tumor","LST1","ENSG00000204482.11",17.5313,"OK"
"TCGA-KIRC","577d7013-8d37-427c-82b0-24e46b891a34","TCGA-B8-5159-01A-01R-1420-07","TCGA-B8-5159","Primary Tumor","TYROBP","ENSG00000011600.12",200.5367,"OK"
"TCGA-KIRC","577d7013-8d37-427c-82b0-24e46b891a34","TCGA-B8-5159-01A-01R-1420-07","TCGA-B8-5159","Primary Tumor","FCER1G","ENSG00000158869.11",112.1849,"OK"
"TCGA-KIRC","577d7013-8d37-427c-82b0-24e46b891a34","TCGA-B8-5159-01A-01R-1420-07","TCGA-B8-5159","Primary Tumor","CD68","ENSG00000129226.14",0.0465,"OK"
